node,Moccasin PH,Moccasin PH,Kirkwood PH,Kirkwood PH,Don Pedro PH,Don Pedro PH,Dion R Holm PH,Dion R Holm PH
IFRs,Baseline,natural_flow,Baseline,natural_flow,Baseline,natural_flow,Baseline,natural_flow
Date,,,,,,,,
1990-10-01,2.128184584765539,2.128184584765539,2.1374609955436283,2.1374609955436283,0.0,0.0,108.70588775649881,108.70588775649881
1990-10-02,2.128185935010203,2.1281859350102033,2.137462462218254,2.1374624622182545,0.0,0.0,23.446367947480134,23.446367947480134
1990-10-03,2.128187284794479,2.128187284794479,2.137463928423129,2.137463928423129,0.0,0.0,10.945546388482487,10.945546388482487
1990-10-04,2.128188634722763,2.128188634722763,2.137465394736899,2.137465394736899,0.0,0.0,8.94367302884927,8.94367302884927
1990-10-05,2.128189983998649,2.128189983998649,2.137466860379544,2.137466860379544,0.0,0.0,8.021514838866784,8.021514838866784
1990-10-06,2.1281913329145166,2.1281913329145166,2.137468325617694,2.137468325617694,0.0,0.0,7.2716425473969455,7.2716425473969455
1990-10-07,2.128192681854385,2.128192681854385,2.1374697908798446,2.1374697908798446,0.0,0.0,6.601183404752321,6.601183404752321
1990-10-08,2.0741484989526335,2.0741484989526335,2.0834257242465357,2.0834257242465357,0.0,0.0,5.9954531317281665,5.9954531317281665
1990-10-09,2.0741498471964657,2.0741498471964657,2.083427188714334,2.083427188714334,0.0,0.0,5.4470833609720755,5.4470833609720755
1990-10-10,2.0741511949013614,2.0741511949013614,2.0834286526338324,2.0834286526338324,0.0,0.0,4.950791837860903,4.950791837860903
1990-10-11,2.0741525425124334,2.0741525425124334,2.0834301164595073,2.0834301164595073,0.0,0.0,4.501857601188246,4.501857601188246
1990-10-12,2.074153889671846,2.074153889671846,2.0834315797796825,2.0834315797796825,0.0,0.0,4.0958028197133425,4.0958028197133425
1990-10-13,2.074155236678523,2.074155236678523,2.0834330429471226,2.0834330429471226,0.0,0.0,3.72809289237403,3.72809289237403
1990-10-14,2.0741565835564666,2.0741565835564666,2.0834345059413524,2.0834345059413524,0.0,0.0,3.394784223064544,3.394784223064544
1990-10-15,2.117990112699665,2.117990112699665,2.12726815118211,2.12726815118211,0.0,0.0,3.0931020682070987,3.0931020682070987
1990-10-16,2.1179914588750264,2.1179914588750264,2.127269613419918,2.127269613419918,0.0,0.0,2.8202176590378767,2.8202176590378767
1990-10-17,2.117992804686005,2.117992804686005,2.1272710752839794,2.1272710752839794,0.0,0.0,2.572975695122318,2.572975695122318
1990-10-18,2.117878970906983,2.117878970906983,2.1271014861085225,2.1271014861085225,0.0,0.0,2.3493400049253363,2.3493400049253363
1990-10-19,2.117995495079535,2.117995495079535,2.127273997675996,2.127273997675996,0.0,0.0,2.2405678281875843,2.2405678281875843
1990-10-20,2.1179968397166347,2.1179968397166347,2.1272754582584983,2.1272754582584983,0.0,0.0,2.0948556048868814,2.0948556048868814
1990-10-21,2.1179981841704523,2.1179981841704523,2.1272769186132425,2.1272769186132425,0.0,0.0,1.9242097680933339,1.9242097680933339
1990-10-22,2.0120363494189077,2.0120363494189077,2.021315199797738,2.021315199797738,0.0,0.0,1.7630538493205081,1.7630538493205081
1990-10-23,2.012037693301059,2.012037693301059,2.0213166595269763,2.0213166595269763,0.0,0.0,1.6326573044258592,1.6326573044258592
1990-10-24,2.012039037102479,2.012039037102479,2.021318119219959,2.021318119219959,0.0,0.0,1.4994851484559144,1.4994851484559144
1990-10-25,2.0120403803453244,2.0120403803453244,2.0213195782560516,2.0213195782560516,0.0,0.0,1.3775791164390816,1.3775791164390816
1990-10-26,2.0120417231976044,2.0120417231976044,2.0213210369366914,2.0213210369366914,0.0,0.0,1.2667562506489782,1.2667562506489782
1990-10-27,2.0120430657727786,2.0120430657727786,2.0213224952512725,2.0213224952512725,0.0,0.0,1.1664659338428542,1.1664659338428542
1990-10-28,2.01204440831086,2.01204440831086,2.0213239535732375,2.0213239535732375,0.0,0.0,1.0755252183147699,1.0755252183147699
1990-10-29,1.755861519109991,1.755861519109991,1.7651411800579355,1.7651411800579355,0.0,0.0,0.9930520775395261,0.9930520775395261
1990-10-30,1.7530836837305181,1.7530836837305181,1.7621328636372615,1.7621328636372615,0.0,0.0,0.9184360988853425,0.9184360988853425
1990-10-31,1.7554634321857099,1.7554634321857099,1.7646341062033157,1.7646341062033157,0.0,0.0,0.8873073316832871,0.8873073316832871
1990-11-01,1.7452067174095844,1.7452067174095844,1.7537570891830583,1.7537570891830583,0.0,0.0,1.7746146593914371,1.7746146593914371
1990-11-02,1.7554153931906873,1.7554153931906873,1.764655327658992,1.764655327658992,0.0,0.0,3.5492293108326005,3.5492293108326005
1990-11-03,1.7554337041394428,1.7554337041394428,1.7646768682575,1.7646768682575,0.0,0.0,7.098458605764653,7.098458605764653
1990-11-04,1.7554351424523131,1.7554351424523131,1.7646784305596201,1.7646784305596201,0.0,0.0,14.19691717972821,14.19691717972821
1990-11-05,1.407758095962313,1.407758095962313,1.417001508096556,1.417001508096556,0.0,0.0,0.0,0.0
1990-11-06,1.407759533717831,1.407759533717831,1.417003069831274,1.417003069831274,0.0,0.0,0.0,0.0
1990-11-07,1.4077609712625858,1.4077609712625858,1.4170046313074938,1.4170046313074938,0.0,0.0,0.0,0.0
1990-11-08,1.4077624083296099,1.4077624083296099,1.417006192295933,1.417006192295933,0.0,0.0,0.0,0.0
1990-11-09,1.4077638451179582,1.4077638451179582,1.4170077529579612,1.4170077529579612,0.0,0.0,0.0,0.0
1990-11-10,1.4077652815526922,1.4077652815526922,1.4170093132563253,1.4170093132563253,0.0,0.0,0.0,0.0
1990-11-11,1.4077667177555864,1.4077667177555864,1.417010873275114,1.417010873275114,0.0,0.0,0.0,0.0
1990-11-12,1.5758624229692284,1.5758624229692284,1.5851067022946013,1.5851067022946013,0.0,0.0,0.0,0.0
1990-11-13,1.575863858453185,1.575863858453185,1.5851082615366672,1.5851082615366672,0.0,0.0,0.0,0.0
1990-11-14,1.5758652935296658,1.5758652935296658,1.585109820361208,1.585109820361208,0.0,0.0,0.0,0.0
1990-11-15,1.5758667285827281,1.5758667285827281,1.5851113791623301,1.5851113791623301,0.0,0.0,0.0,0.0
1990-11-16,1.5758681629262206,1.5758681629262206,1.5851129371960972,1.5851129371960972,0.0,0.0,0.0,0.0
1990-11-17,1.575869597192433,1.575869597192433,1.5851144951048493,1.5851144951048493,0.0,0.0,0.0,0.0
1990-11-18,1.5758710308474315,1.5758710308474315,1.5851160523923373,1.5851160523923373,0.0,0.0,0.0,0.0
1990-11-19,1.393772102547787,1.393772102547787,1.4006308080075422,1.4006308080075422,0.0,0.0,0.0,0.0
1990-11-20,1.4201090573884205,1.4201090573884205,1.429348505281012,1.429348505281012,0.0,0.0,0.0,0.0
1990-11-21,1.4201221983360164,1.4201221983360164,1.429367590625135,1.429367590625135,0.0,0.0,0.0,0.0
1990-11-22,1.4201236306093437,1.4201236306093437,1.4293691463676463,1.4293691463676463,0.0,0.0,0.0,0.0
1990-11-23,1.420125062917798,1.420125062917798,1.4293707021930202,1.4293707021930202,0.0,0.0,0.0,0.0
1990-11-24,1.4201264946993437,1.4201264946993437,1.4293722574337002,1.4293722574337002,0.0,0.0,0.0,0.0
1990-11-25,1.3692194880951822,1.3692194880951822,1.3748822013451292,1.3748822013451292,0.0,0.0,0.0,0.0
1990-11-26,1.4836673456412208,1.4836673456412208,1.4913532452197813,1.4913532452197813,0.0,0.0,0.8226407763669117,0.8226407763669117
1990-11-27,1.5005606907688511,1.5005606907688511,1.5098068236695696,1.5098068236695696,0.0,0.0,1.6452815490483927,1.6452815490483927
1990-11-28,1.5002692873851355,1.5002692873851355,1.5094871535281438,1.5094871535281438,0.0,0.0,3.2905630907259242,3.2905630907259242
1990-11-29,1.500563546721041,1.500563546721041,1.509809926125483,1.509809926125483,0.0,0.0,6.581126166710125,6.581126166710125
1990-11-30,1.500564972917356,1.500564972917356,1.5098114754819574,1.5098114754819574,0.0,0.0,13.162252303936803,13.162252303936803
1990-12-01,1.5002212715387435,1.5002212715387435,1.5094384515982657,1.5094384515982657,0.0,0.0,26.324504548906713,26.324504548906713
1990-12-02,1.5002227737723905,1.5002227737723905,1.5094400835912811,1.5094400835912811,0.0,0.0,52.649008979879646,52.649008979879646
1990-12-03,1.4231987578039056,1.4231987578039056,1.4324161973106282,1.4324161973106282,0.0,0.0,0.0,0.0
1990-12-04,1.423200258617525,1.423200258617525,1.4324178278120796,1.4324178278120796,0.0,0.0,0.0,0.0
1990-12-05,1.4232017585173877,1.4232017585173877,1.4324194572884954,1.4324194572884954,0.0,0.0,0.0,0.0
1990-12-06,1.4232032579356757,1.4232032579356757,1.432421086272738,1.432421086272738,0.0,0.0,0.0,0.0
1990-12-07,1.4232047570798367,1.4232047570798367,1.4324227149828541,1.4324227149828541,0.0,0.0,0.0,0.0
1990-12-08,1.4232062557300749,1.4232062557300749,1.4324243431381087,1.4324243431381087,0.0,0.0,0.0,0.0
1990-12-09,1.4232077537357444,1.4232077537357444,1.432425970587856,1.432425970587856,0.0,0.0,0.0,0.0
1990-12-10,1.4274690466381226,1.4274690466381226,1.4365600440192317,1.4365600440192317,0.0,0.0,0.0,0.0
1990-12-11,1.429135062602329,1.429135062602329,1.4383475985005265,1.4383475985005265,0.0,0.0,0.0,0.0
1990-12-12,1.4291700164960115,1.4291700164960115,1.4383886215584794,1.4383886215584794,0.0,0.0,0.0,0.0
1990-12-13,1.4291715125926696,1.4291715125926696,1.4383902469667402,1.4383902469667402,0.0,0.0,0.0,0.0
1990-12-14,1.428644030270095,1.428644030270095,1.4378278601397283,1.4378278601397283,0.0,0.0,0.0,0.0
1990-12-15,1.3921713597964827,1.3921713597964827,1.3977615002100348,1.3977615002100348,0.0,0.0,0.0,0.0
1990-12-16,1.4090962129148163,1.4090962129148163,1.4167094906718831,1.4167094906718831,0.0,0.0,0.0,0.0
1990-12-17,1.4353735922652675,1.4353735922652675,1.4442640327105374,1.4442640327105374,0.0,0.0,0.0,0.0
1990-12-18,1.4042133952052163,1.4042133952052163,1.4100931755498014,1.4100931755498014,0.0,0.0,0.0,0.0
1990-12-19,1.3927324487236896,1.3927324487236896,1.3973883116366805,1.3973883116366805,0.0,0.0,0.0,0.0
1990-12-20,1.435435529696853,1.435435529696853,1.444604770350411,1.444604770350411,0.0,0.0,0.0,0.0
1990-12-21,1.4380944782266947,1.4380944782266947,1.447314231956981,1.447314231956981,0.0,0.0,0.0,0.0
1990-12-22,1.438121217304989,1.438121217304989,1.447341089187175,1.447341089187175,0.0,0.0,0.0,0.0
1990-12-23,1.4381225046254806,1.4381225046254806,1.447342492269715,1.447342492269715,0.0,0.0,0.0,0.0
1990-12-24,1.425331797445472,1.425331797445472,1.4331656278331903,1.4331656278331903,0.0,0.0,0.0,0.0
1990-12-25,1.422884318807986,1.422884318807986,1.4300024750446596,1.4300024750446596,0.0,0.0,0.0,0.0
1990-12-26,1.4382345015040652,1.4382345015040652,1.447406309400695,1.447406309400695,0.0,0.0,0.0,0.0
1990-12-27,1.4398294981524271,1.4398294981524271,1.4490499189637707,1.4490499189637707,0.0,0.0,0.0,0.0
1990-12-28,1.4398305023070612,1.4398305023070612,1.449051020389578,1.449051020389578,0.0,0.0,0.0,0.0
1990-12-29,1.439831452547568,1.439831452547568,1.4490520644516056,1.4490520644516056,0.0,0.0,0.0,0.0
1990-12-30,1.439832358698069,1.439832358698069,1.449053061554217,1.449053061554217,0.0,0.0,0.0,0.0
1990-12-31,1.4266409932178994,1.4266409932178994,1.4358617844322952,1.4358617844322952,0.0,0.0,0.0,0.0
1991-01-01,1.4286741989154912,1.4286741989154912,1.4380684289680508,1.4380684289680508,0.0,0.0,0.0,0.0
1991-01-02,1.4286747678860316,1.4286747678860316,1.4380690570125987,1.4380690570125987,0.0,0.0,0.0,0.0
1991-01-03,1.4003855331306378,1.4003855331306378,1.407164987347528,1.407164987347528,0.0,0.0,0.0,0.0
1991-01-04,1.4248168275701327,1.4248168275701327,1.4338457207810018,1.4338457207810018,0.0,0.0,0.0,0.0
1991-01-05,1.4284310516820935,1.4284310516820935,1.4378255040433863,1.4378255040433863,0.0,0.0,0.0,0.0
1991-01-06,1.4286593755274402,1.4286593755274402,1.4380453737161765,1.4380453737161765,0.0,0.0,0.0,0.0
1991-01-07,1.4115619429615172,1.4115619429615172,1.4204315491231618,1.4204315491231618,0.0,0.0,0.0,0.0
1991-01-08,1.4138145254713077,1.4138145254713077,1.423209097446581,1.423209097446581,0.0,0.0,0.0,0.0
1991-01-09,1.4131722845098351,1.4131722845098351,1.4224106644145618,1.4224106644145618,0.0,0.0,0.0,0.0
1991-01-10,1.4142079376805923,1.4142079376805923,1.4236025701462383,1.4236025701462383,0.0,0.0,0.0,0.0
1991-01-11,1.4142079337764968,1.4142079337764968,1.4236025924623532,1.4236025924623532,0.0,0.0,0.0,0.0
1991-01-12,1.4142079171395707,1.4142079171395707,1.4236026006274352,1.4236026006274352,0.0,0.0,0.0,0.0
1991-01-13,1.4142046771119314,1.4142046771119314,1.4235993849682602,1.4235993849682602,0.0,0.0,0.0,0.0
1991-01-14,1.0071367857281663,1.0071367857281663,1.016517761768371,1.016517761768371,0.0,0.0,0.0,0.0
1991-01-15,1.0073772091854778,1.0073772091854778,1.0167719657456684,1.0167719657456684,0.0,0.0,0.0,0.0
1991-01-16,1.0073772256083635,1.0073772256083635,1.0167720069044284,1.0167720069044284,0.0,0.0,0.0,0.0
1991-01-17,1.0073772602161148,1.0073772602161148,1.0167720669406217,1.0167720669406217,0.0,0.0,0.0,0.0
1991-01-18,1.0073773205566494,1.0073773205566494,1.0167721540488075,1.0167721540488075,0.0,0.0,0.0,0.0
1991-01-19,1.0073774165254796,1.0073774165254796,1.0167722788427849,1.0167722788427849,0.0,0.0,0.0,0.0
1991-01-20,1.0073775462065164,1.0073775462065164,1.0167724393146118,1.0167724393146118,0.0,0.0,0.0,0.0
1991-01-21,1.416761781550429,1.416761781550429,1.4261567073231052,1.4261567073231052,0.0,0.0,0.0,0.0
1991-01-22,1.4167619669316065,1.4167619669316065,1.4261569267356284,1.4261569267356284,0.0,0.0,0.0,0.0
1991-01-23,1.41676217502503,1.41676217502503,1.4261571701775624,1.4261571701775624,0.0,0.0,0.0,0.0
1991-01-24,1.416762408137199,1.416762408137199,1.4261574400895112,1.4261574400895112,0.0,0.0,0.0,0.0
1991-01-25,1.4167626685694743,1.4167626685694743,1.426157738976748,1.426157738976748,0.0,0.0,0.0,0.0
1991-01-26,1.4167629571865787,1.4167629571865787,1.4261580677535959,1.4261580677535959,0.0,0.0,0.0,0.0
1991-01-27,1.4167632744268672,1.4167632744268672,1.4261584269355663,1.4261584269355663,0.0,0.0,0.0,0.0
1991-01-28,1.3478236584209144,1.3478236584209144,1.3572188543997206,1.3572188543997206,0.0,0.0,0.0,0.0
1991-01-29,1.3478240193220037,1.3478240193220037,1.357219259981533,1.357219259981533,0.0,0.0,0.0,0.0
1991-01-30,1.347824397402825,1.347824397402825,1.3572196837295727,1.3572196837295727,0.0,0.0,0.0,0.0
1991-01-31,1.347824798675343,1.347824798675343,1.357220132043423,1.357220132043423,0.0,0.0,0.0,0.0
1991-02-01,1.336122387988599,1.336122387988599,1.3444592265496758,1.3444592265496758,0.0,0.0,0.0,0.0
1991-02-02,1.3452401271823398,1.3452401271823398,1.3543459848633221,1.3543459848633221,0.0,0.0,0.0,0.0
1991-02-03,1.347551861011723,1.347551861011723,1.3568869756243327,1.3568869756243327,0.0,0.0,0.0,0.0
1991-02-04,4.404185670561896,4.404185670561896,5.429063500372865,5.429063500372865,0.0,0.0,0.0,0.0
1991-02-05,4.39843141529912,4.39843141529912,5.429063500372865,5.429063500372865,0.0,0.0,0.0,0.0
1991-02-06,4.3949629455644175,4.3949629455644175,5.429063500372865,5.429063500372865,0.0,0.0,0.0,0.0
1991-02-07,4.394963248319925,4.394963248319925,5.429063500372865,5.429063500372865,0.0,0.0,0.0,0.0
1991-02-08,4.394963595419673,4.394963595419673,5.429063500372865,5.429063500372865,0.0,0.0,0.0,0.0
1991-02-09,4.394963946770158,4.394963946770158,5.429063500372866,5.429063500372866,0.0,0.0,0.0,0.0
1991-02-10,4.394964286738975,4.394964286738975,5.429063500372865,5.429063500372865,0.0,0.0,0.0,0.0
1991-02-11,4.394964608462347,4.394964608462347,5.429063500922077,5.429063500922077,0.0,0.0,0.0,0.0
1991-02-12,4.3949649071678785,4.3949649071678785,5.429063500922077,5.429063500922077,0.0,0.0,0.0,0.0
1991-02-13,4.394965183149595,4.394965183149595,5.429063500922077,5.429063500922077,0.0,0.0,0.0,0.0
1991-02-14,4.394965435157094,4.394965435157094,5.429063500922077,5.429063500922077,0.0,0.0,0.0,0.0
1991-02-15,4.394965661078445,4.394965661078445,5.429063500922077,5.429063500922077,0.0,0.0,0.0,0.0
1991-02-16,4.394965861323071,4.394965861323071,5.429063500922077,5.429063500922077,0.0,0.0,0.0,0.0
1991-02-17,4.395280085917273,4.395280085917273,5.4290635009220765,5.4290635009220765,0.0,0.0,0.0,0.0
1991-02-18,4.395019978440931,4.395019978440931,5.429063501497264,5.429063501497264,0.0,0.0,0.0,0.0
1991-02-19,4.3949663570120645,4.3949663570120645,5.429063501497264,5.429063501497264,0.0,0.0,0.0,0.0
1991-02-20,4.394966496974955,4.394966496974955,5.429063501497264,5.429063501497264,0.0,0.0,0.0,0.0
1991-02-21,4.394966620081912,4.394966620081912,5.429063501497264,5.429063501497264,0.0,0.0,0.0,0.0
1991-02-22,4.394966725812857,4.394966725812857,5.429063501497264,5.429063501497264,0.0,0.0,0.0,0.0
1991-02-23,4.394966815505137,4.394966815505137,5.429063501497264,5.429063501497264,0.0,0.0,0.0,0.0
1991-02-24,4.394966892078465,4.394966892078465,5.429063501497264,5.429063501497264,0.0,0.0,0.0,0.0
1991-02-25,4.394966955507547,4.394966955507547,5.429063502101008,5.429063502101008,0.0,0.0,0.0,0.0
1991-02-26,4.394967005890393,4.394967005890393,5.429063502101007,5.429063502101007,0.0,0.0,0.0,0.0
1991-02-27,4.404568906369442,4.404568906369442,5.429063502101008,5.429063502101008,0.0,0.0,0.0,0.0
1991-02-28,4.404642382112863,4.404642382112863,5.429063502101008,5.429063502101008,0.0,0.0,0.0,0.0
1991-03-01,4.435761495929247,4.435761495929248,5.429063502101007,5.429063502101008,0.0,0.0,0.0,0.0
1991-03-02,4.424808741416046,4.424808741416046,5.429063502101008,5.429063502101008,0.0,0.0,0.0,0.0
1991-03-03,4.467065632377276,4.467065632377276,5.429063502101008,5.429063502101008,0.0,0.0,0.0,0.0
1991-03-04,4.477772555472412,4.477772555472412,5.429063502736289,5.429063502736289,0.0,0.0,0.0,0.0
1991-03-05,4.408912231299144,4.408912231299144,5.429063502736289,5.429063502736289,0.0,0.0,0.0,0.0
1991-03-06,4.395146639291347,4.395146639291347,5.429063502736289,5.429063502736289,0.0,0.0,0.0,0.0
1991-03-07,4.395158029899144,4.395158029899144,5.429063502736289,5.429063502736289,0.0,0.0,0.0,0.0
1991-03-08,4.395163729253145,4.395163729253145,5.429063502736289,5.429063502736289,0.0,0.0,0.0,0.0
1991-03-09,4.395166556741711,4.395166556741711,5.429063502736289,5.429063502736289,0.0,0.0,0.0,0.0
1991-03-10,4.4068384103688185,4.4068384103688185,5.429063502736289,5.429063502736289,0.0,0.0,0.0,0.0
1991-03-11,4.400941543721763,4.400941543721763,5.429063503406585,5.429063503406585,0.0,0.0,0.0,0.0
1991-03-12,4.411221177346823,4.411221177346823,5.429063503406585,5.429063503406585,0.0,0.0,0.0,0.0
1991-03-13,4.405561390501614,4.405561390501614,5.429063503406585,5.429063503406585,0.0,0.0,0.0,0.0
1991-03-14,4.405480360394177,4.405480360394177,5.429063503406585,5.429063503406585,0.0,0.0,0.0,0.0
1991-03-15,4.399949880808494,4.399949880808494,5.429063503406585,5.429063503406585,0.0,0.0,0.0,0.0
1991-03-16,4.39550324280922,4.39550324280922,5.429063503406585,5.429063503406585,0.0,0.0,0.0,0.0
1991-03-17,4.417816595319846,4.417816595319846,5.429063503406585,5.429063503406585,0.0,0.0,0.0,0.0
1991-03-18,4.4396345905674615,4.4396345905674615,5.429063504115982,5.429063504115982,0.0,0.0,0.0,0.0
1991-03-19,4.420959953012936,4.420959953012936,5.429063504115982,5.429063504115982,0.0,0.0,0.0,0.0
1991-03-20,4.401823624098898,4.401823624098898,5.429063504115982,5.429063504115982,0.0,0.0,0.0,0.0
1991-03-21,4.396271922353731,4.396271922353731,5.429063504115982,5.429063504115982,0.0,0.0,0.0,0.0
1991-03-22,4.395563598693012,4.395563598693012,5.429063504115982,5.429063504115982,0.0,0.0,0.0,0.0
1991-03-23,4.404519261953213,4.404519261953213,5.429063504115982,5.429063504115982,0.0,0.0,0.0,0.0
1991-03-24,4.446083621957353,4.446083621957353,5.429063504115982,5.429063504115982,0.0,0.0,0.0,0.0
1991-03-25,4.4387510293762364,4.4387510293762364,5.429063504869324,5.429063504869324,0.0,0.0,0.0,0.0
1991-03-26,4.409011387742061,4.409011387742061,5.429063504869324,5.429063504869324,0.0,0.0,0.0,0.0
1991-03-27,4.406711942306898,4.406711942306898,5.429063504869324,5.429063504869324,0.0,0.0,0.0,0.0
1991-03-28,4.406863265866375,4.406863265866375,5.429063504869324,5.429063504869324,0.0,0.0,0.0,0.0
1991-03-29,4.407299540751219,4.407299540751219,5.429063504869324,5.429063504869324,0.0,0.0,0.0,0.0
1991-03-30,4.407147271699434,4.407147271699434,5.429063504869324,5.429063504869324,0.0,0.0,0.0,0.0
1991-03-31,4.409302029649488,4.409302029649488,5.429063504869324,5.429063504869324,0.0,0.0,0.0,0.0
1991-04-01,4.40661459867858,4.40661459867858,5.429063505672417,5.429063505672417,0.0,0.0,0.0,0.0
1991-04-02,4.406230339682837,4.406230339682837,5.429063505672417,5.429063505672417,0.0,0.0,0.0,0.0
1991-04-03,4.405482050061871,4.405482050061871,5.429063505672417,5.429063505672417,0.0,0.0,0.0,0.0
1991-04-04,4.404493720843971,4.404493720843971,5.429063505672417,5.429063505672417,0.0,0.0,0.0,0.0
1991-04-05,4.403430072767028,4.403430072767028,5.429063505672417,5.429063505672417,0.0,0.0,0.0,0.0
1991-04-06,4.40238839419447,4.40238839419447,5.429063505672417,5.429063505672417,0.0,0.0,0.0,0.0
1991-04-07,4.401538765261712,4.401538765261712,5.429063505672417,5.429063505672417,0.0,0.0,0.0,0.0
1991-04-08,4.4008934691355215,4.4008934691355215,5.42906350653229,5.42906350653229,0.0,0.0,0.0,0.0
1991-04-09,4.400221454368204,4.400221454368204,5.42906350653229,5.42906350653229,0.0,0.0,0.0,0.0
1991-04-10,4.399598500270118,4.399598500270118,5.42906350653229,5.42906350653229,0.0,0.0,0.0,0.0
1991-04-11,4.399115347959047,4.399115347959047,5.42906350653229,5.42906350653229,0.0,0.0,0.0,0.0
1991-04-12,4.39872731176255,4.39872731176255,5.42906350653229,5.42906350653229,0.0,0.0,0.0,0.0
1991-04-13,4.398337196791143,4.398337196791143,5.42906350653229,5.42906350653229,0.0,0.0,0.0,0.0
1991-04-14,4.397892367261806,4.397892367261806,5.42906350653229,5.42906350653229,0.0,0.0,0.0,0.0
1991-04-15,4.397488266651396,4.397488266651396,5.429063507457594,5.429063507457594,0.0,0.0,0.29935623079873636,0.29935623079873636
1991-04-16,4.397183653850126,4.397183653850126,5.429063507457594,5.429063507457594,0.0,0.0,0.5987124602563567,0.5987124602563567
1991-04-17,4.396970494098792,4.396970494098792,5.429063507457594,5.429063507457594,0.0,0.0,1.1974249178304817,1.1974249178304817
1991-04-18,4.396714574849849,4.396714574849849,5.429063507457594,5.429063507457594,0.0,0.0,2.3948498302965,2.3948498302965
1991-04-19,4.396766903229291,4.396766903229291,5.429063507457594,5.429063507457594,0.0,0.0,4.789699649864072,4.789699649864072
1991-04-20,4.396373224667006,4.396373224667006,5.429063507457594,5.429063507457594,0.0,0.0,9.579399278270287,9.579399278270287
1991-04-21,4.398516007618395,4.398516007618395,5.429063507457594,5.429063507457594,0.0,0.0,19.158798513624866,19.158798513624866
1991-04-22,4.396217470660391,4.396217470660391,5.429063508459098,5.429063508459098,0.0,0.0,0.0,0.0
1991-04-23,4.396136883715042,4.396136883715042,5.429063508459098,5.429063508459098,0.0,0.0,0.0,0.0
1991-04-24,4.396016844114843,4.396016844114843,5.429063508459098,5.429063508459098,0.0,0.0,0.0,0.0
1991-04-25,4.398136550897338,4.398136550897338,5.429063508459098,5.429063508459098,0.0,0.0,0.0,0.0
1991-04-26,4.395884773061262,4.395884773061262,5.429063508459098,5.429063508459098,0.0,0.0,0.0,0.0
1991-04-27,4.395815722409716,4.395815722409716,5.429063508459098,5.429063508459098,0.0,0.0,0.0,0.0
1991-04-28,4.39570074546884,4.39570074546884,5.429063508459098,5.429063508459098,0.0,0.0,0.0,0.0
1991-04-29,4.395590760980089,4.395590760980089,5.429063509550479,5.429063509550479,0.0,0.0,1.1306250033016958,1.1306250033016958
1991-04-30,4.395682744197274,4.395682744197274,5.429063509550479,5.429063509550479,0.0,0.0,2.2612500015381913,2.2612500015381913
1991-05-01,4.3954456051908455,4.3954456051908455,5.429063509550479,5.429063509550479,0.0,0.0,4.522499992945982,4.522499992945982
1991-05-02,4.395513182756039,4.395513182756039,5.429063509550479,5.429063509550479,0.0,0.0,9.044999965631165,9.044999965631165
1991-05-03,4.395498104035382,4.395498104035382,5.429063509550479,5.429063509550479,0.0,0.0,18.08999989074073,18.08999989074073
1991-05-04,4.395405741985952,4.395405741985952,5.429063509550479,5.429063509550479,0.0,0.0,36.17999970043826,36.17999970043826
1991-05-05,4.395401047103152,4.395401047103152,5.429063509550479,5.429063509550479,0.0,0.0,72.35999923879012,72.35999923879012
1991-05-06,4.395394960297072,4.395394960297072,5.429063510749463,5.429063510749463,0.0,0.0,0.0,0.0
1991-05-07,4.395388260125217,4.395388260125217,5.429063510749463,5.429063510749463,0.0,0.0,0.0,0.0
1991-05-08,4.39538144398568,4.39538144398568,5.429063510749463,5.429063510749463,0.0,0.0,0.0,0.0
1991-05-09,4.395375255353183,4.395375255353183,5.429063510749463,5.429063510749463,0.0,0.0,0.0,0.0
1991-05-10,4.395370878643049,4.395370878643049,5.429063510749463,5.429063510749463,0.0,0.0,0.0,0.0
1991-05-11,4.395366743759026,4.395366743759026,5.429063510749463,5.429063510749463,0.0,0.0,0.0,0.0
1991-05-12,4.395361728261401,4.395361728261401,5.429063510749463,5.429063510749463,0.0,0.0,0.0,0.0
1991-05-13,4.397579487130985,4.397579487130985,5.42906351207958,5.42906351207958,0.0,0.0,0.0,0.0
1991-05-14,4.395364283632322,4.395364283632322,5.42906351207958,5.42906351207958,0.0,0.0,0.0,0.0
1991-05-15,4.395351776453169,4.395351776453169,5.42906351207958,5.42906351207958,0.0,0.0,0.0,0.0
1991-05-16,4.396083463166718,4.396083463166718,5.42906351207958,5.42906351207958,0.0,0.0,0.0,0.0
1991-05-17,4.395406178673124,4.395406178673124,5.42906351207958,5.42906351207958,0.0,0.0,0.0,0.0
1991-05-18,4.396059026896615,4.396059026896615,5.42906351207958,5.42906351207958,0.0,0.0,0.0,0.0
1991-05-19,4.395531943351781,4.395531943351781,5.42906351207958,5.42906351207958,0.0,0.0,0.0,0.0
1991-05-20,4.395336698529122,4.395336698529122,5.429063513573049,5.429063513573049,0.0,0.0,0.0,0.0
1991-05-21,4.3953314369752166,4.3953314369752166,5.429063513573049,5.429063513573049,0.0,0.0,0.0,0.0
1991-05-22,4.395325201069491,4.395325201069491,5.429063513573049,5.429063513573049,0.0,0.0,0.0,0.0
1991-05-23,4.395317471239628,4.395317471239628,5.429063513573049,5.429063513573049,0.0,0.0,0.0,0.0
1991-05-24,4.39530816576923,4.39530816576923,5.429063513573049,5.429063513573049,0.0,0.0,0.0,0.0
1991-05-25,4.395297895593542,4.395297895593542,5.429063513573049,5.429063513573049,0.0,0.0,0.0,0.0
1991-05-26,4.39528772986087,4.39528772986087,5.429063513573049,5.429063513573049,0.0,0.0,0.0,0.0
1991-05-27,4.39527868029098,4.39527868029098,5.429063515275607,5.429063515275607,0.0,0.0,0.0,0.0
1991-05-28,4.3952702917874715,4.3952702917874715,5.429063515275607,5.429063515275607,0.0,0.0,0.0,0.0
1991-05-29,4.395554518452213,4.395554518452213,5.429063515275607,5.429063515275607,0.0,0.0,0.0,0.0
1991-05-30,4.395255001834565,4.395255001834565,5.429063515275607,5.429063515275607,0.0,0.0,0.0,0.0
1991-05-31,4.395249828018143,4.395249828018143,5.429063515275607,5.429063515275607,0.0,0.0,0.0,0.0
1991-06-01,4.395299820631044,4.395299820631044,5.429063515275607,5.429063515275607,0.0,0.0,14.136546402196968,14.136546402196968
1991-06-02,4.395289094207327,4.395289094207327,5.429063515275607,5.429063515275607,0.0,0.0,15.027252313043665,15.027252313043665
1991-06-03,4.395277708608985,4.395277708608985,5.429063517255323,5.429063517255323,0.0,0.0,14.594181764455692,14.594181764455692
1991-06-04,4.3952660234510486,4.3952660234510486,5.429063517255323,5.429063517255323,0.0,0.0,0.7810559982504345,0.7810559982504345
1991-06-05,4.395254515947853,4.395254515947853,5.429063517255323,5.429063517255323,0.0,0.0,13.205073385116783,13.205073385116783
1991-06-06,4.395243639331566,4.395243639331566,5.429063517255323,5.429063517255323,0.0,0.0,13.582026771324825,13.582026771324825
1991-06-07,4.3952326726845135,4.3952326726845135,5.429063517255323,5.429063517255323,0.0,0.0,0.7810559982504345,0.7810559982504345
1991-06-08,4.3952209075357445,4.3952209075357445,5.429063517255323,5.429063517255323,0.0,0.0,12.441536816968675,12.441536816968675
1991-06-09,4.395208211492773,4.395208211492773,5.429063517255323,5.429063517255323,0.0,0.0,12.97587051450155,12.97587051450155
1991-06-10,4.395195155739514,4.395195155739514,5.429063519619978,5.429063519619978,0.0,0.0,0.7810559982504345,0.7810559982504345
1991-06-11,4.395181962559513,4.395181962559513,5.429063519619978,5.429063519619978,0.0,0.0,11.837310283784202,11.837310283784202
1991-06-12,4.395169039213029,4.395169039213029,5.429063519619978,5.429063519619978,0.0,0.0,12.544390394295283,12.544390394295283
1991-06-13,4.3951576746264704,4.3951576746264704,5.429063519619978,5.429063519619978,0.0,0.0,12.312507668252684,12.312507668252684
1991-06-14,4.3951477451994325,4.3951477451994325,5.429063519619978,5.429063519619978,0.0,0.0,0.7810559982504345,0.7810559982504345
1991-06-15,4.395138145821696,4.395138145821696,5.429063519619978,5.429063519619978,0.0,0.0,12.071046211431781,12.071046211431781
1991-06-16,4.395128616439313,4.395128616439313,5.429063519619978,5.429063519619978,0.0,0.0,0.7810559982504345,0.7810559982504345
1991-06-17,4.3951191363945314,4.3951191363945314,5.429063522555418,5.429063522555418,0.0,0.0,11.733305271363468,11.733305271363468
1991-06-18,4.395109726824555,4.395109726824555,5.429063522555418,5.429063522555418,0.0,0.0,0.7810559982504345,0.7810559982504345
1991-06-19,4.395101184778452,4.395101184778452,5.429063522555418,5.429063522555418,0.0,0.0,11.54078445045478,11.54078445045478
1991-06-20,4.3950936846325845,4.3950936846325845,5.429063522555418,5.429063522555418,0.0,0.0,0.7810559982504345,0.7810559982504345
1991-06-21,4.3950864614326495,4.3950864614326495,5.429063522555418,5.429063522555418,0.0,0.0,0.7810559982504345,0.7810559982504345
1991-06-22,4.395079363952552,4.395079363952552,5.429063522555418,5.429063522555418,0.0,0.0,11.979098330470729,11.979098330470729
1991-06-23,4.3950724164761015,4.3950724164761015,5.429063522555418,5.429063522555418,0.0,0.0,0.7810559982504345,0.7810559982504345
1991-06-24,4.395065775066786,4.395065775066786,5.429063526424856,5.429063526424856,0.0,0.0,0.7810559982504345,0.7810559982504345
1991-06-25,4.395059548236531,4.395059548236531,5.429063526424856,5.429063526424856,0.0,0.0,0.7810559982504345,0.7810559982504345
1991-06-26,4.395053782795492,4.395053782795492,5.429063526424856,5.429063526424856,0.0,0.0,0.7810559982504345,0.7810559982504345
1991-06-27,4.395049538751982,4.395049538751982,5.429063526424856,5.429063526424856,0.0,0.0,13.669636231394884,13.669636231394884
1991-06-28,4.395980182363455,4.395980182363455,5.429063526424856,5.429063526424856,0.0,0.0,0.7810559982504345,0.7810559982504345
1991-06-29,4.3950451160773625,4.3950451160773625,5.429063526424856,5.429063526424856,0.0,0.0,0.7810559982504345,0.7810559982504345
1991-06-30,4.395041233644487,4.395041233644487,5.429063526424856,5.429063526424856,0.0,0.0,0.7810559982504345,0.7810559982504345
1991-07-01,4.395126018394476,4.395126018394476,5.007529640624967,5.007529640624967,0.0,0.0,0.0,0.0
1991-07-02,4.395118969722819,4.395118969722819,5.007529640624967,5.007529640624967,0.0,0.0,0.7810559982504345,0.7810559982504345
1991-07-03,4.395112968160334,4.395112968160334,5.007529640624967,5.007529640624967,0.0,0.0,2.090222633584639,2.090222633584639
1991-07-04,4.39510814339683,4.39510814339683,5.007529640624967,5.007529640624967,0.0,0.0,2.4326646970460586,2.4326646970460586
1991-07-05,4.395103812897861,4.395103812897861,5.007529640624967,5.007529640624967,0.0,0.0,0.7810559982504345,0.7810559982504345
1991-07-06,4.395099183381971,4.395099183381971,5.007529640624967,5.007529640624967,0.0,0.0,2.680173262090191,2.680173262090191
1991-07-07,4.395094304323529,4.395094304323529,5.007529640624967,5.007529640624967,0.0,0.0,0.7810559982504345,0.7810559982504345
1991-07-08,4.395089713094795,4.395089713094795,4.404412790134115,4.404412790134115,0.0,0.0,0.7810559982504345,0.7810559982504345
1991-07-09,4.3950854921711535,4.3950854921711535,4.404412790134115,4.404412790134115,0.0,0.0,3.164392453947418,3.164392453947418
1991-07-10,4.395081637717487,4.395081637717487,4.404412790134115,4.404412790134115,0.0,0.0,0.7810559982504345,0.7810559982504345
1991-07-11,4.277011544583173,4.277011544583173,4.286346099677839,4.286346099677839,0.0,0.0,0.7810559982504345,0.7810559982504345
1991-07-12,4.089591535119254,4.089591535119254,4.098929031630384,4.098929031630384,0.0,0.0,0.7810559982504345,0.7810559982504345
1991-07-13,4.089588977195101,4.089588977195101,4.098929031630384,4.098929031630384,0.0,0.0,0.7810559982504345,0.7810559982504345
1991-07-14,4.08958670744983,4.08958670744983,4.098929031630384,4.098929031630384,0.0,0.0,0.7810559982504345,0.7810559982504345
1991-07-15,2.1652008275668613,2.1652008275668613,2.1745451659772836,2.1745451659772836,0.0,0.0,0.0,0.0
1991-07-16,2.437211533096071,2.4372115330960695,2.4465576065584616,2.44655760655846,0.0,0.0,4.069547107704812,4.069547107704812
1991-07-17,2.7033498370796547,2.7033498370796547,2.7126973628157205,2.7126973628157205,0.0,0.0,0.7810559982504345,0.7810559982504345
1991-07-18,2.6212131988407106,2.6212131988407106,2.63056197426432,2.63056197426432,0.0,0.0,0.7810559982504345,0.7810559982504345
1991-07-19,2.236606548388713,2.236606548388713,2.24595635218044,2.24595635218044,0.0,0.0,0.7810559982504345,0.7810559982504345
1991-07-20,2.165252499302531,2.1652524993025315,2.1746031114930955,2.174603111493096,0.0,0.0,0.7810559982504345,0.7810559982504345
1991-07-21,2.165258051846142,2.165258051846142,2.1746093761017486,2.1746093761017486,0.0,0.0,0.7810559982504345,0.7810559982504345
1991-07-22,2.1593049647570175,2.1593049647570175,2.168656986206646,2.168656986206646,0.0,0.0,0.7810559982504345,0.7810559982504345
1991-07-23,2.1593095601841856,2.1593095601841856,2.168662275776425,2.168662275776425,0.0,0.0,0.7810559982504345,0.7810559982504345
1991-07-24,2.159314009331287,2.159314009331287,2.168667404356126,2.168667404356126,0.0,0.0,0.7810559982504345,0.7810559982504345
1991-07-25,2.1593177150067855,2.1593177150067855,2.1686716474407404,2.1686716474407404,0.0,0.0,0.7810559982504345,0.7810559982504345
1991-07-26,2.1593202403431833,2.1593202403431833,2.168674524701991,2.168674524701991,0.0,0.0,0.7810559982504345,0.7810559982504345
1991-07-27,2.159322115939326,2.159322115939326,2.1686767043703474,2.1686767043703474,0.0,0.0,0.7810559982504345,0.7810559982504345
1991-07-28,2.1593240118971484,2.1593240118971484,2.16867890969428,2.16867890969428,0.0,0.0,0.7810559982504345,0.7810559982504345
1991-07-29,2.1576236384038143,2.1576236384038143,2.1669788508725927,2.1669788508725927,0.0,0.0,0.0,0.0
1991-07-30,2.1576255866427467,2.1576255866427467,2.166981123742449,2.166981123742449,0.0,0.0,0.7810559982504345,0.7810559982504345
1991-07-31,2.157627340088706,2.157627340088706,2.166983100983105,2.166983100983105,0.0,0.0,0.7810559982504345,0.7810559982504345
1991-08-01,2.1545204051475797,2.1545204051475797,2.163610995836949,2.163610995836949,0.0,0.0,0.7810559982504345,0.7810559982504345
1991-08-02,2.15452226640559,2.15452226640559,2.1636130165786387,2.1636130165786387,0.0,0.0,0.7810559982504345,0.7810559982504345
1991-08-03,2.154524108440481,2.154524108440481,2.1636150174606668,2.1636150174606668,0.0,0.0,0.7810559982504345,0.7810559982504345
1991-08-04,2.154525949782673,2.154525949782673,2.163617017637453,2.163617017637453,0.0,0.0,0.7810559982504345,0.7810559982504345
1991-08-05,2.1758055837029864,2.1758055837029864,2.184896810332783,2.184896810332783,0.0,0.0,0.7810559982504345,0.7810559982504345
1991-08-06,2.175807424185882,2.175807424185882,2.1848988095185744,2.1848988095185744,0.0,0.0,0.7810559982504345,0.7810559982504345
1991-08-07,2.175809264464182,2.175809264464182,2.1849008084997705,2.1849008084997705,0.0,0.0,0.7810559982504345,0.7810559982504345
1991-08-08,2.175811104160849,2.175811104160849,2.1849028068867904,2.1849028068867904,0.0,0.0,0.7810559982504345,0.7810559982504345
1991-08-09,2.1758129437055325,2.1758129437055325,2.1849048050622493,2.1849048050622493,0.0,0.0,0.7810559982504345,0.7810559982504345
1991-08-10,2.1758147829433234,2.1758147829433234,2.1849068029308154,2.1849068029308154,0.0,0.0,0.7810559982504345,0.7810559982504345
1991-08-11,2.175816621242902,2.175816621242902,2.184908799776506,2.184908799776506,0.0,0.0,0.7810559982504345,0.7810559982504345
1991-08-12,2.189549067972453,2.189549067972453,2.198410089159622,2.198410089159622,0.0,0.0,0.0,0.0
1991-08-13,2.1918714868418627,2.1918714868418627,2.200963982361077,2.200963982361077,0.0,0.0,0.7810559982504345,0.7810559982504345
1991-08-14,2.1918733239927897,2.1918733239927897,2.200965977985996,2.200965977985996,0.0,0.0,0.7810559982504345,0.7810559982504345
1991-08-15,2.191875160924508,2.191875160924508,2.2009679733321277,2.2009679733321277,0.0,0.0,0.7810559982504345,0.7810559982504345
1991-08-16,2.191876997295052,2.191876997295052,2.200969968044965,2.200969968044965,0.0,0.0,0.7810559982504345,0.7810559982504345
1991-08-17,2.1918788334171606,2.1918788334171606,2.200971962509366,2.200971962509366,0.0,0.0,0.7810559982504345,0.7810559982504345
1991-08-18,2.1918806693083694,2.1918806693083694,2.200973956742868,2.200973956742868,0.0,0.0,0.7810559982504345,0.7810559982504345
1991-08-19,2.19188250420291,2.19188250420291,2.2009759498950383,2.2009759498950383,0.0,0.0,0.7810559982504345,0.7810559982504345
1991-08-20,2.1918843391617524,2.1918843391617524,2.200977943064475,2.200977943064475,0.0,0.0,0.7810559982504345,0.7810559982504345
1991-08-21,2.1918861736324904,2.1918861736324904,2.200979935733265,2.200979935733265,0.0,0.0,0.7810559982504345,0.7810559982504345
1991-08-22,2.191888007556669,2.191888007556669,2.2009819278429528,2.2009819278429528,0.0,0.0,0.7810559982504345,0.7810559982504345
1991-08-23,2.1918898411681096,2.1918898411681096,2.2009839195803242,2.2009839195803242,0.0,0.0,0.7810559982504345,0.7810559982504345
1991-08-24,2.1918916740663925,2.1918916740663925,2.200985910532418,2.200985910532418,0.0,0.0,0.7810559982504345,0.7810559982504345
1991-08-25,2.1918935068068452,2.1918935068068452,2.2009879013266813,2.2009879013266813,0.0,0.0,0.7810559982504345,0.7810559982504345
1991-08-26,2.15201306749619,2.15201306749619,2.161107620069837,2.161107620069837,0.0,0.0,0.0,0.0
1991-08-27,2.15201489952933,2.15201489952933,2.161109610084667,2.161109610084667,0.0,0.0,0.7810559982504345,0.7810559982504345
1991-08-28,2.15201673075286,2.15201673075286,2.1611115992177665,2.1611115992177665,0.0,0.0,0.7810559982504345,0.7810559982504345
1991-08-29,2.1520185618448653,2.1520185618448653,2.161113588219341,2.161113588219341,0.0,0.0,0.7810559982504345,0.7810559982504345
1991-08-30,2.152020392814114,2.152020392814114,2.161115577098159,2.161115577098159,0.0,0.0,0.7810559982504345,0.7810559982504345
1991-08-31,2.152022223020517,2.152022223020517,2.161117565142011,2.161117565142011,0.0,0.0,0.7810559982504345,0.7810559982504345
1991-09-01,2.1525517773951486,2.1525517773951486,2.161692312389621,2.161692312389621,0.0,0.0,0.7810559982504345,0.7810559982504345
1991-09-02,2.1924357593900674,2.1924357593900674,2.2015764418632346,2.2015764418632346,0.0,0.0,0.7810559982504345,0.7810559982504345
1991-09-03,2.1924374690910264,2.1924374690910264,2.2015782990311643,2.2015782990311643,0.0,0.0,0.7810559982504345,0.7810559982504345
1991-09-04,2.1924391784012798,2.1924391784012798,2.201580155752695,2.201580155752695,0.0,0.0,0.7810559982504345,0.7810559982504345
1991-09-05,2.1924408875530648,2.1924408875530648,2.201582012260064,2.201582012260064,0.0,0.0,0.7810559982504345,0.7810559982504345
1991-09-06,2.187490370490194,2.187490370490194,2.1962198038125913,2.1962198038125913,0.0,0.0,0.7810559982504345,0.7810559982504345
1991-09-07,2.1924443041408086,2.1924443041408086,2.201585723523801,2.201585723523801,0.0,0.0,0.7810559982504345,0.7810559982504345
1991-09-08,2.1924460118855067,2.1924460118855067,2.2015875784892467,2.2015875784892467,0.0,0.0,0.7810559982504345,0.7810559982504345
1991-09-09,2.1924477196056147,2.1924477196056147,2.2015894334857955,2.2015894334857955,0.0,0.0,0.0,0.0
1991-09-10,2.192449426536115,2.192449426536115,2.2015912876253187,2.2015912876253187,0.0,0.0,0.7810559982504345,0.7810559982504345
1991-09-11,2.1924511333436656,2.1924511333436656,2.2015931415861987,2.2015931415861987,0.0,0.0,0.7810559982504345,0.7810559982504345
1991-09-12,2.1924528396566867,2.1924528396566867,2.2015949950408245,2.2015949950408245,0.0,0.0,0.7810559982504345,0.7810559982504345
1991-09-13,2.192454545352229,2.192454545352229,2.2015968478662464,2.2015968478662464,0.0,0.0,0.7810559982504345,0.7810559982504345
1991-09-14,2.192456250722638,2.192456250722638,2.201598700310842,2.201598700310842,0.0,0.0,0.7810559982504345,0.7810559982504345
1991-09-15,2.1924579560493322,2.1924579560493322,2.2016005526560294,2.2016005526560294,0.0,0.0,0.7810559982504345,0.7810559982504345
1991-09-16,2.146619618166298,2.146619618166298,2.155762361779763,2.155762361779763,0.0,0.0,0.7810559982504345,0.7810559982504345
1991-09-17,2.146621322206122,2.146621322206122,2.155764212758937,2.155764212758937,0.0,0.0,0.7810559982504345,0.7810559982504345
1991-09-18,2.1466230265410244,2.1466230265410244,2.1557660640449146,2.1557660640449146,0.0,0.0,0.7810559982504345,0.7810559982504345
1991-09-19,2.146624729930583,2.146624729930583,2.1557679143620985,2.1557679143620985,0.0,0.0,0.7810559982504345,0.7810559982504345
1991-09-20,2.1466264330004736,2.1466264330004736,2.155769764303921,2.155769764303921,0.0,0.0,0.7810559982504345,0.7810559982504345
1991-09-21,2.146628135887306,2.146628135887306,2.155771614006992,2.155771614006992,0.0,0.0,0.7810559982504345,0.7810559982504345
1991-09-22,2.1466298381921782,2.1466298381921782,2.155773463116378,2.155773463116378,0.0,0.0,0.7810559982504345,0.7810559982504345
1991-09-23,2.0981182789467354,2.0981182789467354,2.107262050675449,2.107262050675449,0.0,0.0,0.0,0.0
1991-09-24,2.0981199804046233,2.0981199804046233,2.107263898814739,2.107263898814739,0.0,0.0,0.7810559982504345,0.7810559982504345
1991-09-25,2.0981216814499475,2.0981216814499475,2.107265746585434,2.107265746585434,0.0,0.0,0.7810559982504345,0.7810559982504345
1991-09-26,2.098123382626418,2.098123382626418,2.107267594443307,2.107267594443307,0.0,0.0,0.7810559982504345,0.7810559982504345
1991-09-27,2.0981250828220257,2.0981250828220257,2.107269441241174,2.107269441241174,0.0,0.0,0.7810559982504345,0.7810559982504345
1991-09-28,2.098126782850968,2.098126782850968,2.1072712878723756,2.1072712878723756,0.0,0.0,0.7810559982504345,0.7810559982504345
1991-09-29,2.0981284826203517,2.0981284826203517,2.1072731342440183,2.1072731342440183,0.0,0.0,0.7810559982504345,0.7810559982504345
1991-09-30,2.1266423426611754,2.1266423426611754,2.135787140819683,2.135787140819683,0.0,0.0,0.7810559982504345,0.7810559982504345
1991-10-01,2.1281575523166545,2.1281575523166545,2.137431648072517,2.137431648072517,0.0,0.0,0.7810559982504345,0.7810559982504345
1991-10-02,2.128158908703455,2.128158908703455,2.1374331214276787,2.1374331214276787,0.0,0.0,0.7810559982504345,0.7810559982504345
1991-10-03,2.128160264869881,2.128160264869881,2.1374345945179893,2.1374345945179893,0.0,0.0,0.7810559982504345,0.7810559982504345
1991-10-04,2.1281616205977385,2.1281616205977385,2.1374360671603685,2.1374360671603685,0.0,0.0,0.7810559982504345,0.7810559982504345
1991-10-05,2.1281629762099534,2.1281629762099534,2.137437539687105,2.137437539687105,0.0,0.0,0.7810559982504345,0.7810559982504345
1991-10-06,2.1281643313857823,2.1281643313857823,2.1374390117236155,2.1374390117236155,0.0,0.0,0.7810559982504345,0.7810559982504345
1991-10-07,2.0741201550865553,2.0741201550865553,2.0833949522405932,2.0833949522405932,0.0,0.0,0.0,0.0
1991-10-08,2.074121509620896,2.074121509620896,2.0833964235817755,2.0833964235817755,0.0,0.0,0.7810559982504345,0.7810559982504345
1991-10-09,2.074122863908679,2.074122863908679,2.083397894631924,2.083397894631924,0.0,0.0,0.7810559982504345,0.7810559982504345
1991-10-10,2.0741242178538983,2.0741242178538983,2.083399365330145,2.083399365330145,0.0,0.0,0.7810559982504345,0.7810559982504345
1991-10-11,2.074125571594016,2.074125571594016,2.0834008358232645,2.0834008358232645,0.0,0.0,0.7810559982504345,0.7810559982504345
1991-10-12,2.074126924834472,2.074126924834472,2.0834023057628817,2.0834023057628817,0.0,0.0,0.7810559982504345,0.7810559982504345
1991-10-13,2.074128277893827,2.074128277893827,2.0834037754769223,2.0834037754769223,0.0,0.0,0.7810559982504345,0.7810559982504345
1991-10-14,2.117961813528271,2.117961813528271,2.1272374277566883,2.1272374277566883,0.0,0.0,0.7810559982504345,0.7810559982504345
1991-10-15,2.117963166125057,2.117963166125057,2.127238896998796,2.127238896998796,0.0,0.0,0.7810559982504345,0.7810559982504345
1991-10-16,2.117964518486194,2.117964518486194,2.1272403659607786,2.1272403659607786,0.0,0.0,0.7810559982504345,0.7810559982504345
1991-10-17,2.117965870218935,2.117965870218935,2.1272418342405253,2.1272418342405253,0.0,0.0,0.7810559982504345,0.7810559982504345
1991-10-18,2.1179672217182093,2.1179672217182093,2.1272433022774413,2.1272433022774413,0.0,0.0,0.7810559982504345,0.7810559982504345
1991-10-19,2.117968572916377,2.117968572916377,2.127244770013251,2.127244770013251,0.0,0.0,0.7810559982504345,0.7810559982504345
1991-10-20,2.1179699236847043,2.1179699236847043,2.1272462372209047,2.1272462372209047,0.0,0.0,0.7810559982504345,0.7810559982504345
1991-10-21,2.0120080954222237,2.0120080954222237,2.0212845254422263,2.0212845254422263,0.0,0.0,0.0,0.0
1991-10-22,2.012009445902536,2.012009445902536,2.021285992361864,2.021285992361864,0.0,0.0,0.7810559982504345,0.7810559982504345
1991-10-23,2.012010795911551,2.012010795911551,2.021287458756365,2.021287458756365,0.0,0.0,0.7810559982504345,0.7810559982504345
1991-10-24,2.012012145442723,2.012012145442723,2.0212889246636596,2.0212889246636596,0.0,0.0,0.7810559982504345,0.7810559982504345
1991-10-25,1.7190244248044004,1.7190244248044004,1.700307741257607,1.700307741257607,0.0,0.0,0.7810559982504345,0.7810559982504345
1991-10-26,1.0410589334814815,1.0410589334814815,0.9556580914039601,0.9556580914039601,0.0,0.0,0.7810559982504345,0.7810559982504345
1991-10-27,1.4781991763315139,1.4781991763315139,1.435259125392748,1.435259125392748,0.0,0.0,0.7810559982504345,0.7810559982504345
1991-10-28,1.7548383994972312,1.7548383994972312,1.7640075633078778,1.7640075633078778,0.0,0.0,0.7810559982504345,0.7810559982504345
1991-10-29,1.7532751540052014,1.7532751540052014,1.7622402259587047,1.7622402259587047,0.0,0.0,0.7810559982504345,0.7810559982504345
1991-10-30,1.7537130200933957,1.7537130200933957,1.7627580980876878,1.7627580980876878,0.0,0.0,0.7810559982504345,0.7810559982504345
1991-10-31,1.754349715916995,1.754349715916995,1.7634728736750223,1.7634728736750223,0.0,0.0,0.7810559982504345,0.7810559982504345
1991-11-01,1.7537447567267372,1.7537447567267372,1.7628144095483016,1.7628144095483016,0.0,0.0,1.562111993001738,1.562111993001738
1991-11-02,1.753707426593849,1.753707426593849,1.7627742746118074,1.7627742746118074,0.0,0.0,3.1242239790052144,3.1242239790052144
1991-11-03,1.753688439064042,1.753688439064042,1.7627542538918486,1.7627542538918486,0.0,0.0,6.248447944013906,6.248447944013906
1991-11-04,1.406003308447644,1.406003308447644,1.4150692468551802,1.4150692468551802,0.0,0.0,0.0,0.0
1991-11-05,1.406003714310096,1.406003714310096,1.415070358452152,1.415070358452152,0.0,0.0,0.0,0.0
1991-11-06,1.4060099597433626,1.4060099597433626,1.4150778020118484,1.4150778020118484,0.0,0.0,0.0,0.0
1991-11-07,1.4060221823455192,1.4060221823455192,1.4150917733495827,1.4150917733495827,0.0,0.0,0.0,0.0
1991-11-08,1.4060389393401946,1.4060389393401946,1.4151107111641943,1.4151107111641943,0.0,0.0,0.0,0.0
1991-11-09,1.406053160113144,1.406053160113144,1.415126740452669,1.415126740452669,0.0,0.0,0.0,0.0
1991-11-10,1.4060650421778025,1.4060650421778025,1.4151401353615418,1.4151401353615418,0.0,0.0,0.0,0.0
1991-11-11,1.5741754827878012,1.5741754827878012,1.5832526250841465,1.5832526250841465,0.0,0.0,0.0,0.0
1991-11-12,1.5741938480760527,1.5741938480760527,1.5832732178274271,1.5832732178274271,0.0,0.0,0.0,0.0
1991-11-13,1.5742138896712385,1.5742138896712385,1.5832956210848057,1.5832956210848057,0.0,0.0,0.0,0.0
1991-11-14,1.5742337017052392,1.5742337017052392,1.5833178078529953,1.5833178078529953,0.0,0.0,0.0,0.0
1991-11-15,1.5742454802873957,1.5742454802873957,1.5833310531241411,1.5833310531241411,0.0,0.0,0.0,0.0
1991-11-16,1.5410308858138007,1.5410308858138007,1.5455756001345853,1.5455756001345853,0.0,0.0,0.0,0.0
1991-11-17,1.4288350521193456,1.4288350521193456,1.4238031462229297,1.4238031462229297,0.0,0.0,0.0,0.0
1991-11-18,1.35095653844363,1.35095653844363,1.3532041485135742,1.3532041485135742,0.0,0.0,0.0,0.0
1991-11-19,1.418464259848796,1.418464259848796,1.4275476697764753,1.4275476697764753,0.0,0.0,0.0,0.0
1991-11-20,1.4183519775591749,1.4183519775591749,1.4274333158481065,1.4274333158481065,0.0,0.0,0.0,0.0
1991-11-21,1.4184297913446597,1.4184297913446597,1.4275091911669004,1.4275091911669004,0.0,0.0,0.0,0.0
1991-11-22,1.4184166176092994,1.4184166176092994,1.427494503929078,1.427494503929078,0.0,0.0,0.0,0.0
1991-11-23,1.4184080731217101,1.4184080731217101,1.4274849909505565,1.4274849909505565,0.0,0.0,0.0,0.0
1991-11-24,1.4184032528707524,1.4184032528707524,1.4274796719538396,1.4274796719538396,0.0,0.0,0.0,0.0
1991-11-25,1.4988324086405727,1.4988324086405727,1.507908783156269,1.507908783156269,0.0,0.0,0.0,0.0
1991-11-26,1.4853647329841202,1.4853647329841202,1.4931129297303558,1.4931129297303558,0.0,0.0,0.0,0.0
1991-11-27,1.4988324103618071,1.4988324103618071,1.507908957773052,1.507908957773052,0.0,0.0,0.0,0.0
1991-11-28,1.493460172673448,1.493460172673448,1.5020869842428375,1.5020869842428375,0.0,0.0,0.0,0.0
1991-11-29,1.4988198241622916,1.4988198241622916,1.5078953116766167,1.5078953116766167,0.0,0.0,0.0,0.0
1991-11-30,1.498812225250777,1.498812225250777,1.507886974469931,1.507886974469931,0.0,0.0,0.0,0.0
1991-12-01,1.4983639434164537,1.4983639434164537,1.507399153449606,1.507399153449606,0.0,0.0,0.0,0.0
1991-12-02,1.4213349908145223,1.4213349908145223,1.4303699308130635,1.4303699308130635,0.0,0.0,0.0,0.0
1991-12-03,1.4213322869855995,1.4213322869855995,1.430367028064817,1.430367028064817,0.0,0.0,0.0,0.0
1991-12-04,1.4213338424394124,1.4213338424394124,1.430368827540429,1.430368827540429,0.0,0.0,0.0,0.0
1991-12-05,1.3921320935852348,1.3921320935852348,1.3974834538265415,1.3974834538265415,0.0,0.0,0.0,0.0
1991-12-06,1.404827147220781,1.404827147220781,1.4123985140927908,1.4123985140927908,0.0,0.0,0.0,0.0
1991-12-07,1.4174477752621701,1.4174477752621701,1.4264673345297094,1.4264673345297094,0.0,0.0,0.0,0.0
1991-12-08,1.4173269924190233,1.4173269924190233,1.4258587107225724,1.4258587107225724,0.0,0.0,0.0,0.0
1991-12-09,1.4262689516919456,1.4262689516919456,1.4352807103985394,1.4352807103985394,0.0,0.0,11.431138399990662,11.431138399990662
1991-12-10,1.4272789090157625,1.4272789090157625,1.4363134106594695,1.4363134106594695,0.0,0.0,22.862276748769823,22.862276748769823
1991-12-11,1.4272824596009872,1.4272824596009872,1.4363173726275964,1.4363173726275964,0.0,0.0,45.724553395116644,45.724553395116644
1991-12-12,1.4272849607536884,1.4272849607536884,1.436320161444696,1.436320161444696,0.0,0.0,91.44910658538727,91.44910658538727
1991-12-13,1.4272874675766216,1.4272874675766216,1.436322979056883,1.436322979056883,0.0,0.0,36.080955755368464,36.080955755368464
1991-12-14,1.4272916396103903,1.4272916396103903,1.436327665812087,1.436327665812087,0.0,0.0,0.7095069079999998,0.7095069079999998
1991-12-15,1.4272971643945849,1.4272971643945849,1.43633385330566,1.43633385330566,0.0,0.0,0.67525485,0.67525485
1991-12-16,1.4362401063475607,1.4362401063475607,1.4452775393236281,1.4452775393236281,0.0,0.0,0.0,0.0
1991-12-17,1.4107939134873715,1.4107939134873715,1.4174225933389462,1.4174225933389462,0.0,0.0,0.0,0.0
1991-12-18,1.394803721295771,1.394803721295771,1.3990026272197555,1.3990026272197555,0.0,0.0,0.0,0.0
1991-12-19,1.4237631430522486,1.4237631430522486,1.4316685961708477,1.4316685961708477,0.0,0.0,0.0,0.0
1991-12-20,1.4362305734032559,1.4362305734032559,1.4452670859369718,1.4452670859369718,0.0,0.0,0.0,0.0
1991-12-21,1.4362272149317168,1.4362272149317168,1.4452633504598211,1.4452633504598211,0.0,0.0,0.0,0.0
1991-12-22,1.4362266136401562,1.4362266136401562,1.445262663364133,1.445262663364133,0.0,0.0,0.0,0.0
1991-12-23,1.4379305331777252,1.4379305331777252,1.4469667373623791,1.4469667373623791,0.0,0.0,0.0,0.0
1991-12-24,1.4379325205866564,1.4379325205866564,1.4469689152334233,1.4469689152334233,0.0,0.0,0.0,0.0
1991-12-25,1.4379344020961005,1.4379344020961005,1.446970973324238,1.446970973324238,0.0,0.0,0.0,0.0
1991-12-26,1.4379364362424627,1.4379364362424627,1.4469731991011432,1.4469731991011432,0.0,0.0,0.0,0.0
1991-12-27,1.0649994797315072,1.0649994797315072,1.0384141855817932,1.0384141855817932,0.0,0.0,0.0,0.0
1991-12-28,0.44309879375714845,0.44309879375714845,0.35676287194065864,0.35676287194065864,0.0,0.0,0.0,0.0
1991-12-29,0.8403555267429585,0.8403555267429585,0.7919753489294811,0.7919753489294811,0.0,0.0,0.0,0.0
1991-12-30,1.3917112978411326,1.3917112978411326,1.3980967392561576,1.3980967392561576,0.0,0.0,0.0,0.0
1991-12-31,1.422892224091619,1.422892224091619,1.4317423384965942,1.4317423384965942,0.0,0.0,0.0,0.0
1992-01-01,1.42595049007057,1.42595049007057,1.4350769860372856,1.4350769860372856,0.0,0.0,0.0,0.0
1992-01-02,1.4258719916033884,1.4258719916033884,1.4349919503405455,1.4349919503405455,0.0,0.0,0.0,0.0
1992-01-03,1.4159921174180918,1.4159921174180918,1.4240308513378368,1.4240308513378368,0.0,0.0,0.0,0.0
1992-01-04,1.1200277950231399,1.1200277950231399,1.1004983333537746,1.1004983333537746,0.0,0.0,0.0,0.0
1992-01-05,1.1887022373886538,1.1887022373886538,1.1762120077090115,1.1762120077090115,0.0,0.0,0.0,0.0
1992-01-06,1.3281245914474233,1.3281245914474233,1.3296792050040718,1.3296792050040718,0.0,0.0,0.0,0.0
1992-01-07,1.3666365415529622,1.3666365415529622,1.3713168582234543,1.3713168582234543,0.0,0.0,0.0,0.0
1992-01-08,1.4034814532215123,1.4034814532215123,1.411884379328298,1.411884379328298,0.0,0.0,0.0,0.0
1992-01-09,1.4097810121548164,1.4097810121548164,1.4187396694442642,1.4187396694442642,0.0,0.0,0.0,0.0
1992-01-10,1.410289905830793,1.410289905830793,1.4193088280171633,1.4193088280171633,0.0,0.0,0.0,0.0
1992-01-11,1.4102350364406353,1.4102350364406353,1.4192493744935835,1.4192493744935835,0.0,0.0,0.0,0.0
1992-01-12,1.410193479923456,1.410193479923456,1.4192044066338851,1.4192044066338851,0.0,0.0,0.0,0.0
1992-01-13,1.0033297511883672,1.0033297511883672,1.0123379895051448,1.0123379895051448,0.0,0.0,0.0,0.0
1992-01-14,1.0033047590837498,1.0033047590837498,1.012311002463747,1.012311002463747,0.0,0.0,0.0,0.0
1992-01-15,1.003285516444594,1.003285516444594,1.0122902550788062,1.0122902550788062,0.0,0.0,0.0,0.0
1992-01-16,1.0032730821540476,1.0032730821540476,1.0122769333426136,1.0122769333426136,0.0,0.0,0.0,0.0
1992-01-17,1.0032668501937598,1.0032668501937598,1.012270404210143,1.012270404210143,0.0,0.0,0.0,0.0
1992-01-18,1.0032620653412403,1.0032620653412403,1.0122654613419562,1.0122654613419562,0.0,0.0,0.0,0.0
1992-01-19,1.0032603388954433,1.0032603388954433,1.0122638690669212,1.0122638690669212,0.0,0.0,0.0,0.0
1992-01-20,1.4126472231355764,1.4126472231355764,1.421651291176838,1.421651291176838,0.0,0.0,0.0,0.0
1992-01-21,1.412650088179986,1.412650088179986,1.4216546258556566,1.4216546258556566,0.0,0.0,0.0,0.0
1992-01-22,1.4126521819463693,1.4126521819463693,1.4216570818184342,1.4216570818184342,0.0,0.0,0.0,0.0
1992-01-23,1.412655882765147,1.412655882765147,1.4216612781923925,1.4216612781923925,0.0,0.0,0.0,0.0
1992-01-24,1.412665158111664,1.412665158111664,1.4216716569664898,1.4216716569664898,0.0,0.0,0.0,0.0
1992-01-25,1.4126796486139352,1.4126796486139352,1.4216877745730787,1.4216877745730787,0.0,0.0,0.0,0.0
1992-01-26,1.41269619524574,1.41269619524574,1.4217060788352567,1.4217060788352567,0.0,0.0,0.0,0.0
1992-01-27,1.3437717498971276,1.3437717498971276,1.3527832984635788,1.3527832984635788,0.0,0.0,0.0,0.0
1992-01-28,1.3437883513061308,1.3437883513061308,1.3528016835523202,1.3528016835523202,0.0,0.0,0.0,0.0
1992-01-29,1.3438038961847174,1.3438038961847174,1.352818866417907,1.352818866417907,0.0,0.0,0.0,0.0
1992-01-30,1.3438212385670623,1.3438212385670623,1.3528379807118496,1.3528379807118496,0.0,0.0,0.0,0.0
1992-01-31,1.3433996464136877,1.3433996464136877,1.3523541595651627,1.3523541595651627,0.0,0.0,0.0,0.0
1992-02-01,1.3449951646353604,1.3449951646353604,1.354116418019287,1.354116418019287,0.0,0.0,0.0,0.0
1992-02-02,1.3449722245997286,1.3449722245997286,1.3540696650952284,1.3540696650952284,0.0,0.0,0.0,0.0
1992-02-03,3.724539931777323,3.724539931777323,3.73366984822552,3.73366984822552,0.0,0.0,0.0,0.0
1992-02-04,3.724538303301032,3.724538303301032,3.73366984822552,3.73366984822552,0.0,0.0,0.0,0.0
1992-02-05,3.724635889481276,3.724635889481276,3.73366984822552,3.73366984822552,0.0,0.0,0.0,0.0
1992-02-06,3.726215905465754,3.726215905465754,3.73366984822552,3.73366984822552,0.0,0.0,0.0,0.0
1992-02-07,3.724579567829335,3.724579567829335,3.73366984822552,3.73366984822552,0.0,0.0,0.0,0.0
1992-02-08,3.7245537034649576,3.7245537034649576,3.73366984822552,3.73366984822552,0.0,0.0,0.0,0.0
1992-02-09,3.7342865140111496,3.7342865140111496,3.73366984822552,3.73366984822552,0.0,0.0,0.0,0.0
1992-02-10,3.7557498607258655,3.7557498607258655,3.733669848598412,3.733669848598412,0.0,0.0,0.0,0.0
1992-02-11,3.7657944135704957,3.7657944135704957,3.733669848598412,3.733669848598412,0.0,0.0,0.0,0.0
1992-02-12,3.77361907118087,3.77361907118087,3.733669848598412,3.733669848598412,0.0,0.0,0.0,0.0
1992-02-13,3.7448638756957155,3.7448638756957155,3.733669848598412,3.733669848598412,0.0,0.0,0.0,0.0
1992-02-14,3.7691918515361005,3.7691918515361005,3.733669848598412,3.733669848598412,0.0,0.0,0.0,0.0
1992-02-15,3.7770874465757798,3.7770874465757798,3.733669848598412,3.733669848598412,0.0,0.0,0.0,0.0
1992-02-16,3.7444378306558086,3.7444378306558086,3.733669848598412,3.733669848598412,0.0,0.0,0.0,0.0
1992-02-17,3.7296224257658777,3.7296224257658777,3.733669848988706,3.733669848988706,0.0,0.0,0.0,0.0
1992-02-18,3.7297277821407344,3.7297277821407344,3.733669848988706,3.733669848988706,0.0,0.0,0.0,0.0
1992-02-19,3.7454622557539268,3.7454622557539268,3.733669848988706,3.733669848988706,0.0,0.0,0.0,0.0
1992-02-20,3.7395985036934167,3.7395985036934167,3.733669848988706,3.733669848988706,0.0,0.0,0.0,0.0
1992-02-21,3.733592443866263,3.733592443866263,3.733669848988706,3.733669848988706,0.0,0.0,0.0,0.0
1992-02-22,3.7347587649314025,3.7347587649314025,3.733669848988706,3.733669848988706,0.0,0.0,0.0,0.0
1992-02-23,3.7351657574651713,3.7351657574651713,3.733669848988706,3.733669848988706,0.0,0.0,0.0,0.0
1992-02-24,3.735151611625753,3.735151611625753,3.7336698493981038,3.7336698493981038,0.0,0.0,0.0,0.0
1992-02-25,3.734832322779299,3.734832322779299,3.7336698493981038,3.7336698493981038,0.0,0.0,0.0,0.0
1992-02-26,3.73427183789162,3.73427183789162,3.7336698493981038,3.7336698493981038,0.0,0.0,0.0,0.0
1992-02-27,3.7335774197668212,3.7335774197668212,3.7336698493981038,3.7336698493981038,0.0,0.0,0.0,0.0
1992-02-28,3.7328621191914384,3.7328621191914384,3.7336698493981038,3.7336698493981038,0.0,0.0,0.0,0.0
1992-02-29,3.732349310008193,3.732349310008193,3.7336698493981038,3.7336698493981038,0.0,0.0,0.0,0.0
1992-03-01,3.730904593998335,3.730904593998335,3.7336698493981038,3.7336698493981038,0.0,0.0,0.0,0.0
1992-03-02,3.7331615735659556,3.7331615735659556,3.7336698498285745,3.7336698498285745,0.0,0.0,0.0,0.0
1992-03-03,3.7302883011360914,3.7302883011360914,3.7336698498285745,3.7336698498285745,0.0,0.0,0.0,0.0
1992-03-04,3.7304768977787015,3.7304768977787015,3.7336698498285745,3.7336698498285745,0.0,0.0,0.0,0.0
1992-03-05,3.754600669954662,3.754600669954662,3.7336698498285745,3.7336698498285745,0.0,0.0,0.0,0.0
1992-03-06,3.755262382539348,3.755262382539348,3.7336698498285745,3.7336698498285745,0.0,0.0,0.0,0.0
1992-03-07,3.7365088882730237,3.7365088882730237,3.7336698498285745,3.7336698498285745,0.0,0.0,0.0,0.0
1992-03-08,3.7378292534650277,3.7378292534650277,3.7336698498285745,3.7336698498285745,0.0,0.0,0.0,0.0
1992-03-09,3.7386076501028875,3.7386076501028875,3.733669850282402,3.733669850282402,0.0,0.0,0.0,0.0
1992-03-10,3.7386127546371086,3.7386127546371086,3.733669850282402,3.733669850282402,0.0,0.0,0.0,0.0
1992-03-11,3.7381526734026544,3.7381526734026544,3.733669850282402,3.733669850282402,0.0,0.0,0.0,0.0
1992-03-12,3.7374369144089674,3.7374369144089674,3.733669850282402,3.733669850282402,0.0,0.0,0.0,0.0
1992-03-13,3.7365702162585754,3.7365702162585754,3.733669850282402,3.733669850282402,0.0,0.0,0.0,0.0
1992-03-14,3.744973350679895,3.744973350679895,3.733669850282402,3.733669850282402,0.0,0.0,0.0,0.0
1992-03-15,3.7426660398729683,3.7426660398729683,3.733669850282402,3.733669850282402,0.0,0.0,0.0,0.0
1992-03-16,3.7364497766228295,3.7364497766228295,3.733669850762271,3.733669850762271,0.0,0.0,0.0,0.0
1992-03-17,3.7363378261512366,3.7363378261512366,3.733669850762271,3.733669850762271,0.0,0.0,0.0,0.0
1992-03-18,3.736450446764394,3.736450446764394,3.733669850762271,3.733669850762271,0.0,0.0,0.0,0.0
1992-03-19,3.7378026394085606,3.7378026394085606,3.733669850762271,3.733669850762271,0.0,0.0,0.0,0.0
1992-03-20,3.7359150417440277,3.7359150417440277,3.733669850762271,3.733669850762271,0.0,0.0,0.0,0.0
1992-03-21,3.741226828823717,3.741226828823717,3.733669850762271,3.733669850762271,0.0,0.0,0.0,0.0
1992-03-22,3.7397649225111653,3.7397649225111653,3.733669850762271,3.733669850762271,0.0,0.0,0.0,0.0
1992-03-23,3.7356226809662285,3.7356226809662285,3.7336698512713493,3.7336698512713493,0.0,0.0,0.0,0.0
1992-03-24,3.7356407209145157,3.7356407209145157,3.7336698512713493,3.7336698512713493,0.0,0.0,0.0,0.0
1992-03-25,3.7361426211501314,3.7361426211501314,3.7336698512713493,3.7336698512713493,0.0,0.0,0.0,0.0
1992-03-26,3.7349160707854705,3.7349160707854705,3.7336698512713493,3.7336698512713493,0.0,0.0,0.0,0.0
1992-03-27,3.734334151320972,3.734334151320972,3.7336698512713493,3.7336698512713493,0.0,0.0,0.0,0.0
1992-03-28,3.733599571566491,3.733599571566491,3.7336698512713493,3.7336698512713493,0.0,0.0,0.0,0.0
1992-03-29,3.732943976283317,3.732943976283317,3.7336698512713493,3.7336698512713493,0.0,0.0,0.0,0.0
1992-03-30,3.7331528553910336,3.7331528553910336,3.7336698518134215,3.7336698518134215,0.0,0.0,0.0,0.0
1992-03-31,3.7323460784059574,3.7323460784059574,3.7336698518134215,3.7336698518134215,0.0,0.0,0.0,0.0
1992-04-01,3.732171901794355,3.732171901794355,3.7336698518134215,3.7336698518134215,0.0,0.0,0.0,0.0
1992-04-02,3.731342316051619,3.731342316051619,3.7336698518134215,3.7336698518134215,0.0,0.0,0.0,0.0
1992-04-03,3.730422760098229,3.730422760098229,3.7336698518134215,3.7336698518134215,0.0,0.0,0.0,0.0
1992-04-04,3.729532543381849,3.729532543381849,3.7336698518134215,3.7336698518134215,0.0,0.0,0.0,0.0
1992-04-05,3.728768010829064,3.728768010829064,3.7336698518134215,3.7336698518134215,0.0,0.0,0.0,0.0
1992-04-06,3.7281579122974637,3.7281579122974637,3.7336698523930663,3.7336698523930663,0.0,0.0,0.0,0.0
1992-04-07,3.727634268165011,3.727634268165011,3.7336698523930663,3.7336698523930663,0.0,0.0,0.0,0.0
1992-04-08,3.7271209554089832,3.7271209554089832,3.7336698523930663,3.7336698523930663,0.0,0.0,0.0,0.0
1992-04-09,3.726628084005463,3.726628084005463,3.7336698523930663,3.7336698523930663,0.0,0.0,0.0,0.0
1992-04-10,3.726192646799298,3.726192646799298,3.7336698523930663,3.7336698523930663,0.0,0.0,0.0,0.0
1992-04-11,3.725825184712958,3.725825184712958,3.7336698523930663,3.7336698523930663,0.0,0.0,0.0,0.0
1992-04-12,3.7287225987696835,3.7287225987696835,3.7336698523930663,3.7336698523930663,0.0,0.0,0.0,0.0
1992-04-13,3.7254630432004556,3.7254630432004556,3.733669853015872,3.733669853015872,0.0,0.0,0.0,0.0
1992-04-14,3.7253720471658944,3.7253720471658944,3.733669853015872,3.733669853015872,0.0,0.0,0.0,0.0
1992-04-15,3.725223468984924,3.725223468984924,3.733669853015872,3.733669853015872,0.0,0.0,0.0,0.0
1992-04-16,3.7250820767572015,3.7250820767572015,3.733669853015872,3.733669853015872,0.0,0.0,0.0,0.0
1992-04-17,3.724957839872907,3.724957839872907,3.733669853015872,3.733669853015872,0.0,0.0,0.0,0.0
1992-04-18,3.724851193016689,3.724851193016689,3.733669853015872,3.733669853015872,0.0,0.0,0.0,0.0
1992-04-19,3.7247661759773614,3.7247661759773614,3.733669853015872,3.733669853015872,0.0,0.0,0.0,0.0
1992-04-20,3.7247032020172215,3.7247032020172215,3.73366985368879,3.73366985368879,0.0,0.0,29.134994215114336,29.134994215114336
1992-04-21,3.724670041563335,3.724670041563335,3.73366985368879,3.73366985368879,0.0,0.0,58.26998829970389,58.26998829970389
1992-04-22,3.7246613080372803,3.7246613080372803,3.73366985368879,3.73366985368879,0.0,0.0,116.53997633835823,116.53997633835823
1992-04-23,3.7246560949754874,3.7246560949754874,3.73366985368879,3.73366985368879,0.0,0.0,30.41293578482356,30.41293578482356
1992-04-24,3.724650653754835,3.724650653754835,3.73366985368879,3.73366985368879,0.0,0.0,6.634593912000001,6.634593912000001
1992-04-25,3.724644090271304,3.724644090271304,3.73366985368879,3.73366985368879,0.0,0.0,6.643712968,6.643712968
1992-04-26,3.724636375900752,3.724636375900752,3.73366985368879,3.73366985368879,0.0,0.0,8.00964351,8.00964351
1992-04-27,3.7246280169208736,3.7246280169208736,3.7336698544205875,3.7336698544205875,0.0,0.0,0.0,0.0
1992-04-28,3.724619586970023,3.724619586970023,3.7336698544205875,3.7336698544205875,0.0,0.0,0.0,0.0
1992-04-29,3.7246109193780383,3.7246109193780383,3.7336698544205875,3.7336698544205875,0.0,0.0,0.0,0.0
1992-04-30,3.7246024468238135,3.7246024468238135,3.7336698544205875,3.7336698544205875,0.0,0.0,0.0,0.0
1992-05-01,3.7245949606976816,3.7245949606976816,3.7336698544205875,3.7336698544205875,0.0,0.0,0.0,0.0
1992-05-02,3.7245875502993595,3.7245875502993595,3.7336698544205875,3.7336698544205875,0.0,0.0,0.0,0.0
1992-05-03,3.724578800254504,3.724578800254504,3.7336698544205875,3.7336698544205875,0.0,0.0,0.0,0.0
1992-05-04,3.7245685734441363,3.7245685734441363,3.7336698552225585,3.7336698552225585,0.0,0.0,0.0,0.0
1992-05-05,3.7246783921360977,3.7246783921360977,3.7336698552225585,3.7336698552225585,0.0,0.0,0.0,0.0
1992-05-06,3.724548868907273,3.724548868907273,3.7336698552225585,3.7336698552225585,0.0,0.0,0.0,0.0
1992-05-07,3.7245403411599765,3.7245403411599765,3.7336698552225585,3.7336698552225585,0.0,0.0,0.0,0.0
1992-05-08,3.7245312264135046,3.7245312264135046,3.7336698552225585,3.7336698552225585,0.0,0.0,0.0,0.0
1992-05-09,3.724521285417643,3.724521285417643,3.7336698552225585,3.7336698552225585,0.0,0.0,0.0,0.0
1992-05-10,3.7245109288912692,3.7245109288912692,3.7336698552225585,3.7336698552225585,0.0,0.0,0.0,0.0
1992-05-11,3.7245006111664503,3.7245006111664503,3.7336698561095893,3.7336698561095893,0.0,0.0,0.0,0.0
1992-05-12,4.395233378589012,4.395233378589012,4.404412790134115,4.404412790134115,0.0,0.0,0.0,0.0
1992-05-13,4.395223892878529,4.395223892878529,4.404412790134115,4.404412790134115,0.0,0.0,0.0,0.0
1992-05-14,4.395214642103779,4.395214642103779,4.404412790134115,4.404412790134115,0.0,0.0,0.0,0.0
1992-05-15,4.395205120269689,4.395205120269689,4.404412790134115,4.404412790134115,0.0,0.0,0.0,0.0
1992-05-16,4.395195135876073,4.395195135876073,4.404412790134115,4.404412790134115,0.0,0.0,0.0,0.0
1992-05-17,4.395184567828169,4.395184567828169,4.404412790134115,4.404412790134115,0.0,0.0,0.0,0.0
1992-05-18,4.395173899206908,4.395173899206908,4.404412790134115,4.404412790134115,0.0,0.0,0.0,0.0
1992-05-19,4.3951635233351425,4.3951635233351425,4.404412790134115,4.404412790134115,0.0,0.0,0.0,0.0
1992-05-20,4.395154416723388,4.395154416723388,4.404412790134115,4.404412790134115,0.0,0.0,0.0,0.0
1992-05-21,4.395146601618552,4.395146601618552,4.404412790134115,4.404412790134115,0.0,0.0,0.0,0.0
1992-05-22,4.395137761981336,4.395137761981336,4.404412790134115,4.404412790134115,0.0,0.0,0.0,0.0
1992-05-23,4.395127324690715,4.395127324690715,4.404412790134115,4.404412790134115,0.0,0.0,0.0,0.0
1992-05-24,4.3951163179423105,4.3951163179423105,4.404412790134115,4.404412790134115,0.0,0.0,0.0,0.0
1992-05-25,4.395105573100964,4.395105573100964,4.404412790134115,4.404412790134115,0.0,0.0,0.0,0.0
1992-05-26,4.395095617000056,4.395095617000056,4.404412790134115,4.404412790134115,0.0,0.0,0.0,0.0
1992-05-27,4.39508651221556,4.39508651221556,4.404412790134115,4.404412790134115,0.0,0.0,0.0,0.0
1992-05-28,4.395077794876743,4.395077794876743,4.404412790134115,4.404412790134115,0.0,0.0,0.0,0.0
1992-05-29,4.395069260176561,4.395069260176561,4.404412790134115,4.404412790134115,0.0,0.0,0.0,0.0
1992-05-30,4.395061064908913,4.395061064908913,4.404412790134115,4.404412790134115,0.0,0.0,0.0,0.0
1992-05-31,4.39505294742695,4.39505294742695,4.404412790134115,4.404412790134115,0.0,0.0,0.0,0.0
1992-06-01,4.395083255120359,4.395083255120359,4.404412790134115,4.404412790134115,0.0,0.0,0.7810559982504345,0.7810559982504345
1992-06-02,4.395074433419892,4.395074433419892,4.404412790134115,4.404412790134115,0.0,0.0,0.0,0.0
1992-06-03,4.395065906886153,4.395065906886153,4.404412790134115,4.404412790134115,0.0,0.0,0.7810559982504345,0.7810559982504345
1992-06-04,4.331756853592995,4.331756853592995,4.34111190408036,4.34111190408036,0.0,0.0,0.7810559982504345,0.7810559982504345
1992-06-05,3.599947861583297,3.599947861583297,3.6093105757671,3.6093105757671,0.0,0.0,0.7810559982504345,0.7810559982504345
1992-06-06,3.4325643922620133,3.4325643922620133,3.44193422615538,3.44193422615538,0.0,0.0,0.7810559982504345,0.7810559982504345
1992-06-07,3.2296454333782094,3.2296454333782094,3.23902136672296,3.23902136672296,0.0,0.0,0.7810559982504345,0.7810559982504345
1992-06-08,3.1566403747455754,3.1566403747455754,3.166021668838241,3.166021668838241,0.0,0.0,0.7810559982504345,0.7810559982504345
1992-06-09,2.784984882909193,2.784984882909193,2.79437155214606,2.79437155214606,0.0,0.0,0.7810559982504345,0.7810559982504345
1992-06-10,2.5839782173675414,2.5839782173675414,2.59337007985976,2.59337007985976,0.0,0.0,0.7810559982504345,0.7810559982504345
1992-06-11,2.4206492621066666,2.4206492621066666,2.43004587099784,2.43004587099784,0.0,0.0,0.7810559982504345,0.7810559982504345
1992-06-12,2.3108094534801724,2.3108094534801724,2.32020992003302,2.32020992003302,0.0,0.0,0.7810559982504345,0.7810559982504345
1992-06-13,2.2307271423094526,2.2307271423094526,2.24013044415906,2.24013044415906,0.0,0.0,0.7810559982504345,0.7810559982504345
1992-06-14,2.2145586899497287,2.214558689949729,2.2239644653886175,2.223964465388618,0.0,0.0,0.7810559982504345,0.7810559982504345
1992-06-15,2.1956108299600916,2.1956108299600916,2.205019104156361,2.205019104156361,0.0,0.0,0.7810559982504345,0.7810559982504345
1992-06-16,2.195633510634498,2.1956335106344986,2.205043914336432,2.205043914336432,0.0,0.0,0.0,0.0
1992-06-17,2.195656891835356,2.195656891835356,2.2050694977292746,2.2050694977292746,0.0,0.0,0.7810559982504345,0.7810559982504345
1992-06-18,2.1956847462839475,2.1956847462839475,2.2051000037600463,2.2051000037600463,0.0,0.0,0.7810559982504345,0.7810559982504345
1992-06-19,2.1957110644804834,2.1957110644804834,2.2051288512735248,2.2051288512735248,0.0,0.0,0.7810559982504345,0.7810559982504345
1992-06-20,2.195734269945969,2.195734269945969,2.205154305949126,2.205154305949126,0.0,0.0,0.7810559982504345,0.7810559982504345
1992-06-21,2.1957542238882906,2.1957542238882906,2.205176210843794,2.205176210843794,0.0,0.0,0.7810559982504345,0.7810559982504345
1992-06-22,2.175464191561091,2.175464191561091,2.1848878024186,2.1848878024186,0.0,0.0,0.7810559982504345,0.7810559982504345
1992-06-23,2.1754785036027293,2.1754785036027293,2.184903506553147,2.184903506553147,0.0,0.0,0.7810559982504345,0.7810559982504345
1992-06-24,2.1754821165216693,2.1754821165216693,2.1849083896649044,2.1849083896649044,0.0,0.0,0.7810559982504345,0.7810559982504345
1992-06-25,2.1755023686958967,2.1755023686958967,2.184929764433504,2.184929764433504,0.0,0.0,0.7810559982504345,0.7810559982504345
1992-06-26,2.1755118738255157,2.1755118738255157,2.1849402292943507,2.1849402292943507,0.0,0.0,0.7810559982504345,0.7810559982504345
1992-06-27,2.175519889609845,2.175519889609845,2.184949057116207,2.184949057116207,0.0,0.0,0.7810559982504345,0.7810559982504345
1992-06-28,2.175526683366244,2.175526683366244,2.184956527953684,2.184956527953684,0.0,0.0,0.7810559982504345,0.7810559982504345
1992-06-29,2.1672266090025007,2.1672266090025007,2.1763642169646817,2.1763642169646817,0.0,0.0,0.7810559982504345,0.7810559982504345
1992-06-30,2.1677749446551786,2.1677749446551786,2.17676069227115,2.17676069227115,0.0,0.0,0.0,0.0
1992-07-01,2.1949204154308832,2.1949204154308832,2.204272335601995,2.204272335601995,0.0,0.0,0.7810559982504345,0.7810559982504345
1992-07-02,2.1949258392697337,2.1949258392697337,2.204278272419277,2.204278272419277,0.0,0.0,0.7810559982504345,0.7810559982504345
1992-07-03,2.194931315424049,2.194931315424049,2.2042843191233965,2.2042843191233965,0.0,0.0,0.7810559982504345,0.7810559982504345
1992-07-04,2.194936725130328,2.194936725130328,2.204290347918832,2.204290347918832,0.0,0.0,0.7810559982504345,0.7810559982504345
1992-07-05,2.194941344074413,2.194941344074413,2.2042955432284423,2.2042955432284423,0.0,0.0,0.7810559982504345,0.7810559982504345
1992-07-06,2.194944723637579,2.194944723637579,2.2042993262296298,2.2042993262296298,0.0,0.0,0.7810559982504345,0.7810559982504345
1992-07-07,2.194947491024995,2.194947491024995,2.204302375625211,2.204302375625211,0.0,0.0,0.7810559982504345,0.7810559982504345
1992-07-08,2.1949495422946383,2.1949495422946383,2.204304696937921,2.204304696937921,0.0,0.0,0.7810559982504345,0.7810559982504345
1992-07-09,2.194951318988098,2.194951318988098,2.2043067513427412,2.2043067513427412,0.0,0.0,0.7810559982504345,0.7810559982504345
1992-07-10,2.1949529594458146,2.1949529594458146,2.2043085920471097,2.2043085920471097,0.0,0.0,0.7810559982504345,0.7810559982504345
1992-07-11,2.106326924306694,2.106326924306694,2.109914989744219,2.109914989744219,0.0,0.0,0.7810559982504345,0.7810559982504345
1992-07-12,2.164851959540743,2.164851959540743,2.1736261247662982,2.1736261247662982,0.0,0.0,0.7810559982504345,0.7810559982504345
1992-07-13,2.1924064259492595,2.1924064259492595,2.201585598129294,2.201585598129294,0.0,0.0,0.7810559982504345,0.7810559982504345
1992-07-14,2.1879717755730668,2.1879717755730668,2.1971210750271966,2.1971210750271966,0.0,0.0,0.0,0.0
1992-07-15,2.1946578636570266,2.1946578636570266,2.2039830366101354,2.2039830366101354,0.0,0.0,0.7810559982504345,0.7810559982504345
1992-07-16,2.1949598832845867,2.1949598832845867,2.2043161199139107,2.2043161199139107,0.0,0.0,0.7810559982504345,0.7810559982504345
1992-07-17,2.1949609123838414,2.1949609123838414,2.2043172470404646,2.2043172470404646,0.0,0.0,0.7810559982504345,0.7810559982504345
1992-07-18,2.1949619662928455,2.1949619662928455,2.204318398984528,2.204318398984528,0.0,0.0,0.7810559982504345,0.7810559982504345
1992-07-19,2.1949630419449626,2.1949630419449626,2.2043195726503653,2.2043195726503653,0.0,0.0,0.7810559982504345,0.7810559982504345
1992-07-20,2.1949641348631905,2.1949641348631905,2.2043207636055917,2.2043207636055917,0.0,0.0,0.7810559982504345,0.7810559982504345
1992-07-21,2.1949652398002515,2.1949652398002515,2.2043219665796516,2.2043219665796516,0.0,0.0,0.7810559982504345,0.7810559982504345
1992-07-22,2.1949663536840833,2.1949663536840833,2.2043231784791435,2.2043231784791435,0.0,0.0,0.7810559982504345,0.7810559982504345
1992-07-23,2.194967473663219,2.194967473663219,2.204324396481699,2.204324396481699,0.0,0.0,0.7810559982504345,0.7810559982504345
1992-07-24,2.1949685978173945,2.1949685978173945,2.2043256186224367,2.2043256186224367,0.0,0.0,0.7810559982504345,0.7810559982504345
1992-07-25,2.19496972504544,2.19496972504544,2.2043268438370447,2.2043268438370447,0.0,0.0,0.7810559982504345,0.7810559982504345
1992-07-26,2.194970854743431,2.194970854743431,2.2043280715293574,2.2043280715293574,0.0,0.0,0.7810559982504345,0.7810559982504345
1992-07-27,2.1949719861645973,2.1949719861645973,2.204329300907988,2.204329300907988,0.0,0.0,0.7810559982504345,0.7810559982504345
1992-07-28,2.1949731185585533,2.1949731185585533,2.2043305312516486,2.2043305312516486,0.0,0.0,0.0,0.0
1992-07-29,2.1949742519488047,2.1949742519488047,2.2043317625625067,2.2043317625625067,0.0,0.0,0.7810559982504345,0.7810559982504345
1992-07-30,2.194975385684415,2.194975385684415,2.204332994210964,2.204332994210964,0.0,0.0,0.7810559982504345,0.7810559982504345
1992-07-31,2.1949765197925055,2.1949765197925055,2.2043342261950447,2.2043342261950447,0.0,0.0,0.7810559982504345,0.7810559982504345
1992-08-01,2.191881682419668,2.191881682419668,2.2009754067355316,2.2009754067355316,0.0,0.0,0.7810559982504345,0.7810559982504345
1992-08-02,2.1918835162181667,2.1918835162181667,2.200977398685047,2.200977398685047,0.0,0.0,0.7810559982504345,0.7810559982504345
1992-08-03,2.1918853497623836,2.1918853497623836,2.200979390367738,2.200979390367738,0.0,0.0,0.7810559982504345,0.7810559982504345
1992-08-04,2.191887182838956,2.191887182838956,2.2009813815702417,2.2009813815702417,0.0,0.0,0.7810559982504345,0.7810559982504345
1992-08-05,2.191889015836613,2.191889015836613,2.200983372574674,2.200983372574674,0.0,0.0,0.7810559982504345,0.7810559982504345
1992-08-06,2.1918908488313478,2.1918908488313478,2.2009853636357626,2.2009853636357626,0.0,0.0,0.7810559982504345,0.7810559982504345
1992-08-07,2.1918926815805686,2.1918926815805686,2.200987354332181,2.200987354332181,0.0,0.0,0.7810559982504345,0.7810559982504345
1992-08-08,2.1918945135260253,2.1918945135260253,2.2009893442593276,2.2009893442593276,0.0,0.0,0.7810559982504345,0.7810559982504345
1992-08-09,2.191896345661463,2.191896345661463,2.20099133432942,2.20099133432942,0.0,0.0,0.7810559982504345,0.7810559982504345
1992-08-10,2.191898177188962,2.191898177188962,2.2009933237194534,2.2009933237194534,0.0,0.0,0.7810559982504345,0.7810559982504345
1992-08-11,2.19190000823128,2.19190000823128,2.2009953126117634,2.2009953126117634,0.0,0.0,0.0,0.0
1992-08-12,2.191901838896559,2.191901838896559,2.200997301067456,2.200997301067456,0.0,0.0,0.7810559982504345,0.7810559982504345
1992-08-13,2.191903669515074,2.191903669515074,2.2009992894763846,2.2009992894763846,0.0,0.0,0.7810559982504345,0.7810559982504345
1992-08-14,2.1919054995227283,2.1919054995227283,2.201001277202332,2.201001277202332,0.0,0.0,0.7810559982504345,0.7810559982504345
1992-08-15,2.1919073288669115,2.1919073288669115,2.201003264252266,2.201003264252266,0.0,0.0,0.7810559982504345,0.7810559982504345
1992-08-16,2.19190915793343,2.19190915793343,2.201005250964957,2.201005250964957,0.0,0.0,0.7810559982504345,0.7810559982504345
1992-08-17,2.191910986950262,2.191910986950262,2.2010072376279615,2.2010072376279615,0.0,0.0,0.7810559982504345,0.7810559982504345
1992-08-18,2.1919128153094687,2.1919128153094687,2.20100922356122,2.20100922356122,0.0,0.0,0.7810559982504345,0.7810559982504345
1992-08-19,2.1919146430052043,2.1919146430052043,2.201011208818465,2.201011208818465,0.0,0.0,0.7810559982504345,0.7810559982504345
1992-08-20,2.1919164710107544,2.1919164710107544,2.2010131943384894,2.2010131943384894,0.0,0.0,0.7810559982504345,0.7810559982504345
1992-08-21,2.1919182978910348,2.1919182978910348,2.2010151787081584,2.2010151787081584,0.0,0.0,0.7810559982504345,0.7810559982504345
1992-08-22,2.1919201244731914,2.1919201244731914,2.201017162720126,2.201017162720126,0.0,0.0,0.7810559982504345,0.7810559982504345
1992-08-23,2.191921950979356,2.191921950979356,2.2010191466561015,2.2010191466561015,0.0,0.0,0.7810559982504345,0.7810559982504345
1992-08-24,2.1919237768775823,2.1919237768775823,2.201021129912018,2.201021129912018,0.0,0.0,0.7810559982504345,0.7810559982504345
1992-08-25,2.1919256021123377,2.1919256021123377,2.201023112491921,2.201023112491921,0.0,0.0,0.0,0.0
1992-08-26,2.191927427043124,2.191927427043124,2.2010250947082772,2.2010250947082772,0.0,0.0,0.7810559982504345,0.7810559982504345
1992-08-27,2.1919292519213003,2.1919292519213003,2.2010270768720233,2.2010270768720233,0.0,0.0,0.7810559982504345,0.7810559982504345
1992-08-28,2.1919310759927897,2.1919310759927897,2.2010290581569616,2.2010290581569616,0.0,0.0,0.7810559982504345,0.7810559982504345
1992-08-29,2.191932900061356,2.191932900061356,2.2010310394389774,2.2010310394389774,0.0,0.0,0.7810559982504345,0.7810559982504345
1992-08-30,2.19193472337,2.19193472337,2.20103301988895,2.20103301988895,0.0,0.0,0.7810559982504345,0.7810559982504345
1992-08-31,2.191936546529582,2.191936546529582,2.2010350001898606,2.2010350001898606,0.0,0.0,0.7810559982504345,0.7810559982504345
1992-09-01,2.1924640044281514,2.1924640044281514,2.2016074474317686,2.2016074474317686,0.0,0.0,0.7810559982504345,0.7810559982504345
1992-09-02,2.192465707448862,2.192465707448862,2.201609297268718,2.201609297268718,0.0,0.0,0.7810559982504345,0.7810559982504345
1992-09-03,2.1924674102892467,2.1924674102892467,2.2016111468696478,2.2016111468696478,0.0,0.0,0.7810559982504345,0.7810559982504345
1992-09-04,2.1924691131241674,2.1924691131241674,2.201612996465114,2.201612996465114,0.0,0.0,0.7810559982504345,0.7810559982504345
1992-09-05,2.192470815199534,2.192470815199534,2.2016148452336077,2.2016148452336077,0.0,0.0,0.7810559982504345,0.7810559982504345
1992-09-06,2.1924725171082358,2.1924725171082358,2.201616693835437,2.201616693835437,0.0,0.0,0.7810559982504345,0.7810559982504345
1992-09-07,2.192474218470496,2.192474218470496,2.2016185418234064,2.2016185418234064,0.0,0.0,0.7810559982504345,0.7810559982504345
1992-09-08,2.192475919575929,2.192475919575929,2.2016203895545483,2.2016203895545483,0.0,0.0,0.0,0.0
1992-09-09,2.1924776201349205,2.1924776201349205,2.2016222366718305,2.2016222366718305,0.0,0.0,0.7810559982504345,0.7810559982504345
1992-09-10,2.1924793205026574,2.1924793205026574,2.2016240835978587,2.2016240835978587,0.0,0.0,0.7810559982504345,0.7810559982504345
1992-09-11,2.1924810203020946,2.1924810203020946,2.2016259298881686,2.2016259298881686,0.0,0.0,0.7810559982504345,0.7810559982504345
1992-09-12,2.192482719907545,2.192482719907545,2.2016277759844916,2.2016277759844916,0.0,0.0,0.7810559982504345,0.7810559982504345
1992-09-13,2.1924844188053543,2.1924844188053543,2.2016296213057553,2.2016296213057553,0.0,0.0,0.7810559982504345,0.7810559982504345
1992-09-14,2.192486117634858,2.192486117634858,2.201631466558714,2.201631466558714,0.0,0.0,0.7810559982504345,0.7810559982504345
1992-09-15,2.1924878158878656,2.1924878158878656,2.201633311167758,2.201633311167758,0.0,0.0,0.7810559982504345,0.7810559982504345
1992-09-16,2.192489513911368,2.192489513911368,2.2016351555472964,2.2016351555472964,0.0,0.0,0.7810559982504345,0.7810559982504345
1992-09-17,2.1924912112436217,2.1924912112436217,2.201636999168169,2.201636999168169,0.0,0.0,0.7810559982504345,0.7810559982504345
1992-09-18,2.1924929085731435,2.1924929085731435,2.2016388427863087,2.2016388427863087,0.0,0.0,0.7810559982504345,0.7810559982504345
1992-09-19,2.1924946051704333,2.1924946051704333,2.2016406856047985,2.2016406856047985,0.0,0.0,0.7810559982504345,0.7810559982504345
1992-09-20,2.192496301693953,2.192496301693953,2.2016425283495185,2.2016425283495185,0.0,0.0,0.7810559982504345,0.7810559982504345
1992-09-21,2.192497997553547,2.192497997553547,2.201644370362894,2.201644370362894,0.0,0.0,0.7810559982504345,0.7810559982504345
1992-09-22,2.192499693273798,2.192499693273798,2.2016462122369274,2.2016462122369274,0.0,0.0,0.0,0.0
1992-09-23,2.1925013883246582,2.1925013883246582,2.2016480533741514,2.2016480533741514,0.0,0.0,0.7810559982504345,0.7810559982504345
1992-09-24,2.1925030833099455,2.1925030833099455,2.201649894445802,2.201649894445802,0.0,0.0,0.7810559982504345,0.7810559982504345
1992-09-25,2.192504778013815,2.192504778013815,2.2016517351803424,2.2016517351803424,0.0,0.0,0.7810559982504345,0.7810559982504345
1992-09-26,2.1925064720728837,2.1925064720728837,2.201653575258357,2.201653575258357,0.0,0.0,0.7810559982504345,0.7810559982504345
1992-09-27,2.1925081656975314,2.1925081656975314,2.201655414890225,2.201655414890225,0.0,0.0,0.7810559982504345,0.7810559982504345
1992-09-28,2.1925098590271004,2.1925098590271004,2.2016572541156285,2.2016572541156285,0.0,0.0,0.7810559982504345,0.7810559982504345
1992-09-29,2.192511551889462,2.192511551889462,2.2016590929177924,2.2016590929177924,0.0,0.0,0.7810559982504345,0.7810559982504345
1992-09-30,2.1925132443201347,2.1925132443201347,2.2016609311768813,2.2016609311768813,0.0,0.0,0.7810559982504345,0.7810559982504345
1992-10-01,2.1940224552662397,2.1940224552662397,2.2032988574510117,2.2032988574510117,0.0,0.0,0.7810559982504345,0.7810559982504345
1992-10-02,2.1940238059189245,2.1940238059189245,2.203300324498546,2.203300324498546,0.0,0.0,0.7810559982504345,0.7810559982504345
1992-10-03,2.1940251569098086,2.1940251569098086,2.2033017919381193,2.2033017919381193,0.0,0.0,0.7810559982504345,0.7810559982504345
1992-10-04,2.194026507387939,2.194026507387939,2.203303258811099,2.203303258811099,0.0,0.0,0.7810559982504345,0.7810559982504345
1992-10-05,2.178146849327434,2.178146849327434,2.1874237170916033,2.1874237170916033,0.0,0.0,0.7810559982504345,0.7810559982504345
1992-10-06,2.178148199148803,2.178148199148803,2.187425183253982,2.187425183253982,0.0,0.0,0.0,0.0
1992-10-07,2.178149548723614,2.178149548723614,2.1874266491253254,2.1874266491253254,0.0,0.0,0.7810559982504345,0.7810559982504345
1992-10-08,2.178150897934042,2.178150897934042,2.187428114622923,2.187428114622923,0.0,0.0,0.7810559982504345,0.7810559982504345
1992-10-09,2.1781522467124477,2.1781522467124477,2.1874295796346583,2.1874295796346583,0.0,0.0,0.7810559982504345,0.7810559982504345
1992-10-10,2.1781535952813877,2.1781535952813877,2.187431044436928,2.187431044436928,0.0,0.0,0.7810559982504345,0.7810559982504345
1992-10-11,2.178154943627771,2.178154943627771,2.1874325089721647,2.1874325089721647,0.0,0.0,0.7810559982504345,0.7810559982504345
1992-10-12,2.194037299659654,2.194037299659654,2.2033149811835373,2.2033149811835373,0.0,0.0,0.7810559982504345,0.7810559982504345
1992-10-13,2.1940386474932834,2.1940386474932834,2.2033164451521796,2.2033164451521796,0.0,0.0,0.7810559982504345,0.7810559982504345
1992-10-14,2.194039994790158,2.194039994790158,2.203317908574704,2.203317908574704,0.0,0.0,0.7810559982504345,0.7810559982504345
1992-10-15,2.1940413417837434,2.1940413417837434,2.203319371684576,2.203319371684576,0.0,0.0,0.7810559982504345,0.7810559982504345
1992-10-16,2.1940426883474884,2.1940426883474884,2.2033208342756545,2.2033208342756545,0.0,0.0,0.7810559982504345,0.7810559982504345
1992-10-17,2.1940440350399677,2.1940440350399677,2.2033222970399438,2.2033222970399438,0.0,0.0,0.7810559982504345,0.7810559982504345
1992-10-18,2.1940453811062324,2.1940453811062324,2.2033237591241783,2.2033237591241783,0.0,0.0,0.7810559982504345,0.7810559982504345
1992-10-19,2.1129281734188314,2.1129281734188314,2.122206667410271,2.122206667410271,0.0,0.0,0.7810559982504345,0.7810559982504345
1992-10-20,2.08066526866002,2.08066526866002,2.0867895917646786,2.0867895917646786,0.0,0.0,0.0,0.0
1992-10-21,2.1129308642160187,2.1129308642160187,2.122209590091242,2.122209590091242,0.0,0.0,0.7810559982504345,0.7810559982504345
1992-10-22,2.1109948002246237,2.1109948002246237,2.1200836386629898,2.1200836386629898,0.0,0.0,0.7810559982504345,0.7810559982504345
1992-10-23,2.112933553780415,2.112933553780415,2.1222125114317416,2.1222125114317416,0.0,0.0,0.7810559982504345,0.7810559982504345
1992-10-24,2.1129348980073117,2.1129348980073117,2.122213971515089,2.122213971515089,0.0,0.0,0.7810559982504345,0.7810559982504345
1992-10-25,2.1129362418370965,2.1129362418370965,2.1222154311919605,2.1222154311919605,0.0,0.0,0.7810559982504345,0.7810559982504345
1992-10-26,1.8439441428993395,1.8439441428993395,1.8532234480661773,1.8532234480661773,0.0,0.0,0.7810559982504345,0.7810559982504345
1992-10-27,1.8433715874261833,1.8433715874261833,1.8526510083417915,1.8526510083417915,0.0,0.0,0.7810559982504345,0.7810559982504345
1992-10-28,1.8322443850271823,1.8322443850271823,1.8400940443087672,1.8400940443087672,0.0,0.0,0.7810559982504345,0.7810559982504345
1992-10-29,1.6937502356779182,1.6937502356779182,1.6892504798108152,1.6892504798108152,0.0,0.0,0.7810559982504345,0.7810559982504345
1992-10-30,1.6475750568390353,1.6475750568390353,1.6379127087459044,1.6379127087459044,0.0,0.0,0.7810559982504345,0.7810559982504345
1992-10-31,1.8135161757146125,1.8135161757146125,1.8196847873555515,1.8196847873555515,0.0,0.0,0.7810559982504345,0.7810559982504345
1992-11-01,1.842576787684692,1.842576787684692,1.851741324212486,1.851741324212486,0.0,0.0,1.562111993001738,1.562111993001738
1992-11-02,1.4784446710552508,1.4784446710552508,1.4876864834867283,1.4876864834867283,0.0,0.0,0.0,0.0
1992-11-03,1.4784395835187956,1.4784395835187956,1.487680840806251,1.487680840806251,0.0,0.0,0.0,0.0
1992-11-04,1.4784344734751478,1.4784344734751478,1.487675174545788,1.487675174545788,0.0,0.0,0.0,0.0
1992-11-05,1.4784295257310498,1.4784295257310498,1.4876696880410014,1.4876696880410014,0.0,0.0,0.0,0.0
1992-11-06,1.4784248463637355,1.4784248463637355,1.487664498519138,1.487664498519138,0.0,0.0,0.0,0.0
1992-11-07,1.4784205227908493,1.4784205227908493,1.4876597029298728,1.4876597029298728,0.0,0.0,0.0,0.0
1992-11-08,1.4784166233044267,1.4784166233044267,1.4876553769818333,1.4876553769818333,0.0,0.0,0.0,0.0
1992-11-09,1.6549121150111685,1.6549121150111685,1.6641504865003989,1.6641504865003989,0.0,0.0,0.0,0.0
1992-11-10,1.654908926399349,1.654908926399349,1.664146948502244,1.664146948502244,0.0,0.0,0.0,0.0
1992-11-11,1.6549059852518975,1.6549059852518975,1.664143685104845,1.664143685104845,0.0,0.0,0.0,0.0
1992-11-12,1.6549032812086202,1.6549032812086202,1.6641406843953477,1.6641406843953477,0.0,0.0,0.0,0.0
1992-11-13,1.6549008283016777,1.6549008283016777,1.664137961802805,1.664137961802805,0.0,0.0,0.0,0.0
1992-11-14,1.6548986648783055,1.6548986648783055,1.6641355599731613,1.6641355599731613,0.0,0.0,0.0,0.0
1992-11-15,1.654896811141349,1.654896811141349,1.6641335011317409,1.6641335011317409,0.0,0.0,0.0,0.0
1992-11-16,1.4913544561382264,1.4913544561382264,1.5005909718663266,1.5005909718663266,0.0,0.0,0.0,0.0
1992-11-17,1.4913531515196246,1.4913531515196246,1.5005895208755398,1.5005895208755398,0.0,0.0,0.0,0.0
1992-11-18,1.4913520524820139,1.4913520524820139,1.500588297087423,1.500588297087423,0.0,0.0,0.0,0.0
1992-11-19,1.488488956355575,1.488488956355575,1.497037872688056,1.497037872688056,0.0,0.0,0.0,0.0
1992-11-20,1.4893047692272188,1.4893047692272188,1.4982970482370315,1.4982970482370315,0.0,0.0,0.0,0.0
1992-11-21,1.4878571511843361,1.4878571511843361,1.4967673571870617,1.4967673571870617,0.0,0.0,0.0,0.0
1992-11-22,1.48711919260925,1.48711919260925,1.4958879113939185,1.4958879113939185,0.0,0.0,0.0,0.0
1992-11-23,1.5728129045086765,1.5728129045086765,1.5817468408091964,1.5817468408091964,0.0,0.0,0.0,0.0
1992-11-24,1.5754214766994799,1.5754214766994799,1.5846005271625043,1.5846005271625043,0.0,0.0,0.0,0.0
1992-11-25,1.5757104224504683,1.5757104224504683,1.5849444492635234,1.5849444492635234,0.0,0.0,0.0,0.0
1992-11-26,1.5756529208429437,1.5756529208429437,1.5848840580037582,1.5848840580037582,0.0,0.0,0.0,0.0
1992-11-27,1.575797011146516,1.575797011146516,1.5850324823585837,1.5850324823585837,0.0,0.0,0.0,0.0
1992-11-28,1.575796589814028,1.575796589814028,1.5850320034520313,1.5850320034520313,0.0,0.0,0.0,0.0
1992-11-29,1.5757962636974323,1.5757962636974323,1.5850316295270543,1.5850316295270543,0.0,0.0,0.0,0.0
1992-11-30,1.4949192227825487,1.4949192227825487,1.504154548760547,1.504154548760547,0.0,0.0,0.0,0.0
1992-12-01,1.4945676347239372,1.4945676347239372,1.5037728637376286,1.5037728637376286,0.0,0.0,0.0,0.0
1992-12-02,1.4942520373023498,1.4942520373023498,1.5034144496907205,1.5034144496907205,0.0,0.0,0.0,0.0
1992-12-03,1.4943976410504682,1.4943976410504682,1.5035847178664592,1.5035847178664592,0.0,0.0,0.0,0.0
1992-12-04,1.4945674398936768,1.4945674398936768,1.5037726008098637,1.5037726008098637,0.0,0.0,0.0,0.0
1992-12-05,1.4924019831518198,1.4924019831518198,1.5014858273327962,1.5014858273327962,0.0,0.0,0.0,0.0
1992-12-06,1.1525527666526483,1.1525527666526483,1.1267564023419314,1.1267564023419314,0.0,0.0,0.0,0.0
1992-12-07,1.0505422859314737,1.0505422859314737,1.0146745246172655,1.0146745246172655,0.0,0.0,0.0,0.0
1992-12-08,1.0098659462739432,1.0098659462739432,0.9731367611805548,0.9731367611805548,0.0,0.0,0.0,0.0
1992-12-09,0.8750745772796026,0.8750745772796026,0.8127755587118044,0.8127755587118044,0.0,0.0,0.0,0.0
1992-12-10,0.5779756519576178,0.5779756519576178,0.5017211643914478,0.5017211643914478,0.0,0.0,0.0,0.0
1992-12-11,0.9451044993093117,0.9451044993093117,0.9067798774438173,0.9067798774438173,0.0,0.0,0.0,0.0
1992-12-12,1.3890617222436163,1.3890617222436163,1.3885824199559877,1.3885824199559877,0.0,0.0,0.0,0.0
1992-12-13,1.4859215270222936,1.4859215270222936,1.4923154096134443,1.4923154096134443,0.0,0.0,0.0,0.0
1992-12-14,1.5065942387555664,1.5065942387555664,1.515440929616916,1.515440929616916,0.0,0.0,0.0,0.0
1992-12-15,1.5046995639164793,1.5046995639164793,1.5134185876204456,1.5134185876204456,0.0,0.0,0.0,0.0
1992-12-16,1.503859814994066,1.503859814994066,1.5124907238971674,1.5124907238971674,0.0,0.0,0.0,0.0
1992-12-17,1.3973290725248608,1.3973290725248608,1.3954712798742774,1.3954712798742774,0.0,0.0,0.0,0.0
1992-12-18,1.4857646723908184,1.4857646723908184,1.493072085131902,1.493072085131902,0.0,0.0,0.0,0.0
1992-12-19,1.502159780670137,1.502159780670137,1.5106590090400576,1.5106590090400576,0.0,0.0,0.0,0.0
1992-12-20,1.5041842963307734,1.5041842963307734,1.5124247642722852,1.5124247642722852,0.0,0.0,0.0,0.0
1992-12-21,1.5077855116297445,1.5077855116297445,1.5165799210677335,1.5165799210677335,0.0,0.0,0.0,0.0
1992-12-22,1.507736468347865,1.507736468347865,1.5165265726760224,1.5165265726760224,0.0,0.0,0.0,0.0
1992-12-23,1.5076933366928722,1.5076933366928722,1.5164796388661943,1.5164796388661943,0.0,0.0,0.0,0.0
1992-12-24,1.507660082905661,1.507660082905661,1.5164435214546506,1.5164435214546506,0.0,0.0,0.0,0.0
1992-12-25,1.5076379950969994,1.5076379950969994,1.5164196706910935,1.5164196706910935,0.0,0.0,0.0,0.0
1992-12-26,1.507623165822545,1.507623165822545,1.516403778134327,1.516403778134327,0.0,0.0,0.0,0.0
1992-12-27,1.5055708710874827,1.5055708710874827,1.5141916510285889,1.5141916510285889,0.0,0.0,0.0,0.0
1992-12-28,0.8494245033913634,0.8494245033913634,0.8010552783230942,0.8010552783230942,0.0,0.0,0.0,0.0
1992-12-29,0.5270257294782532,0.5270257294782532,0.44503559623253647,0.44503559623253647,0.0,0.0,0.0,0.0
1992-12-30,1.391712110340194,1.391712110340194,1.388410764752539,1.388410764752539,0.0,0.0,0.0,0.0
1992-12-31,1.4659352848188947,1.4659352848188947,1.4706966118438616,1.4706966118438616,0.0,0.0,0.0,0.0
1993-01-01,1.263845908744233,1.263845908744233,1.252488693902819,1.252488693902819,0.0,0.0,0.0,0.0
1993-01-02,1.4681554815183204,1.4681554815183204,1.4739381582079845,1.4739381582079845,0.0,0.0,0.0,0.0
1993-01-03,1.5033627884548386,1.5033627884548386,1.5109714096354976,1.5109714096354976,0.0,0.0,0.0,0.0
1993-01-04,1.4872572427576354,1.4872572427576354,1.4945157603279418,1.4945157603279418,0.0,0.0,52.08415433106355,52.08415433106355
1993-01-05,1.4892711995125023,1.4892711995125023,1.497074273918303,1.497074273918303,0.0,0.0,104.16830842879008,104.16830842879008
1993-01-06,1.1468649053207884,1.1468649053207884,1.1257931173847362,1.1257931173847362,0.0,0.0,42.61294685758298,42.61294685758298
1993-01-07,0.4115639538861968,0.4115639538861968,0.32030710535155904,0.32030710535155904,0.0,0.0,1.38476176,1.38476176
1993-01-08,0.4827058494449863,0.4827058494449863,0.4079006229575691,0.4079006229575691,0.0,0.0,0.523816846,0.523816846
1993-01-09,1.1309824936290078,1.1309824936290078,1.1088210193033508,1.1088210193033508,0.0,0.0,0.342520576,0.342520576
1993-01-10,1.3202028818498273,1.3202028818498273,1.3137158744227972,1.3137158744227972,0.0,0.0,0.17615344,0.17615344
1993-01-11,1.3577952063153527,1.3577952063153527,1.3547206766158868,1.3547206766158868,0.0,0.0,0.0,0.0
1993-01-12,1.0743585760698755,1.0743585760698755,1.049139846705629,1.049139846705629,0.0,0.0,0.0,0.0
1993-01-13,0.33556367346408744,0.33556367346408744,0.24599262683569503,0.24599262683569503,0.0,0.0,0.0,0.0
1993-01-14,0.17825338196326768,0.17825338196326768,0.05068128430155847,0.05068128430155847,0.0,0.0,0.0,0.0
1993-01-15,0.5625684765097071,0.5625684765097071,0.4663313263775359,0.4663313263775359,0.0,0.0,0.0,0.0
1993-01-16,0.4935471359769281,0.4935471359769281,0.3927729054969796,0.3927729054969796,0.0,0.0,0.0,0.0
1993-01-17,0.15099060793099683,0.15099060793099683,0.009786200000000028,0.009786200000000028,0.0,0.0,0.0,0.0
1993-01-18,0.1291978536282823,0.1291978536282822,0.009786200000000083,0.0097862,0.0,0.0,0.0,0.0
1993-01-19,0.1112484477166433,0.1112484477166433,0.0190061194222945,0.0190061194222945,0.0,0.0,0.0,0.0
1993-01-20,0.116417279316099,0.11641727931609902,0.0097862,0.009786200000000014,0.0,0.0,0.0,0.0
1993-01-21,0.1291082347602668,0.1291082347602668,0.0097862,0.0097862,0.0,0.0,0.0,0.0
1993-01-22,0.1076292737076222,0.1076292737076222,0.0097862,0.0097862,0.0,0.0,0.0,0.0
1993-01-23,0.16602091292429064,0.16602091292429064,0.07594487173668343,0.07594487173668343,0.0,0.0,0.0,0.0
1993-01-24,0.1773689220243843,0.1773689220243843,0.0894831200148383,0.0894831200148383,0.0,0.0,0.0,0.0
1993-01-25,0.6299578977348497,0.6299578977348497,0.5471108739363746,0.5471108739363746,0.0,0.0,0.0,0.0
1993-01-26,0.6600381520120872,0.6600381520120872,0.5840911155978747,0.5840911155978747,0.0,0.0,0.0,0.0
1993-01-27,0.7080347613827014,0.7080347613827014,0.6396298038446595,0.6396298038446595,0.0,0.0,0.0,0.0
1993-01-28,0.7721344930629063,0.7721344930629063,0.7110779210531338,0.7110779210531338,0.0,0.0,0.0,0.0
1993-01-29,0.8354800879629108,0.8354800879629108,0.781036895601276,0.781036895601276,0.0,0.0,0.0,0.0
1993-01-30,0.8915361340522437,0.8915361340522437,0.8427320630428541,0.8427320630428541,0.0,0.0,0.0,0.0
1993-01-31,0.9417534956678884,0.9417534956678884,0.8979353856624105,0.8979353856624105,0.0,0.0,0.0,0.0
1993-02-01,4.436838205651859,4.43683820565186,11.074934688960575,11.074934688960575,0.0,0.0,0.0,0.0
1993-02-02,4.433321416590511,4.433321416590511,11.074934688960575,11.074934688960575,0.0,0.0,0.0,0.0
1993-02-03,4.43006138610328,4.43006138610328,11.074934688960575,11.074934688960575,0.0,0.0,0.0,0.0
1993-02-04,4.428046224904858,4.428046224904858,11.074934688960575,11.074934688960575,0.0,0.0,0.0,0.0
1993-02-05,4.426644537690751,4.426644537690751,11.074934688960575,11.074934688960575,0.0,0.0,0.0,0.0
1993-02-06,4.423661035075882,4.423661035075882,11.074934688960575,11.074934688960575,0.0,0.0,0.0,0.0
1993-02-07,4.426842527304725,4.426842527304725,11.074934688960575,11.074934688960575,0.0,0.0,0.0,0.0
1993-02-08,4.447043175355527,4.447043175355527,11.124000856293248,11.124000856293248,0.0,0.0,0.0,0.0
1993-02-09,4.438692748459857,4.438692748459857,11.124000856293248,11.124000856293248,0.0,0.0,0.0,0.0
1993-02-10,4.433713008059306,4.433713008059306,11.124000856293248,11.124000856293248,0.0,0.0,0.0,0.0
1993-02-11,4.43326078579196,4.43326078579196,11.124000856293248,11.124000856293248,0.0,0.0,0.0,0.0
1993-02-12,4.432004428000079,4.432004428000079,11.124000856293248,11.124000856293248,0.0,0.0,0.0,0.0
1993-02-13,4.431149048567871,4.431149048567871,11.124000856293248,11.124000856293248,0.0,0.0,0.0,0.0
1993-02-14,4.429759865000377,4.429759865000377,11.124000856293248,11.124000856293248,0.0,0.0,0.0,0.0
1993-02-15,4.427992517296221,4.427992517296221,11.175569073222965,11.175569073222965,0.0,0.0,0.0,0.0
1993-02-16,4.428990280372854,4.428990280372854,11.175569073222965,11.175569073222965,0.0,0.0,0.0,0.0
1993-02-17,4.429604293494096,4.429604293494096,11.175569073222965,11.175569073222965,0.0,0.0,0.0,0.0
1993-02-18,4.443195119684721,4.443195119684721,11.175569073222965,11.175569073222965,0.0,0.0,0.0,0.0
1993-02-19,4.457789036685083,4.457789036685083,11.175569073222965,11.175569073222965,0.0,0.0,0.0,0.0
1993-02-20,4.4596094456203526,4.4596094456203526,11.175569073222965,11.175569073222965,0.0,0.0,0.0,0.0
1993-02-21,4.447947957394588,4.447947957394588,11.175569073222965,11.175569073222965,0.0,0.0,0.0,0.0
1993-02-22,4.4518469559912015,4.4518469559912015,11.229894757313003,11.229894757313003,0.0,0.0,0.0,0.0
1993-02-23,4.463077157944626,4.463077157944626,11.229894757313003,11.229894757313003,0.0,0.0,0.0,0.0
1993-02-24,4.4607122913301005,4.4607122913301005,11.229894757313003,11.229894757313003,0.0,0.0,0.0,0.0
1993-02-25,4.455112978900898,4.455112978900898,11.229894757313003,11.229894757313003,0.0,0.0,0.0,0.0
1993-02-26,4.458035143536298,4.458035143536298,11.229894757313003,11.229894757313003,0.0,0.0,0.0,0.0
1993-02-27,4.453465794083573,4.453465794083573,11.229894757313003,11.229894757313003,0.0,0.0,0.0,0.0
1993-02-28,4.44904770203001,4.44904770203001,11.229894757313003,11.229894757313003,0.0,0.0,0.0,0.0
1993-03-01,4.4405511618294815,4.4405511618294815,11.287273782777206,11.287273782777206,0.0,0.0,0.0,0.0
1993-03-02,4.4375936345450695,4.4375936345450695,11.287273782777206,11.287273782777206,0.0,0.0,0.0,0.0
1993-03-03,4.434415771621692,4.434415771621692,11.287273782777206,11.287273782777206,0.0,0.0,0.0,0.0
1993-03-04,4.4312570002229235,4.4312570002229235,11.287273782777206,11.287273782777206,0.0,0.0,0.0,0.0
1993-03-05,4.428180868944228,4.428180868944228,11.287273782777206,11.287273782777206,0.0,0.0,0.0,0.0
1993-03-06,4.4252306389267355,4.4252306389267355,11.287273782777206,11.287273782777206,0.0,0.0,0.0,0.0
1993-03-07,4.42238305362293,4.42238305362293,11.287273782777206,11.287273782777206,0.0,0.0,0.0,0.0
1993-03-08,4.419636804138677,4.419636804138677,11.348051412063587,11.348051412063587,0.0,0.0,0.0,0.0
1993-03-09,4.417069848237323,4.417069848237323,11.348051412063587,11.348051412063587,0.0,0.0,0.0,0.0
1993-03-10,4.414780386346515,4.414780386346515,11.348051412063587,11.348051412063587,0.0,0.0,0.0,0.0
1993-03-11,4.412798476352552,4.412798476352552,11.348051412063587,11.348051412063587,0.0,0.0,0.0,0.0
1993-03-12,4.41106259892705,4.41106259892705,11.348051412063587,11.348051412063587,0.0,0.0,0.0,0.0
1993-03-13,4.409838283881591,4.409838283881591,11.348051412063587,11.348051412063587,0.0,0.0,0.0,0.0
1993-03-14,4.408235836084569,4.408235836084569,11.348051412063587,11.348051412063587,0.0,0.0,0.0,0.0
1993-03-15,4.407906975241939,4.407906975241939,11.412633819775687,11.412633819775687,0.0,0.0,0.0,0.0
1993-03-16,4.415722785625315,4.415722785625315,11.412633819775687,11.412633819775687,0.0,0.0,0.0,0.0
1993-03-17,4.414088601125404,4.414088601125404,11.412633819775687,11.412633819775687,0.0,0.0,0.0,0.0
1993-03-18,4.406034873263227,4.406034873263227,11.412633819775687,11.412633819775687,0.0,0.0,0.0,0.0
1993-03-19,4.405934577687578,4.405934577687578,11.412633819775687,11.412633819775687,0.0,0.0,0.0,0.0
1993-03-20,4.405482000896408,4.405482000896408,11.412633819775687,11.412633819775687,0.0,0.0,0.0,0.0
1993-03-21,4.404867645626836,4.404867645626836,11.412633819775687,11.412633819775687,0.0,0.0,0.0,0.0
1993-03-22,4.4041844964267955,4.4041844964267955,11.481503163179978,11.481503163179978,0.0,0.0,0.0,0.0
1993-03-23,4.422608794195099,4.422608794195099,11.481503163179978,11.481503163179978,0.0,0.0,0.0,0.0
1993-03-24,4.44698907845699,4.44698907845699,11.481503163179978,11.481503163179978,0.0,0.0,0.0,0.0
1993-03-25,4.468208769948911,4.468208769948911,11.481503163179978,11.481503163179978,0.0,0.0,0.0,0.0
1993-03-26,4.447332131397755,4.447332131397755,11.481503163179978,11.481503163179978,0.0,0.0,0.0,0.0
1993-03-27,4.438037588266501,4.438037588266501,11.481503163179978,11.481503163179978,0.0,0.0,0.0,0.0
1993-03-28,4.440415330043443,4.440415330043443,11.481503163179978,11.481503163179978,0.0,0.0,0.0,0.0
1993-03-29,4.440327104301077,4.440327104301077,11.555237588650192,11.555237588650192,0.0,0.0,4.746815989367132,4.746815989367132
1993-03-30,4.436319802369771,4.436319802369771,11.555237588650192,11.555237588650192,0.0,0.0,9.493631957468528,9.493631957468528
1993-03-31,4.45265615240592,4.45265615240592,11.555237588650192,11.555237588650192,0.0,0.0,18.987263872405585,18.987263872405585
1993-04-01,4.4449554412670205,4.4449554412670205,11.555237588650192,11.555237588650192,0.0,0.0,37.974527659748226,37.974527659748226
1993-04-02,4.437457820754446,4.437457820754446,11.555237588650192,11.555237588650192,0.0,0.0,75.94905514937055,75.94905514937055
1993-04-03,4.438595982737811,4.438595982737811,11.555237588650192,11.555237588650192,0.0,0.0,56.614232147639946,56.614232147639946
1993-04-04,4.434159699875138,4.434159699875138,11.555237588650192,11.555237588650192,0.0,0.0,3.864403146,3.864403146
1993-04-05,4.431695608326326,4.431695608326326,11.634538240367078,11.634538240367078,0.0,0.0,0.0,0.0
1993-04-06,4.428973322561866,4.428973322561866,11.634538240367078,11.634538240367078,0.0,0.0,0.0,0.0
1993-04-07,4.426183057904438,4.426183057904438,11.634538240367078,11.634538240367078,0.0,0.0,0.0,0.0
1993-04-08,4.423199488528545,4.423199488528545,11.634538240367078,11.634538240367078,0.0,0.0,0.0,0.0
1993-04-09,4.420217696494736,4.420217696494736,11.634538240367078,11.634538240367078,0.0,0.0,0.0,0.0
1993-04-10,4.417602612075691,4.417602612075691,11.634538240367078,11.634538240367078,0.0,0.0,0.0,0.0
1993-04-11,4.415403286452555,4.415403286452555,11.634538240367078,11.634538240367078,0.0,0.0,0.0,0.0
1993-04-12,4.413432414541012,4.413432414541012,11.720266418603332,11.720266418603332,0.0,0.0,0.0,0.0
1993-04-13,4.411565337658365,4.411565337658365,11.720266418603332,11.720266418603332,0.0,0.0,0.0,0.0
1993-04-14,4.409750801945293,4.409750801945293,11.720266418603332,11.720266418603332,0.0,0.0,0.0,0.0
1993-04-15,4.408051872535049,4.408051872535049,11.720266418603332,11.720266418603332,0.0,0.0,0.0,0.0
1993-04-16,4.406969923332155,4.406969923332155,11.720266418603332,11.720266418603332,0.0,0.0,0.0,0.0
1993-04-17,4.407430266466331,4.407430266466331,11.720266418603332,11.720266418603332,0.0,0.0,0.0,0.0
1993-04-18,4.405919343328691,4.405919343328691,11.720266418603332,11.720266418603332,0.0,0.0,0.0,0.0
1993-04-19,4.404527670338164,4.404527670338164,11.813495812448997,11.813495812448997,0.0,0.0,4.746815989367136,4.746815989367136
1993-04-20,4.403445409516703,4.403445409516703,11.813495812448997,11.813495812448997,0.0,0.0,9.493631957468537,9.493631957468537
1993-04-21,4.402249648794402,4.402249648794402,11.813495812448997,11.813495812448997,0.0,0.0,18.987263872405606,18.987263872405606
1993-04-22,4.401150686240918,4.401150686240918,11.813495812448997,11.813495812448997,0.0,0.0,37.97452765974827,37.97452765974827
1993-04-23,4.400327330660306,4.400327330660306,11.813495812448997,11.813495812448997,0.0,0.0,31.14098120101048,31.14098120101048
1993-04-24,4.3997091790462015,4.3997091790462015,11.813495812448997,11.813495812448997,0.0,0.0,5.079090836000001,5.079090836000001
1993-04-25,4.399162562381283,4.399162562381283,11.813495812448997,11.813495812448997,0.0,0.0,5.7874115260000005,5.7874115260000005
1993-04-26,4.398493056410873,4.398493056410873,11.9155877536271,11.9155877536271,0.0,0.0,0.0,0.0
1993-04-27,4.397896954345265,4.397896954345265,11.9155877536271,11.9155877536271,0.0,0.0,0.0,0.0
1993-04-28,4.39738361714811,4.39738361714811,11.9155877536271,11.9155877536271,0.0,0.0,0.0,0.0
1993-04-29,4.396878204213471,4.396878204213471,11.9155877536271,11.9155877536271,0.0,0.0,0.0,0.0
1993-04-30,4.3964184876767956,4.3964184876767956,11.9155877536271,11.9155877536271,0.0,0.0,0.0,0.0
1993-05-01,4.396038519182953,4.396038519182953,11.9155877536271,11.9155877536271,0.0,0.0,0.0,0.0
1993-05-02,4.395756342373768,4.395756342373768,11.9155877536271,11.9155877536271,0.0,0.0,0.0,0.0
1993-05-03,4.395573405220376,4.395573405220376,12.0283027751905,12.0283027751905,0.0,0.0,0.0,0.0
1993-05-04,4.395471715020446,4.395471715020446,12.0283027751905,12.0283027751905,0.0,0.0,0.0,0.0
1993-05-05,4.395429511191848,4.395429511191848,12.0283027751905,12.0283027751905,0.0,0.0,0.0,0.0
1993-05-06,4.39541685587247,4.39541685587247,12.0283027751905,12.0283027751905,0.0,0.0,0.0,0.0
1993-05-07,4.395409833469313,4.395409833469313,12.0283027751905,12.0283027751905,0.0,0.0,0.0,0.0
1993-05-08,4.395403013875865,4.395403013875865,12.0283027751905,12.0283027751905,0.0,0.0,0.0,0.0
1993-05-09,4.39539619338405,4.39539619338405,12.0283027751905,12.0283027751905,0.0,0.0,0.0,0.0
1993-05-10,4.395388063638958,4.395388063638958,12.153971612688661,12.153971612688661,0.0,0.0,4.74681598936715,4.74681598936715
1993-05-11,4.39537770261494,4.39537770261494,12.153971612688661,12.153971612688661,0.0,0.0,9.49363195746858,9.49363195746858
1993-05-12,4.395368440754531,4.395368440754531,12.153971612688661,12.153971612688661,0.0,0.0,18.98726387240569,18.98726387240569
1993-05-13,4.395362100658727,4.395362100658727,12.153971612688661,12.153971612688661,0.0,0.0,37.97452765974843,37.97452765974843
1993-05-14,4.395355568722581,4.395355568722581,12.153971612688661,12.153971612688661,0.0,0.0,75.94905514937096,75.94905514937096
1993-05-15,4.39534746411138,4.39534746411138,12.153971612688661,12.153971612688661,0.0,0.0,52.176539777639185,52.176539777639185
1993-05-16,4.395338524874762,4.395338524874762,12.153971612688661,12.153971612688661,0.0,0.0,16.489775692000002,16.489775692000002
1993-05-17,4.395328703283051,4.395328703283051,12.295767951028639,12.295767951028639,0.0,0.0,0.0,0.0
1993-05-18,4.3953183922448025,4.3953183922448025,12.295767951028639,12.295767951028639,0.0,0.0,0.0,0.0
1993-05-19,4.3953086814951465,4.3953086814951465,12.295767951028639,12.295767951028639,0.0,0.0,0.0,0.0
1993-05-20,4.3952992572049725,4.3952992572049725,12.295767951028639,12.295767951028639,0.0,0.0,0.0,0.0
1993-05-21,4.39529062261611,4.39529062261611,12.295767951028639,12.295767951028639,0.0,0.0,0.0,0.0
1993-05-22,4.39528209722666,4.39528209722666,12.295767951028639,12.295767951028639,0.0,0.0,0.0,0.0
1993-05-23,4.395272347216385,4.395272347216385,12.295767951028639,12.295767951028639,0.0,0.0,0.0,0.0
1993-05-24,4.402283045806645,4.402283045806645,12.458164889504827,12.458164889504827,0.0,0.0,0.0,0.0
1993-05-25,4.397114566072833,4.397114566072833,12.458164889504827,12.458164889504827,0.0,0.0,0.0,0.0
1993-05-26,4.395258381544758,4.395258381544758,12.458164889504827,12.458164889504827,0.0,0.0,0.0,0.0
1993-05-27,4.395249951216362,4.395249951216362,12.458164889504827,12.458164889504827,0.0,0.0,0.0,0.0
1993-05-28,4.395243364142653,4.395243364142653,12.458164889504827,12.458164889504827,0.0,0.0,0.0,0.0
1993-05-29,4.395236930012083,4.395236930012083,12.458164889504827,12.458164889504827,0.0,0.0,0.0,0.0
1993-05-30,4.400458592932917,4.400458592932917,12.458164889504827,12.458164889504827,0.0,0.0,0.0,0.0
1993-05-31,4.396838520714727,4.396838520714727,12.647745663384462,12.647745663384462,0.0,0.0,0.0,0.0
1993-06-01,4.395296174620809,4.395296174620809,12.647745663384462,12.647745663384462,0.0,0.0,0.7810559982504345,0.7810559982504345
1993-06-02,4.395273154705583,4.395273154705583,12.647745663384462,12.647745663384462,0.0,0.0,0.7810559982504345,0.7810559982504345
1993-06-03,4.395266321273818,4.395266321273818,12.647745663384462,12.647745663384462,0.0,0.0,0.0,0.0
1993-06-04,4.400885890319914,4.400885890319914,12.647745663384462,12.647745663384462,0.0,0.0,0.7810559982504345,0.7810559982504345
1993-06-05,4.3992286385014046,4.3992286385014046,12.647745663384462,12.647745663384462,0.0,0.0,0.7810559982504345,0.7810559982504345
1993-06-06,4.39977761713424,4.39977761713424,12.647745663384462,12.647745663384462,0.0,0.0,0.7810559982504345,0.7810559982504345
1993-06-07,4.396947711297963,4.396947711297963,12.874756487560209,12.874756487560209,0.0,0.0,0.7810559982504345,0.7810559982504345
1993-06-08,4.395258338641222,4.395258338641222,12.874756487560209,12.874756487560209,0.0,0.0,0.7810559982504345,0.7810559982504345
1993-06-09,4.39525336418465,4.39525336418465,12.874756487560209,12.874756487560209,0.0,0.0,0.7810559982504345,0.7810559982504345
1993-06-10,4.395245448951694,4.395245448951694,12.874756487560209,12.874756487560209,0.0,0.0,0.7810559982504345,0.7810559982504345
1993-06-11,4.395236425869921,4.395236425869921,12.874756487560209,12.874756487560209,0.0,0.0,0.7810559982504345,0.7810559982504345
1993-06-12,4.395227610316612,4.395227610316612,12.874756487560209,12.874756487560209,0.0,0.0,0.7810559982504345,0.7810559982504345
1993-06-13,4.395218776145608,4.395218776145608,12.874756487560209,12.874756487560209,0.0,0.0,0.7810559982504345,0.7810559982504345
1993-06-14,4.395209269495957,4.395209269495957,13.156391791403355,13.156391791403355,0.0,0.0,0.7810559982504345,0.7810559982504345
1993-06-15,4.395198870081304,4.395198870081304,13.156391791403355,13.156391791403355,0.0,0.0,0.7810559982504345,0.7810559982504345
1993-06-16,4.395188490573469,4.395188490573469,13.156391791403355,13.156391791403355,0.0,0.0,0.7810559982504345,0.7810559982504345
1993-06-17,4.395178549122008,4.395178549122008,13.156391791403355,13.156391791403355,0.0,0.0,0.0,0.0
1993-06-18,4.395168225654589,4.395168225654589,13.156391791403355,13.156391791403355,0.0,0.0,0.7810559982504345,0.7810559982504345
1993-06-19,4.39515732334471,4.39515732334471,13.156391791403355,13.156391791403355,0.0,0.0,0.7810559982504345,0.7810559982504345
1993-06-20,4.395178653610975,4.395178653610975,13.156391791403355,13.156391791403355,0.0,0.0,0.7810559982504345,0.7810559982504345
1993-06-21,4.395137463087203,4.395137463087203,13.524770768989166,13.524770768989166,0.0,0.0,0.7810559982504345,0.7810559982504345
1993-06-22,4.395128931938332,4.395128931938332,13.524770768989166,13.524770768989166,0.0,0.0,0.7810559982504345,0.7810559982504345
1993-06-23,4.395120672280426,4.395120672280426,13.524770768989166,13.524770768989166,0.0,0.0,0.7810559982504345,0.7810559982504345
1993-06-24,4.395112020766668,4.395112020766668,13.524770768989166,13.524770768989166,0.0,0.0,0.7810559982504345,0.7810559982504345
1993-06-25,4.395102586227041,4.395102586227041,13.524770768989166,13.524770768989166,0.0,0.0,0.7810559982504345,0.7810559982504345
1993-06-26,4.395092703613334,4.395092703613334,13.524770768989166,13.524770768989166,0.0,0.0,0.7810559982504345,0.7810559982504345
1993-06-27,4.3950830016120515,4.3950830016120515,13.524770768989166,13.524770768989166,0.0,0.0,0.7810559982504345,0.7810559982504345
1993-06-28,4.395073816159288,4.395073816159288,13.761605711081176,13.761605711081176,0.0,0.0,0.7810559982504345,0.7810559982504345
1993-06-29,4.395065647891126,4.395065647891126,13.761605711081176,13.761605711081176,0.0,0.0,0.7810559982504345,0.7810559982504345
1993-06-30,4.395058178252431,4.395058178252431,13.761605711081176,13.761605711081176,0.0,0.0,0.7810559982504345,0.7810559982504345
1993-07-01,4.39514493222776,4.39514493222776,13.761605711081176,13.761605711081176,0.0,0.0,0.0,0.0
1993-07-02,4.395136202434378,4.395136202434378,13.761605711081176,13.761605711081176,0.0,0.0,0.7810559982504345,0.7810559982504345
1993-07-03,4.395128053006526,4.395128053006526,13.761605711081176,13.761605711081176,0.0,0.0,0.7810559982504345,0.7810559982504345
1993-07-04,4.395120627824142,4.395120627824142,13.761605711081176,13.761605711081176,0.0,0.0,0.7810559982504345,0.7810559982504345
1993-07-05,4.395113712871398,4.395113712871398,12.473411598327244,12.473411598327244,0.0,0.0,0.7810559982504345,0.7810559982504345
1993-07-06,4.395107196739791,4.395107196739791,12.473411598327244,12.473411598327244,0.0,0.0,0.7810559982504345,0.7810559982504345
1993-07-07,4.3951011296098015,4.3951011296098015,12.473411598327244,12.473411598327244,0.0,0.0,0.7810559982504345,0.7810559982504345
1993-07-08,4.395095596738584,4.395095596738584,12.473411598327244,12.473411598327244,0.0,0.0,0.7810559982504345,0.7810559982504345
1993-07-09,4.395090560455862,4.395090560455862,12.473411598327244,12.473411598327244,0.0,0.0,0.7810559982504345,0.7810559982504345
1993-07-10,4.395086013267928,4.395086013267928,12.473411598327244,12.473411598327244,0.0,0.0,0.7810559982504345,0.7810559982504345
1993-07-11,4.395081960235896,4.395081960235896,12.473411598327244,12.473411598327244,0.0,0.0,0.7810559982504345,0.7810559982504345
1993-07-12,4.395078381216186,4.395078381216186,9.070506795480497,9.070506795480497,0.0,0.0,0.7810559982504345,0.7810559982504345
1993-07-13,4.395075286484276,4.395075286484276,9.070506795480497,9.070506795480497,0.0,0.0,0.7810559982504345,0.7810559982504345
1993-07-14,4.395072630519243,4.395072630519243,9.070506795480497,9.070506795480497,0.0,0.0,0.7810559982504345,0.7810559982504345
1993-07-15,4.3950703467293355,4.3950703467293355,9.070506795480497,9.070506795480497,0.0,0.0,0.0,0.0
1993-07-16,4.395068453944841,4.395068453944841,9.070506795480497,9.070506795480497,0.0,0.0,0.7810559982504345,0.7810559982504345
1993-07-17,4.395066868541973,4.395066868541973,9.070506795480497,9.070506795480497,0.0,0.0,0.7810559982504345,0.7810559982504345
1993-07-18,4.395065447655346,4.395065447655346,9.070506795480497,9.070506795480497,0.0,0.0,0.7810559982504345,0.7810559982504345
1993-07-19,2.1651795855060842,2.1651795855060842,2.1745281717422245,2.1745281717422245,0.0,0.0,0.7810559982504345,0.7810559982504345
1993-07-20,2.165192965899279,2.165192965899279,2.174542599644204,2.174542599644204,0.0,0.0,0.7810559982504345,0.7810559982504345
1993-07-21,2.1652044291936563,2.1652044291936563,2.1745549450038686,2.1745549450038686,0.0,0.0,0.7810559982504345,0.7810559982504345
1993-07-22,2.165214522887117,2.165214522887117,2.174565793575236,2.174565793575236,0.0,0.0,0.7810559982504345,0.7810559982504345
1993-07-23,2.933735995948899,2.933735995948899,2.9430879586030985,2.9430879586030985,0.0,0.0,0.7810559982504345,0.7810559982504345
1993-07-24,4.395060162633177,4.395060162633177,4.404412790134115,4.404412790134115,0.0,0.0,0.7810559982504345,0.7810559982504345
1993-07-25,4.395059517107513,4.395059517107513,4.404412790134115,4.404412790134115,0.0,0.0,0.7810559982504345,0.7810559982504345
1993-07-26,4.395058972449114,4.395058972449114,4.404412790134115,4.404412790134115,0.0,0.0,0.7810559982504345,0.7810559982504345
1993-07-27,4.395058603922879,4.395058603922879,4.404412790134115,4.404412790134115,0.0,0.0,0.7810559982504345,0.7810559982504345
1993-07-28,4.395058325590761,4.395058325590761,4.404412790134115,4.404412790134115,0.0,0.0,0.7810559982504345,0.7810559982504345
1993-07-29,4.395058068201447,4.395058068201447,4.404412790134115,4.404412790134115,0.0,0.0,0.0,0.0
1993-07-30,4.190606295471308,4.190606295471308,4.19996126589706,4.19996126589706,0.0,0.0,0.7810559982504345,0.7810559982504345
1993-07-31,3.9445821550558575,3.9445821550558575,3.95393737767208,3.95393737767208,0.0,0.0,0.7810559982504345,0.7810559982504345
1993-08-01,2.9455667729725996,2.9455667729725996,2.95465677876096,2.95465677876096,0.0,0.0,0.7810559982504345,0.7810559982504345
1993-08-02,2.9359034371711235,2.9359034371711235,2.94499379187256,2.94499379187256,0.0,0.0,0.7810559982504345,0.7810559982504345
1993-08-03,2.9199141848786594,2.9199141848786594,2.92900473010698,2.92900473010698,0.0,0.0,0.7810559982504345,0.7810559982504345
1993-08-04,2.6628262811609047,2.6628262811609047,2.67191699318844,2.67191699318844,0.0,0.0,0.7810559982504345,0.7810559982504345
1993-08-05,2.4590870503604854,2.4590870503604854,2.4681779212477,2.4681779212477,0.0,0.0,0.7810559982504345,0.7810559982504345
1993-08-06,2.439884233023745,2.439884233023745,2.44897526277064,2.44897526277064,0.0,0.0,0.7810559982504345,0.7810559982504345
1993-08-07,2.261330919116366,2.261330919116366,2.27042210765082,2.27042210765082,0.0,0.0,0.7810559982504345,0.7810559982504345
1993-08-08,2.154516757858053,2.154516757858053,2.1636081051079454,2.1636081051079454,0.0,0.0,0.7810559982504345,0.7810559982504345
1993-08-09,2.1757968827000687,2.1757968827000687,2.184888388677942,2.184888388677942,0.0,0.0,0.7810559982504345,0.7810559982504345
1993-08-10,2.1757992172320404,2.1757992172320404,2.184890881853232,2.184890881853232,0.0,0.0,0.7810559982504345,0.7810559982504345
1993-08-11,2.1758015181842008,2.1758015181842008,2.1848933414487104,2.1848933414487104,0.0,0.0,0.7810559982504345,0.7810559982504345
1993-08-12,2.1758037536953325,2.1758037536953325,2.18489573560316,2.18489573560316,0.0,0.0,0.0,0.0
1993-08-13,2.1758059391918647,2.1758059391918647,2.18489807967089,2.18489807967089,0.0,0.0,0.7810559982504345,0.7810559982504345
1993-08-14,2.1758079435462268,2.1758079435462268,2.1849002425368713,2.1849002425368713,0.0,0.0,0.7810559982504345,0.7810559982504345
1993-08-15,2.17580978366962,2.17580978366962,2.184902241159341,2.184902241159341,0.0,0.0,0.7810559982504345,0.7810559982504345
1993-08-16,2.1918628125443798,2.1918628125443798,2.200955428520635,2.200955428520635,0.0,0.0,0.7810559982504345,0.7810559982504345
1993-08-17,2.191864651685719,2.191864651685719,2.200957426029353,2.200957426029353,0.0,0.0,0.7810559982504345,0.7810559982504345
1993-08-18,2.1918664907452206,2.1918664907452206,2.2009594235158105,2.2009594235158105,0.0,0.0,0.7810559982504345,0.7810559982504345
1993-08-19,2.191868328995112,2.191868328995112,2.2009614201205374,2.2009614201205374,0.0,0.0,0.7810559982504345,0.7810559982504345
1993-08-20,2.1918701671164014,2.1918701671164014,2.2009634165370846,2.2009634165370846,0.0,0.0,0.7810559982504345,0.7810559982504345
1993-08-21,2.1918720047320503,2.1918720047320503,2.200965412435449,2.200965412435449,0.0,0.0,0.7810559982504345,0.7810559982504345
1993-08-22,2.1918738418888224,2.1918738418888224,2.2009674078153583,2.2009674078153583,0.0,0.0,0.7810559982504345,0.7810559982504345
1993-08-23,2.191875678668556,2.191875678668556,2.2009694028056863,2.2009694028056863,0.0,0.0,0.7810559982504345,0.7810559982504345
1993-08-24,2.1918775148286604,2.1918775148286604,2.2009713971638423,2.2009713971638423,0.0,0.0,0.7810559982504345,0.7810559982504345
1993-08-25,2.191879351093985,2.191879351093985,2.200973391580184,2.200973391580184,0.0,0.0,0.7810559982504345,0.7810559982504345
1993-08-26,2.191881186146356,2.191881186146356,2.200975384698908,2.200975384698908,0.0,0.0,0.0,0.0
1993-08-27,2.1918830212747196,2.1918830212747196,2.200977377893625,2.200977377893625,0.0,0.0,0.7810559982504345,0.7810559982504345
1993-08-28,2.1918848559705117,2.1918848559705117,2.2009793705961926,2.2009793705961926,0.0,0.0,0.7810559982504345,0.7810559982504345
1993-08-29,2.19188669015774,2.19188669015774,2.2009813627776538,2.2009813627776538,0.0,0.0,0.7810559982504345,0.7810559982504345
1993-08-30,2.1520062522675554,2.1520062522675554,2.1611010828221238,2.1611010828221238,0.0,0.0,0.7810559982504345,0.7810559982504345
1993-08-31,2.1520080855954866,2.1520080855954866,2.1611030740721673,2.1611030740721673,0.0,0.0,0.7810559982504345,0.7810559982504345
1993-09-01,2.1525385650278404,2.1525385650278404,2.1616787695824495,2.1616787695824495,0.0,0.0,0.7810559982504345,0.7810559982504345
1993-09-02,2.152540278124934,2.152540278124934,2.1616806302373814,2.1616806302373814,0.0,0.0,0.7810559982504345,0.7810559982504345
1993-09-03,2.152541990872305,2.152541990872305,2.161682490486898,2.161682490486898,0.0,0.0,0.7810559982504345,0.7810559982504345
1993-09-04,2.1525437031224137,2.1525437031224137,2.1616843502274268,2.1616843502274268,0.0,0.0,0.7810559982504345,0.7810559982504345
1993-09-05,2.1525454150637833,2.1525454150637833,2.1616862096035234,2.1616862096035234,0.0,0.0,0.7810559982504345,0.7810559982504345
1993-09-06,2.192429398471253,2.192429398471253,2.2015703404339955,2.2015703404339955,0.0,0.0,0.7810559982504345,0.7810559982504345
1993-09-07,2.1924311092951494,2.1924311092951494,2.201572198613476,2.201572198613476,0.0,0.0,0.7810559982504345,0.7810559982504345
1993-09-08,2.192432820266585,2.192432820266585,2.20157405695222,2.20157405695222,0.0,0.0,0.7810559982504345,0.7810559982504345
1993-09-09,2.1924345303254635,2.1924345303254635,2.2015759142992644,2.2015759142992644,0.0,0.0,0.0,0.0
1993-09-10,2.19243624065483,2.19243624065483,2.201577771928522,2.201577771928522,0.0,0.0,0.7810559982504345,0.7810559982504345
1993-09-11,2.1924379500470494,2.1924379500470494,2.201579628597182,2.201579628597182,0.0,0.0,0.7810559982504345,0.7810559982504345
1993-09-12,2.1924396594092146,2.1924396594092146,2.2015814851361264,2.2015814851361264,0.0,0.0,0.7810559982504345,0.7810559982504345
1993-09-13,2.19244136804188,2.19244136804188,2.2015833409778147,2.2015833409778147,0.0,0.0,0.7810559982504345,0.7810559982504345
1993-09-14,2.1924430766663496,2.1924430766663496,2.2015851967673385,2.2015851967673385,0.0,0.0,0.7810559982504345,0.7810559982504345
1993-09-15,2.192444784807218,2.192444784807218,2.201587052005843,2.201587052005843,0.0,0.0,0.7810559982504345,0.7810559982504345
1993-09-16,2.1924464923114817,2.1924464923114817,2.2015889065960184,2.2015889065960184,0.0,0.0,0.7810559982504345,0.7810559982504345
1993-09-17,2.1924481996764027,2.1924481996764027,2.201590760991157,2.201590760991157,0.0,0.0,0.7810559982504345,0.7810559982504345
1993-09-18,2.192449906462096,2.192449906462096,2.2015926147953437,2.2015926147953437,0.0,0.0,0.7810559982504345,0.7810559982504345
1993-09-19,2.1924516130210154,2.1924516130210154,2.201594468317063,2.201594468317063,0.0,0.0,0.7810559982504345,0.7810559982504345
1993-09-20,2.146613276531407,2.146613276531407,2.1557562787785294,2.1557562787785294,0.0,0.0,0.7810559982504345,0.7810559982504345
1993-09-21,2.1466149821886984,2.1466149821886984,2.155758131331203,2.155758131331203,0.0,0.0,0.7810559982504345,0.7810559982504345
1993-09-22,2.146616687433426,2.146616687433426,2.1557599834595873,2.1557599834595873,0.0,0.0,0.7810559982504345,0.7810559982504345
1993-09-23,2.146618392451381,2.146618392451381,2.1557618353055057,2.1557618353055057,0.0,0.0,0.0,0.0
1993-09-24,2.1466200968928395,2.1466200968928395,2.155763686563203,2.155763686563203,0.0,0.0,0.7810559982504345,0.7810559982504345
1993-09-25,2.1466218011621687,2.1466218011621687,2.1557655376487705,2.1557655376487705,0.0,0.0,0.7810559982504345,0.7810559982504345
1993-09-26,2.1466235050981695,2.1466235050981695,2.1557673882896236,2.1557673882896236,0.0,0.0,0.7810559982504345,0.7810559982504345
1993-09-27,2.0981119467570877,2.0981119467570877,2.1072559766856376,2.1072559766856376,0.0,0.0,0.7810559982504345,0.7810559982504345
1993-09-28,2.0981136500400903,2.0981136500400903,2.107257826661767,2.107257826661767,0.0,0.0,0.7810559982504345,0.7810559982504345
1993-09-29,2.098115352615451,2.098115352615451,2.1072596758628372,2.1072596758628372,0.0,0.0,0.7810559982504345,0.7810559982504345
1993-09-30,2.098117054633441,2.098117054633441,2.1072615244948114,2.1072615244948114,0.0,0.0,0.7810559982504345,0.7810559982504345
1993-10-01,2.099634910343146,2.099634910343146,2.1089087439852894,2.1089087439852894,0.0,0.0,0.7810559982504345,0.7810559982504345
1993-10-02,2.0996362690755235,2.0996362690755235,2.108910219749231,2.108910219749231,0.0,0.0,0.7810559982504345,0.7810559982504345
1993-10-03,2.099637627517704,2.099637627517704,2.1089116951785,2.1089116951785,0.0,0.0,0.7810559982504345,0.7810559982504345
1993-10-04,2.1281511466938285,2.1281511466938285,2.137425331341713,2.137425331341713,0.0,0.0,0.7810559982504345,0.7810559982504345
1993-10-05,2.1281525045752527,2.1281525045752527,2.1374268061563853,2.1374268061563853,0.0,0.0,0.7810559982504345,0.7810559982504345
1993-10-06,2.128153862029018,2.128153862029018,2.137428280534036,2.137428280534036,0.0,0.0,0.7810559982504345,0.7810559982504345
1993-10-07,2.1281552192864095,2.1281552192864095,2.1374297546708356,2.1374297546708356,0.0,0.0,0.0,0.0
1993-10-08,2.1281565763234256,2.1281565763234256,2.13743122858726,2.13743122858726,0.0,0.0,0.7810559982504345,0.7810559982504345
1993-10-09,2.128157933048426,2.128157933048426,2.137432702182305,2.137432702182305,0.0,0.0,0.7810559982504345,0.7810559982504345
1993-10-10,2.093497932933599,2.093497932933599,2.099803256571649,2.099803256571649,0.0,0.0,0.7810559982504345,0.7810559982504345
1993-10-11,2.0741151138734923,2.0741151138734923,2.0833901165953055,2.0833901165953055,0.0,0.0,0.7810559982504345,0.7810559982504345
1993-10-12,2.0741164698631818,2.0741164698631818,2.0833915893567236,2.0833915893567236,0.0,0.0,0.7810559982504345,0.7810559982504345
1993-10-13,2.07411782511756,2.07411782511756,2.0833930613289904,2.0833930613289904,0.0,0.0,0.7810559982504345,0.7810559982504345
1993-10-14,2.064435147110132,2.064435147110132,2.0729486003347217,2.0729486003347217,0.0,0.0,0.7810559982504345,0.7810559982504345
1993-10-15,2.0723068277001424,2.0723068277001424,2.081582297284147,2.081582297284147,0.0,0.0,0.7810559982504345,0.7810559982504345
1993-10-16,2.0623419939050978,2.0623419939050978,2.0702687407488773,2.0702687407488773,0.0,0.0,0.7810559982504345,0.7810559982504345
1993-10-17,2.0735786511015384,2.0735786511015384,2.082854353959801,2.082854353959801,0.0,0.0,0.7810559982504345,0.7810559982504345
1993-10-18,2.116669900132329,2.116669900132329,2.1259158756412075,2.1259158756412075,0.0,0.0,0.7810559982504345,0.7810559982504345
1993-10-19,2.1179581335000766,2.1179581335000766,2.1272340695155534,2.1272340695155534,0.0,0.0,0.7810559982504345,0.7810559982504345
1993-10-20,2.117959486781989,2.117959486781989,2.1272355393538347,2.1272355393538347,0.0,0.0,0.7810559982504345,0.7810559982504345
1993-10-21,2.117960839592604,2.117960839592604,2.1272370086669787,2.1272370086669787,0.0,0.0,0.0,0.0
1993-10-22,2.1179621919602867,2.1179621919602867,2.1272384775278272,2.1272384775278272,0.0,0.0,0.7810559982504345,0.7810559982504345
1993-10-23,2.117963544103231,2.117963544103231,2.127239946119461,2.127239946119461,0.0,0.0,0.7810559982504345,0.7810559982504345
1993-10-24,2.1179648961523516,2.1179648961523516,2.1272414146172705,2.1272414146172705,0.0,0.0,0.7810559982504345,0.7810559982504345
1993-10-25,2.0120030689066515,2.0120030689066515,2.021279703810896,2.021279703810896,0.0,0.0,0.7810559982504345,0.7810559982504345
1993-10-26,2.0120044203513774,2.0120044203513774,2.0212811716504713,2.0212811716504713,0.0,0.0,0.7810559982504345,0.7810559982504345
1993-10-27,2.012005771263712,2.012005771263712,2.0212826389038154,2.0212826389038154,0.0,0.0,0.7810559982504345,0.7810559982504345
1993-10-28,2.0120071220822235,2.0120071220822235,2.0212841060633364,2.0212841060633364,0.0,0.0,0.7810559982504345,0.7810559982504345
1993-10-29,2.0120084723530702,2.0120084723530702,2.0212855726213528,2.0212855726213528,0.0,0.0,0.7810559982504345,0.7810559982504345
1993-10-30,2.0120098222420792,2.0120098222420792,2.021287038788168,2.021287038788168,0.0,0.0,0.7810559982504345,0.7810559982504345
1993-10-31,2.012011172266368,2.012011172266368,2.0212885050551495,2.0212885050551495,0.0,0.0,0.7810559982504345,0.7810559982504345
1993-11-01,1.7553908433610659,1.7553908433610659,1.7646310128614944,1.7646310128614944,0.0,0.0,0.0,0.0
1993-11-02,1.75539229169925,1.75539229169925,1.7646325859501844,1.7646325859501844,0.0,0.0,0.0,0.0
1993-11-03,1.7553937392388745,1.7553937392388745,1.76463415817248,1.76463415817248,0.0,0.0,0.0,0.0
1993-11-04,1.7553951868955904,1.7553951868955904,1.7646357304741813,1.7646357304741813,0.0,0.0,0.0,0.0
1993-11-05,1.7553966337279867,1.7553966337279867,1.7646373019314636,1.7646373019314636,0.0,0.0,0.0,0.0
1993-11-06,1.7553980806657647,1.7553980806657647,1.764638873456442,1.764638873456442,0.0,0.0,0.0,0.0
1993-11-07,1.7553995271773326,1.7553995271773326,1.7646404445451604,1.7646404445451604,0.0,0.0,0.0,0.0
1993-11-08,1.4077224887665973,1.4077224887665973,1.4169635307015258,1.4169635307015258,0.0,0.0,0.0,0.0
1993-11-09,1.407723934528784,1.407723934528784,1.4169651009353426,1.4169651009353426,0.0,0.0,0.0,0.0
1993-11-10,1.3453029080332668,1.3453029080332668,1.3492982478580529,1.3492982478580529,0.0,0.0,0.0,0.0
1993-11-11,1.3819508651780876,1.3819508651780876,1.3892838053822074,1.3892838053822074,0.0,0.0,0.0,0.0
1993-11-12,1.4057210320430906,1.4057210320430906,1.414962571814291,1.414962571814291,0.0,0.0,0.0,0.0
1993-11-13,1.4077297112639948,1.4077297112639948,1.4169713753033213,1.4169713753033213,0.0,0.0,0.0,0.0
1993-11-14,1.4077311517547537,1.4077311517547537,1.416972940032057,1.416972940032057,0.0,0.0,0.0,0.0
1993-11-15,1.5758268603054835,1.5758268603054835,1.5850687727051938,1.5850687727051938,0.0,0.0,0.0,0.0
1993-11-16,1.5758282982998666,1.5758282982998666,1.5850703347541493,1.5850703347541493,0.0,0.0,0.0,0.0
1993-11-17,1.5758297352240402,1.5758297352240402,1.5850718957127958,1.5850718957127958,0.0,0.0,0.0,0.0
1993-11-18,1.5758311711787019,1.5758311711787019,1.5850734555964099,1.5850734555964099,0.0,0.0,0.0,0.0
1993-11-19,1.5758326066368986,1.5758326066368986,1.5850750149735096,1.5850750149735096,0.0,0.0,0.0,0.0
1993-11-20,1.575834041397234,1.575834041397234,1.5850765735949626,1.5850765735949626,0.0,0.0,0.0,0.0
1993-11-21,1.5746054667935359,1.5746054667935359,1.5835783824340204,1.5835783824340204,0.0,0.0,0.0,0.0
1993-11-22,1.420083776446223,1.420083776446223,1.4293265562305177,1.4293265562305177,0.0,0.0,0.0,0.0
1993-11-23,1.4196682599143737,1.4196682599143737,1.428877993185648,1.428877993185648,0.0,0.0,0.0,0.0
1993-11-24,1.420086641807829,1.420086641807829,1.4293296690053345,1.4293296690053345,0.0,0.0,0.0,0.0
1993-11-25,1.4200880738657093,1.4200880738657093,1.4293312246931922,1.4293312246931922,0.0,0.0,0.0,0.0
1993-11-26,1.4200895049938884,1.4200895049938884,1.4293327794312494,1.4293327794312494,0.0,0.0,0.0,0.0
1993-11-27,1.4200909360658638,1.4200909360658638,1.4293343340653673,1.4293343340653673,0.0,0.0,0.0,0.0
1993-11-28,1.4191352637487011,1.4191352637487011,1.4283787853002976,1.4283787853002976,0.0,0.0,0.0,0.0
1993-11-29,1.419679832409199,1.419679832409199,1.4210431857695147,1.4210431857695147,0.0,0.0,0.0,0.0
1993-11-30,1.4751854668438922,1.4751854668438922,1.481948053011165,1.481948053011165,0.0,0.0,0.0,0.0
1993-12-01,1.4999955819045936,1.4999955819045936,1.509186507750412,1.509186507750412,0.0,0.0,0.0,0.0
1993-12-02,1.4991806960780247,1.4991806960780247,1.5083951160425113,1.5083951160425113,0.0,0.0,0.0,0.0
1993-12-03,1.5001820901314302,1.5001820901314302,1.5093966341747527,1.5093966341747527,0.0,0.0,0.0,0.0
1993-12-04,1.500183499228552,1.500183499228552,1.5093981663227036,1.5093981663227036,0.0,0.0,0.0,0.0
1993-12-05,1.5001848983336188,1.5001848983336188,1.5093996877261409,1.5093996877261409,0.0,0.0,0.0,0.0
1993-12-06,1.4231607725266138,1.4231607725266138,1.4323756836478634,1.4323756836478634,0.0,0.0,0.0,0.0
1993-12-07,1.4231621576141555,1.4231621576141555,1.4323771900163667,1.4323771900163667,0.0,0.0,0.0,0.0
1993-12-08,1.4091257900085863,1.4091257900085863,1.4169715621105887,1.4169715621105887,0.0,0.0,0.0,0.0
1993-12-09,1.4231649089831337,1.4231649089831337,1.4323801825933724,1.4323801825933724,0.0,0.0,0.0,0.0
1993-12-10,1.2431542277721481,1.2431542277721481,1.2365004153336312,1.2365004153336312,0.0,0.0,0.0,0.0
1993-12-11,1.1969264179706924,1.1969264179706924,1.1849591307222536,1.1849591307222536,0.0,0.0,0.0,0.0
1993-12-12,1.3629314259228067,1.3629314259228067,1.365681052212151,1.365681052212151,0.0,0.0,0.0,0.0
1993-12-13,1.3978325796109243,1.3978325796109243,1.403825138113596,1.403825138113596,0.0,0.0,0.0,0.0
1993-12-14,1.219774507422562,1.219774507422562,1.2099622134054697,1.2099622134054697,0.0,0.0,0.0,0.0
1993-12-15,1.3502255186677512,1.3502255186677512,1.3502627199976769,1.3502627199976769,0.0,0.0,0.0,0.0
1993-12-16,1.4177535978135511,1.4177535978135511,1.4263142406368605,1.4263142406368605,0.0,0.0,0.0,0.0
1993-12-17,1.4191952524275748,1.4191952524275748,1.4282316627434974,1.4282316627434974,0.0,0.0,0.0,0.0
1993-12-18,1.4159759518004629,1.4159759518004629,1.424936880541921,1.424936880541921,0.0,0.0,0.0,0.0
1993-12-19,1.4285469726558875,1.4285469726558875,1.4377050158111755,1.4377050158111755,0.0,0.0,0.0,0.0
1993-12-20,1.4374226381573936,1.4374226381573936,1.4465747706946208,1.4465747706946208,0.0,0.0,0.0,0.0
1993-12-21,1.4373712139065429,1.4373712139065429,1.4465184261460309,1.4465184261460309,0.0,0.0,0.0,0.0
1993-12-22,1.4373272338998777,1.4373272338998777,1.4464702637226805,1.4464702637226805,0.0,0.0,0.0,0.0
1993-12-23,1.4372896504657093,1.4372896504657093,1.4464291204121036,1.4464291204121036,0.0,0.0,0.0,0.0
1993-12-24,1.4372573989142428,1.4372573989142428,1.4463938171693416,1.4463938171693416,0.0,0.0,0.0,0.0
1993-12-25,1.4372298080613923,1.4372298080613923,1.4463636388683156,1.4463636388683156,0.0,0.0,0.0,0.0
1993-12-26,1.4257297767369743,1.4257297767369743,1.433866470026865,1.433866470026865,0.0,0.0,0.0,0.0
1993-12-27,1.4388852666049683,1.4388852666049683,1.4480147773032284,1.4480147773032284,0.0,0.0,0.0,0.0
1993-12-28,1.4379583368865436,1.4379583368865436,1.4470165374978279,1.4470165374978279,0.0,0.0,0.0,0.0
1993-12-29,1.4388499539085828,1.4388499539085828,1.4479762825997835,1.4479762825997835,0.0,0.0,0.0,0.0
1993-12-30,1.4388361131240055,1.4388361131240055,1.4479612301952165,1.4479612301952165,0.0,0.0,0.0,0.0
1993-12-31,1.4388252780563469,1.4388252780563469,1.44794947903039,1.44794947903039,0.0,0.0,0.0,0.0
1994-01-01,1.4411599347195692,1.4411599347195692,1.450486529427872,1.450486529427872,0.0,0.0,0.0,0.0
1994-01-02,1.4411533627947601,1.4411533627947601,1.4504793935361513,1.4504793935361513,0.0,0.0,0.0,0.0
1994-01-03,1.4279560999995269,1.4279560999995269,1.4372817167415592,1.4372817167415592,0.0,0.0,8.146589189133328,8.146589189133328
1994-01-04,1.4011427444099698,1.4011427444099698,1.4078720624247385,1.4078720624247385,0.0,0.0,16.293178341769934,16.293178341769934
1994-01-05,1.4279456726948567,1.4279456726948567,1.437270381184818,1.437270381184818,0.0,0.0,32.586356610546424,32.586356610546424
1994-01-06,1.42793865978192,1.42793865978192,1.4372627171277756,1.4372627171277756,0.0,0.0,65.17271307510596,65.17271307510596
1994-01-07,1.4279321855930578,1.4279321855930578,1.4372556502589149,1.4372556502589149,0.0,0.0,130.34542585823814,130.34542585823814
1994-01-08,1.4275435670016718,1.4275435670016718,1.4368552090640978,1.4368552090640978,0.0,0.0,189.47429163364444,189.47429163364444
1994-01-09,1.4279084355592808,1.4279084355592808,1.4372310217773612,1.4372310217773612,0.0,0.0,0.327841124,0.327841124
1994-01-10,1.4134496027238264,1.4134496027238264,1.4227718542094057,1.4227718542094057,0.0,0.0,0.0,0.0
1994-01-11,1.4134458008334974,1.4134458008334974,1.4227677290479288,1.4227677290479288,0.0,0.0,0.0,0.0
1994-01-12,1.4134428429640817,1.4134428429640817,1.4227645328580547,1.4227645328580547,0.0,0.0,0.0,0.0
1994-01-13,1.4134414007449942,1.4134414007449942,1.422763007363667,1.422763007363667,0.0,0.0,0.0,0.0
1994-01-14,1.4134416068829458,1.4134416068829458,1.4227632965362653,1.4227632965362653,0.0,0.0,0.0,0.0
1994-01-15,1.4134431784200576,1.4134431784200576,1.4227650898861068,1.4227650898861068,0.0,0.0,0.0,0.0
1994-01-16,1.4134453267427503,1.4134453267427503,1.4227675169149587,1.4227675169149587,0.0,0.0,0.0,0.0
1994-01-17,1.0066173002789376,1.0066173002789376,1.0159398215517998,1.0159398215517998,0.0,0.0,0.0,0.0
1994-01-18,1.0066209857124968,1.0066209857124968,1.015943942426762,1.015943942426762,0.0,0.0,0.0,0.0
1994-01-19,1.0066260015830146,1.0066260015830146,1.0159495293552032,1.0159495293552032,0.0,0.0,0.0,0.0
1994-01-20,1.0066316876942536,1.0066316876942536,1.0159558534517605,1.0159558534517605,0.0,0.0,0.0,0.0
1994-01-21,0.9008870492456067,0.9008870492456067,0.9009110845713146,0.9009110845713146,0.0,0.0,0.0,0.0
1994-01-22,0.9185662272089501,0.9185662272089501,0.9201796872286795,0.9201796872286795,0.0,0.0,0.0,0.0
1994-01-23,0.9811517836669235,0.9811517836669235,0.9878109868291947,0.9878109868291947,0.0,0.0,0.0,0.0
1994-01-24,1.1284087728272556,1.1284087728272556,1.1125698287981063,1.1125698287981063,0.0,0.0,0.0,0.0
1994-01-25,1.1698319719969152,1.1698319719969152,1.1574044948183142,1.1574044948183142,0.0,0.0,0.0,0.0
1994-01-26,1.4016310943941694,1.4016310943941694,1.4095806554889163,1.4095806554889163,0.0,0.0,0.0,0.0
1994-01-27,1.414756003791601,1.414756003791601,1.4240110228107834,1.4240110228107834,0.0,0.0,0.0,0.0
1994-01-28,1.4152980004177957,1.4152980004177957,1.4245563693320218,1.4245563693320218,0.0,0.0,0.0,0.0
1994-01-29,1.415226818203205,1.415226818203205,1.424478661946267,1.424478661946267,0.0,0.0,0.0,0.0
1994-01-30,1.4151745728960017,1.4151745728960017,1.4244217068183749,1.4244217068183749,0.0,0.0,0.0,0.0
1994-01-31,1.3461946781696077,1.3461946781696077,1.3554382824765274,1.3554382824765274,0.0,0.0,0.0,0.0
1994-02-01,1.3470358144410304,1.3470358144410304,1.3563528300940912,1.3563528300940912,0.0,0.0,0.0,0.0
1994-02-02,1.3470149725520768,1.3470149725520768,1.3563302486026754,1.3563302486026754,0.0,0.0,0.0,0.0
1994-02-03,1.3469976952801848,1.3469976952801848,1.3563115547479387,1.3563115547479387,0.0,0.0,0.0,0.0
1994-02-04,1.3469844563718925,1.3469844563718925,1.3562972793333496,1.3562972793333496,0.0,0.0,0.0,0.0
1994-02-05,1.3469741696182738,1.3469741696182738,1.356286230977054,1.356286230977054,0.0,0.0,0.0,0.0
1994-02-06,1.1960185968618438,1.1960185968618438,1.1921171619031032,1.1921171619031032,0.0,0.0,0.0,0.0
1994-02-07,3.297112311397929,3.297112311397929,3.2312487457168233,3.2312487457168233,0.0,0.0,0.0,0.0
1994-02-08,3.2708890591285935,3.2708890591285935,3.2312487457168233,3.2312487457168233,0.0,0.0,0.0,0.0
1994-02-09,3.2225816938184133,3.2225816938184133,3.2312487457168233,3.2312487457168233,0.0,0.0,0.0,0.0
1994-02-10,3.229736079308521,3.229736079308521,3.2312487457168233,3.2312487457168233,0.0,0.0,0.0,0.0
1994-02-11,3.2262240685492634,3.2262240685492634,3.2312487457168233,3.2312487457168233,0.0,0.0,0.0,0.0
1994-02-12,3.222198600003488,3.222198600003488,3.2312487457168233,3.2312487457168233,0.0,0.0,0.0,0.0
1994-02-13,3.2220997099868787,3.2220997099868787,3.2312487457168233,3.2312487457168233,0.0,0.0,0.0,0.0
1994-02-14,3.222104042799234,3.222104042799234,3.2312487460501518,3.2312487460501518,0.0,0.0,0.0,0.0
1994-02-15,3.222106666741426,3.222106666741426,3.2312487460501518,3.2312487460501518,0.0,0.0,0.0,0.0
1994-02-16,3.240027398842075,3.240027398842075,3.2312487460501518,3.2312487460501518,0.0,0.0,0.0,0.0
1994-02-17,3.2457350703069787,3.2457350703069787,3.2312487460501518,3.2312487460501518,0.0,0.0,0.0,0.0
1994-02-18,3.229036337299618,3.229036337299618,3.2312487460501518,3.2312487460501518,0.0,0.0,0.0,0.0
1994-02-19,3.2262339320077165,3.2262339320077165,3.2312487460501518,3.2312487460501518,0.0,0.0,0.0,0.0
1994-02-20,3.2243411096179604,3.2243411096179604,3.2312487460501518,3.2312487460501518,0.0,0.0,0.0,0.0
1994-02-21,3.232310399961392,3.232310399961392,3.2312487463995727,3.2312487463995727,0.0,0.0,0.0,0.0
1994-02-22,3.227706231763087,3.227706231763087,3.2312487463995727,3.2312487463995727,0.0,0.0,0.0,0.0
1994-02-23,3.222221805875839,3.222221805875839,3.2312487463995727,3.2312487463995727,0.0,0.0,0.0,0.0
1994-02-24,3.222207836144034,3.222207836144034,3.2312487463995727,3.2312487463995727,0.0,0.0,0.0,0.0
1994-02-25,3.222212060332821,3.222212060332821,3.2312487463995727,3.2312487463995727,0.0,0.0,0.0,0.0
1994-02-26,3.2224824259303038,3.2224824259303038,3.2312487463995727,3.2312487463995727,0.0,0.0,0.0,0.0
1994-02-27,3.222216388429906,3.222216388429906,3.2312487463995727,3.2312487463995727,0.0,0.0,0.0,0.0
1994-02-28,3.2229802740041604,3.2229802740041604,3.231248746766718,3.231248746766718,0.0,0.0,0.0,0.0
1994-03-01,3.222134498254569,3.222134498254569,3.231248746766718,3.231248746766718,0.0,0.0,0.0,0.0
1994-03-02,3.222133496060828,3.222133496060828,3.231248746766718,3.231248746766718,0.0,0.0,0.0,0.0
1994-03-03,3.222131479967116,3.222131479967116,3.231248746766718,3.231248746766718,0.0,0.0,0.0,0.0
1994-03-04,3.2221291753830146,3.2221291753830146,3.231248746766718,3.231248746766718,0.0,0.0,0.0,0.0
1994-03-05,3.2241208239702464,3.2241208239702464,3.231248746766718,3.231248746766718,0.0,0.0,0.0,0.0
1994-03-06,3.2241897360928733,3.2241897360928733,3.231248746766718,3.231248746766718,0.0,0.0,0.0,0.0
1994-03-07,3.222126930200249,3.222126930200249,3.231248747153482,3.231248747153482,0.0,0.0,0.0,0.0
1994-03-08,3.2221263038818595,3.2221263038818595,3.231248747153482,3.231248747153482,0.0,0.0,0.0,0.0
1994-03-09,3.2221243243908417,3.2221243243908417,3.231248747153482,3.231248747153482,0.0,0.0,0.0,0.0
1994-03-10,3.222122022777565,3.222122022777565,3.231248747153482,3.231248747153482,0.0,0.0,0.0,0.0
1994-03-11,3.222119805243962,3.222119805243962,3.231248747153482,3.231248747153482,0.0,0.0,0.0,0.0
1994-03-12,3.222117760431343,3.222117760431343,3.231248747153482,3.231248747153482,0.0,0.0,0.0,0.0
1994-03-13,3.222115235455345,3.222115235455345,3.231248747153482,3.231248747153482,0.0,0.0,0.0,0.0
1994-03-14,3.2221119174670005,3.2221119174670005,3.23124874756208,3.23124874756208,0.0,0.0,0.0,0.0
1994-03-15,3.2221082197235904,3.2221082197235904,3.23124874756208,3.23124874756208,0.0,0.0,0.0,0.0
1994-03-16,3.222104397719894,3.222104397719894,3.23124874756208,3.23124874756208,0.0,0.0,0.0,0.0
1994-03-17,3.222101588486299,3.222101588486299,3.23124874756208,3.23124874756208,0.0,0.0,0.0,0.0
1994-03-18,3.222111718371166,3.222111718371166,3.23124874756208,3.23124874756208,0.0,0.0,0.0,0.0
1994-03-19,3.2220972403515464,3.2220972403515464,3.23124874756208,3.23124874756208,0.0,0.0,0.0,0.0
1994-03-20,3.2220949631766036,3.2220949631766036,3.23124874756208,3.23124874756208,0.0,0.0,0.0,0.0
1994-03-21,3.2220924503455004,3.2220924503455004,3.2312487479951244,3.2312487479951244,0.0,0.0,0.0,0.0
1994-03-22,3.222089802073258,3.222089802073258,3.2312487479951244,3.2312487479951244,0.0,0.0,0.0,0.0
1994-03-23,3.222088127157804,3.222088127157804,3.2312487479951244,3.2312487479951244,0.0,0.0,0.0,0.0
1994-03-24,3.223305588002359,3.223305588002359,3.2312487479951244,3.2312487479951244,0.0,0.0,0.0,0.0
1994-03-25,3.2220872069498254,3.2220872069498254,3.2312487479951244,3.2312487479951244,0.0,0.0,0.0,0.0
1994-03-26,3.222086599771753,3.222086599771753,3.2312487479951244,3.2312487479951244,0.0,0.0,0.0,0.0
1994-03-27,3.222084931064957,3.222084931064957,3.2312487479951244,3.2312487479951244,0.0,0.0,0.0,0.0
1994-03-28,3.2220818996909153,3.2220818996909153,3.231248748455721,3.231248748455721,0.0,0.0,0.0,0.0
1994-03-29,3.222078089983678,3.222078089983678,3.231248748455721,3.231248748455721,0.0,0.0,0.0,0.0
1994-03-30,3.222074231649917,3.222074231649917,3.231248748455721,3.231248748455721,0.0,0.0,0.0,0.0
1994-03-31,3.222070469034605,3.222070469034605,3.231248748455721,3.231248748455721,0.0,0.0,0.0,0.0
1994-04-01,3.2220868581410875,3.2220868581410875,3.231248748455721,3.231248748455721,0.0,0.0,0.0,0.0
1994-04-02,3.222081989568971,3.222081989568971,3.231248748455721,3.231248748455721,0.0,0.0,0.0,0.0
1994-04-03,3.222077213549313,3.222077213549313,3.231248748455721,3.231248748455721,0.0,0.0,0.0,0.0
1994-04-04,3.2220726144901066,3.2220726144901066,3.231248748947624,3.231248748947624,0.0,0.0,0.0,0.0
1994-04-05,3.222067910456664,3.222067910456664,3.231248748947624,3.231248748947624,0.0,0.0,0.0,0.0
1994-04-06,3.222062847288635,3.222062847288635,3.231248748947624,3.231248748947624,0.0,0.0,0.0,0.0
1994-04-07,3.2220581023872303,3.2220581023872303,3.231248748947624,3.231248748947624,0.0,0.0,0.0,0.0
1994-04-08,3.225734614673593,3.225734614673593,3.231248748947624,3.231248748947624,0.0,0.0,0.0,0.0
1994-04-09,3.2230682345069503,3.2230682345069503,3.231248748947624,3.231248748947624,0.0,0.0,0.0,0.0
1994-04-10,3.2259175212385642,3.2259175212385642,3.231248748947624,3.231248748947624,0.0,0.0,0.0,0.0
1994-04-11,3.223675212879039,3.223675212879039,3.2312487494753914,3.2312487494753914,0.0,0.0,0.0,0.0
1994-04-12,3.222048732146413,3.222048732146413,3.2312487494753914,3.2312487494753914,0.0,0.0,0.0,0.0
1994-04-13,3.222043229883985,3.222043229883985,3.2312487494753914,3.2312487494753914,0.0,0.0,0.0,0.0
1994-04-14,3.222037167269164,3.222037167269164,3.2312487494753914,3.2312487494753914,0.0,0.0,0.0,0.0
1994-04-15,3.222031052737295,3.222031052737295,3.2312487494753914,3.2312487494753914,0.0,0.0,0.0,0.0
1994-04-16,3.22202426391168,3.22202426391168,3.2312487494753914,3.2312487494753914,0.0,0.0,0.0,0.0
1994-04-17,3.222017094696302,3.222017094696302,3.2312487494753914,3.2312487494753914,0.0,0.0,0.0,0.0
1994-04-18,3.222010063588235,3.222010063588235,3.2312487500446734,3.2312487500446734,0.0,0.0,0.0,0.0
1994-04-19,3.2220029771799688,3.2220029771799688,3.2312487500446734,3.2312487500446734,0.0,0.0,0.0,0.0
1994-04-20,3.2219963563013554,3.2219963563013554,3.2312487500446734,3.2312487500446734,0.0,0.0,0.0,0.0
1994-04-21,3.2219898191280825,3.2219898191280825,3.2312487500446734,3.2312487500446734,0.0,0.0,0.0,0.0
1994-04-22,3.2219838556062226,3.2219838556062226,3.2312487500446734,3.2312487500446734,0.0,0.0,0.0,0.0
1994-04-23,3.226167320628461,3.226167320628461,3.2312487500446734,3.2312487500446734,0.0,0.0,0.0,0.0
1994-04-24,3.232014929520585,3.232014929520585,3.2312487500446734,3.2312487500446734,0.0,0.0,0.0,0.0
1994-04-25,3.2453458318330153,3.2453458318330153,3.231248750662552,3.231248750662552,0.0,0.0,0.0,0.0
1994-04-26,3.234015216377788,3.234015216377788,3.231248750662552,3.231248750662552,0.0,0.0,0.0,0.0
1994-04-27,3.2221130679549432,3.2221130679549432,3.231248750662552,3.231248750662552,0.0,0.0,0.0,0.0
1994-04-28,3.222705451355832,3.222705451355832,3.231248750662552,3.231248750662552,0.0,0.0,0.0,0.0
1994-04-29,3.2220119207536726,3.2220119207536726,3.231248750662552,3.231248750662552,0.0,0.0,0.0,0.0
1994-04-30,3.2220122127580026,3.2220122127580026,3.231248750662552,3.231248750662552,0.0,0.0,0.0,0.0
1994-05-01,3.222010412388746,3.222010412388746,3.231248750662552,3.231248750662552,0.0,0.0,0.0,0.0
1994-05-02,3.2220073457004705,3.2220073457004705,3.2312487513380987,3.2312487513380987,0.0,0.0,0.0,0.0
1994-05-03,3.2220034949515175,3.2220034949515175,3.2312487513380987,3.2312487513380987,0.0,0.0,0.0,0.0
1994-05-04,3.2219989627543284,3.2219989627543284,3.2312487513380987,3.2312487513380987,0.0,0.0,0.0,0.0
1994-05-05,3.2258479882379985,3.2258479882379985,3.2312487513380987,3.2312487513380987,0.0,0.0,0.0,0.0
1994-05-06,3.2256155531364534,3.2256155531364534,3.2312487513380987,3.2312487513380987,0.0,0.0,0.0,0.0
1994-05-07,3.222172329774113,3.222172329774113,3.2312487513380987,3.2312487513380987,0.0,0.0,0.0,0.0
1994-05-08,3.2225207704237366,3.2225207704237366,3.2312487513380987,3.2312487513380987,0.0,0.0,0.0,0.0
1994-05-09,3.2219953558034677,3.2219953558034677,3.231248752083186,3.231248752083186,0.0,0.0,36.908950684994245,36.908950684994245
1994-05-10,3.2219926463686317,3.2219926463686317,3.231248752083186,3.231248752083186,0.0,0.0,73.81790120463639,73.81790120463639
1994-05-11,3.221986757111441,3.221986757111441,3.231248752083186,3.231248752083186,0.0,0.0,116.77705599236938,116.77705599236938
1994-05-12,3.2219795006941756,3.2219795006941756,3.231248752083186,3.231248752083186,0.0,0.0,4.891724762,4.891724762
1994-05-13,3.2219722994246487,3.2219722994246487,3.231248752083186,3.231248752083186,0.0,0.0,4.735947494,4.735947494
1994-05-14,3.2219654037215935,3.2219654037215935,3.231248752083186,3.231248752083186,0.0,0.0,4.904182926,4.904182926
1994-05-15,3.2219580944926314,3.2219580944926314,3.231248752083186,3.231248752083186,0.0,0.0,4.97198105,4.97198105
1994-05-16,3.222280048772923,3.222280048772923,3.2312487529137734,3.2312487529137734,0.0,0.0,0.0,0.0
1994-05-17,3.2286427349176456,3.2286427349176456,3.2312487529137734,3.2312487529137734,0.0,0.0,0.0,0.0
1994-05-18,3.231737204731598,3.231737204731598,3.2312487529137734,3.2312487529137734,0.0,0.0,0.0,0.0
1994-05-19,3.2228004318348185,3.2228004318348185,3.2312487529137734,3.2312487529137734,0.0,0.0,0.0,0.0
1994-05-20,3.2219535864210322,3.2219535864210322,3.2312487529137734,3.2312487529137734,0.0,0.0,0.0,0.0
1994-05-21,3.2219520684198195,3.2219520684198195,3.2312487529137734,3.2312487529137734,0.0,0.0,0.0,0.0
1994-05-22,3.221948337955938,3.221948337955938,3.2312487529137734,3.2312487529137734,0.0,0.0,0.0,0.0
1994-05-23,3.221943284675263,3.221943284675263,3.2312487538520323,3.2312487538520323,0.0,0.0,0.0,0.0
1994-05-24,3.221937115957994,3.221937115957994,3.2312487538520323,3.2312487538520323,0.0,0.0,0.0,0.0
1994-05-25,3.2219301260195667,3.2219301260195667,3.2312487538520323,3.2312487538520323,0.0,0.0,0.0,0.0
1994-05-26,3.2219226898666387,3.2219226898666387,3.2312487538520323,3.2312487538520323,0.0,0.0,0.0,0.0
1994-05-27,3.221915804707025,3.221915804707025,3.2312487538520323,3.2312487538520323,0.0,0.0,0.0,0.0
1994-05-28,3.221909585227729,3.221909585227729,3.2312487538520323,3.2312487538520323,0.0,0.0,0.0,0.0
1994-05-29,3.221903124019717,3.221903124019717,3.2312487538520323,3.2312487538520323,0.0,0.0,0.0,0.0
1994-05-30,3.2223535940293506,3.2223535940293506,3.231248754930033,3.231248754930033,0.0,0.0,0.0,0.0
1994-05-31,3.2218907592556327,3.2218907592556327,3.231248754930033,3.231248754930033,0.0,0.0,0.0,0.0
1994-06-01,3.221924274643097,3.221924274643097,3.231248754930033,3.231248754930033,0.0,0.0,0.7810559982504345,0.7810559982504345
1994-06-02,4.3950818950984,4.3950818950984,4.404412790134115,4.404412790134115,0.0,0.0,0.7810559982504345,0.7810559982504345
1994-06-03,4.395075301042197,4.395075301042197,4.404412790134115,4.404412790134115,0.0,0.0,0.0,0.0
1994-06-04,4.3950689078164045,4.3950689078164045,4.404412790134115,4.404412790134115,0.0,0.0,0.7810559982504345,0.7810559982504345
1994-06-05,4.395062918937642,4.395062918937642,4.404412790134115,4.404412790134115,0.0,0.0,0.7810559982504345,0.7810559982504345
1994-06-06,4.395057577613917,4.395057577613917,4.404412790134115,4.404412790134115,0.0,0.0,0.7810559982504345,0.7810559982504345
1994-06-07,4.395053061687308,4.395053061687308,4.404412790134115,4.404412790134115,0.0,0.0,0.7810559982504345,0.7810559982504345
1994-06-08,4.395048716611019,4.395048716611019,4.404412790134115,4.404412790134115,0.0,0.0,0.7810559982504345,0.7810559982504345
1994-06-09,4.39504392886005,4.39504392886005,4.404412790134115,4.404412790134115,0.0,0.0,0.7810559982504345,0.7810559982504345
1994-06-10,4.39503849801359,4.39503849801359,4.404412790134115,4.404412790134115,0.0,0.0,0.7810559982504345,0.7810559982504345
1994-06-11,4.395032627292962,4.395032627292962,4.404412790134115,4.404412790134115,0.0,0.0,0.7810559982504345,0.7810559982504345
1994-06-12,4.395026960404883,4.395026960404883,4.404412790134115,4.404412790134115,0.0,0.0,0.7810559982504345,0.7810559982504345
1994-06-13,4.395021792293816,4.395021792293816,4.404412790134115,4.404412790134115,0.0,0.0,0.7810559982504345,0.7810559982504345
1994-06-14,4.395017181406968,4.395017181406968,4.404412790134115,4.404412790134115,0.0,0.0,0.7810559982504345,0.7810559982504345
1994-06-15,4.395013127637969,4.395013127637969,4.404412790134115,4.404412790134115,0.0,0.0,0.7810559982504345,0.7810559982504345
1994-06-16,3.9295836388518164,3.9295836388518164,3.9389866307304,3.9389866307304,0.0,0.0,0.7810559982504345,0.7810559982504345
1994-06-17,3.7248636080543873,3.7248636080543873,3.73426942183204,3.73426942183204,0.0,0.0,0.0,0.0
1994-06-18,3.780642746893493,3.780642746893493,3.79005134430448,3.79005134430448,0.0,0.0,0.7810559982504345,0.7810559982504345
1994-06-19,3.5756780397331593,3.5756780397331593,3.58508947785142,3.58508947785142,0.0,0.0,0.7810559982504345,0.7810559982504345
1994-06-20,3.142356084682445,3.142356084682445,3.1517703662767405,3.1517703662767405,0.0,0.0,0.7810559982504345,0.7810559982504345
1994-06-21,2.8251090257263587,2.8251090257263587,2.83452597331182,2.83452597331182,0.0,0.0,0.7810559982504345,0.7810559982504345
1994-06-22,2.6328057905443982,2.6328057905443982,2.64222513531468,2.64222513531468,0.0,0.0,0.7810559982504345,0.7810559982504345
1994-06-23,2.4391724573900393,2.4391724573900393,2.44859397186382,2.44859397186382,0.0,0.0,0.7810559982504345,0.7810559982504345
1994-06-24,2.259790663929475,2.259790663929475,2.26921411097446,2.26921411097446,0.0,0.0,0.7810559982504345,0.7810559982504345
1994-06-25,2.1957503529658635,2.195750352965864,2.2051754873657385,2.205175487365739,0.0,0.0,0.7810559982504345,0.7810559982504345
1994-06-26,2.195770138795274,2.195770138795274,2.2051967216031274,2.2051967216031274,0.0,0.0,0.7810559982504345,0.7810559982504345
1994-06-27,2.175480713614576,2.175480713614576,2.184908535338094,2.184908535338094,0.0,0.0,0.7810559982504345,0.7810559982504345
1994-06-28,2.1754960619749064,2.1754960619749064,2.1849249644105266,2.1849249644105266,0.0,0.0,0.7810559982504345,0.7810559982504345
1994-06-29,2.1755086993793213,2.1755086993793213,2.1849385229422777,2.1849385229422777,0.0,0.0,0.7810559982504345,0.7810559982504345
1994-06-30,2.175518681317438,2.175518681317438,2.1849492711825658,2.1849492711825658,0.0,0.0,0.7810559982504345,0.7810559982504345
1994-07-01,2.194909534052715,2.194909534052715,2.2042620298172855,2.2042620298172855,0.0,0.0,0.0,0.0
1994-07-02,2.194918188614311,2.194918188614311,2.204271389421605,2.204271389421605,0.0,0.0,0.7810559982504345,0.7810559982504345
1994-07-03,2.194925077761744,2.194925077761744,2.2042788727638816,2.2042788727638816,0.0,0.0,0.7810559982504345,0.7810559982504345
1994-07-04,2.1949308807245336,2.1949308807245336,2.2042852142822484,2.2042852142822484,0.0,0.0,0.7810559982504345,0.7810559982504345
1994-07-05,2.1949359811036206,2.1949359811036206,2.204290792497136,2.204290792497136,0.0,0.0,0.7810559982504345,0.7810559982504345
1994-07-06,2.194940349247005,2.194940349247005,2.20429549729474,2.20429549729474,0.0,0.0,0.7810559982504345,0.7810559982504345
1994-07-07,2.194944254474552,2.194944254474552,2.2042996065807774,2.2042996065807774,0.0,0.0,0.7810559982504345,0.7810559982504345
1994-07-08,2.1949477816106184,2.1949477816106184,2.20430328240571,2.20430328240571,0.0,0.0,0.7810559982504345,0.7810559982504345
1994-07-09,2.1949509852833056,2.1949509852833056,2.204306640734294,2.204306640734294,0.0,0.0,0.7810559982504345,0.7810559982504345
1994-07-10,2.1949537280652933,2.1949537280652933,2.2043095306066975,2.2043095306066975,0.0,0.0,0.7810559982504345,0.7810559982504345
1994-07-11,2.194955473296786,2.194955473296786,2.2043113925367095,2.2043113925367095,0.0,0.0,0.7810559982504345,0.7810559982504345
1994-07-12,2.1949566131946017,2.1949566131946017,2.2043126307120673,2.2043126307120673,0.0,0.0,0.7810559982504345,0.7810559982504345
1994-07-13,2.1949577530815687,2.1949577530815687,2.2043138688397192,2.2043138688397192,0.0,0.0,0.7810559982504345,0.7810559982504345
1994-07-14,2.194958892549043,2.194958892549043,2.2043151065401188,2.2043151065401188,0.0,0.0,0.7810559982504345,0.7810559982504345
1994-07-15,2.1949600316585016,2.1949600316585016,2.204316343837886,2.204316343837886,0.0,0.0,0.0,0.0
1994-07-16,2.1949611706685115,2.1949611706685115,2.204317581036204,2.204317581036204,0.0,0.0,0.7810559982504345,0.7810559982504345
1994-07-17,2.194962309676713,2.194962309676713,2.2043188182327142,2.2043188182327142,0.0,0.0,0.7810559982504345,0.7810559982504345
1994-07-18,2.1949634482455322,2.1949634482455322,2.204320054945225,2.204320054945225,0.0,0.0,0.7810559982504345,0.7810559982504345
1994-07-19,2.19496458670767,2.19496458670767,2.2043212915141965,2.2043212915141965,0.0,0.0,0.7810559982504345,0.7810559982504345
1994-07-20,2.1949657248009435,2.1949657248009435,2.2043225277065446,2.2043225277065446,0.0,0.0,0.7810559982504345,0.7810559982504345
1994-07-21,2.1949668628616696,2.1949668628616696,2.2043237638663453,2.2043237638663453,0.0,0.0,0.7810559982504345,0.7810559982504345
1994-07-22,2.194968000455891,2.194968000455891,2.2043249995150243,2.2043249995150243,0.0,0.0,0.7810559982504345,0.7810559982504345
1994-07-23,2.1949691376071137,2.1949691376071137,2.2043262346760875,2.2043262346760875,0.0,0.0,0.7810559982504345,0.7810559982504345
1994-07-24,2.1949702750819964,2.1949702750819964,2.204327470205428,2.204327470205428,0.0,0.0,0.7810559982504345,0.7810559982504345
1994-07-25,2.1949714117956445,2.1949714117956445,2.2043287048842997,2.2043287048842997,0.0,0.0,0.7810559982504345,0.7810559982504345
1994-07-26,2.194972548380913,2.194972548380913,2.204329939434792,2.204329939434792,0.0,0.0,0.7810559982504345,0.7810559982504345
1994-07-27,2.1949736848974717,2.1949736848974717,2.2043311739165743,2.2043311739165743,0.0,0.0,0.7810559982504345,0.7810559982504345
1994-07-28,2.194974820967415,2.194974820967415,2.2043324079071245,2.2043324079071245,0.0,0.0,0.7810559982504345,0.7810559982504345
1994-07-29,2.19497595684931,2.19497595684931,2.2043336416727684,2.2043336416727684,0.0,0.0,0.0,0.0
1994-07-30,2.194977092443707,2.194977092443707,2.2043348751431555,2.2043348751431555,0.0,0.0,0.7810559982504345,0.7810559982504345
1994-07-31,2.1949782278988765,2.1949782278988765,2.204336108474315,2.204336108474315,0.0,0.0,0.7810559982504345,0.7810559982504345
1994-08-01,2.191884444951749,2.191884444951749,2.2009784507479506,2.2009784507479506,0.0,0.0,0.7810559982504345,0.7810559982504345
1994-08-02,2.1918862794107965,2.1918862794107965,2.200980443285894,2.200980443285894,0.0,0.0,0.7810559982504345,0.7810559982504345
1994-08-03,2.191888113381739,2.191888113381739,2.20098243532319,2.20098243532319,0.0,0.0,0.7810559982504345,0.7810559982504345
1994-08-04,2.191889947101323,2.191889947101323,2.2009844271091272,2.2009844271091272,0.0,0.0,0.7810559982504345,0.7810559982504345
1994-08-05,2.1918917801311304,2.1918917801311304,2.2009864181331675,2.2009864181331675,0.0,0.0,0.7810559982504345,0.7810559982504345
1994-08-06,2.19189361294173,2.19189361294173,2.200988408878422,2.200988408878422,0.0,0.0,0.7810559982504345,0.7810559982504345
1994-08-07,2.1918954450625536,2.1918954450625536,2.2009903989213577,2.2009903989213577,0.0,0.0,0.7810559982504345,0.7810559982504345
1994-08-08,2.1918972771775316,2.1918972771775316,2.200992388958448,2.200992388958448,0.0,0.0,0.7810559982504345,0.7810559982504345
1994-08-09,2.1918991085384323,2.1918991085384323,2.2009943781693404,2.2009943781693404,0.0,0.0,0.7810559982504345,0.7810559982504345
1994-08-10,2.1919009396742792,2.1919009396742792,2.200996367095601,2.200996367095601,0.0,0.0,0.7810559982504345,0.7810559982504345
1994-08-11,2.1919027702168017,2.1919027702168017,2.2009983554159946,2.2009983554159946,0.0,0.0,0.7810559982504345,0.7810559982504345
1994-08-12,2.1919046005196563,2.1919046005196563,2.2010003434371423,2.2010003434371423,0.0,0.0,0.0,0.0
1994-08-13,2.191906430252569,2.191906430252569,2.2010023308758058,2.2010023308758058,0.0,0.0,0.7810559982504345,0.7810559982504345
1994-08-14,2.1919082597312003,2.1919082597312003,2.2010043180601873,2.2010043180601873,0.0,0.0,0.7810559982504345,0.7810559982504345
1994-08-15,2.1919100886252756,2.1919100886252756,2.2010063045878927,2.2010063045878927,0.0,0.0,0.7810559982504345,0.7810559982504345
1994-08-16,2.191911917300142,2.191911917300142,2.201008290836811,2.201008290836811,0.0,0.0,0.7810559982504345,0.7810559982504345
1994-08-17,2.191913745206318,2.191913745206318,2.2010102763044963,2.2010102763044963,0.0,0.0,0.7810559982504345,0.7810559982504345
1994-08-18,2.1919155731651037,2.1919155731651037,2.201012261824791,2.201012261824791,0.0,0.0,0.7810559982504345,0.7810559982504345
1994-08-19,2.1919174004107314,2.1919174004107314,2.201014246559808,2.201014246559808,0.0,0.0,0.7810559982504345,0.7810559982504345
1994-08-20,2.191919227334853,2.191919227334853,2.20101623091374,2.20101623091374,0.0,0.0,0.7810559982504345,0.7810559982504345
1994-08-21,2.1919210539783878,2.1919210539783878,2.201018214987086,2.201018214987086,0.0,0.0,0.7810559982504345,0.7810559982504345
1994-08-22,2.19192287982985,2.19192287982985,2.2010201981836954,2.2010201981836954,0.0,0.0,0.7810559982504345,0.7810559982504345
1994-08-23,2.1919247056842344,2.1919247056842344,2.2010221813957704,2.2010221813957704,0.0,0.0,0.7810559982504345,0.7810559982504345
1994-08-24,2.191926531050515,2.191926531050515,2.201024164107199,2.201024164107199,0.0,0.0,0.7810559982504345,0.7810559982504345
1994-08-25,2.1919283558351625,2.1919283558351625,2.2010261461648732,2.2010261461648732,0.0,0.0,0.7810559982504345,0.7810559982504345
1994-08-26,2.1919301802515396,2.1919301802515396,2.2010281277946993,2.2010281277946993,0.0,0.0,0.0,0.0
1994-08-27,2.1919320040921293,2.1919320040921293,2.2010301088361954,2.2010301088361954,0.0,0.0,0.7810559982504345,0.7810559982504345
1994-08-28,2.191933827789503,2.191933827789503,2.2010320897344755,2.2010320897344755,0.0,0.0,0.7810559982504345,0.7810559982504345
1994-08-29,2.1919356511829076,2.1919356511829076,2.2010340702692086,2.2010340702692086,0.0,0.0,0.7810559982504345,0.7810559982504345
1994-08-30,2.191937473579644,2.191937473579644,2.2010360497226107,2.2010360497226107,0.0,0.0,0.7810559982504345,0.7810559982504345
1994-08-31,2.1919392961400566,2.1919392961400566,2.2010380293522314,2.2010380293522314,0.0,0.0,0.7810559982504345,0.7810559982504345
1994-09-01,2.192466574252751,2.192466574252751,2.201610278513472,2.201610278513472,0.0,0.0,0.7810559982504345,0.7810559982504345
1994-09-02,2.192468276828112,2.192468276828112,2.201612127837653,2.201612127837653,0.0,0.0,0.7810559982504345,0.7810559982504345
1994-09-03,2.1924699791930924,2.1924699791930924,2.201613976951454,2.201613976951454,0.0,0.0,0.7810559982504345,0.7810559982504345
1994-09-04,2.1924716814214626,2.1924716814214626,2.2016158258729512,2.2016158258729512,0.0,0.0,0.7810559982504345,0.7810559982504345
1994-09-05,2.1924733830350864,2.1924733830350864,2.2016176741122844,2.2016176741122844,0.0,0.0,0.7810559982504345,0.7810559982504345
1994-09-06,2.192475084137787,2.192475084137787,2.201619521828969,2.201619521828969,0.0,0.0,0.7810559982504345,0.7810559982504345
1994-09-07,2.192476784852514,2.192476784852514,2.201621369101987,2.201621369101987,0.0,0.0,0.7810559982504345,0.7810559982504345
1994-09-08,2.1924784851546777,2.1924784851546777,2.2016232159507165,2.2016232159507165,0.0,0.0,0.7810559982504345,0.7810559982504345
1994-09-09,2.1924801852956413,2.1924801852956413,2.201625062638246,2.201625062638246,0.0,0.0,0.0,0.0
1994-09-10,2.192481885097811,2.192481885097811,2.2016269089312885,2.2016269089312885,0.0,0.0,0.7810559982504345,0.7810559982504345
1994-09-11,2.1924835844355055,2.1924835844355055,2.201628754692438,2.201628754692438,0.0,0.0,0.7810559982504345,0.7810559982504345
1994-09-12,2.1924852830464325,2.1924852830464325,2.2016305997150947,2.2016305997150947,0.0,0.0,0.7810559982504345,0.7810559982504345
1994-09-13,2.1924869815945187,2.1924869815945187,2.2016324446749107,2.2016324446749107,0.0,0.0,0.7810559982504345,0.7810559982504345
1994-09-14,2.1924886799349568,2.1924886799349568,2.201634289371385,2.201634289371385,0.0,0.0,0.7810559982504345,0.7810559982504345
1994-09-15,2.192490377584147,2.192490377584147,2.201636133309193,2.201636133309193,0.0,0.0,0.7810559982504345,0.7810559982504345
1994-09-16,2.1924920751868893,2.1924920751868893,2.201637977200554,2.201637977200554,0.0,0.0,0.7810559982504345,0.7810559982504345
1994-09-17,2.1924937720573996,2.1924937720573996,2.2016398202922645,2.2016398202922645,0.0,0.0,0.7810559982504345,0.7810559982504345
1994-09-18,2.1924954683923974,2.1924954683923974,2.2016416628367375,2.2016416628367375,0.0,0.0,0.7810559982504345,0.7810559982504345
1994-09-19,2.1924971646372327,2.1924971646372327,2.201643505291048,2.201643505291048,0.0,0.0,0.7810559982504345,0.7810559982504345
1994-09-20,2.1924988605542026,2.1924988605542026,2.2016453473618,2.2016453473618,0.0,0.0,0.7810559982504345,0.7810559982504345
1994-09-21,2.192500555924731,2.192500555924731,2.201647188818692,2.201647188818692,0.0,0.0,0.7810559982504345,0.7810559982504345
1994-09-22,2.1925022512269545,2.1925022512269545,2.2016490302072795,2.2016490302072795,0.0,0.0,0.7810559982504345,0.7810559982504345
1994-09-23,2.1847250628732935,2.1847250628732935,2.1931904742324604,2.1931904742324604,0.0,0.0,0.0,0.0
1994-09-24,2.1925056398013703,2.1925056398013703,2.201652710863555,2.201652710863555,0.0,0.0,0.7810559982504345,0.7810559982504345
1994-09-25,2.1925073339724594,2.1925073339724594,2.201654550997896,2.201654550997896,0.0,0.0,0.7810559982504345,0.7810559982504345
1994-09-26,2.192509027228259,2.192509027228259,2.2016563901934982,2.2016563901934982,0.0,0.0,0.7810559982504345,0.7810559982504345
1994-09-27,2.1925107168994016,2.1925107168994016,2.20165822574875,2.20165822574875,0.0,0.0,0.7810559982504345,0.7810559982504345
1994-09-28,2.192337346075255,2.192337346075255,2.2014850008087126,2.2014850008087126,0.0,0.0,0.7810559982504345,0.7810559982504345
1994-09-29,2.178211587514463,2.178211587514463,2.1861195870563765,2.1861195870563765,0.0,0.0,0.7810559982504345,0.7810559982504345
1994-09-30,2.1925157974673373,2.1925157974673373,2.2016637438898705,2.2016637438898705,0.0,0.0,0.7810559982504345,0.7810559982504345
1994-10-01,2.1940244934324453,2.1940244934324453,2.2033011027978486,2.2033011027978486,0.0,0.0,0.7810559982504345,0.7810559982504345
1994-10-02,2.194025844093858,2.194025844093858,2.2033025698541104,2.2033025698541104,0.0,0.0,0.7810559982504345,0.7810559982504345
1994-10-03,2.1078641108792153,2.1078641108792153,2.109809394906135,2.109809394906135,0.0,0.0,0.7810559982504345,0.7810559982504345
1994-10-04,2.0182773503848024,2.0182773503848024,2.0108466029675767,2.0108466029675767,0.0,0.0,0.7810559982504345,0.7810559982504345
1994-10-05,2.104291238777867,2.104291238777867,2.1043760745747835,2.1043760745747835,0.0,0.0,0.7810559982504345,0.7810559982504345
1994-10-06,2.194028754705369,2.194028754705369,2.2033058074142895,2.2033058074142895,0.0,0.0,0.7810559982504345,0.7810559982504345
1994-10-07,2.194026335654657,2.194026335654657,2.203303275065693,2.203303275065693,0.0,0.0,0.0,0.0
1994-10-08,2.1940235602116194,2.1940235602116194,2.2033003566870746,2.2033003566870746,0.0,0.0,0.7810559982504345,0.7810559982504345
1994-10-09,2.1940209763334386,2.1940209763334386,2.2032976372634248,2.2032976372634248,0.0,0.0,0.7810559982504345,0.7810559982504345
1994-10-10,2.1781377974166416,2.1781377974166416,2.1874143466850082,2.1874143466850082,0.0,0.0,0.7810559982504345,0.7810559982504345
1994-10-11,2.1781360787310264,2.1781360787310264,2.1874125445615875,2.1874125445615875,0.0,0.0,0.7810559982504345,0.7810559982504345
1994-10-12,2.178134753929866,2.178134753929866,2.187411161608649,2.187411161608649,0.0,0.0,0.7810559982504345,0.7810559982504345
1994-10-13,2.1781337700249535,2.1781337700249535,2.1874101417129315,2.1874101417129315,0.0,0.0,0.7810559982504345,0.7810559982504345
1994-10-14,2.1781330696860395,2.1781330696860395,2.187409424163975,2.187409424163975,0.0,0.0,0.7810559982504345,0.7810559982504345
1994-10-15,2.178132586442763,2.178132586442763,2.1874089380390935,2.1874089380390935,0.0,0.0,0.7810559982504345,0.7810559982504345
1994-10-16,2.178132261777903,2.178132261777903,2.1874086209047974,2.1874086209047974,0.0,0.0,0.7810559982504345,0.7810559982504345
1994-10-17,2.194013081398364,2.194013081398364,2.2032894569370653,2.2032894569370653,0.0,0.0,0.7810559982504345,0.7810559982504345
1994-10-18,2.1940130305593604,2.1940130305593604,2.203289431606472,2.203289431606472,0.0,0.0,0.7810559982504345,0.7810559982504345
1994-10-19,2.194013120042553,2.194013120042553,2.203289555893651,2.203289555893651,0.0,0.0,0.7810559982504345,0.7810559982504345
1994-10-20,2.194013340995845,2.194013340995845,2.203289820372994,2.203289820372994,0.0,0.0,0.7810559982504345,0.7810559982504345
1994-10-21,2.1940136869432645,2.1940136869432645,2.2032902180324703,2.2032902180324703,0.0,0.0,0.0,0.0
1994-10-22,2.1940141478282893,2.1940141478282893,2.2032907381788434,2.2032907381788434,0.0,0.0,0.7810559982504345,0.7810559982504345
1994-10-23,2.1940147140176913,2.1940147140176913,2.2032913704625794,2.2032913704625794,0.0,0.0,0.7810559982504345,0.7810559982504345
1994-10-24,2.112896820420489,2.112896820420489,2.1221735490483016,2.1221735490483016,0.0,0.0,0.7810559982504345,0.7810559982504345
1994-10-25,2.1128975600647166,2.1128975600647166,2.122174365978541,2.122174365978541,0.0,0.0,0.7810559982504345,0.7810559982504345
1994-10-26,2.1128983699758663,2.1128983699758663,2.122175257695913,2.122175257695913,0.0,0.0,0.7810559982504345,0.7810559982504345
1994-10-27,2.1128992400952336,2.1128992400952336,2.122176213495635,2.122176213495635,0.0,0.0,0.7810559982504345,0.7810559982504345
1994-10-28,2.1129001631373487,2.1129001631373487,2.1221772255280884,2.1221772255280884,0.0,0.0,0.7810559982504345,0.7810559982504345
1994-10-29,2.112901134827809,2.112901134827809,2.1221782892941476,2.1221782892941476,0.0,0.0,0.7810559982504345,0.7810559982504345
1994-10-30,2.112902146626533,2.112902146626533,2.1221793956708557,2.1221793956708557,0.0,0.0,0.7810559982504345,0.7810559982504345
1994-10-31,1.8439097501496886,1.8439097501496886,1.8531870959162275,1.8531870959162275,0.0,0.0,0.7810559982504345,0.7810559982504345
1994-11-01,1.7916603650393255,1.7916603650393255,1.7962606535171575,1.7962606535171575,0.0,0.0,1.562111993001738,1.562111993001738
1994-11-02,1.8430403463585685,1.8430403463585685,1.8522806176914277,1.8522806176914277,0.0,0.0,3.1242239790052144,3.1242239790052144
1994-11-03,1.8434751807942422,1.8434751807942422,1.8527155591024063,1.8527155591024063,0.0,0.0,6.248447944013906,6.248447944013906
1994-11-04,1.8294373024121695,1.8294373024121695,1.837623535875509,1.837623535875509,0.0,0.0,12.496895860034765,12.496895860034765
1994-11-05,1.8117876261475214,1.8117876261475214,1.8179402302876098,1.8179402302876098,0.0,0.0,19.784201162382658,19.784201162382658
1994-11-06,1.7222884856226581,1.7222884856226581,1.7205366850208732,1.7205366850208732,0.0,0.0,4.742323418,4.742323418
1994-11-07,1.3707852120745088,1.3707852120745088,1.3706762173441578,1.3706762173441578,0.0,0.0,0.0,0.0
1994-11-08,1.4642082535907321,1.4642082535907321,1.4722417423779002,1.4722417423779002,0.0,0.0,0.0,0.0
1994-11-09,1.2998567433766584,1.2998567433766584,1.2934158158758005,1.2934158158758005,0.0,0.0,0.0,0.0
1994-11-10,1.3769917695370533,1.3769917695370533,1.376790762025314,1.376790762025314,0.0,0.0,0.0,0.0
1994-11-11,1.478283380350559,1.478283380350559,1.4875167889006697,1.4875167889006697,0.0,0.0,0.0,0.0
1994-11-12,1.4753035203569536,1.4753035203569536,1.484266745942727,1.484266745942727,0.0,0.0,0.0,0.0
1994-11-13,1.4754617899154217,1.4754617899154217,1.4844445612604158,1.4844445612604158,0.0,0.0,0.0,0.0
1994-11-14,1.6546075163895393,1.6546075163895393,1.6638252462702436,1.6638252462702436,0.0,0.0,0.0,0.0
1994-11-15,1.6041589282108657,1.6041589282108657,1.6091584386880657,1.6091584386880657,0.0,0.0,0.0,0.0
1994-11-16,1.497188330101384,1.497188330101384,1.4917296903851711,1.4917296903851711,0.0,0.0,0.0,0.0
1994-11-17,1.4561998851907094,1.4561998851907094,1.445566363390416,1.445566363390416,0.0,0.0,0.0,0.0
1994-11-18,1.6103187041659985,1.6103187041659985,1.6142894742663478,1.6142894742663478,0.0,0.0,0.0,0.0
1994-11-19,1.64301644398318,1.64301644398318,1.6513341539276531,1.6513341539276531,0.0,0.0,0.0,0.0
1994-11-20,1.6484750229102443,1.6484750229102443,1.657592708294422,1.657592708294422,0.0,0.0,0.0,0.0
1994-11-21,1.480284836103501,1.480284836103501,1.4894351838327553,1.4894351838327553,0.0,0.0,0.0,0.0
1994-11-22,1.4900555198614875,1.4900555198614875,1.4991990068204224,1.4991990068204224,0.0,0.0,0.0,0.0
1994-11-23,1.4903059256951623,1.4903059256951623,1.4994441431197687,1.4994441431197687,0.0,0.0,0.0,0.0
1994-11-24,1.4744337814221062,1.4744337814221062,1.481832004143301,1.481832004143301,0.0,0.0,0.0,0.0
1994-11-25,1.1184839624259073,1.1184839624259073,1.094902842618446,1.094902842618446,0.0,0.0,0.0,0.0
1994-11-26,1.2894839140316061,1.2894839140316061,1.2787477846161286,1.2787477846161286,0.0,0.0,0.0,0.0
1994-11-27,1.4731278282242772,1.4731278282242772,1.4796193487019391,1.4796193487019391,0.0,0.0,0.0,0.0
1994-11-28,1.5526704833345482,1.5526704833345482,1.55963416315677,1.55963416315677,0.0,0.0,0.0,0.0
1994-11-29,1.5628800769458908,1.5628800769458908,1.5716639984190257,1.5716639984190257,0.0,0.0,0.0,0.0
1994-11-30,1.5442090458874018,1.5442090458874018,1.5530970545181277,1.5530970545181277,0.0,0.0,0.0,0.0
1994-12-01,1.5733076634396885,1.5733076634396885,1.5823105250226281,1.5823105250226281,0.0,0.0,0.0,0.0
1994-12-02,1.5723834116883966,1.5723834116883966,1.5812832873049731,1.5812832873049731,0.0,0.0,0.0,0.0
1994-12-03,1.5293954631015205,1.5293954631015205,1.5333470928748314,1.5333470928748314,0.0,0.0,0.0,0.0
1994-12-04,1.5208993391656764,1.5208993391656764,1.5246110926570977,1.5246110926570977,0.0,0.0,0.0,0.0
1994-12-05,1.4825516500911144,1.4825516500911144,1.490823088932477,1.490823088932477,0.0,0.0,0.0,0.0
1994-12-06,1.4725922360299077,1.4725922360299077,1.4799186131974265,1.4799186131974265,0.0,0.0,0.0,0.0
1994-12-07,1.4788283186038578,1.4788283186038578,1.4864933874621153,1.4864933874621153,0.0,0.0,0.0,0.0
1994-12-08,1.488940033391907,1.488940033391907,1.4977331410632444,1.4977331410632444,0.0,0.0,0.0,0.0
1994-12-09,1.4920211947757938,1.4920211947757938,1.5009888713117594,1.5009888713117594,0.0,0.0,0.0,0.0
1994-12-10,1.4919835532093983,1.4919835532093983,1.5009477711647219,1.5009477711647219,0.0,0.0,0.0,0.0
1994-12-11,1.4735468858829681,1.4735468858829681,1.4806220020379577,1.4806220020379577,0.0,0.0,0.0,0.0
1994-12-12,1.3240773968698325,1.3240773968698325,1.3160319995503855,1.3160319995503855,0.0,0.0,0.0,0.0
1994-12-13,1.3462013670314306,1.3462013670314306,1.3405609731046908,1.3405609731046908,0.0,0.0,0.0,0.0
1994-12-14,1.4178869635938636,1.4178869635938636,1.4191908918243992,1.4191908918243992,0.0,0.0,0.0,0.0
1994-12-15,1.4662896284332259,1.4662896284332259,1.4706369994018265,1.4706369994018265,0.0,0.0,0.0,0.0
1994-12-16,1.4614777762946851,1.4614777762946851,1.4655750287902765,1.4655750287902765,0.0,0.0,0.0,0.0
1994-12-17,1.4713803324421673,1.4713803324421673,1.4800531593839814,1.4800531593839814,0.0,0.0,0.0,0.0
1994-12-18,1.4964982065965835,1.4964982065965835,1.5053076926795612,1.5053076926795612,0.0,0.0,0.0,0.0
1994-12-19,1.5058837156123355,1.5058837156123355,1.514706788930608,1.514706788930608,0.0,0.0,0.0,0.0
1994-12-20,1.5060231714878922,1.5060231714878922,1.5148467589659056,1.5148467589659056,0.0,0.0,0.0,0.0
1994-12-21,1.506749541391184,1.506749541391184,1.5156284831348292,1.5156284831348292,0.0,0.0,0.0,0.0
1994-12-22,1.5060535826440362,1.5060535826440362,1.5148514648428029,1.5148514648428029,0.0,0.0,0.0,0.0
1994-12-23,1.2079492223293555,1.2079492223293555,1.1893581840755807,1.1893581840755807,0.0,0.0,0.0,0.0
1994-12-24,1.09999244012926,1.09999244012926,1.0705813989298443,1.0705813989298443,0.0,0.0,0.0,0.0
1994-12-25,1.4037709931270097,1.4037709931270097,1.402748600082279,1.402748600082279,0.0,0.0,0.0,0.0
1994-12-26,1.5023610293854268,1.5023610293854268,1.5106587036290278,1.5106587036290278,0.0,0.0,0.0,0.0
1994-12-27,1.4877407425854556,1.4877407425854556,1.4949715312258025,1.4949715312258025,0.0,0.0,0.0,0.0
1994-12-28,1.4984860660685515,1.4984860660685515,1.5060322443778247,1.5060322443778247,0.0,0.0,0.0,0.0
1994-12-29,1.5033691508950537,1.5033691508950537,1.5117531162341888,1.5117531162341888,0.0,0.0,0.0,0.0
1994-12-30,1.5054786660633117,1.5054786660633117,1.5141150868741402,1.5141150868741402,0.0,0.0,0.0,0.0
1994-12-31,1.4989360628621604,1.4989360628621604,1.5068147885818661,1.5068147885818661,0.0,0.0,0.0,0.0
1995-01-01,1.5052384431236758,1.5052384431236758,1.5137464786086259,1.5137464786086259,0.0,0.0,0.0,0.0
1995-01-02,1.479795190907847,1.479795190907847,1.4872329427164406,1.4872329427164406,0.0,0.0,0.0,0.0
1995-01-03,1.4640216675148756,1.4640216675148756,1.4699850677463717,1.4699850677463717,0.0,0.0,0.0,0.0
1995-01-04,0.703841705873197,0.703841705873197,0.641932444639182,0.641932444639182,0.0,0.0,0.0,0.0
1995-01-05,0.37747755491758084,0.37747755491758084,0.28922828818532964,0.28922828818532964,0.0,0.0,0.0,0.0
1995-01-06,1.307175094715085,1.307175094715085,1.2979283676978135,1.2979283676978135,0.0,0.0,0.0,0.0
1995-01-07,1.11524143945225,1.11524143945225,1.0899933167048468,1.0899933167048468,0.0,0.0,0.0,0.0
1995-01-08,0.5544424689850965,0.5544424689850965,0.48789112387594435,0.48789112387594435,0.0,0.0,0.0,0.0
1995-01-09,0.4874271714474536,0.4874271714474536,0.41472313666602323,0.41472313666602323,0.0,0.0,0.0,0.0
1995-01-10,0.7950864882841022,0.7950864882841022,0.7511494117626422,0.7511494117626422,0.0,0.0,0.0,0.0
1995-01-11,1.1047606801188712,1.1047606801188712,1.0877052317806541,1.0877052317806541,0.0,0.0,0.0,0.0
1995-01-12,0.9583709887605193,0.9583709887605193,0.9249152287899827,0.9249152287899827,0.0,0.0,0.0,0.0
1995-01-13,0.9681688094110423,0.9681688094110423,0.934124804844162,0.934124804844162,0.0,0.0,0.0,0.0
1995-01-14,0.9133147235266482,0.9133147235266482,0.8743038000195061,0.8743038000195061,0.0,0.0,0.0,0.0
1995-01-15,0.2987241519814723,0.2987241519814723,0.20458792878498808,0.20458792878498808,0.0,0.0,0.0,0.0
1995-01-16,0.0921689634209848,0.0921689634209848,0.0097862,0.0097862,0.0,0.0,0.0,0.0
1995-01-17,0.35501996534463465,0.35501996534463465,0.2921685154706823,0.2921685154706823,0.0,0.0,0.0,0.0
1995-01-18,0.3468352392992383,0.3468352392992383,0.28345640578603476,0.28345640578603476,0.0,0.0,0.0,0.0
1995-01-19,0.36397461086646066,0.36397461086646066,0.3030701190607143,0.3030701190607143,0.0,0.0,0.0,0.0
1995-01-20,0.40362971239009526,0.40362971239009526,0.3474306482847837,0.3474306482847837,0.0,0.0,0.0,0.0
1995-01-21,0.44347132283358903,0.44347132283358903,0.39205469508211543,0.39205469508211543,0.0,0.0,0.0,0.0
1995-01-22,0.28137521034417423,0.28137521034417423,0.21607848941302885,0.21607848941302885,0.0,0.0,0.0,0.0
1995-01-23,0.48066670048253135,0.48066670048253135,0.39588360711808396,0.39588360711808396,0.0,0.0,0.0,0.0
1995-01-24,0.15298391255883392,0.15298391255883392,0.009786200000000111,0.009786200000000111,0.0,0.0,0.0,0.0
1995-01-25,0.1421790659828981,0.1421790659828981,0.009786199999999889,0.009786199999999889,0.0,0.0,0.0,0.0
1995-01-26,0.15082843306535287,0.15082843306535287,0.009786200000000083,0.009786200000000083,0.0,0.0,0.0,0.0
1995-01-27,0.15279622568743867,0.15279622568743867,0.009786200000000056,0.009786200000000056,0.0,0.0,0.0,0.0
1995-01-28,0.4187377728448456,0.4187377728448456,0.317566266992186,0.317566266992186,0.0,0.0,0.0,0.0
1995-01-29,0.5091390063209322,0.5091390063209322,0.41686333342874,0.41686333342874,0.0,0.0,0.0,0.0
1995-01-30,0.4406161773882282,0.4406161773882282,0.34838508842851784,0.34838508842851784,0.0,0.0,0.0,0.0
1995-01-31,0.46099615047645914,0.46099615047645914,0.36952754966048734,0.36952754966048734,0.0,0.0,0.0,0.0
1995-02-01,0.6194325817806433,0.6194325817806433,0.5442086367158057,0.5442086367158057,0.0,0.0,0.0,0.0
1995-02-02,0.6625083087751673,0.6625083087751674,0.5930202998510131,0.5930202998510132,0.0,0.0,0.0,0.0
1995-02-03,0.7251451135623056,0.7251451135623056,0.6628573026790712,0.6628573026790712,0.0,0.0,0.0,0.0
1995-02-04,0.790613219273323,0.790613219273323,0.7354393473554739,0.7354393473554739,0.0,0.0,0.0,0.0
1995-02-05,0.8534119003762072,0.8534119003762072,0.8049604896704498,0.8049604896704498,0.0,0.0,0.0,0.0
1995-02-06,4.446799373165449,4.446799373165449,14.240764833215259,14.240764833215259,0.0,0.0,0.0,0.0
1995-02-07,4.442409232665356,4.442409232665356,14.24076483321526,14.24076483321526,0.0,0.0,0.0,0.0
1995-02-08,4.437563991398416,4.437563991398416,14.24076483321526,14.24076483321526,0.0,0.0,0.0,0.0
1995-02-09,4.434364031124689,4.434364031124689,14.240764833215259,14.240764833215259,0.0,0.0,0.0,0.0
1995-02-10,4.430853995287023,4.430853995287023,14.24076483321526,14.24076483321526,0.0,0.0,0.0,0.0
1995-02-11,4.427828826766198,4.427828826766198,14.24076483321526,14.24076483321526,0.0,0.0,0.0,0.0
1995-02-12,4.425133388279178,4.425133388279178,14.240764833215259,14.240764833215259,0.0,0.0,0.0,0.0
1995-02-13,4.436568809582724,4.436568809582724,14.305918660563076,14.305918660563076,0.0,0.0,0.0,0.0
1995-02-14,4.429255973302763,4.429255973302763,14.305918660563078,14.305918660563078,0.0,0.0,0.0,0.0
1995-02-15,4.420900893075707,4.420900893075707,14.305918660563076,14.305918660563076,0.0,0.0,0.0,0.0
1995-02-16,4.420651061434806,4.420651061434806,14.305918660563078,14.305918660563078,0.0,0.0,0.0,0.0
1995-02-17,4.419954771506319,4.419954771506319,14.305918660563078,14.305918660563078,0.0,0.0,0.0,0.0
1995-02-18,4.418813880778326,4.418813880778326,14.305918660563078,14.305918660563078,0.0,0.0,0.0,0.0
1995-02-19,4.417482967097517,4.417482967097517,14.305918660563078,14.305918660563078,0.0,0.0,0.0,0.0
1995-02-20,4.415988645961394,4.415988645961394,14.374508682921155,14.374508682921155,0.0,0.0,0.0,0.0
1995-02-21,4.414327589876331,4.414327589876331,14.374508682921153,14.374508682921153,0.0,0.0,0.0,0.0
1995-02-22,4.4127283642175374,4.4127283642175374,14.374508682921155,14.374508682921155,0.0,0.0,0.0,0.0
1995-02-23,4.411281534681058,4.411281534681058,14.374508682921155,14.374508682921155,0.0,0.0,0.0,0.0
1995-02-24,4.409949822158971,4.409949822158971,14.374508682921155,14.374508682921155,0.0,0.0,0.0,0.0
1995-02-25,4.408718445305432,4.408718445305432,14.374508682921157,14.374508682921157,0.0,0.0,0.0,0.0
1995-02-26,4.407642905884503,4.407642905884503,14.374508682921153,14.374508682921153,0.0,0.0,0.0,0.0
1995-02-27,4.406736047323501,4.406736047323501,14.446898296452794,14.446898296452794,0.0,0.0,0.11192576929114706,0.11192576929114706
1995-02-28,4.41058773227916,4.41058773227916,14.446898296452794,14.446898296452794,0.0,0.0,0.2238515380808667,0.2238515380808667
1995-03-01,4.406191525217125,4.406191525217125,14.446898296452794,14.446898296452794,0.0,0.0,0.44770307515887847,0.44770307515887847
1995-03-02,4.416065403617132,4.416065403617132,14.446898296452794,14.446898296452794,0.0,0.0,0.895406148312047,0.895406148312047
1995-03-03,4.415424428455676,4.415424428455676,14.446898296452794,14.446898296452794,0.0,0.0,1.7908122926126744,1.7908122926126744
1995-03-04,4.408276289034846,4.408276289034846,14.446898296452794,14.446898296452794,0.0,0.0,3.5816245772025095,3.5816245772025095
1995-03-05,4.411980791983821,4.411980791983821,14.446898296452794,14.446898296452794,0.0,0.0,7.16324913835934,7.16324913835934
1995-03-06,4.410353681700088,4.410353681700088,14.523510637448187,14.523510637448187,0.0,0.0,0.16027692514584432,0.16027692514584432
1995-03-07,4.409040584139835,4.409040584139835,14.523510637448187,14.523510637448187,0.0,0.0,0.320553849573648,0.320553849573648
1995-03-08,4.425941755541943,4.425941755541943,14.523510637448187,14.523510637448187,0.0,0.0,0.6411076977112148,0.6411076977112148
1995-03-09,4.444215788747127,4.444215788747127,14.523510637448187,14.523510637448187,0.0,0.0,1.282215392550267,1.282215392550267
1995-03-10,4.688461162779224,4.688461162779224,14.523510637448187,14.523510637448187,0.0,0.0,2.564430779356209,2.564430779356209
1995-03-11,4.92671094365615,4.92671094365615,14.523510637448187,14.523510637448187,0.0,0.0,5.128861547223767,5.128861547223767
1995-03-12,4.532800301756282,4.532800301756282,14.523510637448187,14.523510637448187,0.0,0.0,10.257723071470235,10.257723071470235
1995-03-13,4.481661920403105,4.481661920403105,14.604842298657543,14.604842298657543,0.0,0.0,0.0,0.0
1995-03-14,4.473652190199207,4.473652190199207,14.604842298657543,14.604842298657543,0.0,0.0,0.0,0.0
1995-03-15,4.4727100893407155,4.4727100893407155,14.604842298657543,14.604842298657543,0.0,0.0,0.0,0.0
1995-03-16,4.47215973393963,4.47215973393963,14.604842298657543,14.604842298657543,0.0,0.0,0.0,0.0
1995-03-17,4.469224489784114,4.469224489784114,14.604842298657543,14.604842298657543,0.0,0.0,0.0,0.0
1995-03-18,4.463365605148303,4.463365605148303,14.604842298657543,14.604842298657543,0.0,0.0,0.0,0.0
1995-03-19,4.466698484020335,4.466698484020335,14.604842298657543,14.604842298657543,0.0,0.0,0.0,0.0
1995-03-20,4.488261096781131,4.488261096781131,14.691481195396216,14.691481195396216,0.0,0.0,4.746815989367132,4.746815989367132
1995-03-21,4.488579536252384,4.488579536252384,14.691481195396216,14.691481195396216,0.0,0.0,9.493631957468528,9.493631957468528
1995-03-22,4.52634681312902,4.52634681312902,14.691481195396216,14.691481195396216,0.0,0.0,18.987263872405585,18.987263872405585
1995-03-23,4.529411565941794,4.529411565941794,14.691481195396216,14.691481195396216,0.0,0.0,37.974527659748226,37.974527659748226
1995-03-24,4.4912268826991495,4.4912268826991495,14.691481195396216,14.691481195396216,0.0,0.0,75.94905514937055,75.94905514937055
1995-03-25,4.474039341890604,4.474039341890604,14.691481195396216,14.691481195396216,0.0,0.0,151.89810995848933,151.89810995848933
1995-03-26,4.472723026283758,4.472723026283758,14.691481195396216,14.691481195396216,0.0,0.0,49.37323777310203,49.37323777310203
1995-03-27,4.472661659987973,4.472661659987973,14.784130177775529,14.784130177775529,0.0,0.0,0.0,0.0
1995-03-28,4.471998013877137,4.471998013877137,14.784130177775529,14.784130177775529,0.0,0.0,0.0,0.0
1995-03-29,4.469070995617134,4.469070995617134,14.784130177775529,14.784130177775529,0.0,0.0,0.0,0.0
1995-03-30,4.4630992996507866,4.4630992996507866,14.784130177775529,14.784130177775529,0.0,0.0,0.0,0.0
1995-03-31,4.4561555848860035,4.4561555848860035,14.784130177775529,14.784130177775529,0.0,0.0,0.0,0.0
1995-04-01,4.451118003557493,4.451118003557493,14.784130177775529,14.784130177775529,0.0,0.0,0.0,0.0
1995-04-02,4.4447028998121985,4.4447028998121985,14.784130177775529,14.784130177775529,0.0,0.0,0.0,0.0
1995-04-03,4.439000936741251,4.439000936741251,14.883638748285877,14.883638748285877,0.0,0.0,0.0,0.0
1995-04-04,4.433620859465545,4.433620859465545,14.883638748285877,14.883638748285877,0.0,0.0,0.0,0.0
1995-04-05,4.428795606771564,4.428795606771564,14.883638748285877,14.883638748285877,0.0,0.0,0.0,0.0
1995-04-06,4.431269616255703,4.431269616255703,14.883638748285877,14.883638748285877,0.0,0.0,0.0,0.0
1995-04-07,4.423759959917785,4.423759959917785,14.883638748285877,14.883638748285877,0.0,0.0,0.0,0.0
1995-04-08,4.420089629914168,4.420089629914168,14.883638748285877,14.883638748285877,0.0,0.0,0.0,0.0
1995-04-09,4.41879219586683,4.41879219586683,14.883638748285877,14.883638748285877,0.0,0.0,0.0,0.0
1995-04-10,4.41700092982848,4.41700092982848,14.99104645275844,14.99104645275844,0.0,0.0,0.0,0.0
1995-04-11,4.414934650171568,4.414934650171568,14.99104645275844,14.99104645275844,0.0,0.0,0.0,0.0
1995-04-12,4.419676032727897,4.419676032727897,14.99104645275844,14.99104645275844,0.0,0.0,0.0,0.0
1995-04-13,4.419211789152474,4.419211789152474,14.99104645275844,14.99104645275844,0.0,0.0,0.0,0.0
1995-04-14,4.414723197717905,4.414723197717905,14.99104645275844,14.99104645275844,0.0,0.0,0.0,0.0
1995-04-15,4.414068076979172,4.414068076979172,14.99104645275844,14.99104645275844,0.0,0.0,0.0,0.0
1995-04-16,4.414510956729733,4.414510956729733,14.99104645275844,14.99104645275844,0.0,0.0,0.0,0.0
1995-04-17,4.414284850389651,4.414284850389651,15.107643483074932,15.107643483074932,0.0,0.0,0.0,0.0
1995-04-18,4.412370675848708,4.412370675848708,15.107643483074932,15.107643483074932,0.0,0.0,0.0,0.0
1995-04-19,4.416234251409771,4.416234251409771,15.107643483074932,15.107643483074932,0.0,0.0,0.0,0.0
1995-04-20,4.414556106260364,4.414556106260364,15.107643483074932,15.107643483074932,0.0,0.0,0.0,0.0
1995-04-21,4.412593839579303,4.412593839579303,15.107643483074932,15.107643483074932,0.0,0.0,0.0,0.0
1995-04-22,4.411491243413784,4.411491243413784,15.107643483074932,15.107643483074932,0.0,0.0,0.0,0.0
1995-04-23,4.410342174920068,4.410342174920068,10.60625187113482,10.60625187113482,0.0,0.0,0.0,0.0
1995-04-24,4.408880866574588,4.408880866574588,7.30068337300774,7.30068337300774,0.0,0.0,4.746815989367132,4.746815989367132
1995-04-25,4.407277006826822,4.407277006826822,9.5004351265759,9.5004351265759,0.0,0.0,9.493631957468528,9.493631957468528
1995-04-26,4.4056593555853985,4.4056593555853985,12.07227024458934,12.07227024458934,0.0,0.0,18.987263872405585,18.987263872405585
1995-04-27,4.41206137051365,4.41206137051365,13.59592613683086,13.59592613683086,0.0,0.0,37.974527659748226,37.974527659748226
1995-04-28,4.409514971198968,4.409514971198968,15.283867616725814,15.283867616725814,0.0,0.0,75.94905514937055,75.94905514937055
1995-04-29,4.423488347871699,4.423488347871699,15.283867616725814,15.283867616725814,0.0,0.0,19.585152549640007,19.585152549640007
1995-04-30,4.4287669928383995,4.4287669928383995,15.283867616725814,15.283867616725814,0.0,0.0,14.298454744,14.298454744
1995-05-01,4.418372523646392,4.418372523646392,15.645686663266234,15.645686663266234,0.0,0.0,0.0,0.0
1995-05-02,4.4148714390157044,4.4148714390157044,15.645686663266234,15.645686663266234,0.0,0.0,0.0,0.0
1995-05-03,4.416066633960403,4.416066633960403,15.645686663266234,15.645686663266234,0.0,0.0,0.0,0.0
1995-05-04,4.419210095096544,4.419210095096544,15.645686663266234,15.645686663266234,0.0,0.0,0.0,0.0
1995-05-05,4.42535155444768,4.42535155444768,15.645686663266234,15.645686663266234,0.0,0.0,0.0,0.0
1995-05-06,4.4198884126351885,4.4198884126351885,15.645686663266234,15.645686663266234,0.0,0.0,0.0,0.0
1995-05-07,4.417304635726112,4.417304635726112,15.645686663266234,15.645686663266234,0.0,0.0,0.0,0.0
1995-05-08,4.416942310260688,4.416942310260688,12.648270282743939,12.648270282743939,0.0,0.0,4.746815989367136,4.746815989367132
1995-05-09,4.415599529902491,4.415599529902491,12.99075383700234,12.99075383700234,0.0,0.0,9.493631957468533,9.493631957468528
1995-05-10,4.413938677309481,4.413938677309481,14.6713095398296,14.6713095398296,0.0,0.0,18.987263872405595,18.987263872405585
1995-05-11,4.412194760874922,4.412194760874922,15.80441102391954,15.80441102391954,0.0,0.0,37.97452765974824,37.974527659748226
1995-05-12,4.424803611843854,4.424803611843854,14.515393019241603,14.515393019241603,0.0,0.0,11.912403131010485,11.912403131010528
1995-05-13,4.421554470888634,4.421554470888634,11.36189684044222,11.36189684044222,0.0,0.0,6.194729286,6.194729286
1995-05-14,4.420218840800989,4.420218840800989,10.86220844801976,10.86220844801976,0.0,0.0,5.837529256,5.837529256
1995-05-15,4.422541087744944,4.422541087744944,10.84322282447026,10.84322282447026,0.0,0.0,4.746815989367132,4.746815989367132
1995-05-16,4.416775065045454,4.416775065045454,10.789398162435438,10.789398162435438,0.0,0.0,6.801261662632868,6.801261662632868
1995-05-17,4.417336285925722,4.417336285925722,11.29828587621924,11.29828587621924,0.0,0.0,5.715200478,5.715200478
1995-05-18,4.416066219584102,4.416066219584102,13.07879109579978,13.07879109579978,0.0,0.0,5.915819672,5.915819672
1995-05-19,4.414002370035793,4.414002370035793,16.240895841057476,16.240895841057476,0.0,0.0,6.840702716,6.840702716
1995-05-20,4.4115953177347995,4.4115953177347995,16.240895841057476,16.240895841057476,0.0,0.0,8.438088392000001,8.438088392000001
1995-05-21,4.409197334916017,4.409197334916017,16.240895841057476,16.240895841057476,0.0,0.0,9.08168843,9.08168843
1995-05-22,4.407294018831183,4.407294018831183,16.757752643684668,16.757752643684668,0.0,0.0,4.746815989367132,4.746815989367132
1995-05-23,4.405933399452255,4.405933399452255,16.757752643684668,16.757752643684668,0.0,0.0,9.493631957468528,9.493631957468528
1995-05-24,4.4070900047898105,4.4070900047898105,16.757752643684668,16.757752643684668,0.0,0.0,11.427277805164344,11.427277805164344
1995-05-25,4.404748992851321,4.404748992851321,16.757752643684668,16.757752643684668,0.0,0.0,6.811266322000001,6.811266322000001
1995-05-26,4.403860707891439,4.403860707891439,16.757752643684668,16.757752643684668,0.0,0.0,7.300581432,7.300581432
1995-05-27,4.402557058532233,4.402557058532233,16.757752643684668,16.757752643684668,0.0,0.0,8.1729657,8.1729657
1995-05-28,4.401206983350907,4.401206983350907,16.757752643684668,16.757752643684668,0.0,0.0,8.866389782,8.866389782
1995-05-29,4.399963988067007,4.399963988067007,17.00213654133185,17.00213654133185,0.0,0.0,4.746815989367132,4.746815989367132
1995-05-30,4.398805963579002,4.398805963579002,17.00213654133185,17.00213654133185,0.0,0.0,9.49363195746853,9.49363195746853
1995-05-31,4.397786270860207,4.397786270860207,17.00213654133185,17.00213654133185,0.0,0.0,18.987263872405588,18.987263872405588
1995-06-01,4.397174619060456,4.397174619060456,17.00213654133185,17.00213654133185,0.0,0.0,0.7810559982504355,0.7810559982504355
1995-06-02,4.396495569679374,4.396495569679374,17.00213654133185,17.00213654133185,0.0,0.0,0.7810559982504302,0.7810559982504302
1995-06-03,4.39606110957663,4.39606110957663,17.00213654133185,17.00213654133185,0.0,0.0,4.7468159893671285,4.7468159893671285
1995-06-04,4.395782194478675,4.395782194478675,17.00213654133185,17.00213654133185,0.0,0.0,4.746815989367136,4.746815989367136
1995-06-05,4.395598960173803,4.395598960173803,17.292416927157856,17.292416927157856,0.0,0.0,0.7810559982504373,0.7810559982504373
1995-06-06,4.395518806289481,4.395518806289481,17.292416927157856,17.292416927157856,0.0,0.0,4.746815989367136,4.746815989367136
1995-06-07,4.395498321409705,4.395498321409705,17.292416927157856,17.292416927157856,0.0,0.0,4.746815989367136,4.746815989367136
1995-06-08,4.395492773571989,4.395492773571989,17.292416927157856,17.292416927157856,0.0,0.0,0.7810559982504373,0.7810559982504373
1995-06-09,4.395486561885775,4.395486561885775,17.292416927157856,17.292416927157856,0.0,0.0,4.74681598936715,4.74681598936715
1995-06-10,4.395478706041468,4.395478706041468,17.292416927157856,17.292416927157856,0.0,0.0,4.746815989367121,4.746815989367121
1995-06-11,4.395469286539513,4.395469286539513,17.292416927157856,17.292416927157856,0.0,0.0,0.7810559982504373,0.7810559982504373
1995-06-12,4.395458822576537,4.395458822576537,17.648437282835534,17.648437282835534,0.0,0.0,0.781055998250423,0.781055998250423
1995-06-13,4.395447875820428,4.395447875820428,17.648437282835534,17.648437282835534,0.0,0.0,4.74681598936715,4.74681598936715
1995-06-14,4.398636034816635,4.398636034816635,17.648437282835534,17.648437282835534,0.0,0.0,0.7810559982504373,0.7810559982504373
1995-06-15,4.414446485358054,4.414446485358054,17.648437282835534,17.648437282835534,0.0,0.0,0.7810559982504373,0.7810559982504373
1995-06-16,4.4079667743894655,4.4079667743894655,17.648437282835534,17.648437282835534,0.0,0.0,4.746815989367136,4.746815989367136
1995-06-17,4.3954332516705605,4.3954332516705605,17.648437282835534,17.648437282835534,0.0,0.0,0.0,0.0
1995-06-18,4.395432629486833,4.395432629486833,17.648437282835534,17.648437282835534,0.0,0.0,0.781055998250423,0.781055998250423
1995-06-19,4.395429279270424,4.395429279270424,18.105989369762927,18.105989369762927,0.0,0.0,0.781055998250423,0.781055998250423
1995-06-20,4.395424589945408,4.395424589945408,18.105989369762927,18.105989369762927,0.0,0.0,4.746815989367121,4.746815989367121
1995-06-21,4.395418839540454,4.395418839540454,18.105989369762927,18.105989369762927,0.0,0.0,0.781055998250423,0.781055998250423
1995-06-22,4.395411774637748,4.395411774637748,18.105989369762927,18.105989369762927,0.0,0.0,0.781055998250423,0.781055998250423
1995-06-23,4.395403025766486,4.395403025766486,18.105989369762927,18.105989369762927,0.0,0.0,0.781055998250423,0.7810559982504345
1995-06-24,4.395393047952814,4.395393047952814,18.105989369762927,18.105989369762927,0.0,0.0,4.746815989367132,4.746815989367132
1995-06-25,4.395382145677861,4.395382145677861,18.105989369762927,18.105989369762927,0.0,0.0,0.7810559982504345,0.7810559982504345
1995-06-26,4.395370421662018,4.395370421662018,18.739699010480226,18.739699010480226,0.0,0.0,0.7810559982504345,0.7810559982504345
1995-06-27,4.3953579372149205,4.3953579372149205,18.739699010480226,18.739699010480226,0.0,0.0,0.7810559982504345,0.7810559982504345
1995-06-28,4.395345577193773,4.395345577193773,18.739699010480226,18.739699010480226,0.0,0.0,0.7810559982504345,0.7810559982504345
1995-06-29,4.395333595680003,4.395333595680003,18.739699010480226,18.739699010480226,0.0,0.0,0.7810559982504345,0.7810559982504345
1995-06-30,4.395321857201195,4.395321857201195,18.739699010480226,18.739699010480226,0.0,0.0,0.7810559982504345,0.7810559982504345
1995-07-01,4.395462595731375,4.395462595731375,18.739699010480226,18.739699010480226,0.0,0.0,0.0,0.0
1995-07-02,4.395449582463339,4.395449582463339,18.739699010480226,18.739699010480226,0.0,0.0,4.746815989367132,4.746815989367132
1995-07-03,4.395436920904831,4.395436920904831,21.943066385302025,21.943066385302025,0.0,0.0,0.7810559982504345,0.7810559982504345
1995-07-04,4.395424352250433,4.395424352250433,21.943066385302025,21.943066385302025,0.0,0.0,0.7810559982504345,0.7810559982504345
1995-07-05,4.395411417977661,4.395411417977661,21.943066385302025,21.943066385302025,0.0,0.0,4.746815989367132,4.746815989367132
1995-07-06,4.395397558760782,4.395397558760782,21.943066385302025,21.943066385302025,0.0,0.0,0.7810559982504345,0.7810559982504345
1995-07-07,4.395383569824996,4.395383569824996,21.943066385302025,21.943066385302025,0.0,0.0,4.746815989367132,4.746815989367132
1995-07-08,4.395370687507682,4.395370687507682,21.943066385302025,21.943066385302025,0.0,0.0,0.7810559982504345,0.7810559982504345
1995-07-09,4.395358550213751,4.395358550213751,21.943066385302025,21.943066385302025,0.0,0.0,4.746815989367132,4.746815989367132
1995-07-10,4.395345988703883,4.395345988703883,21.943066442646572,21.943066442646572,0.0,0.0,0.7810559982504345,0.7810559982504345
1995-07-11,4.395333091269186,4.395333091269186,21.943066442646572,21.943066442646572,0.0,0.0,0.7810559982504345,0.7810559982504345
1995-07-12,4.395321366237731,4.395321366237731,21.943066442646572,21.943066442646572,0.0,0.0,4.746815989367132,4.746815989367132
1995-07-13,4.3953108774447225,4.3953108774447225,21.943066442646572,21.943066442646572,0.0,0.0,0.7810559982504345,0.7810559982504345
1995-07-14,4.39530028791054,4.39530028791054,21.943066442646572,21.943066442646572,0.0,0.0,0.7810559982504345,0.7810559982504345
1995-07-15,4.395288104405097,4.395288104405097,21.943066442646572,21.943066442646572,0.0,0.0,0.0,0.0
1995-07-16,4.395275009784858,4.395275009784858,21.943066442646572,21.943066442646572,0.0,0.0,4.746815989367132,4.746815989367132
1995-07-17,4.395262526108275,4.395262526108275,4.404412790134115,4.404412790134115,0.0,0.0,0.7810559982504345,0.7810559982504345
1995-07-18,4.395251514684056,4.395251514684056,4.404412790134115,4.404412790134115,0.0,0.0,0.7810559982504345,0.7810559982504345
1995-07-19,4.39524071399729,4.39524071399729,4.404412790134115,4.404412790134115,0.0,0.0,0.7810559982504345,0.7810559982504345
1995-07-20,4.395229122104728,4.395229122104728,4.404412790134115,4.404412790134115,0.0,0.0,0.7810559982504345,0.7810559982504345
1995-07-21,4.39521782537069,4.39521782537069,4.404412790134115,4.404412790134115,0.0,0.0,0.7810559982504345,0.7810559982504345
1995-07-22,4.3952070503929805,4.3952070503929805,4.404412790134115,4.404412790134115,0.0,0.0,0.7810559982504345,0.7810559982504345
1995-07-23,4.395196789268583,4.395196789268583,4.404412790134115,4.404412790134115,0.0,0.0,0.7810559982504345,0.7810559982504345
1995-07-24,4.395186804650889,4.395186804650889,4.404412790134115,4.404412790134115,0.0,0.0,0.7810559982504345,0.7810559982504345
1995-07-25,4.395176825738344,4.395176825738344,4.404412790134115,4.404412790134115,0.0,0.0,0.7810559982504345,0.7810559982504345
1995-07-26,4.395167206863175,4.395167206863175,4.404412790134115,4.404412790134115,0.0,0.0,0.7810559982504345,0.7810559982504345
1995-07-27,4.395157742762235,4.395157742762235,4.404412790134115,4.404412790134115,0.0,0.0,0.7810559982504345,0.7810559982504345
1995-07-28,4.3951482910434665,4.3951482910434665,4.404412790134115,4.404412790134115,0.0,0.0,0.7810559982504345,0.7810559982504345
1995-07-29,4.3951391623241935,4.3951391623241935,4.404412790134115,4.404412790134115,0.0,0.0,0.0,0.0
1995-07-30,4.395130690824103,4.395130690824103,4.404412790134115,4.404412790134115,0.0,0.0,0.7810559982504345,0.7810559982504345
1995-07-31,4.39512289790113,4.39512289790113,4.404412790134115,4.404412790134115,0.0,0.0,0.7810559982504345,0.7810559982504345
1995-08-01,4.395417414139517,4.395417414139517,4.404412790134115,4.404412790134115,0.0,0.0,0.7810559982504345,0.7810559982504345
1995-08-02,4.3954072439467105,4.3954072439467105,4.404412790134115,4.404412790134115,0.0,0.0,0.7810559982504345,0.7810559982504345
1995-08-03,4.395397939241583,4.395397939241583,4.404412790134115,4.404412790134115,0.0,0.0,0.7810559982504345,0.7810559982504345
1995-08-04,4.395389412639081,4.395389412639081,4.404412790134115,4.404412790134115,0.0,0.0,0.7810559982504345,0.7810559982504345
1995-08-05,4.395381571062898,4.395381571062898,4.404412790134115,4.404412790134115,0.0,0.0,0.7810559982504345,0.7810559982504345
1995-08-06,4.395374442652601,4.395374442652601,4.404412790134115,4.404412790134115,0.0,0.0,0.7810559982504345,0.7810559982504345
1995-08-07,4.395367987158636,4.395367987158636,4.404412790134115,4.404412790134115,0.0,0.0,0.7810559982504345,0.7810559982504345
1995-08-08,4.3953621885733725,4.3953621885733725,4.404412790134115,4.404412790134115,0.0,0.0,0.7810559982504345,0.7810559982504345
1995-08-09,4.395357140465419,4.395357140465419,4.404412790134115,4.404412790134115,0.0,0.0,0.7810559982504345,0.7810559982504345
1995-08-10,4.395352700286886,4.395352700286886,4.404412790134115,4.404412790134115,0.0,0.0,0.7810559982504345,0.7810559982504345
1995-08-11,4.3953488420430125,4.3953488420430125,4.404412790134115,4.404412790134115,0.0,0.0,0.7810559982504345,0.7810559982504345
1995-08-12,4.38559409158046,4.38559409158046,4.3946613263661405,4.3946613263661405,0.0,0.0,0.0,0.0
1995-08-13,4.395342568951393,4.395342568951393,4.404412790134115,4.404412790134115,0.0,0.0,0.7810559982504345,0.7810559982504345
1995-08-14,3.8809822538387735,3.8809822538387735,3.89005511978964,3.89005511978964,0.0,0.0,0.7810559982504345,0.7810559982504345
1995-08-15,3.820777484551816,3.820777484551816,3.82985259045176,3.82985259045176,0.0,0.0,0.7810559982504345,0.7810559982504345
1995-08-16,3.710492204287674,3.710492204287674,3.71956925157946,3.71956925157946,0.0,0.0,0.7810559982504345,0.7810559982504345
1995-08-17,3.082093004405688,3.082093004405688,3.09117174819606,3.09117174819606,0.0,0.0,0.7810559982504345,0.7810559982504345
1995-08-18,2.4948863188895887,2.4948863188895887,2.5039664875411,2.5039664875411,0.0,0.0,0.7810559982504345,0.7810559982504345
1995-08-19,2.9019069662145665,2.9019069662145665,2.9109883648135204,2.9109883648135204,0.0,0.0,0.7810559982504345,0.7810559982504345
1995-08-20,3.1034004738664316,3.1034004738664316,3.11248309829882,3.11248309829882,0.0,0.0,0.7810559982504345,0.7810559982504345
1995-08-21,2.974808500522458,2.974808500522458,2.9838923700256603,2.9838923700256603,0.0,0.0,0.7810559982504345,0.7810559982504345
1995-08-22,2.7993937624336347,2.7993937624336347,2.80847882243746,2.80847882243746,0.0,0.0,0.7810559982504345,0.7810559982504345
1995-08-23,2.7363984168917,2.7363984168917,2.74548443471322,2.74548443471322,0.0,0.0,0.7810559982504345,0.7810559982504345
1995-08-24,2.442382039242801,2.442382039242801,2.45146869813158,2.45146869813158,0.0,0.0,0.7810559982504345,0.7810559982504345
1995-08-25,2.191789304624465,2.191789304624465,2.200876447382733,2.200876447382733,0.0,0.0,0.7810559982504345,0.7810559982504345
1995-08-26,2.1917946461643933,2.1917946461643933,2.2008822107182837,2.2008822107182837,0.0,0.0,0.0,0.0
1995-08-27,2.19179959767696,2.19179959767696,2.2008875705399245,2.2008875705399245,0.0,0.0,0.7810559982504345,0.7810559982504345
1995-08-28,2.1519221498133834,2.151922149813384,2.1610105340082155,2.161010534008216,0.0,0.0,0.7810559982504345,0.7810559982504345
1995-08-29,2.1519268798786544,2.1519268798786544,2.1610156706391246,2.1610156706391246,0.0,0.0,0.7810559982504345,0.7810559982504345
1995-08-30,2.1519314211996052,2.1519314211996052,2.1610206120003688,2.1610206120003688,0.0,0.0,0.7810559982504345,0.7810559982504345
1995-08-31,2.1519359286426214,2.1519359286426214,2.1610255285207005,2.1610255285207005,0.0,0.0,0.7810559982504345,0.7810559982504345
1995-09-01,2.152473738165669,2.152473738165669,2.161609155371238,2.161609155371238,0.0,0.0,0.7810559982504345,0.7810559982504345
1995-09-02,2.1524781675009197,2.1524781675009197,2.1616139968659573,2.1616139968659573,0.0,0.0,0.7810559982504345,0.7810559982504345
1995-09-03,2.1524821379236005,2.1524821379236005,2.161618261135095,2.161618261135095,0.0,0.0,0.7810559982504345,0.7810559982504345
1995-09-04,2.19236780102419,2.19236780102419,2.201504083887755,2.201504083887755,0.0,0.0,0.7810559982504345,0.7810559982504345
1995-09-05,2.192371077438739,2.192371077438739,2.201507519007589,2.201507519007589,0.0,0.0,0.7810559982504345,0.7810559982504345
1995-09-06,2.1923742138249005,2.1923742138249005,2.2015108089987048,2.2015108089987048,0.0,0.0,0.7810559982504345,0.7810559982504345
1995-09-07,2.1923772555673797,2.1923772555673797,2.2015139990963157,2.2015139990963157,0.0,0.0,0.7810559982504345,0.7810559982504345
1995-09-08,2.1923802652528632,2.1923802652528632,2.2015171571486554,2.2015171571486554,0.0,0.0,0.7810559982504345,0.7810559982504345
1995-09-09,2.19238282928245,2.19238282928245,2.2015198694776803,2.2015198694776803,0.0,0.0,0.0,0.0
1995-09-10,2.1923849701531397,2.1923849701531397,2.2015221586360836,2.2015221586360836,0.0,0.0,0.7810559982504345,0.7810559982504345
1995-09-11,2.1923870806935892,2.1923870806935892,2.201524417408553,2.201524417408553,0.0,0.0,0.7810559982504345,0.7810559982504345
1995-09-12,2.192389186949937,2.192389186949937,2.201526671885196,2.201526671885196,0.0,0.0,0.7810559982504345,0.7810559982504345
1995-09-13,2.1923913397685717,2.1923913397685717,2.2015289728684326,2.2015289728684326,0.0,0.0,0.7810559982504345,0.7810559982504345
1995-09-14,2.192393549783247,2.192393549783247,2.20153133104771,2.20153133104771,0.0,0.0,0.7810559982504345,0.7810559982504345
1995-09-15,2.1923955985894588,2.1923955985894588,2.2015335279393806,2.2015335279393806,0.0,0.0,0.7810559982504345,0.7810559982504345
1995-09-16,2.1923973926254794,2.1923973926254794,2.2015354700725847,2.2015354700725847,0.0,0.0,0.7810559982504345,0.7810559982504345
1995-09-17,2.1923991110312526,2.1923991110312526,2.2015373365081237,2.2015373365081237,0.0,0.0,0.7810559982504345,0.7810559982504345
1995-09-18,2.1465607865305727,2.1465607865305727,2.1556991600254847,2.1556991600254847,0.0,0.0,0.7810559982504345,0.7810559982504345
1995-09-19,2.146562504056575,2.146562504056575,2.1557010255138342,2.1557010255138342,0.0,0.0,0.7810559982504345,0.7810559982504345
1995-09-20,2.1465642211344953,2.1465642211344953,2.1557028904866837,2.1557028904866837,0.0,0.0,0.7810559982504345,0.7810559982504345
1995-09-21,2.146565938111324,2.146565938111324,2.155704755414135,2.155704755414135,0.0,0.0,0.7810559982504345,0.7810559982504345
1995-09-22,2.146567654716572,2.146567654716572,2.155706619858619,2.155706619858619,0.0,0.0,0.7810559982504345,0.7810559982504345
1995-09-23,2.1465693707016094,2.1465693707016094,2.1557084836711673,2.1557084836711673,0.0,0.0,0.0,0.0
1995-09-24,2.1465710863478527,2.1465710863478527,2.155710347133197,2.155710347133197,0.0,0.0,0.7810559982504345,0.7810559982504345
1995-09-25,2.0980595401295776,2.0980595401295776,2.107198948675015,2.107198948675015,0.0,0.0,0.7810559982504345,0.7810559982504345
1995-09-26,2.0980612552403084,2.0980612552403084,2.1072008115458387,2.1072008115458387,0.0,0.0,0.7810559982504345,0.7810559982504345
1995-09-27,2.0980629694166235,2.0980629694166235,2.1072026734031035,2.1072026734031035,0.0,0.0,0.7810559982504345,0.7810559982504345
1995-09-28,2.098064683827909,2.098064683827909,2.107204535507064,2.107204535507064,0.0,0.0,0.7810559982504345,0.7810559982504345
1995-09-29,2.0980663974905696,2.0980663974905696,2.107206396794981,2.107206396794981,0.0,0.0,0.7810559982504345,0.7810559982504345
1995-09-30,2.098068110604056,2.098068110604056,2.107208257466306,2.107208257466306,0.0,0.0,0.7810559982504345,0.7810559982504345
1995-10-01,2.0995958327618482,2.0995958327618482,2.1088662149150315,2.1088662149150315,0.0,0.0,0.7810559982504345,0.7810559982504345
1995-10-02,2.128109361387919,2.128109361387919,2.1373798613357886,2.1373798613357886,0.0,0.0,0.7810559982504345,0.7810559982504345
1995-10-03,2.1281107287301975,2.1281107287301975,2.137381346463391,2.137381346463391,0.0,0.0,0.7810559982504345,0.7810559982504345
1995-10-04,2.1281120956251804,2.1281120956251804,2.1373828311343335,2.1373828311343335,0.0,0.0,0.7810559982504345,0.7810559982504345
1995-10-05,2.128113462363064,2.128113462363064,2.137384315603701,2.137384315603701,0.0,0.0,0.7810559982504345,0.7810559982504345
1995-10-06,2.1281148288609355,2.1281148288609355,2.1373857998330554,2.1373857998330554,0.0,0.0,0.7810559982504345,0.7810559982504345
1995-10-07,2.128116194939876,2.128116194939876,2.1373872835896397,2.1373872835896397,0.0,0.0,0.0,0.0
1995-10-08,2.12811756058243,2.12811756058243,2.137388766855997,2.137388766855997,0.0,0.0,0.7810559982504345,0.7810559982504345
1995-10-09,2.074073394893936,2.074073394893936,2.083344718835783,2.083344718835783,0.0,0.0,0.7810559982504345,0.7810559982504345
1995-10-10,2.0740747601415603,2.0740747601415603,2.0833462016627347,2.0833462016627347,0.0,0.0,0.7810559982504345,0.7810559982504345
1995-10-11,2.0740761249527986,2.0740761249527986,2.083347684043937,2.083347684043937,0.0,0.0,0.7810559982504345,0.7810559982504345
1995-10-12,2.0740774893385603,2.0740774893385603,2.0833491659902985,2.0833491659902985,0.0,0.0,0.7810559982504345,0.7810559982504345
1995-10-13,2.0740788535454038,2.0740788535454038,2.083350647713266,2.083350647713266,0.0,0.0,4.746815989367132,4.746815989367132
1995-10-14,2.0740802176518778,2.0740802176518778,2.083352129335864,2.083352129335864,0.0,0.0,4.746815989367132,4.746815989367132
1995-10-15,2.074081581267418,2.074081581267418,2.083353610413688,2.083353610413688,0.0,0.0,4.746815989367132,4.746815989367132
1995-10-16,2.1179151277111505,2.1179151277111505,2.127187274275228,2.127187274275228,0.0,0.0,4.746815989367132,4.746815989367132
1995-10-17,2.1179164907179313,2.1179164907179313,2.1271887546904527,2.1271887546904527,0.0,0.0,4.746815989367132,4.746815989367132
1995-10-18,2.117917853251233,2.117917853251233,2.127190234622835,2.127190234622835,0.0,0.0,4.746815989367132,4.746815989367132
1995-10-19,2.1179192155401587,2.1179192155401587,2.127191714266365,2.127191714266365,0.0,0.0,0.7810559982504345,0.7810559982504345
1995-10-20,2.1179205777548984,2.1179205777548984,2.1271931938357085,2.1271931938357085,0.0,0.0,0.7810559982504345,0.7810559982504345
1995-10-21,2.1179219395507074,2.1179219395507074,2.1271946729322817,2.1271946729322817,0.0,0.0,0.0,0.0
1995-10-22,2.1179233011414147,2.1179233011414147,2.127196151823753,2.127196151823753,0.0,0.0,0.7810559982504345,0.7810559982504345
1995-10-23,2.01196148334566,2.01196148334566,2.021234451274923,2.021234451274923,0.0,0.0,0.7810559982504345,0.7810559982504345
1995-10-24,2.0119628442577864,2.0119628442577864,2.0212359293894973,2.0212359293894973,0.0,0.0,0.7810559982504345,0.7810559982504345
1995-10-25,2.0119642047095256,2.0119642047095256,2.0212374070343206,2.0212374070343206,0.0,0.0,0.7810559982504345,0.7810559982504345
1995-10-26,2.011965564796882,2.011965564796882,2.0212388843053986,2.0212388843053986,0.0,0.0,0.7810559982504345,0.7810559982504345
1995-10-27,2.0119669246049514,2.0119669246049514,2.021240361252712,2.021240361252712,0.0,0.0,0.7810559982504345,0.7810559982504345
1995-10-28,2.011968284277741,2.011968284277741,2.021241838064746,2.021241838064746,0.0,0.0,0.7810559982504345,0.7810559982504345
1995-10-29,2.0119696434988708,2.0119696434988708,2.0212433143712807,2.0212433143712807,0.0,0.0,0.7810559982504345,0.7810559982504345
1995-10-30,1.7557867713083395,1.7557867713083395,1.7650605592216773,1.7650605592216773,0.0,0.0,0.7810559982504345,0.7810559982504345
1995-10-31,1.7557881299054368,1.7557881299054368,1.7650620348503392,1.7650620348503392,0.0,0.0,0.7810559982504345,0.7810559982504345
1995-11-01,1.7553491981537417,1.7553491981537417,1.7645856894965273,1.7645856894965273,0.0,0.0,1.562111993001738,1.562111993001738
1995-11-02,1.7553506556531093,1.7553506556531093,1.7645872725453426,1.7645872725453426,0.0,0.0,3.1242239790052144,3.1242239790052144
1995-11-03,1.755352113089248,1.755352113089248,1.764588855530929,1.764588855530929,0.0,0.0,6.248447944013906,6.248447944013906
1995-11-04,1.7553535699329075,1.7553535699329075,1.7645904378662511,1.7645904378662511,0.0,0.0,12.496895860034765,12.496895860034765
1995-11-05,1.7553550265025741,1.7553550265025741,1.7645920198798448,1.7645920198798448,0.0,0.0,24.993791664083435,24.993791664083435
1995-11-06,1.407677998292789,1.407677998292789,1.416915117151673,1.416915117151673,0.0,0.0,0.0,0.0
1995-11-07,1.4076794542090894,1.4076794542090894,1.4169166984541153,1.4169166984541153,0.0,0.0,0.0,0.0
1995-11-08,1.4076809096289244,1.4076809096289244,1.4169182792500428,1.4169182792500428,0.0,0.0,0.0,0.0
1995-11-09,1.407682365055785,1.407682365055785,1.416919860052996,1.416919860052996,0.0,0.0,0.0,0.0
1995-11-10,1.407683819845672,1.407683819845672,1.4169214401611903,1.4169214401611903,0.0,0.0,0.0,0.0
1995-11-11,1.4076852745372026,1.4076852745372026,1.4169230201710281,1.4169230201710281,0.0,0.0,0.0,0.0
1995-11-12,1.4076867287416353,1.4076867287416353,1.416924599635983,1.416924599635983,0.0,0.0,0.0,0.0
1995-11-13,1.5757824520926413,1.5757824520926413,1.5850204481997758,1.5850204481997758,0.0,0.0,0.0,0.0
1995-11-14,1.575783905524275,1.575783905524275,1.5850220268341468,1.5850220268341468,0.0,0.0,0.0,0.0
1995-11-15,1.575785358876287,1.575785358876287,1.5850236053888958,1.5850236053888958,0.0,0.0,0.0,0.0
1995-11-16,1.5757868119847498,1.5757868119847498,1.5850251836523603,1.5850251836523603,0.0,0.0,0.0,0.0
1995-11-17,1.575788264725548,1.575788264725548,1.5850267615381104,1.5850267615381104,0.0,0.0,0.0,0.0
1995-11-18,1.575789716815321,1.575789716815321,1.5850283387150503,1.5850283387150503,0.0,0.0,0.0,0.0
1995-11-19,1.5757911689027522,1.5757911689027522,1.5850299158896486,1.5850299158896486,0.0,0.0,0.0,0.0
1995-11-20,1.4200394877830818,1.4200394877830818,1.42927835979936,1.42927835979936,0.0,0.0,0.0,0.0
1995-11-21,1.4200409390836628,1.4200409390836628,1.4292799360815873,1.4292799360815873,0.0,0.0,0.0,0.0
1995-11-22,1.4200423901828478,1.4200423901828478,1.4292815121624185,1.4292815121624185,0.0,0.0,0.0,0.0
1995-11-23,1.4200438409518368,1.4200438409518368,1.4292830879030043,1.4292830879030043,0.0,0.0,0.0,0.0
1995-11-24,1.4200452910276482,1.4200452910276482,1.4292846628926275,1.4292846628926275,0.0,0.0,0.0,0.0
1995-11-25,1.408769128096655,1.408769128096655,1.4169795144528283,1.4169795144528283,0.0,0.0,0.0,0.0
1995-11-26,1.420048190509512,1.420048190509512,1.429287812144329,1.429287812144329,0.0,0.0,0.0,0.0
1995-11-27,1.5004795430993405,1.5004795430993405,1.5097192895901843,1.5097192895901843,0.0,0.0,0.0,0.0
1995-11-28,1.50048099228292,1.50048099228292,1.509720863582055,1.509720863582055,0.0,0.0,0.0,0.0
1995-11-29,1.5004824410004785,1.5004824410004785,1.5097224370978546,1.5097224370978546,0.0,0.0,0.0,0.0
1995-11-30,1.5004838890623282,1.5004838890623282,1.5097240099001605,1.5097240099001605,0.0,0.0,0.0,0.0
1995-12-01,1.5001357866039378,1.5001357866039378,1.5093462383507417,1.5093462383507417,0.0,0.0,0.0,0.0
1995-12-02,1.5001373134324636,1.5001373134324636,1.5093478967270502,1.5093478967270502,0.0,0.0,0.0,0.0
1995-12-03,1.4827042528045087,1.4827042528045087,1.490282449647985,1.490282449647985,0.0,0.0,0.0,0.0
1995-12-04,1.4231148486651173,1.4231148486651173,1.4323256948327105,1.4323256948327105,0.0,0.0,0.0,0.0
1995-12-05,1.4192776658723671,1.4192776658723671,1.428073768644283,1.428073768644283,0.0,0.0,0.0,0.0
1995-12-06,1.4231178993882683,1.4231178993882683,1.432329008346734,1.432329008346734,0.0,0.0,0.0,0.0
1995-12-07,1.4230853330697728,1.4230853330697728,1.4322965733932054,1.4322965733932054,0.0,0.0,0.0,0.0
1995-12-08,1.4231209489358834,1.4231209489358834,1.4323323205739424,1.4323323205739424,0.0,0.0,0.0,0.0
1995-12-09,1.423122473191072,1.423122473191072,1.4323339761331593,1.4323339761331593,0.0,0.0,0.0,0.0
1995-12-10,1.3789963014176483,1.3789963014176483,1.3843018901101063,1.3843018901101063,0.0,0.0,0.0,0.0
1995-12-11,1.0385136945124331,1.0385136945124331,1.0119688342245048,1.0119688342245048,0.0,0.0,4.746815989367132,4.746815989367132
1995-12-12,0.3827330732471408,0.3827330732471408,0.2951573387241364,0.2951573387241364,0.0,0.0,9.493631957468528,9.493631957468528
1995-12-13,0.533127221640495,0.533127221640495,0.4564392921377034,0.4564392921377034,0.0,0.0,18.987263872405585,18.987263872405585
1995-12-14,1.287355209092858,1.287355209092858,1.2830165803127356,1.2830165803127356,0.0,0.0,37.974527659748226,37.974527659748226
1995-12-15,1.1900288358919717,1.1900288358919717,1.177267099531192,1.177267099531192,0.0,0.0,75.94905514937055,75.94905514937055
1995-12-16,1.2958278794596927,1.2958278794596927,1.2923926548667442,1.2923926548667442,0.0,0.0,151.89810995848933,151.89810995848933
1995-12-17,1.4246007057089396,1.4246007057089396,1.4335345001780548,1.4335345001780548,0.0,0.0,268.13054914952266,268.13054914952266
1995-12-18,1.4354149684796342,1.4354149684796342,1.444371153504724,1.444371153504724,0.0,0.0,0.0,0.0
1995-12-19,1.4352899551766078,1.4352899551766078,1.4442351386447105,1.4442351386447105,0.0,0.0,0.0,0.0
1995-12-20,1.4352003446614587,1.4352003446614587,1.44413780977207,1.44413780977207,0.0,0.0,0.0,0.0
1995-12-21,1.4288049820137698,1.4288049820137698,1.4372947207147737,1.4372947207147737,0.0,0.0,0.0,0.0
1995-12-22,1.4251012604017774,1.4251012604017774,1.4331197649640135,1.4331197649640135,0.0,0.0,0.0,0.0
1995-12-23,1.4350243525937103,1.4350243525937103,1.4439469749017444,1.4439469749017444,0.0,0.0,0.0,0.0
1995-12-24,1.4335458943012125,1.4335458943012125,1.442360710967938,1.442360710967938,0.0,0.0,0.0,0.0
1995-12-25,1.4366506400381753,1.4366506400381753,1.4455670172496966,1.4455670172496966,0.0,0.0,0.0,0.0
1995-12-26,1.4352436204957004,1.4352436204957004,1.4440293575964485,1.4440293575964485,0.0,0.0,0.0,0.0
1995-12-27,1.4321375921732507,1.4321375921732507,1.4405053550965765,1.4405053550965765,0.0,0.0,0.0,0.0
1995-12-28,1.4321214349260007,1.4321214349260007,1.4405817265088394,1.4405817265088394,0.0,0.0,0.0,0.0
1995-12-29,1.1352239548125502,1.1352239548125502,1.11602551085348,1.11602551085348,0.0,0.0,0.0,0.0
1995-12-30,1.229555275605991,1.229555275605991,1.2189105459917169,1.2189105459917169,0.0,0.0,0.0,0.0
1995-12-31,1.4363393054950808,1.4363393054950808,1.445226630843819,1.445226630843819,0.0,0.0,0.0,0.0
1996-01-01,1.4261470720737786,1.4261470720737786,1.4353000005404164,1.4353000005404164,0.0,0.0,0.0,0.0
1996-01-02,1.4260789214440897,1.4260789214440897,1.4352256412669018,1.4352256412669018,0.0,0.0,0.0,0.0
1996-01-03,1.4260326726699453,1.4260326726699453,1.435175367628911,1.435175367628911,0.0,0.0,0.0,0.0
1996-01-04,1.4260012596622318,1.4260012596622318,1.4351413950102414,1.4351413950102414,0.0,0.0,0.0,0.0
1996-01-05,1.4259767529993481,1.4259767529993481,1.4351149695783323,1.4351149695783323,0.0,0.0,0.0,0.0
1996-01-06,1.4259554150784033,1.4259554150784033,1.4350919347635513,1.4350919347635513,0.0,0.0,0.0,0.0
1996-01-07,1.425940892230359,1.425940892230359,1.4350763356872849,1.4350763356872849,0.0,0.0,0.0,0.0
1996-01-08,1.4114651956786326,1.4114651956786326,1.4206003027901277,1.4206003027901277,0.0,0.0,0.0,0.0
1996-01-09,1.4114647932588582,1.4114647932588582,1.4206001839281608,1.4206001839281608,0.0,0.0,0.0,0.0
1996-01-10,1.4114647520569528,1.4114647520569528,1.4206004360241002,1.4206004360241002,0.0,0.0,0.0,0.0
1996-01-11,1.411460748485848,1.411460748485848,1.4205962709781632,1.4205962709781632,0.0,0.0,0.0,0.0
1996-01-12,1.4114606949723434,1.4114606949723434,1.420596448537956,1.420596448537956,0.0,0.0,0.0,0.0
1996-01-13,1.411468485935542,1.411468485935542,1.4206052683298203,1.4206052683298203,0.0,0.0,0.0,0.0
1996-01-14,1.411240241435798,1.411240241435798,1.4203779018865617,1.4203779018865617,0.0,0.0,0.0,0.0
1996-01-15,0.9264038069201769,0.9264038069201769,0.9285440221024083,0.9285440221024083,0.0,0.0,0.0,0.0
1996-01-16,0.5203180224085797,0.5203180224085797,0.48501622370950476,0.48501622370950476,0.0,0.0,0.0,0.0
1996-01-17,0.6712370589385974,0.6712370589385974,0.6493411422872116,0.6493411422872116,0.0,0.0,0.0,0.0
1996-01-18,0.6645861018406396,0.6645861018406396,0.6420578421118356,0.6420578421118356,0.0,0.0,0.0,0.0
1996-01-19,0.8165873005029665,0.8165873005029665,0.8081654734679768,0.8081654734679768,0.0,0.0,0.0,0.0
1996-01-20,0.9526668311911468,0.9526668311911468,0.9569100913245016,0.9569100913245016,0.0,0.0,0.0,0.0
1996-01-21,0.8313179803967908,0.8313179803967908,0.8245700089778958,0.8245700089778958,0.0,0.0,0.0,0.0
1996-01-22,1.347461937705214,1.347461937705214,1.3506927921032954,1.3506927921032954,0.0,0.0,0.0,0.0
1996-01-23,1.3572046383603216,1.3572046383603216,1.3602336832367212,1.3602336832367212,0.0,0.0,0.0,0.0
1996-01-24,0.9264495810269608,0.9264495810269608,0.8914908357529646,0.8914908357529646,0.0,0.0,0.0,0.0
1996-01-25,0.8941209389747288,0.8941209389747288,0.8519236873767078,0.8519236873767078,0.0,0.0,0.0,0.0
1996-01-26,1.359166648933613,1.359166648933613,1.3616643123097083,1.3616643123097083,0.0,0.0,0.0,0.0
1996-01-27,1.2649154056796599,1.2649154056796599,1.2622730387197882,1.2622730387197882,0.0,0.0,0.0,0.0
1996-01-28,1.0745669369724165,1.0745669369724165,1.0542359763359623,1.0542359763359623,0.0,0.0,0.0,0.0
1996-01-29,1.177126542324766,1.177126542324766,1.1738602098219926,1.1738602098219926,0.0,0.0,0.0,0.0
1996-01-30,1.16470748392194,1.16470748392194,1.161020475501547,1.161020475501547,0.0,0.0,0.0,0.0
1996-01-31,1.1387326564008715,1.1387326564008715,1.1331099939698461,1.1331099939698461,0.0,0.0,0.0,0.0
1996-02-01,1.2488518466865577,1.2488518466865577,1.2519999944473585,1.2519999944473585,0.0,0.0,0.0,0.0
1996-02-02,1.2622937535284378,1.2622937535284378,1.2669439182660727,1.2669439182660727,0.0,0.0,0.0,0.0
1996-02-03,1.194368029551598,1.194368029551598,1.1936259144235464,1.1936259144235464,0.0,0.0,0.0,0.0
1996-02-04,0.672851038076148,0.672851038076148,0.6211585269731448,0.6211585269731448,0.0,0.0,0.0,0.0
1996-02-05,4.4484855536990295,4.4484855536990295,13.699987801123655,13.699987801123655,0.0,0.0,0.0,0.0
1996-02-06,4.419853483369279,4.419853483369279,13.699987801123658,13.699987801123658,0.0,0.0,0.0,0.0
1996-02-07,4.423192316675427,4.423192316675427,13.699987801123658,13.699987801123658,0.0,0.0,0.0,0.0
1996-02-08,4.423396104060064,4.423396104060064,13.699987801123658,13.699987801123658,0.0,0.0,0.0,0.0
1996-02-09,4.422533425488831,4.422533425488831,13.699987801123658,13.699987801123658,0.0,0.0,0.0,0.0
1996-02-10,4.421216483740283,4.421216483740283,13.699987801123658,13.699987801123658,0.0,0.0,0.0,0.0
1996-02-11,4.419695644432559,4.419695644432559,13.699987801123658,13.699987801123658,0.0,0.0,0.0,0.0
1996-02-12,4.418080611965003,4.418080611965003,13.699987802509565,13.699987802509565,0.0,0.0,0.0,0.0
1996-02-13,4.416434718284,4.416434718284,13.699987802509565,13.699987802509565,0.0,0.0,0.0,0.0
1996-02-14,4.414846289881694,4.414846289881694,13.699987802509565,13.699987802509565,0.0,0.0,0.0,0.0
1996-02-15,4.416035025293938,4.416035025293938,13.699987802509565,13.699987802509565,0.0,0.0,0.0,0.0
1996-02-16,4.412163156190914,4.412163156190914,13.699987802509565,13.699987802509565,0.0,0.0,0.0,0.0
1996-02-17,4.41176686970854,4.41176686970854,13.699987802509565,13.699987802509565,0.0,0.0,0.0,0.0
1996-02-18,4.415622756623957,4.415622756623957,13.699987802509565,13.699987802509565,0.0,0.0,0.0,0.0
1996-02-19,4.4709272483708205,4.4709272483708205,13.699987803961026,13.699987803961026,0.0,0.0,0.0,0.0
1996-02-20,4.489837327260506,4.489837327260506,13.699987803961026,13.699987803961026,0.0,0.0,0.0,0.0
1996-02-21,4.541199289428944,4.541199289428944,13.699987803961026,13.699987803961026,0.0,0.0,0.0,0.0
1996-02-22,4.514655382513095,4.514655382513095,13.699987803961026,13.699987803961026,0.0,0.0,0.0,0.0
1996-02-23,4.482252082057651,4.482252082057651,13.699987803961026,13.699987803961026,0.0,0.0,0.0,0.0
1996-02-24,4.481741206063219,4.481741206063219,13.699987803961026,13.699987803961026,0.0,0.0,0.0,0.0
1996-02-25,4.484285096690931,4.484285096690931,13.699987803961026,13.699987803961026,0.0,0.0,0.0,0.0
1996-02-26,4.4765069333426455,4.4765069333426455,13.69998780548454,13.69998780548454,0.0,0.0,0.0,0.0
1996-02-27,4.470507970414938,4.470507970414938,13.69998780548454,13.69998780548454,0.0,0.0,0.0,0.0
1996-02-28,4.465400438881302,4.465400438881302,13.69998780548454,13.69998780548454,0.0,0.0,0.0,0.0
1996-02-29,4.463021384133425,4.463021384133425,13.69998780548454,13.69998780548454,0.0,0.0,0.0,0.0
1996-03-01,4.447788687665995,4.447788687665995,13.69998780548454,13.69998780548454,0.0,0.0,0.0,0.0
1996-03-02,4.443484259301484,4.443484259301484,13.69998780548454,13.69998780548454,0.0,0.0,0.0,0.0
1996-03-03,4.448493710049252,4.448493710049252,13.699987805484536,13.699987805484536,0.0,0.0,0.0,0.0
1996-03-04,4.480771146758205,4.480771146758205,13.699987807087641,13.699987807087641,0.0,0.0,0.0,0.0
1996-03-05,4.477929345034227,4.477929345034227,13.699987807087641,13.699987807087641,0.0,0.0,0.0,0.0
1996-03-06,4.460169157241358,4.460169157241358,13.699987807087641,13.699987807087641,0.0,0.0,0.0,0.0
1996-03-07,4.459324053415786,4.459324053415786,13.699987807087641,13.699987807087641,0.0,0.0,0.0,0.0
1996-03-08,4.4551863074531415,4.4551863074531415,13.699987807087641,13.699987807087641,0.0,0.0,0.0,0.0
1996-03-09,4.4497406217987745,4.4497406217987745,13.699987807087641,13.699987807087641,0.0,0.0,0.0,0.0
1996-03-10,4.446403313570715,4.446403313570715,13.699987807087641,13.699987807087641,0.0,0.0,0.0,0.0
1996-03-11,4.4531031335015365,4.4531031335015365,13.699987808779106,13.699987808779106,0.0,0.0,4.746815989367132,4.746815989367132
1996-03-12,4.453057127127421,4.453057127127421,13.699987808779106,13.699987808779106,0.0,0.0,9.493631957468528,9.493631957468528
1996-03-13,4.441958224551478,4.441958224551478,13.699987808779106,13.699987808779106,0.0,0.0,18.987263872405585,18.987263872405585
1996-03-14,4.440594333840256,4.440594333840256,13.699987808779106,13.699987808779106,0.0,0.0,37.974527659748226,37.974527659748226
1996-03-15,4.438517623863182,4.438517623863182,13.699987808779106,13.699987808779106,0.0,0.0,75.94905514937055,75.94905514937055
1996-03-16,4.435415539011724,4.435415539011724,13.699987808779106,13.699987808779106,0.0,0.0,121.93291964764002,121.93291964764002
1996-03-17,4.432016940576964,4.432016940576964,13.699987808779106,13.699987808779106,0.0,0.0,4.706746432,4.706746432
1996-03-18,4.4285882850653655,4.4285882850653655,13.699987810569242,13.699987810569242,0.0,0.0,0.0,0.0
1996-03-19,4.425229494622465,4.425229494622465,13.699987810569242,13.699987810569242,0.0,0.0,0.0,0.0
1996-03-20,4.422047211157163,4.422047211157163,13.699987810569242,13.699987810569242,0.0,0.0,0.0,0.0
1996-03-21,4.419148155725397,4.419148155725397,13.699987810569242,13.699987810569242,0.0,0.0,0.0,0.0
1996-03-22,4.41651449856823,4.41651449856823,13.699987810569242,13.699987810569242,0.0,0.0,0.0,0.0
1996-03-23,4.414491107701839,4.414491107701839,13.699987810569242,13.699987810569242,0.0,0.0,0.0,0.0
1996-03-24,4.413014222002979,4.413014222002979,13.699987810569242,13.699987810569242,0.0,0.0,0.0,0.0
1996-03-25,4.41154790090465,4.41154790090465,13.699987812470267,13.699987812470267,0.0,0.0,0.0,0.0
1996-03-26,4.410128195837476,4.410128195837476,13.699987812470267,13.699987812470267,0.0,0.0,0.0,0.0
1996-03-27,4.412897264357015,4.412897264357015,13.699987812470267,13.699987812470267,0.0,0.0,0.0,0.0
1996-03-28,4.408973106298687,4.408973106298687,13.699987812470267,13.699987812470267,0.0,0.0,0.0,0.0
1996-03-29,4.40755877041364,4.40755877041364,13.699987812470267,13.699987812470267,0.0,0.0,0.0,0.0
1996-03-30,4.406637290641227,4.406637290641227,13.699987812470267,13.699987812470267,0.0,0.0,0.0,0.0
1996-03-31,4.415372833311372,4.415372833311372,13.699987812470267,13.699987812470267,0.0,0.0,0.0,0.0
1996-04-01,4.414913697497175,4.414913697497175,13.69998781449683,13.69998781449683,0.0,0.0,0.0,0.0
1996-04-02,4.406541448312689,4.406541448312689,13.69998781449683,13.69998781449683,0.0,0.0,0.0,0.0
1996-04-03,4.4061302329620124,4.4061302329620124,13.69998781449683,13.69998781449683,0.0,0.0,0.0,0.0
1996-04-04,4.405926573112021,4.405926573112021,13.69998781449683,13.69998781449683,0.0,0.0,0.0,0.0
1996-04-05,4.405347908128492,4.405347908128492,13.69998781449683,13.69998781449683,0.0,0.0,0.0,0.0
1996-04-06,4.4044698859768845,4.4044698859768845,13.69998781449683,13.69998781449683,0.0,0.0,0.0,0.0
1996-04-07,4.40346433101941,4.40346433101941,13.69998781449683,13.69998781449683,0.0,0.0,0.0,0.0
1996-04-08,4.402370615076132,4.402370615076132,13.699987816666683,13.699987816666683,0.0,0.0,4.746815989367136,4.746815989367136
1996-04-09,4.401282447803774,4.401282447803774,13.699987816666683,13.699987816666683,0.0,0.0,9.493631957468537,9.493631957468537
1996-04-10,4.400435591322811,4.400435591322811,13.699987816666683,13.699987816666683,0.0,0.0,18.987263872405606,18.987263872405606
1996-04-11,4.39982997126338,4.39982997126338,13.699987816666683,13.699987816666683,0.0,0.0,37.97452765974827,37.97452765974827
1996-04-12,4.39927515213498,4.39927515213498,13.699987816666683,13.699987816666683,0.0,0.0,54.79696751501048,54.79696751501048
1996-04-13,4.398801948758307,4.398801948758307,13.699987816666683,13.699987816666683,0.0,0.0,5.310255156,5.310255156
1996-04-14,4.3983797679920675,4.3983797679920675,13.699987816666683,13.699987816666683,0.0,0.0,6.207184578,6.207184578
1996-04-15,4.403196429024928,4.403196429024928,13.699987819001642,13.699987819001642,0.0,0.0,0.0,0.0
1996-04-16,4.403122050649328,4.403122050649328,13.699987819001642,13.699987819001642,0.0,0.0,0.0,0.0
1996-04-17,4.408974542697434,4.408974542697434,13.699987819001642,13.699987819001642,0.0,0.0,0.0,0.0
1996-04-18,4.40120496954433,4.40120496954433,13.699987819001642,13.699987819001642,0.0,0.0,0.0,0.0
1996-04-19,4.398983722229329,4.398983722229329,13.699987819001642,13.699987819001642,0.0,0.0,0.0,0.0
1996-04-20,4.398707496170358,4.398707496170358,13.699987819001642,13.699987819001642,0.0,0.0,0.0,0.0
1996-04-21,4.398824062293259,4.398824062293259,13.699987819001642,13.699987819001642,0.0,0.0,0.0,0.0
1996-04-22,4.398745161018322,4.398745161018322,13.699987821528884,13.699987821528884,0.0,0.0,0.0,0.0
1996-04-23,4.398465601826684,4.398465601826684,13.699987821528884,13.699987821528884,0.0,0.0,0.0,0.0
1996-04-24,4.398060484083966,4.398060484083966,13.699987821528884,13.699987821528884,0.0,0.0,0.0,0.0
1996-04-25,4.397655135917921,4.397655135917921,13.699987821528884,13.699987821528884,0.0,0.0,0.0,0.0
1996-04-26,4.397262350073069,4.397262350073069,13.699987821528884,13.699987821528884,0.0,0.0,0.0,0.0
1996-04-27,4.396840185410999,4.396840185410999,13.699987821528884,13.699987821528884,0.0,0.0,0.0,0.0
1996-04-28,4.3964767038739705,4.3964767038739705,13.699987821528884,13.699987821528884,0.0,0.0,0.0,0.0
1996-04-29,4.396200537586464,4.396200537586464,13.699987824282932,13.699987824282932,0.0,0.0,0.0,0.0
1996-04-30,4.395955977142458,4.395955977142458,13.699987824282932,13.699987824282932,0.0,0.0,0.0,0.0
1996-05-01,4.395726529352519,4.395726529352519,13.699987824282932,13.699987824282932,0.0,0.0,0.0,0.0
1996-05-02,4.39554575587094,4.39554575587094,13.699987824282932,13.699987824282932,0.0,0.0,0.0,0.0
1996-05-03,4.3954438844337105,4.3954438844337105,13.699987824282932,13.699987824282932,0.0,0.0,0.0,0.0
1996-05-04,4.395411059474029,4.395411059474029,13.699987824282932,13.699987824282932,0.0,0.0,0.0,0.0
1996-05-05,4.395403265255471,4.395403265255471,13.699987824282932,13.699987824282932,0.0,0.0,0.0,0.0
1996-05-06,4.395395970281161,4.395395970281161,13.69998782730851,13.69998782730851,0.0,0.0,0.0,0.0
1996-05-07,4.395388621585158,4.395388621585158,13.69998782730851,13.69998782730851,0.0,0.0,0.0,0.0
1996-05-08,4.395381111104818,4.395381111104818,13.69998782730851,13.69998782730851,0.0,0.0,0.0,0.0
1996-05-09,4.395374182512563,4.395374182512563,13.69998782730851,13.69998782730851,0.0,0.0,0.0,0.0
1996-05-10,4.39536701298384,4.39536701298384,13.69998782730851,13.69998782730851,0.0,0.0,0.0,0.0
1996-05-11,4.395358708569112,4.395358708569112,13.69998782730851,13.69998782730851,0.0,0.0,0.0,0.0
1996-05-12,4.395349268954388,4.395349268954388,13.69998782730851,13.69998782730851,0.0,0.0,0.0,0.0
1996-05-13,4.395338816660478,4.395338816660478,13.699987830665002,13.699987830665002,0.0,0.0,0.0,0.0
1996-05-14,4.395862583334205,4.395862583334205,13.699987830665002,13.699987830665002,0.0,0.0,0.0,0.0
1996-05-15,4.422064080986555,4.422064080986555,13.699987830665002,13.699987830665002,0.0,0.0,0.0,0.0
1996-05-16,4.438575182898795,4.438575182898795,13.699987830665002,13.699987830665002,0.0,0.0,0.0,0.0
1996-05-17,4.406704671159318,4.406704671159318,13.699987830665002,13.699987830665002,0.0,0.0,0.0,0.0
1996-05-18,4.395380184282072,4.395380184282072,13.699987830665002,13.699987830665002,0.0,0.0,0.0,0.0
1996-05-19,4.395389407876169,4.395389407876169,13.699987830665002,13.699987830665002,0.0,0.0,0.0,0.0
1996-05-20,4.395391504789811,4.395391504789811,13.699987834433701,13.699987834433701,0.0,0.0,0.0,0.0
1996-05-21,4.395399244434828,4.395399244434828,13.699987834433701,13.699987834433701,0.0,0.0,0.0,0.0
1996-05-22,4.395388910149549,4.395388910149549,13.699987834433701,13.699987834433701,0.0,0.0,0.0,0.0
1996-05-23,4.395403419791828,4.395403419791828,13.699987834433701,13.699987834433701,0.0,0.0,0.0,0.0
1996-05-24,4.395384434081323,4.395384434081323,13.699987834433701,13.699987834433701,0.0,0.0,0.0,0.0
1996-05-25,4.395380541892704,4.395380541892704,13.699987834433701,13.699987834433701,0.0,0.0,0.0,0.0
1996-05-26,4.395373852184339,4.395373852184339,13.699987834433701,13.699987834433701,0.0,0.0,0.0,0.0
1996-05-27,4.395366562076904,4.395366562076904,13.69998783873002,13.69998783873002,0.0,0.0,4.746815989367121,4.746815989367132
1996-05-28,4.39536053456878,4.39536053456878,13.69998783873002,13.69998783873002,0.0,0.0,9.493631957468505,9.493631957468528
1996-05-29,4.395354672441363,4.395354672441363,13.69998783873002,13.69998783873002,0.0,0.0,18.987263872405535,18.987263872405585
1996-05-30,4.395347931869215,4.395347931869215,13.69998783873002,13.69998783873002,0.0,0.0,37.97452765974812,37.974527659748226
1996-05-31,4.395340943682456,4.395340943682456,13.69998783873002,13.69998783873002,0.0,0.0,75.94905514937035,75.94905514937055
1996-06-01,4.395398540358161,4.395398540358161,13.69998783873002,13.69998783873002,0.0,0.0,0.7810559982504345,0.7810559982504345
1996-06-02,4.3953896366426815,4.3953896366426815,13.69998783873002,13.69998783873002,0.0,0.0,0.0,0.0
1996-06-03,4.395379096078383,4.395379096078383,13.699987843725737,13.699987843725737,0.0,0.0,0.7810559982504345,0.7810559982504345
1996-06-04,4.395366701981156,4.395366701981156,13.699987843725737,13.699987843725737,0.0,0.0,0.7810559982504345,0.7810559982504345
1996-06-05,4.395353886921161,4.395353886921161,13.699987843725737,13.699987843725737,0.0,0.0,0.7810559982504345,0.7810559982504345
1996-06-06,4.395341408586293,4.395341408586293,13.699987843725737,13.699987843725737,0.0,0.0,0.7810559982504345,0.7810559982504345
1996-06-07,4.395328838853743,4.395328838853743,13.699987843725737,13.699987843725737,0.0,0.0,0.7810559982504345,0.7810559982504345
1996-06-08,4.395315710669766,4.395315710669766,13.699987843725737,13.699987843725737,0.0,0.0,0.7810559982504345,0.7810559982504345
1996-06-09,4.39530206457829,4.39530206457829,13.699987843725737,13.699987843725737,0.0,0.0,0.7810559982504345,0.7810559982504345
1996-06-10,4.395288384178948,4.395288384178948,11.144648429134563,11.144648429134563,0.0,0.0,0.7810559982504345,0.7810559982504345
1996-06-11,4.395275024038228,4.395275024038228,11.144648429134563,11.144648429134563,0.0,0.0,0.7810559982504345,0.7810559982504345
1996-06-12,4.395262411418463,4.395262411418463,11.144648429134563,11.144648429134563,0.0,0.0,0.7810559982504345,0.7810559982504345
1996-06-13,4.395250160318839,4.395250160318839,11.144648429134563,11.144648429134563,0.0,0.0,0.7810559982504345,0.7810559982504345
1996-06-14,4.3952377499075155,4.3952377499075155,11.144648429134563,11.144648429134563,0.0,0.0,0.7810559982504345,0.7810559982504345
1996-06-15,4.395225367142522,4.395225367142522,11.144648429134563,11.144648429134563,0.0,0.0,0.7810559982504345,0.7810559982504345
1996-06-16,4.395213130359805,4.395213130359805,11.144648429134563,11.144648429134563,0.0,0.0,0.0,0.0
1996-06-17,4.395201312207683,4.395201312207683,8.735685002168966,8.735685002168966,0.0,0.0,0.7810559982504345,0.7810559982504345
1996-06-18,4.395190206749508,4.395190206749508,8.735685002168966,8.735685002168966,0.0,0.0,0.7810559982504345,0.7810559982504345
1996-06-19,4.3951795623487415,4.3951795623487415,8.735685002168966,8.735685002168966,0.0,0.0,0.7810559982504345,0.7810559982504345
1996-06-20,4.395168845223553,4.395168845223553,8.735685002168966,8.735685002168966,0.0,0.0,0.7810559982504345,0.7810559982504345
1996-06-21,4.395158074185321,4.395158074185321,8.735685002168966,8.735685002168966,0.0,0.0,0.7810559982504345,0.7810559982504345
1996-06-22,4.395148241815732,4.395148241815732,8.735685002168966,8.735685002168966,0.0,0.0,0.7810559982504345,0.7810559982504345
1996-06-23,4.395139310653959,4.395139310653959,8.735685002168966,8.735685002168966,0.0,0.0,0.7810559982504345,0.7810559982504345
1996-06-24,4.395885697932214,4.395885697932214,7.041941341832277,7.041941341832277,0.0,0.0,0.7810559982504345,0.7810559982504345
1996-06-25,4.395125557825486,4.395125557825486,7.041941341832277,7.041941341832277,0.0,0.0,0.7810559982504345,0.7810559982504345
1996-06-26,4.39756012321167,4.39756012321167,7.041941341832277,7.041941341832277,0.0,0.0,0.7810559982504345,0.7810559982504345
1996-06-27,4.395120970017465,4.395120970017465,7.041941341832277,7.041941341832277,0.0,0.0,0.7810559982504345,0.7810559982504345
1996-06-28,4.395118176007628,4.395118176007628,7.041941341832277,7.041941341832277,0.0,0.0,0.7810559982504345,0.7810559982504345
1996-06-29,4.395111795822318,4.395111795822318,7.041941341832277,7.041941341832277,0.0,0.0,0.7810559982504345,0.7810559982504345
1996-06-30,4.395103536269193,4.395103536269193,7.041941341832277,7.041941341832277,0.0,0.0,0.0,0.0
1996-07-01,4.395198035078333,4.395198035078333,5.970234261792214,5.970234261792214,0.0,0.0,0.7810559982504345,0.7810559982504345
1996-07-02,4.395186740266703,4.395186740266703,5.970234261792214,5.970234261792214,0.0,0.0,0.7810559982504345,0.7810559982504345
1996-07-03,4.395175598384489,4.395175598384489,5.970234261792214,5.970234261792214,0.0,0.0,0.7810559982504345,0.7810559982504345
1996-07-04,4.395165121422728,4.395165121422728,5.970234261792214,5.970234261792214,0.0,0.0,0.7810559982504345,0.7810559982504345
1996-07-05,4.395155665585622,4.395155665585622,5.970234261792214,5.970234261792214,0.0,0.0,0.7810559982504345,0.7810559982504345
1996-07-06,4.395146826430297,4.395146826430297,5.970234261792214,5.970234261792214,0.0,0.0,0.7810559982504345,0.7810559982504345
1996-07-07,4.395138305415101,4.395138305415101,5.970234261792214,5.970234261792214,0.0,0.0,0.7810559982504345,0.7810559982504345
1996-07-08,4.39513011603181,4.39513011603181,5.0781434544845085,5.0781434544845085,0.0,0.0,0.7810559982504345,0.7810559982504345
1996-07-09,4.395122424984833,4.395122424984833,5.0781434544845085,5.0781434544845085,0.0,0.0,0.7810559982504345,0.7810559982504345
1996-07-10,4.395115372935867,4.395115372935867,5.0781434544845085,5.0781434544845085,0.0,0.0,0.7810559982504345,0.7810559982504345
1996-07-11,4.395108858296018,4.395108858296018,5.0781434544845085,5.0781434544845085,0.0,0.0,0.7810559982504345,0.7810559982504345
1996-07-12,4.395102801039951,4.395102801039951,5.0781434544845085,5.0781434544845085,0.0,0.0,0.7810559982504345,0.7810559982504345
1996-07-13,4.395097237520775,4.395097237520775,5.0781434544845085,5.0781434544845085,0.0,0.0,0.7810559982504345,0.7810559982504345
1996-07-14,4.39509212543387,4.39509212543387,5.0781434544845085,5.0781434544845085,0.0,0.0,0.0,0.0
1996-07-15,2.1650299814446483,2.1650299814446483,2.1743554029878345,2.1743554029878345,0.0,0.0,0.7810559982504345,0.7810559982504345
1996-07-16,2.9447031851821093,2.9447031851821084,2.9540329158799077,2.954032915879907,0.0,0.0,0.7810559982504345,0.7810559982504345
1996-07-17,3.1516422226552328,3.1516422226552328,3.1609756067724604,3.1609756067724604,0.0,0.0,0.7810559982504345,0.7810559982504345
1996-07-18,2.930667987950942,2.930667987950942,2.94000445484468,2.94000445484468,0.0,0.0,0.7810559982504345,0.7810559982504345
1996-07-19,2.8386819722579473,2.8386819722579473,2.8480211064552403,2.8480211064552403,0.0,0.0,0.7810559982504345,0.7810559982504345
1996-07-20,3.0328222878384055,3.0328222878384055,3.0421637817694602,3.0421637817694602,0.0,0.0,0.7810559982504345,0.7810559982504345
1996-07-21,2.9852648345340556,2.9852648345340556,2.9946084695739197,2.9946084695739197,0.0,0.0,0.7810559982504345,0.7810559982504345
1996-07-22,2.96281711394828,2.96281711394828,2.9721626187134396,2.9721626187134396,0.0,0.0,0.7810559982504345,0.7810559982504345
1996-07-23,2.8289074311367317,2.8289074311367317,2.83825453471506,2.83825453471506,0.0,0.0,0.7810559982504345,0.7810559982504345
1996-07-24,2.6069039793980293,2.6069039793980293,2.6162524668813596,2.6162524668813596,0.0,0.0,0.7810559982504345,0.7810559982504345
1996-07-25,2.451925079247774,2.451925079247774,2.4612747307677,2.4612747307677,0.0,0.0,0.7810559982504345,0.7810559982504345
1996-07-26,2.221926262459319,2.221926262459319,2.231276898898221,2.231276898898221,0.0,0.0,0.7810559982504345,0.7810559982504345
1996-07-27,2.1726215242199993,2.1726215242199993,2.18197297575222,2.18197297575222,0.0,0.0,0.7810559982504345,0.7810559982504345
1996-07-28,2.1592950730801257,2.1592950730801257,2.168647179814067,2.168647179814067,0.0,0.0,0.0,0.0
1996-07-29,2.157597985903196,2.157597985903196,2.1669507186419197,2.1669507186419197,0.0,0.0,0.7810559982504345,0.7810559982504345
1996-07-30,2.1576031440746624,2.1576031440746624,2.1669565283216,2.1669565283216,0.0,0.0,0.7810559982504345,0.7810559982504345
1996-07-31,2.1576075202661626,2.1576075202661626,2.1669615202113692,2.1669615202113692,0.0,0.0,0.7810559982504345,0.7810559982504345
1996-08-01,2.1544917024026295,2.1544917024026295,2.163579990921678,2.163579990921678,0.0,0.0,0.7810559982504345,0.7810559982504345
1996-08-02,2.1544963688126892,2.1544963688126892,2.1635851119673073,2.1635851119673073,0.0,0.0,0.7810559982504345,0.7810559982504345
1996-08-03,2.1545005664674046,2.1545005664674046,2.163589742044455,2.163589742044455,0.0,0.0,0.7810559982504345,0.7810559982504345
1996-08-04,2.1545042750388452,2.1545042750388452,2.163593843509981,2.163593843509981,0.0,0.0,0.7810559982504345,0.7810559982504345
1996-08-05,2.175785583889988,2.175785583889988,2.184875522057469,2.184875522057469,0.0,0.0,0.7810559982504345,0.7810559982504345
1996-08-06,2.1757888772747838,2.1757888772747838,2.1848791656566475,2.1848791656566475,0.0,0.0,0.7810559982504345,0.7810559982504345
1996-08-07,2.1757914970817063,2.1757914970817063,2.18488202671944,2.18488202671944,0.0,0.0,0.7810559982504345,0.7810559982504345
1996-08-08,2.175793799764152,2.175793799764152,2.184884488321143,2.184884488321143,0.0,0.0,0.7810559982504345,0.7810559982504345
1996-08-09,2.175796173210007,2.175796173210007,2.184887020614135,2.184887020614135,0.0,0.0,0.7810559982504345,0.7810559982504345
1996-08-10,2.1757985872737264,2.1757985872737264,2.184889593512449,2.184889593512449,0.0,0.0,0.7810559982504345,0.7810559982504345
1996-08-11,2.1758010041316225,2.1758010041316225,2.1848921691453613,2.1848921691453613,0.0,0.0,0.0,0.0
1996-08-12,2.1918543695994925,2.1918543695994925,2.2009456933757052,2.2009456933757052,0.0,0.0,0.7810559982504345,0.7810559982504345
1996-08-13,2.191856255856034,2.191856255856034,2.2009477383947207,2.2009477383947207,0.0,0.0,0.7810559982504345,0.7810559982504345
1996-08-14,2.191858096645821,2.191858096645821,2.2009497378278255,2.2009497378278255,0.0,0.0,0.7810559982504345,0.7810559982504345
1996-08-15,2.191859937064415,2.191859937064415,2.2009517369367724,2.2009517369367724,0.0,0.0,0.7810559982504345,0.7810559982504345
1996-08-16,2.1918617767815416,2.1918617767815416,2.2009537352125537,2.2009537352125537,0.0,0.0,0.7810559982504345,0.7810559982504345
1996-08-17,2.191863616387603,2.191863616387603,2.2009557334368473,2.2009557334368473,0.0,0.0,0.7810559982504345,0.7810559982504345
1996-08-18,2.1918654551168304,2.1918654551168304,2.2009577306526094,2.2009577306526094,0.0,0.0,0.7810559982504345,0.7810559982504345
1996-08-19,2.191867293936664,2.191867293936664,2.200959728018555,2.200959728018555,0.0,0.0,0.7810559982504345,0.7810559982504345
1996-08-20,2.191869132534366,2.191869132534366,2.200961725102791,2.200961725102791,0.0,0.0,0.7810559982504345,0.7810559982504345
1996-08-21,2.1918709703253816,2.1918709703253816,2.20096372130822,2.20096372130822,0.0,0.0,0.7810559982504345,0.7810559982504345
1996-08-22,2.1918728075698373,2.1918728075698373,2.2009657169545465,2.2009657169545465,0.0,0.0,0.7810559982504345,0.7810559982504345
1996-08-23,2.191874644571702,2.191874644571702,2.2009677122987044,2.2009677122987044,0.0,0.0,0.7810559982504345,0.7810559982504345
1996-08-24,2.191876480837027,2.191876480837027,2.2009697068342016,2.2009697068342016,0.0,0.0,0.7810559982504345,0.7810559982504345
1996-08-25,2.1918783171257332,2.1918783171257332,2.200971701452658,2.200971701452658,0.0,0.0,0.0,0.0
1996-08-26,2.1519978811353555,2.1519978811353555,2.161091423672875,2.161091423672875,0.0,0.0,0.7810559982504345,0.7810559982504345
1996-08-27,2.151999716500464,2.151999716500464,2.161093417295613,2.161093417295613,0.0,0.0,0.7810559982504345,0.7810559982504345
1996-08-28,2.152001551140723,2.152001551140723,2.161095410061803,2.161095410061803,0.0,0.0,0.7810559982504345,0.7810559982504345
1996-08-29,2.152003385754677,2.152003385754677,2.1610974028612664,2.1610974028612664,0.0,0.0,0.7810559982504345,0.7810559982504345
1996-08-30,2.1520052199682107,2.1520052199682107,2.1610993951411532,2.1610993951411532,0.0,0.0,0.7810559982504345,0.7810559982504345
1996-08-31,2.1520070536644123,2.1520070536644123,2.1611013869507434,2.1611013869507434,0.0,0.0,0.7810559982504345,0.7810559982504345
1996-09-01,2.1525376002387793,2.1525376002387793,2.1616771923785283,2.1616771923785283,0.0,0.0,0.7810559982504345,0.7810559982504345
1996-09-02,2.1924215854249165,2.1924215854249165,2.201561325245615,2.201561325245615,0.0,0.0,0.7810559982504345,0.7810559982504345
1996-09-03,2.1924232985957794,2.1924232985957794,2.2015631860974283,2.2015631860974283,0.0,0.0,0.7810559982504345,0.7810559982504345
1996-09-04,2.192425011050804,2.192425011050804,2.2015650461659844,2.2015650461659844,0.0,0.0,0.7810559982504345,0.7810559982504345
1996-09-05,2.192426723076872,2.192426723076872,2.201566905793859,2.201566905793859,0.0,0.0,0.7810559982504345,0.7810559982504345
1996-09-06,2.19242843484338,2.19242843484338,2.201568765106481,2.201568765106481,0.0,0.0,0.7810559982504345,0.7810559982504345
1996-09-07,2.192430146489671,2.192430146489671,2.2015706242988853,2.2015706242988853,0.0,0.0,0.7810559982504345,0.7810559982504345
1996-09-08,2.1924318574310524,2.1924318574310524,2.201572482718962,2.201572482718962,0.0,0.0,0.0,0.0
1996-09-09,2.1924335677932056,2.1924335677932056,2.2015743405480857,2.2015743405480857,0.0,0.0,0.7810559982504345,0.7810559982504345
1996-09-10,2.192435277972301,2.192435277972301,2.2015761981384583,2.2015761981384583,0.0,0.0,0.7810559982504345,0.7810559982504345
1996-09-11,2.1924369879191588,2.1924369879191588,2.201578055496593,2.201578055496593,0.0,0.0,0.7810559982504345,0.7810559982504345
1996-09-12,2.1914436788584064,2.1914436788584064,2.200509314045151,2.200509314045151,0.0,0.0,0.7810559982504345,0.7810559982504345
1996-09-13,2.1924404063183562,2.1924404063183562,2.2015817685717844,2.2015817685717844,0.0,0.0,0.7810559982504345,0.7810559982504345
1996-09-14,2.192442115224243,2.192442115224243,2.2015836247658367,2.2015836247658367,0.0,0.0,0.7810559982504345,0.7810559982504345
1996-09-15,2.1924438232913412,2.1924438232913412,2.2015854800419574,2.2015854800419574,0.0,0.0,0.7810559982504345,0.7810559982504345
1996-09-16,2.1466054886241155,2.1466054886241155,2.155747292639448,2.155747292639448,0.0,0.0,0.7810559982504345,0.7810559982504345
1996-09-17,2.146607196196684,2.146607196196684,2.1557491473653463,2.1557491473653463,0.0,0.0,0.7810559982504345,0.7810559982504345
1996-09-18,2.146608903293849,2.146608903293849,2.155751001604116,2.155751001604116,0.0,0.0,0.7810559982504345,0.7810559982504345
1996-09-19,2.146610609811786,2.146610609811786,2.155752855251932,2.155752855251932,0.0,0.0,0.7810559982504345,0.7810559982504345
1996-09-20,2.1466123163679733,2.1466123163679733,2.155754708894031,2.155754708894031,0.0,0.0,0.7810559982504345,0.7810559982504345
1996-09-21,2.1466140221263563,2.1466140221263563,2.1557565617148753,2.1557565617148753,0.0,0.0,0.7810559982504345,0.7810559982504345
1996-09-22,2.1466157277262714,2.1466157277262714,2.155758414321559,2.155758414321559,0.0,0.0,0.0,0.0
1996-09-23,2.098104171622868,2.098104171622868,2.1072470052249237,2.1072470052249237,0.0,0.0,0.7810559982504345,0.7810559982504345
1996-09-24,2.0981058762965645,2.0981058762965645,2.10724885683797,2.10724885683797,0.0,0.0,0.7810559982504345,0.7810559982504345
1996-09-25,2.0981075808582403,2.0981075808582403,2.107250708338996,2.107250708338996,0.0,0.0,0.7810559982504345,0.7810559982504345
1996-09-26,2.0981092847259353,2.0981092847259353,2.107252559078623,2.107252559078623,0.0,0.0,0.7810559982504345,0.7810559982504345
1996-09-27,2.09811098848161,2.09811098848161,2.1072544096505363,2.1072544096505363,0.0,0.0,0.7810559982504345,0.7810559982504345
1996-09-28,2.0981126916826462,2.0981126916826462,2.1072562597117797,2.1072562597117797,0.0,0.0,0.7810559982504345,0.7810559982504345
1996-09-29,2.098114394244346,2.098114394244346,2.1072581090105746,2.1072581090105746,0.0,0.0,0.7810559982504345,0.7810559982504345
1996-09-30,2.126628257883487,2.126628257883487,2.1357721193985366,2.1357721193985366,0.0,0.0,0.7810559982504345,0.7810559982504345
1996-10-01,2.1281418033882677,2.1281418033882677,2.137415151340639,2.137415151340639,0.0,0.0,0.7810559982504345,0.7810559982504345
1996-10-02,2.1281476656010554,2.1281476656010554,2.1374211306926716,2.1374211306926716,0.0,0.0,0.7810559982504345,0.7810559982504345
1996-10-03,2.1281490241217855,2.1281490241217855,2.137422606333919,2.137422606333919,0.0,0.0,0.7810559982504345,0.7810559982504345
1996-10-04,2.128150382400321,2.128150382400321,2.1374240816884957,2.1374240816884957,0.0,0.0,0.7810559982504345,0.7810559982504345
1996-10-05,2.1281517405086654,2.1281517405086654,2.137425556872881,2.137425556872881,0.0,0.0,0.7810559982504345,0.7810559982504345
1996-10-06,2.128153098141349,2.128153098141349,2.137427031527766,2.137427031527766,0.0,0.0,0.0,0.0
1996-10-07,2.0741089243426156,2.0741089243426156,2.0833829747067574,2.0833829747067574,0.0,0.0,0.7810559982504345,0.7810559982504345
1996-10-08,2.074110281475637,2.074110281475637,2.0833844488526165,2.0833844488526165,0.0,0.0,0.7810559982504345,0.7810559982504345
1996-10-09,2.074111638263913,2.074111638263913,2.0833859225647773,2.0833859225647773,0.0,0.0,0.7810559982504345,0.7810559982504345
1996-10-10,2.0741129949780035,2.0741129949780035,2.083387396202753,2.083387396202753,0.0,0.0,0.7810559982504345,0.7810559982504345
1996-10-11,2.0741143509393276,2.0741143509393276,2.0833888690692346,2.0833888690692346,0.0,0.0,0.7810559982504345,0.7810559982504345
1996-10-12,2.07411570696611,2.07411570696611,2.083390341966062,2.083390341966062,0.0,0.0,0.7810559982504345,0.7810559982504345
1996-10-13,2.0741170622859464,2.0741170622859464,2.0833918141372165,2.0833918141372165,0.0,0.0,0.7810559982504345,0.7810559982504345
1996-10-14,2.117950600892181,2.117950600892181,2.127225469559656,2.127225469559656,0.0,0.0,0.7810559982504345,0.7810559982504345
1996-10-15,2.117951955930548,2.117951955930548,2.127226941404865,2.127226941404865,0.0,0.0,0.7810559982504345,0.7810559982504345
1996-10-16,2.1179533104016133,2.1179533104016133,2.127228412628932,2.127228412628932,0.0,0.0,0.7810559982504345,0.7810559982504345
1996-10-17,2.107561609087348,2.107561609087348,2.115928809256531,2.115928809256531,0.0,0.0,0.7810559982504345,0.7810559982504345
1996-10-18,2.117956018796078,2.117956018796078,2.12723135447556,2.12723135447556,0.0,0.0,0.7810559982504345,0.7810559982504345
1996-10-19,2.114983793078283,2.114983793078283,2.1239555268537553,2.1239555268537553,0.0,0.0,0.7810559982504345,0.7810559982504345
1996-10-20,2.1179587258748387,2.1179587258748387,2.1272342948988046,2.1272342948988046,0.0,0.0,0.0,0.0
1996-10-21,2.0119969000233926,2.0119969000233926,2.021272585648204,2.021272585648204,0.0,0.0,0.7810559982504345,0.7810559982504345
1996-10-22,2.011998252980197,2.011998252980197,2.0212740552058537,2.0212740552058537,0.0,0.0,0.7810559982504345,0.7810559982504345
1996-10-23,2.0119996055398897,2.0119996055398897,2.0212755243570286,2.0212755243570286,0.0,0.0,0.7810559982504345,0.7810559982504345
1996-10-24,2.0040667555064426,2.0040667555064426,2.0123739318890754,2.0123739318890754,0.0,0.0,0.7810559982504345,0.7810559982504345
1996-10-25,1.9964152833605793,1.9964152833605793,2.0047038866524782,2.0047038866524782,0.0,0.0,0.7810559982504345,0.7810559982504345
1996-10-26,2.0065576295600205,2.0065576295600205,2.015483575046557,2.015483575046557,0.0,0.0,0.7810559982504345,0.7810559982504345
1996-10-27,2.01200501220684,2.01200501220684,2.021281397066867,2.021281397066867,0.0,0.0,0.7810559982504345,0.7810559982504345
1996-10-28,1.7558221320282572,1.7558221320282572,1.7650986333276102,1.7650986333276102,0.0,0.0,0.7810559982504345,0.7810559982504345
1996-10-29,1.6077934074279918,1.6077934074279918,1.6044795807798826,1.6044795807798826,0.0,0.0,0.7810559982504345,0.7810559982504345
1996-10-30,1.6414212196569629,1.6414212196569629,1.6411048822147327,1.6411048822147327,0.0,0.0,0.7810559982504345,0.7810559982504345
1996-10-31,1.7558255602659218,1.7558255602659218,1.765102390243842,1.765102390243842,0.0,0.0,0.7810559982504345,0.7810559982504345
1996-11-01,1.755325352437901,1.755325352437901,1.7645637371775076,1.7645637371775076,0.0,0.0,1.562111993001738,1.562111993001738
1996-11-02,1.7553874333891002,1.7553874333891002,1.7646270752863904,1.7646270752863904,0.0,0.0,3.1242239790052144,3.1242239790052144
1996-11-03,1.7553868152386969,1.7553868152386969,1.7646265098385159,1.7646265098385159,0.0,0.0,6.248447944013906,6.248447944013906
1996-11-04,1.4077076626108245,1.4077076626108245,1.4169474065641485,1.4169474065641485,0.0,0.0,4.746815989367132,4.746815989367132
1996-11-05,1.407707003530163,1.407707003530163,1.4169467957541495,1.4169467957541495,0.0,0.0,9.493631957468528,9.493631957468528
1996-11-06,1.4077063539666412,1.4077063539666412,1.4169461933307117,1.4169461933307117,0.0,0.0,18.987263872405585,18.987263872405585
1996-11-07,1.4077057260297894,1.4077057260297894,1.4169456119837294,1.4169456119837294,0.0,0.0,37.974527659748226,37.974527659748226
1996-11-08,1.4077051483225462,1.4077051483225462,1.4169450815271158,1.4169450815271158,0.0,0.0,75.94905514937055,75.94905514937055
1996-11-09,1.4077046718894726,1.4077046718894726,1.4169446553947205,1.4169446553947205,0.0,0.0,151.89810995848933,151.89810995848933
1996-11-10,1.4077043314924833,1.4077043314924833,1.416944370099598,1.416944370099598,0.0,0.0,105.26795997120841,105.26795997120796
1996-11-11,1.5757984136310077,1.5757984136310077,1.585038513088351,1.585038513088351,0.0,0.0,0.0,0.0
1996-11-12,1.5757983759839755,1.5757983759839755,1.5850385420022233,1.5850385420022233,0.0,0.0,0.0,0.0
1996-11-13,1.5757984762792663,1.5757984762792663,1.58503871413445,1.58503871413445,0.0,0.0,0.0,0.0
1996-11-14,1.5757986992810251,1.5757986992810251,1.585039013658763,1.585039013658763,0.0,0.0,0.0,0.0
1996-11-15,1.5757990155994634,1.5757990155994634,1.5850394100145977,1.5850394100145977,0.0,0.0,0.0,0.0
1996-11-16,1.4562833550684429,1.4562833550684429,1.454760334684196,1.454760334684196,0.0,0.0,0.0,0.0
1996-11-17,0.768457654049301,0.768457654049301,0.7078797904380025,0.7078797904380025,0.0,0.0,0.0,0.0
1996-11-18,0.7716825798295487,0.7716825798295487,0.7271627134883331,0.7271627134883331,0.0,0.0,0.0,0.0
1996-11-19,1.2460205607511605,1.2460205607511605,1.2389716558738542,1.2389716558738542,0.0,0.0,0.0,0.0
1996-11-20,1.344580905073426,1.344580905073426,1.3470248573953971,1.3470248573953971,0.0,0.0,0.0,0.0
1996-11-21,0.9531610390122645,0.9531610390122645,0.921935261587933,0.921935261587933,0.0,0.0,0.0,0.0
1996-11-22,1.012150116764095,1.012150116764095,0.9830822264478599,0.9830822264478599,0.0,0.0,0.0,0.0
1996-11-23,1.2448640198512808,1.2448640198512808,1.2372769920118614,1.2372769920118614,0.0,0.0,0.0,0.0
1996-11-24,1.3808497625579284,1.3808497625579284,1.387303490752439,1.387303490752439,0.0,0.0,0.0,0.0
1996-11-25,1.4973867463886408,1.4973867463886408,1.5063441742415098,1.5063441742415098,0.0,0.0,0.0,0.0
1996-11-26,1.4972552633702945,1.4972552633702945,1.5062015350347027,1.5062015350347027,0.0,0.0,0.0,0.0
1996-11-27,1.4970884529868376,1.4970884529868376,1.5060278892209513,1.5060278892209513,0.0,0.0,0.0,0.0
1996-11-28,1.493293189934684,1.493293189934684,1.5017538198814206,1.5017538198814206,0.0,0.0,0.0,0.0
1996-11-29,1.4938391308997963,1.4938391308997963,1.5023873417062863,1.5023873417062863,0.0,0.0,0.0,0.0
1996-11-30,1.458866177365979,1.458866177365979,1.4644579504445796,1.4644579504445796,0.0,0.0,0.0,0.0
1996-12-01,1.4776624895316952,1.4776624895316952,1.4845108162922043,1.4845108162922043,0.0,0.0,0.0,0.0
1996-12-02,1.418713105563963,1.418713105563963,1.4273070993932078,1.4273070993932078,0.0,0.0,0.0,0.0
1996-12-03,1.4193243698550602,1.4193243698550602,1.4281938821370759,1.4281938821370759,0.0,0.0,0.0,0.0
1996-12-04,0.8383136178363797,0.8383136178363797,0.7901932572423429,0.7901932572423429,0.0,0.0,0.0,0.0
1996-12-05,0.5689261550534739,0.5689261550534739,0.4968900469675035,0.4968900469675035,0.0,0.0,0.0,0.0
1996-12-06,1.252183739594553,1.252183739594553,1.2464677668168767,1.2464677668168767,0.0,0.0,0.0,0.0
1996-12-07,1.4140109275578816,1.4140109275578816,1.4222677036091431,1.4222677036091431,0.0,0.0,0.0,0.0
1996-12-08,1.416239490169572,1.416239490169572,1.4249345008366237,1.4249345008366237,0.0,0.0,0.0,0.0
1996-12-09,0.7692267311202688,0.7692267311202688,0.7175293560776614,0.7175293560776614,0.0,0.0,0.0,0.0
1996-12-10,0.3380265541194938,0.338026554119494,0.009786200000000389,0.00978620000000061,0.0,0.0,0.0,0.0
1996-12-11,0.1678745842778686,0.1678745842778686,0.0097862,0.0097862,0.0,0.0,0.0,0.0
1996-12-12,1.0576782004705585,1.0576782004705585,1.0313663971758456,1.0313663971758456,0.0,0.0,0.0,0.0
1996-12-13,1.3559826299474846,1.3559826299474846,1.3600615552643038,1.3600615552643038,0.0,0.0,0.0,0.0
1996-12-14,1.3705436886841362,1.3705436886841362,1.3773805929744969,1.3773805929744969,0.0,0.0,0.0,0.0
1996-12-15,1.3663832689187165,1.3663832689187165,1.3732381235862494,1.3732381235862494,0.0,0.0,0.0,0.0
1996-12-16,1.3696611732203563,1.3696611732203563,1.3759760457810801,1.3759760457810801,0.0,0.0,0.0,0.0
1996-12-17,1.3676822649205187,1.3676822649205187,1.3737147565926546,1.3737147565926546,0.0,0.0,0.0,0.0
1996-12-18,1.3666325069659655,1.3666325069659655,1.3724902191301027,1.3724902191301027,0.0,0.0,0.0,0.0
1996-12-19,1.366362960551444,1.366362960551444,1.3720651532442731,1.3720651532442731,0.0,0.0,0.0,0.0
1996-12-20,1.278027786387908,1.278027786387908,1.2751000395124563,1.2751000395124563,0.0,0.0,0.0,0.0
1996-12-21,1.048562261487797,1.048562261487797,1.023945734989517,1.023945734989517,0.0,0.0,0.0,0.0
1996-12-22,0.1415947934249484,0.1415947934249484,0.0097862,0.0097862,0.0,0.0,0.0,0.0
1996-12-23,0.446686954543007,0.446686954543007,0.35653112277176163,0.35653112277176163,0.0,0.0,0.0,0.0
1996-12-24,0.958610718505115,0.958610718505115,0.9229887955521374,0.9229887955521374,0.0,0.0,0.0,0.0
1996-12-25,0.9138872945200186,0.9138872945200186,0.8729023883292202,0.8729023883292202,0.0,0.0,0.0,0.0
1996-12-26,0.578027571401611,0.578027571401611,0.5065163713236326,0.5065163713236326,0.0,0.0,0.0,0.0
1996-12-27,0.608297310634105,0.608297310634105,0.5422022573054659,0.5422022573054659,0.0,0.0,0.0,0.0
1996-12-28,0.7976322120800927,0.7976322120800927,0.7457661069046253,0.7457661069046253,0.0,0.0,0.0,0.0
1996-12-29,0.531665376722075,0.531665376722075,0.41606971394210485,0.41606971394210485,0.0,0.0,0.0,0.0
1996-12-30,4.546409125501652,4.546409125501652,4.404412790134115,4.404412790134115,0.0,0.0,0.0,0.0
1996-12-31,4.586192868470158,4.586192868470158,4.404412790134115,4.404412790134115,0.0,0.0,0.0,0.0
1997-01-01,4.641177171127476,4.641177171127476,4.404412790134117,4.404412790134117,0.0,0.0,0.0,0.0
1997-01-02,4.995354253029703,4.995354253029703,4.404412790134103,4.404412790134103,0.0,0.0,0.0,0.0
1997-01-03,4.652074155416409,4.652074155416411,4.4044127901341135,4.404412790134115,0.0,0.0,0.0,0.0
1997-01-04,4.496801637985904,4.496801637985904,4.404412790134115,4.404412790134115,0.0,0.0,0.0,0.0
1997-01-05,4.497353777177927,4.497353777177927,4.404412790134115,4.404412790134115,0.0,0.0,0.0,0.0
1997-01-06,4.4972088415394404,4.4972088415394404,4.404412790134115,4.404412790134115,0.0,0.0,0.0,0.0
1997-01-07,4.496717957403109,4.496717957403109,4.404412790134115,4.404412790134115,0.0,0.0,0.0,0.0
1997-01-08,4.496708569109148,4.496708569109148,4.404412790134115,4.404412790134115,0.0,0.0,0.0,0.0
1997-01-09,4.494812008162907,4.494812008162907,4.404412790134115,4.404412790134115,0.0,0.0,0.0,0.0
1997-01-10,4.487884938021912,4.487884938021912,4.404412790134115,4.404412790134115,0.0,0.0,0.0,0.0
1997-01-11,4.479801361791614,4.479801361791614,4.404412790134115,4.404412790134115,0.0,0.0,0.0,0.0
1997-01-12,4.476566774728271,4.476566774728271,4.404412790134115,4.404412790134115,0.0,0.0,0.0,0.0
1997-01-13,4.469683633177993,4.469683633177993,4.404412790134115,4.404412790134115,0.0,0.0,4.746815989367132,4.746815989367132
1997-01-14,4.4617867578671655,4.4617867578671655,4.404412790134115,4.404412790134115,0.0,0.0,9.493631957468528,9.493631957468528
1997-01-15,4.460875101522417,4.460875101522417,4.404412790134115,4.404412790134115,0.0,0.0,18.987263872405585,18.987263872405585
1997-01-16,4.458288180000682,4.458288180000682,4.404412790134115,4.404412790134115,0.0,0.0,37.974527659748226,37.974527659748226
1997-01-17,4.451421226120918,4.451421226120918,4.404412790134115,4.404412790134115,0.0,0.0,75.94905514937055,75.94905514937055
1997-01-18,4.446684157193913,4.446684157193913,4.404412790134115,4.404412790134115,0.0,0.0,151.89810995848933,151.89810995848933
1997-01-19,4.4592699445110675,4.4592699445110675,4.404412790134115,4.404412790134115,0.0,0.0,153.9838645311506,153.9838645311506
1997-01-20,4.481128570419476,4.481128570419476,4.404412790134115,4.404412790134115,0.0,0.0,0.0,0.0
1997-01-21,4.507903566714499,4.507903566714499,4.404412790134115,4.404412790134115,0.0,0.0,0.0,0.0
1997-01-22,4.592247658237732,4.592247658237732,4.404412790134115,4.404412790134115,0.0,0.0,0.0,0.0
1997-01-23,4.54433536838606,4.54433536838606,4.404412790134115,4.404412790134115,0.0,0.0,0.0,0.0
1997-01-24,4.527550276375883,4.527550276375883,4.404412790134115,4.404412790134115,0.0,0.0,0.0,0.0
1997-01-25,4.629615801499248,4.629615801499248,4.404412790134115,4.404412790134115,0.0,0.0,0.0,0.0
1997-01-26,4.639926521325675,4.639926521325675,4.404412790134115,4.404412790134115,0.0,0.0,0.0,0.0
1997-01-27,4.505440540292663,4.505440540292663,4.404412790134115,4.404412790134115,0.0,0.0,0.0,0.0
1997-01-28,4.496717957403109,4.496717957403109,4.404412790134115,4.404412790134115,0.0,0.0,0.0,0.0
1997-01-29,4.496856790156722,4.496856790156722,4.404412790134115,4.404412790134115,0.0,0.0,0.0,0.0
1997-01-30,4.496717957403109,4.496717957403109,4.404412790134115,4.404412790134115,0.0,0.0,0.0,0.0
1997-01-31,4.496715211410601,4.496715211410601,4.404412790134115,4.404412790134115,0.0,0.0,0.0,0.0
1997-02-01,4.045206418914527,4.045206418914527,3.96869195507142,3.96869195507142,0.0,0.0,0.0,0.0
1997-02-02,3.8848865838496316,3.8848865838496316,3.8143465972754593,3.8143465972754593,0.0,0.0,0.0,0.0
1997-02-03,4.4683949714951074,4.4683949714951074,14.948628089369091,14.948628089369091,0.0,0.0,0.0,0.0
1997-02-04,4.461264688051002,4.461264688051002,14.948628089369091,14.948628089369091,0.0,0.0,0.0,0.0
1997-02-05,4.455242555691097,4.455242555691097,14.948628089369091,14.948628089369091,0.0,0.0,0.0,0.0
1997-02-06,4.449712742250811,4.449712742250811,14.948628089369091,14.948628089369091,0.0,0.0,0.0,0.0
1997-02-07,4.446675451596857,4.446675451596857,14.948628089369091,14.948628089369091,0.0,0.0,0.0,0.0
1997-02-08,4.441066791834392,4.441066791834392,14.948628089369091,14.948628089369091,0.0,0.0,0.0,0.0
1997-02-09,4.437177595635386,4.437177595635386,14.948628089369091,14.948628089369091,0.0,0.0,0.0,0.0
1997-02-10,4.433636980647278,4.433636980647278,14.94862809087162,14.94862809087162,0.0,0.0,0.0,0.0
1997-02-11,4.430434487269709,4.430434487269709,14.94862809087162,14.94862809087162,0.0,0.0,0.0,0.0
1997-02-12,4.427517184275496,4.427517184275496,14.94862809087162,14.94862809087162,0.0,0.0,0.0,0.0
1997-02-13,4.424907597855594,4.424907597855594,14.94862809087162,14.94862809087162,0.0,0.0,0.0,0.0
1997-02-14,4.422534375377479,4.422534375377479,14.94862809087162,14.94862809087162,0.0,0.0,0.0,0.0
1997-02-15,4.42026233157006,4.42026233157006,14.94862809087162,14.94862809087162,0.0,0.0,0.0,0.0
1997-02-16,4.4186673210231735,4.4186673210231735,14.94862809087162,14.94862809087162,0.0,0.0,0.0,0.0
1997-02-17,4.41642852463366,4.41642852463366,14.948628092444734,14.948628092444734,0.0,0.0,0.0,0.0
1997-02-18,4.416908144243162,4.416908144243162,14.948628092444734,14.948628092444734,0.0,0.0,0.0,0.0
1997-02-19,4.413716753100174,4.413716753100174,14.948628092444734,14.948628092444734,0.0,0.0,0.0,0.0
1997-02-20,4.412324951597478,4.412324951597478,14.948628092444734,14.948628092444734,0.0,0.0,0.0,0.0
1997-02-21,4.411016446547649,4.411016446547649,14.948628092444734,14.948628092444734,0.0,0.0,0.0,0.0
1997-02-22,4.409846682452317,4.409846682452317,14.948628092444734,14.948628092444734,0.0,0.0,0.0,0.0
1997-02-23,4.40880330681341,4.40880330681341,14.948628092444734,14.948628092444734,0.0,0.0,0.0,0.0
1997-02-24,4.4078729244203885,4.4078729244203885,14.948628094095405,14.948628094095405,0.0,0.0,0.0,0.0
1997-02-25,4.407088657189307,4.407088657189307,14.948628094095405,14.948628094095405,0.0,0.0,0.0,0.0
1997-02-26,4.406391143655723,4.406391143655723,14.948628094095405,14.948628094095405,0.0,0.0,0.0,0.0
1997-02-27,4.405551890730661,4.405551890730661,14.948628094095405,14.948628094095405,0.0,0.0,0.0,0.0
1997-02-28,4.405097985291791,4.405097985291791,14.948628094095405,14.948628094095405,0.0,0.0,0.0,0.0
1997-03-01,4.403554184754698,4.403554184754698,14.948628094095405,14.948628094095405,0.0,0.0,0.0,0.0
1997-03-02,4.403034396254294,4.403034396254294,14.948628094095405,14.948628094095405,0.0,0.0,0.0,0.0
1997-03-03,4.402431004063605,4.402431004063605,14.948628095831658,14.948628095831658,0.0,0.0,0.0,0.0
1997-03-04,4.4019326069163425,4.4019326069163425,14.948628095831658,14.948628095831658,0.0,0.0,0.0,0.0
1997-03-05,4.4014598365230375,4.4014598365230375,14.948628095831658,14.948628095831658,0.0,0.0,0.0,0.0
1997-03-06,4.400911597945447,4.400911597945447,14.948628095831658,14.948628095831658,0.0,0.0,0.0,0.0
1997-03-07,4.400369622619204,4.400369622619204,14.948628095831658,14.948628095831658,0.0,0.0,0.0,0.0
1997-03-08,4.399861885267086,4.399861885267086,14.948628095831658,14.948628095831658,0.0,0.0,0.0,0.0
1997-03-09,4.399363154757897,4.399363154757897,14.948628095831658,14.948628095831658,0.0,0.0,0.0,0.0
1997-03-10,4.3988403534872855,4.3988403534872855,14.948628097662864,14.948628097662864,0.0,0.0,0.0,0.0
1997-03-11,4.398311142093608,4.398311142093608,14.948628097662864,14.948628097662864,0.0,0.0,0.0,0.0
1997-03-12,4.397853651170806,4.397853651170806,14.948628097662864,14.948628097662864,0.0,0.0,0.0,0.0
1997-03-13,4.397495932576292,4.397495932576292,14.948628097662864,14.948628097662864,0.0,0.0,0.0,0.0
1997-03-14,4.397188327243956,4.397188327243956,14.948628097662864,14.948628097662864,0.0,0.0,0.0,0.0
1997-03-15,4.396988977385778,4.396988977385778,14.948628097662864,14.948628097662864,0.0,0.0,0.0,0.0
1997-03-16,4.396714717307444,4.396714717307444,14.948628097662864,14.948628097662864,0.0,0.0,0.0,0.0
1997-03-17,4.396732009473621,4.396732009473621,14.948628099600008,14.948628099600008,0.0,0.0,4.746815989367132,4.746815989367132
1997-03-18,4.396383761614742,4.396383761614742,14.948628099600008,14.948628099600008,0.0,0.0,9.493631957468528,9.493631957468528
1997-03-19,4.3961763094214925,4.3961763094214925,14.948628099600008,14.948628099600008,0.0,0.0,18.987263872405585,18.987263872405585
1997-03-20,4.395967877620639,4.395967877620639,14.948628099600008,14.948628099600008,0.0,0.0,37.974527659748226,37.974527659748226
1997-03-21,4.39581347908633,4.39581347908633,14.948628099600008,14.948628099600008,0.0,0.0,75.94905514937055,75.94905514937055
1997-03-22,4.395712444826546,4.395712444826546,14.948628099600008,14.948628099600008,0.0,0.0,102.05457532764002,102.05457532764002
1997-03-23,4.395629940088381,4.395629940088381,14.948628099600008,14.948628099600008,0.0,0.0,6.458873348,6.458873348
1997-03-24,4.395554095281119,4.395554095281119,14.9486281016561,14.9486281016561,0.0,0.0,0.0,0.0
1997-03-25,4.3954871818797665,4.3954871818797665,14.9486281016561,14.9486281016561,0.0,0.0,0.0,0.0
1997-03-26,4.395432625790264,4.395432625790264,14.9486281016561,14.9486281016561,0.0,0.0,0.0,0.0
1997-03-27,4.395400733668562,4.395400733668562,14.9486281016561,14.9486281016561,0.0,0.0,0.0,0.0
1997-03-28,4.395389368398498,4.395389368398498,14.9486281016561,14.9486281016561,0.0,0.0,0.0,0.0
1997-03-29,4.395384954453096,4.395384954453096,14.9486281016561,14.9486281016561,0.0,0.0,0.0,0.0
1997-03-30,4.395738346838497,4.395738346838497,14.9486281016561,14.9486281016561,0.0,0.0,0.0,0.0
1997-03-31,4.395519057702686,4.395519057702686,14.948628103846703,14.948628103846703,0.0,0.0,0.0,0.0
1997-04-01,4.395400390429504,4.395400390429504,14.948628103846703,14.948628103846703,0.0,0.0,0.0,0.0
1997-04-02,4.395397396754687,4.395397396754687,14.948628103846703,14.948628103846703,0.0,0.0,0.0,0.0
1997-04-03,4.395393719344546,4.395393719344546,14.948628103846703,14.948628103846703,0.0,0.0,0.0,0.0
1997-04-04,4.395388991247871,4.395388991247871,14.948628103846703,14.948628103846703,0.0,0.0,0.0,0.0
1997-04-05,4.395383808077624,4.395383808077624,14.948628103846703,14.948628103846703,0.0,0.0,0.0,0.0
1997-04-06,4.395378895425433,4.395378895425433,14.948628103846703,14.948628103846703,0.0,0.0,0.0,0.0
1997-04-07,4.39537412306555,4.39537412306555,14.94862810619065,14.94862810619065,0.0,0.0,4.746815989367136,4.746815989367132
1997-04-08,4.395369265170438,4.395369265170438,14.94862810619065,14.94862810619065,0.0,0.0,9.493631957468533,9.493631957468528
1997-04-09,4.395364493624484,4.395364493624484,14.94862810619065,14.94862810619065,0.0,0.0,18.987263872405595,18.987263872405585
1997-04-10,4.395360291529487,4.395360291529487,14.94862810619065,14.94862810619065,0.0,0.0,37.97452765974824,37.974527659748226
1997-04-11,4.395356004317854,4.395356004317854,14.94862810619065,14.94862810619065,0.0,0.0,49.463580621010514,49.463580621010514
1997-04-12,4.395351094601621,4.395351094601621,14.94862810619065,14.94862810619065,0.0,0.0,4.702318202,4.702318202
1997-04-13,4.395345627913709,4.395345627913709,14.94862810619065,14.94862810619065,0.0,0.0,4.925178992,4.925178992
1997-04-14,4.3953398229859335,4.3953398229859335,14.948628108711016,14.948628108711016,0.0,0.0,0.0,0.0
1997-04-15,4.395333237314113,4.395333237314113,14.948628108711016,14.948628108711016,0.0,0.0,0.0,0.0
1997-04-16,4.39532553860879,4.39532553860879,14.948628108711016,14.948628108711016,0.0,0.0,0.0,0.0
1997-04-17,4.395827946084081,4.395827946084081,14.948628108711016,14.948628108711016,0.0,0.0,0.0,0.0
1997-04-18,4.3953135102541525,4.3953135102541525,14.948628108711016,14.948628108711016,0.0,0.0,0.0,0.0
1997-04-19,4.396290374626689,4.396290374626689,14.948628108711016,14.948628108711016,0.0,0.0,0.0,0.0
1997-04-20,4.395304733171263,4.395304733171263,14.948628108711016,14.948628108711016,0.0,0.0,0.0,0.0
1997-04-21,4.395406664726934,4.395406664726934,14.948628111436541,14.948628111436541,0.0,0.0,0.0,0.0
1997-04-22,4.3952936534771485,4.3952936534771485,14.948628111436541,14.948628111436541,0.0,0.0,0.0,0.0
1997-04-23,4.395589451841997,4.395589451841997,14.948628111436541,14.948628111436541,0.0,0.0,0.0,0.0
1997-04-24,4.395282863198779,4.395282863198779,14.948628111436541,14.948628111436541,0.0,0.0,0.0,0.0
1997-04-25,4.395275689716087,4.395275689716087,14.948628111436541,14.948628111436541,0.0,0.0,0.0,0.0
1997-04-26,4.395266214485516,4.395266214485516,14.948628111436541,14.948628111436541,0.0,0.0,0.0,0.0
1997-04-27,4.395255490943518,4.395255490943518,14.948628111436541,14.948628111436541,0.0,0.0,0.0,0.0
1997-04-28,4.395245550447822,4.395245550447822,14.948628114403556,14.948628114403556,0.0,0.0,4.746815989367136,4.746815989367132
1997-04-29,4.395237044269604,4.395237044269604,14.948628114403556,14.948628114403556,0.0,0.0,9.493631957468533,9.493631957468528
1997-04-30,4.395228669674653,4.395228669674653,14.948628114403556,14.948628114403556,0.0,0.0,18.987263872405595,18.987263872405585
1997-05-01,4.395219539081083,4.395219539081083,14.948628114403556,14.948628114403556,0.0,0.0,37.97452765974824,37.974527659748226
1997-05-02,4.395209810980466,4.395209810980466,14.948628114403556,14.948628114403556,0.0,0.0,75.94905514937058,75.94905514937055
1997-05-03,4.3951999001162,4.3951999001162,14.948628114403556,14.948628114403556,0.0,0.0,21.855252753639892,21.85525275363995
1997-05-04,4.395189379347339,4.395189379347339,14.948628114403556,14.948628114403556,0.0,0.0,10.558369684,10.558369684
1997-05-05,4.395178200678182,4.395178200678182,14.948628117659032,14.948628117659032,0.0,0.0,0.0,0.0
1997-05-06,4.39516653140973,4.39516653140973,14.948628117659032,14.948628117659032,0.0,0.0,0.0,0.0
1997-05-07,4.395154812154057,4.395154812154057,14.948628117659032,14.948628117659032,0.0,0.0,0.0,0.0
1997-05-08,4.395143198071139,4.395143198071139,14.948628117659032,14.948628117659032,0.0,0.0,0.0,0.0
1997-05-09,4.3951313455069965,4.3951313455069965,14.948628117659032,14.948628117659032,0.0,0.0,0.0,0.0
1997-05-10,4.3951194154784305,4.3951194154784305,14.948628117659032,14.948628117659032,0.0,0.0,0.0,0.0
1997-05-11,4.395108006299954,4.395108006299954,14.948628117659032,14.948628117659032,0.0,0.0,0.0,0.0
1997-05-12,4.395097268476909,4.395097268476909,14.948628121265106,14.948628121265106,0.0,0.0,0.0,0.0
1997-05-13,4.395086954779905,4.395086954779905,14.948628121265106,14.948628121265106,0.0,0.0,0.0,0.0
1997-05-14,4.395077081295214,4.395077081295214,14.948628121265106,14.948628121265106,0.0,0.0,0.0,0.0
1997-05-15,4.395067695547548,4.395067695547548,14.948628121265106,14.948628121265106,0.0,0.0,0.0,0.0
1997-05-16,4.395058704192633,4.395058704192633,14.948628121265106,14.948628121265106,0.0,0.0,0.0,0.0
1997-05-17,4.395050080157388,4.395050080157388,14.948628121265106,14.948628121265106,0.0,0.0,0.0,0.0
1997-05-18,4.3950417936721795,4.3950417936721795,14.948628121265106,14.948628121265106,0.0,0.0,0.0,0.0
1997-05-19,4.3950338597999,4.3950338597999,14.948628125306389,14.948628125306389,0.0,0.0,0.0,0.0
1997-05-20,4.395026326242608,4.395026326242608,14.948628125306389,14.948628125306389,0.0,0.0,0.0,0.0
1997-05-21,4.395019411858486,4.395019411858486,14.948628125306389,14.948628125306389,0.0,0.0,0.0,0.0
1997-05-22,4.395013127612542,4.395013127612542,14.948628125306389,14.948628125306389,0.0,0.0,0.0,0.0
1997-05-23,4.396286078269416,4.396286078269416,14.948628125306389,14.948628125306389,0.0,0.0,0.0,0.0
1997-05-24,4.395004232422014,4.395004232422014,14.948628125306389,14.948628125306389,0.0,0.0,0.0,0.0
1997-05-25,4.395001126288912,4.395001126288912,14.948628125306389,14.948628125306389,0.0,0.0,0.0,0.0
1997-05-26,4.394996749158668,4.394996749158668,14.948628129902357,14.948628129902357,0.0,0.0,0.0,0.0
1997-05-27,4.394992394986176,4.394992394986176,14.948628129902357,14.948628129902357,0.0,0.0,0.0,0.0
1997-05-28,4.394988002208669,4.394988002208669,14.948628129902357,14.948628129902357,0.0,0.0,0.0,0.0
1997-05-29,4.394983701188032,4.394983701188032,14.948628129902357,14.948628129902357,0.0,0.0,0.0,0.0
1997-05-30,4.394979660965306,4.394979660965306,14.948628129902357,14.948628129902357,0.0,0.0,0.0,0.0
1997-05-31,4.39497592514321,4.39497592514321,14.948628129902357,14.948628129902357,0.0,0.0,0.0,0.0
1997-06-01,4.395004392651788,4.395004392651788,14.948628129902357,14.948628129902357,0.0,0.0,0.7810559982504345,0.7810559982504345
1997-06-02,4.395707506147167,4.395707506147167,14.948628135229496,14.948628135229496,0.0,0.0,0.7810559982504345,0.7810559982504345
1997-06-03,4.394998916666906,4.394998916666906,14.948628135229496,14.948628135229496,0.0,0.0,0.0,0.0
1997-06-04,4.3951842151115095,4.3951842151115095,14.948628135229496,14.948628135229496,0.0,0.0,0.7810559982504345,0.7810559982504345
1997-06-05,4.394995542641377,4.394995542641377,14.948628135229496,14.948628135229496,0.0,0.0,0.7810559982504345,0.7810559982504345
1997-06-06,4.394994050622241,4.394994050622241,14.948628135229496,14.948628135229496,0.0,0.0,0.7810559982504345,0.7810559982504345
1997-06-07,4.394992094948396,4.394992094948396,14.948628135229496,14.948628135229496,0.0,0.0,0.7810559982504345,0.7810559982504345
1997-06-08,4.39499020528187,4.39499020528187,14.948628135229496,14.948628135229496,0.0,0.0,0.7810559982504345,0.7810559982504345
1997-06-09,4.394988590589486,4.394988590589486,14.948628141564484,14.948628141564484,0.0,0.0,0.7810559982504345,0.7810559982504345
1997-06-10,4.394987207121966,4.394987207121966,14.948628141564484,14.948628141564484,0.0,0.0,0.7810559982504345,0.7810559982504345
1997-06-11,4.394986010510872,4.394986010510872,14.948628141564484,14.948628141564484,0.0,0.0,0.7810559982504345,0.7810559982504345
1997-06-12,4.394984974970529,4.394984974970529,14.948628141564484,14.948628141564484,0.0,0.0,0.7810559982504345,0.7810559982504345
1997-06-13,4.394984144915418,4.394984144915418,14.948628141564484,14.948628141564484,0.0,0.0,0.7810559982504345,0.7810559982504345
1997-06-14,4.394983516668676,4.394983516668676,14.948628141564484,14.948628141564484,0.0,0.0,0.7810559982504345,0.7810559982504345
1997-06-15,4.394982948150327,4.394982948150327,14.948628141564484,14.948628141564484,0.0,0.0,0.7810559982504345,0.7810559982504345
1997-06-16,4.39498237459931,4.39498237459931,14.948628149377642,14.948628149377642,0.0,0.0,0.7810559982504345,0.7810559982504345
1997-06-17,4.394981803644008,4.394981803644008,14.948628149377642,14.948628149377642,0.0,0.0,0.0,0.0
1997-06-18,4.39498122008481,4.39498122008481,14.948628149377642,14.948628149377642,0.0,0.0,0.7810559982504345,0.7810559982504345
1997-06-19,4.394980619886059,4.394980619886059,14.948628149377642,14.948628149377642,0.0,0.0,0.7810559982504345,0.7810559982504345
1997-06-20,4.394980031275143,4.394980031275143,14.948628149377642,14.948628149377642,0.0,0.0,0.7810559982504345,0.7810559982504345
1997-06-21,4.394979597584648,4.394979597584648,14.948628149377642,14.948628149377642,0.0,0.0,0.7810559982504345,0.7810559982504345
1997-06-22,4.394979340104184,4.394979340104184,14.948628149377642,14.948628149377642,0.0,0.0,0.7810559982504345,0.7810559982504345
1997-06-23,4.394979149878889,4.394979149878889,14.94862815956871,14.94862815956871,0.0,0.0,0.7810559982504345,0.7810559982504345
1997-06-24,4.394979030222066,4.394979030222066,14.94862815956871,14.94862815956871,0.0,0.0,0.7810559982504345,0.7810559982504345
1997-06-25,4.394978941755079,4.394978941755079,14.94862815956871,14.94862815956871,0.0,0.0,0.7810559982504345,0.7810559982504345
1997-06-26,4.394978856379134,4.394978856379134,14.94862815956871,14.94862815956871,0.0,0.0,0.7810559982504345,0.7810559982504345
1997-06-27,4.3949787747689575,4.3949787747689575,14.94862815956871,14.94862815956871,0.0,0.0,0.7810559982504345,0.7810559982504345
1997-06-28,4.3949786943320115,4.3949786943320115,14.94862815956871,14.94862815956871,0.0,0.0,0.7810559982504345,0.7810559982504345
1997-06-29,4.394978613895066,4.394978613895066,14.94862815956871,14.94862815956871,0.0,0.0,0.7810559982504345,0.7810559982504345
1997-06-30,4.394978533494635,4.394978533494635,11.83024397552818,11.83024397552818,0.0,0.0,0.7810559982504345,0.7810559982504345
1997-07-01,4.39505652888788,4.39505652888788,11.83024397552818,11.83024397552818,0.0,0.0,0.0,0.0
1997-07-02,4.395056430654954,4.395056430654954,11.83024397552818,11.83024397552818,0.0,0.0,0.7810559982504345,0.7810559982504345
1997-07-03,4.395056332495744,4.395056332495744,11.83024397552818,11.83024397552818,0.0,0.0,0.7810559982504345,0.7810559982504345
1997-07-04,4.395056234344293,4.395056234344293,11.83024397552818,11.83024397552818,0.0,0.0,0.7810559982504345,0.7810559982504345
1997-07-05,4.395056136200601,4.395056136200601,11.83024397552818,11.83024397552818,0.0,0.0,0.7810559982504345,0.7810559982504345
1997-07-06,4.3950560380860075,4.3950560380860075,11.83024397552818,11.83024397552818,0.0,0.0,0.7810559982504345,0.7810559982504345
1997-07-07,4.395055939986933,4.395055939986933,9.145530385001775,9.145530385001775,0.0,0.0,0.7810559982504345,0.7810559982504345
1997-07-08,4.395055841916957,4.395055841916957,9.145530385001775,9.145530385001775,0.0,0.0,0.7810559982504345,0.7810559982504345
1997-07-09,4.395055743862499,4.395055743862499,9.145530385001775,9.145530385001775,0.0,0.0,0.7810559982504345,0.7810559982504345
1997-07-10,4.3950556458448995,4.3950556458448995,9.145530385001775,9.145530385001775,0.0,0.0,0.7810559982504345,0.7810559982504345
1997-07-11,4.395055547864157,4.395055547864157,9.145530385001775,9.145530385001775,0.0,0.0,0.7810559982504345,0.7810559982504345
1997-07-12,4.395055449891173,4.395055449891173,9.145530385001775,9.145530385001775,0.0,0.0,0.7810559982504345,0.7810559982504345
1997-07-13,4.39505535191819,4.39505535191819,9.145530385001775,9.145530385001775,0.0,0.0,0.7810559982504345,0.7810559982504345
1997-07-14,4.395055253989824,4.395055253989824,5.182655976111645,5.182655976111645,0.0,0.0,0.7810559982504345,0.7810559982504345
1997-07-15,4.395055156061458,4.395055156061458,5.182655976111645,5.182655976111645,0.0,0.0,0.0,0.0
1997-07-16,4.395055058177708,4.395055058177708,5.182655976111645,5.182655976111645,0.0,0.0,0.7810559982504345,0.7810559982504345
1997-07-17,4.395054960293959,4.395054960293959,5.182655976111645,5.182655976111645,0.0,0.0,0.7810559982504345,0.7810559982504345
1997-07-18,4.395054862454827,4.395054862454827,5.182655976111645,5.182655976111645,0.0,0.0,0.7810559982504345,0.7810559982504345
1997-07-19,4.395054764652552,4.395054764652552,5.182655976111645,5.182655976111645,0.0,0.0,0.7810559982504345,0.7810559982504345
1997-07-20,4.395054666858036,4.395054666858036,5.182655976111645,5.182655976111645,0.0,0.0,0.7810559982504345,0.7810559982504345
1997-07-21,4.249890517280688,4.249890517280688,4.259248738351284,4.259248738351284,0.0,0.0,0.7810559982504345,0.7810559982504345
1997-07-22,4.395054471313623,4.395054471313623,4.404412790134115,4.404412790134115,0.0,0.0,0.7810559982504345,0.7810559982504345
1997-07-23,3.9306270680879885,3.9306270680879885,3.93998548465838,3.93998548465838,0.0,0.0,0.7810559982504345,0.7810559982504345
1997-07-24,3.019502012956767,3.019502012956767,3.02886052723244,3.02886052723244,0.0,0.0,0.7810559982504345,0.7810559982504345
1997-07-25,3.219548927154583,3.219548927154583,3.22890753909868,3.22890753909868,0.0,0.0,0.7810559982504345,0.7810559982504345
1997-07-26,3.3043552274301384,3.3043552274301384,3.31371393704266,3.31371393704266,0.0,0.0,0.7810559982504345,0.7810559982504345
1997-07-27,3.2984113323292936,3.2984113323292936,3.30777013959472,3.30777013959472,0.0,0.0,0.7810559982504345,0.7810559982504345
1997-07-28,2.8483251884544063,2.8483251884544063,2.85768409334364,2.85768409334364,0.0,0.0,0.7810559982504345,0.7810559982504345
1997-07-29,2.752477040999396,2.752477040999396,2.76183604346006,2.76183604346006,0.0,0.0,0.0,0.0
1997-07-30,2.8676509670437285,2.8676509670437285,2.87701006712044,2.87701006712044,0.0,0.0,0.7810559982504345,0.7810559982504345
1997-07-31,2.611724762714275,2.611724762714275,2.62108396032556,2.62108396032556,0.0,0.0,0.7810559982504345,0.7810559982504345
1997-08-01,2.1545712997841586,2.154571299784159,2.1636674339965345,2.163667433996535,0.0,0.0,0.7810559982504345,0.7810559982504345
1997-08-02,2.1545731306891063,2.1545731306891063,2.1636694225476547,2.1636694225476547,0.0,0.0,0.7810559982504345,0.7810559982504345
1997-08-03,2.154574960860436,2.154574960860436,2.1636714102930363,2.1636714102930363,0.0,0.0,0.7810559982504345,0.7810559982504345
1997-08-04,2.1758545836391145,2.1758545836391145,2.1849511905861894,2.1849511905861894,0.0,0.0,0.7810559982504345,0.7810559982504345
1997-08-05,2.1758564129716067,2.1758564129716067,2.184953177420613,2.184953177420613,0.0,0.0,0.7810559982504345,0.7810559982504345
1997-08-06,2.1758582421024273,2.175858242102427,2.184955164053365,2.1849551640533647,0.0,0.0,0.7810559982504345,0.7810559982504345
1997-08-07,2.1758600709877336,2.1758600709877336,2.184957150381025,2.184957150381025,0.0,0.0,0.7810559982504345,0.7810559982504345
1997-08-08,2.17586189876823,2.17586189876823,2.1849591355192115,2.1849591355192115,0.0,0.0,0.7810559982504345,0.7810559982504345
1997-08-09,2.1758637268176217,2.1758637268176217,2.184961120938836,2.184961120938836,0.0,0.0,0.7810559982504345,0.7810559982504345
1997-08-10,2.1758655544285967,2.1758655544285967,2.1849631059075016,2.1849631059075016,0.0,0.0,0.7810559982504345,0.7810559982504345
1997-08-11,2.1919185705892663,2.1919185705892663,2.201016279353741,2.201016279353741,0.0,0.0,0.7810559982504345,0.7810559982504345
1997-08-12,2.191920397361404,2.191920397361404,2.201018263411448,2.201018263411448,0.0,0.0,0.0,0.0
1997-08-13,2.191922223242093,2.191922223242093,2.2010202465055864,2.2010202465055864,0.0,0.0,0.7810559982504345,0.7810559982504345
1997-08-14,2.191924048953262,2.191924048953262,2.201022229370627,2.201022229370627,0.0,0.0,0.7810559982504345,0.7810559982504345
1997-08-15,2.1919258745855155,2.1919258745855155,2.2010242121567516,2.2010242121567516,0.0,0.0,0.7810559982504345,0.7810559982504345
1997-08-16,2.1919276995572208,2.1919276995572208,2.2010261942697853,2.2010261942697853,0.0,0.0,0.7810559982504345,0.7810559982504345
1997-08-17,2.1919295237690033,2.1919295237690033,2.2010281755507757,2.2010281755507757,0.0,0.0,0.7810559982504345,0.7810559982504345
1997-08-18,2.191931347875566,2.191931347875566,2.2010301566669686,2.2010301566669686,0.0,0.0,0.7810559982504345,0.7810559982504345
1997-08-19,2.1919331718155304,2.1919331718155304,2.201032137616563,2.201032137616563,0.0,0.0,0.7810559982504345,0.7810559982504345
1997-08-20,2.191934995138788,2.191934995138788,2.2010341179369086,2.2010341179369086,0.0,0.0,0.7810559982504345,0.7810559982504345
1997-08-21,2.191936817766424,2.191936817766424,2.2010360974895113,2.2010360974895113,0.0,0.0,0.7810559982504345,0.7810559982504345
1997-08-22,2.1919386401806977,2.1919386401806977,2.2010380767691737,2.2010380767691737,0.0,0.0,0.7810559982504345,0.7810559982504345
1997-08-23,2.1919404619753418,2.1919404619753418,2.201040055416664,2.201040055416664,0.0,0.0,0.7810559982504345,0.7810559982504345
1997-08-24,2.1919422836472293,2.1919422836472293,2.201042033941398,2.201042033941398,0.0,0.0,0.7810559982504345,0.7810559982504345
1997-08-25,2.1520618331627888,2.1520618331627888,2.161161740250226,2.161161740250226,0.0,0.0,0.7810559982504345,0.7810559982504345
1997-08-26,2.152063653975379,2.152063653975379,2.1611637178435417,2.1611637178435417,0.0,0.0,0.0,0.0
1997-08-27,2.152065474580452,2.152065474580452,2.1611656951697626,2.1611656951697626,0.0,0.0,0.7810559982504345,0.7810559982504345
1997-08-28,2.1520672943554557,2.1520672943554557,2.1611676715937937,2.1611676715937937,0.0,0.0,0.7810559982504345,0.7810559982504345
1997-08-29,2.15206911368912,2.15206911368912,2.161169647563942,2.161169647563942,0.0,0.0,0.7810559982504345,0.7810559982504345
1997-08-30,2.1520709329234093,2.1520709329234093,2.1611716234347162,2.1611716234347162,0.0,0.0,0.7810559982504345,0.7810559982504345
1997-08-31,2.152072751806965,2.152072751806965,2.1611735988951786,2.1611735988951786,0.0,0.0,0.7810559982504345,0.7810559982504345
1997-09-01,2.1916725450465186,2.1916725450465186,2.2007752148764226,2.2007752148764226,0.0,0.0,0.7810559982504345,0.7810559982504345
1997-09-02,2.1924829719427965,2.1924829719427965,2.201628798078785,2.201628798078785,0.0,0.0,0.7810559982504345,0.7810559982504345
1997-09-03,2.192385914281245,2.192385914281245,2.201531886705852,2.201531886705852,0.0,0.0,0.7810559982504345,0.7810559982504345
1997-09-04,2.1924863696455192,2.1924863696455192,2.2016324883030514,2.2016324883030514,0.0,0.0,0.7810559982504345,0.7810559982504345
1997-09-05,2.1924880676854146,2.1924880676854146,2.2016343325084535,2.2016343325084535,0.0,0.0,0.7810559982504345,0.7810559982504345
1997-09-06,2.192489765670666,2.192489765670666,2.201636176659212,2.201636176659212,0.0,0.0,0.7810559982504345,0.7810559982504345
1997-09-07,2.192491463084886,2.192491463084886,2.2016380202272137,2.2016380202272137,0.0,0.0,0.7810559982504345,0.7810559982504345
1997-09-08,2.1924931601739734,2.1924931601739734,2.20163986341439,2.20163986341439,0.0,0.0,0.7810559982504345,0.7810559982504345
1997-09-09,2.1924948568696228,2.1924948568696228,2.201641706196403,2.201641706196403,0.0,0.0,0.0,0.0
1997-09-10,2.1924965529286675,2.1924965529286675,2.2016435482743932,2.2016435482743932,0.0,0.0,0.7810559982504345,0.7810559982504345
1997-09-11,2.192498249075143,2.192498249075143,2.201645390395846,2.201645390395846,0.0,0.0,0.7810559982504345,0.7810559982504345
1997-09-12,2.1924999442352915,2.1924999442352915,2.201647231507522,2.201647231507522,0.0,0.0,0.7810559982504345,0.7810559982504345
1997-09-13,2.1925016393244023,2.1925016393244023,2.20164907254816,2.20164907254816,0.0,0.0,0.7810559982504345,0.7810559982504345
1997-09-14,2.192503334132096,2.192503334132096,2.2016509132516884,2.2016509132516884,0.0,0.0,0.7810559982504345,0.7810559982504345
1997-09-15,2.1466649858776,2.1466649858776,2.155812710825608,2.155812710825608,0.0,0.0,0.7810559982504345,0.7810559982504345
1997-09-16,2.1466666801169945,2.1466666801169945,2.155814550949112,2.155814550949112,0.0,0.0,0.7810559982504345,0.7810559982504345
1997-09-17,2.146668373452028,2.146668373452028,2.1558163900451435,2.1558163900451435,0.0,0.0,0.7810559982504345,0.7810559982504345
1997-09-18,2.1466700666968985,2.1466700666968985,2.1558182290510115,2.1558182290510115,0.0,0.0,0.7810559982504345,0.7810559982504345
1997-09-19,2.1465895474231713,2.1465895474231713,2.1557378555265574,2.1557378555265574,0.0,0.0,0.7810559982504345,0.7810559982504345
1997-09-20,2.1466734519708077,2.1466734519708077,2.1558219057677737,2.1558219057677737,0.0,0.0,0.7810559982504345,0.7810559982504345
1997-09-21,2.1466751438878253,2.1466751438878253,2.1558237433109526,2.1558237433109526,0.0,0.0,0.7810559982504345,0.7810559982504345
1997-09-22,2.0981635741233826,2.0981635741233826,2.1073123191726717,2.1073123191726717,0.0,0.0,0.7810559982504345,0.7810559982504345
1997-09-23,2.098165265657891,2.098165265657891,2.1073141563333415,2.1073141563333415,0.0,0.0,0.0,0.0
1997-09-24,2.0979276307763484,2.0979276307763484,2.1070766669988172,2.1070766669988172,0.0,0.0,0.7810559982504345,0.7810559982504345
1997-09-25,2.0981686471285665,2.0981686471285665,2.107317828909779,2.107317828909779,0.0,0.0,0.7810559982504345,0.7810559982504345
1997-09-26,2.098170337313364,2.098170337313364,2.107319664585902,2.107319664585902,0.0,0.0,0.7810559982504345,0.7810559982504345
1997-09-27,2.0981720268560933,2.0981720268560933,2.107321499608231,2.107321499608231,0.0,0.0,0.7810559982504345,0.7810559982504345
1997-09-28,2.0981737163223206,2.0981737163223206,2.1073233344983655,2.1073233344983655,0.0,0.0,0.7810559982504345,0.7810559982504345
1997-09-29,2.126687565868733,2.126687565868733,2.135837329401267,2.135837329401267,0.0,0.0,0.7810559982504345,0.7810559982504345
1997-09-30,2.126689254515298,2.126689254515298,2.135839163404321,2.135839163404321,0.0,0.0,0.7810559982504345,0.7810559982504345
1997-10-01,2.1111579914076652,2.1111579914076652,2.1187368309826726,2.1187368309826726,0.0,0.0,0.7810559982504345,0.7810559982504345
1997-10-02,2.128196355090227,2.128196355090227,2.13747464737866,2.13747464737866,0.0,0.0,0.7810559982504345,0.7810559982504345
1997-10-03,2.128197702873672,2.128197702873672,2.1374761111894385,2.1374761111894385,0.0,0.0,0.7810559982504345,0.7810559982504345
1997-10-04,2.1281990500919967,2.1281990500919967,2.137477574381257,2.137477574381257,0.0,0.0,0.7810559982504345,0.7810559982504345
1997-10-05,2.1282003969241194,2.1282003969241194,2.1374790371775094,2.1374790371775094,0.0,0.0,0.7810559982504345,0.7810559982504345
1997-10-06,2.074156212416466,2.074156212416466,2.08343496858951,2.08343496858951,0.0,0.0,0.7810559982504345,0.7810559982504345
1997-10-07,2.0740813092503827,2.0740813092503827,2.0833601084321463,2.0833601084321463,0.0,0.0,0.0,0.0
1997-10-08,2.0741589049395617,2.0741589049395617,2.083437892898073,2.083437892898073,0.0,0.0,0.7810559982504345,0.7810559982504345
1997-10-09,2.0469390824453506,2.0469390824453506,2.0536625325625275,2.0536625325625275,0.0,0.0,0.7810559982504345,0.7810559982504345
1997-10-10,2.0612747975176138,2.0612747975176138,2.0694929687864048,2.0694929687864048,0.0,0.0,0.7810559982504345,0.7810559982504345
1997-10-11,2.0716040397731086,2.0716040397731086,2.0808635559686217,2.0808635559686217,0.0,0.0,0.7810559982504345,0.7810559982504345
1997-10-12,2.0741642859229956,2.0741642859229956,2.0834437370755623,2.0834437370755623,0.0,0.0,0.7810559982504345,0.7810559982504345
1997-10-13,2.117997813270464,2.117997813270464,2.127277380171801,2.127277380171801,0.0,0.0,0.7810559982504345,0.7810559982504345
1997-10-14,2.1179991574340846,2.1179991574340846,2.1272788400397156,2.1272788400397156,0.0,0.0,0.7810559982504345,0.7810559982504345
1997-10-15,2.1180005013053265,2.1180005013053265,2.127280299570775,2.127280299570775,0.0,0.0,0.7810559982504345,0.7810559982504345
1997-10-16,2.1180018447510918,2.1180018447510918,2.1272817586669945,2.1272817586669945,0.0,0.0,0.7810559982504345,0.7810559982504345
1997-10-17,2.1180031878281103,2.1180031878281103,2.1272832173851035,2.1272832173851035,0.0,0.0,0.7810559982504345,0.7810559982504345
1997-10-18,2.118004530745848,2.118004530745848,2.127284675899456,2.127284675899456,0.0,0.0,0.7810559982504345,0.7810559982504345
1997-10-19,2.11800587339739,2.11800587339739,2.127286134147612,2.127286134147612,0.0,0.0,0.7810559982504345,0.7810559982504345
1997-10-20,2.0120440368522976,2.0120440368522976,2.021324413145294,2.021324413145294,0.0,0.0,0.7810559982504345,0.7810559982504345
1997-10-21,2.0120453789736303,2.0120453789736303,2.0213258708094006,2.0213258708094006,0.0,0.0,0.0,0.0
1997-10-22,2.012046720634576,2.012046720634576,2.0213273279592805,2.0213273279592805,0.0,0.0,0.7810559982504345,0.7810559982504345
1997-10-23,2.012048062149331,2.012048062149331,2.02132878496297,2.02132878496297,0.0,0.0,0.7810559982504345,0.7810559982504345
1997-10-24,2.012049403194972,2.012049403194972,2.0213302414437058,2.0213302414437058,0.0,0.0,0.7810559982504345,0.7810559982504345
1997-10-25,2.012050744024601,2.012050744024601,2.0213316977084292,2.0213316977084292,0.0,0.0,0.7810559982504345,0.7810559982504345
1997-10-26,2.012052084516031,2.012052084516031,2.0213331535811134,2.0213331535811134,0.0,0.0,0.7810559982504345,0.7810559982504345
1997-10-27,1.7558691935717985,1.7558691935717985,1.7651503780181357,1.7651503780181357,0.0,0.0,0.7810559982504345,0.7810559982504345
1997-10-28,1.7558705333606461,1.7558705333606461,1.765151833134398,1.765151833134398,0.0,0.0,0.7810559982504345,0.7810559982504345
1997-10-29,1.7558718730556713,1.7558718730556713,1.765153288156838,1.765153288156838,0.0,0.0,0.7810559982504345,0.7810559982504345
1997-10-30,1.7558732122815808,1.7558732122815808,1.765154742656322,1.765154742656322,0.0,0.0,0.7810559982504345,0.7810559982504345
1997-10-31,1.755874551332936,1.755874551332936,1.7651561969812521,1.7651561969812521,0.0,0.0,0.7810559982504345,0.7810559982504345
1997-11-01,1.7554419310252787,1.7554419310252787,1.7646867283388505,1.7646867283388505,0.0,0.0,1.562111993001738,1.562111993001738
1997-11-02,1.7554433675677361,1.7554433675677361,1.7646882885439468,1.7646882885439468,0.0,0.0,3.1242239790052144,3.1242239790052144
1997-11-03,1.4077663194431485,1.4077663194431485,1.4170113640342619,1.4170113640342619,0.0,0.0,0.0,0.0
1997-11-04,1.4064110097802056,1.4064110097802056,1.4155455056580917,1.4155455056580917,0.0,0.0,0.0,0.0
1997-11-05,1.4077691908138543,1.4077691908138543,1.417014482604625,1.417014482604625,0.0,0.0,0.0,0.0
1997-11-06,1.4077697761530756,1.4077697761530756,1.4170151914431788,1.4170151914431788,0.0,0.0,0.0,0.0
1997-11-07,1.4077720607068742,1.4077720607068742,1.4170175995339962,1.4170175995339962,0.0,0.0,0.0,0.0
1997-11-08,1.407773495298599,1.407773495298599,1.417019157615004,1.417019157615004,0.0,0.0,0.0,0.0
1997-11-09,1.4073853992176957,1.4073853992176957,1.4166311849756483,1.4166311849756483,0.0,0.0,0.0,0.0
1997-11-10,1.5439482270771454,1.5439482270771454,1.5500632130431182,1.5500632130431182,0.0,0.0,0.0,0.0
1997-11-11,1.532716089355007,1.532716089355007,1.5384965825588623,1.5384965825588623,0.0,0.0,0.0,0.0
1997-11-12,1.5460799944099541,1.5460799944099541,1.5527646663064074,1.5527646663064074,0.0,0.0,0.0,0.0
1997-11-13,1.5688481925879867,1.5688481925879867,1.5774957523970088,1.5774957523970088,0.0,0.0,0.0,0.0
1997-11-14,1.5711300292854447,1.5711300292854447,1.579953099695317,1.579953099695317,0.0,0.0,0.0,0.0
1997-11-15,1.5748221863574907,1.5748221863574907,1.5840687111567957,1.5840687111567957,0.0,0.0,0.0,0.0
1997-11-16,1.557098208492561,1.557098208492561,1.5649320854358801,1.5649320854358801,0.0,0.0,0.0,0.0
1997-11-17,1.4153294470925182,1.4153294470925182,1.424495374839441,1.424495374839441,0.0,0.0,0.0,0.0
1997-11-18,1.4067848723386456,1.4067848723386456,1.4133960261646694,1.4133960261646694,0.0,0.0,0.0,0.0
1997-11-19,1.3979926114868837,1.3979926114868837,1.405176271558526,1.405176271558526,0.0,0.0,0.0,0.0
1997-11-20,1.4196371200720135,1.4196371200720135,1.4288842508285478,1.4288842508285478,0.0,0.0,0.0,0.0
1997-11-21,1.4201330333888456,1.4201330333888456,1.4293802810999212,1.4293802810999212,0.0,0.0,0.0,0.0
1997-11-22,1.4201343808767288,1.4201343808767288,1.429381744032396,1.429381744032396,0.0,0.0,0.0,0.0
1997-11-23,1.420135717770237,1.420135717770237,1.4293831953881486,1.4293831953881486,0.0,0.0,0.0,0.0
1997-11-24,1.5005669514379718,1.5005669514379718,1.5098145428925418,1.5098145428925418,0.0,0.0,0.0,0.0
1997-11-25,1.2087041223216999,1.2087041223216999,1.1919087368539723,1.1919087368539723,0.0,0.0,0.0,0.0
1997-11-26,1.1609192339395569,1.1609192339395569,1.1374481310238715,1.1374481310238715,0.0,0.0,0.0,0.0
1997-11-27,1.435002986216213,1.435002986216213,1.436725549641218,1.436725549641218,0.0,0.0,0.0,0.0
1997-11-28,1.500388196554703,1.500388196554703,1.5096172713525355,1.5096172713525355,0.0,0.0,0.0,0.0
1997-11-29,1.483021443307442,1.483021443307442,1.4897214866952169,1.4897214866952169,0.0,0.0,0.0,0.0
1997-11-30,1.5002135464367536,1.5002135464367536,1.509423525694198,1.509423525694198,0.0,0.0,0.0,0.0
1997-12-01,1.4227199172238496,1.4227199172238496,1.4318911621357129,1.4318911621357129,0.0,0.0,0.0,0.0
1997-12-02,1.422701597405408,1.422701597405408,1.4318669742343184,1.4318669742343184,0.0,0.0,0.0,0.0
1997-12-03,1.4226556369911658,1.4226556369911658,1.4318162243256092,1.4318162243256092,0.0,0.0,0.0,0.0
1997-12-04,1.3705282303103916,1.3705282303103916,1.3751232911971203,1.3751232911971203,0.0,0.0,0.0,0.0
1997-12-05,1.2528650591706658,1.2528650591706658,1.2456143618396205,1.2456143618396205,0.0,0.0,0.0,0.0
1997-12-06,0.8876094089994662,0.8876094089994662,0.8455910723314851,0.8455910723314851,0.0,0.0,0.0,0.0
1997-12-07,0.7300781481161785,0.7300781481161785,0.6712529539844775,0.6712529539844775,0.0,0.0,0.0,0.0
1997-12-08,1.2228621928998944,1.2228621928998944,1.2105700178458036,1.2105700178458036,0.0,0.0,0.0,0.0
1997-12-09,1.4179719344310295,1.4179719344310295,1.4261037203659992,1.4261037203659992,0.0,0.0,0.0,0.0
1997-12-10,1.4263252595808111,1.4263252595808111,1.4352446206404752,1.4352446206404752,0.0,0.0,0.0,0.0
1997-12-11,1.426522242766178,1.426522242766178,1.4354754964032674,1.4354754964032674,0.0,0.0,0.0,0.0
1997-12-12,1.4264199022985007,1.4264199022985007,1.4353644627308701,1.4353644627308701,0.0,0.0,0.0,0.0
1997-12-13,1.4263439212949833,1.4263439212949833,1.4352821891279153,1.4352821891279153,0.0,0.0,0.0,0.0
1997-12-14,1.398866973101131,1.398866973101131,1.4031177654341984,1.4031177654341984,0.0,0.0,0.0,0.0
1997-12-15,1.4268265341338124,1.4268265341338124,1.4353692252975907,1.4353692252975907,0.0,0.0,0.0,0.0
1997-12-16,1.4351211279237126,1.4351211279237126,1.4440462802095708,1.4440462802095708,0.0,0.0,0.0,0.0
1997-12-17,1.4350853878385241,1.4350853878385241,1.4440073884302773,1.4440073884302773,0.0,0.0,0.0,0.0
1997-12-18,1.4350567841157744,1.4350567841157744,1.4439762954975934,1.4439762954975934,0.0,0.0,0.0,0.0
1997-12-19,1.435030766120102,1.435030766120102,1.4439480049709235,1.4439480049709235,0.0,0.0,0.0,0.0
1997-12-20,1.4346913980311609,1.4346913980311609,1.4435970173657082,1.4435970173657082,0.0,0.0,0.0,0.0
1997-12-21,1.433298387095833,1.433298387095833,1.4420617564872635,1.4420617564872635,0.0,0.0,0.0,0.0
1997-12-22,1.4355001279053496,1.4355001279053496,1.444335720849968,1.444335720849968,0.0,0.0,0.0,0.0
1997-12-23,1.4366626446455293,1.4366626446455293,1.4455739176388194,1.4455739176388194,0.0,0.0,0.0,0.0
1997-12-24,1.4366528963632952,1.4366528963632952,1.4455634738728647,1.4455634738728647,0.0,0.0,0.0,0.0
1997-12-25,1.4366417137000382,1.4366417137000382,1.445551435102468,1.445551435102468,0.0,0.0,0.0,0.0
1997-12-26,1.4366295253509873,1.4366295253509873,1.4455382483627122,1.4455382483627122,0.0,0.0,0.0,0.0
1997-12-27,1.436619429722586,1.436619429722586,1.4455273475532522,1.4455273475532522,0.0,0.0,0.0,0.0
1997-12-28,1.436613957644878,1.436613957644878,1.4455215114869366,1.4455215114869366,0.0,0.0,0.0,0.0
1997-12-29,1.4234230897794344,1.4234230897794344,1.4323309477843416,1.4323309477843416,0.0,0.0,0.0,0.0
1997-12-30,1.4234301835904364,1.4234301835904364,1.4323389107035907,1.4323389107035907,0.0,0.0,0.0,0.0
1997-12-31,1.4234429706058491,1.4234429706058491,1.4323531305750734,1.4323531305750734,0.0,0.0,0.0,0.0
1998-01-01,1.3680189918630365,1.3680189918630365,1.3718634728000942,1.3718634728000942,0.0,0.0,0.0,0.0
1998-01-02,1.3054697188026574,1.3054697188026574,1.3032118067836138,1.3032118067836138,0.0,0.0,0.0,0.0
1998-01-03,1.2340830259393893,1.2340830259393893,1.2255535886475954,1.2255535886475954,0.0,0.0,0.0,0.0
1998-01-04,1.2516544926321904,1.2516544926321904,1.2444122097594605,1.2444122097594605,0.0,0.0,0.0,0.0
1998-01-05,1.368273326003721,1.368273326003721,1.3733190025708772,1.3733190025708772,0.0,0.0,5.833121007055879,5.833121007055879
1998-01-06,1.3756718528577396,1.3756718528577396,1.3814811390654353,1.3814811390654353,0.0,0.0,11.666241987979374,11.666241987979374
1998-01-07,1.3956835202741134,1.3956835202741134,1.4032914752229775,1.4032914752229775,0.0,0.0,23.33248392369398,23.33248392369398
1998-01-08,1.407774101638108,1.407774101638108,1.4167970706024908,1.4167970706024908,0.0,0.0,46.66496774285843,46.66496774285843
1998-01-09,1.2303758293982168,1.2303758293982168,1.2226087860168597,1.2226087860168597,0.0,0.0,93.32993527665779,93.32993527665779
1998-01-10,1.138889370677626,1.138889370677626,1.1218177990979032,1.1218177990979032,0.0,0.0,186.65987013519748,186.65987013519748
1998-01-11,0.8662575714257416,0.8662575714257416,0.824292671520571,0.824292671520571,0.0,0.0,97.73187475298813,97.73187475298813
1998-01-12,0.30324675037089166,0.30324675037089166,0.24807499408928504,0.24807499408928504,0.0,0.0,0.0,0.0
1998-01-13,0.8132504831731673,0.8132504831731673,0.804458540237395,0.804458540237395,0.0,0.0,0.0,0.0
1998-01-14,0.40272530727344646,0.40272530727344646,0.3592636074846593,0.3592636074846593,0.0,0.0,0.0,0.0
1998-01-15,0.10780992606010409,0.10780992606010409,0.009786199999999889,0.009786199999999889,0.0,0.0,0.0,0.0
1998-01-16,0.6586126080405237,0.6586126080405237,0.6336311924608304,0.6336311924608304,0.0,0.0,0.0,0.0
1998-01-17,0.9758184183290896,0.9758184183290896,0.9829178177962847,0.9829178177962847,0.0,0.0,0.0,0.0
1998-01-18,0.5538397781635711,0.5538397781635711,0.5224315513524895,0.5224315513524895,0.0,0.0,0.0,0.0
1998-01-19,1.097202329967692,1.097202329967692,1.0761256443689444,1.0761256443689444,0.0,0.0,0.0,0.0
1998-01-20,1.2886014178359675,1.2886014178359675,1.2850013493066546,1.2850013493066546,0.0,0.0,0.0,0.0
1998-01-21,1.2693810067604545,1.2693810067604545,1.2633291316859137,1.2633291316859137,0.0,0.0,0.0,0.0
1998-01-22,1.2608340338020505,1.2608340338020505,1.2535653404446023,1.2535653404446023,0.0,0.0,0.0,0.0
1998-01-23,1.258513361011667,1.258513361011667,1.250803239364976,1.250803239364976,0.0,0.0,0.0,0.0
1998-01-24,1.2601939026051907,1.2601939026051907,1.252531360839821,1.252531360839821,0.0,0.0,0.0,0.0
1998-01-25,1.2646001847708614,1.2646001847708614,1.2573290966060233,1.2573290966060233,0.0,0.0,0.0,0.0
1998-01-26,1.1999808476806684,1.1999808476806684,1.1931276700416968,1.1931276700416968,0.0,0.0,0.0,0.0
1998-01-27,1.207331789484564,1.207331789484564,1.201223256269945,1.201223256269945,0.0,0.0,0.0,0.0
1998-01-28,0.9456085859186516,0.9456085859186516,0.9166191866425424,0.9166191866425424,0.0,0.0,0.0,0.0
1998-01-29,0.9358568989091306,0.9358568989091306,0.9057036346459155,0.9057036346459155,0.0,0.0,0.0,0.0
1998-01-30,1.1087633006428952,1.1087633006428952,1.0932613947444807,1.0932613947444807,0.0,0.0,0.0,0.0
1998-01-31,1.1263946012352586,1.1263946012352586,1.111904256381966,1.111904256381966,0.0,0.0,0.0,0.0
1998-02-01,0.9136553085926044,0.9136553085926044,0.879582290626229,0.879582290626229,0.0,0.0,0.0,0.0
1998-02-02,4.535551970038206,4.535551970038207,13.004048013388065,13.004048013388065,0.0,0.0,0.0,0.0
1998-02-03,4.582607593758364,4.582607593758364,13.004048013388065,13.004048013388065,0.0,0.0,0.0,0.0
1998-02-04,4.494362858609894,4.494362858609894,13.004048013388065,13.004048013388065,0.0,0.0,0.0,0.0
1998-02-05,4.484564146841904,4.484564146841904,13.004048013388065,13.004048013388065,0.0,0.0,0.0,0.0
1998-02-06,4.527957175970702,4.527957175970702,13.004048013388065,13.004048013388065,0.0,0.0,0.0,0.0
1998-02-07,4.571756309458553,4.571756309458553,13.004048013388065,13.004048013388065,0.0,0.0,0.0,0.0
1998-02-08,4.590064138508804,4.590064138508804,13.004048013388065,13.004048013388065,0.0,0.0,0.0,0.0
1998-02-09,4.499721298136048,4.499721298136048,13.004048014686813,13.004048014686813,0.0,0.0,0.0,0.0
1998-02-10,4.494912063203132,4.494912063203132,13.004048014686813,13.004048014686813,0.0,0.0,0.0,0.0
1998-02-11,4.487547152507893,4.487547152507893,13.004048014686813,13.004048014686813,0.0,0.0,0.0,0.0
1998-02-12,4.484468391914998,4.484468391914998,13.004048014686813,13.004048014686813,0.0,0.0,0.0,0.0
1998-02-13,4.514932471982207,4.514932471982207,13.004048014686813,13.004048014686813,0.0,0.0,0.0,0.0
1998-02-14,4.524983278471209,4.524983278471209,13.004048014686813,13.004048014686813,0.0,0.0,0.0,0.0
1998-02-15,4.494483295870782,4.494483295870782,13.004048014686813,13.004048014686813,0.0,0.0,0.0,0.0
1998-02-16,4.489200762453375,4.489200762453375,13.004048016046173,13.004048016046173,0.0,0.0,0.0,0.0
1998-02-17,4.486064488930538,4.486064488930538,13.004048016046173,13.004048016046173,0.0,0.0,0.0,0.0
1998-02-18,4.483237497694731,4.483237497694731,13.004048016046173,13.004048016046173,0.0,0.0,0.0,0.0
1998-02-19,4.5101479420454345,4.5101479420454345,13.004048016046173,13.004048016046173,0.0,0.0,0.0,0.0
1998-02-20,4.498890088002851,4.498890088002851,13.004048016046173,13.004048016046173,0.0,0.0,0.0,0.0
1998-02-21,4.516065278286725,4.516065278286725,13.004048016046173,13.004048016046173,0.0,0.0,0.0,0.0
1998-02-22,4.509165815659579,4.509165815659579,13.004048016046173,13.004048016046173,0.0,0.0,0.0,0.0
1998-02-23,4.501842098708157,4.501842098708157,13.004048017472071,13.004048017472071,0.0,0.0,0.0,0.0
1998-02-24,4.492195623263875,4.492195623263875,13.004048017472071,13.004048017472071,0.0,0.0,0.0,0.0
1998-02-25,4.482824959709212,4.482824959709212,13.004048017472071,13.004048017472071,0.0,0.0,0.0,0.0
1998-02-26,4.481962138285409,4.481962138285409,13.004048017472071,13.004048017472071,0.0,0.0,0.0,0.0
1998-02-27,4.480792328309312,4.480792328309312,13.004048017472071,13.004048017472071,0.0,0.0,0.0,0.0
1998-02-28,4.476525421621605,4.476525421621605,13.004048017472071,13.004048017472071,0.0,0.0,0.0,0.0
1998-03-01,4.46133269208384,4.46133269208384,13.004048017472071,13.004048017472071,0.0,0.0,0.0,0.0
1998-03-02,4.454910556835975,4.454910556835975,13.00404801897136,13.00404801897136,0.0,0.0,0.0,0.0
1998-03-03,4.448849670972439,4.448849670972439,13.00404801897136,13.00404801897136,0.0,0.0,0.0,0.0
1998-03-04,4.443502416711169,4.443502416711169,13.00404801897136,13.00404801897136,0.0,0.0,0.0,0.0
1998-03-05,4.448360235585776,4.448360235585776,13.00404801897136,13.00404801897136,0.0,0.0,0.0,0.0
1998-03-06,4.444362629166566,4.444362629166566,13.00404801897136,13.00404801897136,0.0,0.0,0.0,0.0
1998-03-07,4.435685291902363,4.435685291902363,13.00404801897136,13.00404801897136,0.0,0.0,0.0,0.0
1998-03-08,4.43337036085464,4.43337036085464,13.00404801897136,13.00404801897136,0.0,0.0,0.0,0.0
1998-03-09,4.431228027370561,4.431228027370561,13.004048020552007,13.004048020552007,0.0,0.0,0.0,0.0
1998-03-10,4.428910262858895,4.428910262858895,13.004048020552007,13.004048020552007,0.0,0.0,0.0,0.0
1998-03-11,4.42633202976385,4.42633202976385,13.004048020552005,13.004048020552005,0.0,0.0,0.0,0.0
1998-03-12,4.423748406305851,4.423748406305851,13.004048020552007,13.004048020552007,0.0,0.0,0.0,0.0
1998-03-13,4.423626216051369,4.423626216051369,13.004048020552005,13.004048020552005,0.0,0.0,0.0,0.0
1998-03-14,4.420951469799611,4.420951469799611,13.004048020552005,13.004048020552005,0.0,0.0,0.0,0.0
1998-03-15,4.4186924412038895,4.4186924412038895,13.004048020552005,13.004048020552005,0.0,0.0,0.0,0.0
1998-03-16,4.416995850434108,4.416995850434108,13.004048022223344,13.004048022223344,0.0,0.0,0.0,0.0
1998-03-17,4.415079654876303,4.415079654876303,13.004048022223346,13.004048022223346,0.0,0.0,0.0,0.0
1998-03-18,4.413434552312385,4.413434552312385,13.004048022223344,13.004048022223344,0.0,0.0,0.0,0.0
1998-03-19,4.411864975404295,4.411864975404295,13.004048022223346,13.004048022223346,0.0,0.0,0.0,0.0
1998-03-20,4.410335918496613,4.410335918496613,13.004048022223346,13.004048022223346,0.0,0.0,0.0,0.0
1998-03-21,4.40888525110836,4.40888525110836,13.004048022223346,13.004048022223346,0.0,0.0,0.0,0.0
1998-03-22,4.407687249619772,4.407687249619772,13.004048022223346,13.004048022223346,0.0,0.0,0.0,0.0
1998-03-23,4.419664078117868,4.419664078117868,13.004048023996422,13.004048023996422,0.0,0.0,0.0,0.0
1998-03-24,4.487107105272578,4.487107105272578,13.004048023996422,13.004048023996422,0.0,0.0,0.0,0.0
1998-03-25,4.481535890617904,4.481535890617904,13.004048023996422,13.004048023996422,0.0,0.0,0.0,0.0
1998-03-26,4.440529714421349,4.440529714421349,13.004048023996422,13.004048023996422,0.0,0.0,0.0,0.0
1998-03-27,4.45200775433162,4.45200775433162,13.004048023996418,13.004048023996418,0.0,0.0,0.0,0.0
1998-03-28,4.456323765325435,4.456323765325435,13.004048023996422,13.004048023996422,0.0,0.0,0.0,0.0
1998-03-29,4.450840139099595,4.450840139099595,13.004048023996422,13.004048023996422,0.0,0.0,0.0,0.0
1998-03-30,4.4509948442162495,4.4509948442162495,13.004048025884414,13.004048025884414,0.0,0.0,0.0,0.0
1998-03-31,4.451879641180538,4.451879641180538,13.004048025884412,13.004048025884412,0.0,0.0,0.0,0.0
1998-04-01,4.45009974905038,4.45009974905038,13.004048025884414,13.004048025884414,0.0,0.0,0.0,0.0
1998-04-02,4.457398438594498,4.457398438594498,13.004048025884412,13.004048025884412,0.0,0.0,0.0,0.0
1998-04-03,4.459800404935378,4.459800404935378,13.004048025884414,13.004048025884414,0.0,0.0,0.0,0.0
1998-04-04,4.45901474606224,4.45901474606224,13.004048025884414,13.004048025884414,0.0,0.0,0.0,0.0
1998-04-05,4.458065587716938,4.458065587716938,13.004048025884412,13.004048025884412,0.0,0.0,0.0,0.0
1998-04-06,4.464312090933639,4.464312090933639,13.004048027903266,13.004048027903268,0.0,0.0,0.04196921803853634,0.04196921803853634
1998-04-07,4.458648411924655,4.458648411924655,13.004048027903268,13.004048027903268,0.0,0.0,0.08393843588905059,0.08393843588905059
1998-04-08,4.452755461647185,4.452755461647185,13.004048027903268,13.004048027903268,0.0,0.0,0.16787687140205698,0.16787687140205698
1998-04-09,4.449751266098741,4.449751266098741,13.004048027903268,13.004048027903268,0.0,0.0,0.33575374205202557,0.33575374205202557
1998-04-10,4.448769907416127,4.448769907416127,13.004048027903268,13.004048027903268,0.0,0.0,0.6715074825998744,0.6715074825998744
1998-04-11,4.447866824527195,4.447866824527195,13.004048027903268,13.004048027903268,0.0,0.0,1.3430149621913952,1.3430149621913952
1998-04-12,4.448653365048329,4.448653365048329,9.320840228599383,9.320840228599383,0.0,0.0,2.6860299183660827,2.6860299183660827
1998-04-13,2.8228423398962423,2.8228423398962423,2.77614966135302,2.77614966135302,0.0,0.0,0.7517812980444794,0.7517812980444794
1998-04-14,2.7788417839388195,2.7788417839388195,2.73723381905796,2.73723381905796,0.0,0.0,1.5035625927209784,1.5035625927209784
1998-04-15,2.758163862889245,2.758163862889245,2.72059200830572,2.72059200830572,0.0,0.0,3.007125178705996,3.007125178705996
1998-04-16,2.6853072404929814,2.6853072404929814,2.64964131744162,2.64964131744162,0.0,0.0,6.014250343940072,6.014250343940072
1998-04-17,2.631503682902447,2.631503682902447,2.5989258451645,2.5989258451645,0.0,0.0,12.028500660936302,12.028500660936302
1998-04-18,3.0737233827430894,3.0737233827430894,3.0446613276404,3.0446613276404,0.0,0.0,24.05700126798492,24.05700126798492
1998-04-19,4.406300198353734,4.406300198353734,4.3809757943999,4.3809757943999,0.0,0.0,48.11400242819446,48.11400242819446
1998-04-20,4.425959655669363,4.425959655669363,6.36598957339162,6.36598957339162,0.0,0.0,0.0,0.0
1998-04-21,4.422166385908277,4.422166385908277,12.033277946808438,12.033277946808438,0.0,0.0,0.0,0.0
1998-04-22,4.419984166563179,4.419984166563179,11.27397303172056,11.27397303172056,0.0,0.0,0.0,0.0
1998-04-23,4.416210195107461,4.416210195107461,8.96845785606692,8.96845785606692,0.0,0.0,0.0,0.0
1998-04-24,4.416354755984408,4.416354755984408,5.12802234659064,5.12802234659064,0.0,0.0,0.0,0.0
1998-04-25,4.412925956137706,4.412925956137706,4.8393264320402,4.8393264320402,0.0,0.0,0.0,0.0
1998-04-26,4.411105310189147,4.411105310189147,5.77391829100854,5.77391829100854,0.0,0.0,0.0,0.0
1998-04-27,4.409169233885976,4.409169233885976,8.69038925404894,8.69038925404894,0.0,0.0,4.746815989367132,4.746815989367132
1998-04-28,4.407219448877362,4.407219448877362,12.53398492360682,12.53398492360682,0.0,0.0,9.493631957468528,9.493631957468528
1998-04-29,4.405381154155395,4.405381154155395,14.384657219194073,14.384657219194073,0.0,0.0,18.987263872405585,18.987263872405585
1998-04-30,4.403662517568315,4.403662517568315,14.384657219194073,14.384657219194073,0.0,0.0,37.974527659748226,37.974527659748226
1998-05-01,4.4043704234906444,4.4043704234906444,14.361375745560172,14.361375745560172,0.0,0.0,75.94905514937055,75.94905514937055
1998-05-02,4.403384674135868,4.403384674135868,14.384657219194073,14.384657219194073,0.0,0.0,85.23813685257387,85.23813685257387
1998-05-03,4.412747475318642,4.412747475318642,14.384657219194073,14.384657219194073,0.0,0.0,8.168365278,8.168365278
1998-05-04,4.413798495592903,4.413798495592903,14.488331492385372,14.488331492385372,0.0,0.0,0.0,0.0
1998-05-05,4.407809089830083,4.407809089830083,14.488331492385372,14.488331492385372,0.0,0.0,0.0,0.0
1998-05-06,4.403706254427979,4.403706254427979,11.170701560734704,11.170701560734704,0.0,0.0,0.0,0.0
1998-05-07,4.4047704836213555,4.4047704836213555,9.84591280404914,9.84591280404914,0.0,0.0,0.0,0.0
1998-05-08,4.405034595669971,4.405034595669971,13.09277011817942,13.09277011817942,0.0,0.0,0.0,0.0
1998-05-09,4.404423847611227,4.404423847611227,10.02132635163736,10.02132635163736,0.0,0.0,0.0,0.0
1998-05-10,4.403919986914716,4.403919986914716,8.55873290742398,8.55873290742398,0.0,0.0,0.0,0.0
1998-05-11,4.413482230649072,4.413482230649072,9.011541755493539,9.011541755493539,0.0,0.0,4.746815989367132,4.746815989367132
1998-05-12,4.412438822469333,4.412438822469333,8.788242410706461,8.788242410706461,0.0,0.0,9.493631957468528,9.493631957468528
1998-05-13,4.405780769142185,4.405780769142185,8.23517329132828,8.23517329132828,0.0,0.0,18.987263872405585,18.987263872405585
1998-05-14,4.405141796651987,4.405141796651987,8.143678271525859,8.143678271525859,0.0,0.0,20.63923507675875,20.63923507675875
1998-05-15,4.4080524037981,4.4080524037981,8.24028347734992,8.24028347734992,0.0,0.0,4.047270200000001,4.047270200000001
1998-05-16,4.405633850321906,4.405633850321906,8.656349298705981,8.656349298705981,0.0,0.0,4.49102878,4.49102878
1998-05-17,4.40621606488811,4.40621606488811,7.85564825959408,7.85564825959408,0.0,0.0,3.88145695,3.88145695
1998-05-18,4.405352789221959,4.405352789221959,8.34503242556944,8.34503242556944,0.0,0.0,3.977173298,3.977173298
1998-05-19,4.404406923679249,4.404406923679249,9.40952955390628,9.40952955390628,0.0,0.0,4.711407122,4.711407122
1998-05-20,4.403281223798984,4.403281223798984,10.21937565564764,10.21937565564764,0.0,0.0,5.348690546,5.348690546
1998-05-21,4.402261534568988,4.402261534568988,8.62222055634722,8.62222055634722,0.0,0.0,4.29618666,4.29618666
1998-05-22,4.401355317018783,4.401355317018783,9.57693253962274,9.57693253962274,0.0,0.0,4.434118994,4.434118994
1998-05-23,4.400435771395343,4.400435771395343,11.55762288420522,11.55762288420522,0.0,0.0,5.226754944,5.226754944
1998-05-24,4.401392662264312,4.401392662264312,12.82016931655236,12.82016931655236,0.0,0.0,5.32598116,5.32598116
1998-05-25,4.399060565812439,4.399060565812439,16.278851788341406,16.278851788341406,0.0,0.0,4.746815989367132,4.746815989367132
1998-05-26,4.398916267882728,4.398916267882728,11.096468988288153,11.096468988288153,0.0,0.0,7.035073928632867,7.035073928632867
1998-05-27,4.399184981296883,4.399184981296883,9.40235260346084,9.40235260346084,0.0,0.0,4.725928732,4.725928732
1998-05-28,4.407694551950021,4.407694551950021,11.12454941670764,11.12454941670764,0.0,0.0,5.744559384,5.744559384
1998-05-29,4.40118156391395,4.40118156391395,9.910633605969881,9.910633605969881,0.0,0.0,5.103556592,5.103556592
1998-05-30,4.398371880330325,4.398371880330325,9.49918470943644,9.49918470943644,0.0,0.0,4.682745598,4.682745598
1998-05-31,4.398028499323265,4.398028499323265,12.76159948178314,12.76159948178314,0.0,0.0,5.665981978,5.665981978
1998-06-01,4.397791783990202,4.397791783990202,17.031703390647355,17.031703390647355,0.0,0.0,4.746815989367132,4.746815989367132
1998-06-02,4.397283637136108,4.397283637136108,17.031703390647355,17.031703390647355,0.0,0.0,4.746815989367131,4.746815989367131
1998-06-03,4.396918970983275,4.396918970983275,17.031703390647355,17.031703390647355,0.0,0.0,4.746815989367132,4.746815989367132
1998-06-04,4.396686444160506,4.396686444160506,17.031703390647355,17.031703390647355,0.0,0.0,4.746815989367132,4.746815989367132
1998-06-05,4.3964584345645825,4.3964584345645825,17.031703390647355,17.031703390647355,0.0,0.0,4.746815989367132,4.746815989367132
1998-06-06,4.403747965568393,4.403747965568393,17.031703390647355,17.031703390647355,0.0,0.0,4.7468159893671285,4.7468159893671285
1998-06-07,4.39987717062032,4.39987717062032,17.031703390647355,17.031703390647355,0.0,0.0,4.746815989367132,4.746815989367132
1998-06-08,4.396098790346855,4.396098790346855,17.03170339767517,17.03170339767517,0.0,0.0,4.746815989367136,4.746815989367136
1998-06-09,4.397692431925117,4.397692431925117,17.03170339767517,17.03170339767517,0.0,0.0,4.7468159893671285,4.7468159893671285
1998-06-10,4.3974033863569755,4.3974033863569755,17.03170339767517,17.03170339767517,0.0,0.0,4.7468159893671285,4.7468159893671285
1998-06-11,4.396463443068657,4.396463443068657,17.031703397675166,17.031703397675166,0.0,0.0,4.746815989367136,4.746815989367136
1998-06-12,4.396512595487895,4.396512595487895,17.03170339767517,17.03170339767517,0.0,0.0,0.7810559982504373,0.7810559982504373
1998-06-13,4.396306927898985,4.396306927898985,17.031703397675177,17.031703397675177,0.0,0.0,4.746815989367136,4.746815989367136
1998-06-14,4.396073881190578,4.396073881190578,17.031703397675177,17.031703397675177,0.0,0.0,0.7810559982504373,0.7810559982504373
1998-06-15,4.395877587247608,4.395877587247608,17.031703406289903,17.031703406289903,0.0,0.0,4.746815989367136,4.746815989367136
1998-06-16,4.395681169202558,4.395681169202558,17.031703406289907,17.031703406289907,0.0,0.0,0.7810559982504373,0.7810559982504373
1998-06-17,4.395553156929513,4.395553156929513,17.031703406289914,17.031703406289914,0.0,0.0,0.0,0.0
1998-06-18,4.395497615671,4.395497615671,17.03170340628992,17.03170340628992,0.0,0.0,4.746815989367136,4.746815989367136
1998-06-19,4.3954840084850595,4.3954840084850595,17.03170340628992,17.03170340628992,0.0,0.0,0.7810559982504373,0.7810559982504373
1998-06-20,4.395474212228429,4.395474212228429,17.03170340628992,17.03170340628992,0.0,0.0,0.7810559982504373,0.7810559982504373
1998-06-21,4.395464675565347,4.395464675565347,17.031703406289928,17.031703406289928,0.0,0.0,0.781055998250423,0.781055998250423
1998-06-22,4.395455521286545,4.395455521286545,17.03170341741729,17.03170341741729,0.0,0.0,0.781055998250423,0.781055998250423
1998-06-23,4.395446533984337,4.395446533984337,17.03170341741729,17.03170341741729,0.0,0.0,0.781055998250423,0.781055998250423
1998-06-24,4.395437741774983,4.395437741774983,17.03170341741727,17.031703417417283,0.0,0.0,0.781055998250423,0.7810559982504345
1998-06-25,4.3954287602484365,4.3954287602484365,17.031703417417283,17.031703417417283,0.0,0.0,0.7810559982504345,0.7810559982504345
1998-06-26,4.3954197805825475,4.3954197805825475,17.031703417417283,17.031703417417283,0.0,0.0,0.7810559982504345,0.7810559982504345
1998-06-27,4.395410628627979,4.395410628627979,17.031703417417283,17.031703417417283,0.0,0.0,4.746815989367132,4.746815989367132
1998-06-28,4.39540048149125,4.39540048149125,17.031703417417283,17.031703417417283,0.0,0.0,0.7810559982504345,0.7810559982504345
1998-06-29,4.395389399789804,4.395389399789804,17.031703433126523,17.031703433126523,0.0,0.0,0.7810559982504345,0.7810559982504345
1998-06-30,4.395378040148594,4.395378040148594,17.031703433126523,17.031703433126523,0.0,0.0,0.7810559982504345,0.7810559982504345
1998-07-01,4.395530986623389,4.395530986623389,17.031703433126523,17.031703433126523,0.0,0.0,4.746815989367132,4.746815989367132
1998-07-02,4.395517159623822,4.395517159623822,17.031703433126523,17.031703433126523,0.0,0.0,0.7810559982504345,0.7810559982504345
1998-07-03,4.395503594855476,4.395503594855476,17.031703433126523,17.031703433126523,0.0,0.0,0.7810559982504345,0.7810559982504345
1998-07-04,4.395490434467925,4.395490434467925,17.031703433126523,17.031703433126523,0.0,0.0,4.746815989367132,4.746815989367132
1998-07-05,4.3954769890751155,4.3954769890751155,17.031703433126523,17.031703433126523,0.0,0.0,0.7810559982504345,0.7810559982504345
1998-07-06,4.395462870513536,4.395462870513536,17.031703459832247,17.031703459832247,0.0,0.0,4.746815989367132,4.746815989367132
1998-07-07,4.395447864004993,4.395447864004993,17.031703459832247,17.031703459832247,0.0,0.0,0.7810559982504345,0.7810559982504345
1998-07-08,4.395432347974861,4.395432347974861,17.031703459832247,17.031703459832247,0.0,0.0,4.746815989367132,4.746815989367132
1998-07-09,4.395417051502758,4.395417051502758,17.031703459832247,17.031703459832247,0.0,0.0,0.7810559982504345,0.7810559982504345
1998-07-10,4.39540163212844,4.39540163212844,17.031703459832247,17.031703459832247,0.0,0.0,4.746815989367132,4.746815989367132
1998-07-11,4.395386709841162,4.395386709841162,17.031703459832247,17.031703459832247,0.0,0.0,4.746815989367132,4.746815989367132
1998-07-12,4.395372112914199,4.395372112914199,17.031703459832247,17.031703459832247,0.0,0.0,0.7810559982504345,0.7810559982504345
1998-07-13,4.395356607997566,4.395356607997566,17.031703548851297,17.031703548851297,0.0,0.0,0.7810559982504345,0.7810559982504345
1998-07-14,4.395340533852178,4.395340533852178,17.031703548851297,17.031703548851297,0.0,0.0,0.7810559982504345,0.7810559982504345
1998-07-15,4.395324898929537,4.395324898929537,17.031703548851297,17.031703548851297,0.0,0.0,0.0,0.0
1998-07-16,4.3953096501995,4.3953096501995,17.031703548851297,17.031703548851297,0.0,0.0,4.746815989367132,4.746815989367132
1998-07-17,4.395294581312593,4.395294581312593,17.031703548851297,17.031703548851297,0.0,0.0,0.7810559982504345,0.7810559982504345
1998-07-18,4.39528005148175,4.39528005148175,17.031703548851297,17.031703548851297,0.0,0.0,0.7810559982504345,0.7810559982504345
1998-07-19,4.395265691346593,4.395265691346593,17.031703548851297,17.031703548851297,0.0,0.0,4.746815989367132,4.746815989367132
1998-07-20,4.395251641337973,4.395251641337973,4.404412790134115,4.404412790134115,0.0,0.0,0.7810559982504345,0.7810559982504345
1998-07-21,4.395238325012274,4.395238325012274,4.404412790134115,4.404412790134115,0.0,0.0,0.7810559982504345,0.7810559982504345
1998-07-22,4.3952260945989075,4.3952260945989075,4.404412790134115,4.404412790134115,0.0,0.0,0.7810559982504345,0.7810559982504345
1998-07-23,4.39521519591782,4.39521519591782,4.404412790134115,4.404412790134115,0.0,0.0,0.7810559982504345,0.7810559982504345
1998-07-24,4.3952046812741425,4.3952046812741425,4.404412790134115,4.404412790134115,0.0,0.0,0.7810559982504345,0.7810559982504345
1998-07-25,4.395194080721516,4.395194080721516,4.404412790134115,4.404412790134115,0.0,0.0,0.7810559982504345,0.7810559982504345
1998-07-26,4.395183645631786,4.395183645631786,4.404412790134115,4.404412790134115,0.0,0.0,0.7810559982504345,0.7810559982504345
1998-07-27,4.395173067160664,4.395173067160664,4.404412790134115,4.404412790134115,0.0,0.0,4.746815989367132,4.746815989367132
1998-07-28,4.395162707993449,4.395162707993449,4.404412790134115,4.404412790134115,0.0,0.0,0.7810559982504345,0.7810559982504345
1998-07-29,4.3951527422332015,4.3951527422332015,4.404412790134115,4.404412790134115,0.0,0.0,0.0,0.0
1998-07-30,4.395143671665322,4.395143671665322,4.404412790134115,4.404412790134115,0.0,0.0,0.7810559982504345,0.7810559982504345
1998-07-31,4.3951358472350295,4.3951358472350295,4.404412790134115,4.404412790134115,0.0,0.0,4.746815989367132,4.746815989367132
1998-08-01,4.395438752846365,4.395438752846365,4.404412790134115,4.404412790134115,0.0,0.0,0.7810559982504345,0.7810559982504345
1998-08-02,4.395428088784397,4.395428088784397,4.404412790134115,4.404412790134115,0.0,0.0,0.7810559982504345,0.7810559982504345
1998-08-03,4.395417321182365,4.395417321182365,4.404412790134115,4.404412790134115,0.0,0.0,0.7810559982504345,0.7810559982504345
1998-08-04,4.395407444608104,4.395407444608104,4.404412790134115,4.404412790134115,0.0,0.0,0.7810559982504345,0.7810559982504345
1998-08-05,4.395398741805627,4.395398741805627,4.404412790134115,4.404412790134115,0.0,0.0,0.7810559982504345,0.7810559982504345
1998-08-06,4.395390827049008,4.395390827049008,4.404412790134115,4.404412790134115,0.0,0.0,0.7810559982504345,0.7810559982504345
1998-08-07,4.395383198999902,4.395383198999902,4.404412790134115,4.404412790134115,0.0,0.0,0.7810559982504345,0.7810559982504345
1998-08-08,4.395375860060235,4.395375860060235,4.404412790134115,4.404412790134115,0.0,0.0,0.7810559982504345,0.7810559982504345
1998-08-09,4.395369286319882,4.395369286319882,4.404412790134115,4.404412790134115,0.0,0.0,0.7810559982504345,0.7810559982504345
1998-08-10,4.3953634913061554,4.3953634913061554,4.404412790134115,4.404412790134115,0.0,0.0,0.7810559982504345,0.7810559982504345
1998-08-11,4.395358392823546,4.395358392823546,4.404412790134115,4.404412790134115,0.0,0.0,0.7810559982504345,0.7810559982504345
1998-08-12,4.39535397512782,4.39535397512782,4.404412790134115,4.404412790134115,0.0,0.0,0.0,0.0
1998-08-13,4.395350119790719,4.395350119790719,4.404412790134115,4.404412790134115,0.0,0.0,4.746815989367132,4.746815989367132
1998-08-14,4.264253076899807,4.264253076899807,4.27331907141226,4.27331907141226,0.0,0.0,0.7810559982504345,0.7810559982504345
1998-08-15,4.029026274332033,4.029026274332033,4.03809513713938,4.03809513713938,0.0,0.0,0.7810559982504345,0.7810559982504345
1998-08-16,3.5981230322619786,3.5981230322619786,3.60719448522338,3.60719448522338,0.0,0.0,0.7810559982504345,0.7810559982504345
1998-08-17,2.9874533922470414,2.9874533922470414,2.99652725563802,2.99652725563802,0.0,0.0,0.7810559982504345,0.7810559982504345
1998-08-18,2.452179008970396,2.452179008970396,2.46125500031974,2.46125500031974,0.0,0.0,0.7810559982504345,0.7810559982504345
1998-08-19,2.265100553640485,2.265100553640485,2.2741782916812,2.2741782916812,0.0,0.0,0.7810559982504345,0.7810559982504345
1998-08-20,2.19168609853404,2.19168609853404,2.2007653014408644,2.2007653014408644,0.0,0.0,0.7810559982504345,0.7810559982504345
1998-08-21,2.1917025098872127,2.1917025098872127,2.2007830266522026,2.2007830266522026,0.0,0.0,0.7810559982504345,0.7810559982504345
1998-08-22,2.1917172709135118,2.1917172709135118,2.2007989873133527,2.2007989873133527,0.0,0.0,0.7810559982504345,0.7810559982504345
1998-08-23,2.1917307989244437,2.1917307989244437,2.20081367289089,2.20081367289089,0.0,0.0,0.7810559982504345,0.7810559982504345
1998-08-24,2.1518614660231528,2.1518614660231528,2.1609454844584803,2.1609454844584803,0.0,0.0,0.7810559982504345,0.7810559982504345
1998-08-25,2.151873920336494,2.151873920336494,2.160959050742544,2.160959050742544,0.0,0.0,0.7810559982504345,0.7810559982504345
1998-08-26,2.1518848161157678,2.1518848161157678,2.1609709725561705,2.1609709725561705,0.0,0.0,0.0,0.0
1998-08-27,2.1518929145321994,2.1518929145321994,2.1609797809056053,2.1609797809056053,0.0,0.0,4.746815989367132,4.746815989367132
1998-08-28,2.1518993323066904,2.1518993323066904,2.160986668090977,2.160986668090977,0.0,0.0,0.7810559982504345,0.7810559982504345
1998-08-29,2.1519056922627615,2.1519056922627615,2.1609935264315867,2.1609935264315867,0.0,0.0,0.7810559982504345,0.7810559982504345
1998-08-30,2.151912317829324,2.151912317829324,2.1610006728686293,2.1610006728686293,0.0,0.0,0.7810559982504345,0.7810559982504345
1998-08-31,2.1918011172825294,2.1918011172825294,2.2008899951928766,2.2008899951928766,0.0,0.0,0.7810559982504345,0.7810559982504345
1998-09-01,2.1923415754402082,2.1923415754402082,2.20147640417902,2.20147640417902,0.0,0.0,0.7810559982504345,0.7810559982504345
1998-09-02,2.192347289057985,2.192347289057985,2.2014826014781423,2.2014826014781423,0.0,0.0,0.7810559982504345,0.7810559982504345
1998-09-03,2.192279363877505,2.192279363877505,2.201381501953983,2.201381501953983,0.0,0.0,0.7810559982504345,0.7810559982504345
1998-09-04,2.1907290025600044,2.1907290025600044,2.199815763471161,2.199815763471161,0.0,0.0,0.7810559982504345,0.7810559982504345
1998-09-05,2.160056800923996,2.160056800923996,2.164434026107484,2.164434026107484,0.0,0.0,0.7810559982504345,0.7810559982504345
1998-09-06,2.1874889122179364,2.1874889122179364,2.1964803711316017,2.1964803711316017,0.0,0.0,0.7810559982504345,0.7810559982504345
1998-09-07,2.1891415315913663,2.1891415315913663,2.1976791051470546,2.1976791051470546,0.0,0.0,0.7810559982504345,0.7810559982504345
1998-09-08,2.176977474175471,2.176977474175471,2.185855344008951,2.185855344008951,0.0,0.0,0.7810559982504345,0.7810559982504345
1998-09-09,2.1819727209627025,2.1819727209627025,2.1894192565860227,2.1894192565860227,0.0,0.0,0.0,0.0
1998-09-10,2.1923751925509545,2.1923751925509545,2.2015120716841956,2.2015120716841956,0.0,0.0,0.7810559982504345,0.7810559982504345
1998-09-11,2.192377892494224,2.192377892494224,2.201514919926903,2.201514919926903,0.0,0.0,0.7810559982504345,0.7810559982504345
1998-09-12,2.192380560582681,2.192380560582681,2.2015177363030736,2.2015177363030736,0.0,0.0,0.7810559982504345,0.7810559982504345
1998-09-13,2.1923831350547665,2.1923831350547665,2.201520459007179,2.201520459007179,0.0,0.0,0.7810559982504345,0.7810559982504345
1998-09-14,2.1465457337398175,2.1465457337398175,2.1556832059125255,2.1556832059125255,0.0,0.0,0.7810559982504345,0.7810559982504345
1998-09-15,2.146548416546679,2.146548416546679,2.155686036883989,2.155686036883989,0.0,0.0,0.7810559982504345,0.7810559982504345
1998-09-16,2.1465509202709727,2.1465509202709727,2.1556886887611597,2.1556886887611597,0.0,0.0,0.7810559982504345,0.7810559982504345
1998-09-17,2.1465531732605463,2.1465531732605463,2.1556910898479167,2.1556910898479167,0.0,0.0,4.746815989367132,4.746815989367132
1998-09-18,2.146555335972506,2.146555335972506,2.1556934006570603,2.1556934006570603,0.0,0.0,0.7810559982504345,0.7810559982504345
1998-09-19,2.14655743905676,2.14655743905676,2.1556956517710795,2.1556956517710795,0.0,0.0,0.7810559982504345,0.7810559982504345
1998-09-20,2.146559524381663,2.146559524381663,2.1556978851140234,2.1556978851140234,0.0,0.0,0.7810559982504345,0.7810559982504345
1998-09-21,2.0980483417765456,2.0980483417765456,2.1071868504712534,2.1071868504712534,0.0,0.0,0.7810559982504345,0.7810559982504345
1998-09-22,2.0980502624449384,2.0980502624449384,2.1071889190345754,2.1071889190345754,0.0,0.0,0.7810559982504345,0.7810559982504345
1998-09-23,2.0980520002247984,2.0980520002247984,2.1071908047650583,2.1071908047650583,0.0,0.0,0.0,0.0
1998-09-24,2.098053716860101,2.098053716860101,2.1071926692395966,2.1071926692395966,0.0,0.0,4.746815989367132,4.746815989367132
1998-09-25,2.094658161958869,2.094658161958869,2.10349965023479,2.10349965023479,0.0,0.0,0.7810559982504345,0.7810559982504345
1998-09-26,2.0980571487017614,2.0980571487017614,2.1071963967245546,2.1071963967245546,0.0,0.0,0.7810559982504345,0.7810559982504345
1998-09-27,2.0947435324207486,2.0947435324207486,2.1034931593030106,2.1034931593030106,0.0,0.0,0.7810559982504345,0.7810559982504345
1998-09-28,2.1265727397902845,2.1265727397902845,2.1357122833215385,2.1357122833215385,0.0,0.0,0.7810559982504345,0.7810559982504345
1998-09-29,2.1265744545376313,2.1265744545376313,2.135714145817253,2.135714145817253,0.0,0.0,0.7810559982504345,0.7810559982504345
1998-09-30,2.1265761688942724,2.1265761688942724,2.135716007810876,2.135716007810876,0.0,0.0,4.746815989367132,4.746815989367132
1998-10-01,2.128104717947512,2.128104717947512,2.1373748541857642,2.1373748541857642,0.0,0.0,0.7810559982504345,0.7810559982504345
1998-10-02,2.1281060861669276,2.1281060861669276,2.1373763402888195,2.1373763402888195,0.0,0.0,0.7810559982504345,0.7810559982504345
1998-10-03,2.1281074542728824,2.1281074542728824,2.1373778262339376,2.1373778262339376,0.0,0.0,0.7810559982504345,0.7810559982504345
1998-10-04,2.128108822189009,2.128108822189009,2.1373793119892275,2.1373793119892275,0.0,0.0,4.746815989367132,4.746815989367132
1998-10-05,2.074064658459889,2.074064658459889,2.083335266045431,2.083335266045431,0.0,0.0,0.7810559982504345,0.7810559982504345
1998-10-06,2.074066025461787,2.074066025461787,2.0833367508232885,2.0833367508232885,0.0,0.0,0.7810559982504345,0.7810559982504345
1998-10-07,2.0740673923371324,2.0740673923371324,2.0833382354301175,2.0833382354301175,0.0,0.0,0.0,0.0
1998-10-08,2.0740687590248315,2.0740687590248315,2.0833397198493,2.0833397198493,0.0,0.0,0.7810559982504345,0.7810559982504345
1998-10-09,2.0740701251255915,2.0740701251255915,2.0833412036277035,2.0833412036277035,0.0,0.0,0.7810559982504345,0.7810559982504345
1998-10-10,2.0740714909536098,2.0740714909536098,2.083342687124002,2.083342687124002,0.0,0.0,0.7810559982504345,0.7810559982504345
1998-10-11,2.074072856526342,2.074072856526342,2.083344170320538,2.083344170320538,0.0,0.0,0.7810559982504345,0.7810559982504345
1998-10-12,2.117906404938177,2.117906404938177,2.1271778363117,2.1271778363117,0.0,0.0,0.7810559982504345,0.7810559982504345
1998-10-13,2.1179077699937916,2.1179077699937916,2.1271793189817547,2.1271793189817547,0.0,0.0,0.7810559982504345,0.7810559982504345
1998-10-14,2.1179091343839174,2.1179091343839174,2.1271808008880044,2.1271808008880044,0.0,0.0,4.746815989367132,4.746815989367132
1998-10-15,2.117910498728222,2.117910498728222,2.127182282748433,2.127182282748433,0.0,0.0,0.7810559982504345,0.7810559982504345
1998-10-16,2.1179118629285196,2.1179118629285196,2.127183764464854,2.127183764464854,0.0,0.0,0.7810559982504345,0.7810559982504345
1998-10-17,2.1179132266618836,2.1179132266618836,2.127185245660502,2.127185245660502,0.0,0.0,0.7810559982504345,0.7810559982504345
1998-10-18,2.117914589910859,2.117914589910859,2.1271867263623983,2.1271867263623983,0.0,0.0,0.7810559982504345,0.7810559982504345
1998-10-19,2.0119527740919336,2.0119527740919336,2.0212250279519166,2.0212250279519166,0.0,0.0,4.746815989367132,4.746815989367132
1998-10-20,2.011954137120534,2.011954137120534,2.0212265083889607,2.0212265083889607,0.0,0.0,0.7810559982504345,0.7810559982504345
1998-10-21,2.0119554995643765,2.0119554995643765,2.0212279881874076,2.0212279881874076,0.0,0.0,0.0,0.0
1998-10-22,2.011956861855484,2.011956861855484,2.0212294678331193,2.0212294678331193,0.0,0.0,0.7810559982504345,0.7810559982504345
1998-10-23,2.011958223710205,2.011958223710205,2.0212309469886045,2.0212309469886045,0.0,0.0,0.7810559982504345,0.7810559982504345
1998-10-24,1.982717240722631,1.982717240722631,1.9893520211813385,1.9893520211813385,0.0,0.0,0.7810559982504345,0.7810559982504345
1998-10-25,2.0119609462108574,2.0119609462108574,2.0212339039831053,2.0212339039831053,0.0,0.0,0.7810559982504345,0.7810559982504345
1998-10-26,1.7557780759709727,1.7557780759709727,1.7650511509901448,1.7650511509901448,0.0,0.0,0.7810559982504345,0.7810559982504345
1998-10-27,1.7557794365754469,1.7557794365754469,1.7650526287877035,1.7650526287877035,0.0,0.0,0.7810559982504345,0.7810559982504345
1998-10-28,1.7557807970468233,1.7557807970468233,1.7650541064521643,1.7650541064521643,0.0,0.0,0.7810559982504345,0.7810559982504345
1998-10-29,1.7557821570098098,1.7557821570098098,1.765055583554395,1.765055583554395,0.0,0.0,4.746815989367132,4.746815989367132
1998-10-30,1.7557835168724276,1.7557835168724276,1.7650570605562577,1.7650570605562577,0.0,0.0,0.7810559982504345,0.7810559982504345
1998-10-31,1.7557848761524695,1.7557848761524695,1.765058536921704,1.765058536921704,0.0,0.0,0.7810559982504345,0.7810559982504345
1998-11-01,1.7553457063868307,1.7553457063868307,1.7645819356616004,1.7645819356616004,0.0,0.0,1.562111993001738,1.562111993001738
1998-11-02,1.4076686806991814,1.4076686806991814,1.4169050356389687,1.4169050356389687,0.0,0.0,0.0,0.0
1998-11-03,1.4076701383882362,1.4076701383882362,1.4169066188774713,1.4169066188774713,0.0,0.0,0.0,0.0
1998-11-04,1.4076715963161563,1.4076715963161563,1.416908202364889,1.416908202364889,0.0,0.0,0.0,0.0
1998-11-05,1.4076730534853281,1.4076730534853281,1.4169097850734589,1.4169097850734589,0.0,0.0,0.0,0.0
1998-11-06,1.3745328403180592,1.3745328403180592,1.3802399856914311,1.3802399856914311,0.0,0.0,0.0,0.0
1998-11-07,1.3792344500639768,1.3792344500639768,1.3844398681677559,1.3844398681677559,0.0,0.0,0.0,0.0
1998-11-08,1.3612234989993854,1.3612234989993854,1.3650789877938931,1.3650789877938931,0.0,0.0,0.0,0.0
1998-11-09,1.559128194664368,1.559128194664368,1.566841079847062,1.566841079847062,0.0,0.0,4.746815989367132,4.746815989367132
1998-11-10,1.5330189384902975,1.5330189384902975,1.5385841968480534,1.5385841968480534,0.0,0.0,9.493631957468528,9.493631957468528
1998-11-11,1.5583046516083783,1.5583046516083783,1.5657858628562376,1.5657858628562376,0.0,0.0,18.987263872405585,18.987263872405585
1998-11-12,1.5754345076791483,1.5754345076791483,1.5846616570873107,1.5846616570873107,0.0,0.0,37.974527659748226,37.974527659748226
1998-11-13,1.5757786623882053,1.5757786623882053,1.5850163505585118,1.5850163505585118,0.0,0.0,75.94905514937055,75.94905514937055
1998-11-14,1.5757799413381632,1.5757799413381632,1.585017729637496,1.585017729637496,0.0,0.0,151.89810995848933,151.89810995848933
1998-11-15,1.575781202595702,1.575781202595702,1.5850190888005904,1.5850190888005904,0.0,0.0,266.6082245264378,266.6082245264378
1998-11-16,1.4043159246436572,1.4043159246436572,1.4118868808637732,1.4118868808637732,0.0,0.0,0.0,0.0
1998-11-17,1.420030562253947,1.420030562253947,1.4292686403958323,1.4292686403958323,0.0,0.0,0.0,0.0
1998-11-18,1.4195806792110683,1.4195806792110683,1.428763283817362,1.428763283817362,0.0,0.0,0.0,0.0
1998-11-19,1.4200329926888242,1.4200329926888242,1.4292712527482718,1.4292712527482718,0.0,0.0,0.0,0.0
1998-11-20,1.4200341906985996,1.4200341906985996,1.429272539043639,1.429272539043639,0.0,0.0,0.0,0.0
1998-11-21,1.4154451158352483,1.4154451158352483,1.4238377247332832,1.4238377247332832,0.0,0.0,0.0,0.0
1998-11-22,1.3769731495174233,1.3769731495174233,1.3827689580454778,1.3827689580454778,0.0,0.0,0.0,0.0
1998-11-23,1.415141234476188,1.415141234476188,1.4169427807542854,1.4169427807542854,0.0,0.0,0.0,0.0
1998-11-24,1.4863485161312593,1.4863485161312593,1.4943723152908235,1.4943723152908235,0.0,0.0,0.0,0.0
1998-11-25,1.5004676219989532,1.5004676219989532,1.5097061906710632,1.5097061906710632,0.0,0.0,0.0,0.0
1998-11-26,1.5004664653690643,1.5004664653690643,1.509704917151955,1.509704917151955,0.0,0.0,0.0,0.0
1998-11-27,1.4961044473367462,1.4961044473367462,1.504960964298388,1.504960964298388,0.0,0.0,0.0,0.0
1998-11-28,1.5004634040443052,1.5004634040443052,1.5097015526840196,1.5097015526840196,0.0,0.0,0.0,0.0
1998-11-29,1.3407652728664237,1.3407652728664237,1.3357115443796417,1.3357115443796417,0.0,0.0,0.0,0.0
1998-11-30,1.0029567267411221,1.0029567267411221,0.9739970715656913,0.9739970715656913,0.0,0.0,0.0,0.0
1998-12-01,1.2117198896314778,1.2117198896314778,1.2005519446383712,1.2005519446383712,0.0,0.0,0.0,0.0
1998-12-02,1.4226850370086095,1.4226850370086095,1.4318546975791162,1.4318546975791162,0.0,0.0,0.0,0.0
1998-12-03,1.1950178122851705,1.1950178122851705,1.183024907106272,1.183024907106272,0.0,0.0,0.0,0.0
1998-12-04,1.3273893257183855,1.3273893257183855,1.3271536720738297,1.3271536720738297,0.0,0.0,0.0,0.0
1998-12-05,1.3683748061813032,1.3683748061813032,1.3712399427529751,1.3712399427529751,0.0,0.0,0.0,0.0
1998-12-06,1.363718516990436,1.363718516990436,1.3679391012259239,1.3679391012259239,0.0,0.0,0.0,0.0
1998-12-07,1.406929791823552,1.406929791823552,1.414272967089153,1.414272967089153,0.0,0.0,0.0,0.0
1998-12-08,1.417325976531141,1.417325976531141,1.4244807428362807,1.4244807428362807,0.0,0.0,0.0,0.0
1998-12-09,1.4226607755623037,1.4226607755623037,1.4303375297001286,1.4303375297001286,0.0,0.0,0.0,0.0
1998-12-10,1.4275103698990417,1.4275103698990417,1.4365622584264497,1.4365622584264497,0.0,0.0,0.0,0.0
1998-12-11,1.427450381913492,1.427450381913492,1.4364964888615435,1.4364964888615435,0.0,0.0,0.0,0.0
1998-12-12,1.4274038584249544,1.4274038584249544,1.4364455747319453,1.4364455747319453,0.0,0.0,0.0,0.0
1998-12-13,1.3540760820079498,1.3540760820079498,1.3560491586492922,1.3560491586492922,0.0,0.0,0.0,0.0
1998-12-14,1.4193877276140443,1.4193877276140443,1.426384774831178,1.426384774831178,0.0,0.0,0.0,0.0
1998-12-15,1.4339920605073138,1.4339920605073138,1.442762101906892,1.442762101906892,0.0,0.0,0.0,0.0
1998-12-16,1.4357692969794944,1.4357692969794944,1.4447381850321193,1.4447381850321193,0.0,0.0,0.0,0.0
1998-12-17,1.436174194330257,1.436174194330257,1.4452000188278764,1.4452000188278764,0.0,0.0,0.0,0.0
1998-12-18,1.436159294214946,1.436159294214946,1.445183830839903,1.445183830839903,0.0,0.0,0.0,0.0
1998-12-19,1.4308222790318623,1.4308222790318623,1.4394457803826228,1.4394457803826228,0.0,0.0,0.0,0.0
1998-12-20,1.4020721093537696,1.4020721093537696,1.4089627343459543,1.4089627343459543,0.0,0.0,0.0,0.0
1998-12-21,1.4365313648149018,1.4365313648149018,1.4455484224039499,1.4455484224039499,0.0,0.0,0.0,0.0
1998-12-22,1.4239441018414978,1.4239441018414978,1.4319056175091944,1.4319056175091944,0.0,0.0,0.0,0.0
1998-12-23,1.427020413769287,1.427020413769287,1.4350112135471775,1.4350112135471775,0.0,0.0,0.0,0.0
1998-12-24,1.4348471545058956,1.4348471545058956,1.4438007591357847,1.4438007591357847,0.0,0.0,0.0,0.0
1998-12-25,1.4317907760344497,1.4317907760344497,1.4392493861775466,1.4392493861775466,0.0,0.0,0.0,0.0
1998-12-26,1.4376815448637705,1.4376815448637705,1.4466897739936624,1.4466897739936624,0.0,0.0,0.0,0.0
1998-12-27,1.43766591062381,1.43766591062381,1.4466728528772526,1.4466728528772526,0.0,0.0,0.0,0.0
1998-12-28,1.437652617950141,1.437652617950141,1.4466584843414352,1.4466584843414352,0.0,0.0,0.0,0.0
1998-12-29,1.4376440443962597,1.4376440443962597,1.4466493143236776,1.4466493143236776,0.0,0.0,0.0,0.0
1998-12-30,1.4376389871864155,1.4376389871864155,1.4466440039856956,1.4466440039856956,0.0,0.0,0.0,0.0
1998-12-31,1.4376347292743148,1.4376347292743148,1.4466395371020602,1.4466395371020602,0.0,0.0,0.0,0.0
1999-01-01,1.4403382723776181,1.4403382723776181,1.4495825036806251,1.4495825036806251,0.0,0.0,0.0,0.0
1999-01-02,1.440335581562029,1.440335581562029,1.4495797025979642,1.4495797025979642,0.0,0.0,0.0,0.0
1999-01-03,1.4403358700404354,1.4403358700404354,1.4495801991130648,1.4495801991130648,0.0,0.0,0.0,0.0
1999-01-04,1.4271456006136891,1.4271456006136891,1.4363903105324414,1.4363903105324414,0.0,0.0,0.0,0.0
1999-01-05,1.427148472454307,1.427148472454307,1.4363936522113812,1.4363936522113812,0.0,0.0,0.0,0.0
1999-01-06,1.4271519499571133,1.4271519499571133,1.4363976394036282,1.4363976394036282,0.0,0.0,0.0,0.0
1999-01-07,1.4271545862883108,1.4271545862883108,1.436400674782437,1.436400674782437,0.0,0.0,0.0,0.0
1999-01-08,1.4271566457465994,1.4271566457465994,1.436403057118745,1.436403057118745,0.0,0.0,0.0,0.0
1999-01-09,1.4271591780661876,1.4271591780661876,1.4364059578990669,1.4364059578990669,0.0,0.0,0.0,0.0
1999-01-10,1.4271621517780118,1.4271621517780118,1.4364093474895516,1.4364093474895516,0.0,0.0,0.0,0.0
1999-01-11,1.4126975114944291,1.4126975114944291,1.4219452622154263,1.4219452622154263,0.0,0.0,0.0,0.0
1999-01-12,1.4127042747490242,1.4127042747490242,1.4219528522691458,1.4219528522691458,0.0,0.0,0.0,0.0
1999-01-13,1.4127101939501718,1.4127101939501718,1.4219594962709068,1.4219594962709068,0.0,0.0,0.0,0.0
1999-01-14,1.3976324390044477,1.3976324390044477,1.4054855393306018,1.4054855393306018,0.0,0.0,0.0,0.0
1999-01-15,1.384399434414921,1.384399434414921,1.3909314043816208,1.3909314043816208,0.0,0.0,0.0,0.0
1999-01-16,1.4033532941518,1.4033532941518,1.4114531641305053,1.4114531641305053,0.0,0.0,0.0,0.0
1999-01-17,1.407752450353573,1.407752450353573,1.4167072865392165,1.4167072865392165,0.0,0.0,0.0,0.0
1999-01-18,0.4406538015760131,0.4406538015760131,0.3933774972885151,0.3933774972885151,0.0,0.0,0.0,0.0
1999-01-19,0.18170505191863484,0.18170505191863484,0.009786200000000028,0.009786200000000028,0.0,0.0,0.0,0.0
1999-01-20,0.36655586654010086,0.36655586654010086,0.3115824041667163,0.3115824041667163,0.0,0.0,0.0,0.0
1999-01-21,0.9133368992491524,0.9133368992491524,0.9125335683606958,0.9125335683606958,0.0,0.0,0.0,0.0
1999-01-22,0.9922350658070448,0.9922350658070448,1.0004633904871085,1.0004633904871085,0.0,0.0,0.0,0.0
1999-01-23,0.9260214274157652,0.9260214274157652,0.927277263590286,0.927277263590286,0.0,0.0,0.0,0.0
1999-01-24,0.7102134215525748,0.7102134215525748,0.6908021837020402,0.6908021837020402,0.0,0.0,0.0,0.0
1999-01-25,1.136072912280157,1.136072912280157,1.118718505235658,1.118718505235658,0.0,0.0,0.0,0.0
1999-01-26,1.3550361393231538,1.3550361393231538,1.358619115323342,1.358619115323342,0.0,0.0,0.0,0.0
1999-01-27,1.4043998383892096,1.4043998383892096,1.412873987471572,1.412873987471572,0.0,0.0,0.0,0.0
1999-01-28,1.4116069885396445,1.4116069885396445,1.4205171460083894,1.4205171460083894,0.0,0.0,0.0,0.0
1999-01-29,1.411698272975892,1.411698272975892,1.4206064675460035,1.4206064675460035,0.0,0.0,0.0,0.0
1999-01-30,1.393362201366174,1.393362201366174,1.401404202082019,1.401404202082019,0.0,0.0,0.0,0.0
1999-01-31,1.2629941734654093,1.2629941734654093,1.257751376525368,1.257751376525368,0.0,0.0,0.0,0.0
1999-02-01,4.401485617592915,4.401485617592915,9.906367546151142,9.906367546151142,0.0,0.0,0.0,0.0
1999-02-02,4.396761557435719,4.396761557435719,9.906367546151143,9.906367546151143,0.0,0.0,0.0,0.0
1999-02-03,4.395411393011745,4.395411393011745,9.906367546151143,9.906367546151143,0.0,0.0,0.0,0.0
1999-02-04,4.395416229998977,4.395416229998977,9.906367546151142,9.906367546151142,0.0,0.0,0.0,0.0
1999-02-05,4.395419690006823,4.395419690006823,9.906367546151142,9.906367546151142,0.0,0.0,0.0,0.0
1999-02-06,4.403141939916143,4.403141939916143,9.906367546151142,9.906367546151142,0.0,0.0,0.0,0.0
1999-02-07,4.441012709389516,4.441012709389516,9.906367546151142,9.906367546151142,0.0,0.0,0.0,0.0
1999-02-08,4.473499426639988,4.473499426639988,9.906367547134256,9.906367547134256,0.0,0.0,0.0,0.0
1999-02-09,4.445522716144902,4.445522716144902,9.906367547134256,9.906367547134256,0.0,0.0,0.0,0.0
1999-02-10,4.412096886206262,4.412096886206262,9.906367547134256,9.906367547134256,0.0,0.0,0.0,0.0
1999-02-11,4.4088562551889705,4.4088562551889705,9.906367547134256,9.906367547134256,0.0,0.0,0.0,0.0
1999-02-12,4.411306932340174,4.411306932340174,9.906367547134256,9.906367547134256,0.0,0.0,0.0,0.0
1999-02-13,4.409771396214454,4.409771396214454,9.906367547134256,9.906367547134256,0.0,0.0,0.0,0.0
1999-02-14,4.410142146282545,4.410142146282545,9.906367547134256,9.906367547134256,0.0,0.0,0.0,0.0
1999-02-15,4.410096810573001,4.410096810573001,9.90636754816294,9.90636754816294,0.0,0.0,0.0,0.0
1999-02-16,4.4323560652644876,4.4323560652644876,9.906367548162942,9.906367548162942,0.0,0.0,0.0,0.0
1999-02-17,4.426913910086019,4.426913910086019,9.90636754816294,9.90636754816294,0.0,0.0,0.0,0.0
1999-02-18,4.429894449825295,4.429894449825295,9.90636754816294,9.90636754816294,0.0,0.0,0.0,0.0
1999-02-19,4.42789300581213,4.42789300581213,9.90636754816294,9.90636754816294,0.0,0.0,0.0,0.0
1999-02-20,4.429993863983484,4.429993863983484,9.90636754816294,9.90636754816294,0.0,0.0,0.0,0.0
1999-02-21,4.439681656700612,4.439681656700612,9.90636754816294,9.90636754816294,0.0,0.0,0.0,0.0
1999-02-22,4.433399481472716,4.433399481472716,9.906367549241637,9.906367549241637,0.0,0.0,0.0,0.0
1999-02-23,4.430434325093598,4.430434325093598,9.906367549241637,9.906367549241637,0.0,0.0,0.0,0.0
1999-02-24,4.434359644174901,4.434359644174901,9.906367549241637,9.906367549241637,0.0,0.0,0.0,0.0
1999-02-25,4.43011782925768,4.43011782925768,9.906367549241637,9.906367549241637,0.0,0.0,0.0,0.0
1999-02-26,4.429028674934743,4.429028674934743,9.906367549241637,9.906367549241637,0.0,0.0,0.0,0.0
1999-02-27,4.42747878536328,4.42747878536328,9.906367549241637,9.906367549241637,0.0,0.0,0.0,0.0
1999-02-28,4.425683742066703,4.425683742066703,9.906367549241637,9.906367549241637,0.0,0.0,0.0,0.0
1999-03-01,4.420386771606229,4.420386771606229,9.906367550375446,9.906367550375446,0.0,0.0,0.0,0.0
1999-03-02,4.42123889523439,4.42123889523439,9.906367550375442,9.906367550375442,0.0,0.0,0.0,0.0
1999-03-03,4.418015816148116,4.418015816148116,9.906367550375446,9.906367550375446,0.0,0.0,0.0,0.0
1999-03-04,4.416653914096151,4.416653914096151,9.906367550375446,9.906367550375446,0.0,0.0,0.0,0.0
1999-03-05,4.414935945801476,4.414935945801476,9.906367550375446,9.906367550375446,0.0,0.0,0.0,0.0
1999-03-06,4.413790340011488,4.413790340011488,9.906367550375442,9.906367550375442,0.0,0.0,0.0,0.0
1999-03-07,4.412704950276986,4.412704950276986,9.906367550375446,9.906367550375446,0.0,0.0,0.0,0.0
1999-03-08,4.421299921197914,4.421299921197914,9.906367551570307,9.906367551570307,0.0,0.0,0.0,0.0
1999-03-09,4.416813012862725,4.416813012862725,9.906367551570305,9.906367551570305,0.0,0.0,0.0,0.0
1999-03-10,4.4116996184904576,4.4116996184904576,9.906367551570307,9.906367551570307,0.0,0.0,0.0,0.0
1999-03-11,4.4115735555174656,4.4115735555174656,9.906367551570307,9.906367551570307,0.0,0.0,0.0,0.0
1999-03-12,4.411325719385884,4.411325719385884,9.906367551570305,9.906367551570305,0.0,0.0,0.0,0.0
1999-03-13,4.410798569626381,4.410798569626381,9.906367551570307,9.906367551570307,0.0,0.0,0.0,0.0
1999-03-14,4.410005983727618,4.410005983727618,9.906367551570307,9.906367551570307,0.0,0.0,0.0,0.0
1999-03-15,4.4091652503474945,4.4091652503474945,9.906367552833165,9.906367552833165,0.0,0.0,0.0,0.0
1999-03-16,4.4084127631260746,4.4084127631260746,9.906367552833164,9.906367552833164,0.0,0.0,0.0,0.0
1999-03-17,4.407775961127081,4.407775961127081,9.906367552833164,9.906367552833164,0.0,0.0,0.0,0.0
1999-03-18,4.407103564186999,4.407103564186999,9.906367552833165,9.906367552833165,0.0,0.0,0.0,0.0
1999-03-19,4.408770532693979,4.408770532693979,9.906367552833165,9.906367552833165,0.0,0.0,0.0,0.0
1999-03-20,4.405606611296413,4.405606611296413,9.906367552833165,9.906367552833165,0.0,0.0,0.0,0.0
1999-03-21,4.408215650801866,4.408215650801866,9.906367552833165,9.906367552833165,0.0,0.0,0.0,0.0
1999-03-22,4.407838821682958,4.407838821682958,9.906367554172235,9.906367554172235,0.0,0.0,0.0,0.0
1999-03-23,4.404414115068894,4.404414115068894,9.906367554172235,9.906367554172235,0.0,0.0,0.0,0.0
1999-03-24,4.404284914320593,4.404284914320593,9.906367554172235,9.906367554172235,0.0,0.0,0.0,0.0
1999-03-25,4.4037688480693875,4.4037688480693875,9.906367554172236,9.906367554172236,0.0,0.0,0.0,0.0
1999-03-26,4.403264395701571,4.403264395701571,9.906367554172235,9.906367554172235,0.0,0.0,0.0,0.0
1999-03-27,4.4026780296126,4.4026780296126,9.906367554172235,9.906367554172235,0.0,0.0,0.0,0.0
1999-03-28,4.402132577662794,4.402132577662794,9.906367554172235,9.906367554172235,0.0,0.0,0.0,0.0
1999-03-29,4.401628188770002,4.401628188770002,9.906367555597296,9.906367555597296,0.0,0.0,0.0,0.0
1999-03-30,4.404990779080162,4.404990779080162,9.906367555597296,9.906367555597296,0.0,0.0,0.0,0.0
1999-03-31,4.406151541033166,4.406151541033166,9.906367555597296,9.906367555597296,0.0,0.0,0.0,0.0
1999-04-01,4.402780260287817,4.402780260287817,9.906367555597296,9.906367555597296,0.0,0.0,0.0,0.0
1999-04-02,4.4010218378000605,4.4010218378000605,9.906367555597296,9.906367555597296,0.0,0.0,0.0,0.0
1999-04-03,4.400924228097425,4.400924228097425,9.906367555597296,9.906367555597296,0.0,0.0,0.0,0.0
1999-04-04,4.40105560176493,4.40105560176493,9.906367555597296,9.906367555597296,0.0,0.0,0.0,0.0
1999-04-05,4.4117254540226165,4.4117254540226165,9.906367557120156,9.906367557120157,0.0,0.0,4.746815989367132,4.746815989367132
1999-04-06,4.413258385896024,4.413258385896024,9.906367557120157,9.906367557120157,0.0,0.0,9.493631957468528,9.493631957468528
1999-04-07,4.420268870123901,4.420268870123901,9.906367557120157,9.906367557120157,0.0,0.0,18.987263872405585,18.987263872405585
1999-04-08,4.435039173611149,4.435039173611149,9.906367557120157,9.906367557120157,0.0,0.0,37.974527659748226,37.974527659748226
1999-04-09,4.42396654581962,4.42396654581962,9.906367557120157,9.906367557120157,0.0,0.0,75.94905514937055,75.94905514937055
1999-04-10,4.4226672235498,4.4226672235498,9.906367557120157,9.906367557120157,0.0,0.0,117.71179310363993,117.71179310363993
1999-04-11,4.420625365114495,4.420625365114495,9.906367557120157,9.906367557120157,0.0,0.0,1.237077562,1.237077562
1999-04-12,4.420624453513908,4.420624453513908,9.90636755875523,9.90636755875523,0.0,0.0,0.0,0.0
1999-04-13,4.4197647587200235,4.4197647587200235,9.90636755875523,9.90636755875523,0.0,0.0,0.0,0.0
1999-04-14,4.418033001130819,4.418033001130819,9.90636755875523,9.90636755875523,0.0,0.0,0.0,0.0
1999-04-15,4.415871887013682,4.415871887013682,9.90636755875523,9.90636755875523,0.0,0.0,0.0,0.0
1999-04-16,4.413506405811935,4.413506405811935,9.90636755875523,9.90636755875523,0.0,0.0,0.0,0.0
1999-04-17,4.411124430081258,4.411124430081258,9.90636755875523,9.90636755875523,0.0,0.0,0.0,0.0
1999-04-18,4.408895208981969,4.408895208981969,9.90636755875523,9.90636755875523,0.0,0.0,0.0,0.0
1999-04-19,4.4068742190840435,4.4068742190840435,9.906367560520364,9.906367560520364,0.0,0.0,0.0,0.0
1999-04-20,4.405094527815088,4.405094527815088,9.906367560520364,9.906367560520364,0.0,0.0,0.0,0.0
1999-04-21,4.403634431991409,4.403634431991409,9.906367560520364,9.906367560520364,0.0,0.0,0.0,0.0
1999-04-22,4.402480025355347,4.402480025355347,9.906367560520364,9.906367560520364,0.0,0.0,0.0,0.0
1999-04-23,4.401497999529935,4.401497999529935,9.906367560520364,9.906367560520364,0.0,0.0,0.0,0.0
1999-04-24,4.400596712377884,4.400596712377884,9.906367560520364,9.906367560520364,0.0,0.0,0.0,0.0
1999-04-25,4.399738871621459,4.399738871621459,9.906367560520364,9.906367560520364,0.0,0.0,0.0,0.0
1999-04-26,4.398979577900042,4.398979577900042,9.906367562438048,9.906367562438048,0.0,0.0,0.0,0.0
1999-04-27,4.398331607214471,4.398331607214471,9.906367562438048,9.906367562438048,0.0,0.0,0.0,0.0
1999-04-28,4.397832296410911,4.397832296410911,9.906367562438048,9.906367562438048,0.0,0.0,0.0,0.0
1999-04-29,4.397491289258486,4.397491289258486,9.906367562438048,9.906367562438048,0.0,0.0,0.0,0.0
1999-04-30,4.397173446097904,4.397173446097904,9.906367562438048,9.906367562438048,0.0,0.0,0.0,0.0
1999-05-01,4.396764686409862,4.396764686409862,9.906367562438048,9.906367562438048,0.0,0.0,0.0,0.0
1999-05-02,4.404578383084726,4.404578383084726,9.906367562438048,9.906367562438048,0.0,0.0,0.0,0.0
1999-05-03,4.401401420289796,4.401401420289796,9.906367564537124,9.906367564537124,0.0,0.0,0.0,0.0
1999-05-04,4.396167797925457,4.396167797925457,9.906367564537124,9.906367564537124,0.0,0.0,0.0,0.0
1999-05-05,4.396070401248154,4.396070401248154,9.906367564537124,9.906367564537124,0.0,0.0,0.0,0.0
1999-05-06,4.395883201549765,4.395883201549765,9.906367564537124,9.906367564537124,0.0,0.0,0.0,0.0
1999-05-07,4.395694825829522,4.395694825829522,9.906367564537124,9.906367564537124,0.0,0.0,0.0,0.0
1999-05-08,4.395557960562487,4.395557960562487,9.906367564537124,9.906367564537124,0.0,0.0,0.0,0.0
1999-05-09,4.395476085258858,4.395476085258858,9.906367564537124,9.906367564537124,0.0,0.0,0.0,0.0
1999-05-10,4.395432099770321,4.395432099770321,9.906367566855513,9.906367566855513,0.0,0.0,0.0,0.0
1999-05-11,4.395416512932238,4.395416512932238,9.906367566855513,9.906367566855513,0.0,0.0,0.0,0.0
1999-05-12,4.39540969158276,4.39540969158276,9.906367566855513,9.906367566855513,0.0,0.0,0.0,0.0
1999-05-13,4.3954023371854785,4.3954023371854785,9.906367566855513,9.906367566855513,0.0,0.0,0.0,0.0
1999-05-14,4.395395655094325,4.395395655094325,9.906367566855513,9.906367566855513,0.0,0.0,0.0,0.0
1999-05-15,4.395390039517436,4.395390039517436,9.906367566855513,9.906367566855513,0.0,0.0,0.0,0.0
1999-05-16,4.3953845532179985,4.3953845532179985,9.906367566855513,9.906367566855513,0.0,0.0,0.0,0.0
1999-05-17,4.395378258575432,4.395378258575432,9.906367569444377,9.906367569444377,0.0,0.0,0.0,0.0
1999-05-18,4.395370656072201,4.395370656072201,9.906367569444377,9.906367569444377,0.0,0.0,0.0,0.0
1999-05-19,4.395362545288732,4.395362545288732,9.906367569444377,9.906367569444377,0.0,0.0,0.0,0.0
1999-05-20,4.395354629398304,4.395354629398304,9.906367569444377,9.906367569444377,0.0,0.0,0.0,0.0
1999-05-21,4.395347168956066,4.395347168956066,9.906367569444377,9.906367569444377,0.0,0.0,0.0,0.0
1999-05-22,4.395339496691388,4.395339496691388,9.906367569444377,9.906367569444377,0.0,0.0,0.0,0.0
1999-05-23,4.39532989641165,4.39532989641165,9.906367569444377,9.906367569444377,0.0,0.0,0.0,0.0
1999-05-24,4.395438921192482,4.395438921192482,9.906367572375162,9.906367572375162,0.0,0.0,0.6065762313740493,0.6065762313740652
1999-05-25,4.395311739578763,4.395311739578763,9.906367572375162,9.906367572375162,0.0,0.0,1.213152460030637,1.213152460030669
1999-05-26,4.395302945074977,4.395302945074977,9.906367572375162,9.906367572375162,0.0,0.0,2.4263049146263507,2.4263049146264146
1999-05-27,4.395292231638638,4.395292231638638,9.906367572375162,9.906367572375162,0.0,0.0,4.852609818382855,4.852609818382983
1999-05-28,4.395281003229381,4.395281003229381,9.906367572375162,9.906367572375162,0.0,0.0,9.705219615026017,9.705219615026273
1999-05-29,4.395269623513814,4.395269623513814,9.906367572375162,9.906367572375162,0.0,0.0,19.41043918657265,19.41043918657316
1999-05-30,4.3952596792065,4.3952596792065,9.906367572375162,9.906367572375162,0.0,0.0,38.820878286186534,38.82087828618755
1999-05-31,4.3952509330283975,4.3952509330283975,9.906367575751943,9.906367575751943,0.0,0.0,0.0,0.0
1999-06-01,4.395933092239166,4.395933092239166,9.906367575751943,9.906367575751943,0.0,0.0,0.7810559982504345,0.7810559982504345
1999-06-02,4.397032116544595,4.397032116544595,9.906367575751943,9.906367575751943,0.0,0.0,0.7810559982504345,0.7810559982504345
1999-06-03,4.395738428969284,4.395738428969284,9.906367575751943,9.906367575751943,0.0,0.0,0.0,0.0
1999-06-04,4.395292578492721,4.395292578492721,9.906367575751943,9.906367575751943,0.0,0.0,0.7810559982504345,0.7810559982504345
1999-06-05,4.395287259433389,4.395287259433389,9.906367575751943,9.906367575751943,0.0,0.0,0.7810559982504345,0.7810559982504345
1999-06-06,4.3952793459594846,4.3952793459594846,9.906367575751943,9.906367575751943,0.0,0.0,0.7810559982504345,0.7810559982504345
1999-06-07,4.395269674757491,4.395269674757491,9.906367579734814,9.906367579734814,0.0,0.0,0.7810559982504345,0.7810559982504345
1999-06-08,4.395259595630035,4.395259595630035,9.906367579734814,9.906367579734814,0.0,0.0,0.7810559982504345,0.7810559982504345
1999-06-09,4.395249654613575,4.395249654613575,9.906367579734814,9.906367579734814,0.0,0.0,0.7810559982504345,0.7810559982504345
1999-06-10,4.395239645965686,4.395239645965686,9.906367579734814,9.906367579734814,0.0,0.0,0.7810559982504345,0.7810559982504345
1999-06-11,4.395228903613658,4.395228903613658,9.906367579734814,9.906367579734814,0.0,0.0,0.7810559982504345,0.7810559982504345
1999-06-12,4.395217472192643,4.395217472192643,9.906367579734814,9.906367579734814,0.0,0.0,0.7810559982504345,0.7810559982504345
1999-06-13,4.395205616754332,4.395205616754332,9.906367579734814,9.906367579734814,0.0,0.0,0.7810559982504345,0.7810559982504345
1999-06-14,4.395193707817339,4.395193707817339,9.906367584588937,9.906367584588937,0.0,0.0,0.7810559982504345,0.7810559982504345
1999-06-15,4.395181827476057,4.395181827476057,9.906367584588937,9.906367584588937,0.0,0.0,0.7810559982504345,0.7810559982504345
1999-06-16,4.395170747570178,4.395170747570178,9.906367584588937,9.906367584588937,0.0,0.0,0.7810559982504345,0.7810559982504345
1999-06-17,4.3951607369504995,4.3951607369504995,9.906367584588937,9.906367584588937,0.0,0.0,0.0,0.0
1999-06-18,4.395150433539134,4.395150433539134,9.906367584588937,9.906367584588937,0.0,0.0,0.7810559982504345,0.7810559982504345
1999-06-19,4.395139877903822,4.395139877903822,9.906367584588937,9.906367584588937,0.0,0.0,0.7810559982504345,0.7810559982504345
1999-06-20,4.3951295390177085,4.3951295390177085,9.906367584588937,9.906367584588937,0.0,0.0,0.7810559982504345,0.7810559982504345
1999-06-21,4.395119353607306,4.395119353607306,8.219787864205713,8.219787864205713,0.0,0.0,0.7810559982504345,0.7810559982504345
1999-06-22,4.3951095784339005,4.3951095784339005,8.219787864205713,8.219787864205713,0.0,0.0,0.7810559982504345,0.7810559982504345
1999-06-23,4.395100163688373,4.395100163688373,8.219787864205713,8.219787864205713,0.0,0.0,0.7810559982504345,0.7810559982504345
1999-06-24,4.395090787834092,4.395090787834092,8.219787864205713,8.219787864205713,0.0,0.0,0.7810559982504345,0.7810559982504345
1999-06-25,4.395081842134737,4.395081842134737,8.219787864205713,8.219787864205713,0.0,0.0,0.7810559982504345,0.7810559982504345
1999-06-26,4.395073711321051,4.395073711321051,8.219787864205713,8.219787864205713,0.0,0.0,0.7810559982504345,0.7810559982504345
1999-06-27,4.395066174493866,4.395066174493866,8.219787864205713,8.219787864205713,0.0,0.0,0.7810559982504345,0.7810559982504345
1999-06-28,4.395058687755216,4.395058687755216,5.979672568183327,5.979672568183327,0.0,0.0,0.7810559982504345,0.7810559982504345
1999-06-29,4.395051203732936,4.395051203732936,5.979672568183327,5.979672568183327,0.0,0.0,0.7810559982504345,0.7810559982504345
1999-06-30,4.39504390690365,4.39504390690365,5.979672568183327,5.979672568183327,0.0,0.0,0.7810559982504345,0.7810559982504345
1999-07-01,4.3951280758581595,4.3951280758581595,5.979672568183327,5.979672568183327,0.0,0.0,0.0,0.0
1999-07-02,4.395120243726596,4.395120243726596,5.979672568183327,5.979672568183327,0.0,0.0,0.7810559982504345,0.7810559982504345
1999-07-03,4.395113202112174,4.395113202112174,5.979672568183327,5.979672568183327,0.0,0.0,0.7810559982504345,0.7810559982504345
1999-07-04,4.395107277378123,4.395107277378123,5.979672568183327,5.979672568183327,0.0,0.0,0.7810559982504345,0.7810559982504345
1999-07-05,3.708350579640604,3.708350579640604,3.7176611980470238,3.7176611980470238,0.0,0.0,0.7810559982504345,0.7810559982504345
1999-07-06,4.026827520066085,4.026827520066085,4.036143188553501,4.036143188553501,0.0,0.0,0.7810559982504345,0.7810559982504345
1999-07-07,4.395092117596808,4.395092117596808,4.404412790134115,4.404412790134115,0.0,0.0,0.7810559982504345,0.7810559982504345
1999-07-08,4.395087572730895,4.395087572730895,4.404412790134115,4.404412790134115,0.0,0.0,0.7810559982504345,0.7810559982504345
1999-07-09,4.118936490288114,4.118936490288114,4.12826575062248,4.12826575062248,0.0,0.0,0.7810559982504345,0.7810559982504345
1999-07-10,4.017730510379073,4.017730510379073,4.02706335042374,4.02706335042374,0.0,0.0,0.7810559982504345,0.7810559982504345
1999-07-11,3.708325245875657,3.708325245875657,3.7176611980470238,3.7176611980470238,0.0,0.0,0.7810559982504345,0.7810559982504345
1999-07-12,3.760315613664978,3.760315613664978,3.769654126418116,3.769654126418116,0.0,0.0,0.7810559982504345,0.7810559982504345
1999-07-13,2.931904313754734,2.931904313754734,2.9412447833448354,2.9412447833448354,0.0,0.0,0.7810559982504345,0.7810559982504345
1999-07-14,2.931902558002445,2.931902558002445,2.9412447833448354,2.9412447833448354,0.0,0.0,0.7810559982504345,0.7810559982504345
1999-07-15,2.9319007076680603,2.9319007076680603,2.9412447833448354,2.9412447833448354,0.0,0.0,0.0,0.0
1999-07-16,2.9318989996132214,2.9318989996132214,2.9412447833448354,2.9412447833448354,0.0,0.0,0.7810559982504345,0.7810559982504345
1999-07-17,2.931897557124236,2.931897557124236,2.9412447833448354,2.9412447833448354,0.0,0.0,0.7810559982504345,0.7810559982504345
1999-07-18,2.931896340949834,2.931896340949834,2.9412447833448354,2.9412447833448354,0.0,0.0,0.7810559982504345,0.7810559982504345
1999-07-19,2.1652258346903124,2.165225834690313,2.1745753075795253,2.1745753075795258,0.0,0.0,0.7810559982504345,0.7810559982504345
1999-07-20,2.165234571964337,2.165234571964337,2.1745849116714826,2.1745849116714826,0.0,0.0,0.7810559982504345,0.7810559982504345
1999-07-21,2.1652418430184657,2.1652418430184657,2.174592907397849,2.174592907397849,0.0,0.0,0.7810559982504345,0.7810559982504345
1999-07-22,2.165248179635891,2.165248179635891,2.1745999068658906,2.1745999068658906,0.0,0.0,0.7810559982504345,0.7810559982504345
1999-07-23,2.1652545630249658,2.1652545630249658,2.1746069704091955,2.1746069704091955,0.0,0.0,0.7810559982504345,0.7810559982504345
1999-07-24,2.1652607981233016,2.1652607981233016,2.174613873760677,2.174613873760677,0.0,0.0,0.7810559982504345,0.7810559982504345
1999-07-25,2.1652656951586304,2.1652656951586304,2.174619311530054,2.174619311530054,0.0,0.0,0.7810559982504345,0.7810559982504345
1999-07-26,2.159311538948459,2.159311538948459,2.1686655235958745,2.1686655235958745,0.0,0.0,0.7810559982504345,0.7810559982504345
1999-07-27,2.159314452628599,2.159314452628599,2.1686687190882536,2.1686687190882536,0.0,0.0,0.7810559982504345,0.7810559982504345
1999-07-28,2.1593168421487463,2.1593168421487463,2.168671380290655,2.168671380290655,0.0,0.0,0.7810559982504345,0.7810559982504345
1999-07-29,2.159319148171725,2.159319148171725,2.168673953974544,2.168673953974544,0.0,0.0,0.0,0.0
1999-07-30,2.1593214391363555,2.1593214391363555,2.1686765103634174,2.1686765103634174,0.0,0.0,0.7810559982504345,0.7810559982504345
1999-07-31,2.159323762517661,2.159323762517661,2.168679104738324,2.168679104738324,0.0,0.0,0.7810559982504345,0.7810559982504345
1999-08-01,2.156214509060048,2.156214509060048,2.1653046861974907,2.1653046861974907,0.0,0.0,0.7810559982504345,0.7810559982504345
1999-08-02,2.154514983874232,2.154514983874232,2.1636054755608645,2.1636054755608645,0.0,0.0,0.7810559982504345,0.7810559982504345
1999-08-03,2.154517290727484,2.154517290727484,2.163607967854932,2.163607967854932,0.0,0.0,0.7810559982504345,0.7810559982504345
1999-08-04,2.154519376890439,2.154519376890439,2.1636102202777647,2.1636102202777647,0.0,0.0,0.7810559982504345,0.7810559982504345
1999-08-05,2.154521232086605,2.154521232086605,2.1636122347098916,2.1636122347098916,0.0,0.0,0.7810559982504345,0.7810559982504345
1999-08-06,2.1545230742471753,2.1545230742471753,2.163614235658021,2.163614235658021,0.0,0.0,0.7810559982504345,0.7810559982504345
1999-08-07,2.154524915887491,2.154524915887491,2.1636162360137754,2.1636162360137754,0.0,0.0,0.7810559982504345,0.7810559982504345
1999-08-08,2.1545267572238376,2.1545267572238376,2.163618236125138,2.163618236125138,0.0,0.0,0.7810559982504345,0.7810559982504345
1999-08-09,2.175806391272753,2.175806391272753,2.1848980288299145,2.1848980288299145,0.0,0.0,0.7810559982504345,0.7810559982504345
1999-08-10,2.1758082313903007,2.1758082313903007,2.1849000275782373,2.1849000275782373,0.0,0.0,0.7810559982504345,0.7810559982504345
1999-08-11,2.175810071738748,2.175810071738748,2.1849020265700028,2.1849020265700028,0.0,0.0,0.7810559982504345,0.7810559982504345
1999-08-12,2.175811911306813,2.175811911306813,2.1849040247092653,2.1849040247092653,0.0,0.0,0.0,0.0
1999-08-13,2.1758137505855233,2.1758137505855233,2.18490602254663,2.18490602254663,0.0,0.0,0.7810559982504345,0.7810559982504345
1999-08-14,2.175815589338133,2.175815589338133,2.1849080197983164,2.1849080197983164,0.0,0.0,0.7810559982504345,0.7810559982504345
1999-08-15,2.175817427506187,2.175817427506187,2.1849100163933266,2.1849100163933266,0.0,0.0,0.7810559982504345,0.7810559982504345
1999-08-16,2.191870454969244,2.191870454969244,2.2009632022833396,2.2009632022833396,0.0,0.0,0.7810559982504345,0.7810559982504345
1999-08-17,2.1918722924445992,2.1918722924445992,2.2009651981731087,2.2009651981731087,0.0,0.0,0.7810559982504345,0.7810559982504345
1999-08-18,2.1918741295487614,2.1918741295487614,2.2009671936321067,2.2009671936321067,0.0,0.0,0.7810559982504345,0.7810559982504345
1999-08-19,2.1918759660683675,2.1918759660683675,2.200969188434428,2.200969188434428,0.0,0.0,0.7810559982504345,0.7810559982504345
1999-08-20,2.1918778025032135,2.1918778025032135,2.200971183211567,2.200971183211567,0.0,0.0,0.7810559982504345,0.7810559982504345
1999-08-21,2.191879638622399,2.191879638622399,2.2009731775538897,2.2009731775538897,0.0,0.0,0.7810559982504345,0.7810559982504345
1999-08-22,2.1918814740781136,2.1918814740781136,2.2009751712201986,2.2009751712201986,0.0,0.0,0.7810559982504345,0.7810559982504345
1999-08-23,2.1918833090691066,2.1918833090691066,2.2009771644092435,2.2009771644092435,0.0,0.0,0.7810559982504345,0.7810559982504345
1999-08-24,2.1918851436596785,2.1918851436596785,2.2009791571382893,2.2009791571382893,0.0,0.0,0.7810559982504345,0.7810559982504345
1999-08-25,2.1918869777183043,2.1918869777183043,2.2009811492632685,2.2009811492632685,0.0,0.0,0.7810559982504345,0.7810559982504345
1999-08-26,2.191881551444082,2.191881551444082,2.2009758810553994,2.2009758810553994,0.0,0.0,0.0,0.0
1999-08-27,2.191890644786279,2.191890644786279,2.200985132451407,2.200985132451407,0.0,0.0,0.7810559982504345,0.7810559982504345
1999-08-28,2.191892477775168,2.191892477775168,2.200987123434529,2.200987123434529,0.0,0.0,0.7810559982504345,0.7810559982504345
1999-08-29,2.1918943104220916,2.1918943104220916,2.2009891140161075,2.2009891140161075,0.0,0.0,0.7810559982504345,0.7810559982504345
1999-08-30,2.152013870746089,2.152013870746089,2.1611088322622174,2.1611088322622174,0.0,0.0,0.7810559982504345,0.7810559982504345
1999-08-31,2.1520157023320436,2.1520157023320436,2.1611108217577413,2.1611108217577413,0.0,0.0,0.7810559982504345,0.7810559982504345
1999-09-01,2.152545683459495,2.152545683459495,2.1616860103575504,2.1616860103575504,0.0,0.0,0.7810559982504345,0.7810559982504345
1999-09-02,2.1525473947287415,2.1525473947287415,2.161687869117217,2.161687869117217,0.0,0.0,0.7810559982504345,0.7810559982504345
1999-09-03,2.152549105858645,2.152549105858645,2.161689727737541,2.161689727737541,0.0,0.0,0.7810559982504345,0.7810559982504345
1999-09-04,2.1525508168901895,2.1525508168901895,2.1616915862595056,2.1616915862595056,0.0,0.0,0.7810559982504345,0.7810559982504345
1999-09-05,2.152552527282397,2.152552527282397,2.161693444074715,2.161693444074715,0.0,0.0,0.7810559982504345,0.7810559982504345
1999-09-06,2.192436508823769,2.192436508823769,2.2015775729716713,2.2015775729716713,0.0,0.0,0.7810559982504345,0.7810559982504345
1999-09-07,2.1924382184045106,2.1924382184045106,2.2015794299079965,2.2015794299079965,0.0,0.0,0.7810559982504345,0.7810559982504345
1999-09-08,2.1924399278240525,2.1924399278240525,2.2015812866831226,2.2015812866831226,0.0,0.0,0.7810559982504345,0.7810559982504345
1999-09-09,2.192441636678027,2.192441636678027,2.2015831428252626,2.2015831428252626,0.0,0.0,0.0,0.0
1999-09-10,2.1924433447451253,2.1924433447451253,2.2015849981131086,2.2015849981131086,0.0,0.0,0.7810559982504345,0.7810559982504345
1999-09-11,2.192445052861404,2.192445052861404,2.201586853450135,2.201586853450135,0.0,0.0,0.7810559982504345,0.7810559982504345
1999-09-12,2.1924467607591054,2.1924467607591054,2.2015887085685844,2.2015887085685844,0.0,0.0,0.7810559982504345,0.7810559982504345
1999-09-13,2.192448467908182,2.192448467908182,2.20159056287099,2.20159056287099,0.0,0.0,0.7810559982504345,0.7810559982504345
1999-09-14,2.1924501744343154,2.1924501744343154,2.201592416483035,2.201592416483035,0.0,0.0,0.7810559982504345,0.7810559982504345
1999-09-15,2.192451880985039,2.192451880985039,2.20159427011967,2.20159427011967,0.0,0.0,0.7810559982504345,0.7810559982504345
1999-09-16,2.192453587202433,2.192453587202433,2.2015961234229753,2.2015961234229753,0.0,0.0,0.7810559982504345,0.7810559982504345
1999-09-17,2.192455292897975,2.192455292897975,2.2015979761370104,2.2015979761370104,0.0,0.0,0.7810559982504345,0.7810559982504345
1999-09-18,2.1924569979787703,2.1924569979787703,2.2015998281688804,2.2015998281688804,0.0,0.0,0.7810559982504345,0.7810559982504345
1999-09-19,2.192458702890169,2.192458702890169,2.201601680031354,2.201601680031354,0.0,0.0,0.7810559982504345,0.7810559982504345
1999-09-20,2.1466203650945648,2.1466203650945648,2.155763489186825,2.155763489186825,0.0,0.0,0.7810559982504345,0.7810559982504345
1999-09-21,2.146622069199962,2.146622069199962,2.155765340175879,2.155765340175879,0.0,0.0,0.7810559982504345,0.7810559982504345
1999-09-22,2.1466228526277944,2.1466228526277944,2.1557662704199503,2.1557662704199503,0.0,0.0,0.7810559982504345,0.7810559982504345
1999-09-23,2.1466254760364554,2.1466254760364554,2.15576904064485,2.15576904064485,0.0,0.0,0.0,0.0
1999-09-24,2.1466271791910443,2.1466271791910443,2.1557708906156776,2.1557708906156776,0.0,0.0,0.7810559982504345,0.7810559982504345
1999-09-25,2.146628881714493,2.146628881714493,2.1557727398879467,2.1557727398879467,0.0,0.0,0.7810559982504345,0.7810559982504345
1999-09-26,2.1466305840220974,2.1466305840220974,2.1557745888886783,2.1557745888886783,0.0,0.0,0.7810559982504345,0.7810559982504345
1999-09-27,2.0981190243640917,2.0981190243640917,2.107263175912075,2.107263175912075,0.0,0.0,0.7810559982504345,0.7810559982504345
1999-09-28,2.098120725617064,2.098120725617064,2.1072650238347244,2.1072650238347244,0.0,0.0,0.7810559982504345,0.7810559982504345
1999-09-29,2.098122426927412,2.098122426927412,2.107266871770782,2.107266871770782,0.0,0.0,0.7810559982504345,0.7810559982504345
1999-09-30,2.0981241272623623,2.0981241272623623,2.107268718652298,2.107268718652298,0.0,0.0,0.7810559982504345,0.7810559982504345
1999-10-01,2.099640557284392,2.099640557284392,2.10891448796945,2.10891448796945,0.0,0.0,0.7810559982504345,0.7810559982504345
1999-10-02,2.0996419150108987,2.0996419150108987,2.108915962727522,2.108915962727522,0.0,0.0,0.7810559982504345,0.7810559982504345
1999-10-03,2.0996432720959173,2.0996432720959173,2.108917436790265,2.108917436790265,0.0,0.0,0.7810559982504345,0.7810559982504345
1999-10-04,2.1281567899148808,2.1281567899148808,2.137431071542477,2.137431071542477,0.0,0.0,0.7810559982504345,0.7810559982504345
1999-10-05,2.128158146447871,2.128158146447871,2.1374325449993523,2.1374325449993523,0.0,0.0,0.7810559982504345,0.7810559982504345
1999-10-06,2.128159502799761,2.128159502799761,2.1374340182306506,2.1374340182306506,0.0,0.0,0.7810559982504345,0.7810559982504345
1999-10-07,2.128160858708719,2.128160858708719,2.1374354910096534,2.1374354910096534,0.0,0.0,0.0,0.0
1999-10-08,2.1281622145085803,2.1281622145085803,2.13743696367956,2.13743696367956,0.0,0.0,0.7810559982504345,0.7810559982504345
1999-10-09,2.128163569810961,2.128163569810961,2.1374384357981455,2.1374384357981455,0.0,0.0,0.7810559982504345,0.7810559982504345
1999-10-10,2.1281649249518786,2.1281649249518786,2.137439907710792,2.137439907710792,0.0,0.0,0.7810559982504345,0.7810559982504345
1999-10-11,2.074120748399548,2.074120748399548,2.0833958479208263,2.0833958479208263,0.0,0.0,0.7810559982504345,0.7810559982504345
1999-10-12,2.074122102927343,2.074122102927343,2.0833973192109867,2.0833973192109867,0.0,0.0,0.7810559982504345,0.7810559982504345
1999-10-13,2.0741234569772953,2.0741234569772953,2.083398789969464,2.083398789969464,0.0,0.0,0.7810559982504345,0.7810559982504345
1999-10-14,2.074124810771961,2.074124810771961,2.0834002604281787,2.0834002604281787,0.0,0.0,0.7810559982504345,0.7810559982504345
1999-10-15,2.074126164221882,2.074126164221882,2.083401730532785,2.083401730532785,0.0,0.0,0.7810559982504345,0.7810559982504345
1999-10-16,2.0741275175954357,2.0741275175954357,2.083403200561024,2.083403200561024,0.0,0.0,0.7810559982504345,0.7810559982504345
1999-10-17,2.0741288704016867,2.0741288704016867,2.0834046699681203,2.0834046699681203,0.0,0.0,0.7810559982504345,0.7810559982504345
1999-10-18,2.1179624061059528,2.1179624061059528,2.1272383222287554,2.1272383222287554,0.0,0.0,0.7810559982504345,0.7810559982504345
1999-10-19,2.1179637582685342,2.1179637582685342,2.1272397909383427,2.1272397909383427,0.0,0.0,0.7810559982504345,0.7810559982504345
1999-10-20,2.1179651103503843,2.1179651103503843,2.127241259567198,2.127241259567198,0.0,0.0,0.7810559982504345,0.7810559982504345
1999-10-21,2.117966461864932,2.117966461864932,2.1272427275749117,2.1272427275749117,0.0,0.0,0.0,0.0
1999-10-22,2.117967813196197,2.117967813196197,2.127244195354866,2.127244195354866,0.0,0.0,0.7810559982504345,0.7810559982504345
1999-10-23,2.1179691644707326,2.1179691644707326,2.1272456630780905,2.1272456630780905,0.0,0.0,0.7810559982504345,0.7810559982504345
1999-10-24,2.1179705152870625,2.1179705152870625,2.127247130333746,2.127247130333746,0.0,0.0,0.7810559982504345,0.7810559982504345
1999-10-25,2.0120086868129348,2.0120086868129348,2.0212854182451045,2.0212854182451045,0.0,0.0,0.7810559982504345,0.7810559982504345
1999-10-26,2.0120100368524967,2.0120100368524967,2.0212868846256757,2.0212868846256757,0.0,0.0,0.7810559982504345,0.7810559982504345
1999-10-27,1.96827405519743,1.96827405519743,1.9734268463964193,1.9734268463964193,0.0,0.0,0.7810559982504345,0.7810559982504345
1999-10-28,2.0120127362094014,2.0120127362094014,2.021289816645872,2.021289816645872,0.0,0.0,0.7810559982504345,0.7810559982504345
1999-10-29,2.0119285584685986,2.0119285584685986,2.0212056743106586,2.0212056743106586,0.0,0.0,0.7810559982504345,0.7810559982504345
1999-10-30,2.0120154345473447,2.0120154345473447,2.021292747548791,2.021292747548791,0.0,0.0,0.7810559982504345,0.7810559982504345
1999-10-31,2.0120167829570037,2.0120167829570037,2.0212942121824162,2.0212942121824162,0.0,0.0,0.7810559982504345,0.7810559982504345
1999-11-01,1.7553968641111495,1.7553968641111495,1.7646371370670162,1.7646371370670162,0.0,0.0,0.0,0.0
1999-11-02,1.755398310674237,1.755398310674237,1.764638708312775,1.764638708312775,0.0,0.0,0.0,0.0
1999-11-03,1.7553997571787792,1.7553997571787792,1.7646402794999883,1.7646402794999883,0.0,0.0,0.0,0.0
1999-11-04,1.7554012034421145,1.7554012034421145,1.7646418503982595,1.7646418503982595,0.0,0.0,0.0,0.0
1999-11-05,1.755402649077843,1.755402649077843,1.7646434206111383,1.7646434206111383,0.0,0.0,0.0,0.0
1999-11-06,1.7554040943224882,1.7554040943224882,1.7646449904228847,1.7646449904228847,0.0,0.0,0.0,0.0
1999-11-07,1.59517774278457,1.59517774278457,1.590477893018185,1.590477893018185,0.0,0.0,0.0,0.0
1999-11-08,1.3265135360374665,1.3265135360374665,1.328475216239507,1.328475216239507,0.0,0.0,0.0,0.0
1999-11-09,1.4075158546378663,1.4075158546378663,1.416757112631305,1.416757112631305,0.0,0.0,0.0,0.0
1999-11-10,1.4077308682404723,1.4077308682404723,1.4169722269483254,1.4169722269483254,0.0,0.0,0.0,0.0
1999-11-11,1.4077318586435863,1.4077318586435863,1.416973310923112,1.416973310923112,0.0,0.0,0.0,0.0
1999-11-12,1.4077327991191857,1.4077327991191857,1.4169743414907159,1.4169743414907159,0.0,0.0,0.0,0.0
1999-11-13,1.40773372752975,1.40773372752975,1.4169753591415826,1.4169753591415826,0.0,0.0,0.0,0.0
1999-11-14,1.407414868108854,1.407414868108854,1.4166214257142267,1.4166214257142267,0.0,0.0,0.0,0.0
1999-11-15,1.5758298980013201,1.5758298980013201,1.585071711372434,1.585071711372434,0.0,0.0,0.0,0.0
1999-11-16,1.4265497410335937,1.4265497410335937,1.4227730494727275,1.4227730494727275,0.0,0.0,0.0,0.0
1999-11-17,1.5235371643795237,1.5235371643795237,1.52842445835229,1.52842445835229,0.0,0.0,0.0,0.0
1999-11-18,1.4967492303130743,1.4967492303130743,1.4998889306425585,1.4998889306425585,0.0,0.0,0.0,0.0
1999-11-19,1.4792169870356189,1.4792169870356189,1.4793791497274777,1.4793791497274777,0.0,0.0,0.0,0.0
1999-11-20,1.5721718144276169,1.5721718144276169,1.580811014073473,1.580811014073473,0.0,0.0,0.0,0.0
1999-11-21,1.5757597396798617,1.5757597396798617,1.5849981949474456,1.5849981949474456,0.0,0.0,0.0,0.0
1999-11-22,1.419975166154346,1.419975166154346,1.4292115383442439,1.4292115383442439,0.0,0.0,0.0,0.0
1999-11-23,1.4199470098299125,1.4199470098299125,1.4291813208075055,1.4291813208075055,0.0,0.0,0.0,0.0
1999-11-24,1.419922107950426,1.419922107950426,1.4291544590506902,1.4291544590506902,0.0,0.0,0.0,0.0
1999-11-25,1.4199001046863315,1.4199001046863315,1.4291306298074065,1.4291306298074065,0.0,0.0,0.0,0.0
1999-11-26,1.4198807987796298,1.4198807987796298,1.429109671236634,1.429109671236634,0.0,0.0,0.0,0.0
1999-11-27,1.4198640418575506,1.4198640418575506,1.4290914456684092,1.4290914456684092,0.0,0.0,0.0,0.0
1999-11-28,1.4198494485508726,1.4198494485508726,1.4290755299872746,1.4290755299872746,0.0,0.0,0.0,0.0
1999-11-29,1.4996728061154618,1.4996728061154618,1.5087998277637853,1.5087998277637853,0.0,0.0,0.0,0.0
1999-11-30,1.4880786261358214,1.4880786261358214,1.4968717276724242,1.4968717276724242,0.0,0.0,0.0,0.0
1999-12-01,1.4904755340212112,1.4904755340212112,1.4989045225043185,1.4989045225043185,0.0,0.0,0.0,0.0
1999-12-02,1.498366483393945,1.498366483393945,1.5074005639655201,1.5074005639655201,0.0,0.0,0.0,0.0
1999-12-03,1.498381934477507,1.498381934477507,1.5074679462347516,1.5074679462347516,0.0,0.0,0.0,0.0
1999-12-04,1.4998490674075542,1.4998490674075542,1.5090380174984117,1.5090380174984117,0.0,0.0,0.0,0.0
1999-12-05,1.4998396245695589,1.4998396245695589,1.5090276994344691,1.5090276994344691,0.0,0.0,0.0,0.0
1999-12-06,1.4220312327546936,1.4220312327546936,1.4311561468528424,1.4311561468528424,0.0,0.0,0.0,0.0
1999-12-07,1.421192507185688,1.421192507185688,1.4302462222507444,1.4302462222507444,0.0,0.0,0.0,0.0
1999-12-08,1.421272782174947,1.421272782174947,1.4303489467871437,1.4303489467871437,0.0,0.0,0.0,0.0
1999-12-09,1.4193449460159087,1.4193449460159087,1.4282063882932068,1.4282063882932068,0.0,0.0,0.0,0.0
1999-12-10,1.4202466162951946,1.4202466162951946,1.4291779396080833,1.4291779396080833,0.0,0.0,0.0,0.0
1999-12-11,1.422770774142792,1.422770774142792,1.431954774272084,1.431954774272084,0.0,0.0,0.0,0.0
1999-12-12,1.4188932126075355,1.4188932126075355,1.427694733118573,1.427694733118573,0.0,0.0,0.0,0.0
1999-12-13,1.4264540371153065,1.4264540371153065,1.4353635879825295,1.4353635879825295,0.0,0.0,4.746815989367132,4.746815989367132
1999-12-14,1.4285891027740363,1.4285891027740363,1.4377184714271862,1.4377184714271862,0.0,0.0,9.493631957468528,9.493631957468528
1999-12-15,1.4287069755730826,1.4287069755730826,1.4378889349789712,1.4378889349789712,0.0,0.0,18.987263872405585,18.987263872405585
1999-12-16,1.4287023510493615,1.4287023510493615,1.437883863009974,1.437883863009974,0.0,0.0,37.974527659748226,37.974527659748226
1999-12-17,1.4286987058112688,1.4286987058112688,1.437879835260604,1.437879835260604,0.0,0.0,75.94905514937055,75.94905514937055
1999-12-18,1.4286961313950204,1.4286961313950204,1.4378769605762751,1.4378769605762751,0.0,0.0,151.89810995848933,151.89810995848933
1999-12-19,1.4286938666732154,1.4286938666732154,1.4378744243811792,1.4378744243811792,0.0,0.0,214.90950226738954,214.9095022673875
1999-12-20,1.437628333409841,1.437628333409841,1.4468086269226963,1.4468086269226963,0.0,0.0,0.0,0.0
1999-12-21,1.4376271851952562,1.4376271851952562,1.4468072972887498,1.4468072972887498,0.0,0.0,0.0,0.0
1999-12-22,1.4376269906341836,1.4376269906341836,1.4468070057585474,1.4468070057585474,0.0,0.0,0.0,0.0
1999-12-23,1.437626839190089,1.437626839190089,1.4468067750757916,1.4468067750757916,0.0,0.0,0.0,0.0
1999-12-24,1.4376264901324798,1.4376264901324798,1.4468063416898274,1.4468063416898274,0.0,0.0,0.0,0.0
1999-12-25,1.437626530656364,1.437626530656364,1.4468063310968664,1.4468063310968664,0.0,0.0,0.0,0.0
1999-12-26,1.4376270665747917,1.4376270665747917,1.4468068608869955,1.4468068608869955,0.0,0.0,0.0,0.0
1999-12-27,1.4393300631981247,1.4393300631981247,1.4485098709989441,1.4485098709989441,0.0,0.0,0.0,0.0
1999-12-28,1.4393308921238188,1.4393308921238188,1.4485107290241204,1.4485107290241204,0.0,0.0,0.0,0.0
1999-12-29,1.4393318830882484,1.4393318830882484,1.4485117652129027,1.4485117652129027,0.0,0.0,0.0,0.0
1999-12-30,1.4393328093809152,1.4393328093809152,1.448512732625843,1.448512732625843,0.0,0.0,0.0,0.0
1999-12-31,1.4392631256121702,1.4392631256121702,1.4484430945981033,1.4484430945981033,0.0,0.0,0.0,0.0
2000-01-01,1.432360682629361,1.432360682629361,1.441013489575665,1.441013489575665,0.0,0.0,0.0,0.0
2000-01-02,1.4358700224913556,1.4358700224913556,1.444743592583745,1.444743592583745,0.0,0.0,0.0,0.0
2000-01-03,1.4276129277622485,1.4276129277622485,1.4369256114869693,1.4369256114869693,0.0,0.0,0.0,0.0
2000-01-04,1.428326037865816,1.428326037865816,1.4376917710320087,1.4376917710320087,0.0,0.0,0.0,0.0
2000-01-05,1.4283259504089412,1.4283259504089412,1.437691677731479,1.437691677731479,0.0,0.0,0.0,0.0
2000-01-06,1.4283260149412416,1.4283260149412416,1.43769174802293,1.43769174802293,0.0,0.0,0.0,0.0
2000-01-07,1.4283260896361765,1.4283260896361765,1.4376918274813348,1.4376918274813348,0.0,0.0,0.0,0.0
2000-01-08,1.4283263878474242,1.4283263878474242,1.4376921433447931,1.4376921433447931,0.0,0.0,0.0,0.0
2000-01-09,1.42832682969685,1.42832682969685,1.4376926112380728,1.4376926112380728,0.0,0.0,0.0,0.0
2000-01-10,1.413605414463855,1.413605414463855,1.422971223770247,1.422971223770247,0.0,0.0,0.0,0.0
2000-01-11,1.3756301395705801,1.3756301395705801,1.3816066237109765,1.3816066237109765,0.0,0.0,0.0,0.0
2000-01-12,1.3990931079291837,1.3990931079291837,1.4070548149572955,1.4070548149572955,0.0,0.0,0.0,0.0
2000-01-13,1.4138573005696866,1.4138573005696866,1.4232229941437842,1.4232229941437842,0.0,0.0,0.0,0.0
2000-01-14,1.4024175707900637,1.4024175707900637,1.410634939268938,1.410634939268938,0.0,0.0,0.0,0.0
2000-01-15,1.4029887597967468,1.4029887597967468,1.410834063970527,1.410834063970527,0.0,0.0,0.0,0.0
2000-01-16,1.3860983562157956,1.3860983562157956,1.3928671710049996,1.3928671710049996,0.0,0.0,0.0,0.0
2000-01-17,0.49859226269152745,0.49859226269152745,0.4619159165041903,0.4619159165041903,0.0,0.0,0.0,0.0
2000-01-18,0.49318880222249406,0.49318880222249406,0.4566978027697621,0.4566978027697621,0.0,0.0,0.0,0.0
2000-01-19,0.8971635746666297,0.8971635746666297,0.8968646571830389,0.8968646571830389,0.0,0.0,0.0,0.0
2000-01-20,0.9176393114967952,0.9176393114967952,0.9189371284602748,0.9189371284602748,0.0,0.0,0.0,0.0
2000-01-21,0.9916746935745102,0.9916746935745102,0.9995872825522334,0.9995872825522334,0.0,0.0,0.0,0.0
2000-01-22,1.0030908310321136,1.0030908310321136,1.0123051796592857,1.0123051796592857,0.0,0.0,0.0,0.0
2000-01-23,0.18589134900571125,0.18589134900571125,0.11933644031405645,0.11933644031405645,0.0,0.0,0.0,0.0
2000-01-24,0.544060372017437,0.544060372017437,0.009786199999999778,0.009786199999999778,0.0,0.0,0.0,0.0
2000-01-25,0.3305095093319519,0.3305095093319519,0.2453832520255155,0.2453832520255155,0.0,0.0,0.0,0.0
2000-01-26,1.3704801969360147,1.3704801969360147,1.3755822556302046,1.3755822556302046,0.0,0.0,0.0,0.0
2000-01-27,1.412121382181987,1.412121382181987,1.4211000326271552,1.4211000326271552,0.0,0.0,0.0,0.0
2000-01-28,1.411983198871212,1.411983198871212,1.4209502775345306,1.4209502775345306,0.0,0.0,0.0,0.0
2000-01-29,1.4056117260958323,1.4056117260958323,1.414104076751189,1.414104076751189,0.0,0.0,0.0,0.0
2000-01-30,1.266009990369686,1.266009990369686,1.2618128118478962,1.2618128118478962,0.0,0.0,0.0,0.0
2000-01-31,1.2633720100490649,1.2633720100490649,1.2652206961124899,1.2652206961124899,0.0,0.0,0.0,0.0
2000-02-01,1.3439158936412818,1.3439158936412818,1.3529619482870736,1.3529619482870736,0.0,0.0,0.0,0.0
2000-02-02,1.3439852385471214,1.3439852385471214,1.3530348934829686,1.3530348934829686,0.0,0.0,0.0,0.0
2000-02-03,1.3208635865782963,1.3208635865782963,1.3274613156170048,1.3274613156170048,0.0,0.0,0.0,0.0
2000-02-04,1.3439076343878753,1.3439076343878753,1.3529503859600416,1.3529503859600416,0.0,0.0,0.0,0.0
2000-02-05,1.3438774455646039,1.3438774455646039,1.3529174288276145,1.3529174288276145,0.0,0.0,0.0,0.0
2000-02-06,1.343856784884585,1.343856784884585,1.3528949607072354,1.3528949607072354,0.0,0.0,0.0,0.0
2000-02-07,4.395375409128061,4.39537540912806,8.757764373610389,8.757764373610389,0.0,0.0,0.0,0.0
2000-02-08,4.395375361201756,4.395375361201756,8.757764373610389,8.757764373610389,0.0,0.0,0.0,0.0
2000-02-09,4.403542474744894,4.403542474744894,8.757764373610389,8.757764373610389,0.0,0.0,0.0,0.0
2000-02-10,4.41577944090319,4.41577944090319,8.757764373610389,8.757764373610389,0.0,0.0,0.0,0.0
2000-02-11,4.417514669846141,4.417514669846141,8.757764373610389,8.757764373610389,0.0,0.0,0.0,0.0
2000-02-12,4.408866344303419,4.408866344303419,8.757764373610389,8.757764373610389,0.0,0.0,0.0,0.0
2000-02-13,4.503970458325984,4.503970458325984,8.757764373610389,8.757764373610389,0.0,0.0,0.0,0.0
2000-02-14,4.470914637685952,4.470914637685952,8.757764374507918,8.757764374507918,0.0,0.0,0.0,0.0
2000-02-15,4.4196319441248395,4.4196319441248395,8.757764374507918,8.757764374507918,0.0,0.0,0.0,0.0
2000-02-16,4.425129039268279,4.425129039268279,8.757764374507918,8.757764374507918,0.0,0.0,0.0,0.0
2000-02-17,4.417377660473193,4.417377660473193,8.757764374507918,8.757764374507918,0.0,0.0,0.0,0.0
2000-02-18,4.41551449309309,4.41551449309309,8.757764374507918,8.757764374507918,0.0,0.0,0.0,0.0
2000-02-19,4.416556339642954,4.416556339642954,8.757764374507918,8.757764374507918,0.0,0.0,0.0,0.0
2000-02-20,4.423615503854589,4.423615503854589,8.757764374507918,8.757764374507918,0.0,0.0,0.0,0.0
2000-02-21,4.42842136536253,4.42842136536253,8.757764375448478,8.757764375448478,0.0,0.0,0.0,0.0
2000-02-22,4.48098136353576,4.48098136353576,8.757764375448478,8.757764375448478,0.0,0.0,0.0,0.0
2000-02-23,4.469854408984853,4.469854408984853,8.757764375448478,8.757764375448478,0.0,0.0,0.0,0.0
2000-02-24,4.44809289973896,4.44809289973896,8.757764375448478,8.757764375448478,0.0,0.0,0.0,0.0
2000-02-25,4.450235268013894,4.450235268013894,8.757764375448478,8.757764375448478,0.0,0.0,0.0,0.0
2000-02-26,4.456928903155797,4.456928903155797,8.757764375448478,8.757764375448478,0.0,0.0,0.0,0.0
2000-02-27,4.519497535857857,4.519497535857857,8.757764375448478,8.757764375448478,0.0,0.0,0.0,0.0
2000-02-28,4.519269154663317,4.519269154663317,8.757764376436405,8.757764376436405,0.0,0.0,0.0,0.0
2000-02-29,4.4921645623401085,4.4921645623401085,8.757764376436405,8.757764376436405,0.0,0.0,0.0,0.0
2000-03-01,4.476326672927305,4.476326672927305,8.757764376436405,8.757764376436405,0.0,0.0,0.0,0.0
2000-03-02,4.471050989353392,4.471050989353392,8.757764376436405,8.757764376436405,0.0,0.0,0.0,0.0
2000-03-03,4.468079268127078,4.468079268127078,8.757764376436405,8.757764376436405,0.0,0.0,0.0,0.0
2000-03-04,4.467914868217846,4.467914868217846,8.757764376436405,8.757764376436405,0.0,0.0,0.0,0.0
2000-03-05,4.472169428732208,4.472169428732208,8.757764376436405,8.757764376436405,0.0,0.0,0.0,0.0
2000-03-06,4.465159980014327,4.465159980014327,8.757764377476724,8.757764377476724,0.0,0.0,4.746815989367132,4.746815989367132
2000-03-07,4.482737771480548,4.482737771480548,8.757764377476724,8.757764377476724,0.0,0.0,9.493631957468528,9.493631957468528
2000-03-08,4.4880032076716585,4.4880032076716585,8.757764377476724,8.757764377476724,0.0,0.0,18.987263872405585,18.987263872405585
2000-03-09,4.472254274356433,4.472254274356433,8.757764377476724,8.757764377476724,0.0,0.0,37.974527659748226,37.974527659748226
2000-03-10,4.4687454300344305,4.4687454300344305,8.757764377476724,8.757764377476724,0.0,0.0,75.94905514937055,75.94905514937055
2000-03-11,4.464176983162028,4.464176983162028,8.757764377476724,8.757764377476724,0.0,0.0,51.01215130963995,51.01215130963995
2000-03-12,4.458215215472019,4.458215215472019,8.757764377476724,8.757764377476724,0.0,0.0,1.964432276,1.964432276
2000-03-13,4.452092810774774,4.452092810774774,8.757764378575295,8.757764378575295,0.0,0.0,0.0,0.0
2000-03-14,4.446242890080599,4.446242890080599,8.757764378575295,8.757764378575295,0.0,0.0,0.0,0.0
2000-03-15,4.4407810863119215,4.4407810863119215,8.757764378575295,8.757764378575295,0.0,0.0,0.0,0.0
2000-03-16,4.435843508809048,4.435843508809048,8.757764378575295,8.757764378575295,0.0,0.0,0.0,0.0
2000-03-17,4.431523648571016,4.431523648571016,8.757764378575295,8.757764378575295,0.0,0.0,0.0,0.0
2000-03-18,4.427746066149311,4.427746066149311,8.757764378575295,8.757764378575295,0.0,0.0,0.0,0.0
2000-03-19,4.4243103513515445,4.4243103513515445,8.757764378575295,8.757764378575295,0.0,0.0,0.0,0.0
2000-03-20,4.421315850438614,4.421315850438614,8.757764379739038,8.757764379739038,0.0,0.0,0.0,0.0
2000-03-21,4.418874421289072,4.418874421289072,8.757764379739038,8.757764379739038,0.0,0.0,0.0,0.0
2000-03-22,4.416636926443704,4.416636926443704,8.757764379739038,8.757764379739038,0.0,0.0,0.0,0.0
2000-03-23,4.414447367001612,4.414447367001612,8.757764379739038,8.757764379739038,0.0,0.0,0.0,0.0
2000-03-24,4.4124635277086695,4.4124635277086695,8.757764379739038,8.757764379739038,0.0,0.0,0.0,0.0
2000-03-25,4.410715119508332,4.410715119508332,8.757764379739038,8.757764379739038,0.0,0.0,0.0,0.0
2000-03-26,4.409145349229639,4.409145349229639,8.757764379739038,8.757764379739038,0.0,0.0,0.0,0.0
2000-03-27,4.407679684646992,4.407679684646992,8.757764380976168,8.757764380976168,0.0,0.0,4.746815989367136,4.746815989367132
2000-03-28,4.406446643595675,4.406446643595675,8.757764380976168,8.757764380976168,0.0,0.0,9.493631957468533,9.493631957468528
2000-03-29,4.40546535488035,4.40546535488035,8.757764380976168,8.757764380976168,0.0,0.0,18.987263872405595,18.987263872405585
2000-03-30,4.404555395588827,4.404555395588827,8.757764380976168,8.757764380976168,0.0,0.0,37.97452765974824,37.974527659748226
2000-03-31,4.403580563427997,4.403580563427997,8.757764380976168,8.757764380976168,0.0,0.0,44.690253379010485,44.690253379010514
2000-04-01,4.402767657316679,4.402767657316679,8.757764380976168,8.757764380976168,0.0,0.0,9.123799186,9.123799186
2000-04-02,4.401613015245811,4.401613015245811,8.757764380976168,8.757764380976168,0.0,0.0,9.959119388,9.959119388
2000-04-03,4.400496003349528,4.400496003349528,8.757764382296573,8.757764382296573,0.0,0.0,0.0,0.0
2000-04-04,4.399458866338539,4.399458866338539,8.757764382296573,8.757764382296573,0.0,0.0,0.0,0.0
2000-04-05,4.398578605672622,4.398578605672622,8.757764382296573,8.757764382296573,0.0,0.0,0.0,0.0
2000-04-06,4.397867683222494,4.397867683222494,8.757764382296573,8.757764382296573,0.0,0.0,0.0,0.0
2000-04-07,4.39728002778747,4.39728002778747,8.757764382296573,8.757764382296573,0.0,0.0,0.0,0.0
2000-04-08,4.396803535369831,4.396803535369831,8.757764382296573,8.757764382296573,0.0,0.0,0.0,0.0
2000-04-09,4.396432411654856,4.396432411654856,8.757764382296573,8.757764382296573,0.0,0.0,0.0,0.0
2000-04-10,4.396171927025292,4.396171927025292,8.757764383712265,8.757764383712265,0.0,0.0,0.0,0.0
2000-04-11,4.395960382853446,4.395960382853446,8.757764383712265,8.757764383712265,0.0,0.0,0.0,0.0
2000-04-12,4.3976273499250595,4.3976273499250595,8.757764383712265,8.757764383712265,0.0,0.0,0.0,0.0
2000-04-13,4.400180775471034,4.400180775471034,8.757764383712265,8.757764383712265,0.0,0.0,0.0,0.0
2000-04-14,4.398195506921178,4.398195506921178,8.757764383712265,8.757764383712265,0.0,0.0,0.0,0.0
2000-04-15,4.395665674412329,4.395665674412329,8.757764383712265,8.757764383712265,0.0,0.0,0.0,0.0
2000-04-16,4.406440012654947,4.406440012654947,8.757764383712265,8.757764383712265,0.0,0.0,0.0,0.0
2000-04-17,4.429959177946928,4.429959177946928,8.757764385238058,8.757764385238058,0.0,0.0,0.0,0.0
2000-04-18,4.416147599774082,4.416147599774082,8.757764385238058,8.757764385238058,0.0,0.0,0.0,0.0
2000-04-19,4.398323713997535,4.398323713997535,8.757764385238058,8.757764385238058,0.0,0.0,0.0,0.0
2000-04-20,4.399489588092255,4.399489588092255,8.757764385238058,8.757764385238058,0.0,0.0,0.0,0.0
2000-04-21,4.400150697581743,4.400150697581743,8.757764385238058,8.757764385238058,0.0,0.0,0.0,0.0
2000-04-22,4.399825466863489,4.399825466863489,8.757764385238058,8.757764385238058,0.0,0.0,0.0,0.0
2000-04-23,4.3996702265856635,4.3996702265856635,8.757764385238058,8.757764385238058,0.0,0.0,0.0,0.0
2000-04-24,4.399414505086609,4.399414505086609,8.75776438689254,8.75776438689254,0.0,0.0,3.0031135070185258,3.0031135070185178
2000-04-25,4.399013573590525,4.399013573590525,8.75776438689254,8.75776438689254,0.0,0.0,6.006227000583102,6.0062270005830865
2000-04-26,4.398521636275291,4.398521636275291,8.75776438689254,8.75776438689254,0.0,0.0,12.012453974258305,12.012453974258273
2000-04-27,4.397992231059678,4.397992231059678,8.75776438689254,8.75776438689254,0.0,0.0,24.024907894700814,24.02490789470075
2000-04-28,4.397488322777621,4.397488322777621,8.75776438689254,8.75776438689254,0.0,0.0,48.04981568177004,48.04981568176991
2000-04-29,4.397150483739552,4.397150483739552,8.75776438689254,8.75776438689254,0.0,0.0,96.09963114827691,96.09963114827664
2000-04-30,4.3968982904894105,4.3968982904894105,8.75776438689254,8.75776438689254,0.0,0.0,108.63861467739214,108.63861467739274
2000-05-01,4.396567725795793,4.396567725795793,8.71428017195524,8.71428017195524,0.0,0.0,0.0,0.0
2000-05-02,4.39621504999406,4.39621504999406,8.71428017195524,8.71428017195524,0.0,0.0,0.0,0.0
2000-05-03,4.395926718050664,4.395926718050664,8.71428017195524,8.71428017195524,0.0,0.0,0.0,0.0
2000-05-04,4.395702687175483,4.395702687175483,8.71428017195524,8.71428017195524,0.0,0.0,0.0,0.0
2000-05-05,4.395547237508691,4.395547237508691,8.71428017195524,8.71428017195524,0.0,0.0,0.0,0.0
2000-05-06,4.397336247648829,4.397336247648829,8.71428017195524,8.71428017195524,0.0,0.0,0.0,0.0
2000-05-07,4.4046765557058425,4.4046765557058425,8.71428017195524,8.71428017195524,0.0,0.0,0.0,0.0
2000-05-08,4.401376056045642,4.401376056045642,7.284932911816113,7.284932911816113,0.0,0.0,0.0,0.0
2000-05-09,4.395431357726006,4.395431357726006,7.284932911816113,7.284932911816113,0.0,0.0,0.0,0.0
2000-05-10,4.395414047075181,4.395414047075181,7.284932911816113,7.284932911816113,0.0,0.0,0.0,0.0
2000-05-11,4.395405998377799,4.395405998377799,7.284932911816113,7.284932911816113,0.0,0.0,0.0,0.0
2000-05-12,4.395402795296785,4.395402795296785,7.284932911816113,7.284932911816113,0.0,0.0,0.0,0.0
2000-05-13,4.395398966941561,4.395398966941561,7.284932911816113,7.284932911816113,0.0,0.0,0.0,0.0
2000-05-14,4.397039542168872,4.397039542168872,7.284932911816113,7.284932911816113,0.0,0.0,0.0,0.0
2000-05-15,4.398049320627635,4.398049320627635,6.369791918766549,6.369791918766549,0.0,0.0,0.0,0.0
2000-05-16,4.402876486723715,4.402876486723715,6.369791918766549,6.369791918766549,0.0,0.0,0.0,0.0
2000-05-17,4.3978554685510325,4.3978554685510325,6.369791918766549,6.369791918766549,0.0,0.0,0.0,0.0
2000-05-18,4.395395067214229,4.395395067214229,6.369791918766549,6.369791918766549,0.0,0.0,0.0,0.0
2000-05-19,4.395392775832016,4.395392775832016,6.369791918766549,6.369791918766549,0.0,0.0,0.0,0.0
2000-05-20,4.395387541133142,4.395387541133142,6.369791918766549,6.369791918766549,0.0,0.0,0.0,0.0
2000-05-21,4.3953805518561335,4.3953805518561335,6.369791918766549,6.369791918766549,0.0,0.0,0.0,0.0
2000-05-22,4.395372021407924,4.395372021407924,5.576210347130786,5.576210347130786,0.0,0.0,0.0,0.0
2000-05-23,4.395362494105141,4.395362494105141,5.576210347130786,5.576210347130786,0.0,0.0,0.0,0.0
2000-05-24,4.3953530791853,4.3953530791853,5.576210347130786,5.576210347130786,0.0,0.0,0.0,0.0
2000-05-25,4.395343933327462,4.395343933327462,5.576210347130786,5.576210347130786,0.0,0.0,0.0,0.0
2000-05-26,4.395335640701968,4.395335640701968,5.576210347130786,5.576210347130786,0.0,0.0,0.0,0.0
2000-05-27,4.395327905452837,4.395327905452837,5.576210347130786,5.576210347130786,0.0,0.0,0.0,0.0
2000-05-28,4.395319230957927,4.395319230957927,5.576210347130786,5.576210347130786,0.0,0.0,0.0,0.0
2000-05-29,4.395309479639352,4.395309479639352,4.441685591826479,4.441685591826479,0.0,0.0,1.9823190145783656,1.9823190145783607
2000-05-30,4.395299379185019,4.395299379185019,4.441685591826479,4.441685591826479,0.0,0.0,3.964638020275942,3.9646380202759324
2000-05-31,4.3952901805997975,4.3952901805997975,4.441685591826479,4.441685591826479,0.0,0.0,7.929276022790305,7.929276022790286
2000-06-01,4.395342070951979,4.395342070951979,4.441685591826479,4.441685591826479,0.0,0.0,3.11230955747261,3.11230955747261
2000-06-02,4.395332181529089,4.395332181529089,4.441685591826479,4.441685591826479,0.0,0.0,3.190069746044252,3.190069746044252
2000-06-03,4.395321373744448,4.395321373744448,4.441685591826479,4.441685591826479,0.0,0.0,3.52507473431804,3.52507473431804
2000-06-04,4.395309910820841,4.395309910820841,4.441685591826479,4.441685591826479,0.0,0.0,3.7788225289983526,3.7788225289983526
2000-06-05,4.39529784617757,4.39529784617757,4.404412790134115,4.404412790134115,0.0,0.0,4.090330950326566,4.090330950326566
2000-06-06,4.395286569735716,4.395286569735716,4.404412790134115,4.404412790134115,0.0,0.0,4.272862215557063,4.272862215557063
2000-06-07,4.398193071398687,4.398193071398687,4.404412790134115,4.404412790134115,0.0,0.0,4.37027404428043,4.37027404428043
2000-06-08,4.3966957787262775,4.3966957787262775,4.404412790134115,4.404412790134115,0.0,0.0,4.926405369520753,4.926405369520753
2000-06-09,4.39527226953721,4.39527226953721,4.404412790134115,4.404412790134115,0.0,0.0,4.881837689876691,4.881837689876691
2000-06-10,4.3952671899344065,4.3952671899344065,4.404412790134115,4.404412790134115,0.0,0.0,4.685421209828087,4.685421209828087
2000-06-11,4.395259014834836,4.395259014834836,4.404412790134115,4.404412790134115,0.0,0.0,4.645066748007244,4.645066748007244
2000-06-12,4.395249674769645,4.395249674769645,4.404412790134115,4.404412790134115,0.0,0.0,4.6330018054100295,4.6330018054100295
2000-06-13,4.395239194352864,4.395239194352864,4.404412790134115,4.404412790134115,0.0,0.0,4.681064271325745,4.681064271325745
2000-06-14,4.3952273723397175,4.3952273723397175,4.404412790134115,4.404412790134115,0.0,0.0,4.729551434395724,4.729551434395724
2000-06-15,4.395214116316468,4.395214116316468,4.404412790134115,4.404412790134115,0.0,0.0,4.90502554729712,4.90502554729712
2000-06-16,4.395200506342715,4.395200506342715,4.404412790134115,4.404412790134115,0.0,0.0,5.063074994522772,5.063074994522772
2000-06-17,4.395187269214987,4.395187269214987,4.404412790134115,4.404412790134115,0.0,0.0,5.097160795965424,5.097160795965424
2000-06-18,4.395174559883868,4.395174559883868,4.404412790134115,4.404412790134115,0.0,0.0,5.069373003194769,5.069373003194769
2000-06-19,4.380151304191397,4.380151304191397,4.38940118894,4.38940118894,0.0,0.0,5.074830435436784,5.074830435436784
2000-06-20,3.964895848996393,3.964895848996393,3.97415615421906,3.97415615421906,0.0,0.0,5.038732778629544,5.038732778629544
2000-06-21,4.115304135358101,4.115304135358101,4.12457467707036,4.12457467707036,0.0,0.0,4.99234674877045,4.99234674877045
2000-06-22,3.9317695836521067,3.9317695836521067,3.94105092884822,3.94105092884822,0.0,0.0,5.016585242383585,5.016585242383585
2000-06-23,3.5284561134480743,3.5284561134480743,3.53774824101624,3.53774824101624,0.0,0.0,0.7810559982504345,0.7810559982504345
2000-06-24,3.369846653131548,3.369846653131548,3.37914898117954,3.37914898117954,0.0,0.0,4.8924146078701165,4.8924146078701165
2000-06-25,3.1857934875678313,3.1857934875678313,3.19510533565364,3.19510533565364,0.0,0.0,0.7810559982504345,0.7810559982504345
2000-06-26,2.895941667954736,2.895941667954736,2.90526258881554,2.90526258881554,0.0,0.0,0.7810559982504345,0.7810559982504345
2000-06-27,2.7797664158900863,2.7797664158900863,2.7890961236227594,2.7890961236227594,0.0,0.0,5.377455109142385,5.377455109142385
2000-06-28,2.8813826084145444,2.8813826084145444,2.89072075540784,2.89072075540784,0.0,0.0,0.7810559982504345,0.7810559982504345
2000-06-29,3.306879725296691,3.306879725296691,3.3162261163291604,3.3162261163291604,0.0,0.0,0.7810559982504345,0.7810559982504345
2000-06-30,2.328899139064348,2.328899139064348,2.33825341469242,2.33825341469242,0.0,0.0,0.0,0.0
2000-07-01,2.17369633275863,2.17369633275863,2.1829636257000584,2.1829636257000584,0.0,0.0,0.7810559982504345,0.7810559982504345
2000-07-02,2.1737858030085624,2.1737858030085624,2.1830610104948653,2.1830610104948653,0.0,0.0,0.7810559982504345,0.7810559982504345
2000-07-03,2.1704592881154814,2.1704592881154814,2.1797413781742687,2.1797413781742687,0.0,0.0,0.7810559982504345,0.7810559982504345
2000-07-04,2.170526818248565,2.170526818248565,2.1798148909406145,2.1798148909406145,0.0,0.0,0.7810559982504345,0.7810559982504345
2000-07-05,2.170588729442436,2.170588729442436,2.179882308931951,2.179882308931951,0.0,0.0,0.7810559982504345,0.7810559982504345
2000-07-06,2.170647201400277,2.170647201400277,2.179945989828437,2.179945989828437,0.0,0.0,0.7810559982504345,0.7810559982504345
2000-07-07,2.170701962527557,2.170701962527558,2.180005654844456,2.180005654844457,0.0,0.0,0.7810559982504345,0.7810559982504345
2000-07-08,2.1707538813210387,2.1707538813210387,2.1800622746961222,2.1800622746961222,0.0,0.0,0.7810559982504345,0.7810559982504345
2000-07-09,2.1685446923360248,2.1685446923360248,2.177733554597926,2.177733554597926,0.0,0.0,0.7810559982504345,0.7810559982504345
2000-07-10,2.16232956285616,2.16232956285616,2.171645976407696,2.171645976407696,0.0,0.0,0.7810559982504345,0.7810559982504345
2000-07-11,2.1623727737979808,2.1623727737979808,2.1716932667637403,2.1716932667637403,0.0,0.0,0.7810559982504345,0.7810559982504345
2000-07-12,2.1624195471747494,2.1624195471747494,2.1717444771983128,2.1717444771983128,0.0,0.0,0.7810559982504345,0.7810559982504345
2000-07-13,2.16246228552889,2.16246228552889,2.1717913344662487,2.1717913344662487,0.0,0.0,0.7810559982504345,0.7810559982504345
2000-07-14,2.162499795130076,2.162499795130076,2.171832485023218,2.171832485023218,0.0,0.0,0.0,0.0
2000-07-15,2.1625336982242462,2.1625336982242462,2.171869716758463,2.171869716758463,0.0,0.0,0.7810559982504345,0.7810559982504345
2000-07-16,2.1625636149551566,2.1625636149551566,2.1719026121648612,2.1719026121648612,0.0,0.0,0.7810559982504345,0.7810559982504345
2000-07-17,2.1651415695480396,2.1651415695480396,2.1744830429824593,2.1744830429824593,0.0,0.0,0.7810559982504345,0.7810559982504345
2000-07-18,2.16516214308179,2.16516214308179,2.1745057027229033,2.1745057027229033,0.0,0.0,0.7810559982504345,0.7810559982504345
2000-07-19,2.1651796872186466,2.1651796872186466,2.1745250343928904,2.1745250343928904,0.0,0.0,0.7810559982504345,0.7810559982504345
2000-07-20,2.165194929411731,2.165194929411731,2.1745418456105456,2.1745418456105456,0.0,0.0,0.7810559982504345,0.7810559982504345
2000-07-21,2.1652081170153923,2.1652081170153923,2.1745563907952135,2.1745563907952135,0.0,0.0,0.7810559982504345,0.7810559982504345
2000-07-22,2.165219702233934,2.165219702233934,2.174569140492641,2.174569140492641,0.0,0.0,0.7810559982504345,0.7810559982504345
2000-07-23,2.165230145231175,2.165230145231175,2.174580585204226,2.174580585204226,0.0,0.0,0.7810559982504345,0.7810559982504345
2000-07-24,2.15928142875538,2.15928142875538,2.168632730599703,2.168632730599703,0.0,0.0,0.7810559982504345,0.7810559982504345
2000-07-25,2.1592892148292573,2.1592892148292573,2.1686412731693365,2.1686412731693365,0.0,0.0,0.7810559982504345,0.7810559982504345
2000-07-26,2.1592963904089726,2.1592963904089726,2.168649154878101,2.168649154878101,0.0,0.0,0.7810559982504345,0.7810559982504345
2000-07-27,2.1593022865552385,2.1593022865552385,2.168655690994252,2.168655690994252,0.0,0.0,0.7810559982504345,0.7810559982504345
2000-07-28,2.159307067145125,2.159307067145125,2.1686610501999097,2.1686610501999097,0.0,0.0,0.0,0.0
2000-07-29,2.159311280754197,2.159311280754197,2.168665707512822,2.168665707512822,0.0,0.0,0.7810559982504345,0.7810559982504345
2000-07-30,2.159314642913832,2.159314642913832,2.168669368413916,2.168669368413916,0.0,0.0,0.7810559982504345,0.7810559982504345
2000-07-31,2.157615251004949,2.157615251004949,2.166970270563653,2.166970270563653,0.0,0.0,0.7810559982504345,0.7810559982504345
2000-08-01,2.154502878055559,2.154502878055559,2.1635925869454566,2.1635925869454566,0.0,0.0,0.7810559982504345,0.7810559982504345
2000-08-02,2.1545064555111195,2.1545064555111195,2.1635965856792527,2.1635965856792527,0.0,0.0,0.7810559982504345,0.7810559982504345
2000-08-03,2.1545096426353507,2.1545096426353507,2.1636000358742606,2.1636000358742606,0.0,0.0,0.7810559982504345,0.7810559982504345
2000-08-04,2.154512295887637,2.154512295887637,2.1636028547686967,2.1636028547686967,0.0,0.0,0.7810559982504345,0.7810559982504345
2000-08-05,2.154514692514055,2.154514692514055,2.163605410314372,2.163605410314372,0.0,0.0,0.7810559982504345,0.7810559982504345
2000-08-06,2.1545170598922203,2.1545170598922203,2.163607936552217,2.163607936552217,0.0,0.0,0.7810559982504345,0.7810559982504345
2000-08-07,2.175796953697301,2.175796953697301,2.1848879891574,2.1848879891574,0.0,0.0,0.7810559982504345,0.7810559982504345
2000-08-08,2.1757987959514002,2.1757987959514002,2.184889990186515,2.184889990186515,0.0,0.0,0.7810559982504345,0.7810559982504345
2000-08-09,2.1758006383867117,2.1758006383867117,2.184891991409386,2.184891991409386,0.0,0.0,0.7810559982504345,0.7810559982504345
2000-08-10,2.175802479825356,2.175802479825356,2.184893991550926,2.184893991550926,0.0,0.0,0.7810559982504345,0.7810559982504345
2000-08-11,2.175804321433521,2.175804321433521,2.1848959918149515,2.1848959918149515,0.0,0.0,0.0,0.0
2000-08-12,2.1758061624220564,2.1758061624220564,2.184897991446805,2.184897991446805,0.0,0.0,0.7810559982504345,0.7810559982504345
2000-08-13,2.175808002793886,2.175808002793886,2.1848999904494097,2.1848999904494097,0.0,0.0,0.7810559982504345,0.7810559982504345
2000-08-14,2.191861032340885,2.191861032340885,2.200953178567606,2.200953178567606,0.0,0.0,0.7810559982504345,0.7810559982504345
2000-08-15,2.191862871935255,2.191862871935255,2.2009551766610533,2.2009551766610533,0.0,0.0,0.7810559982504345,0.7810559982504345
2000-08-16,2.1918647111964282,2.1918647111964282,2.200957174421303,2.200957174421303,0.0,0.0,0.7810559982504345,0.7810559982504345
2000-08-17,2.1918665500016483,2.1918665500016483,2.200959171713057,2.200959171713057,0.0,0.0,0.7810559982504345,0.7810559982504345
2000-08-18,2.1918683883070726,2.1918683883070726,2.20096116838586,2.20096116838586,0.0,0.0,0.7810559982504345,0.7810559982504345
2000-08-19,2.1918702262149994,2.1918702262149994,2.2009631647082,2.2009631647082,0.0,0.0,0.7810559982504345,0.7810559982504345
2000-08-20,2.1918720639095626,2.1918720639095626,2.2009651607575993,2.2009651607575993,0.0,0.0,0.7810559982504345,0.7810559982504345
2000-08-21,2.191873901276775,2.191873901276775,2.2009671564200697,2.2009671564200697,0.0,0.0,0.7810559982504345,0.7810559982504345
2000-08-22,2.191875738027281,2.191875738027281,2.2009691514532905,2.2009691514532905,0.0,0.0,0.7810559982504345,0.7810559982504345
2000-08-23,2.1918775742663006,2.1918775742663006,2.2009711459624826,2.2009711459624826,0.0,0.0,0.7810559982504345,0.7810559982504345
2000-08-24,2.1918794102861114,2.1918794102861114,2.200973140192888,2.200973140192888,0.0,0.0,0.7810559982504345,0.7810559982504345
2000-08-25,2.1918812455927643,2.1918812455927643,2.2009751336380146,2.2009751336380146,0.0,0.0,0.0,0.0
2000-08-26,2.1918830807386644,2.1918830807386644,2.2009771269223886,2.2009771269223886,0.0,0.0,0.7810559982504345,0.7810559982504345
2000-08-27,2.191884915256167,2.191884915256167,2.2009791195062443,2.2009791195062443,0.0,0.0,0.7810559982504345,0.7810559982504345
2000-08-28,2.152004477620264,2.152004477620264,2.161098839936695,2.161098839936695,0.0,0.0,0.7810559982504345,0.7810559982504345
2000-08-29,2.1507643500783993,2.1507643500783993,2.1596922037792807,2.1596922037792807,0.0,0.0,0.7810559982504345,0.7810559982504345
2000-08-30,2.152008145214339,2.152008145214339,2.161102823591356,2.161102823591356,0.0,0.0,0.7810559982504345,0.7810559982504345
2000-08-31,2.151463019941033,2.151463019941033,2.1605541679688085,2.1605541679688085,0.0,0.0,0.7810559982504345,0.7810559982504345
2000-09-01,2.1496946659803835,2.1496946659803835,2.1585272291644593,2.1585272291644593,0.0,0.0,0.7810559982504345,0.7810559982504345
2000-09-02,2.13618938533388,2.13618938533388,2.1442862167052406,2.1442862167052406,0.0,0.0,0.7810559982504345,0.7810559982504345
2000-09-03,2.152543758455088,2.152543758455088,2.1616841158701208,2.1616841158701208,0.0,0.0,0.7810559982504345,0.7810559982504345
2000-09-04,2.192427742504627,2.192427742504627,2.201568247477498,2.201568247477498,0.0,0.0,0.7810559982504345,0.7810559982504345
2000-09-05,2.1924294539979146,2.1924294539979146,2.2015701064055127,2.2015701064055127,0.0,0.0,0.7810559982504345,0.7810559982504345
2000-09-06,2.1924311650076014,2.1924311650076014,2.201571964893895,2.201571964893895,0.0,0.0,0.7810559982504345,0.7810559982504345
2000-09-07,2.1924328758314977,2.1924328758314977,2.2015738231407935,2.2015738231407935,0.0,0.0,0.7810559982504345,0.7810559982504345
2000-09-08,2.1924345858985723,2.1924345858985723,2.2015756805634523,2.2015756805634523,0.0,0.0,0.0,0.0
2000-09-09,2.1924362959875046,2.1924362959875046,2.2015775380079683,2.2015775380079683,0.0,0.0,0.7810559982504345,0.7810559982504345
2000-09-10,2.1924380057458404,2.1924380057458404,2.2015793950661946,2.2015793950661946,0.0,0.0,0.7810559982504345,0.7810559982504345
2000-09-11,2.192439714985056,2.192439714985056,2.201581251593576,2.201581251593576,0.0,0.0,0.7810559982504345,0.7810559982504345
2000-09-12,2.192441423666901,2.192441423666901,2.2015831075518624,2.2015831075518624,0.0,0.0,0.7810559982504345,0.7810559982504345
2000-09-13,2.192443131955309,2.192443131955309,2.2015849630053244,2.2015849630053244,0.0,0.0,0.7810559982504345,0.7810559982504345
2000-09-14,2.1924448403120214,2.1924448403120214,2.2015868185827845,2.2015868185827845,0.0,0.0,0.7810559982504345,0.7810559982504345
2000-09-15,2.192446547906448,2.192446547906448,2.2015886733305408,2.2015886733305408,0.0,0.0,0.7810559982504345,0.7810559982504345
2000-09-16,2.192448254916182,2.192448254916182,2.201590527426186,2.201590527426186,0.0,0.0,0.7810559982504345,0.7810559982504345
2000-09-17,2.1924499619423097,2.1924499619423097,2.201592381538225,2.201592381538225,0.0,0.0,0.7810559982504345,0.7810559982504345
2000-09-18,2.1466116259608916,2.1466116259608916,2.155754192587025,2.155754192587025,0.0,0.0,0.7810559982504345,0.7810559982504345
2000-09-19,2.1466133321345704,2.1466133321345704,2.1557560457791967,2.1557560457791967,0.0,0.0,0.7810559982504345,0.7810559982504345
2000-09-20,2.1466150375268374,2.1466150375268374,2.155757898122539,2.155757898122539,0.0,0.0,0.7810559982504345,0.7810559982504345
2000-09-21,2.146616742848067,2.146616742848067,2.1557597503948434,2.1557597503948434,0.0,0.0,0.7810559982504345,0.7810559982504345
2000-09-22,2.146618448092795,2.146618448092795,2.1557616025906463,2.1557616025906463,0.0,0.0,0.0,0.0
2000-09-23,2.146620152498735,2.146620152498735,2.15576345382455,2.15576345382455,0.0,0.0,0.7810559982504345,0.7810559982504345
2000-09-24,2.1466218569647837,2.1466218569647837,2.1557653051742554,2.1557653051742554,0.0,0.0,0.7810559982504345,0.7810559982504345
2000-09-25,2.0981102992521095,2.0981102992521095,2.10725389427782,2.10725389427782,0.0,0.0,0.7810559982504345,0.7810559982504345
2000-09-26,2.0981120023411255,2.0981120023411255,2.1072557441156565,2.1072557441156565,0.0,0.0,0.7810559982504345,0.7810559982504345
2000-09-27,2.0981137053153884,2.0981137053153884,2.1072575938387397,2.1072575938387397,0.0,0.0,0.7810559982504345,0.7810559982504345
2000-09-28,2.0981154080109663,2.0981154080109663,2.107259443227445,2.107259443227445,0.0,0.0,0.7810559982504345,0.7810559982504345
2000-09-29,2.0981171102666587,2.0981171102666587,2.1072612921645395,2.1072612921645395,0.0,0.0,0.7810559982504345,0.7810559982504345
2000-09-30,2.098118812153503,2.098118812153503,2.107263140677093,2.107263140677093,0.0,0.0,0.7810559982504345,0.7810559982504345
2000-10-01,2.099636313624019,2.099636313624019,2.1089100344387917,2.1089100344387917,0.0,0.0,0.7810559982504345,0.7810559982504345
2000-10-02,2.1281498327761423,2.1281498327761423,2.1374236706669563,2.1374236706669563,0.0,0.0,0.7810559982504345,0.7810559982504345
2000-10-03,2.1281511911986852,2.1281511911986852,2.137425146085951,2.137425146085951,0.0,0.0,0.7810559982504345,0.7810559982504345
2000-10-04,2.128152548872826,2.128152548872826,2.1374266207822927,2.1374266207822927,0.0,0.0,0.7810559982504345,0.7810559982504345
2000-10-05,2.1281539063375003,2.1281539063375003,2.137428095224692,2.137428095224692,0.0,0.0,0.7810559982504345,0.7810559982504345
2000-10-06,2.1281552637519914,2.1281552637519914,2.137429569572431,2.137429569572431,0.0,0.0,0.0,0.0
2000-10-07,2.1281566205773603,2.1281566205773603,2.137431043321685,2.137431043321685,0.0,0.0,0.7810559982504345,0.7810559982504345
2000-10-08,2.128157977271813,2.128157977271813,2.1374325168955464,2.1374325168955464,0.0,0.0,0.7810559982504345,0.7810559982504345
2000-10-09,2.038604549505247,2.038604549505247,2.044296720264681,2.044296720264681,0.0,0.0,0.7810559982504345,0.7810559982504345
2000-10-10,2.073975657832271,2.073975657832271,2.0831810756550437,2.0831810756550437,0.0,0.0,0.7810559982504345,0.7810559982504345
2000-10-11,2.0499341695467006,2.0499341695467006,2.057868220246278,2.057868220246278,0.0,0.0,0.7810559982504345,0.7810559982504345
2000-10-12,2.0741178693998594,2.0741178693998594,2.083392876351616,2.083392876351616,0.0,0.0,0.7810559982504345,0.7810559982504345
2000-10-13,2.0741192241502118,2.0741192241502118,2.0833943478198576,2.0833943478198576,0.0,0.0,0.7810559982504345,0.7810559982504345
2000-10-14,2.0741205784030834,2.0741205784030834,2.0833958187812542,2.0833958187812542,0.0,0.0,0.7810559982504345,0.7810559982504345
2000-10-15,2.0741219324704914,2.0741219324704914,2.0833972895571877,2.0833972895571877,0.0,0.0,0.7810559982504345,0.7810559982504345
2000-10-16,2.1179554690649853,2.1179554690649853,2.1272309428063667,2.1272309428063667,0.0,0.0,0.7810559982504345,0.7810559982504345
2000-10-17,2.1179568223447154,2.1179568223447154,2.127232412696306,2.127232412696306,0.0,0.0,0.7810559982504345,0.7810559982504345
2000-10-18,2.117958175144421,2.117958175144421,2.127233882096857,2.127233882096857,0.0,0.0,0.7810559982504345,0.7810559982504345
2000-10-19,2.1179595278743046,2.1179595278743046,2.127235351427586,2.127235351427586,0.0,0.0,0.7810559982504345,0.7810559982504345
2000-10-20,2.1179608801830754,2.1179608801830754,2.127236820283362,2.127236820283362,0.0,0.0,0.0,0.0
2000-10-21,2.1179622323238374,2.1179622323238374,2.12723828897113,2.12723828897113,0.0,0.0,0.7810559982504345,0.7810559982504345
2000-10-22,2.1179635839147526,2.1179635839147526,2.1272397570552104,2.1272397570552104,0.0,0.0,0.7810559982504345,0.7810559982504345
2000-10-23,2.0120017565032255,2.0120017565032255,2.0212780460923727,2.0212780460923727,0.0,0.0,0.7810559982504345,0.7810559982504345
2000-10-24,2.0120031078126717,2.0120031078126717,2.021279513850508,2.021279513850508,0.0,0.0,0.7810559982504345,0.7810559982504345
2000-10-25,1.9855158210928452,1.9855158210928452,1.9919377333008577,1.9919377333008577,0.0,0.0,0.7810559982504345,0.7810559982504345
2000-10-26,1.9209765951315982,1.9209765951315982,1.9216499080054423,1.9216499080054423,0.0,0.0,0.7810559982504345,0.7810559982504345
2000-10-27,1.9640234668928402,1.9640234668928402,1.9687228871502707,1.9687228871502707,0.0,0.0,0.7810559982504345,0.7810559982504345
2000-10-28,1.9235032354890642,1.9235032354890642,1.924764051714746,1.924764051714746,0.0,0.0,0.7810559982504345,0.7810559982504345
2000-10-29,1.624448286215337,1.624448286215337,1.5987410054456146,1.5987410054456146,0.0,0.0,0.7810559982504345,0.7810559982504345
2000-10-30,1.5383402090064515,1.5383402090064515,1.5283983552197529,1.5283983552197529,0.0,0.0,0.7810559982504345,0.7810559982504345
2000-10-31,1.7556440653238028,1.7556440653238028,1.7649056624994806,1.7649056624994806,0.0,0.0,0.7810559982504345,0.7810559982504345
2000-11-01,1.7550481639889879,1.7550481639889879,1.7642577152949646,1.7642577152949646,0.0,0.0,1.562111993001738,1.562111993001738
2000-11-02,1.7549515270996143,1.7549515270996143,1.7641514522461323,1.7641514522461323,0.0,0.0,3.1242239790052144,3.1242239790052144
2000-11-03,1.7548833598532467,1.7548833598532467,1.7640763877343826,1.7640763877343826,0.0,0.0,6.248447944013906,6.248447944013906
2000-11-04,1.7548339044300192,1.7548339044300192,1.7640219218500668,1.7640219218500668,0.0,0.0,12.496895860034765,12.496895860034765
2000-11-05,1.7547971501964925,1.7547971501964925,1.7639814621818148,1.7639814621818148,0.0,0.0,24.993791664083435,24.993791664083435
2000-11-06,1.407090048274761,1.407090048274761,1.416271495390116,1.416271495390116,0.0,0.0,0.0,0.0
2000-11-07,1.4070670928166202,1.4070670928166202,1.4162462636359703,1.4162462636359703,0.0,0.0,0.0,0.0
2000-11-08,1.4070479272807044,1.4070479272807044,1.4162252140719578,1.4162252140719578,0.0,0.0,0.0,0.0
2000-11-09,1.387393305858043,1.387393305858043,1.3934584148060536,1.3934584148060536,0.0,0.0,0.0,0.0
2000-11-10,1.3982154144615584,1.3982154144615584,1.4063331493953555,1.4063331493953555,0.0,0.0,0.0,0.0
2000-11-11,1.4029448863811003,1.4029448863811003,1.4117175297693503,1.4117175297693503,0.0,0.0,0.0,0.0
2000-11-12,1.4069477359176163,1.4069477359176163,1.416118294937252,1.416118294937252,0.0,0.0,0.0,0.0
2000-11-13,1.5704048131183608,1.5704048131183608,1.579255380427543,1.579255380427543,0.0,0.0,0.0,0.0
2000-11-14,1.5714801181395506,1.5714801181395506,1.5803583272454516,1.5803583272454516,0.0,0.0,0.0,0.0
2000-11-15,1.5750111399660105,1.5750111399660105,1.5841768964202936,1.5841768964202936,0.0,0.0,0.0,0.0
2000-11-16,1.5750215094049553,1.5750215094049553,1.5841866959347912,1.5841866959347912,0.0,0.0,0.0,0.0
2000-11-17,1.5750107153549804,1.5750107153549804,1.5841747639754913,1.5841747639754913,0.0,0.0,0.0,0.0
2000-11-18,1.5750016750604747,1.5750016750604747,1.5841647719653207,1.5841647719653207,0.0,0.0,0.0,0.0
2000-11-19,1.5749952025694243,1.5749952025694243,1.5841576140097604,1.5841576140097604,0.0,0.0,0.0,0.0
2000-11-20,1.4191688453603277,1.4191688453603277,1.428296241109425,1.428296241109425,0.0,0.0,0.0,0.0
2000-11-21,1.4187376625415746,1.4187376625415746,1.4278372516355593,1.4278372516355593,0.0,0.0,0.0,0.0
2000-11-22,1.4189367717508057,1.4189367717508057,1.428054272677389,1.428054272677389,0.0,0.0,0.0,0.0
2000-11-23,1.4192323794527753,1.4192323794527753,1.4283936749245398,1.4283936749245398,0.0,0.0,0.0,0.0
2000-11-24,1.4192289249792824,1.4192289249792824,1.4283898405767872,1.4283898405767872,0.0,0.0,0.0,0.0
2000-11-25,1.4192263523282687,1.4192263523282687,1.4283869702797192,1.4283869702797192,0.0,0.0,0.0,0.0
2000-11-26,1.4192254281938605,1.4192254281938605,1.4283859183774177,1.4283859183774177,0.0,0.0,0.0,0.0
2000-11-27,1.4996548178712763,1.4996548178712763,1.5088152239925792,1.5088152239925792,0.0,0.0,0.0,0.0
2000-11-28,1.4973224897757393,1.4973224897757393,1.5064827928385625,1.5064827928385625,0.0,0.0,0.0,0.0
2000-11-29,1.4805283188528366,1.4805283188528366,1.487368697087993,1.487368697087993,0.0,0.0,0.0,0.0
2000-11-30,1.4958534318042813,1.4958534318042813,1.504500480787945,1.504500480787945,0.0,0.0,0.0,0.0
2000-12-01,1.4992314840033811,1.4992314840033811,1.50835727400575,1.50835727400575,0.0,0.0,0.0,0.0
2000-12-02,1.4992556721761456,1.4992556721761456,1.5083813720080075,1.5083813720080075,0.0,0.0,0.0,0.0
2000-12-03,1.4992562203883082,1.4992562203883082,1.5083819407352652,1.5083819407352652,0.0,0.0,0.0,0.0
2000-12-04,1.4222335498824195,1.4222335498824195,1.4313595293559873,1.4313595293559873,0.0,0.0,0.0,0.0
2000-12-05,1.4222382486921077,1.4222382486921077,1.4313646766495567,1.4313646766495567,0.0,0.0,0.0,0.0
2000-12-06,1.422244083237425,1.422244083237425,1.4313710736815342,1.4313710736815342,0.0,0.0,0.0,0.0
2000-12-07,1.4222505338178941,1.4222505338178941,1.4313781750300756,1.4313781750300756,0.0,0.0,0.0,0.0
2000-12-08,1.4222558181407836,1.4222558181407836,1.4313840034626784,1.4313840034626784,0.0,0.0,0.0,0.0
2000-12-09,1.4222598771452923,1.4222598771452923,1.4313884600037912,1.4313884600037912,0.0,0.0,0.0,0.0
2000-12-10,1.4222632999527265,1.4222632999527265,1.4313922075898502,1.4313922075898502,0.0,0.0,0.0,0.0
2000-12-11,1.3607029529950065,1.3607029529950065,1.362387972093989,1.362387972093989,0.0,0.0,0.0,0.0
2000-12-12,1.3977079982753637,1.3977079982753637,1.403999068715442,1.403999068715442,0.0,0.0,0.0,0.0
2000-12-13,1.393941850700298,1.393941850700298,1.3996587843965322,1.3996587843965322,0.0,0.0,0.0,0.0
2000-12-14,1.3643028559819341,1.3643028559819341,1.3670544504274673,1.3670544504274673,0.0,0.0,0.0,0.0
2000-12-15,1.4179410985705525,1.4179410985705525,1.4260916352708035,1.4260916352708035,0.0,0.0,0.0,0.0
2000-12-16,1.427604341842601,1.427604341842601,1.4367300155609695,1.4367300155609695,0.0,0.0,0.0,0.0
2000-12-17,1.4281837509131778,1.4281837509131778,1.4373081271040982,1.4373081271040982,0.0,0.0,0.0,0.0
2000-12-18,1.437111075320779,1.437111075320779,1.4462342097403746,1.4462342097403746,0.0,0.0,0.0,0.0
2000-12-19,1.4371029743570325,1.4371029743570325,1.446225025053407,1.446225025053407,0.0,0.0,0.0,0.0
2000-12-20,1.437096844228642,1.437096844228642,1.4462180529317747,1.4462180529317747,0.0,0.0,0.0,0.0
2000-12-21,1.4370915226170615,1.4370915226170615,1.4462120019228462,1.4462120019228462,0.0,0.0,0.0,0.0
2000-12-22,1.4370865473514551,1.4370865473514551,1.4462063489940709,1.4462063489940709,0.0,0.0,0.0,0.0
2000-12-23,1.4370816177292411,1.4370816177292411,1.4462007680553375,1.4462007680553375,0.0,0.0,0.0,0.0
2000-12-24,1.437075765232305,1.437075765232305,1.4461941857106377,1.4461941857106377,0.0,0.0,0.0,0.0
2000-12-25,1.438772819746315,1.438772819746315,1.4478905857631694,1.4478905857631694,0.0,0.0,0.0,0.0
2000-12-26,1.4387682440468483,1.4387682440468483,1.4478854287576286,1.4478854287576286,0.0,0.0,0.0,0.0
2000-12-27,1.438765214717957,1.438765214717957,1.447881995591617,1.447881995591617,0.0,0.0,0.0,0.0
2000-12-28,1.438764393845672,1.438764393845672,1.447881025388091,1.447881025388091,0.0,0.0,0.0,0.0
2000-12-29,1.4387640573065323,1.4387640573065323,1.4478805850043635,1.4478805850043635,0.0,0.0,0.0,0.0
2000-12-30,1.4387644411832192,1.4387644411832192,1.4478809395590098,1.4478809395590098,0.0,0.0,0.0,0.0
2000-12-31,1.4387657933878601,1.4387657933878601,1.4478823744016234,1.4478823744016234,0.0,0.0,0.0,0.0
2001-01-01,1.42793423244694,1.42793423244694,1.4372561898263723,1.4372561898263723,0.0,0.0,0.0,0.0
2001-01-02,1.4279350293276134,1.4279350293276134,1.4372570476879107,1.4372570476879107,0.0,0.0,0.0,0.0
2001-01-03,1.4279363053075775,1.4279363053075775,1.437258443375545,1.437258443375545,0.0,0.0,0.0,0.0
2001-01-04,1.4279382177064674,1.4279382177064674,1.4372605445441515,1.4372605445441515,0.0,0.0,0.0,0.0
2001-01-05,1.4279411062696274,1.4279411062696274,1.4372637275937277,1.4372637275937277,0.0,0.0,0.0,0.0
2001-01-06,1.4279441332466694,1.4279441332466694,1.4372670641375267,1.4372670641375267,0.0,0.0,0.0,0.0
2001-01-07,1.4039103821521703,1.4039103821521703,1.4112964936778696,1.4112964936778696,0.0,0.0,0.0,0.0
2001-01-08,1.3464317550900051,1.3464317550900051,1.3495609905411052,1.3495609905411052,0.0,0.0,0.0,0.0
2001-01-09,1.3823465983215275,1.3823465983215275,1.388838374963329,1.388838374963329,0.0,0.0,0.0,0.0
2001-01-10,0.8748796093243912,0.8748796093243912,0.8347817672883924,0.8347817672883924,0.0,0.0,0.0,0.0
2001-01-11,0.789320297476017,0.789320297476017,0.7331365091591368,0.7331365091591368,0.0,0.0,0.0,0.0
2001-01-12,1.3359749690300704,1.3359749690300704,1.3352647905233013,1.3352647905233013,0.0,0.0,0.0,0.0
2001-01-13,1.377829705426648,1.377829705426648,1.386540062453937,1.386540062453937,0.0,0.0,0.0,0.0
2001-01-14,1.3956388317511632,1.3956388317511632,1.4048276576644205,1.4048276576644205,0.0,0.0,0.0,0.0
2001-01-15,1.0025168291383657,1.0025168291383657,1.011524607171317,1.011524607171317,0.0,0.0,0.0,0.0
2001-01-16,1.0031777802477733,1.0031777802477733,1.012218702967145,1.012218702967145,0.0,0.0,0.0,0.0
2001-01-17,1.0049994037973873,1.0049994037973873,1.0141684867004717,1.0141684867004717,0.0,0.0,0.0,0.0
2001-01-18,1.0040481829336048,1.0040481829336048,1.0131467598009902,1.0131467598009902,0.0,0.0,0.0,0.0
2001-01-19,1.0048132835216692,1.0048132835216692,1.0139290095640356,1.0139290095640356,0.0,0.0,0.0,0.0
2001-01-20,1.0049551216411146,1.0049551216411146,1.0141173211575274,1.0141173211575274,0.0,0.0,0.0,0.0
2001-01-21,1.004935879296478,1.004935879296478,1.0140967615141467,1.0140967615141467,0.0,0.0,0.0,0.0
2001-01-22,1.4143071549339408,1.4143071549339408,1.42346729441588,1.42346729441588,0.0,0.0,0.0,0.0
2001-01-23,1.044675127073773,1.044675127073773,1.0209352081442784,1.0209352081442784,0.0,0.0,0.0,0.0
2001-01-24,0.9959415571963111,0.9959415571963111,0.9672180767731419,0.9672180767731419,0.0,0.0,0.0,0.0
2001-01-25,1.2051491212989882,1.2051491212989882,1.1976654803694287,1.1976654803694287,0.0,0.0,0.0,0.0
2001-01-26,1.3225495504187674,1.3225495504187674,1.321802302835491,1.321802302835491,0.0,0.0,0.0,0.0
2001-01-27,1.3875257269118757,1.3875257269118757,1.391810941645209,1.391810941645209,0.0,0.0,0.0,0.0
2001-01-28,1.3930002410856945,1.3930002410856945,1.4000301598646474,1.4000301598646474,0.0,0.0,0.0,0.0
2001-01-29,1.308094830953894,1.308094830953894,1.315192939166199,1.315192939166199,0.0,0.0,0.0,0.0
2001-01-30,1.3369808405701487,1.3369808405701487,1.345825696374198,1.345825696374198,0.0,0.0,0.0,0.0
2001-01-31,1.3437937431153546,1.3437937431153546,1.3528143746397356,1.3528143746397356,0.0,0.0,0.0,0.0
2001-02-01,1.344973704562577,1.344973704562577,1.3540981632168307,1.3540981632168307,0.0,0.0,0.0,0.0
2001-02-02,1.3449427110126193,1.3449427110126193,1.3540647006860789,1.3540647006860789,0.0,0.0,0.0,0.0
2001-02-03,1.3449217793281272,1.3449217793281272,1.3540421599342003,1.3540421599342003,0.0,0.0,0.0,0.0
2001-02-04,1.3449103969280776,1.3449103969280776,1.3540299949212324,1.3540299949212324,0.0,0.0,0.0,0.0
2001-02-05,4.395293093057225,4.395293093057225,5.188941218982714,5.188941218982714,0.0,0.0,0.0,0.0
2001-02-06,4.396043279763981,4.396043279763981,5.188941218982714,5.188941218982714,0.0,0.0,0.0,0.0
2001-02-07,4.3954988482024895,4.3954988482024895,5.188941218982714,5.188941218982714,0.0,0.0,0.0,0.0
2001-02-08,4.395304507541521,4.395304507541521,5.188941218982714,5.188941218982714,0.0,0.0,0.0,0.0
2001-02-09,4.40105712951609,4.40105712951609,5.188941218982714,5.188941218982714,0.0,0.0,0.0,0.0
2001-02-10,4.403734140906936,4.403734140906936,5.188941218982714,5.188941218982714,0.0,0.0,0.0,0.0
2001-02-11,4.412760306385853,4.412760306385853,5.188941218982714,5.188941218982714,0.0,0.0,0.0,0.0
2001-02-12,4.401148290144525,4.401148290144525,5.188941219511044,5.188941219511044,0.0,0.0,0.0,0.0
2001-02-13,4.400117262096927,4.400117262096927,5.188941219511044,5.188941219511044,0.0,0.0,0.0,0.0
2001-02-14,4.406706838879881,4.406706838879881,5.188941219511044,5.188941219511044,0.0,0.0,0.0,0.0
2001-02-15,4.403835918632712,4.403835918632712,5.188941219511044,5.188941219511044,0.0,0.0,0.0,0.0
2001-02-16,4.3955662556298565,4.3955662556298565,5.188941219511044,5.188941219511044,0.0,0.0,0.0,0.0
2001-02-17,4.395462826161765,4.395462826161765,5.188941219511044,5.188941219511044,0.0,0.0,0.0,0.0
2001-02-18,4.395987403170002,4.395987403170002,5.188941219511044,5.188941219511044,0.0,0.0,0.0,0.0
2001-02-19,4.422250257298925,4.422250257298925,5.188941220064532,5.188941220064532,0.0,0.0,0.0,0.0
2001-02-20,4.414374247832088,4.414374247832088,5.18894122006453,5.18894122006453,0.0,0.0,0.0,0.0
2001-02-21,4.395421779175061,4.395421779175061,5.188941220064531,5.188941220064531,0.0,0.0,0.0,0.0
2001-02-22,4.4098719566329905,4.4098719566329905,5.188941220064532,5.188941220064532,0.0,0.0,0.0,0.0
2001-02-23,4.405177837601592,4.405177837601592,5.188941220064532,5.188941220064532,0.0,0.0,0.0,0.0
2001-02-24,4.39934321342779,4.39934321342779,5.188941220064531,5.188941220064531,0.0,0.0,0.0,0.0
2001-02-25,4.412510978016981,4.412510978016981,5.188941220064531,5.188941220064531,0.0,0.0,0.0,0.0
2001-02-26,4.402385180884657,4.402385180884657,5.188941220645692,5.188941220645692,0.0,0.0,0.0,0.0
2001-02-27,4.3973385172423445,4.3973385172423445,5.188941220645693,5.188941220645693,0.0,0.0,0.0,0.0
2001-02-28,4.404189361231873,4.404189361231873,5.1889412206456935,5.1889412206456935,0.0,0.0,0.0,0.0
2001-03-01,4.400554193420769,4.400554193420769,5.188941220645693,5.188941220645693,0.0,0.0,0.0,0.0
2001-03-02,4.398775943144723,4.398775943144723,5.188941220645693,5.188941220645693,0.0,0.0,0.0,0.0
2001-03-03,4.40091313850206,4.40091313850206,5.188941220645693,5.188941220645693,0.0,0.0,0.0,0.0
2001-03-04,4.44214534433735,4.44214534433735,5.188941220645693,5.188941220645693,0.0,0.0,0.0,0.0
2001-03-05,4.446235727993223,4.446235727993223,5.188941221257442,5.188941221257442,0.0,0.0,0.0,0.0
2001-03-06,4.41541147379449,4.41541147379449,5.188941221257442,5.188941221257442,0.0,0.0,0.0,0.0
2001-03-07,4.415942720582402,4.415942720582402,5.188941221257442,5.188941221257442,0.0,0.0,0.0,0.0
2001-03-08,4.416630948324057,4.416630948324057,5.188941221257442,5.188941221257442,0.0,0.0,0.0,0.0
2001-03-09,4.416201110656647,4.416201110656647,5.188941221257442,5.188941221257442,0.0,0.0,0.0,0.0
2001-03-10,4.415460122780261,4.415460122780261,5.188941221257442,5.188941221257442,0.0,0.0,0.0,0.0
2001-03-11,4.414651700098928,4.414651700098928,5.188941221257442,5.188941221257442,0.0,0.0,0.0,0.0
2001-03-12,4.413653385776554,4.413653385776554,5.188941221903181,5.188941221903181,0.0,0.0,0.0,0.0
2001-03-13,4.412505702286891,4.412505702286891,5.188941221903181,5.188941221903181,0.0,0.0,0.0,0.0
2001-03-14,4.411231536299968,4.411231536299968,5.188941221903181,5.188941221903181,0.0,0.0,0.0,0.0
2001-03-15,4.409909722087599,4.409909722087599,5.188941221903182,5.188941221903182,0.0,0.0,0.0,0.0
2001-03-16,4.408702433908346,4.408702433908346,5.188941221903181,5.188941221903181,0.0,0.0,0.0,0.0
2001-03-17,4.407649208585525,4.407649208585525,5.188941221903181,5.188941221903181,0.0,0.0,0.0,0.0
2001-03-18,4.406607068299978,4.406607068299978,5.188941221903181,5.188941221903181,0.0,0.0,0.0,0.0
2001-03-19,4.405517450134997,4.405517450134997,5.1889412225869,5.1889412225869,0.0,0.0,8.647986590636283,8.647986590636283
2001-03-20,4.404388334585308,4.404388334585308,5.1889412225869,5.1889412225869,0.0,0.0,17.295973142529583,17.295973142529583
2001-03-21,4.403287164010801,4.403287164010801,5.188941222586899,5.188941222586899,0.0,0.0,34.59194620757321,34.59194620757321
2001-03-22,4.402285923676413,4.402285923676413,5.188941222586899,5.188941222586899,0.0,0.0,69.18389226017449,69.18389226017449
2001-03-23,4.401435689031709,4.401435689031709,5.188941222586899,5.188941222586899,0.0,0.0,96.93093834267601,96.93093834267607
2001-03-24,4.402900907715235,4.402900907715235,5.188941222586899,5.188941222586899,0.0,0.0,3.715962256,3.715962256
2001-03-25,4.400299507135576,4.400299507135576,5.188941222586899,5.188941222586899,0.0,0.0,3.495658532,3.495658532
2001-03-26,4.400401706219961,4.400401706219961,5.188941223313347,5.188941223313347,0.0,0.0,0.0,0.0
2001-03-27,4.399490569526315,4.399490569526315,5.188941223313347,5.188941223313347,0.0,0.0,0.0,0.0
2001-03-28,4.399001072328512,4.399001072328512,5.188941223313347,5.188941223313347,0.0,0.0,0.0,0.0
2001-03-29,4.398509513237957,4.398509513237957,5.188941223313347,5.188941223313347,0.0,0.0,0.0,0.0
2001-03-30,4.398049939230335,4.398049939230335,5.188941223313347,5.188941223313347,0.0,0.0,0.0,0.0
2001-03-31,4.397643127628424,4.397643127628424,5.188941223313347,5.188941223313347,0.0,0.0,0.0,0.0
2001-04-01,4.397318752638551,4.397318752638551,5.188941223313347,5.188941223313347,0.0,0.0,0.0,0.0
2001-04-02,4.396921130764211,4.396921130764211,5.1889412240882296,5.1889412240882296,0.0,0.0,0.0,0.0
2001-04-03,4.39667832925005,4.39667832925005,5.1889412240882296,5.1889412240882296,0.0,0.0,0.0,0.0
2001-04-04,4.396549048019837,4.396549048019837,5.1889412240882296,5.1889412240882296,0.0,0.0,0.0,0.0
2001-04-05,4.396428823774008,4.396428823774008,5.1889412240882296,5.1889412240882296,0.0,0.0,0.0,0.0
2001-04-06,4.400474404554964,4.400474404554964,5.1889412240882296,5.1889412240882296,0.0,0.0,0.0,0.0
2001-04-07,4.398235691019224,4.398235691019224,5.1889412240882296,5.1889412240882296,0.0,0.0,0.0,0.0
2001-04-08,4.396586413696534,4.396586413696534,5.1889412240882296,5.1889412240882296,0.0,0.0,0.0,0.0
2001-04-09,4.396269399133213,4.396269399133213,5.18894122491846,5.18894122491846,0.0,0.0,0.0,0.0
2001-04-10,4.396151253336723,4.396151253336723,5.18894122491846,5.18894122491846,0.0,0.0,0.0,0.0
2001-04-11,4.396348148645256,4.396348148645256,5.18894122491846,5.18894122491846,0.0,0.0,0.0,0.0
2001-04-12,4.396230178936513,4.396230178936513,5.18894122491846,5.18894122491846,0.0,0.0,0.0,0.0
2001-04-13,4.395928119686622,4.395928119686622,5.18894122491846,5.18894122491846,0.0,0.0,0.0,0.0
2001-04-14,4.39584363495111,4.39584363495111,5.18894122491846,5.18894122491846,0.0,0.0,0.0,0.0
2001-04-15,4.39576272666074,4.39576272666074,5.18894122491846,5.18894122491846,0.0,0.0,0.0,0.0
2001-04-16,4.3956738032762726,4.3956738032762726,5.188941225812554,5.188941225812554,0.0,0.0,0.0,0.0
2001-04-17,4.395581228434375,4.395581228434375,5.188941225812554,5.188941225812554,0.0,0.0,0.0,0.0
2001-04-18,4.41295907309871,4.41295907309871,5.188941225812554,5.188941225812554,0.0,0.0,0.0,0.0
2001-04-19,4.416010099708785,4.416010099708785,5.188941225812554,5.188941225812554,0.0,0.0,0.0,0.0
2001-04-20,4.410739795003763,4.410739795003763,5.188941225812554,5.188941225812554,0.0,0.0,0.0,0.0
2001-04-21,4.420514022776903,4.420514022776903,5.188941225812554,5.188941225812554,0.0,0.0,0.0,0.0
2001-04-22,4.406555915879109,4.406555915879109,5.188941225812554,5.188941225812554,0.0,0.0,0.0,0.0
2001-04-23,4.4009595418298035,4.4009595418298035,5.1889412267811545,5.1889412267811545,0.0,0.0,0.0,0.0
2001-04-24,4.40160365582863,4.40160365582863,5.1889412267811545,5.1889412267811545,0.0,0.0,0.0,0.0
2001-04-25,4.401441212092267,4.401441212092267,5.1889412267811545,5.1889412267811545,0.0,0.0,0.0,0.0
2001-04-26,4.400836599909607,4.400836599909607,5.1889412267811545,5.1889412267811545,0.0,0.0,0.0,0.0
2001-04-27,4.400080983345432,4.400080983345432,5.1889412267811545,5.1889412267811545,0.0,0.0,0.0,0.0
2001-04-28,4.399357343822935,4.399357343822935,5.1889412267811545,5.1889412267811545,0.0,0.0,0.0,0.0
2001-04-29,4.398816563320322,4.398816563320322,5.1889412267811545,5.1889412267811545,0.0,0.0,0.0,0.0
2001-04-30,4.398385854588728,4.398385854588728,5.188941227837812,5.188941227837812,0.0,0.0,0.0,0.0
2001-05-01,4.397840109089617,4.397840109089617,5.188941227837812,5.188941227837812,0.0,0.0,0.0,0.0
2001-05-02,4.397276209811741,4.397276209811741,5.188941227837812,5.188941227837812,0.0,0.0,0.0,0.0
2001-05-03,4.396830487423301,4.396830487423301,5.188941227837812,5.188941227837812,0.0,0.0,0.0,0.0
2001-05-04,4.396469314145419,4.396469314145419,5.188941227837812,5.188941227837812,0.0,0.0,0.0,0.0
2001-05-05,4.396149901984969,4.396149901984969,5.188941227837812,5.188941227837812,0.0,0.0,0.0,0.0
2001-05-06,4.395874678523976,4.395874678523976,5.188941227837812,5.188941227837812,0.0,0.0,0.0,0.0
2001-05-07,4.39564655765108,4.39564655765108,5.188941229000134,5.188941229000134,0.0,0.0,13.649715019515984,13.649715019515984
2001-05-08,4.395483030332782,4.395483030332782,5.188941229000134,5.188941229000134,0.0,0.0,27.299429977881243,27.299429977881243
2001-05-09,4.395406236889552,4.395406236889552,5.188941229000134,5.188941229000134,0.0,0.0,54.59885983346104,54.59885983346104
2001-05-10,4.395390752488425,4.395390752488425,5.188941229000134,5.188941229000134,0.0,0.0,109.19771942231917,109.19771942231917
2001-05-11,4.395380702816471,4.395380702816471,5.188941229000134,5.188941229000134,0.0,0.0,61.04600293082265,61.04600293082265
2001-05-12,4.395370488060357,4.395370488060357,5.188941229000134,5.188941229000134,0.0,0.0,9.062115826,9.062115826
2001-05-13,4.39536100559155,4.39536100559155,5.188941229000134,5.188941229000134,0.0,0.0,7.657781462,7.657781462
2001-05-14,4.39535270829688,4.39535270829688,5.188941230291605,5.188941230291605,0.0,0.0,0.0,0.0
2001-05-15,4.395344355312253,4.395344355312253,5.188941230291605,5.188941230291605,0.0,0.0,0.0,0.0
2001-05-16,4.395335891721065,4.395335891721065,5.188941230291605,5.188941230291605,0.0,0.0,0.0,0.0
2001-05-17,4.395327330902861,4.395327330902861,5.188941230291605,5.188941230291605,0.0,0.0,0.0,0.0
2001-05-18,4.395318323184024,4.395318323184024,5.188941230291605,5.188941230291605,0.0,0.0,0.0,0.0
2001-05-19,4.395308729184124,4.395308729184124,5.188941230291605,5.188941230291605,0.0,0.0,0.0,0.0
2001-05-20,4.395298146010822,4.395298146010822,5.188941230291605,5.188941230291605,0.0,0.0,0.0,0.0
2001-05-21,4.395286814382535,4.395286814382535,5.18894123174451,5.18894123174451,0.0,0.0,0.0,0.0
2001-05-22,4.395274985196254,4.395274985196254,5.18894123174451,5.18894123174451,0.0,0.0,0.0,0.0
2001-05-23,4.3952628140989365,4.3952628140989365,5.18894123174451,5.18894123174451,0.0,0.0,0.0,0.0
2001-05-24,4.39525058705291,4.39525058705291,5.18894123174451,5.18894123174451,0.0,0.0,0.0,0.0
2001-05-25,4.395238366597807,4.395238366597807,5.18894123174451,5.18894123174451,0.0,0.0,0.0,0.0
2001-05-26,4.395226176178357,4.395226176178357,5.18894123174451,5.18894123174451,0.0,0.0,0.0,0.0
2001-05-27,4.395214342738648,4.395214342738648,5.18894123174451,5.18894123174451,0.0,0.0,0.0,0.0
2001-05-28,4.3952034703438985,4.3952034703438985,5.188941233404971,5.188941233404971,0.0,0.0,0.0,0.0
2001-05-29,4.39519381504289,4.39519381504289,5.188941233404971,5.188941233404971,0.0,0.0,0.0,0.0
2001-05-30,4.395184040265049,4.395184040265049,5.188941233404971,5.188941233404971,0.0,0.0,0.0,0.0
2001-05-31,4.395172603607918,4.395172603607918,5.188941233404971,5.188941233404971,0.0,0.0,0.0,0.0
2001-06-01,4.395209253327918,4.395209253327918,5.188941233404971,5.188941233404971,0.0,0.0,0.7810559982504345,0.7810559982504345
2001-06-02,4.395195977386736,4.395195977386736,5.188941233404971,5.188941233404971,0.0,0.0,0.7810559982504345,0.7810559982504345
2001-06-03,4.395184609136014,4.395184609136014,5.188941233404971,5.188941233404971,0.0,0.0,0.0,0.0
2001-06-04,4.395174800192935,4.395174800192935,4.9875299073280726,4.9875299073280726,0.0,0.0,0.7810559982504345,0.7810559982504345
2001-06-05,4.395164924364597,4.395164924364597,4.9875299073280726,4.9875299073280726,0.0,0.0,0.7810559982504345,0.7810559982504345
2001-06-06,4.395155340846907,4.395155340846907,4.9875299073280726,4.9875299073280726,0.0,0.0,0.7810559982504345,0.7810559982504345
2001-06-07,4.39514575984555,4.39514575984555,4.9875299073280726,4.9875299073280726,0.0,0.0,0.7810559982504345,0.7810559982504345
2001-06-08,4.395135080070055,4.395135080070055,4.9875299073280726,4.9875299073280726,0.0,0.0,0.7810559982504345,0.7810559982504345
2001-06-09,4.395124164254529,4.395124164254529,4.9875299073280726,4.9875299073280726,0.0,0.0,0.7810559982504345,0.7810559982504345
2001-06-10,4.395114029548647,4.395114029548647,4.9875299073280726,4.9875299073280726,0.0,0.0,0.7810559982504345,0.7810559982504345
2001-06-11,4.39510480639692,4.39510480639692,4.404412790134115,4.404412790134115,0.0,0.0,0.7810559982504345,0.7810559982504345
2001-06-12,4.395096286072253,4.395096286072253,4.404412790134115,4.404412790134115,0.0,0.0,0.7810559982504345,0.7810559982504345
2001-06-13,4.39508859702038,4.39508859702038,4.404412790134115,4.404412790134115,0.0,0.0,0.7810559982504345,0.7810559982504345
2001-06-14,4.395081101581724,4.395081101581724,4.404412790134115,4.404412790134115,0.0,0.0,0.7810559982504345,0.7810559982504345
2001-06-15,4.395073296287939,4.395073296287939,4.404412790134115,4.404412790134115,0.0,0.0,0.7810559982504345,0.7810559982504345
2001-06-16,4.395065325628964,4.395065325628964,4.404412790134115,4.404412790134115,0.0,0.0,0.7810559982504345,0.7810559982504345
2001-06-17,4.395057429693191,4.395057429693191,4.404412790134115,4.404412790134115,0.0,0.0,0.0,0.0
2001-06-18,4.395049919840785,4.395049919840785,4.404412790134115,4.404412790134115,0.0,0.0,0.7810559982504345,0.7810559982504345
2001-06-19,4.395042886092988,4.395042886092988,4.404412790134115,4.404412790134115,0.0,0.0,0.7810559982504345,0.7810559982504345
2001-06-20,4.395036246533217,4.395036246533217,4.404412790134115,4.404412790134115,0.0,0.0,0.7810559982504345,0.7810559982504345
2001-06-21,4.3950299917581646,4.3950299917581646,4.404412790134115,4.404412790134115,0.0,0.0,0.7810559982504345,0.7810559982504345
2001-06-22,4.173215783522346,4.173215783522346,4.18260439082666,4.18260439082666,0.0,0.0,0.7810559982504345,0.7810559982504345
2001-06-23,3.583799809843414,3.583799809843414,3.5931937593509797,3.5931937593509797,0.0,0.0,0.7810559982504345,0.7810559982504345
2001-06-24,3.151821419587067,3.151821419587067,3.16122026432718,3.16122026432718,0.0,0.0,0.7810559982504345,0.7810559982504345
2001-06-25,2.999273411084921,2.999273411084921,3.0086762789693795,3.0086762789693795,0.0,0.0,0.7810559982504345,0.7810559982504345
2001-06-26,2.6665972895300203,2.6665972895300203,2.67600316896096,2.67600316896096,0.0,0.0,0.7810559982504345,0.7810559982504345
2001-06-27,2.2355690213841295,2.2355690213841295,2.24497772196162,2.24497772196162,0.0,0.0,0.7810559982504345,0.7810559982504345
2001-06-28,2.175353214801008,2.1753532148010084,2.1847645961453845,2.184764596145385,0.0,0.0,0.7810559982504345,0.7810559982504345
2001-06-29,2.1753781592292327,2.1753781592292327,2.184792037995825,2.184792037995825,0.0,0.0,0.7810559982504345,0.7810559982504345
2001-06-30,2.1754045248519445,2.1754045248519445,2.1848210765839955,2.1848210765839955,0.0,0.0,0.7810559982504345,0.7810559982504345
2001-07-01,2.174483243285025,2.174483243285025,2.18382088703788,2.18382088703788,0.0,0.0,0.0,0.0
2001-07-02,2.171105133978579,2.171105133978579,2.180445503457964,2.180445503457964,0.0,0.0,0.7810559982504345,0.7810559982504345
2001-07-03,2.171126150211141,2.171126150211141,2.180468721656843,2.180468721656843,0.0,0.0,0.7810559982504345,0.7810559982504345
2001-07-04,2.171143121176046,2.171143121176046,2.1804874791286886,2.1804874791286886,0.0,0.0,0.7810559982504345,0.7810559982504345
2001-07-05,2.171158453089982,2.171158453089982,2.1805044355551515,2.1805044355551515,0.0,0.0,0.7810559982504345,0.7810559982504345
2001-07-06,2.1701882156181522,2.1701882156181522,2.179508817295998,2.179508817295998,0.0,0.0,0.7810559982504345,0.7810559982504345
2001-07-07,2.171182241805352,2.171182241805352,2.1805308176903617,2.1805308176903617,0.0,0.0,0.7810559982504345,0.7810559982504345
2001-07-08,2.1711910864171213,2.1711910864171213,2.1805406607187012,2.1805406607187012,0.0,0.0,0.7810559982504345,0.7810559982504345
2001-07-09,2.1626886408842982,2.1626886408842982,2.172039178461758,2.172039178461758,0.0,0.0,0.7810559982504345,0.7810559982504345
2001-07-10,2.1626966340737535,2.1626966340737535,2.1720480075185677,2.1720480075185677,0.0,0.0,0.7810559982504345,0.7810559982504345
2001-07-11,2.16270383104399,2.16270383104399,2.1720559272657924,2.1720559272657924,0.0,0.0,0.7810559982504345,0.7810559982504345
2001-07-12,2.1627098544394485,2.1627098544394485,2.172062598411942,2.172062598411942,0.0,0.0,0.7810559982504345,0.7810559982504345
2001-07-13,2.162714458806155,2.162714458806155,2.1720677831887967,2.1720677831887967,0.0,0.0,0.7810559982504345,0.7810559982504345
2001-07-14,2.1627183767468683,2.1627183767468683,2.17207225336309,2.17207225336309,0.0,0.0,0.7810559982504345,0.7810559982504345
2001-07-15,2.1627220501268383,2.1627220501268383,2.172076363145241,2.172076363145241,0.0,0.0,0.0,0.0
2001-07-16,2.165278190273541,2.165278190273541,2.174632775868477,2.174632775868477,0.0,0.0,0.7810559982504345,0.7810559982504345
2001-07-17,2.1652799982156057,2.1652799982156057,2.1746348093239605,2.1746348093239605,0.0,0.0,0.7810559982504345,0.7810559982504345
2001-07-18,2.165281550400806,2.165281550400806,2.1746365752281887,2.1746365752281887,0.0,0.0,0.7810559982504345,0.7810559982504345
2001-07-19,2.165283173492963,2.165283173492963,2.1746384321247567,2.1746384321247567,0.0,0.0,0.7810559982504345,0.7810559982504345
2001-07-20,2.1652848458466054,2.1652848458466054,2.1746403521024225,2.1746403521024225,0.0,0.0,0.7810559982504345,0.7810559982504345
2001-07-21,2.1652864304737953,2.1652864304737953,2.174642139127576,2.174642139127576,0.0,0.0,0.7810559982504345,0.7810559982504345
2001-07-22,2.165287865690995,2.165287865690995,2.174643703444865,2.174643703444865,0.0,0.0,0.7810559982504345,0.7810559982504345
2001-07-23,2.159331496480395,2.159331496480395,2.168687440509879,2.168687440509879,0.0,0.0,0.7810559982504345,0.7810559982504345
2001-07-24,2.159332780967649,2.159332780967649,2.168688827682053,2.168688827682053,0.0,0.0,0.7810559982504345,0.7810559982504345
2001-07-25,2.159333920187405,2.159333920187405,2.1686900651347347,2.1686900651347347,0.0,0.0,0.7810559982504345,0.7810559982504345
2001-07-26,2.159335059295056,2.159335059295056,2.168691302475311,2.168691302475311,0.0,0.0,0.7810559982504345,0.7810559982504345
2001-07-27,2.1593361980989356,2.1593361980989356,2.1686925395043564,2.1686925395043564,0.0,0.0,0.7810559982504345,0.7810559982504345
2001-07-28,2.159337336783477,2.159337336783477,2.1686937763772063,2.1686937763772063,0.0,0.0,0.7810559982504345,0.7810559982504345
2001-07-29,2.159338474874942,2.159338474874942,2.1686950126123627,2.1686950126123627,0.0,0.0,0.0,0.0
2001-07-30,2.1576373251298895,2.1576373251298895,2.1669939610110016,2.1669939610110016,0.0,0.0,0.7810559982504345,0.7810559982504345
2001-07-31,2.1576384629447065,2.1576384629447065,2.1669951969617505,2.1669951969617505,0.0,0.0,0.7810559982504345,0.7810559982504345
2001-08-01,2.1545380372725975,2.1545380372725975,2.1636301901594974,2.1636301901594974,0.0,0.0,0.7810559982504345,0.7810559982504345
2001-08-02,2.1545398753705047,2.1545398753705047,2.163632186756481,2.163632186756481,0.0,0.0,0.7810559982504345,0.7810559982504345
2001-08-03,2.1545417134742575,2.1545417134742575,2.163634183359311,2.163634183359311,0.0,0.0,0.7810559982504345,0.7810559982504345
2001-08-04,2.154543551075292,2.154543551075292,2.163636179399844,2.163636179399844,0.0,0.0,0.7810559982504345,0.7810559982504345
2001-08-05,2.1545453882642147,2.1545453882642147,2.1636381750157234,2.1636381750157234,0.0,0.0,0.7810559982504345,0.7810559982504345
2001-08-06,2.175825017791591,2.175825017791591,2.184917962957513,2.184917962957513,0.0,0.0,0.7810559982504345,0.7810559982504345
2001-08-07,2.175826854118294,2.175826854118294,2.184919957639052,2.184919957639052,0.0,0.0,0.7810559982504345,0.7810559982504345
2001-08-08,2.1758286897055337,2.1758286897055337,2.1849219515090064,2.1849219515090064,0.0,0.0,0.7810559982504345,0.7810559982504345
2001-08-09,2.175830525246009,2.175830525246009,2.184923945332197,2.184923945332197,0.0,0.0,0.7810559982504345,0.7810559982504345
2001-08-10,2.1758323600002565,2.1758323600002565,2.184925938297039,2.184925938297039,0.0,0.0,0.7810559982504345,0.7810559982504345
2001-08-11,2.1758341946785116,2.1758341946785116,2.1849279311858885,2.1849279311858885,0.0,0.0,0.7810559982504345,0.7810559982504345
2001-08-12,2.17583602914925,2.17583602914925,2.1849299238672213,2.1849299238672213,0.0,0.0,0.0,0.0
2001-08-13,2.19188905242981,2.19188905242981,2.2009831052862556,2.2009831052862556,0.0,0.0,0.7810559982504345,0.7810559982504345
2001-08-14,2.1918908855823744,2.1918908855823744,2.2009850965051734,2.2009850965051734,0.0,0.0,0.7810559982504345,0.7810559982504345
2001-08-15,2.1918927186121824,2.1918927186121824,2.200987087601334,2.200987087601334,0.0,0.0,0.7810559982504345,0.7810559982504345
2001-08-16,2.191894550899604,2.191894550899604,2.200989077882989,2.200989077882989,0.0,0.0,0.7810559982504345,0.7810559982504345
2001-08-17,2.1918963829853544,2.1918963829853544,2.200991067962972,2.200991067962972,0.0,0.0,0.7810559982504345,0.7810559982504345
2001-08-18,2.1918982148577415,2.1918982148577415,2.200993057770014,2.200993057770014,0.0,0.0,0.7810559982504345,0.7810559982504345
2001-08-19,2.1919000457422295,2.1919000457422295,2.2009950465640715,2.2009950465640715,0.0,0.0,0.7810559982504345,0.7810559982504345
2001-08-20,2.1919018769160723,2.1919018769160723,2.2009970356600266,2.2009970356600266,0.0,0.0,0.7810559982504345,0.7810559982504345
2001-08-21,2.191903707353375,2.191903707353375,2.200999023947321,2.200999023947321,0.0,0.0,0.7810559982504345,0.7810559982504345
2001-08-22,2.1919055371827394,2.1919055371827394,2.201001011554556,2.201001011554556,0.0,0.0,0.7810559982504345,0.7810559982504345
2001-08-23,2.191907366784127,2.191907366784127,2.201002998933815,2.201002998933815,0.0,0.0,0.7810559982504345,0.7810559982504345
2001-08-24,2.191909196239376,2.191909196239376,2.2010049861073573,2.2010049861073573,0.0,0.0,0.7810559982504345,0.7810559982504345
2001-08-25,2.191911024978544,2.191911024978544,2.2010069725522756,2.2010069725522756,0.0,0.0,0.7810559982504345,0.7810559982504345
2001-08-26,2.191912853156538,2.191912853156538,2.2010089583638996,2.2010089583638996,0.0,0.0,0.0,0.0
2001-08-27,2.152032409280501,2.152032409280501,2.1611286721214924,2.1611286721214924,0.0,0.0,0.7810559982504345,0.7810559982504345
2001-08-28,2.152034236496901,2.152034236496901,2.161130656899402,2.161130656899402,0.0,0.0,0.7810559982504345,0.7810559982504345
2001-08-29,2.1520360636373086,2.1520360636373086,2.1611326416013186,2.1611326416013186,0.0,0.0,0.7810559982504345,0.7810559982504345
2001-08-30,2.1520378906988014,2.1520378906988014,2.161134626224321,2.161134626224321,0.0,0.0,0.7810559982504345,0.7810559982504345
2001-08-31,2.1520397170237535,2.1520397170237535,2.1611366100386618,2.1611366100386618,0.0,0.0,0.7810559982504345,0.7810559982504345
2001-09-01,2.1525681270065316,2.1525681270065316,2.161710111447522,2.161710111447522,0.0,0.0,0.7810559982504345,0.7810559982504345
2001-09-02,2.152569833469824,2.152569833469824,2.161711965064144,2.161711965064144,0.0,0.0,0.7810559982504345,0.7810559982504345
2001-09-03,2.192453811511238,2.192453811511238,2.2015960902031946,2.2015960902031946,0.0,0.0,0.7810559982504345,0.7810559982504345
2001-09-04,2.1924555171166173,2.1924555171166173,2.2015979428944847,2.2015979428944847,0.0,0.0,0.7810559982504345,0.7810559982504345
2001-09-05,2.192457222596315,2.192457222596315,2.2015997954044004,2.2015997954044004,0.0,0.0,0.7810559982504345,0.7810559982504345
2001-09-06,2.19245892744214,2.19245892744214,2.201601647268719,2.201601647268719,0.0,0.0,0.7810559982504345,0.7810559982504345
2001-09-07,2.192460631675951,2.192460631675951,2.201603498453605,2.201603498453605,0.0,0.0,0.7810559982504345,0.7810559982504345
2001-09-08,2.1924623358387247,2.1924623358387247,2.2016053495674535,2.2016053495674535,0.0,0.0,0.7810559982504345,0.7810559982504345
2001-09-09,2.1924640397228132,2.1924640397228132,2.201607200346924,2.201607200346924,0.0,0.0,0.0,0.0
2001-09-10,2.1924657429621,2.1924657429621,2.2016090504698678,2.2016090504698678,0.0,0.0,0.7810559982504345,0.7810559982504345
2001-09-11,2.1924674457642346,2.1924674457642346,2.2016109001439337,2.2016109001439337,0.0,0.0,0.7810559982504345,0.7810559982504345
2001-09-12,2.192469148153805,2.192469148153805,2.2016127492940494,2.2016127492940494,0.0,0.0,0.7810559982504345,0.7810559982504345
2001-09-13,2.1924708506089488,2.1924708506089488,2.201614598565432,2.201614598565432,0.0,0.0,0.7810559982504345,0.7810559982504345
2001-09-14,2.192472552348254,2.192472552348254,2.2016164470535577,2.2016164470535577,0.0,0.0,0.7810559982504345,0.7810559982504345
2001-09-15,2.192474253885375,2.192474253885375,2.201618295283806,2.201618295283806,0.0,0.0,0.7810559982504345,0.7810559982504345
2001-09-16,2.1924759548460013,2.1924759548460013,2.201620142925835,2.201620142925835,0.0,0.0,0.7810559982504345,0.7810559982504345
2001-09-17,2.1466376131515363,2.1466376131515363,2.1557819478570788,2.1557819478570788,0.0,0.0,0.7810559982504345,0.7810559982504345
2001-09-18,2.1466393133526083,2.1466393133526083,2.1557837946721348,2.1557837946721348,0.0,0.0,0.7810559982504345,0.7810559982504345
2001-09-19,2.146641012840574,2.146641012840574,2.155785640706667,2.155785640706667,0.0,0.0,0.7810559982504345,0.7810559982504345
2001-09-20,2.1466427122602347,2.1466427122602347,2.1557874866728937,2.1557874866728937,0.0,0.0,0.7810559982504345,0.7810559982504345
2001-09-21,2.1466444114968377,2.1466444114968377,2.155789332400369,2.155789332400369,0.0,0.0,0.7810559982504345,0.7810559982504345
2001-09-22,2.1466461101951952,2.1466461101951952,2.1557911775778744,2.1557911775778744,0.0,0.0,0.7810559982504345,0.7810559982504345
2001-09-23,2.14664780864219,2.14664780864219,2.155793022504017,2.155793022504017,0.0,0.0,0.0,0.0
2001-09-24,2.061705732005276,2.061705732005276,2.0678903996123617,2.0678903996123617,0.0,0.0,0.7810559982504345,0.7810559982504345
2001-09-25,2.098137942627957,2.098137942627957,2.1072834492575505,2.1072834492575505,0.0,0.0,0.7810559982504345,0.7810559982504345
2001-09-26,2.0981396397470986,2.0981396397470986,2.1072852927210035,2.1072852927210035,0.0,0.0,0.7810559982504345,0.7810559982504345
2001-09-27,2.0981413365820902,2.0981413365820902,2.1072871358446132,2.1072871358446132,0.0,0.0,0.7810559982504345,0.7810559982504345
2001-09-28,2.0981430329198205,2.0981430329198205,2.107288978459237,2.107288978459237,0.0,0.0,0.7810559982504345,0.7810559982504345
2001-09-29,2.098144728948811,2.098144728948811,2.107290820709428,2.107290820709428,0.0,0.0,0.7810559982504345,0.7810559982504345
2001-09-30,2.098146424526987,2.098146424526987,2.107292662497079,2.107292662497079,0.0,0.0,0.7810559982504345,0.7810559982504345
2001-10-01,2.1281705206657366,2.1281705206657366,2.1374457659901562,2.1374457659901562,0.0,0.0,0.7810559982504345,0.7810559982504345
2001-10-02,2.1281718740611097,2.1281718740611097,2.1374472360940544,2.1374472360940544,0.0,0.0,0.7810559982504345,0.7810559982504345
2001-10-03,2.1281732272775638,2.1281732272775638,2.137448705974557,2.137448705974557,0.0,0.0,0.7810559982504345,0.7810559982504345
2001-10-04,2.1281745800663594,2.1281745800663594,2.137450175418038,2.137450175418038,0.0,0.0,0.7810559982504345,0.7810559982504345
2001-10-05,2.1281759327613323,2.1281759327613323,2.1374516447676966,2.1374516447676966,0.0,0.0,0.7810559982504345,0.7810559982504345
2001-10-06,2.1281772849326415,2.1281772849326415,2.1374531134953747,2.1374531134953747,0.0,0.0,0.7810559982504345,0.7810559982504345
2001-10-07,2.1281786369119406,2.1281786369119406,2.1374545820755193,2.1374545820755193,0.0,0.0,0.0,0.0
2001-10-08,2.074134457317997,2.074134457317997,2.083410519028581,2.083410519028581,0.0,0.0,0.7810559982504345,0.7810559982504345
2001-10-09,2.074135808596896,2.074135808596896,2.0834119868100096,2.0834119868100096,0.0,0.0,0.7810559982504345,0.7810559982504345
2001-10-10,2.0741371599368894,2.0741371599368894,2.083413454652532,2.083413454652532,0.0,0.0,0.7810559982504345,0.7810559982504345
2001-10-11,2.0741385103190146,2.0741385103190146,2.0834149214739828,2.0834149214739828,0.0,0.0,0.7810559982504345,0.7810559982504345
2001-10-12,2.0741398609193333,2.0741398609193333,2.083416388522991,2.083416388522991,0.0,0.0,0.7810559982504345,0.7810559982504345
2001-10-13,2.074141211100721,2.074141211100721,2.0834178550992277,2.0834178550992277,0.0,0.0,0.7810559982504345,0.7810559982504345
2001-10-14,2.0741425607824464,2.0741425607824464,2.083419321166439,2.083419321166439,0.0,0.0,0.7810559982504345,0.7810559982504345
2001-10-15,2.117976093464737,2.117976093464737,2.127252970234215,2.127252970234215,0.0,0.0,0.7810559982504345,0.7810559982504345
2001-10-16,2.117977442773352,2.117977442773352,2.12725443588384,2.12725443588384,0.0,0.0,0.7810559982504345,0.7810559982504345
2001-10-17,2.1179787913815673,2.1179787913815673,2.1272559007698613,2.1272559007698613,0.0,0.0,0.7810559982504345,0.7810559982504345
2001-10-18,2.1179801401970657,2.1179801401970657,2.127257365872529,2.127257365872529,0.0,0.0,0.7810559982504345,0.7810559982504345
2001-10-19,2.117981488373258,2.117981488373258,2.127258830282051,2.127258830282051,0.0,0.0,0.7810559982504345,0.7810559982504345
2001-10-20,2.1179828362396167,2.1179828362396167,2.127260294372376,2.127260294372376,0.0,0.0,0.7810559982504345,0.7810559982504345
2001-10-21,2.1179841839510574,2.1179841839510574,2.1272617583077826,2.1272617583077826,0.0,0.0,0.0,0.0
2001-10-22,2.012022352537868,2.012022352537868,2.0213000430296066,2.0213000430296066,0.0,0.0,0.7810559982504345,0.7810559982504345
2001-10-23,2.0120236996274588,2.0120236996274588,2.0213015062893236,2.0213015062893236,0.0,0.0,0.7810559982504345,0.7810559982504345
2001-10-24,2.012025046263208,2.012025046263208,2.021302969041359,2.021302969041359,0.0,0.0,0.7810559982504345,0.7810559982504345
2001-10-25,2.0120263926545805,2.0120263926545805,2.0213044315045416,2.0213044315045416,0.0,0.0,0.7810559982504345,0.7810559982504345
2001-10-26,2.012027738858307,2.012027738858307,2.021305893780078,2.021305893780078,0.0,0.0,0.7810559982504345,0.7810559982504345
2001-10-27,2.012029084660558,2.012029084660558,2.021307355600299,2.021307355600299,0.0,0.0,0.7810559982504345,0.7810559982504345
2001-10-28,2.0120304303558942,2.0120304303558942,2.021308817313605,2.021308817313605,0.0,0.0,0.7810559982504345,0.7810559982504345
2001-10-29,1.7285189678046577,1.7285189678046577,1.735504148937669,1.735504148937669,0.0,0.0,0.7810559982504345,0.7810559982504345
2001-10-30,1.6981305949677006,1.6981305949677006,1.7020420032888086,1.7020420032888086,0.0,0.0,0.7810559982504345,0.7810559982504345
2001-10-31,1.7325352215220757,1.7325352215220757,1.7397934568019418,1.7397934568019418,0.0,0.0,0.7810559982504345,0.7810559982504345
2001-11-01,1.754815172870055,1.754815172870055,1.764009174736733,1.764009174736733,0.0,0.0,1.562111993001738,1.562111993001738
2001-11-02,1.7554172682498774,1.7554172682498774,1.7646590659888637,1.7646590659888637,0.0,0.0,3.1242239790052144,3.1242239790052144
2001-11-03,1.7554186998019252,1.7554186998019252,1.764660621374393,1.764660621374393,0.0,0.0,6.248447944013906,6.248447944013906
2001-11-04,1.7554201294266587,1.7554201294266587,1.764662174669302,1.764662174669302,0.0,0.0,2.5583152184174085,2.5583152184174085
2001-11-05,1.4077430735225587,1.4077430735225587,1.416985242367543,1.416985242367543,0.0,0.0,0.0,0.0
2001-11-06,1.4077445013511192,1.4077445013511192,1.4169867937406593,1.4169867937406593,0.0,0.0,0.0,0.0
2001-11-07,1.4077459288330911,1.4077459288330911,1.416988344709402,1.416988344709402,0.0,0.0,0.0,0.0
2001-11-08,1.4077473563548737,1.4077473563548737,1.4169898957179554,1.4169898957179554,0.0,0.0,0.0,0.0
2001-11-09,1.4077487834832314,1.4077487834832314,1.4169914462752988,1.4169914462752988,0.0,0.0,0.0,0.0
2001-11-10,1.3370405583934957,1.3370405583934957,1.3401789591108302,1.3401789591108302,0.0,0.0,0.0,0.0
2001-11-11,1.3897520837171595,1.3897520837171595,1.397936418583019,1.397936418583019,0.0,0.0,0.0,0.0
2001-11-12,1.2982669985483812,1.2982669985483812,1.2834171577936997,1.2834171577936997,0.0,0.0,0.0,0.0
2001-11-13,1.4319406027269952,1.4319406027269952,1.428506968736108,1.428506968736108,0.0,0.0,0.0,0.0
2001-11-14,1.575823700043687,1.575823700043687,1.5850658235600246,1.5850658235600246,0.0,0.0,0.0,0.0
2001-11-15,1.575791970852917,1.575791970852917,1.5850324923148866,1.5850324923148866,0.0,0.0,0.0,0.0
2001-11-16,1.5757621362146121,1.5757621362146121,1.5850008968337688,1.5850008968337688,0.0,0.0,0.0,0.0
2001-11-17,1.5757361464796857,1.5757361464796857,1.584973192149965,1.584973192149965,0.0,0.0,0.0,0.0
2001-11-18,1.575713916143756,1.575713916143756,1.5849493658547398,1.5849493658547398,0.0,0.0,0.0,0.0
2001-11-19,1.4199418554486647,1.4199418554486647,1.4291758463495328,1.4291758463495328,0.0,0.0,0.0,0.0
2001-11-20,1.4186656424835167,1.4186656424835167,1.4278983000081464,1.4278983000081464,0.0,0.0,0.0,0.0
2001-11-21,1.3047090941243487,1.3047090941243487,1.3026573256325353,1.3026573256325353,0.0,0.0,0.0,0.0
2001-11-22,1.3556189358877162,1.3556189358877162,1.358714985408701,1.358714985408701,0.0,0.0,0.0,0.0
2001-11-23,1.3940049549984344,1.3940049549984344,1.4017688920155114,1.4017688920155114,0.0,0.0,0.0,0.0
2001-11-24,1.0202879534773168,1.0202879534773168,0.995709481800601,0.995709481800601,0.0,0.0,0.0,0.0
2001-11-25,1.183783993132638,1.183783993132638,1.1726800008002076,1.1726800008002076,0.0,0.0,0.0,0.0
2001-11-26,1.4989514736111504,1.4989514736111504,1.507819870572462,1.507819870572462,0.0,0.0,0.0,0.0
2001-11-27,1.4935686808762032,1.4935686808762032,1.5023393660930413,1.5023393660930413,0.0,0.0,0.0,0.0
2001-11-28,1.32189188320271,1.32189188320271,1.314547493554614,1.314547493554614,0.0,0.0,0.0,0.0
2001-11-29,1.354706653898564,1.354706653898564,1.3500570050180718,1.3500570050180718,0.0,0.0,0.0,0.0
2001-11-30,1.435003867064496,1.435003867064496,1.4381744893195094,1.4381744893195094,0.0,0.0,0.0,0.0
2001-12-01,1.1634900728627535,1.1634900728627535,1.141671871872209,1.141671871872209,0.0,0.0,0.0,0.0
2001-12-02,0.5689040040704976,0.5689040040704976,0.48856958160916136,0.48856958160916136,0.0,0.0,0.0,0.0
2001-12-03,1.0485396739395942,1.0485396739395942,1.0215681678364712,1.0215681678364712,0.0,0.0,0.0,0.0
2001-12-04,1.4067350694482386,1.4067350694482386,1.414500856460625,1.414500856460625,0.0,0.0,0.0,0.0
2001-12-05,1.4086172124224776,1.4086172124224776,1.4164298751584412,1.4164298751584412,0.0,0.0,0.0,0.0
2001-12-06,1.4191291399988002,1.4191291399988002,1.4279314947373885,1.4279314947373885,0.0,0.0,0.0,0.0
2001-12-07,1.4191070602929396,1.4191070602929396,1.427945911640363,1.427945911640363,0.0,0.0,0.0,0.0
2001-12-08,1.4056055824889984,1.4056055824889984,1.4134005634808142,1.4134005634808142,0.0,0.0,0.0,0.0
2001-12-09,1.415511328695212,1.415511328695212,1.4242830427599507,1.4242830427599507,0.0,0.0,0.0,0.0
2001-12-10,1.4248815197068398,1.4248815197068398,1.4337062181211113,1.4337062181211113,0.0,0.0,0.0,0.0
2001-12-11,1.4248422879144766,1.4248422879144766,1.4336632392067223,1.4336632392067223,0.0,0.0,0.0,0.0
2001-12-12,1.4248020721022363,1.4248020721022363,1.4336197390689478,1.4336197390689478,0.0,0.0,0.0,0.0
2001-12-13,1.184685139093627,1.184685139093627,1.17100133214584,1.17100133214584,0.0,0.0,0.0,0.0
2001-12-14,1.2452052500808404,1.2452052500808404,1.2366804183498346,1.2366804183498346,0.0,0.0,0.0,0.0
2001-12-15,1.4103855089488369,1.4103855089488369,1.4182112669234401,1.4182112669234401,0.0,0.0,0.0,0.0
2001-12-16,1.4212600510442972,1.4212600510442972,1.4298946114700872,1.4298946114700872,0.0,0.0,0.0,0.0
2001-12-17,1.3339621998668028,1.3339621998668028,1.3335086707492645,1.3335086707492645,0.0,0.0,0.0,0.0
2001-12-18,1.385091307813599,1.385091307813599,1.3888686921231652,1.3888686921231652,0.0,0.0,0.0,0.0
2001-12-19,1.3453593112608946,1.3453593112608946,1.3457259359626514,1.3457259359626514,0.0,0.0,0.0,0.0
2001-12-20,1.219912652430926,1.219912652430926,1.2078198765358674,1.2078198765358674,0.0,0.0,0.0,0.0
2001-12-21,1.310368523452949,1.310368523452949,1.3069452454440693,1.3069452454440693,0.0,0.0,0.0,0.0
2001-12-22,1.281699098756216,1.281699098756216,1.2757126216423795,1.2757126216423795,0.0,0.0,0.0,0.0
2001-12-23,1.370609401708473,1.370609401708473,1.3730892638265821,1.3730892638265821,0.0,0.0,0.0,0.0
2001-12-24,1.42684091967138,1.42684091967138,1.434934526788847,1.434934526788847,0.0,0.0,0.0,0.0
2001-12-25,1.4315291419891878,1.4315291419891878,1.4400315373726351,1.4400315373726351,0.0,0.0,0.0,0.0
2001-12-26,1.4335523351966144,1.4335523351966144,1.442189718810035,1.442189718810035,0.0,0.0,0.0,0.0
2001-12-27,1.4325261778641938,1.4325261778641938,1.4411572892846425,1.4411572892846425,0.0,0.0,0.0,0.0
2001-12-28,0.7917655459156492,0.7917655459156492,0.7411433583521958,0.7411433583521958,0.0,0.0,0.0,0.0
2001-12-29,0.7612089030165351,0.7612089030165351,0.7079355245583463,0.7079355245583463,0.0,0.0,0.0,0.0
2001-12-30,0.9535732986695802,0.9535732986695802,0.9168068053639049,0.9168068053639049,0.0,0.0,0.0,0.0
2001-12-31,1.2345426194386904,1.2345426194386904,1.2254845149034155,1.2254845149034155,0.0,0.0,0.0,0.0
2002-01-01,1.3598721977006918,1.3598721977006918,1.3634914046418294,1.3634914046418294,0.0,0.0,0.0,0.0
2002-01-02,1.0433374641783253,1.0433374641783253,1.0182985847432493,1.0182985847432493,0.0,0.0,0.0,0.0
2002-01-03,1.2171186495666317,1.2171186495666317,1.2086829901058167,1.2086829901058167,0.0,0.0,0.0,0.0
2002-01-04,1.3879979257371,1.3879979257371,1.396286613317014,1.396286613317014,0.0,0.0,0.0,0.0
2002-01-05,1.3760362073306776,1.3760362073306776,1.3836661037587432,1.3836661037587432,0.0,0.0,0.0,0.0
2002-01-06,1.3654436626155622,1.3654436626155622,1.372278241241775,1.372278241241775,0.0,0.0,0.0,0.0
2002-01-07,1.3537739597235157,1.3537739597235157,1.360859543048494,1.360859543048494,0.0,0.0,0.0,0.0
2002-01-08,1.3523650582686737,1.3523650582686737,1.3592457527798596,1.3592457527798596,0.0,0.0,0.0,0.0
2002-01-09,1.3522857668197776,1.3522857668197776,1.3590482694253605,1.3590482694253605,0.0,0.0,0.0,0.0
2002-01-10,1.3525637042780998,1.3525637042780998,1.3592303903904663,1.3592303903904663,0.0,0.0,0.0,0.0
2002-01-11,1.353335016968648,1.353335016968648,1.3599413091754393,1.3599413091754393,0.0,0.0,0.0,0.0
2002-01-12,1.3545930113369165,1.3545930113369165,1.3611788908058344,1.3611788908058344,0.0,0.0,0.0,0.0
2002-01-13,1.3561629814305405,1.3561629814305405,1.3627576638799908,1.3627576638799908,0.0,0.0,0.0,0.0
2002-01-14,0.9507805695110989,0.9507805695110989,0.9573566780947352,0.9573566780947352,0.0,0.0,0.0,0.0
2002-01-15,0.9519292767754969,0.9519292767754969,0.9585181962971436,0.9585181962971436,0.0,0.0,0.0,0.0
2002-01-16,0.9528436673446951,0.9528436673446951,0.9594013266879698,0.9594013266879698,0.0,0.0,0.0,0.0
2002-01-17,0.9538579739044702,0.9538579739044702,0.9604017835536525,0.9604017835536525,0.0,0.0,0.0,0.0
2002-01-18,0.9549463253876379,0.9549463253876379,0.9614880153753869,0.9614880153753869,0.0,0.0,0.0,0.0
2002-01-19,0.9560907648901078,0.9560907648901078,0.9626399980097006,0.9626399980097006,0.0,0.0,0.0,0.0
2002-01-20,0.9572747913210062,0.9572747913210062,0.963839274495638,0.963839274495638,0.0,0.0,0.0,0.0
2002-01-21,1.3550709401696146,1.3550709401696146,1.360531275229069,1.360531275229069,0.0,0.0,0.0,0.0
2002-01-22,1.3608193120322967,1.3608193120322967,1.3667685607791744,1.3667685607791744,0.0,0.0,0.0,0.0
2002-01-23,1.3700911291270785,1.3700911291270785,1.3766955414294682,1.3766955414294682,0.0,0.0,0.0,0.0
2002-01-24,1.3713342899566483,1.3713342899566483,1.3779956833965432,1.3779956833965432,0.0,0.0,0.0,0.0
2002-01-25,1.372174588130023,1.372174588130023,1.3788792341116474,1.3788792341116474,0.0,0.0,0.0,0.0
2002-01-26,1.2026888740521882,1.2026888740521882,1.1936691333081269,1.1936691333081269,0.0,0.0,0.0,0.0
2002-01-27,1.249040679549064,1.249040679549064,1.2444718448852323,1.2444718448852323,0.0,0.0,0.0,0.0
2002-01-28,1.2662676379369324,1.2662676379369324,1.268957606409814,1.268957606409814,0.0,0.0,0.0,0.0
2002-01-29,1.2852606530798312,1.2852606530798312,1.2898433531614926,1.2898433531614926,0.0,0.0,0.0,0.0
2002-01-30,1.2830788956318167,1.2830788956318167,1.2877603672628073,1.2877603672628073,0.0,0.0,0.0,0.0
2002-01-31,1.279247892785059,1.279247892785059,1.2836012855032504,1.2836012855032504,0.0,0.0,0.0,0.0
2002-02-01,1.2848034572547387,1.2848034572547387,1.289522702502682,1.289522702502682,0.0,0.0,0.0,0.0
2002-02-02,1.2801241809159296,1.2801241809159296,1.284552014814175,1.284552014814175,0.0,0.0,0.0,0.0
2002-02-03,1.2869692035291276,1.2869692035291276,1.2913828312351097,1.2913828312351097,0.0,0.0,0.0,0.0
2002-02-04,4.400033487841673,4.400033487841673,7.936846574745815,7.936846574745815,0.0,0.0,0.0,0.0
2002-02-05,4.400001788785769,4.400001788785769,7.936846574745815,7.936846574745815,0.0,0.0,0.0,0.0
2002-02-06,4.399912428104763,4.399912428104763,7.936846574745815,7.936846574745815,0.0,0.0,0.0,0.0
2002-02-07,4.408185923201134,4.408185923201134,7.936846574745815,7.936846574745815,0.0,0.0,0.0,0.0
2002-02-08,4.40355359496251,4.40355359496251,7.936846574745815,7.936846574745815,0.0,0.0,0.0,0.0
2002-02-09,4.4000715241086805,4.4000715241086805,7.936846574745815,7.936846574745815,0.0,0.0,0.0,0.0
2002-02-10,4.400178923037526,4.400178923037526,7.936846574745815,7.936846574745815,0.0,0.0,0.0,0.0
2002-02-11,4.400187209118849,4.400187209118849,7.936846575548719,7.936846575548719,0.0,0.0,0.0,0.0
2002-02-12,4.400100720892415,4.400100720892415,7.936846575548719,7.936846575548719,0.0,0.0,0.0,0.0
2002-02-13,4.4000041600675965,4.4000041600675965,7.936846575548719,7.936846575548719,0.0,0.0,0.0,0.0
2002-02-14,4.399871415632965,4.399871415632965,7.936846575548719,7.936846575548719,0.0,0.0,0.0,0.0
2002-02-15,4.3997328325801295,4.3997328325801295,7.936846575548719,7.936846575548719,0.0,0.0,0.0,0.0
2002-02-16,4.413630148123128,4.413630148123128,7.936846575548719,7.936846575548719,0.0,0.0,0.0,0.0
2002-02-17,4.4104131019435915,4.4104131019435915,7.936846575548719,7.936846575548719,0.0,0.0,0.0,0.0
2002-02-18,4.403088117226204,4.403088117226204,7.936846576389593,7.936846576389593,0.0,0.0,0.0,0.0
2002-02-19,4.408267867360187,4.408267867360187,7.936846576389593,7.936846576389593,0.0,0.0,0.0,0.0
2002-02-20,4.406002995621803,4.406002995621803,7.936846576389593,7.936846576389593,0.0,0.0,0.0,0.0
2002-02-21,4.403950999655743,4.403950999655743,7.936846576389593,7.936846576389593,0.0,0.0,0.0,0.0
2002-02-22,4.404422555429942,4.404422555429942,7.936846576389593,7.936846576389593,0.0,0.0,0.0,0.0
2002-02-23,4.404424827716559,4.404424827716559,7.936846576389593,7.936846576389593,0.0,0.0,0.0,0.0
2002-02-24,4.404234266992617,4.404234266992617,7.936846576389593,7.936846576389593,0.0,0.0,0.0,0.0
2002-02-25,4.404074500380871,4.404074500380871,7.936846577272217,7.936846577272217,0.0,0.0,0.0,0.0
2002-02-26,4.403751814511452,4.403751814511452,7.936846577272216,7.936846577272216,0.0,0.0,0.0,0.0
2002-02-27,4.4032490860961,4.4032490860961,7.936846577272217,7.936846577272217,0.0,0.0,0.0,0.0
2002-02-28,4.402663715901376,4.402663715901376,7.936846577272217,7.936846577272217,0.0,0.0,0.0,0.0
2002-03-01,4.401272312480181,4.401272312480181,7.936846577272216,7.936846577272216,0.0,0.0,0.0,0.0
2002-03-02,4.4008383400321245,4.4008383400321245,7.936846577272216,7.936846577272216,0.0,0.0,0.0,0.0
2002-03-03,4.400472118302616,4.400472118302616,7.936846577272216,7.936846577272216,0.0,0.0,0.0,0.0
2002-03-04,4.400116211410773,4.400116211410773,7.936846578200947,7.936846578200947,0.0,0.0,39.08317995362435,39.08317995362435
2002-03-05,4.402247997090581,4.402247997090581,7.936846578200947,7.936846578200947,0.0,0.0,78.16635973215605,78.16635973215605
2002-03-06,4.415988735320921,4.415988735320921,7.936846578200947,7.936846578200947,0.0,0.0,95.55599098221958,95.55599098221958
2002-03-07,4.421825890137581,4.421825890137581,7.936846578200947,7.936846578200947,0.0,0.0,2.342140492,2.342140492
2002-03-08,4.408067382093189,4.408067382093189,7.936846578200947,7.936846578200947,0.0,0.0,1.87897002,1.87897002
2002-03-09,4.405328363545243,4.405328363545243,7.936846578200947,7.936846578200947,0.0,0.0,1.97193989,1.97193989
2002-03-10,4.407492060343726,4.407492060343726,7.936846578200947,7.936846578200947,0.0,0.0,2.206811144,2.206811144
2002-03-11,4.406986223802151,4.406986223802151,7.936846579180867,7.936846579180867,0.0,0.0,0.0,0.0
2002-03-12,4.407126566879388,4.407126566879388,7.936846579180867,7.936846579180867,0.0,0.0,0.0,0.0
2002-03-13,4.406952486702858,4.406952486702858,7.936846579180867,7.936846579180867,0.0,0.0,0.0,0.0
2002-03-14,4.406648574040764,4.406648574040764,7.936846579180867,7.936846579180867,0.0,0.0,0.0,0.0
2002-03-15,4.406532152615979,4.406532152615979,7.936846579180867,7.936846579180867,0.0,0.0,0.0,0.0
2002-03-16,4.406941610595775,4.406941610595775,7.936846579180867,7.936846579180867,0.0,0.0,0.0,0.0
2002-03-17,4.408939855324096,4.408939855324096,7.936846579180867,7.936846579180867,0.0,0.0,0.0,0.0
2002-03-18,4.406941425859394,4.406941425859394,7.936846580217946,7.936846580217946,0.0,0.0,0.0,0.0
2002-03-19,4.4054761026882865,4.4054761026882865,7.936846580217946,7.936846580217946,0.0,0.0,0.0,0.0
2002-03-20,4.4049618091508425,4.4049618091508425,7.936846580217946,7.936846580217946,0.0,0.0,0.0,0.0
2002-03-21,4.404341703444263,4.404341703444263,7.936846580217946,7.936846580217946,0.0,0.0,0.0,0.0
2002-03-22,4.419901655489258,4.419901655489258,7.936846580217946,7.936846580217946,0.0,0.0,0.0,0.0
2002-03-23,4.428047625626076,4.428047625626076,7.936846580217946,7.936846580217946,0.0,0.0,0.0,0.0
2002-03-24,4.414639148368115,4.414639148368115,7.936846580217946,7.936846580217946,0.0,0.0,0.0,0.0
2002-03-25,4.411244579551872,4.411244579551872,7.936846581319271,7.936846581319271,0.0,0.0,0.0,0.0
2002-03-26,4.412420554734706,4.412420554734706,7.936846581319271,7.936846581319271,0.0,0.0,0.0,0.0
2002-03-27,4.412335967237751,4.412335967237751,7.936846581319271,7.936846581319271,0.0,0.0,0.0,0.0
2002-03-28,4.411513747473951,4.411513747473951,7.936846581319271,7.936846581319271,0.0,0.0,0.0,0.0
2002-03-29,4.410338729610513,4.410338729610513,7.936846581319271,7.936846581319271,0.0,0.0,0.0,0.0
2002-03-30,4.409036594904294,4.409036594904294,7.936846581319271,7.936846581319271,0.0,0.0,0.0,0.0
2002-03-31,4.40766025391437,4.40766025391437,7.936846581319271,7.936846581319271,0.0,0.0,0.0,0.0
2002-04-01,4.406592702451069,4.406592702451069,7.936846582493325,7.936846582493325,0.0,0.0,0.0,0.0
2002-04-02,4.405036276584079,4.405036276584079,7.936846582493325,7.936846582493325,0.0,0.0,0.0,0.0
2002-04-03,4.403549041108635,4.403549041108635,7.936846582493325,7.936846582493325,0.0,0.0,0.0,0.0
2002-04-04,4.402294839161018,4.402294839161018,7.936846582493325,7.936846582493325,0.0,0.0,0.0,0.0
2002-04-05,4.401349908898307,4.401349908898307,7.936846582493325,7.936846582493325,0.0,0.0,0.0,0.0
2002-04-06,4.4006723306698134,4.4006723306698134,7.936846582493325,7.936846582493325,0.0,0.0,0.0,0.0
2002-04-07,4.400086279582058,4.400086279582058,7.936846582493325,7.936846582493325,0.0,0.0,0.0,0.0
2002-04-08,4.399451367237698,4.399451367237698,7.936846583750393,7.936846583750393,0.0,0.0,0.0,0.0
2002-04-09,4.398799754219424,4.398799754219424,7.936846583750393,7.936846583750393,0.0,0.0,0.0,0.0
2002-04-10,4.3982291283670625,4.3982291283670625,7.936846583750393,7.936846583750393,0.0,0.0,0.0,0.0
2002-04-11,4.397739592061267,4.397739592061267,7.936846583750393,7.936846583750393,0.0,0.0,0.0,0.0
2002-04-12,4.397270093073577,4.397270093073577,7.936846583750393,7.936846583750393,0.0,0.0,0.0,0.0
2002-04-13,4.396825941698334,4.396825941698334,7.936846583750393,7.936846583750393,0.0,0.0,0.0,0.0
2002-04-14,4.396414929236927,4.396414929236927,7.936846583750393,7.936846583750393,0.0,0.0,0.0,0.0
2002-04-15,4.396086648331015,4.396086648331015,7.936846585103109,7.936846585103109,0.0,0.0,0.0,0.0
2002-04-16,4.397027888076422,4.397027888076422,7.936846585103109,7.936846585103109,0.0,0.0,0.0,0.0
2002-04-17,4.395926761401747,4.395926761401747,7.936846585103109,7.936846585103109,0.0,0.0,0.0,0.0
2002-04-18,4.396055923321582,4.396055923321582,7.936846585103109,7.936846585103109,0.0,0.0,0.0,0.0
2002-04-19,4.395930567444661,4.395930567444661,7.936846585103109,7.936846585103109,0.0,0.0,0.0,0.0
2002-04-20,4.395794543300248,4.395794543300248,7.936846585103109,7.936846585103109,0.0,0.0,0.0,0.0
2002-04-21,4.395663250124517,4.395663250124517,7.936846585103109,7.936846585103109,0.0,0.0,0.0,0.0
2002-04-22,4.395563773338302,4.395563773338302,7.936846586567226,7.936846586567226,0.0,0.0,0.0,0.0
2002-04-23,4.395479704011851,4.395479704011851,7.936846586567226,7.936846586567226,0.0,0.0,0.0,0.0
2002-04-24,4.3954258309781205,4.3954258309781205,7.936846586567226,7.936846586567226,0.0,0.0,0.0,0.0
2002-04-25,4.395592528621882,4.395592528621882,7.936846586567226,7.936846586567226,0.0,0.0,0.0,0.0
2002-04-26,4.395679280580146,4.395679280580146,7.936846586567226,7.936846586567226,0.0,0.0,0.0,0.0
2002-04-27,4.395873499916549,4.395873499916549,7.936846586567226,7.936846586567226,0.0,0.0,0.0,0.0
2002-04-28,4.395407633508947,4.395407633508947,7.936846586567226,7.936846586567226,0.0,0.0,0.0,0.0
2002-04-29,4.399220501179795,4.399220501179795,7.936846588162731,7.936846588162731,0.0,0.0,11.40346762649533,11.40346762649533
2002-04-30,4.396097211142364,4.396097211142364,7.936846588162731,7.936846588162731,0.0,0.0,22.806935201903123,22.806935201903123
2002-05-01,4.395548759037951,4.395548759037951,7.936846588162731,7.936846588162731,0.0,0.0,45.613870301631174,45.613870301631174
2002-05-02,4.3953937358477795,4.3953937358477795,7.936846588162731,7.936846588162731,0.0,0.0,91.2277403989122,91.2277403989122
2002-05-03,4.395388482012842,4.395388482012842,7.936846588162731,7.936846588162731,0.0,0.0,82.91387289905822,82.91387289905822
2002-05-04,4.39538206945468,4.39538206945468,7.936846588162731,7.936846588162731,0.0,0.0,5.695627874,5.695627874
2002-05-05,4.3953746750350575,4.3953746750350575,7.936846588162731,7.936846588162731,0.0,0.0,6.277912854,6.277912854
2002-05-06,4.395366370469149,4.395366370469149,7.936846589915544,7.936846589915544,0.0,0.0,0.0,0.0
2002-05-07,4.395357924691187,4.395357924691187,7.936846589915544,7.936846589915544,0.0,0.0,0.0,0.0
2002-05-08,4.395350283194811,4.395350283194811,7.936846589915544,7.936846589915544,0.0,0.0,0.0,0.0
2002-05-09,4.395342959286727,4.395342959286727,7.936846589915544,7.936846589915544,0.0,0.0,0.0,0.0
2002-05-10,4.395335251683422,4.395335251683422,7.936846589915544,7.936846589915544,0.0,0.0,0.0,0.0
2002-05-11,4.395328334796087,4.395328334796087,7.936846589915544,7.936846589915544,0.0,0.0,0.0,0.0
2002-05-12,4.3953211371534575,4.3953211371534575,7.936846589915544,7.936846589915544,0.0,0.0,0.0,0.0
2002-05-13,4.395312249873782,4.395312249873782,7.936846591860074,7.936846591860074,0.0,0.0,0.0,0.0
2002-05-14,4.39530284403354,4.39530284403354,7.936846591860074,7.936846591860074,0.0,0.0,0.0,0.0
2002-05-15,4.395293176207743,4.395293176207743,7.936846591860074,7.936846591860074,0.0,0.0,0.0,0.0
2002-05-16,4.395283231359666,4.395283231359666,7.936846591860074,7.936846591860074,0.0,0.0,0.0,0.0
2002-05-17,4.3952730399726905,4.3952730399726905,7.936846591860074,7.936846591860074,0.0,0.0,0.0,0.0
2002-05-18,4.395262615307162,4.395262615307162,7.936846591860074,7.936846591860074,0.0,0.0,0.0,0.0
2002-05-19,4.397697414565468,4.397697414565468,7.936846591860074,7.936846591860074,0.0,0.0,0.0,0.0
2002-05-20,4.402861834302331,4.402861834302331,7.936846594043401,7.936846594043401,0.0,0.0,0.0,0.0
2002-05-21,4.399877955559764,4.399877955559764,7.936846594043401,7.936846594043401,0.0,0.0,0.0,0.0
2002-05-22,4.395246665936332,4.395246665936332,7.936846594043401,7.936846594043401,0.0,0.0,0.0,0.0
2002-05-23,4.395242350070855,4.395242350070855,7.936846594043401,7.936846594043401,0.0,0.0,0.0,0.0
2002-05-24,4.3952358815232815,4.3952358815232815,7.936846594043401,7.936846594043401,0.0,0.0,0.0,0.0
2002-05-25,4.395227787933778,4.395227787933778,7.936846594043401,7.936846594043401,0.0,0.0,0.0,0.0
2002-05-26,4.395218635447222,4.395218635447222,7.936846594043401,7.936846594043401,0.0,0.0,0.0,0.0
2002-05-27,4.395209594788306,4.395209594788306,7.936846596532394,7.936846596532394,0.0,0.0,0.0,0.0
2002-05-28,4.395201065488494,4.395201065488494,7.936846596532394,7.936846596532394,0.0,0.0,0.0,0.0
2002-05-29,4.395192520035542,4.395192520035542,7.936846596532394,7.936846596532394,0.0,0.0,0.0,0.0
2002-05-30,4.395183058057616,4.395183058057616,7.936846596532394,7.936846596532394,0.0,0.0,0.0,0.0
2002-05-31,4.39517315427125,4.39517315427125,7.936846596532394,7.936846596532394,0.0,0.0,0.0,0.0
2002-06-01,4.395213045980867,4.395213045980867,7.936846596532394,7.936846596532394,0.0,0.0,15.598245870829999,15.598245870829999
2002-06-02,4.395203098452104,4.395203098452104,7.936846596532394,7.936846596532394,0.0,0.0,16.37960347216777,16.37960347216777
2002-06-03,4.395193857906716,4.395193857906716,7.936846599426577,7.936846599426577,0.0,0.0,15.912689045472098,15.912689045472098
2002-06-04,4.395184522410616,4.395184522410616,7.936846599426577,7.936846599426577,0.0,0.0,0.7810559982504345,0.7810559982504345
2002-06-05,4.395174177969517,4.395174177969517,7.936846599426577,7.936846599426577,0.0,0.0,0.7810559982504345,0.7810559982504345
2002-06-06,4.395162655385784,4.395162655385784,7.936846599426577,7.936846599426577,0.0,0.0,15.954973426379283,15.954973426379283
2002-06-07,4.395150843849159,4.395150843849159,7.936846599426577,7.936846599426577,0.0,0.0,0.7810559982504345,0.7810559982504345
2002-06-08,4.395139653846937,4.395139653846937,7.936846599426577,7.936846599426577,0.0,0.0,0.7810559982504345,0.7810559982504345
2002-06-09,4.395130079464253,4.395130079464253,7.936846599426577,7.936846599426577,0.0,0.0,16.18545352407585,16.18545352407585
2002-06-10,4.395122088377729,4.395122088377729,6.984079422960277,6.984079422960277,0.0,0.0,0.7810559982504345,0.7810559982504345
2002-06-11,4.395113805109152,4.395113805109152,6.984079422960277,6.984079422960277,0.0,0.0,0.7810559982504345,0.7810559982504345
2002-06-12,4.39510464012839,4.39510464012839,6.984079422960277,6.984079422960277,0.0,0.0,0.7810559982504345,0.7810559982504345
2002-06-13,4.395095480928052,4.395095480928052,6.984079422960277,6.984079422960277,0.0,0.0,15.925359714802124,15.925359714802124
2002-06-14,4.3950869170874824,4.3950869170874824,6.984079422960277,6.984079422960277,0.0,0.0,0.7810559982504345,0.7810559982504345
2002-06-15,4.395078870541601,4.395078870541601,6.984079422960277,6.984079422960277,0.0,0.0,0.7810559982504345,0.7810559982504345
2002-06-16,4.395071097763291,4.395071097763291,6.984079422960277,6.984079422960277,0.0,0.0,0.7810559982504345,0.7810559982504345
2002-06-17,4.39506342693539,4.39506342693539,5.143156217988519,5.143156217988519,0.0,0.0,0.0,0.0
2002-06-18,4.3950561387457805,4.3950561387457805,5.143156217988519,5.143156217988519,0.0,0.0,15.284289516332006,15.284289516332006
2002-06-19,4.3950493823138235,4.3950493823138235,5.143156217988519,5.143156217988519,0.0,0.0,0.7810559982504345,0.7810559982504345
2002-06-20,4.395042983623539,4.395042983623539,5.143156217988519,5.143156217988519,0.0,0.0,0.7810559982504345,0.7810559982504345
2002-06-21,4.395036761964072,4.395036761964072,5.143156217988519,5.143156217988519,0.0,0.0,0.7810559982504345,0.7810559982504345
2002-06-22,4.3950311492081235,4.3950311492081235,5.143156217988519,5.143156217988519,0.0,0.0,0.7810559982504345,0.7810559982504345
2002-06-23,4.395026031598364,4.395026031598364,5.143156217988519,5.143156217988519,0.0,0.0,0.7810559982504345,0.7810559982504345
2002-06-24,4.3950210196873165,4.3950210196873165,4.404412790134115,4.404412790134115,0.0,0.0,0.7810559982504345,0.7810559982504345
2002-06-25,4.395016183568765,4.395016183568765,4.404412790134115,4.404412790134115,0.0,0.0,0.7810559982504345,0.7810559982504345
2002-06-26,4.395011636714272,4.395011636714272,4.404412790134115,4.404412790134115,0.0,0.0,15.819661588071641,15.819661588071641
2002-06-27,4.395007497335952,4.395007497335952,4.404412790134115,4.404412790134115,0.0,0.0,0.7810559982504345,0.7810559982504345
2002-06-28,4.395003749924617,4.395003749924617,4.404412790134115,4.404412790134115,0.0,0.0,0.7810559982504345,0.7810559982504345
2002-06-29,4.3950003974125496,4.3950003974125496,4.404412790134115,4.404412790134115,0.0,0.0,0.7810559982504345,0.7810559982504345
2002-06-30,4.394997415309553,4.394997415309553,4.404412790134115,4.404412790134115,0.0,0.0,0.7810559982504345,0.7810559982504345
2002-07-01,3.758390031410416,3.758390031410416,3.76772634243778,3.76772634243778,0.0,0.0,0.0,0.0
2002-07-02,3.323824205388628,3.323824205388628,3.33316322611922,3.33316322611922,0.0,0.0,0.7810559982504345,0.7810559982504345
2002-07-03,2.659687610578595,2.659687610578595,2.6690289488683,2.6690289488683,0.0,0.0,0.7810559982504345,0.7810559982504345
2002-07-04,2.290437562997193,2.290437562997193,2.29978101421526,2.29978101421526,0.0,0.0,0.7810559982504345,0.7810559982504345
2002-07-05,2.2348821476657084,2.2348821476657084,2.24422747167794,2.24422747167794,0.0,0.0,0.7810559982504345,0.7810559982504345
2002-07-06,2.212143666722671,2.212143666722671,2.22149059671006,2.22149059671006,0.0,0.0,0.7810559982504345,0.7810559982504345
2002-07-07,2.17118010546725,2.1711801054672506,2.1805283918329286,2.180528391832929,0.0,0.0,0.7810559982504345,0.7810559982504345
2002-07-08,2.16267907691996,2.16267907691996,2.1720285067693434,2.1720285067693434,0.0,0.0,0.7810559982504345,0.7810559982504345
2002-07-09,2.1626879696070618,2.1626879696070618,2.1720383788099427,2.1720383788099427,0.0,0.0,0.7810559982504345,0.7810559982504345
2002-07-10,2.162696618221623,2.162696618221623,2.172047901805978,2.172047901805978,0.0,0.0,0.7810559982504345,0.7810559982504345
2002-07-11,2.1627050852717025,2.1627050852717025,2.172057251823383,2.172057251823383,0.0,0.0,0.7810559982504345,0.7810559982504345
2002-07-12,2.1627123019798034,2.1627123019798034,2.1720653321680343,2.1720653321680343,0.0,0.0,0.7810559982504345,0.7810559982504345
2002-07-13,2.1627179350099976,2.1627179350099976,2.1720717140159915,2.1720717140159915,0.0,0.0,0.7810559982504345,0.7810559982504345
2002-07-14,2.162722010723436,2.162722010723436,2.1720763204266063,2.1720763204266063,0.0,0.0,0.7810559982504345,0.7810559982504345
2002-07-15,2.165277910806288,2.165277910806288,2.1746325448513417,2.1746325448513417,0.0,0.0,0.0,0.0
2002-07-16,2.165279749248379,2.165279749248379,2.1746346765780458,2.1746346765780458,0.0,0.0,0.7810559982504345,0.7810559982504345
2002-07-17,2.165281531720715,2.165281531720715,2.1746367366899673,2.1746367366899673,0.0,0.0,0.7810559982504345,0.7810559982504345
2002-07-18,2.1652832782830123,2.1652832782830123,2.17463875098107,2.17463875098107,0.0,0.0,0.7810559982504345,0.7810559982504345
2002-07-19,2.165284862400301,2.165284862400301,2.1746405253934924,2.1746405253934924,0.0,0.0,0.7810559982504345,0.7810559982504345
2002-07-20,2.1652862837362643,2.1652862837362643,2.174642054983734,2.174642054983734,0.0,0.0,0.7810559982504345,0.7810559982504345
2002-07-21,2.165287606659555,2.165287606659555,2.174643481784963,2.174643481784963,0.0,0.0,0.7810559982504345,0.7810559982504345
2002-07-22,2.1593310143058555,2.1593310143058555,2.168686988872726,2.168686988872726,0.0,0.0,0.7810559982504345,0.7810559982504345
2002-07-23,2.15933215391075,2.15933215391075,2.168688226747403,2.168688226747403,0.0,0.0,0.7810559982504345,0.7810559982504345
2002-07-24,2.159333293390881,2.159333293390881,2.168689464497317,2.168689464497317,0.0,0.0,0.7810559982504345,0.7810559982504345
2002-07-25,2.1593344327480577,2.1593344327480577,2.168690702087419,2.168690702087419,0.0,0.0,0.7810559982504345,0.7810559982504345
2002-07-26,2.159335571718288,2.159335571718288,2.168691939245958,2.168691939245958,0.0,0.0,0.7810559982504345,0.7810559982504345
2002-07-27,2.1593367103178456,2.1593367103178456,2.168693176026064,2.168693176026064,0.0,0.0,0.7810559982504345,0.7810559982504345
2002-07-28,2.1593378489282524,2.1593378489282524,2.1686944127879224,2.1686944127879224,0.0,0.0,0.7810559982504345,0.7810559982504345
2002-07-29,2.1576366991162983,2.1576366991162983,2.1669933611119,2.1669933611119,0.0,0.0,0.0,0.0
2002-07-30,2.157637837093849,2.157637837093849,2.166994597188525,2.166994597188525,0.0,0.0,0.7810559982504345,0.7810559982504345
2002-07-31,2.1576389748200664,2.1576389748200664,2.166995833013817,2.166995833013817,0.0,0.0,0.7810559982504345,0.7810559982504345
2002-08-01,2.154538864676345,2.154538864676345,2.163631218274808,2.163631218274808,0.0,0.0,0.7810559982504345,0.7810559982504345
2002-08-02,2.154540702373831,2.154540702373831,2.1636332143992507,2.1636332143992507,0.0,0.0,0.7810559982504345,0.7810559982504345
2002-08-03,2.154542540159001,2.154542540159001,2.1636352106709547,2.1636352106709547,0.0,0.0,0.7810559982504345,0.7810559982504345
2002-08-04,2.1545443777775724,2.1545443777775724,2.163637206716482,2.163637206716482,0.0,0.0,0.7810559982504345,0.7810559982504345
2002-08-05,2.175824007416014,2.175824007416014,2.1849169947097598,2.1849169947097598,0.0,0.0,0.7810559982504345,0.7810559982504345
2002-08-06,2.175825843757331,2.175825843757331,2.1849189893933696,2.1849189893933696,0.0,0.0,0.7810559982504345,0.7810559982504345
2002-08-07,2.1758276800635743,2.1758276800635743,2.184920983994871,2.184920983994871,0.0,0.0,0.7810559982504345,0.7810559982504345
2002-08-08,2.175829515568976,2.175829515568976,2.184922977770445,2.184922977770445,0.0,0.0,0.7810559982504345,0.7810559982504345
2002-08-09,2.175831350776255,2.175831350776255,2.184924971188318,2.184924971188318,0.0,0.0,0.7810559982504345,0.7810559982504345
2002-08-10,2.175833185708792,2.175833185708792,2.1849269643314497,2.1849269643314497,0.0,0.0,0.7810559982504345,0.7810559982504345
2002-08-11,2.175835020123997,2.175835020123997,2.1849289568851287,2.1849289568851287,0.0,0.0,0.7810559982504345,0.7810559982504345
2002-08-12,2.1918880432496497,2.1918880432496497,2.2009821381367125,2.2009821381367125,0.0,0.0,0.0,0.0
2002-08-13,2.191889877150446,2.191889877150446,2.200984130116405,2.200984130116405,0.0,0.0,0.7810559982504345,0.7810559982504345
2002-08-14,2.1918917100896476,2.1918917100896476,2.200986121109417,2.200986121109417,0.0,0.0,0.7810559982504345,0.7810559982504345
2002-08-15,2.191893542681038,2.191893542681038,2.2009881116950405,2.2009881116950405,0.0,0.0,0.7810559982504345,0.7810559982504345
2002-08-16,2.191895375196437,2.191895375196437,2.2009901022046723,2.2009901022046723,0.0,0.0,0.7810559982504345,0.7810559982504345
2002-08-17,2.1918972070834384,2.1918972070834384,2.2009920920137858,2.2009920920137858,0.0,0.0,0.7810559982504345,0.7810559982504345
2002-08-18,2.19189903873954,2.19189903873954,2.2009940815919995,2.2009940815919995,0.0,0.0,0.7810559982504345,0.7810559982504345
2002-08-19,2.191900869685406,2.191900869685406,2.2009960703878573,2.2009960703878573,0.0,0.0,0.7810559982504345,0.7810559982504345
2002-08-20,2.191902700140245,2.191902700140245,2.2009980586801454,2.2009980586801454,0.0,0.0,0.7810559982504345,0.7810559982504345
2002-08-21,2.191904530270656,2.191904530270656,2.201000046588427,2.201000046588427,0.0,0.0,0.7810559982504345,0.7810559982504345
2002-08-22,2.1919063603016924,2.1919063603016924,2.2010020343973347,2.2010020343973347,0.0,0.0,0.7810559982504345,0.7810559982504345
2002-08-23,2.1919081895728056,2.1919081895728056,2.2010040213741986,2.2010040213741986,0.0,0.0,0.7810559982504345,0.7810559982504345
2002-08-24,2.191910018744545,2.191910018744545,2.2010060082516882,2.2010060082516882,0.0,0.0,0.7810559982504345,0.7810559982504345
2002-08-25,2.1919118472235852,2.1919118472235852,2.2010079943643586,2.2010079943643586,0.0,0.0,0.7810559982504345,0.7810559982504345
2002-08-26,2.152031403704128,2.152031403704128,2.161127708478531,2.161127708478531,0.0,0.0,0.0,0.0
2002-08-27,2.152033231350176,2.152033231350176,2.1611296936860884,2.1611296936860884,0.0,0.0,0.7810559982504345,0.7810559982504345
2002-08-28,2.1520350588383947,2.1520350588383947,2.161131678735816,2.161131678735816,0.0,0.0,0.7810559982504345,0.7810559982504345
2002-08-29,2.1520368856689878,2.1520368856689878,2.1611336630557982,2.1611336630557982,0.0,0.0,0.7810559982504345,0.7810559982504345
2002-08-30,2.152038712251144,2.152038712251144,2.161135647127343,2.161135647127343,0.0,0.0,0.7810559982504345,0.7810559982504345
2002-08-31,2.15204053822244,2.15204053822244,2.161137630515907,2.161137630515907,0.0,0.0,0.7810559982504345,0.7810559982504345
2002-09-01,2.152568894562968,2.152568894562968,2.1617110652774096,2.1617110652774096,0.0,0.0,0.7810559982504345,0.7810559982504345
2002-09-02,2.192452872839352,2.192452872839352,2.20159519065143,2.20159519065143,0.0,0.0,0.7810559982504345,0.7810559982504345
2002-09-03,2.1924545786031993,2.1924545786031993,2.2015970434894636,2.2015970434894636,0.0,0.0,0.7810559982504345,0.7810559982504345
2002-09-04,2.1912875270287353,2.1912875270287353,2.200351726906257,2.200351726906257,0.0,0.0,0.7810559982504345,0.7810559982504345
2002-09-05,2.1921644089071477,2.1921644089071477,2.201307167830398,2.201307167830398,0.0,0.0,0.7810559982504345,0.7810559982504345
2002-09-06,2.192228476658137,2.192228476658137,2.2013695323084193,2.2013695323084193,0.0,0.0,0.7810559982504345,0.7810559982504345
2002-09-07,2.192461398098522,2.192461398098522,2.2016044509239223,2.2016044509239223,0.0,0.0,0.7810559982504345,0.7810559982504345
2002-09-08,2.1924631023159393,2.1924631023159393,2.2016063020367214,2.2016063020367214,0.0,0.0,0.7810559982504345,0.7810559982504345
2002-09-09,2.192464805495118,2.192464805495118,2.201608152087832,2.201608152087832,0.0,0.0,0.0,0.0
2002-09-10,2.1924665089748396,2.1924665089748396,2.201610002395517,2.201610002395517,0.0,0.0,0.7810559982504345,0.7810559982504345
2002-09-11,2.19246821183435,2.19246821183435,2.201611852071266,2.201611852071266,0.0,0.0,0.7810559982504345,0.7810559982504345
2002-09-12,2.192469914049059,2.192469914049059,2.201613701034796,2.201613701034796,0.0,0.0,0.7810559982504345,0.7810559982504345
2002-09-13,2.192471616189999,2.192471616189999,2.2016155499245564,2.2016155499245564,0.0,0.0,0.7810559982504345,0.7810559982504345
2002-09-14,2.1924733176260287,2.1924733176260287,2.2016173980419884,2.2016173980419884,0.0,0.0,0.7810559982504345,0.7810559982504345
2002-09-15,2.1924750189636995,2.1924750189636995,2.2016192460610613,2.2016192460610613,0.0,0.0,0.7810559982504345,0.7810559982504345
2002-09-16,2.1466366771408207,2.1466366771408207,2.155781050852167,2.155781050852167,0.0,0.0,0.7810559982504345,0.7810559982504345
2002-09-17,2.1466383776806865,2.1466383776806865,2.155782898006017,2.155782898006017,0.0,0.0,0.7810559982504345,0.7810559982504345
2002-09-18,2.1466400775894123,2.1466400775894123,2.1557847444613087,2.1557847444613087,0.0,0.0,0.7810559982504345,0.7810559982504345
2002-09-19,2.1466417772904904,2.1466417772904904,2.155786590708953,2.155786590708953,0.0,0.0,0.7810559982504345,0.7810559982504345
2002-09-20,2.146643476811243,2.146643476811243,2.155788436720578,2.155788436720578,0.0,0.0,0.7810559982504345,0.7810559982504345
2002-09-21,2.1466451754822784,2.1466451754822784,2.155790281859036,2.155790281859036,0.0,0.0,0.7810559982504345,0.7810559982504345
2002-09-22,2.1466468741970295,2.1466468741970295,2.155792126997242,2.155792126997242,0.0,0.0,0.7810559982504345,0.7810559982504345
2002-09-23,2.098135310845078,2.098135310845078,2.1072807100570206,2.1072807100570206,0.0,0.0,0.0,0.0
2002-09-24,2.09813700843416,2.09813700843416,2.107282553990414,2.107282553990414,0.0,0.0,0.7810559982504345,0.7810559982504345
2002-09-25,2.0981387058347187,2.0981387058347187,2.107284397735284,2.107284397735284,0.0,0.0,0.7810559982504345,0.7810559982504345
2002-09-26,2.098140402620531,2.098140402620531,2.1072862407979898,2.1072862407979898,0.0,0.0,0.7810559982504345,0.7810559982504345
2002-09-27,2.0981420992833937,2.0981420992833937,2.1072880837377457,2.1072880837377457,0.0,0.0,0.7810559982504345,0.7810559982504345
2002-09-28,2.098143795692161,2.098143795692161,2.107289926367713,2.107289926367713,0.0,0.0,0.7810559982504345,0.7810559982504345
2002-09-29,2.0981454915490225,2.0981454915490225,2.1072917684340498,2.1072917684340498,0.0,0.0,0.7810559982504345,0.7810559982504345
2002-09-30,2.126198169224636,2.126198169224636,2.135344592251721,2.135344592251721,0.0,0.0,0.7810559982504345,0.7810559982504345
2002-10-01,2.1281151677323513,2.1281151677323513,2.1373905608332615,2.1373905608332615,0.0,0.0,0.7810559982504345,0.7810559982504345
2002-10-02,2.128172482730536,2.128172482730536,2.137447992495495,2.137447992495495,0.0,0.0,0.7810559982504345,0.7810559982504345
2002-10-03,2.1281738357855273,2.1281738357855273,2.1374494622051716,2.1374494622051716,0.0,0.0,0.7810559982504345,0.7810559982504345
2002-10-04,2.1281751882950357,2.1281751882950357,2.1374509313155254,2.1374509313155254,0.0,0.0,0.7810559982504345,0.7810559982504345
2002-10-05,2.1281765407609057,2.1281765407609057,2.137452400382241,2.137452400382241,0.0,0.0,0.7810559982504345,0.7810559982504345
2002-10-06,2.128177893047857,2.128177893047857,2.137453869225561,2.137453869225561,0.0,0.0,0.7810559982504345,0.7810559982504345
2002-10-07,2.0741337135804656,2.0741337135804656,2.083409806305175,2.083409806305175,0.0,0.0,0.0,0.0
2002-10-08,2.0741350649728254,2.0741350649728254,2.0834112741907007,2.0834112741907007,0.0,0.0,0.7810559982504345,0.7810559982504345
2002-10-09,2.0741364164044596,2.0741364164044596,2.083412742124864,2.083412742124864,0.0,0.0,0.7810559982504345,0.7810559982504345
2002-10-10,2.0741377672207895,2.0741377672207895,2.0834142093805195,2.0834142093805195,0.0,0.0,0.7810559982504345,0.7810559982504345
2002-10-11,2.0741391177032833,2.0741391177032833,2.0834156763023395,2.0834156763023395,0.0,0.0,0.7810559982504345,0.7810559982504345
2002-10-12,2.074140468074499,2.074140468074499,2.083417143068404,2.083417143068404,0.0,0.0,0.7810559982504345,0.7810559982504345
2002-10-13,2.07414181807915,2.07414181807915,2.0834186094585414,2.0834186094585414,0.0,0.0,0.7810559982504345,0.7810559982504345
2002-10-14,2.1179753509119945,2.1179753509119945,2.127252258632395,2.127252258632395,0.0,0.0,0.7810559982504345,0.7810559982504345
2002-10-15,2.11797670019879,2.11797670019879,2.1272537242508367,2.1272537242508367,0.0,0.0,0.7810559982504345,0.7810559982504345
2002-10-16,2.117978049066655,2.117978049066655,2.1272551893965077,2.1272551893965077,0.0,0.0,0.7810559982504345,0.7810559982504345
2002-10-17,2.117979398148349,2.117979398148349,2.127256654765371,2.127256654765371,0.0,0.0,0.7810559982504345,0.7810559982504345
2002-10-18,2.1179807463376332,2.1179807463376332,2.1272581191786215,2.1272581191786215,0.0,0.0,0.7810559982504345,0.7810559982504345
2002-10-19,2.11798209439382,2.11798209439382,2.127259583458774,2.127259583458774,0.0,0.0,0.7810559982504345,0.7810559982504345
2002-10-20,2.1179834423038164,2.1179834423038164,2.1272610475482603,2.1272610475482603,0.0,0.0,0.7810559982504345,0.7810559982504345
2002-10-21,2.012021610894991,2.012021610894991,2.021299332309561,2.021299332309561,0.0,0.0,0.0,0.0
2002-10-22,2.012022958233322,2.012022958233322,2.021300795773542,2.021300795773542,0.0,0.0,0.7810559982504345,0.7810559982504345
2002-10-23,2.0120243050392617,2.0120243050392617,2.021302258695768,2.021302258695768,0.0,0.0,0.7810559982504345,0.7810559982504345
2002-10-24,2.012025651751378,2.012025651751378,2.0213037214796943,2.0213037214796943,0.0,0.0,0.7810559982504345,0.7810559982504345
2002-10-25,2.012026997968196,2.012026997968196,2.0213051837589586,2.0213051837589586,0.0,0.0,0.7810559982504345,0.7810559982504345
2002-10-26,2.012028344032279,2.012028344032279,2.021306645885488,2.021306645885488,0.0,0.0,0.7810559982504345,0.7810559982504345
2002-10-27,2.0120296895377874,2.0120296895377874,2.0213081073551264,2.0213081073551264,0.0,0.0,0.7810559982504345,0.7810559982504345
2002-10-28,1.7558468038280086,1.7558468038280086,1.765125337653954,1.765125337653954,0.0,0.0,0.7810559982504345,0.7810559982504345
2002-10-29,1.7558481491567806,1.7558481491567806,1.765126798946856,1.765126798946856,0.0,0.0,0.7810559982504345,0.7810559982504345
2002-10-30,1.7558494935931426,1.7558494935931426,1.7651282592841449,1.7651282592841449,0.0,0.0,0.7810559982504345,0.7810559982504345
2002-10-31,1.7558508383000642,1.7558508383000642,1.7651297199013565,1.7651297199013565,0.0,0.0,0.7810559982504345,0.7810559982504345
2002-11-01,1.7554164862660349,1.7554164862660349,1.764658317676151,1.764658317676151,0.0,0.0,1.562111993001738,1.562111993001738
2002-11-02,1.7554179284873959,1.7554179284873959,1.7646598842334726,1.7646598842334726,0.0,0.0,3.1242239790052144,3.1242239790052144
2002-11-03,1.7554193705893242,1.7554193705893242,1.764661450623626,1.764661450623626,0.0,0.0,6.248447944013906,6.248447944013906
2002-11-04,1.4077423276073644,1.4077423276073644,1.4169845319198415,1.4169845319198415,0.0,0.0,0.0,0.0
2002-11-05,1.4077437690348498,1.4077437690348498,1.4169860976255024,1.4169860976255024,0.0,0.0,0.0,0.0
2002-11-06,1.385073814587841,1.385073814587841,1.3922624351841908,1.3922624351841908,0.0,0.0,0.0,0.0
2002-11-07,1.137414571771981,1.137414571771981,1.122965242378242,1.122965242378242,0.0,0.0,0.0,0.0
2002-11-08,0.3081752781133029,0.3081752781133029,0.2169107669294861,0.2169107669294861,0.0,0.0,0.0,0.0
2002-11-09,0.7025616057963643,0.7025616057963643,0.6452260697282433,0.6452260697282433,0.0,0.0,0.0,0.0
2002-11-10,1.4065665828196505,1.4065665828196505,1.4156921156297024,1.4156921156297024,0.0,0.0,0.0,0.0
2002-11-11,1.5743556719349405,1.5743556719349405,1.5834518265510726,1.5834518265510726,0.0,0.0,0.0,0.0
2002-11-12,1.574204056854719,1.574204056854719,1.583286416369773,1.583286416369773,0.0,0.0,0.0,0.0
2002-11-13,1.5741159443952817,1.5741159443952817,1.583190715693371,1.583190715693371,0.0,0.0,0.0,0.0
2002-11-14,1.5740610915805724,1.5740610915805724,1.583131449757285,1.583131449757285,0.0,0.0,0.0,0.0
2002-11-15,1.5740219153989092,1.5740219153989092,1.5830891990009939,1.5830891990009939,0.0,0.0,0.0,0.0
2002-11-16,1.5739920419731082,1.5739920419731082,1.5830570156809174,1.5830570156809174,0.0,0.0,0.0,0.0
2002-11-17,1.5739719762220914,1.5739719762220914,1.5830355303307475,1.5830355303307475,0.0,0.0,0.0,0.0
2002-11-18,1.418207424576014,1.418207424576014,1.4272703747398698,1.4272703747398698,0.0,0.0,0.0,0.0
2002-11-19,1.4182010358259571,1.4182010358259571,1.4272638162347595,1.4272638162347595,0.0,0.0,0.0,0.0
2002-11-20,1.4181981495847207,1.4181981495847207,1.4272610210804362,1.4272610210804362,0.0,0.0,0.0,0.0
2002-11-21,1.4182006023441287,1.4182006023441287,1.4272640306571223,1.4272640306571223,0.0,0.0,0.0,0.0
2002-11-22,1.4182071358980282,1.4182071358980282,1.4272714753364186,1.4272714753364186,0.0,0.0,0.0,0.0
2002-11-23,1.4182163803333079,1.4182163803333079,1.4272819017434224,1.4272819017434224,0.0,0.0,0.0,0.0
2002-11-24,1.4182246909999487,1.4182246909999487,1.4272912861075742,1.4272912861075742,0.0,0.0,0.0,0.0
2002-11-25,1.4986577620072452,1.4986577620072452,1.507724861453223,1.507724861453223,0.0,0.0,0.0,0.0
2002-11-26,1.4986597496258156,1.4986597496258156,1.5077272234815917,1.5077272234815917,0.0,0.0,0.0,0.0
2002-11-27,1.4986644280681127,1.4986644280681127,1.507732531329309,1.507732531329309,0.0,0.0,0.0,0.0
2002-11-28,1.4986723370524428,1.4986723370524428,1.5077413752540367,1.5077413752540367,0.0,0.0,0.0,0.0
2002-11-29,1.4986841563704865,1.4986841563704865,1.5077545337971763,1.5077545337971763,0.0,0.0,0.0,0.0
2002-11-30,1.498698988216872,1.498698988216872,1.5077710183654178,1.5077710183654178,0.0,0.0,0.0,0.0
2002-12-01,1.4982625739537914,1.4982625739537914,1.5072968442668147,1.5072968442668147,0.0,0.0,0.0,0.0
2002-12-02,1.4212430979692257,1.4212430979692257,1.43027808622315,1.43027808622315,0.0,0.0,0.0,0.0
2002-12-03,1.4212502153008246,1.4212502153008246,1.4302860239413004,1.4302860239413004,0.0,0.0,0.0,0.0
2002-12-04,1.4212579352822714,1.4212579352822714,1.4302946182929053,1.4302946182929053,0.0,0.0,0.0,0.0
2002-12-05,1.421266604494153,1.421266604494153,1.4303042349826585,1.4303042349826585,0.0,0.0,0.0,0.0
2002-12-06,1.421276208993033,1.421276208993033,1.4303148638718082,1.4303148638718082,0.0,0.0,0.0,0.0
2002-12-07,1.4212869960069567,1.4212869960069567,1.4303267948904266,1.4303267948904266,0.0,0.0,0.0,0.0
2002-12-08,1.4212464522893449,1.4212464522893449,1.4302873472665614,1.4302873472665614,0.0,0.0,0.0,0.0
2002-12-09,1.425710439446683,1.425710439446683,1.4345451638871412,1.4345451638871412,0.0,0.0,0.0,0.0
2002-12-10,1.427270375057191,1.427270375057191,1.4363129597650117,1.4363129597650117,0.0,0.0,0.0,0.0
2002-12-11,1.4134406543324984,1.4134406543324984,1.4213348152993628,1.4213348152993628,0.0,0.0,0.0,0.0
2002-12-12,1.381092393242414,1.381092393242414,1.3860051480489066,1.3860051480489066,0.0,0.0,0.0,0.0
2002-12-13,1.174500328709299,1.174500328709299,1.1598412378947367,1.1598412378947367,0.0,0.0,0.0,0.0
2002-12-14,0.928767310375379,0.928767310375379,0.8900480847988645,0.8900480847988645,0.0,0.0,0.0,0.0
2002-12-15,0.654413940299008,0.654413940299008,0.5877805447570283,0.5877805447570283,0.0,0.0,0.0,0.0
2002-12-16,0.4239107967331146,0.4239107967331146,0.3341527972502482,0.3341527972502482,0.0,0.0,0.0,0.0
2002-12-17,0.8934544676688077,0.8934544676688077,0.8515721680574282,0.8515721680574282,0.0,0.0,0.0,0.0
2002-12-18,1.3471651305950016,1.3471651305950016,1.3476421378809669,1.3476421378809669,0.0,0.0,0.0,0.0
2002-12-19,1.0039151239060025,1.0039151239060025,0.9717827633472018,0.9717827633472018,0.0,0.0,0.0,0.0
2002-12-20,0.920309465401827,0.920309465401827,0.8822315109161928,0.8822315109161928,0.0,0.0,0.0,0.0
2002-12-21,1.3288230951767637,1.3288230951767637,1.3285304915217622,1.3285304915217622,0.0,0.0,0.0,0.0
2002-12-22,1.417160585970907,1.417160585970907,1.424891237977467,1.424891237977467,0.0,0.0,0.0,0.0
2002-12-23,1.4325443427144025,1.4325443427144025,1.4411236031602104,1.4411236031602104,0.0,0.0,0.0,0.0
2002-12-24,1.4329776690356102,1.4329776690356102,1.4415573620550388,1.4415573620550388,0.0,0.0,0.0,0.0
2002-12-25,1.4328808637714257,1.4328808637714257,1.441452414621646,1.441452414621646,0.0,0.0,0.0,0.0
2002-12-26,1.431564141753467,1.431564141753467,1.4400204839247894,1.4400204839247894,0.0,0.0,0.0,0.0
2002-12-27,1.3917534058392618,1.3917534058392618,1.3967284185628586,1.3967284185628586,0.0,0.0,0.0,0.0
2002-12-28,1.0159159072178874,1.0159159072178874,0.9855514825550695,0.9855514825550695,0.0,0.0,0.0,0.0
2002-12-29,1.139228451222342,1.139228451222342,1.1202771825844913,1.1202771825844913,0.0,0.0,0.0,0.0
2002-12-30,1.2014056644155275,1.2014056644155275,1.1890723199978497,1.1890723199978497,0.0,0.0,0.0,0.0
2002-12-31,1.3049253269094336,1.3049253269094336,1.3026236097470765,1.3026236097470765,0.0,0.0,0.0,0.0
2003-01-01,1.4119508238609662,1.4119508238609662,1.4198520160321502,1.4198520160321502,0.0,0.0,0.0,0.0
2003-01-02,1.4190843087852627,1.4190843087852627,1.4276270162172993,1.4276270162172993,0.0,0.0,0.0,0.0
2003-01-03,1.42201633642133,1.42201633642133,1.4308528992171938,1.4308528992171938,0.0,0.0,0.0,0.0
2003-01-04,1.42162172240647,1.42162172240647,1.4304537453013946,1.4304537453013946,0.0,0.0,0.0,0.0
2003-01-05,1.4213392238722147,1.4213392238722147,1.4301685430671895,1.4301685430671895,0.0,0.0,0.0,0.0
2003-01-06,1.4066572974601266,1.4066572974601266,1.4154846696983852,1.4154846696983852,0.0,0.0,10.368821913840144,10.368821913840144
2003-01-07,1.4064706260511324,1.4064706260511324,1.4152962500169488,1.4152962500169488,0.0,0.0,20.737643781227966,20.737643781227966
2003-01-08,1.4063305275657925,1.4063305275657925,1.415154867830667,1.415154867830667,0.0,0.0,41.47528746955129,41.47528746955129
2003-01-09,1.2715116113083003,1.2715116113083003,1.2680134785803021,1.2680134785803021,0.0,0.0,82.9505747532933,82.9505747532933
2003-01-10,1.2606794819410525,1.2606794819410525,1.256272628561915,1.256272628561915,0.0,0.0,118.15428364212708,118.15428364212708
2003-01-11,1.3898680400348142,1.3898680400348142,1.3974193264532473,1.3974193264532473,0.0,0.0,1.726079856,1.726079856
2003-01-12,1.4029493940644346,1.4029493940644346,1.4117498563682487,1.4117498563682487,0.0,0.0,2.058383646,2.058383646
2003-01-13,0.9946861361316288,0.9946861361316288,1.003472323787664,1.003472323787664,0.0,0.0,0.0,0.0
2003-01-14,0.9936454212018219,0.9936454212018219,1.0024192346086065,1.0024192346086065,0.0,0.0,0.0,0.0
2003-01-15,0.992888622736062,0.992888622736062,1.0016521601938155,1.0016521601938155,0.0,0.0,0.0,0.0
2003-01-16,0.9923684203716236,0.9923684203716236,1.0011238645158427,1.0011238645158427,0.0,0.0,0.0,0.0
2003-01-17,0.9920938740379961,0.9920938740379961,1.0008439784371819,1.0008439784371819,0.0,0.0,0.0,0.0
2003-01-18,0.9919081234612807,0.9919081234612807,1.0006537456906515,1.0006537456906515,0.0,0.0,0.0,0.0
2003-01-19,0.9918216550794947,0.9918216550794947,1.0005635726335975,1.0005635726335975,0.0,0.0,0.0,0.0
2003-01-20,1.401236597005599,1.401236597005599,1.4099762295344025,1.4099762295344025,0.0,0.0,0.0,0.0
2003-01-21,1.4013704171130112,1.4013704171130112,1.410109288541099,1.410109288541099,0.0,0.0,0.0,0.0
2003-01-22,1.400325504886774,1.400325504886774,1.409064505496197,1.409064505496197,0.0,0.0,0.0,0.0
2003-01-23,1.4010894440047337,1.4010894440047337,1.4097397725725827,1.4097397725725827,0.0,0.0,0.0,0.0
2003-01-24,1.402143906138136,1.402143906138136,1.4108859231684803,1.4108859231684803,0.0,0.0,0.0,0.0
2003-01-25,1.4025342954251587,1.4025342954251587,1.4112797051666641,1.4112797051666641,0.0,0.0,0.0,0.0
2003-01-26,1.402882936425149,1.402882936425149,1.4116309736253672,1.4116309736253672,0.0,0.0,0.0,0.0
2003-01-27,1.3342935728071816,1.3342935728071816,1.3430443654754105,1.3430443654754105,0.0,0.0,0.0,0.0
2003-01-28,1.3346981040771908,1.3346981040771908,1.3434528614073102,1.3434528614073102,0.0,0.0,0.0,0.0
2003-01-29,1.3351117000129735,1.3351117000129735,1.3438707851309248,1.3438707851309248,0.0,0.0,0.0,0.0
2003-01-30,1.3355182917960622,1.3355182917960622,1.3442816729539524,1.3442816729539524,0.0,0.0,0.0,0.0
2003-01-31,1.335985006429718,1.335985006429718,1.3447535614801198,1.3447535614801198,0.0,0.0,0.0,0.0
2003-02-01,1.3375186301929871,1.3375186301929871,1.3463310630788974,1.3463310630788974,0.0,0.0,0.0,0.0
2003-02-02,1.3373884030339416,1.3373884030339416,1.3461669009164643,1.3461669009164643,0.0,0.0,0.0,0.0
2003-02-03,4.39549394536599,4.39549394536599,9.004735810608533,9.004735810608533,0.0,0.0,0.0,0.0
2003-02-04,4.395491409549518,4.395491409549518,9.004735810608533,9.004735810608533,0.0,0.0,0.0,0.0
2003-02-05,4.395488674373659,4.395488674373659,9.004735810608533,9.004735810608533,0.0,0.0,0.0,0.0
2003-02-06,4.3954863505691915,4.3954863505691915,9.004735810608533,9.004735810608533,0.0,0.0,0.0,0.0
2003-02-07,4.395484370940015,4.395484370940015,9.004735810608533,9.004735810608533,0.0,0.0,0.0,0.0
2003-02-08,4.3954823011237725,4.3954823011237725,9.004735810608533,9.004735810608533,0.0,0.0,0.0,0.0
2003-02-09,4.395480288250644,4.395480288250644,9.004735810608533,9.004735810608533,0.0,0.0,0.0,0.0
2003-02-10,4.395478054288629,4.395478054288629,9.004735811513626,9.004735811513626,0.0,0.0,0.0,0.0
2003-02-11,4.395475000675855,4.395475000675855,9.004735811513626,9.004735811513626,0.0,0.0,0.0,0.0
2003-02-12,4.404140200118705,4.404140200118705,9.004735811513626,9.004735811513626,0.0,0.0,0.0,0.0
2003-02-13,4.404385782780916,4.404385782780916,9.004735811513626,9.004735811513626,0.0,0.0,0.0,0.0
2003-02-14,4.395772311431344,4.395772311431344,9.004735811513626,9.004735811513626,0.0,0.0,0.0,0.0
2003-02-15,4.40142005516857,4.40142005516857,9.004735811513626,9.004735811513626,0.0,0.0,0.0,0.0
2003-02-16,4.397029886372388,4.397029886372388,9.004735811513626,9.004735811513626,0.0,0.0,0.0,0.0
2003-02-17,4.395500989663165,4.395500989663165,9.004735812461238,9.004735812461238,0.0,0.0,0.0,0.0
2003-02-18,4.395512129536288,4.395512129536288,9.004735812461238,9.004735812461238,0.0,0.0,0.0,0.0
2003-02-19,4.396412449563464,4.396412449563464,9.004735812461238,9.004735812461238,0.0,0.0,0.0,0.0
2003-02-20,4.395697508819488,4.395697508819488,9.004735812461238,9.004735812461238,0.0,0.0,0.0,0.0
2003-02-21,4.395561080961207,4.395561080961207,9.004735812461238,9.004735812461238,0.0,0.0,0.0,0.0
2003-02-22,4.395572343898606,4.395572343898606,9.004735812461238,9.004735812461238,0.0,0.0,0.0,0.0
2003-02-23,4.39557543838105,4.39557543838105,9.004735812461238,9.004735812461238,0.0,0.0,0.0,0.0
2003-02-24,4.398009286248261,4.398009286248261,9.004735813455564,9.004735813455564,0.0,0.0,0.0,0.0
2003-02-25,4.397414817182069,4.397414817182069,9.004735813455564,9.004735813455564,0.0,0.0,0.0,0.0
2003-02-26,4.3966938884734486,4.3966938884734486,9.004735813455564,9.004735813455564,0.0,0.0,0.0,0.0
2003-02-27,4.397053745666401,4.397053745666401,9.004735813455564,9.004735813455564,0.0,0.0,0.0,0.0
2003-02-28,4.396232776611878,4.396232776611878,9.004735813455564,9.004735813455564,0.0,0.0,0.0,0.0
2003-03-01,4.395554977008909,4.395554977008909,9.004735813455564,9.004735813455564,0.0,0.0,0.0,0.0
2003-03-02,4.39556813449,4.3955681344899995,9.004735813455564,9.004735813455564,0.0,0.0,0.0,0.0
2003-03-03,4.395641149456207,4.395641149456207,9.00473581450145,9.00473581450145,0.0,0.0,0.0,0.0
2003-03-04,4.395585686787419,4.395585686787419,9.00473581450145,9.00473581450145,0.0,0.0,0.0,0.0
2003-03-05,4.39558711591141,4.39558711591141,9.00473581450145,9.00473581450145,0.0,0.0,0.0,0.0
2003-03-06,4.395585188211673,4.395585188211673,9.00473581450145,9.00473581450145,0.0,0.0,0.0,0.0
2003-03-07,4.39557066932846,4.39557066932846,9.00473581450145,9.00473581450145,0.0,0.0,0.0,0.0
2003-03-08,4.395548444117995,4.395548444117995,9.00473581450145,9.00473581450145,0.0,0.0,0.0,0.0
2003-03-09,4.395522395810501,4.395522395810501,9.00473581450145,9.00473581450145,0.0,0.0,0.0,0.0
2003-03-10,4.395494424578514,4.395494424578514,9.004735815604525,9.004735815604525,0.0,0.0,0.0,0.0
2003-03-11,4.395467189562937,4.395467189562937,9.004735815604525,9.004735815604525,0.0,0.0,0.0,0.0
2003-03-12,4.395442931993706,4.395442931993706,9.004735815604525,9.004735815604525,0.0,0.0,0.0,0.0
2003-03-13,4.395422720026985,4.395422720026985,9.004735815604525,9.004735815604525,0.0,0.0,0.0,0.0
2003-03-14,4.415637015149968,4.415637015149968,9.004735815604525,9.004735815604525,0.0,0.0,0.0,0.0
2003-03-15,4.420251922952313,4.420251922952313,9.004735815604525,9.004735815604525,0.0,0.0,0.0,0.0
2003-03-16,4.399869115393933,4.399869115393933,9.004735815604525,9.004735815604525,0.0,0.0,0.0,0.0
2003-03-17,4.39657886411573,4.39657886411573,9.00473581677142,9.00473581677142,0.0,0.0,0.0,0.0
2003-03-18,4.397108637588284,4.397108637588284,9.00473581677142,9.00473581677142,0.0,0.0,0.0,0.0
2003-03-19,4.397545351210791,4.397545351210791,9.00473581677142,9.00473581677142,0.0,0.0,0.0,0.0
2003-03-20,4.397399015983295,4.397399015983295,9.00473581677142,9.00473581677142,0.0,0.0,0.0,0.0
2003-03-21,4.397455027712171,4.397455027712171,9.00473581677142,9.00473581677142,0.0,0.0,0.0,0.0
2003-03-22,4.397646581946912,4.397646581946912,9.00473581677142,9.00473581677142,0.0,0.0,0.0,0.0
2003-03-23,4.397939088475349,4.397939088475349,9.00473581677142,9.00473581677142,0.0,0.0,0.0,0.0
2003-03-24,4.3981648201322345,4.3981648201322345,9.00473581800997,9.00473581800997,0.0,0.0,0.0,0.0
2003-03-25,4.397510116658542,4.397510116658542,9.00473581800997,9.00473581800997,0.0,0.0,0.0,0.0
2003-03-26,4.397759490097659,4.397759490097659,9.00473581800997,9.00473581800997,0.0,0.0,0.0,0.0
2003-03-27,4.397280976136502,4.397280976136502,9.00473581800997,9.00473581800997,0.0,0.0,0.0,0.0
2003-03-28,4.397169370674041,4.397169370674041,9.00473581800997,9.00473581800997,0.0,0.0,0.0,0.0
2003-03-29,4.397030518293031,4.397030518293031,9.00473581800997,9.00473581800997,0.0,0.0,0.0,0.0
2003-03-30,4.396863999351157,4.396863999351157,9.00473581800997,9.00473581800997,0.0,0.0,0.0,0.0
2003-03-31,4.3966624984811125,4.3966624984811125,9.004735819329545,9.004735819329545,0.0,0.0,0.0,0.0
2003-04-01,4.403539328934583,4.403539328934583,9.004735819329545,9.004735819329545,0.0,0.0,0.0,0.0
2003-04-02,4.408334543226461,4.408334543226461,9.004735819329545,9.004735819329545,0.0,0.0,0.0,0.0
2003-04-03,4.405122856035885,4.405122856035885,9.004735819329545,9.004735819329545,0.0,0.0,0.0,0.0
2003-04-04,4.403861767271405,4.403861767271405,9.004735819329545,9.004735819329545,0.0,0.0,0.0,0.0
2003-04-05,4.400095209779544,4.400095209779544,9.004735819329545,9.004735819329545,0.0,0.0,0.0,0.0
2003-04-06,4.398229239549777,4.398229239549777,9.004735819329545,9.004735819329545,0.0,0.0,0.0,0.0
2003-04-07,4.398475263281325,4.398475263281325,9.004735820741484,9.004735820741484,0.0,0.0,0.0,0.0
2003-04-08,4.398501250409492,4.398501250409492,9.004735820741484,9.004735820741484,0.0,0.0,0.0,0.0
2003-04-09,4.3983198984142104,4.3983198984142104,9.004735820741484,9.004735820741484,0.0,0.0,0.0,0.0
2003-04-10,4.398015308414583,4.398015308414583,9.004735820741484,9.004735820741484,0.0,0.0,0.0,0.0
2003-04-11,4.397726451141135,4.397726451141135,9.004735820741484,9.004735820741484,0.0,0.0,0.0,0.0
2003-04-12,4.417355967002299,4.417355967002299,9.004735820741484,9.004735820741484,0.0,0.0,0.0,0.0
2003-04-13,4.434712703023077,4.434712703023077,9.004735820741484,9.004735820741484,0.0,0.0,0.0,0.0
2003-04-14,4.413125393881672,4.413125393881672,9.004735822259704,9.004735822259704,0.0,0.0,4.746815989367132,4.746815989367132
2003-04-15,4.405141421339965,4.405141421339965,9.004735822259704,9.004735822259704,0.0,0.0,9.493631957468528,9.493631957468528
2003-04-16,4.407463702161969,4.407463702161969,9.004735822259704,9.004735822259704,0.0,0.0,18.987263872405585,18.987263872405585
2003-04-17,4.409530029863952,4.409530029863952,9.004735822259704,9.004735822259704,0.0,0.0,37.974527659748226,37.974527659748226
2003-04-18,4.4072595117697375,4.4072595117697375,9.004735822259704,9.004735822259704,0.0,0.0,75.94905514937055,75.94905514937055
2003-04-19,4.407133868604914,4.407133868604914,9.004735822259704,9.004735822259704,0.0,0.0,82.44977790963993,82.44977790963993
2003-04-20,4.406634428549413,4.406634428549413,9.004735822259704,9.004735822259704,0.0,0.0,4.164368136,4.164368136
2003-04-21,4.409274254133965,4.409274254133965,9.004735823901495,9.004735823901495,0.0,0.0,0.0,0.0
2003-04-22,4.405593900802831,4.405593900802831,9.004735823901495,9.004735823901495,0.0,0.0,0.0,0.0
2003-04-23,4.405227009751704,4.405227009751704,9.004735823901495,9.004735823901495,0.0,0.0,0.0,0.0
2003-04-24,4.4110391438465095,4.4110391438465095,9.004735823901495,9.004735823901495,0.0,0.0,0.0,0.0
2003-04-25,4.410313320761544,4.410313320761544,9.004735823901495,9.004735823901495,0.0,0.0,0.0,0.0
2003-04-26,4.404711240139073,4.404711240139073,9.004735823901495,9.004735823901495,0.0,0.0,0.0,0.0
2003-04-27,4.414355192932713,4.414355192932713,9.004735823901495,9.004735823901495,0.0,0.0,0.0,0.0
2003-04-28,4.40640627701481,4.40640627701481,9.004735825688762,9.004735825688762,0.0,0.0,0.0,0.0
2003-04-29,4.4057334062964,4.4057334062964,9.004735825688762,9.004735825688762,0.0,0.0,0.0,0.0
2003-04-30,4.405725940613163,4.405725940613163,9.004735825688762,9.004735825688762,0.0,0.0,0.0,0.0
2003-05-01,4.4057749784799105,4.4057749784799105,9.004735825688762,9.004735825688762,0.0,0.0,0.0,0.0
2003-05-02,4.412643665309826,4.412643665309826,9.004735825688762,9.004735825688762,0.0,0.0,0.0,0.0
2003-05-03,4.423936627956369,4.423936627956369,9.004735825688762,9.004735825688762,0.0,0.0,0.0,0.0
2003-05-04,4.412549100432627,4.412549100432627,9.004735825688762,9.004735825688762,0.0,0.0,0.0,0.0
2003-05-05,4.409304540131109,4.409304540131109,9.004735827649796,9.004735827649796,0.0,0.0,0.0,0.0
2003-05-06,4.409581551060891,4.409581551060891,9.004735827649796,9.004735827649796,0.0,0.0,0.0,0.0
2003-05-07,4.411446709731019,4.411446709731019,9.004735827649796,9.004735827649796,0.0,0.0,0.0,0.0
2003-05-08,4.410268389316903,4.410268389316903,9.004735827649796,9.004735827649796,0.0,0.0,0.0,0.0
2003-05-09,4.409454983568852,4.409454983568852,9.004735827649796,9.004735827649796,0.0,0.0,0.0,0.0
2003-05-10,4.4081807252722705,4.4081807252722705,9.004735827649796,9.004735827649796,0.0,0.0,0.0,0.0
2003-05-11,4.407212618774678,4.407212618774678,9.004735827649796,9.004735827649796,0.0,0.0,0.0,0.0
2003-05-12,4.405922719400816,4.405922719400816,9.004735829822017,9.004735829822017,0.0,0.0,0.0,0.0
2003-05-13,4.404474047709278,4.404474047709278,9.004735829822017,9.004735829822017,0.0,0.0,0.0,0.0
2003-05-14,4.402974361285093,4.402974361285093,9.004735829822017,9.004735829822017,0.0,0.0,0.0,0.0
2003-05-15,4.4016555792829335,4.4016555792829335,9.004735829822017,9.004735829822017,0.0,0.0,0.0,0.0
2003-05-16,4.400584202400716,4.400584202400716,9.004735829822017,9.004735829822017,0.0,0.0,0.0,0.0
2003-05-17,4.399612401730022,4.399612401730022,9.004735829822017,9.004735829822017,0.0,0.0,0.0,0.0
2003-05-18,4.398721558701214,4.398721558701214,9.004735829822017,9.004735829822017,0.0,0.0,0.0,0.0
2003-05-19,4.39796351549706,4.39796351549706,9.004735832256399,9.004735832256399,0.0,0.0,0.0,0.0
2003-05-20,4.397285881507199,4.397285881507199,9.004735832256399,9.004735832256399,0.0,0.0,0.0,0.0
2003-05-21,4.396667995313109,4.396667995313109,9.004735832256399,9.004735832256399,0.0,0.0,0.0,0.0
2003-05-22,4.3961524940696854,4.3961524940696854,9.004735832256399,9.004735832256399,0.0,0.0,0.0,0.0
2003-05-23,4.395780025984885,4.395780025984885,9.004735832256399,9.004735832256399,0.0,0.0,0.0,0.0
2003-05-24,4.3955451706597755,4.3955451706597755,9.004735832256399,9.004735832256399,0.0,0.0,0.0,0.0
2003-05-25,4.395431971588934,4.395431971588934,9.004735832256399,9.004735832256399,0.0,0.0,0.0,0.0
2003-05-26,4.3954083391207055,4.3954083391207055,9.00473583502491,9.00473583502491,0.0,0.0,0.0,0.0
2003-05-27,4.395400572614841,4.395400572614841,9.00473583502491,9.00473583502491,0.0,0.0,0.0,0.0
2003-05-28,4.395391251380886,4.395391251380886,9.00473583502491,9.00473583502491,0.0,0.0,0.0,0.0
2003-05-29,4.395380019020564,4.395380019020564,9.00473583502491,9.00473583502491,0.0,0.0,0.0,0.0
2003-05-30,4.395368272530452,4.395368272530452,9.00473583502491,9.00473583502491,0.0,0.0,0.0,0.0
2003-05-31,4.395357889093807,4.395357889093807,9.00473583502491,9.00473583502491,0.0,0.0,0.0,0.0
2003-06-01,4.395414789830928,4.395414789830928,9.00473583502491,9.00473583502491,0.0,0.0,0.7810559982504345,0.7810559982504345
2003-06-02,4.395403387848635,4.395403387848635,9.004735838233872,9.004735838233872,0.0,0.0,0.7810559982504345,0.7810559982504345
2003-06-03,4.39539105920466,4.39539105920466,9.004735838233872,9.004735838233872,0.0,0.0,0.0,0.0
2003-06-04,4.395377967430521,4.395377967430521,9.004735838233872,9.004735838233872,0.0,0.0,0.7810559982504345,0.7810559982504345
2003-06-05,4.395365123730363,4.395365123730363,9.004735838233872,9.004735838233872,0.0,0.0,0.7810559982504345,0.7810559982504345
2003-06-06,4.395352981479236,4.395352981479236,9.004735838233872,9.004735838233872,0.0,0.0,0.7810559982504345,0.7810559982504345
2003-06-07,4.395341199824271,4.395341199824271,9.004735838233872,9.004735838233872,0.0,0.0,0.7810559982504345,0.7810559982504345
2003-06-08,4.3953295210516306,4.3953295210516306,9.004735838233872,9.004735838233872,0.0,0.0,0.7810559982504345,0.7810559982504345
2003-06-09,4.395317355466073,4.395317355466073,8.361785850155073,8.361785850155073,0.0,0.0,0.7810559982504345,0.7810559982504345
2003-06-10,4.395304518598911,4.395304518598911,8.361785850155073,8.361785850155073,0.0,0.0,0.7810559982504345,0.7810559982504345
2003-06-11,4.395292749101728,4.395292749101728,8.361785850155073,8.361785850155073,0.0,0.0,0.7810559982504345,0.7810559982504345
2003-06-12,4.395282724489013,4.395282724489013,8.361785850155073,8.361785850155073,0.0,0.0,0.7810559982504345,0.7810559982504345
2003-06-13,4.395273195201884,4.395273195201884,8.361785850155073,8.361785850155073,0.0,0.0,0.7810559982504345,0.7810559982504345
2003-06-14,4.395263204963715,4.395263204963715,8.361785850155073,8.361785850155073,0.0,0.0,0.7810559982504345,0.7810559982504345
2003-06-15,4.395252019649653,4.395252019649653,8.361785850155073,8.361785850155073,0.0,0.0,0.7810559982504345,0.7810559982504345
2003-06-16,4.395240058533268,4.395240058533268,6.321672671227358,6.321672671227358,0.0,0.0,0.7810559982504345,0.7810559982504345
2003-06-17,4.395227733432797,4.395227733432797,6.321672671227358,6.321672671227358,0.0,0.0,0.0,0.0
2003-06-18,4.3952145444853175,4.3952145444853175,6.321672671227358,6.321672671227358,0.0,0.0,0.7810559982504345,0.7810559982504345
2003-06-19,4.395201878052528,4.395201878052528,6.321672671227358,6.321672671227358,0.0,0.0,0.7810559982504345,0.7810559982504345
2003-06-20,4.395191001706131,4.395191001706131,6.321672671227358,6.321672671227358,0.0,0.0,0.7810559982504345,0.7810559982504345
2003-06-21,4.395180935809669,4.395180935809669,6.321672671227358,6.321672671227358,0.0,0.0,0.7810559982504345,0.7810559982504345
2003-06-22,4.395171791170725,4.395171791170725,6.321672671227358,6.321672671227358,0.0,0.0,0.7810559982504345,0.7810559982504345
2003-06-23,4.395163204849851,4.395163204849851,4.515023890126727,4.515023890126727,0.0,0.0,0.7810559982504345,0.7810559982504345
2003-06-24,4.395154802929397,4.395154802929397,4.515023890126727,4.515023890126727,0.0,0.0,0.7810559982504345,0.7810559982504345
2003-06-25,4.395146390767386,4.395146390767386,4.515023890126727,4.515023890126727,0.0,0.0,0.7810559982504345,0.7810559982504345
2003-06-26,4.39513687797534,4.39513687797534,4.515023890126727,4.515023890126727,0.0,0.0,0.7810559982504345,0.7810559982504345
2003-06-27,4.395126390560453,4.395126390560453,4.515023890126727,4.515023890126727,0.0,0.0,0.7810559982504345,0.7810559982504345
2003-06-28,4.395115658234069,4.395115658234069,4.515023890126727,4.515023890126727,0.0,0.0,0.7810559982504345,0.7810559982504345
2003-06-29,4.395105075401715,4.395105075401715,4.515023890126727,4.515023890126727,0.0,0.0,0.7810559982504345,0.7810559982504345
2003-06-30,4.395095175543581,4.395095175543581,4.404412790134115,4.404412790134115,0.0,0.0,0.7810559982504345,0.7810559982504345
2003-07-01,3.779948840500254,3.779948840500254,3.7891733393702802,3.7891733393702802,0.0,0.0,0.0,0.0
2003-07-02,3.2481686091933413,3.2481686091933413,3.25740323856488,3.25740323856488,0.0,0.0,0.7810559982504345,0.7810559982504345
2003-07-03,3.275480531286628,3.275480531286628,3.2847249763774604,3.2847249763774604,0.0,0.0,0.7810559982504345,0.7810559982504345
2003-07-04,3.1921738727199,3.1921738727199,3.2014279577024203,3.2014279577024203,0.0,0.0,0.7810559982504345,0.7810559982504345
2003-07-05,3.382319161267427,3.382319161267427,3.3915826162227196,3.3915826162227196,0.0,0.0,0.7810559982504345,0.7810559982504345
2003-07-06,3.1057337445381394,3.1057337445381394,3.1150061293317206,3.1150061293317206,0.0,0.0,0.7810559982504345,0.7810559982504345
2003-07-07,2.5840895152270327,2.5840895152270327,2.59337007985976,2.59337007985976,0.0,0.0,0.7810559982504345,0.7810559982504345
2003-07-08,2.292177532308435,2.292177532308435,2.30146550120984,2.30146550120984,0.0,0.0,0.7810559982504345,0.7810559982504345
2003-07-09,2.2970019699383877,2.2970019699383877,2.30629699465404,2.30629699465404,0.0,0.0,0.7810559982504345,0.7810559982504345
2003-07-10,2.2611202109659962,2.2611202109659962,2.27042210765082,2.27042210765082,0.0,0.0,0.7810559982504345,0.7810559982504345
2003-07-11,2.2121822349800273,2.2121822349800273,2.22149059671006,2.22149059671006,0.0,0.0,0.7810559982504345,0.7810559982504345
2003-07-12,2.1875688630954775,2.1875688630954775,2.196883160740956,2.196883160740956,0.0,0.0,0.7810559982504345,0.7810559982504345
2003-07-13,2.187563506461178,2.187563506461178,2.196883160740956,2.196883160740956,0.0,0.0,0.7810559982504345,0.7810559982504345
2003-07-14,2.1650132843525527,2.1650132843525527,2.17433776287595,2.17433776287595,0.0,0.0,0.7810559982504345,0.7810559982504345
2003-07-15,2.165054399701328,2.165054399701328,2.17438323330181,2.17438323330181,0.0,0.0,0.0,0.0
2003-07-16,2.1650901588074705,2.1650901588074705,2.174422841994492,2.174422841994492,0.0,0.0,0.7810559982504345,0.7810559982504345
2003-07-17,2.1651199891698565,2.1651199891698565,2.174455943269451,2.174455943269451,0.0,0.0,0.7810559982504345,0.7810559982504345
2003-07-18,2.165144206295965,2.165144206295965,2.1744828720502936,2.1744828720502936,0.0,0.0,0.7810559982504345,0.7810559982504345
2003-07-19,2.165164167644924,2.165164167644924,2.174505107352095,2.174505107352095,0.0,0.0,0.7810559982504345,0.7810559982504345
2003-07-20,2.1651817084909313,2.1651817084909313,2.174524656775198,2.174524656775198,0.0,0.0,0.7810559982504345,0.7810559982504345
2003-07-21,2.159239426374407,2.159239426374407,2.168584167528378,2.168584167528378,0.0,0.0,0.7810559982504345,0.7810559982504345
2003-07-22,2.1592525739635082,2.1592525739635082,2.1685988579596653,2.1685988579596653,0.0,0.0,0.7810559982504345,0.7810559982504345
2003-07-23,2.1592636918886594,2.1592636918886594,2.168611258344473,2.168611258344473,0.0,0.0,0.7810559982504345,0.7810559982504345
2003-07-24,2.1592737072020416,2.1592737072020416,2.1686224059873256,2.1686224059873256,0.0,0.0,0.7810559982504345,0.7810559982504345
2003-07-25,2.159282900278605,2.159282900278605,2.168632606939251,2.168632606939251,0.0,0.0,0.7810559982504345,0.7810559982504345
2003-07-26,2.1592910089786845,2.1592910089786845,2.1686416072875607,2.1686416072875607,0.0,0.0,0.7810559982504345,0.7810559982504345
2003-07-27,2.159298268507608,2.159298268507608,2.168649721098996,2.168649721098996,0.0,0.0,0.7810559982504345,0.7810559982504345
2003-07-28,2.1576028086647763,2.1576028086647763,2.1669550745376474,2.1669550745376474,0.0,0.0,0.7810559982504345,0.7810559982504345
2003-07-29,2.157467544127267,2.157467544127267,2.1668205643057843,2.1668205643057843,0.0,0.0,0.0,0.0
2003-07-30,2.1538737151812457,2.1538737151812457,2.1632272556922305,2.1632272556922305,0.0,0.0,0.7810559982504345,0.7810559982504345
2003-07-31,2.1406019618376897,2.1406019618376897,2.148156846604917,2.148156846604917,0.0,0.0,0.7810559982504345,0.7810559982504345
2003-08-01,2.142736712671096,2.142736712671096,2.1517599231474187,2.1517599231474187,0.0,0.0,0.7810559982504345,0.7810559982504345
2003-08-02,1.996568466596352,1.996568466596352,1.9894205806526124,1.9894205806526124,0.0,0.0,0.7810559982504345,0.7810559982504345
2003-08-03,2.1532213721922413,2.1532213721922413,2.1623096688828647,2.1623096688828647,0.0,0.0,0.7810559982504345,0.7810559982504345
2003-08-04,2.175786626705493,2.175786626705493,2.184875231385469,2.184875231385469,0.0,0.0,0.7810559982504345,0.7810559982504345
2003-08-05,2.17578928797204,2.17578928797204,2.1848782854614384,2.1848782854614384,0.0,0.0,0.7810559982504345,0.7810559982504345
2003-08-06,2.175791901489142,2.175791901489142,2.18488127937068,2.18488127937068,0.0,0.0,0.7810559982504345,0.7810559982504345
2003-08-07,2.175794495283329,2.175794495283329,2.184884247360909,2.184884247360909,0.0,0.0,0.7810559982504345,0.7810559982504345
2003-08-08,2.175797128152152,2.175797128152152,2.1848872651184337,2.1848872651184337,0.0,0.0,0.7810559982504345,0.7810559982504345
2003-08-09,2.175799800785388,2.175799800785388,2.1848903331793816,2.1848903331793816,0.0,0.0,0.7810559982504345,0.7810559982504345
2003-08-10,2.1758023241698212,2.1758023241698212,2.1848931632079625,2.1848931632079625,0.0,0.0,0.7810559982504345,0.7810559982504345
2003-08-11,2.1918558225306204,2.1918558225306204,2.200946849596511,2.200946849596511,0.0,0.0,0.7810559982504345,0.7810559982504345
2003-08-12,2.1918581015151712,2.1918581015151712,2.200949300086928,2.200949300086928,0.0,0.0,0.0,0.0
2003-08-13,2.1918602089442683,2.1918602089442683,2.200951573851159,2.200951573851159,0.0,0.0,0.7810559982504345,0.7810559982504345
2003-08-14,2.191862087195317,2.191862087195317,2.2009536115702093,2.2009536115702093,0.0,0.0,0.7810559982504345,0.7810559982504345
2003-08-15,2.19186392097628,2.19186392097628,2.200955603524138,2.200955603524138,0.0,0.0,0.7810559982504345,0.7810559982504345
2003-08-16,2.1918657552745735,2.1918657552745735,2.200957596007941,2.200957596007941,0.0,0.0,0.7810559982504345,0.7810559982504345
2003-08-17,2.1918675901048137,2.1918675901048137,2.2009595890958105,2.2009595890958105,0.0,0.0,0.7810559982504345,0.7810559982504345
2003-08-18,2.1918694249993544,2.1918694249993544,2.2009615822479813,2.2009615822479813,0.0,0.0,0.7810559982504345,0.7810559982504345
2003-08-19,2.191871259674687,2.191871259674687,2.2009635751809435,2.2009635751809435,0.0,0.0,0.7810559982504345,0.7810559982504345
2003-08-20,2.1918730948381238,2.1918730948381238,2.2009655686145524,2.2009655686145524,0.0,0.0,0.7810559982504345,0.7810559982504345
2003-08-21,2.191637083408228,2.191637083408228,2.200688551441252,2.200688551441252,0.0,0.0,0.7810559982504345,0.7810559982504345
2003-08-22,2.1918767643787698,2.1918767643787698,2.2009695546830006,2.2009695546830006,0.0,0.0,0.7810559982504345,0.7810559982504345
2003-08-23,2.1918785988875036,2.1918785988875036,2.200971547449364,2.200971547449364,0.0,0.0,0.7810559982504345,0.7810559982504345
2003-08-24,2.1918804334137745,2.1918804334137745,2.2009735401862294,2.2009735401862294,0.0,0.0,0.7810559982504345,0.7810559982504345
2003-08-25,2.1517087848286773,2.1517087848286773,2.1607353830310987,2.1607353830310987,0.0,0.0,0.7810559982504345,0.7810559982504345
2003-08-26,2.1520018293425482,2.1520018293425482,2.1610952524985643,2.1610952524985643,0.0,0.0,0.0,0.0
2003-08-27,2.1520036632258077,2.1520036632258077,2.1610972445798753,2.1610972445798753,0.0,0.0,0.7810559982504345,0.7810559982504345
2003-08-28,2.152005496544971,2.152005496544971,2.16109923602497,2.16109923602497,0.0,0.0,0.7810559982504345,0.7810559982504345
2003-08-29,2.152007329715072,2.152007329715072,2.161101227321002,2.161101227321002,0.0,0.0,0.7810559982504345,0.7810559982504345
2003-08-30,2.1520091622713893,2.1520091622713893,2.1611032179311302,2.1611032179311302,0.0,0.0,0.7810559982504345,0.7810559982504345
2003-08-31,2.1520109951112167,2.1520109951112167,2.161105208837311,2.161105208837311,0.0,0.0,0.7810559982504345,0.7810559982504345
2003-09-01,2.1924235554287876,2.1924235554287876,2.2015630358595732,2.2015630358595732,0.0,0.0,0.7810559982504345,0.7810559982504345
2003-09-02,2.192260143002488,2.192260143002488,2.2013997711259483,2.2013997711259483,0.0,0.0,0.7810559982504345,0.7810559982504345
2003-09-03,2.1924269799372023,2.1924269799372023,2.201566755741612,2.201566755741612,0.0,0.0,0.7810559982504345,0.7810559982504345
2003-09-04,2.192428691394971,2.192428691394971,2.201568614812913,2.201568614812913,0.0,0.0,0.7810559982504345,0.7810559982504345
2003-09-05,2.192430402716129,2.192430402716129,2.2015704737476027,2.2015704737476027,0.0,0.0,0.7810559982504345,0.7810559982504345
2003-09-06,2.192432113703958,2.192432113703958,2.20157233229327,2.20157233229327,0.0,0.0,0.7810559982504345,0.7810559982504345
2003-09-07,2.1924338242628303,2.1924338242628303,2.2015741903982557,2.2015741903982557,0.0,0.0,0.7810559982504345,0.7810559982504345
2003-09-08,2.1924355340375588,2.1924355340375588,2.2015760476516797,2.2015760476516797,0.0,0.0,0.7810559982504345,0.7810559982504345
2003-09-09,2.192437244246708,2.192437244246708,2.2015779053512494,2.2015779053512494,0.0,0.0,0.0,0.0
2003-09-10,2.192438953373904,2.192438953373904,2.2015797619454154,2.2015797619454154,0.0,0.0,0.7810559982504345,0.7810559982504345
2003-09-11,2.192440662318041,2.192440662318041,2.2015816183008297,2.2015816183008297,0.0,0.0,0.7810559982504345,0.7810559982504345
2003-09-12,2.192442371057263,2.192442371057263,2.2015834743956355,2.2015834743956355,0.0,0.0,0.7810559982504345,0.7810559982504345
2003-09-13,2.1924440791953987,2.1924440791953987,2.2015853298776307,2.2015853298776307,0.0,0.0,0.7810559982504345,0.7810559982504345
2003-09-14,2.19244578716687,2.19244578716687,2.201587185192961,2.201587185192961,0.0,0.0,0.7810559982504345,0.7810559982504345
2003-09-15,2.1466074520980096,2.1466074520980096,2.1557489974005417,2.1557489974005417,0.0,0.0,0.7810559982504345,0.7810559982504345
2003-09-16,2.146609159151459,2.146609159151459,2.1557508516747386,2.1557508516747386,0.0,0.0,0.7810559982504345,0.7810559982504345
2003-09-17,2.146610865816935,2.146610865816935,2.1557527055492374,2.1557527055492374,0.0,0.0,0.7810559982504345,0.7810559982504345
2003-09-18,2.146612572200994,2.146612572200994,2.155754559142319,2.155754559142319,0.0,0.0,0.7810559982504345,0.7810559982504345
2003-09-19,2.1466142780632005,2.1466142780632005,2.15575641214613,2.15575641214613,0.0,0.0,0.7810559982504345,0.7810559982504345
2003-09-20,2.1466159836194,2.1466159836194,2.1557582647882407,2.1557582647882407,0.0,0.0,0.7810559982504345,0.7810559982504345
2003-09-21,2.1466176887411783,2.1466176887411783,2.1557601169842058,2.1557601169842058,0.0,0.0,0.7810559982504345,0.7810559982504345
2003-09-22,2.0981061321213876,2.0981061321213876,2.1072487074386013,2.1072487074386013,0.0,0.0,0.7810559982504345,0.7810559982504345
2003-09-23,2.0981078368251387,2.0981078368251387,2.1072505591608457,2.1072505591608457,0.0,0.0,0.0,0.0
2003-09-24,2.0981095404551318,2.0981095404551318,2.107252409730189,2.107252409730189,0.0,0.0,0.7810559982504345,0.7810559982504345
2003-09-25,2.0981112442791114,2.0981112442791114,2.1072542605052433,2.1072542605052433,0.0,0.0,0.7810559982504345,0.7810559982504345
2003-09-26,2.0981129475812392,2.0981129475812392,2.1072561107467216,2.1072561107467216,0.0,0.0,0.7810559982504345,0.7810559982504345
2003-09-27,2.0981146501265457,2.0981146501265457,2.1072579601082664,2.1072579601082664,0.0,0.0,0.7810559982504345,0.7810559982504345
2003-09-28,2.0981163527565507,2.0981163527565507,2.1072598096102033,2.1072598096102033,0.0,0.0,0.7810559982504345,0.7810559982504345
2003-09-29,2.126630215488599,2.126630215488599,2.1357738191467655,2.1357738191467655,0.0,0.0,0.7810559982504345,0.7810559982504345
2003-09-30,2.126631917159599,2.126631917159599,2.135775667566586,2.135775667566586,0.0,0.0,0.7810559982504345,0.7810559982504345
2003-10-01,2.128149228186928,2.128149228186928,2.137422487418161,2.137422487418161,0.0,0.0,0.7810559982504345,0.7810559982504345
2003-10-02,2.128150586633472,2.128150586633472,2.1374239630484255,2.1374239630484255,0.0,0.0,0.7810559982504345,0.7810559982504345
2003-10-03,2.128151944840004,2.128151944840004,2.1374254383942017,2.1374254383942017,0.0,0.0,0.7810559982504345,0.7810559982504345
2003-10-04,2.128153302610149,2.128153302610149,2.137426913249752,2.137426913249752,0.0,0.0,0.7810559982504345,0.7810559982504345
2003-10-05,2.128154659884996,2.128154659884996,2.1374283876006395,2.1374283876006395,0.0,0.0,0.7810559982504345,0.7810559982504345
2003-10-06,2.074110485756791,2.074110485756791,2.083384330548476,2.083384330548476,0.0,0.0,0.7810559982504345,0.7810559982504345
2003-10-07,2.0741118424250606,2.0741118424250606,2.083385804238947,2.083385804238947,0.0,0.0,0.0,0.0
2003-10-08,2.0741131989449593,2.0741131989449593,2.0833872777365703,2.0833872777365703,0.0,0.0,0.7810559982504345,0.7810559982504345
2003-10-09,2.074114555200844,2.074114555200844,2.08338875097018,2.08338875097018,0.0,0.0,0.7810559982504345,0.7810559982504345
2003-10-10,2.0741159112210807,2.0741159112210807,2.083390223958778,2.083390223958778,0.0,0.0,0.7810559982504345,0.7810559982504345
2003-10-11,2.0741172666238303,2.0741172666238303,2.0833916962760486,2.0833916962760486,0.0,0.0,0.7810559982504345,0.7810559982504345
2003-10-12,2.0741186218171146,2.0741186218171146,2.083393168339378,2.083393168339378,0.0,0.0,0.7810559982504345,0.7810559982504345
2003-10-13,2.1179521599455065,2.1179521599455065,2.1272268233378147,2.1272268233378147,0.0,0.0,0.7810559982504345,0.7810559982504345
2003-10-14,2.117953514612945,2.117953514612945,2.127228294821459,2.127228294821459,0.0,0.0,0.7810559982504345,0.7810559982504345
2003-10-15,2.1179548687239915,2.1179548687239915,2.127229765739347,2.127229765739347,0.0,0.0,0.7810559982504345,0.7810559982504345
2003-10-16,2.1179562227761255,2.1179562227761255,2.1272312365983224,2.1272312365983224,0.0,0.0,0.7810559982504345,0.7810559982504345
2003-10-17,2.117957576644977,2.117957576644977,2.127232707229539,2.127232707229539,0.0,0.0,0.7810559982504345,0.7810559982504345
2003-10-18,2.1179589300207127,2.1179589300207127,2.1272341773137997,2.1272341773137997,0.0,0.0,0.7810559982504345,0.7810559982504345
2003-10-19,2.1179602828967856,2.1179602828967856,2.1272356468890345,2.1272356468890345,0.0,0.0,0.7810559982504345,0.7810559982504345
2003-10-20,2.011998456866421,2.011998456866421,2.0212739375578317,2.0212739375578317,0.0,0.0,0.7810559982504345,0.7810559982504345
2003-10-21,2.011999809559212,2.011999809559212,2.0212754069053083,2.0212754069053083,0.0,0.0,0.0,0.0
2003-10-22,2.0120011615537843,2.0120011615537843,2.021276875500726,2.021276875500726,0.0,0.0,0.7810559982504345,0.7810559982504345
2003-10-23,2.0120025136050876,2.0120025136050876,2.0212783441528748,2.0212783441528748,0.0,0.0,0.7810559982504345,0.7810559982504345
2003-10-24,2.0120038652287318,2.0120038652287318,2.0212798123680007,2.0212798123680007,0.0,0.0,0.7810559982504345,0.7810559982504345
2003-10-25,2.012005216254527,2.012005216254527,2.021281279931438,2.021281279931438,0.0,0.0,0.7810559982504345,0.7810559982504345
2003-10-26,2.0120065673588714,2.0120065673588714,2.0212827475383115,2.0212827475383115,0.0,0.0,0.7810559982504345,0.7810559982504345
2003-10-27,1.7558236866435337,1.7558236866435337,1.765099983306776,1.765099983306776,0.0,0.0,0.7810559982504345,0.7810559982504345
2003-10-28,1.7558250368729238,1.7558250368729238,1.7651014500199682,1.7651014500199682,0.0,0.0,0.7810559982504345,0.7810559982504345
2003-10-29,1.7558263870237645,1.7558263870237645,1.7651029166101346,1.7651029166101346,0.0,0.0,0.7810559982504345,0.7810559982504345
2003-10-30,1.7558277367054897,1.7558277367054897,1.7651043826773458,1.7651043826773458,0.0,0.0,0.7810559982504345,0.7810559982504345
2003-10-31,1.7549193977449231,1.7549193977449231,1.7641469154553697,1.7641469154553697,0.0,0.0,0.7810559982504345,0.7810559982504345
2003-11-01,1.720495156922842,1.720495156922842,1.7270132237373388,1.7270132237373388,0.0,0.0,1.562111993001738,1.562111993001738
2003-11-02,1.726114492372345,1.726114492372345,1.7331641185046238,1.7331641185046238,0.0,0.0,3.1242239790052144,3.1242239790052144
2003-11-03,1.4055620785783711,1.4055620785783711,1.414533094490797,1.414533094490797,0.0,0.0,0.0,0.0
2003-11-04,1.4066235303816395,1.4066235303816395,1.4157461056896874,1.4157461056896874,0.0,0.0,0.0,0.0
2003-11-05,1.4077204484360932,1.4077204484360932,1.416960505099797,1.416960505099797,0.0,0.0,0.0,0.0
2003-11-06,1.376547874292879,1.376547874292879,1.383022303845715,1.383022303845715,0.0,0.0,0.0,0.0
2003-11-07,1.4077233380542282,1.4077233380542282,1.416963644073225,1.416963644073225,0.0,0.0,0.0,0.0
2003-11-08,1.2474250360008154,1.2474250360008154,1.243081407954944,1.243081407954944,0.0,0.0,0.0,0.0
2003-11-09,1.1893391611696753,1.1893391611696753,1.1806624193560873,1.1806624193560873,0.0,0.0,0.0,0.0
2003-11-10,1.5260669858102576,1.5260669858102576,1.53180530406736,1.53180530406736,0.0,0.0,0.0,0.0
2003-11-11,1.575797433274284,1.575797433274284,1.5850375439092768,1.5850375439092768,0.0,0.0,0.0,0.0
2003-11-12,1.5757758678267189,1.5757758678267189,1.5850153890008738,1.5850153890008738,0.0,0.0,0.0,0.0
2003-11-13,1.5757562428967815,1.5757562428967815,1.5849951111344163,1.5849951111344163,0.0,0.0,0.0,0.0
2003-11-14,1.5075645911966016,1.5075645911966016,1.510579537663646,1.510579537663646,0.0,0.0,0.0,0.0
2003-11-15,1.5497082866806557,1.5497082866806557,1.556858520460489,1.556858520460489,0.0,0.0,0.0,0.0
2003-11-16,1.5694754035005254,1.5694754035005254,1.578201988953767,1.578201988953767,0.0,0.0,0.0,0.0
2003-11-17,1.4180615771447573,1.4180615771447573,1.42712494097711,1.42712494097711,0.0,0.0,0.0,0.0
2003-11-18,1.4199010631681532,1.4199010631681532,1.4291347869636515,1.4291347869636515,0.0,0.0,0.0,0.0
2003-11-19,1.4198810744300934,1.4198810744300934,1.4291134515688286,1.4291134515688286,0.0,0.0,0.0,0.0
2003-11-20,1.4198640850148754,1.4198640850148754,1.42909519472274,1.42909519472274,0.0,0.0,0.0,0.0
2003-11-21,1.4198494880971175,1.4198494880971175,1.4290794339802935,1.4290794339802935,0.0,0.0,0.0,0.0
2003-11-22,1.4198360766416855,1.4198360766416855,1.4290649767802677,1.4290649767802677,0.0,0.0,0.0,0.0
2003-11-23,1.4198232980432606,1.4198232980432606,1.4290512413308405,1.4290512413308405,0.0,0.0,0.0,0.0
2003-11-24,1.5002415136782894,1.5002415136782894,1.5094685555433454,1.5094685555433454,0.0,0.0,0.0,0.0
2003-11-25,1.500231095353938,1.500231095353938,1.5094573038296386,1.5094573038296386,0.0,0.0,0.0,0.0
2003-11-26,1.500221580251579,1.500221580251579,1.5094470115854435,1.5094470115854435,0.0,0.0,0.0,0.0
2003-11-27,1.5002129089616854,1.5002129089616854,1.5094376148688706,1.5094376148688706,0.0,0.0,0.0,0.0
2003-11-28,1.500205743229905,1.500205743229905,1.5094297983160074,1.5094297983160074,0.0,0.0,0.0,0.0
2003-11-29,1.500118577173203,1.500118577173203,1.5093420536243818,1.5093420536243818,0.0,0.0,0.0,0.0
2003-11-30,1.500193978937509,1.500193978937509,1.5094169171304783,1.5094169171304783,0.0,0.0,0.0,0.0
2003-12-01,1.4208149605129459,1.4208149605129459,1.4297590662827953,1.4297590662827953,0.0,0.0,0.0,0.0
2003-12-02,1.422791965081759,1.422791965081759,1.4319831234505371,1.4319831234505371,0.0,0.0,0.0,0.0
2003-12-03,1.422787885594278,1.422787885594278,1.4319786077569678,1.4319786077569678,0.0,0.0,0.0,0.0
2003-12-04,1.3465079988943525,1.3465079988943525,1.3487409182751402,1.3487409182751402,0.0,0.0,0.0,0.0
2003-12-05,1.3857104325543306,1.3857104325543306,1.3912842057636365,1.3912842057636365,0.0,0.0,0.0,0.0
2003-12-06,1.016915255059168,1.016915255059168,0.987872410385412,0.987872410385412,0.0,0.0,0.0,0.0
2003-12-07,1.1523589270764356,1.1523589270764356,1.1358729326217718,1.1358729326217718,0.0,0.0,0.0,0.0
2003-12-08,1.4276541063997321,1.4276541063997321,1.436534810165648,1.436534810165648,0.0,0.0,0.0,0.0
2003-12-09,1.130180247663327,1.130180247663327,1.1126259151801159,1.1126259151801159,0.0,0.0,0.0,0.0
2003-12-10,0.822537248977208,0.822537248977208,0.7767130926189484,0.7767130926189484,0.0,0.0,0.0,0.0
2003-12-11,1.1880353134629806,1.1880353134629806,1.1735945238222127,1.1735945238222127,0.0,0.0,0.0,0.0
2003-12-12,1.1295299326593233,1.1295299326593233,1.1104819149699598,1.1104819149699598,0.0,0.0,0.0,0.0
2003-12-13,1.1405224908753673,1.1405224908753673,1.1208296330249423,1.1208296330249423,0.0,0.0,0.0,0.0
2003-12-14,1.3756754533526088,1.3756754533526088,1.379561945963018,1.379561945963018,0.0,0.0,0.0,0.0
2003-12-15,1.4248623570425556,1.4248623570425556,1.4328919802035365,1.4328919802035365,0.0,0.0,0.0,0.0
2003-12-16,1.432516613061121,1.432516613061121,1.441217095019032,1.441217095019032,0.0,0.0,0.0,0.0
2003-12-17,1.434224008862617,1.434224008862617,1.443022992999932,1.443022992999932,0.0,0.0,0.0,0.0
2003-12-18,1.4343910466164493,1.4343910466164493,1.4432624691762792,1.4432624691762792,0.0,0.0,0.0,0.0
2003-12-19,1.3104409331264895,1.3104409331264895,1.3088622400090517,1.3088622400090517,0.0,0.0,0.0,0.0
2003-12-20,1.371242632797181,1.371242632797181,1.3738491772580175,1.3738491772580175,0.0,0.0,0.0,0.0
2003-12-21,1.4341513114297377,1.4341513114297377,1.4430036909868467,1.4430036909868467,0.0,0.0,0.0,0.0
2003-12-22,1.4350054364656748,1.4350054364656748,1.4437909498663053,1.4437909498663053,0.0,0.0,0.0,0.0
2003-12-23,1.2673949976256522,1.2673949976256522,1.2605640533345357,1.2605640533345357,0.0,0.0,0.0,0.0
2003-12-24,1.185459069586549,1.185459069586549,1.167808774000148,1.167808774000148,0.0,0.0,0.0,0.0
2003-12-25,1.3065291330242605,1.3065291330242605,1.301965643411686,1.301965643411686,0.0,0.0,0.0,0.0
2003-12-26,1.4163922568672178,1.4163922568672178,1.4236049413850809,1.4236049413850809,0.0,0.0,0.0,0.0
2003-12-27,1.4296091987783706,1.4296091987783706,1.4379764443652026,1.4379764443652026,0.0,0.0,0.0,0.0
2003-12-28,1.4345016976027245,1.4345016976027245,1.4432592265958504,1.4432592265958504,0.0,0.0,0.0,0.0
2003-12-29,1.2336945247249496,1.2336945247249496,1.2263158132842125,1.2263158132842125,0.0,0.0,0.0,0.0
2003-12-30,0.30669265866234685,0.30669265866234685,0.21033363742657904,0.21033363742657904,0.0,0.0,0.0,0.0
2003-12-31,0.6093500641946709,0.6093500641946709,0.5454603394666975,0.5454603394666975,0.0,0.0,0.0,0.0
2004-01-01,1.0308253866811588,1.0308253866811588,1.0033600675649834,1.0033600675649834,0.0,0.0,0.0,0.0
2004-01-02,0.9237522374708691,0.9237522374708691,0.8881103583691743,0.8881103583691743,0.0,0.0,0.0,0.0
2004-01-03,1.3305266990478786,1.3305266990478786,1.3325396618851324,1.3325396618851324,0.0,0.0,0.0,0.0
2004-01-04,1.4021411401472796,1.4021411401472796,1.4100163679208513,1.4100163679208513,0.0,0.0,0.0,0.0
2004-01-05,1.3703290923707405,1.3703290923707405,1.3762761937534758,1.3762761937534758,0.0,0.0,9.499811412806306,9.499811412806306
2004-01-06,1.3702951686889084,1.3702951686889084,1.37650166191637,1.37650166191637,0.0,0.0,18.999622783053457,18.999622783053457
2004-01-07,1.350368623131804,1.350368623131804,1.3552404368029611,1.3552404368029611,0.0,0.0,37.9992454809886,37.9992454809886
2004-01-08,1.370624921979963,1.370624921979963,1.3792939442223338,1.3792939442223338,0.0,0.0,75.99849079174058,75.99849079174058
2004-01-09,1.3832599192165205,1.3832599192165205,1.391911666725237,1.391911666725237,0.0,0.0,151.9969812430079,151.9969812430079
2004-01-10,1.3813945289710943,1.3813945289710943,1.3900091197245947,1.3900091197245947,0.0,0.0,190.39390017083412,190.39390017083412
2004-01-11,1.3802890385568989,1.3802890385568989,1.3888716932777665,1.3888716932777665,0.0,0.0,1.247753528,1.247753528
2004-01-12,0.9729117490291889,0.9729117490291889,0.9814670868723611,0.9814670868723611,0.0,0.0,0.0,0.0
2004-01-13,0.9726351208880386,0.9726351208880386,0.9811634688520372,0.9811634688520372,0.0,0.0,0.0,0.0
2004-01-14,0.9725056094602145,0.9725056094602145,0.9810068133871762,0.9810068133871762,0.0,0.0,0.0,0.0
2004-01-15,0.9726039527064927,0.9726039527064927,0.9810821810863215,0.9810821810863215,0.0,0.0,0.0,0.0
2004-01-16,0.9728513351248813,0.9728513351248813,0.9813091489848985,0.9813091489848985,0.0,0.0,0.0,0.0
2004-01-17,0.9731641389910709,0.9731641389910709,0.9816028778932259,0.9816028778932259,0.0,0.0,0.0,0.0
2004-01-18,0.9736444419350626,0.9736444419350626,0.9820699560376271,0.9820699560376271,0.0,0.0,0.0,0.0
2004-01-19,1.3836041411297528,1.3836041411297528,1.3920205019668213,1.3920205019668213,0.0,0.0,0.0,0.0
2004-01-20,1.384226365679189,1.384226365679189,1.3926366601298872,1.3926366601298872,0.0,0.0,0.0,0.0
2004-01-21,1.384743466383637,1.384743466383637,1.3931448226359222,1.3931448226359222,0.0,0.0,0.0,0.0
2004-01-22,1.3853245971710657,1.3853245971710657,1.3937205576850427,1.3937205576850427,0.0,0.0,0.0,0.0
2004-01-23,1.3771451694660481,1.3771451694660481,1.3847326537144466,1.3847326537144466,0.0,0.0,0.0,0.0
2004-01-24,1.3803000745613818,1.3803000745613818,1.3881203413495724,1.3881203413495724,0.0,0.0,0.0,0.0
2004-01-25,1.387216619686397,1.387216619686397,1.3956201853877566,1.3956201853877566,0.0,0.0,0.0,0.0
2004-01-26,1.3160146453807458,1.3160146453807458,1.3241984552748784,1.3241984552748784,0.0,0.0,0.0,0.0
2004-01-27,1.2260784628696844,1.2260784628696844,1.226387101313485,1.226387101313485,0.0,0.0,0.0,0.0
2004-01-28,1.2735117914189966,1.2735117914189966,1.277757017004484,1.277757017004484,0.0,0.0,0.0,0.0
2004-01-29,1.3194767713248339,1.3194767713248339,1.3278351755105877,1.3278351755105877,0.0,0.0,0.0,0.0
2004-01-30,1.3190702039046707,1.3190702039046707,1.3273993009236842,1.3273993009236842,0.0,0.0,0.0,0.0
2004-01-31,1.3188720133935938,1.3188720133935938,1.327174090269877,1.327174090269877,0.0,0.0,0.0,0.0
2004-02-01,1.320053598152537,1.320053598152537,1.328371613756732,1.328371613756732,0.0,0.0,0.0,0.0
2004-02-02,4.402402427676655,4.402402427676655,5.457161951549773,5.457161951549773,0.0,0.0,0.0,0.0
2004-02-03,4.414444937292805,4.414444937292805,5.457161951549773,5.457161951549773,0.0,0.0,0.0,0.0
2004-02-04,4.4048615484061635,4.4048615484061635,5.457161951549773,5.457161951549773,0.0,0.0,0.0,0.0
2004-02-05,4.398149787744327,4.398149787744327,5.457161951549773,5.457161951549773,0.0,0.0,0.0,0.0
2004-02-06,4.397973175417887,4.397973175417887,5.457161951549773,5.457161951549773,0.0,0.0,0.0,0.0
2004-02-07,4.398401483171163,4.398401483171163,5.457161951549773,5.457161951549773,0.0,0.0,0.0,0.0
2004-02-08,4.398569299909627,4.398569299909627,5.457161951549773,5.457161951549773,0.0,0.0,0.0,0.0
2004-02-09,4.398787844789192,4.398787844789192,5.4571619520913455,5.4571619520913455,0.0,0.0,0.0,0.0
2004-02-10,4.3989217761293675,4.3989217761293675,5.4571619520913455,5.4571619520913455,0.0,0.0,0.0,0.0
2004-02-11,4.39896878345172,4.39896878345172,5.4571619520913455,5.4571619520913455,0.0,0.0,0.0,0.0
2004-02-12,4.39895069282292,4.39895069282292,5.4571619520913455,5.4571619520913455,0.0,0.0,0.0,0.0
2004-02-13,4.398876046007118,4.398876046007118,5.4571619520913455,5.4571619520913455,0.0,0.0,0.0,0.0
2004-02-14,4.398773780893061,4.398773780893061,5.4571619520913455,5.4571619520913455,0.0,0.0,0.0,0.0
2004-02-15,4.399189954145131,4.399189954145131,5.4571619520913455,5.4571619520913455,0.0,0.0,0.0,0.0
2004-02-16,4.4109321316632055,4.4109321316632055,5.457161952658025,5.457161952658025,0.0,0.0,0.0,0.0
2004-02-17,4.425457175969855,4.425457175969855,5.457161952658025,5.457161952658025,0.0,0.0,0.0,0.0
2004-02-18,4.4188201678089225,4.4188201678089225,5.457161952658025,5.457161952658025,0.0,0.0,0.0,0.0
2004-02-19,4.407835411457144,4.407835411457144,5.457161952658025,5.457161952658025,0.0,0.0,0.0,0.0
2004-02-20,4.408638601342188,4.408638601342188,5.457161952658025,5.457161952658025,0.0,0.0,0.0,0.0
2004-02-21,4.414288026391933,4.414288026391933,5.457161952658025,5.457161952658025,0.0,0.0,0.0,0.0
2004-02-22,4.4130355882944645,4.4130355882944645,5.457161952658025,5.457161952658025,0.0,0.0,0.0,0.0
2004-02-23,4.41066727010085,4.41066727010085,5.45716195325225,5.45716195325225,0.0,0.0,0.0,0.0
2004-02-24,4.411768009595152,4.411768009595152,5.457161953252249,5.457161953252249,0.0,0.0,0.0,0.0
2004-02-25,4.446699742401487,4.446699742401487,5.457161953252249,5.457161953252249,0.0,0.0,0.0,0.0
2004-02-26,4.47316717746385,4.47316717746385,5.457161953252249,5.457161953252249,0.0,0.0,0.0,0.0
2004-02-27,4.444947520275375,4.444947520275375,5.457161953252249,5.457161953252249,0.0,0.0,0.0,0.0
2004-02-28,4.439623455812122,4.439623455812122,5.457161953252249,5.457161953252249,0.0,0.0,0.0,0.0
2004-02-29,4.440066082271765,4.440066082271765,5.457161953252249,5.457161953252249,0.0,0.0,0.0,0.0
2004-03-01,4.438349537860557,4.438349537860557,5.4571619538768354,5.4571619538768354,0.0,0.0,0.0,0.0
2004-03-02,4.434691671898712,4.434691671898712,5.4571619538768354,5.4571619538768354,0.0,0.0,0.0,0.0
2004-03-03,4.431027118371956,4.431027118371956,5.4571619538768354,5.4571619538768354,0.0,0.0,0.0,0.0
2004-03-04,4.42905180978056,4.42905180978056,5.4571619538768354,5.4571619538768354,0.0,0.0,0.0,0.0
2004-03-05,4.4268852311305125,4.4268852311305125,5.4571619538768354,5.4571619538768354,0.0,0.0,0.0,0.0
2004-03-06,4.4246354002300095,4.4246354002300095,5.4571619538768354,5.4571619538768354,0.0,0.0,0.0,0.0
2004-03-07,4.4223106228411195,4.4223106228411195,5.4571619538768354,5.4571619538768354,0.0,0.0,0.0,0.0
2004-03-08,4.419903225568615,4.419903225568615,5.457161954535055,5.457161954535055,0.0,0.0,0.0,0.0
2004-03-09,4.417519545785183,4.417519545785183,5.457161954535055,5.457161954535055,0.0,0.0,0.0,0.0
2004-03-10,4.415178753532889,4.415178753532889,5.457161954535055,5.457161954535055,0.0,0.0,0.0,0.0
2004-03-11,4.413051334318693,4.413051334318693,5.457161954535055,5.457161954535055,0.0,0.0,0.0,0.0
2004-03-12,4.411199408448821,4.411199408448821,5.457161954535055,5.457161954535055,0.0,0.0,0.0,0.0
2004-03-13,4.409483209630073,4.409483209630073,5.457161954535055,5.457161954535055,0.0,0.0,0.0,0.0
2004-03-14,4.407909110458126,4.407909110458126,5.457161954535055,5.457161954535055,0.0,0.0,0.0,0.0
2004-03-15,4.406462645777566,4.406462645777566,5.457161955230731,5.457161955230731,0.0,0.0,0.0,0.0
2004-03-16,4.405142590428226,4.405142590428226,5.457161955230731,5.457161955230731,0.0,0.0,0.0,0.0
2004-03-17,4.403933959627409,4.403933959627409,5.457161955230731,5.457161955230731,0.0,0.0,0.0,0.0
2004-03-18,4.402782658083824,4.402782658083824,5.457161955230731,5.457161955230731,0.0,0.0,0.0,0.0
2004-03-19,4.401724592627354,4.401724592627354,5.457161955230731,5.457161955230731,0.0,0.0,0.0,0.0
2004-03-20,4.400765277423111,4.400765277423111,5.457161955230731,5.457161955230731,0.0,0.0,0.0,0.0
2004-03-21,4.39988103219462,4.39988103219462,5.457161955230731,5.457161955230731,0.0,0.0,0.0,0.0
2004-03-22,4.3990842253753515,4.3990842253753515,5.457161955968389,5.457161955968389,0.0,0.0,0.0,0.0
2004-03-23,4.398418048819052,4.398418048819052,5.457161955968389,5.457161955968389,0.0,0.0,0.0,0.0
2004-03-24,4.397909080370741,4.397909080370741,5.457161955968389,5.457161955968389,0.0,0.0,0.0,0.0
2004-03-25,4.410785143815473,4.410785143815473,5.457161955968389,5.457161955968389,0.0,0.0,0.0,0.0
2004-03-26,4.403883949447502,4.403883949447502,5.457161955968389,5.457161955968389,0.0,0.0,0.0,0.0
2004-03-27,4.397399064359672,4.397399064359672,5.457161955968389,5.457161955968389,0.0,0.0,0.0,0.0
2004-03-28,4.397387799262888,4.397387799262888,5.457161955968389,5.457161955968389,0.0,0.0,0.0,0.0
2004-03-29,4.397278305542322,4.397278305542322,5.457161956753418,5.457161956753418,0.0,0.0,0.0,0.0
2004-03-30,4.397068767290617,4.397068767290617,5.457161956753418,5.457161956753418,0.0,0.0,0.0,0.0
2004-03-31,4.3968934053255655,4.3968934053255655,5.457161956753418,5.457161956753418,0.0,0.0,0.0,0.0
2004-04-01,4.396826788207849,4.396826788207849,5.457161956753418,5.457161956753418,0.0,0.0,0.0,0.0
2004-04-02,4.396648783949448,4.396648783949448,5.457161956753418,5.457161956753418,0.0,0.0,0.0,0.0
2004-04-03,4.396480889969447,4.396480889969447,5.457161956753418,5.457161956753418,0.0,0.0,0.0,0.0
2004-04-04,4.39629771880194,4.39629771880194,5.457161956753418,5.457161956753418,0.0,0.0,0.0,0.0
2004-04-05,4.396114241963361,4.396114241963361,5.457161957592323,5.457161957592323,0.0,0.0,0.49830753147288864,0.49830753147288864
2004-04-06,4.395964943472583,4.395964943472583,5.457161957592323,5.457161957592323,0.0,0.0,0.9966150607133595,0.9966150607133595
2004-04-07,4.395846367229691,4.395846367229691,5.457161957592323,5.457161957592323,0.0,0.0,1.9932301169618833,1.9932301169618833
2004-04-08,4.395733821044456,4.395733821044456,5.457161957592323,5.457161957592323,0.0,0.0,3.9864602249940955,3.9864602249940955
2004-04-09,4.395620359613394,4.395620359613394,5.457161957592323,5.457161957592323,0.0,0.0,7.972920432128849,7.972920432128849
2004-04-10,4.395519340140854,4.395519340140854,5.457161957592323,5.457161957592323,0.0,0.0,15.945840828539014,15.945840828539014
2004-04-11,4.39544481260984,4.39544481260984,5.457161957592323,5.457161957592323,0.0,0.0,31.891681585640658,31.891681585640658
2004-04-12,4.395409469706825,4.395409469706825,5.457161958493043,5.457161958493043,0.0,0.0,0.49100512549421516,0.49100512549421516
2004-04-13,4.395400208905874,4.395400208905874,5.457161958493043,5.457161958493043,0.0,0.0,0.9820102487887273,0.9820102487887273
2004-04-14,4.395394801469093,4.395394801469093,5.457161958493043,5.457161958493043,0.0,0.0,1.9640204931780487,1.9640204931780487
2004-04-15,4.395390841198243,4.395390841198243,5.457161958493043,5.457161958493043,0.0,0.0,3.9280409775572855,3.9280409775572855
2004-04-16,4.395387790490252,4.395387790490252,5.457161958493043,5.457161958493043,0.0,0.0,7.856081937516946,7.856081937516946
2004-04-17,4.3957414240491595,4.3957414240491595,5.457161958493043,5.457161958493043,0.0,0.0,15.712163839838645,15.712163839838645
2004-04-18,4.395402220546169,4.395402220546169,5.457161958493043,5.457161958493043,0.0,0.0,31.42432760928679,31.42432760928679
2004-04-19,4.395679523224037,4.395679523224037,5.45716195946541,5.45716195946541,0.0,0.0,2.057455988386143,2.057455988386143
2004-04-20,4.395378395187518,4.395378395187518,5.45716195946541,5.45716195946541,0.0,0.0,4.1149119675548835,4.1149119675548835
2004-04-21,4.3953754557523546,4.3953754557523546,5.45716195946541,5.45716195946541,0.0,0.0,8.22982391667496,8.22982391667496
2004-04-22,4.395371245628528,4.395371245628528,5.45716195946541,5.45716195946541,0.0,0.0,16.459647796480308,16.459647796480308
2004-04-23,4.395365882257287,4.395365882257287,5.45716195946541,5.45716195946541,0.0,0.0,32.91929551922139,32.91929551922139
2004-04-24,4.395359597297385,4.395359597297385,5.45716195946541,5.45716195946541,0.0,0.0,65.83859089096434,65.83859089096434
2004-04-25,4.395352444941967,4.395352444941967,5.45716195946541,5.45716195946541,0.0,0.0,131.6771814869718,131.6771814869718
2004-04-26,4.395344126074996,4.395344126074996,5.457161960521812,5.457161960521812,0.0,0.0,0.0,0.0
2004-04-27,4.39533494977442,4.39533494977442,5.457161960521812,5.457161960521812,0.0,0.0,0.0,0.0
2004-04-28,4.395325166779817,4.395325166779817,5.457161960521812,5.457161960521812,0.0,0.0,0.0,0.0
2004-04-29,4.39531600041499,4.39531600041499,5.457161960521812,5.457161960521812,0.0,0.0,0.0,0.0
2004-04-30,4.395308195082047,4.395308195082047,5.457161960521812,5.457161960521812,0.0,0.0,0.0,0.0
2004-05-01,4.3953002741201415,4.3953002741201415,5.457161960521812,5.457161960521812,0.0,0.0,0.0,0.0
2004-05-02,4.395291049752695,4.395291049752695,5.457161960521812,5.457161960521812,0.0,0.0,0.0,0.0
2004-05-03,4.39528058354429,4.39528058354429,5.457161961678141,5.457161961678141,0.0,0.0,0.0,0.0
2004-05-04,4.395269343572572,4.395269343572572,5.457161961678141,5.457161961678141,0.0,0.0,0.0,0.0
2004-05-05,4.395257852715493,4.395257852715493,5.457161961678141,5.457161961678141,0.0,0.0,0.0,0.0
2004-05-06,4.395247110644835,4.395247110644835,5.457161961678141,5.457161961678141,0.0,0.0,0.0,0.0
2004-05-07,4.3952374773436125,4.3952374773436125,5.457161961678141,5.457161961678141,0.0,0.0,0.0,0.0
2004-05-08,4.395228394281252,4.395228394281252,5.457161961678141,5.457161961678141,0.0,0.0,0.0,0.0
2004-05-09,4.395219993526243,4.395219993526243,5.457161961678141,5.457161961678141,0.0,0.0,0.0,0.0
2004-05-10,4.395211583677098,4.395211583677098,4.623547057376247,4.623547057376247,0.0,0.0,0.0,0.0
2004-05-11,4.395203934540252,4.395203934540252,4.623547057376247,4.623547057376247,0.0,0.0,0.0,0.0
2004-05-12,4.395197588461157,4.395197588461157,4.623547057376247,4.623547057376247,0.0,0.0,0.0,0.0
2004-05-13,4.39519060312213,4.39519060312213,4.623547057376247,4.623547057376247,0.0,0.0,0.0,0.0
2004-05-14,4.395182313515901,4.395182313515901,4.623547057376247,4.623547057376247,0.0,0.0,0.0,0.0
2004-05-15,4.395173106429638,4.395173106429638,4.623547057376247,4.623547057376247,0.0,0.0,0.0,0.0
2004-05-16,4.395163685716937,4.395163685716937,4.623547057376247,4.623547057376247,0.0,0.0,0.0,0.0
2004-05-17,4.395154567470037,4.395154567470037,4.404412790134115,4.404412790134115,0.0,0.0,0.0,0.0
2004-05-18,4.395146303875713,4.395146303875713,4.404412790134115,4.404412790134115,0.0,0.0,0.0,0.0
2004-05-19,4.395138955717567,4.395138955717567,4.404412790134115,4.404412790134115,0.0,0.0,0.0,0.0
2004-05-20,4.395131498684176,4.395131498684176,4.404412790134115,4.404412790134115,0.0,0.0,0.0,0.0
2004-05-21,4.395123766915122,4.395123766915122,4.404412790134115,4.404412790134115,0.0,0.0,0.0,0.0
2004-05-22,4.395116206140836,4.395116206140836,4.404412790134115,4.404412790134115,0.0,0.0,0.0,0.0
2004-05-23,4.39510910091068,4.39510910091068,4.404412790134115,4.404412790134115,0.0,0.0,0.0,0.0
2004-05-24,4.395102344492115,4.395102344492115,4.404412790134115,4.404412790134115,0.0,0.0,10.982170361010043,10.982170361010043
2004-05-25,4.395095626370389,4.395095626370389,4.404412790134115,4.404412790134115,0.0,0.0,21.96434067281996,21.96434067281996
2004-05-26,4.3950887556340525,4.3950887556340525,4.404412790134115,4.404412790134115,0.0,0.0,43.92868124723967,43.92868124723967
2004-05-27,4.39926256777032,4.39926256777032,4.404412790134115,4.404412790134115,0.0,0.0,87.85736229767885,87.85736229767885
2004-05-28,4.395076961713716,4.395076961713716,4.404412790134115,4.404412790134115,0.0,0.0,59.978572182886175,59.978572182886175
2004-05-29,4.39507344215501,4.39507344215501,4.404412790134115,4.404412790134115,0.0,0.0,2.05238272,2.05238272
2004-05-30,4.395067210441658,4.395067210441658,4.404412790134115,4.404412790134115,0.0,0.0,2.128520726,2.128520726
2004-05-31,4.395059640650279,4.395059640650279,4.404412790134115,4.404412790134115,0.0,0.0,0.0,0.0
2004-06-01,4.395090589137404,4.395090589137404,4.404412790134115,4.404412790134115,0.0,0.0,0.7810559982504346,0.7810559982504345
2004-06-02,4.395081747709517,4.395081747709517,4.404412790134115,4.404412790134115,0.0,0.0,0.0,0.0
2004-06-03,4.3950731214257726,4.3950731214257726,4.404412790134115,4.404412790134115,0.0,0.0,0.7810559982504345,0.7810559982504345
2004-06-04,4.395064882308135,4.395064882308135,4.404412790134115,4.404412790134115,0.0,0.0,0.7810559982504345,0.7810559982504345
2004-06-05,4.395057135787012,4.395057135787012,4.404412790134115,4.404412790134115,0.0,0.0,0.7810559982504345,0.7810559982504345
2004-06-06,4.395049880516127,4.395049880516127,4.404412790134115,4.404412790134115,0.0,0.0,0.7810559982504345,0.7810559982504345
2004-06-07,4.395043068777221,4.395043068777221,4.404412790134115,4.404412790134115,0.0,0.0,0.7810559982504345,0.7810559982504345
2004-06-08,4.395037218141223,4.395037218141223,4.404412790134115,4.404412790134115,0.0,0.0,0.7810559982504345,0.7810559982504345
2004-06-09,4.395032676702006,4.395032676702006,4.404412790134115,4.404412790134115,0.0,0.0,0.7810559982504345,0.7810559982504345
2004-06-10,4.395028759405607,4.395028759405607,4.404412790134115,4.404412790134115,0.0,0.0,0.7810559982504345,0.7810559982504345
2004-06-11,4.300438214825409,4.300438214825409,4.3098263192726,4.3098263192726,0.0,0.0,0.7810559982504345,0.7810559982504345
2004-06-12,4.266548756672162,4.266548756672162,4.2759412479461405,4.2759412479461405,0.0,0.0,0.7810559982504345,0.7810559982504345
2004-06-13,4.169354085637501,4.169354085637501,4.17875103434008,4.17875103434008,0.0,0.0,0.7810559982504345,0.7810559982504345
2004-06-14,4.194763511989865,4.194763511989865,4.20416483783492,4.20416483783492,0.0,0.0,0.7810559982504345,0.7810559982504345
2004-06-15,4.317975061085208,4.317975061085208,4.3273804988226,4.3273804988226,0.0,0.0,0.7810559982504345,0.7810559982504345
2004-06-16,4.110624063334112,4.110624063334112,4.12003322121118,4.12003322121118,0.0,0.0,0.0,0.0
2004-06-17,4.068845453233019,4.068845453233019,4.0782579437455,4.0782579437455,0.0,0.0,0.7810559982504345,0.7810559982504345
2004-06-18,3.8982244404226805,3.8982244404226805,3.9076398815339792,3.9076398815339792,0.0,0.0,0.7810559982504345,0.7810559982504345
2004-06-19,3.6097859264021492,3.6097859264021492,3.61920391563542,3.61920391563542,0.0,0.0,0.7810559982504345,0.7810559982504345
2004-06-20,3.656803821898438,3.656803821898438,3.66622403943006,3.66622403943006,0.0,0.0,0.7810559982504345,0.7810559982504345
2004-06-21,3.494073978919551,3.494073978919551,3.50349618335772,3.50349618335772,0.0,0.0,0.7810559982504345,0.7810559982504345
2004-06-22,3.5255107435090927,3.5255107435090927,3.53493467913716,3.53493467913716,0.0,0.0,0.7810559982504345,0.7810559982504345
2004-06-23,3.39704873784835,3.39704873784835,3.40647417182052,3.40647417182052,0.0,0.0,0.7810559982504345,0.7810559982504345
2004-06-24,3.4170635025651266,3.4170635025651266,3.42649021801472,3.42649021801472,0.0,0.0,0.7810559982504345,0.7810559982504345
2004-06-25,3.156440959501266,3.156440959501266,3.16586875786654,3.16586875786654,0.0,0.0,0.7810559982504345,0.7810559982504345
2004-06-26,3.0928290776325396,3.0928290776325396,3.10225779364356,3.10225779364356,0.0,0.0,0.7810559982504345,0.7810559982504345
2004-06-27,2.873936246634138,2.873936246634138,2.883365737669561,2.883365737669561,0.0,0.0,0.7810559982504345,0.7810559982504345
2004-06-28,2.7376154516924247,2.7376154516924247,2.74704560640806,2.74704560640806,0.0,0.0,0.7810559982504345,0.7810559982504345
2004-06-29,2.5839393259455563,2.5839393259455563,2.59337007985976,2.59337007985976,0.0,0.0,0.7810559982504345,0.7810559982504345
2004-06-30,2.377187852732861,2.377187852732861,2.38661915503792,2.38661915503792,0.0,0.0,0.0,0.0
2004-07-01,2.1712203116808912,2.1712203116808912,2.1805734791418714,2.1805734791418714,0.0,0.0,0.7810559982504345,0.7810559982504345
2004-07-02,2.1712256207522707,2.1712256207522707,2.1805793928503983,2.1805793928503983,0.0,0.0,0.7810559982504345,0.7810559982504345
2004-07-03,2.1712302211826144,2.1712302211826144,2.180584544216551,2.180584544216551,0.0,0.0,0.7810559982504345,0.7810559982504345
2004-07-04,2.171234000674398,2.171234000674398,2.1805887407390037,2.1805887407390037,0.0,0.0,0.7810559982504345,0.7810559982504345
2004-07-05,2.1627258447275985,2.1627258447275985,2.172080909077832,2.172080909077832,0.0,0.0,0.7810559982504345,0.7810559982504345
2004-07-06,2.1627278664953185,2.1627278664953185,2.172083227394961,2.172083227394961,0.0,0.0,0.7810559982504345,0.7810559982504345
2004-07-07,2.1627295418830514,2.1627295418830514,2.1720851041583478,2.1720851041583478,0.0,0.0,0.7810559982504345,0.7810559982504345
2004-07-08,2.162731007517103,2.162731007517103,2.172086678044738,2.172086678044738,0.0,0.0,0.7810559982504345,0.7810559982504345
2004-07-09,2.162732310174547,2.162732310174547,2.1720880839593626,2.1720880839593626,0.0,0.0,0.7810559982504345,0.7810559982504345
2004-07-10,2.1627334535747673,2.1627334535747673,2.1720893257748557,2.1720893257748557,0.0,0.0,0.7810559982504345,0.7810559982504345
2004-07-11,2.1627345938070928,2.1627345938070928,2.172090564292483,2.172090564292483,0.0,0.0,0.7810559982504345,0.7810559982504345
2004-07-12,2.165289118072577,2.165289118072577,2.1746451868355097,2.1746451868355097,0.0,0.0,0.7810559982504345,0.7810559982504345
2004-07-13,2.1652902578166997,2.1652902578166997,2.1746464248203172,2.1746464248203172,0.0,0.0,0.7810559982504345,0.7810559982504345
2004-07-14,2.16529139737639,2.16529139737639,2.174647662620692,2.174647662620692,0.0,0.0,0.0,0.0
2004-07-15,2.165292536525628,2.165292536525628,2.174648899965998,2.174648899965998,0.0,0.0,0.7810559982504345,0.7810559982504345
2004-07-16,2.165293675343973,2.165293675343973,2.174650136972651,2.174650136972651,0.0,0.0,0.7810559982504345,0.7810559982504345
2004-07-17,2.1652948140393633,2.1652948140393633,2.1746513738194926,2.1746513738194926,0.0,0.0,0.7810559982504345,0.7810559982504345
2004-07-18,2.1652959521706077,2.1652959521706077,2.174652610057571,2.174652610057571,0.0,0.0,0.7810559982504345,0.7810559982504345
2004-07-19,2.159339319836704,2.159339319836704,2.168696075867359,2.168696075867359,0.0,0.0,0.7810559982504345,0.7810559982504345
2004-07-20,2.1593404578142548,2.1593404578142548,2.1686973119148862,2.1686973119148862,0.0,0.0,0.7810559982504345,0.7810559982504345
2004-07-21,2.159341595486227,2.159341595486227,2.1686985476859326,2.1686985476859326,0.0,0.0,0.7810559982504345,0.7810559982504345
2004-07-22,2.1593427327043515,2.1593427327043515,2.1686997829216574,2.1686997829216574,0.0,0.0,0.7810559982504345,0.7810559982504345
2004-07-23,2.1593438697669742,2.1593438697669742,2.1687010180018804,2.1687010180018804,0.0,0.0,0.7810559982504345,0.7810559982504345
2004-07-24,2.1593450064661566,2.1593450064661566,2.1687022527109034,2.1687022527109034,0.0,0.0,0.7810559982504345,0.7810559982504345
2004-07-25,2.159346143071315,2.159346143071315,2.168703487289045,2.168703487289045,0.0,0.0,0.7810559982504345,0.7810559982504345
2004-07-26,2.1576449916754137,2.1576449916754137,2.1670024338661267,2.1670024338661267,0.0,0.0,0.7810559982504345,0.7810559982504345
2004-07-27,2.157646127747165,2.157646127747165,2.1670036678662443,2.1670036678662443,0.0,0.0,0.7810559982504345,0.7810559982504345
2004-07-28,2.1576472634229296,2.1576472634229296,2.1670049014626156,2.1670049014626156,0.0,0.0,0.0,0.0
2004-07-29,2.157648398963082,2.157648398963082,2.1670061348865177,2.1670061348865177,0.0,0.0,0.7810559982504345,0.7810559982504345
2004-07-30,2.157649534062044,2.157649534062044,2.1670073678246116,2.1670073678246116,0.0,0.0,0.5827458544765312,0.5827458544765312
2004-07-31,2.1576506692062103,2.1576506692062103,2.1670086008447678,2.1670086008447678,0.0,0.0,0.004893152,0.004893152
2004-08-01,2.154557763577754,2.154557763577754,2.163651851867352,2.163651851867352,0.0,0.0,0.1027561719999998,0.1027561719999998
2004-08-02,2.1758373902700345,2.1758373902700345,2.1849316366385287,2.1849316366385287,0.0,0.0,0.09296987,0.09296987
2004-08-03,2.175839223606734,2.175839223606734,2.1849336280415814,2.1849336280415814,0.0,0.0,0.08807672,0.08807672
2004-08-04,2.175841056703766,2.175841056703766,2.184935619145389,2.184935619145389,0.0,0.0,0.083183568,0.083183568
2004-08-05,2.175842889546516,2.175842889546516,2.1849376099949143,2.1849376099949143,0.0,0.0,0.080612632,0.080612632
2004-08-06,2.1758447216498027,2.1758447216498027,2.1849396000328563,2.1849396000328563,0.0,0.0,0.078290418,0.078290418
2004-08-07,2.175846553171456,2.175846553171456,2.184941589417044,2.184941589417044,0.0,0.0,0.075843842,0.075843842
2004-08-08,2.1758483844885155,2.1758483844885155,2.1849435785966373,2.1849435785966373,0.0,0.0,0.073397266,0.073397266
2004-08-09,2.1919014051473424,2.1919014051473424,2.200996757117999,2.200996757117999,0.0,0.0,0.0685041159999998,0.0685041159999998
2004-08-10,2.1919032357103245,2.1919032357103245,2.2009987454713946,2.2009987454713946,0.0,0.0,0.058717814,0.058717814
2004-08-11,2.191905065595222,2.191905065595222,2.2010007331341632,2.2010007331341632,0.0,0.0,0.0,0.0
2004-08-12,2.1919068953924357,2.1919068953924357,2.20100272064967,2.20100272064967,0.0,0.0,0.10275617199999669,0.10275617199999669
2004-08-13,2.1919087246898545,2.1919087246898545,2.2010047076058044,2.2010047076058044,0.0,0.0,0.04893151,0.04893151
2004-08-14,2.1919105536891497,2.1919105536891497,2.2010066943108497,2.2010066943108497,0.0,0.0,0.04403836,0.04403836
2004-08-15,2.191912381931445,2.191912381931445,2.201008680127197,2.201008680127197,0.0,0.0,0.039145208,0.039145208
2004-08-16,2.191914210366644,2.191914210366644,2.2010106661489908,2.2010106661489908,0.0,0.0,0.039145208,0.039145208
2004-08-17,2.191916037720414,2.191916037720414,2.20101265106427,2.20101265106427,0.0,0.0,0.03425971,0.03425971
2004-08-18,2.1919178649251227,2.1919178649251227,2.2010146357709104,2.2010146357709104,0.0,0.0,0.0325008539999998,0.0325008539999998
2004-08-19,2.1919196918375534,2.1919196918375534,2.201016620125695,2.201016620125695,0.0,0.0,0.029358906,0.029358906
2004-08-20,2.1919215183758687,2.1919215183758687,2.201018604153399,2.201018604153399,0.0,0.0,0.236731894,0.236731894
2004-08-21,2.1919233440110446,2.1919233440110446,2.201020587146265,2.201020587146265,0.0,0.0,0.024465756,0.024465756
2004-08-22,2.191925169567306,2.191925169567306,2.2010225700602164,2.2010225700602164,0.0,0.0,0.191573732,0.191573732
2004-08-23,2.1520447230373856,2.1520447230373856,2.1611422808879865,2.1611422808879865,0.0,0.0,0.024465756,0.024465756
2004-08-24,2.152046547760655,2.152046547760655,2.161144262896826,2.161144262896826,0.0,0.0,0.024465756,0.024465756
2004-08-25,2.1520483720835033,2.1520483720835033,2.161146244445666,2.161146244445666,0.0,0.0,0.0,0.0
2004-08-26,2.1520501958627145,2.1520501958627145,2.1611482254383265,2.1611482254383265,0.0,0.0,0.044038359999997896,0.044038359999997896
2004-08-27,2.152052019589316,2.152052019589316,2.1611502063783767,2.1611502063783767,0.0,0.0,0.014679454,0.014679454
2004-08-28,2.1520538426378324,2.1520538426378324,2.1611521865682217,2.1611521865682217,0.0,0.0,0.014679454,0.014679454
2004-08-29,2.1520556650930245,2.1520556650930245,2.1611541661522,2.1611541661522,0.0,0.0,0.014679454,0.014679454
2004-08-30,2.191939759052765,2.191939759052765,2.2010384171811483,2.2010384171811483,0.0,0.0,0.009786302,0.009786302
2004-08-31,2.1919415809877028,2.1919415809877028,2.201040396125716,2.201040396125716,0.0,0.0,0.009786302,0.009786302
2004-09-01,2.1924687095087534,2.1924687095087534,2.201612490353575,2.201612490353575,0.0,0.0,0.080736994,0.080736994
2004-09-02,2.19247041198029,2.19247041198029,2.201614339585657,2.201614339585657,0.0,0.0,0.078290418,0.078290418
2004-09-03,2.1924721137387206,2.1924721137387206,2.2016161880372147,2.2016161880372147,0.0,0.0,0.083183568,0.083183568
2004-09-04,2.1924738154042562,2.1924738154042562,2.2016180363958777,2.2016180363958777,0.0,0.0,0.073397266,0.073397266
2004-09-05,2.192475516493296,2.192475516493296,2.2016198841106265,2.2016198841106265,0.0,0.0,0.073397266,0.073397266
2004-09-06,2.1924772172435416,2.1924772172435416,2.201621731430888,2.201621731430888,0.0,0.0,0.073397266,0.073397266
2004-09-07,2.1924789174855968,2.1924789174855968,2.201623578231234,2.201623578231234,0.0,0.0,0.122328778,0.122328778
2004-09-08,2.1924806175336653,2.1924806175336653,2.2016254248375935,2.2016254248375935,0.0,0.0,0.0,0.0
2004-09-09,2.192482317013434,2.192482317013434,2.201627270808235,2.201627270808235,0.0,0.0,0.12842890599999973,0.12842890599999973
2004-09-10,2.192484016378451,2.192484016378451,2.2016291166641246,2.2016291166641246,0.0,0.0,0.053873594,0.053873594
2004-09-11,2.192485715079541,2.192485715079541,2.201630961788669,2.201630961788669,0.0,0.0,0.04893151,0.04893151
2004-09-12,2.1924874135183385,2.1924874135183385,2.201632806595228,2.201632806595228,0.0,0.0,0.04403836,0.04403836
2004-09-13,2.1466490689195368,2.1466490689195368,2.155794608352463,2.155794608352463,0.0,0.0,0.039145208,0.039145208
2004-09-14,2.146650766664354,2.146650766664354,2.155796452453316,2.155796452453316,0.0,0.0,0.0342520579999998,0.0342520579999998
2004-09-15,2.1466524637998887,2.1466524637998887,2.1557982958774695,2.1557982958774695,0.0,0.0,0.029358906,0.029358906
2004-09-16,2.146654160654006,2.146654160654006,2.1558001389645116,2.1558001389645116,0.0,0.0,0.024465756,0.024465756
2004-09-17,2.146655857163865,2.146655857163865,2.1558019817512646,2.1558019817512646,0.0,0.0,0.024465756,0.024465756
2004-09-18,2.146657553258429,2.146657553258429,2.1558038240113353,2.1558038240113353,0.0,0.0,0.128852978,0.128852978
2004-09-19,2.133860318636796,2.133860318636796,2.1415891058247283,2.1415891058247283,0.0,0.0,0.606750736,0.606750736
2004-09-20,2.0978112927623456,2.0978112927623456,2.1069578558228153,2.1069578558228153,0.0,0.0,0.513780864,0.513780864
2004-09-21,2.098149377546479,2.098149377546479,2.1072960866933124,2.1072960866933124,0.0,0.0,0.024465756,0.024465756
2004-09-22,2.098151072097345,2.098151072097345,2.1072979272748493,2.1072979272748493,0.0,0.0,0.0,0.0
2004-09-23,2.0981527667165163,2.0981527667165163,2.1072997679803844,2.1072997679803844,0.0,0.0,0.044038359999997896,0.044038359999997896
2004-09-24,2.098154460343896,2.098154460343896,2.1073016075710163,2.1073016075710163,0.0,0.0,0.014679454,0.014679454
2004-09-25,2.0981561536598043,2.0981561536598043,2.107303446838452,2.107303446838452,0.0,0.0,0.009786302,0.009786302
2004-09-26,2.098157846825441,2.098157846825441,2.1073052859556163,2.1073052859556163,0.0,0.0,0.009786302,0.009786302
2004-09-27,2.126671700071263,2.126671700071263,2.1358192850855477,2.1358192850855477,0.0,0.0,0.009786302,0.009786302
2004-09-28,2.1266733924172376,2.1266733924172376,2.1358211233156315,2.1358211233156315,0.0,0.0,0.005676056,0.005676056
2004-09-29,2.1266750844981877,2.1266750844981877,2.1358229612249975,2.1358229612249975,0.0,0.0,0.004893152,0.004893152
2004-09-30,2.126676775805923,2.126676775805923,2.1358247982937306,2.1358247982937306,0.0,0.0,0.004893152,0.004893152
2004-10-01,2.128185044107939,2.128185044107939,2.137461714218799,2.137461714218799,0.0,0.0,0.029358906,0.029358906
2004-10-02,2.128112478519246,2.128112478519246,2.137389194340184,2.137389194340184,0.0,0.0,0.024465756,0.024465756
2004-10-03,2.1281877442874317,2.1281877442874317,2.137464647143514,2.137464647143514,0.0,0.0,0.026289566,0.026289566
2004-10-04,2.074143562734114,2.074143562734114,2.0834205819312053,2.0834205819312053,0.0,0.0,0.184251676,0.184251676
2004-10-05,2.074144911879084,2.074144911879084,2.083422047363345,2.083422047363345,0.0,0.0,0.073397266,0.073397266
2004-10-06,2.074146260836408,2.074146260836408,2.0834235126078386,2.0834235126078386,0.0,0.0,0.0,0.0
2004-10-07,2.074147609632269,2.074147609632269,2.0834249776463927,2.0834249776463927,0.0,0.0,0.0489315119999979,0.0489315119999979
2004-10-08,2.074148957856464,2.074148957856464,2.083426442059441,2.083426442059441,0.0,0.0,0.024465756,0.024465756
2004-10-09,2.074150305770825,2.074150305770825,2.0834279061532914,2.0834279061532914,0.0,0.0,0.024465756,0.024465756
2004-10-10,2.074151653482266,2.074151653482266,2.083429370044222,2.083429370044222,0.0,0.0,0.107649324,0.107649324
2004-10-11,2.1179851841680897,2.1179851841680897,2.1272630168650593,2.1272630168650593,0.0,0.0,0.073397266,0.073397266
2004-10-12,2.117986531270772,2.117986531270772,2.127264480093391,2.127264480093391,0.0,0.0,0.024465756,0.024465756
2004-10-13,2.117987878227265,2.117987878227265,2.1272659431310577,2.1272659431310577,0.0,0.0,0.024465756,0.024465756
2004-10-14,2.117989224758281,2.117989224758281,2.1272674057338836,2.1272674057338836,0.0,0.0,0.073397266,0.073397266
2004-10-15,2.1179905706870845,2.1179905706870845,2.127268867680657,2.127268867680657,0.0,0.0,0.08644567,0.08644567
2004-10-16,2.0913037425839875,2.0913037425839875,2.098428969827398,2.098428969827398,0.0,0.0,0.7810559982504346,0.7810559982504346
2004-10-17,1.7994154381343224,1.7994154381343224,1.7821475582695516,1.7821475582695516,0.0,0.0,0.7810559982504337,0.7810559982504337
2004-10-18,1.604508896575653,1.604508896575653,1.5819456347200505,1.5819456347200505,0.0,0.0,0.7810559982504337,0.7810559982504337
2004-10-19,0.9561806723851503,0.9561806723851503,0.8943337828612824,0.8943337828612824,0.0,0.0,0.7810559982504373,0.7810559982504373
2004-10-20,1.2978447997285159,1.2978447997285159,1.2437236181097149,1.2437236181097149,0.0,0.0,0.0,0.0
2004-10-21,1.9961542011102205,1.9961542011102205,2.00381653923162,2.00381653923162,0.0,0.0,0.7810559982504373,0.7810559982504373
2004-10-22,2.010261062683581,2.010261062683581,2.0193834508118886,2.0193834508118886,0.0,0.0,0.7810559982504373,0.7810559982504373
2004-10-23,1.9415252416783402,1.9415252416783402,1.944353499040567,1.944353499040567,0.0,0.0,0.7810559982504373,0.7810559982504373
2004-10-24,1.991758866643148,1.991758866643148,1.9993565262514592,1.9993565262514592,0.0,0.0,0.7810559982504373,0.7810559982504373
2004-10-25,1.6251886937524485,1.6251886937524485,1.6226659953317444,1.6226659953317444,0.0,0.0,0.7810559982504373,0.7810559982504373
2004-10-26,1.3196287997476341,1.3196287997476341,1.2891836856517103,1.2891836856517103,0.0,0.0,0.7810559982504373,0.7810559982504373
2004-10-27,1.5118278149013444,1.5118278149013444,1.4996612828832978,1.4996612828832978,0.0,0.0,0.7810559982504373,0.7810559982504373
2004-10-28,1.7465426592239934,1.7465426592239934,1.7548846448460027,1.7548846448460027,0.0,0.0,0.7810559982504373,0.7810559982504373
2004-10-29,1.7527199642192997,1.7527199642192997,1.7617143117187823,1.7617143117187823,0.0,0.0,0.7810559982504373,0.7810559982504373
2004-10-30,1.752606147086233,1.752606147086233,1.761590659009101,1.761590659009101,0.0,0.0,0.7810559982504373,0.7810559982504373
2004-10-31,1.7525428975682324,1.7525428975682324,1.7615222637610266,1.7615222637610266,0.0,0.0,0.7810559982504373,0.7810559982504373
2004-11-01,1.4041455747911686,1.4041455747911686,1.4130627886423819,1.4130627886423819,0.0,0.0,0.0,0.0
2004-11-02,1.4041168800621873,1.4041168800621873,1.413032145897093,1.413032145897093,0.0,0.0,0.0,0.0
2004-11-03,1.1857169744110838,1.1857169744110838,1.174147226650343,1.174147226650343,0.0,0.0,0.0,0.0
2004-11-04,1.2925346902744028,1.2925346902744028,1.2908609577724137,1.2908609577724137,0.0,0.0,0.0,0.0
2004-11-05,1.4039410382526818,1.4039410382526818,1.412840892156741,1.412840892156741,0.0,0.0,0.0,0.0
2004-11-06,1.4038484811953136,1.4038484811953136,1.4127397485969728,1.4127397485969728,0.0,0.0,0.0,0.0
2004-11-07,1.402244883550331,1.402244883550331,1.41107406671238,1.41107406671238,0.0,0.0,0.0,0.0
2004-11-08,1.5708517960025912,1.5708517960025912,1.5797338081095997,1.5797338081095997,0.0,0.0,0.0,0.0
2004-11-09,1.5644279162980657,1.5644279162980657,1.5726369204696857,1.5726369204696857,0.0,0.0,0.0,0.0
2004-11-10,1.5707079328153486,1.5707079328153486,1.579582606756619,1.579582606756619,0.0,0.0,0.0,0.0
2004-11-11,1.4383174287816871,1.4383174287816871,1.4346113332944253,1.4346113332944253,0.0,0.0,0.0,0.0
2004-11-12,1.515954469459739,1.515954469459739,1.519514534524628,1.519514534524628,0.0,0.0,0.0,0.0
2004-11-13,1.5716244731643318,1.5716244731643318,1.5804883788989026,1.5804883788989026,0.0,0.0,0.0,0.0
2004-11-14,1.5715786250672612,1.5715786250672612,1.5804385236610206,1.5804385236610206,0.0,0.0,0.0,0.0
2004-11-15,1.4157942346951655,1.4157942346951655,1.4246515378985416,1.4246515378985416,0.0,0.0,0.0,0.0
2004-11-16,1.4157753564602473,1.4157753564602473,1.4246312732557327,1.4246312732557327,0.0,0.0,0.0,0.0
2004-11-17,1.4157621411951242,1.4157621411951242,1.424617161540117,1.424617161540117,0.0,0.0,0.0,0.0
2004-11-18,1.4157531056849484,1.4157531056849484,1.4246075840634356,1.4246075840634356,0.0,0.0,0.0,0.0
2004-11-19,1.4157449129919661,1.4157449129919661,1.4245988723848326,1.4245988723848326,0.0,0.0,0.0,0.0
2004-11-20,1.4157328629348038,1.4157328629348038,1.4245858389533048,1.4245858389533048,0.0,0.0,0.0,0.0
2004-11-21,1.4157245275104857,1.4157245275104857,1.4245768833817454,1.4245768833817454,0.0,0.0,0.0,0.0
2004-11-22,1.4961515165877586,1.4961515165877586,1.5050038177767215,1.5050038177767215,0.0,0.0,0.0,0.0
2004-11-23,1.496151605958478,1.496151605958478,1.505004160489906,1.505004160489906,0.0,0.0,0.0,0.0
2004-11-24,1.4961543185751434,1.4961543185751434,1.5050073790302456,1.5050073790302456,0.0,0.0,0.0,0.0
2004-11-25,1.495769756395102,1.495769756395102,1.5045911830724712,1.5045911830724712,0.0,0.0,0.0,0.0
2004-11-26,1.4055371596937833,1.4055371596937833,1.4040077711296064,1.4040077711296064,0.0,0.0,0.0,0.0
2004-11-27,1.3090058210390658,1.3090058210390658,1.300305458603814,1.300305458603814,0.0,0.0,0.0,0.0
2004-11-28,1.4252107871302047,1.4252107871302047,1.4275160350592855,1.4275160350592855,0.0,0.0,0.0,0.0
2004-11-29,1.4137385911907356,1.4137385911907356,1.422207651974335,1.422207651974335,0.0,0.0,0.0,0.0
2004-11-30,1.4189403964464846,1.4189403964464846,1.4277750657365122,1.4277750657365122,0.0,0.0,0.0,0.0
2004-12-01,1.418279145147322,1.418279145147322,1.4270552958007876,1.4270552958007876,0.0,0.0,0.0,0.0
2004-12-02,1.4182262381925255,1.4182262381925255,1.4269971399967358,1.4269971399967358,0.0,0.0,0.0,0.0
2004-12-03,1.4181826934280337,1.4181826934280337,1.4269493508092597,1.4269493508092597,0.0,0.0,0.0,0.0
2004-12-04,1.4181490427517438,1.4181490427517438,1.4269124908095432,1.4269124908095432,0.0,0.0,0.0,0.0
2004-12-05,1.4181223105118084,1.4181223105118084,1.4268832585523543,1.4268832585523543,0.0,0.0,0.0,0.0
2004-12-06,1.213475247429142,1.213475247429142,1.2025286264162525,1.2025286264162525,0.0,0.0,0.0,0.0
2004-12-07,0.9137088954616366,0.9137088954616366,0.8739041299319703,0.8739041299319703,0.0,0.0,0.0,0.0
2004-12-08,1.1020739936952313,1.1020739936952313,1.0802438853756422,1.0802438853756422,0.0,0.0,0.0,0.0
2004-12-09,1.4021609048090418,1.4021609048090418,1.4084343708757348,1.4084343708757348,0.0,0.0,0.0,0.0
2004-12-10,1.422943388451206,1.422943388451206,1.431592158819486,1.431592158819486,0.0,0.0,0.0,0.0
2004-12-11,1.4228019478215528,1.4228019478215528,1.4314380228246577,1.4314380228246577,0.0,0.0,0.0,0.0
2004-12-12,1.4227146551174854,1.4227146551174854,1.4313431338071174,1.4313431338071174,0.0,0.0,0.0,0.0
2004-12-13,1.4315945389333131,1.4315945389333131,1.4402182528165395,1.4402182528165395,0.0,0.0,0.0,0.0
2004-12-14,1.4315532309469523,1.4315532309469523,1.440173595340139,1.440173595340139,0.0,0.0,0.0,0.0
2004-12-15,1.4315186950007415,1.4315186950007415,1.4401362471116483,1.4401362471116483,0.0,0.0,0.0,0.0
2004-12-16,1.431492546197063,1.431492546197063,1.4401079808894268,1.4401079808894268,0.0,0.0,0.0,0.0
2004-12-17,1.431477652665741,1.431477652665741,1.4400920061651583,1.4400920061651583,0.0,0.0,0.0,0.0
2004-12-18,1.4314701092962174,1.4314701092962174,1.440084063112934,1.440084063112934,0.0,0.0,0.0,0.0
2004-12-19,1.431459368750537,1.431459368750537,1.4400725687785887,1.4400725687785887,0.0,0.0,0.0,0.0
2004-12-20,1.4331475113884653,1.4331475113884653,1.4417596048837313,1.4417596048837313,0.0,0.0,0.0,0.0
2004-12-21,1.433134184807006,1.433134184807006,1.4417452225445462,1.4417452225445462,0.0,0.0,0.0,0.0
2004-12-22,1.4331241906377268,1.4331241906377268,1.4417344546994386,1.4417344546994386,0.0,0.0,0.0,0.0
2004-12-23,1.4331180470153695,1.4331180470153695,1.4417278840992092,1.4417278840992092,0.0,0.0,0.0,0.0
2004-12-24,1.4331143881005586,1.4331143881005586,1.4417240165996907,1.4417240165996907,0.0,0.0,0.0,0.0
2004-12-25,1.4331108722998365,1.4331108722998365,1.4417202716700215,1.4417202716700215,0.0,0.0,0.0,0.0
2004-12-26,1.4285600230252677,1.4285600230252677,1.436844402957234,1.436844402957234,0.0,0.0,0.0,0.0
2004-12-27,1.202437579735561,1.202437579735561,1.1898066526456699,1.1898066526456699,0.0,0.0,0.0,0.0
2004-12-28,0.9915332640651271,0.9915332640651271,0.9593397680879081,0.9593397680879081,0.0,0.0,0.0,0.0
2004-12-29,0.5791807051993215,0.5791807051993215,0.5109400075243054,0.5109400075243054,0.0,0.0,0.0,0.0
2004-12-30,0.2840979318468877,0.2840979318468877,0.1846891086015449,0.1846891086015449,0.0,0.0,0.0,0.0
2004-12-31,0.6267156639975455,0.6267156639975455,0.5630479867122525,0.5630479867122525,0.0,0.0,0.0,0.0
2005-01-01,1.1825020593219664,1.1825020593219664,1.1718726692305077,1.1718726692305077,0.0,0.0,0.0,0.0
2005-01-02,1.0753614942464498,1.0753614942464498,1.0568432767678733,1.0568432767678733,0.0,0.0,0.0,0.0
2005-01-03,1.0108532155120318,1.0108532155120318,0.9894413693943132,0.9894413693943132,0.0,0.0,0.0,0.0
2005-01-04,1.1676113417950835,1.1676113417950835,1.1593178422935237,1.1593178422935237,0.0,0.0,0.0,0.0
2005-01-05,1.2094854599741485,1.2094854599741485,1.2056301830325753,1.2056301830325753,0.0,0.0,0.0,0.0
2005-01-06,1.1404530259473322,1.1404530259473322,1.1300913932869452,1.1300913932869452,0.0,0.0,0.0,0.0
2005-01-07,0.530441239093248,0.530441239093248,0.46022833824080145,0.46022833824080145,0.0,0.0,0.0,0.0
2005-01-08,0.12047758312872014,0.12047758312872014,0.009786199999999945,0.009786199999999945,0.0,0.0,0.0,0.0
2005-01-09,0.13485677655400763,0.13485677655400763,0.009786200000000028,0.009786200000000028,0.0,0.0,0.0,0.0
2005-01-10,0.1609303963241444,0.1609303963241444,0.009786200000000222,0.009786200000000222,0.0,0.0,0.0,0.0
2005-01-11,0.14523920351413677,0.14523920351413677,0.009786199999999972,0.009786199999999972,0.0,0.0,0.0,0.0
2005-01-12,0.43814521998605305,0.4381452199860531,0.3408265889921557,0.34082658899215573,0.0,0.0,0.0,0.0
2005-01-13,0.4651056210443286,0.4651056210443286,0.3700145768899136,0.3700145768899136,0.0,0.0,0.0,0.0
2005-01-14,0.4873892300475784,0.4873892300475784,0.3952158624241376,0.3952158624241376,0.0,0.0,0.0,0.0
2005-01-15,0.514830794252216,0.514830794252216,0.4263865385376468,0.4263865385376468,0.0,0.0,0.0,0.0
2005-01-16,0.5568752062386793,0.5568752062386793,0.47339006861649885,0.47339006861649885,0.0,0.0,0.0,0.0
2005-01-17,0.18362389518338387,0.18362389518338387,0.10678400088058607,0.10678400088058607,0.0,0.0,0.0,0.0
2005-01-18,0.23416129059106866,0.23416129059106866,0.16428440370679745,0.16428440370679745,0.0,0.0,0.0,0.0
2005-01-19,0.2966470536556228,0.2966470536556228,0.2337035401385136,0.2337035401385136,0.0,0.0,0.0,0.0
2005-01-20,0.35818271923930683,0.35818271923930683,0.30167781298776747,0.30167781298776747,0.0,0.0,0.0,0.0
2005-01-21,0.41283489030763487,0.41283489030763487,0.3619403627816719,0.3619403627816719,0.0,0.0,0.0,0.0
2005-01-22,0.4616922683527712,0.4616922683527712,0.41577297957413645,0.41577297957413645,0.0,0.0,0.0,0.0
2005-01-23,0.5055906535370036,0.5055906535370036,0.46412666729534807,0.46412666729534807,0.0,0.0,0.0,0.0
2005-01-24,0.9370471733539197,0.9370471733539197,0.8980679771354527,0.8980679771354527,0.0,0.0,0.07917373769469789,0.07917373769469789
2005-01-25,0.9310690136255102,0.9310690136255102,0.892012844730421,0.892012844730421,0.0,0.0,0.15834747503469743,0.15834747503469743
2005-01-26,0.8183713283913475,0.8183713283913475,0.7685378175224526,0.7685378175224526,0.0,0.0,0.31669494935999815,0.31669494935999815
2005-01-27,0.7382832129308741,0.7382832129308741,0.6806793904817204,0.6806793904817204,0.0,0.0,0.6333898973012029,0.6333898973012029
2005-01-28,0.8357287425449491,0.8357287425449491,0.7859655559375219,0.7859655559375219,0.0,0.0,1.266779791764819,1.266779791764819
2005-01-29,0.904959424270992,0.904959424270992,0.8614287833281129,0.8614287833281129,0.0,0.0,2.533559577854464,2.533559577854464
2005-01-30,0.9159749621172828,0.9159749621172828,0.8732700416859593,0.8732700416859593,0.0,0.0,5.067119144358581,5.067119144358581
2005-01-31,0.8602901177041513,0.8602901177041513,0.8188137150051913,0.8188137150051913,0.0,0.0,0.06732901688848993,0.06732901688848993
2005-02-01,0.9483440817741783,0.9483440817741783,0.916064463085791,0.916064463085791,0.0,0.0,0.13465803347534586,0.13465803347534586
2005-02-02,0.9717491105124645,0.9717491105124645,0.9419731273667085,0.9419731273667085,0.0,0.0,0.2693160663474237,0.2693160663474237
2005-02-03,0.9957253741737775,0.9957253741737775,0.9685255034083791,0.9685255034083791,0.0,0.0,0.5386321314883115,0.5386321314883115
2005-02-04,1.0193657571920394,1.0193657571920394,0.9946977602395837,0.9946977602395837,0.0,0.0,1.0772642605635507,1.0772642605635507
2005-02-05,1.0424763462450355,1.0424763462450355,1.0202720943681607,1.0202720943681607,0.0,0.0,2.154528516300957,2.154528516300957
2005-02-06,1.022378513336392,1.022378513336392,0.9978403922337633,0.9978403922337633,0.0,0.0,4.3090570229496254,4.3090570229496254
2005-02-07,4.424242521415799,4.424242521415798,15.124075515759813,15.124075515759813,0.0,0.0,0.07837669231093893,0.07837669231093893
2005-02-08,4.421356283088656,4.421356283088656,15.124075515759813,15.124075515759813,0.0,0.0,0.15675338427075025,0.15675338427075025
2005-02-09,4.4197093925759505,4.4197093925759505,15.124075515759813,15.124075515759813,0.0,0.0,0.3135067678392453,0.3135067678392453
2005-02-10,4.418365347789866,4.418365347789866,15.124075515759813,15.124075515759813,0.0,0.0,0.6270135342739803,0.6270135342739803
2005-02-11,4.418249338553939,4.418249338553939,15.124075515759813,15.124075515759813,0.0,0.0,1.2540270657389399,1.2540270657389399
2005-02-12,4.416001643420605,4.416001643420605,15.124075515759813,15.124075515759813,0.0,0.0,2.5080541258598386,2.5080541258598386
2005-02-13,4.414900264883631,4.414900264883631,15.124075515759813,15.124075515759813,0.0,0.0,5.016108240483594,5.016108240483594
2005-02-14,4.41562669113983,4.41562669113983,15.124075517319984,15.124075517319984,0.0,0.0,0.06317009434458705,0.06317009434458705
2005-02-15,4.436959460571715,4.436959460571715,15.124075517319984,15.124075517319984,0.0,0.0,0.12634018840617206,0.12634018840617206
2005-02-16,4.433963085645387,4.433963085645387,15.12407551731998,15.12407551731998,0.0,0.0,0.25268037624634004,0.25268037624634004
2005-02-17,4.42639888519569,4.42639888519569,15.124075517319984,15.124075517319984,0.0,0.0,0.5053607513606719,0.5053607513606719
2005-02-18,4.432992102265774,4.432992102265774,15.124075517319984,15.124075517319984,0.0,0.0,1.0107215004573278,1.0107215004573278
2005-02-19,4.458014831357823,4.458014831357823,15.12407551731998,15.12407551731998,0.0,0.0,2.021442996386623,2.021442996386623
2005-02-20,4.459303983324331,4.459303983324331,15.124075517319984,15.124075517319984,0.0,0.0,4.042885983717181,4.042885983717181
2005-02-21,4.448665331026827,4.448665331026827,15.124075518955475,15.124075518955475,0.0,0.0,0.08611005680772635,0.08611005680772635
2005-02-22,4.4468025458684,4.4468025458684,15.124075518955474,15.124075518955474,0.0,0.0,0.17222011322967962,0.17222011322967962
2005-02-23,4.4455501628582015,4.4455501628582015,15.124075518955474,15.124075518955474,0.0,0.0,0.3444402256878131,0.3444402256878131
2005-02-24,4.4427336775587865,4.4427336775587865,15.124075518955474,15.124075518955474,0.0,0.0,0.6888804498325338,0.6888804498325338
2005-02-25,4.439506796050686,4.439506796050686,15.124075518955472,15.124075518955472,0.0,0.0,1.377760896578883,1.377760896578883
2005-02-26,4.436329214663848,4.436329214663848,15.124075518955474,15.124075518955474,0.0,0.0,2.7555217869853967,2.7555217869853967
2005-02-27,4.450414938708116,4.450414938708116,15.124075518955475,15.124075518955475,0.0,0.0,5.511043561626055,5.511043561626055
2005-02-28,4.439612191097918,4.439612191097918,15.124075520673918,15.124075520673918,0.0,0.0,0.0,0.0
2005-03-01,4.432412829741544,4.432412829741544,15.124075520673918,15.124075520673918,0.0,0.0,0.0,0.0
2005-03-02,4.430244985548354,4.430244985548354,15.124075520673918,15.124075520673918,0.0,0.0,0.0,0.0
2005-03-03,4.42942257803519,4.42942257803519,15.124075520673918,15.124075520673918,0.0,0.0,0.0,0.0
2005-03-04,4.428911163786025,4.428911163786025,15.124075520673918,15.124075520673918,0.0,0.0,0.0,0.0
2005-03-05,4.426714241780708,4.426714241780708,15.124075520673918,15.124075520673918,0.0,0.0,0.0,0.0
2005-03-06,4.424981895976966,4.424981895976966,15.124075520673916,15.124075520673916,0.0,0.0,0.0,0.0
2005-03-07,4.422888732320129,4.422888732320129,15.124075522484185,15.124075522484185,0.0,0.0,0.0,0.0
2005-03-08,4.420706488042981,4.420706488042981,15.124075522484185,15.124075522484185,0.0,0.0,0.0,0.0
2005-03-09,4.418493826210215,4.418493826210215,15.124075522484185,15.124075522484185,0.0,0.0,0.0,0.0
2005-03-10,4.4163336510052025,4.4163336510052025,15.124075522484183,15.124075522484183,0.0,0.0,0.0,0.0
2005-03-11,4.414310781609862,4.414310781609862,15.124075522484183,15.124075522484183,0.0,0.0,0.0,0.0
2005-03-12,4.412358515059524,4.412358515059524,15.124075522484183,15.124075522484183,0.0,0.0,0.0,0.0
2005-03-13,4.410466563723319,4.410466563723319,15.124075522484183,15.124075522484183,0.0,0.0,0.0,0.0
2005-03-14,4.408898474644625,4.408898474644625,15.124075524396645,15.124075524396645,0.0,0.0,0.0,0.0
2005-03-15,4.407642121957653,4.407642121957653,15.124075524396646,15.124075524396646,0.0,0.0,0.0,0.0
2005-03-16,4.406504664040389,4.406504664040389,15.124075524396645,15.124075524396645,0.0,0.0,0.0,0.0
2005-03-17,4.405495895473636,4.405495895473636,15.124075524396648,15.124075524396648,0.0,0.0,0.0,0.0
2005-03-18,4.41132799171532,4.41132799171532,15.124075524396646,15.124075524396646,0.0,0.0,0.0,0.0
2005-03-19,4.4203560370127635,4.4203560370127635,15.124075524396648,15.124075524396648,0.0,0.0,0.0,0.0
2005-03-20,4.422800078644122,4.422800078644122,15.124075524396646,15.124075524396646,0.0,0.0,0.0,0.0
2005-03-21,4.434452084282508,4.434452084282508,15.124075526423528,15.124075526423528,0.0,0.0,0.0,0.0
2005-03-22,4.499798833524334,4.499798833524334,15.124075526423528,15.124075526423528,0.0,0.0,0.0,0.0
2005-03-23,4.5155280998800125,4.5155280998800125,15.124075526423528,15.124075526423528,0.0,0.0,0.0,0.0
2005-03-24,4.4739322217717055,4.4739322217717055,15.124075526423528,15.124075526423528,0.0,0.0,0.0,0.0
2005-03-25,4.465720910898662,4.465720910898662,15.124075526423528,15.124075526423528,0.0,0.0,0.0,0.0
2005-03-26,4.462646812079914,4.462646812079914,15.124075526423528,15.124075526423528,0.0,0.0,0.0,0.0
2005-03-27,4.480307798414988,4.480307798414988,15.124075526423528,15.124075526423528,0.0,0.0,0.0,0.0
2005-03-28,4.472525305111969,4.472525305111969,15.124075528579402,15.124075528579402,0.0,0.0,4.746815989367132,4.746815989367132
2005-03-29,4.465076968442817,4.465076968442817,15.1240755285794,15.1240755285794,0.0,0.0,9.493631957468528,9.493631957468528
2005-03-30,4.460843076997424,4.460843076997424,15.124075528579402,15.124075528579402,0.0,0.0,18.987263872405585,18.987263872405585
2005-03-31,4.456724427236258,4.456724427236258,15.1240755285794,15.1240755285794,0.0,0.0,37.974527659748226,37.974527659748226
2005-04-01,4.453159760600488,4.453159760600488,15.1240755285794,15.1240755285794,0.0,0.0,75.94905514937055,75.94905514937055
2005-04-02,4.446982117273608,4.446982117273608,15.124075528579402,15.124075528579402,0.0,0.0,151.89810995848933,151.89810995848933
2005-04-03,4.44679468028627,4.44679468028627,15.1240755285794,15.124075528579402,0.0,0.0,68.63758170756773,68.63758170756773
2005-04-04,4.438786983711364,4.438786983711364,15.124075530881786,15.124075530881786,0.0,0.0,0.0,0.0
2005-04-05,4.43396838784114,4.43396838784114,15.124075530881786,15.124075530881786,0.0,0.0,0.0,0.0
2005-04-06,4.431164052163547,4.431164052163547,13.315507830289981,13.315507830289981,0.0,0.0,0.0,0.0
2005-04-07,4.4281938395036455,4.4281938395036455,5.40203880785884,5.40203880785884,0.0,0.0,0.0,0.0
2005-04-08,3.9704170667618874,3.9704170667618874,3.9389866307304,3.9389866307304,0.0,0.0,0.0,0.0
2005-04-09,3.9146359087567846,3.9146359087567846,3.88516196869558,3.88516196869558,0.0,0.0,0.0,0.0
2005-04-10,3.9060765988333377,3.9060765988333377,3.88500905772388,3.88500905772388,0.0,0.0,0.0,0.0
2005-04-11,4.186611298806415,4.186611298806415,4.16687494887216,4.16687494887216,0.0,0.0,0.0,0.0
2005-04-12,4.422513686290704,4.422513686290704,4.90293739626318,4.90293739626318,0.0,0.0,0.0,0.0
2005-04-13,4.092026248379566,4.092026248379566,4.0759948613645,4.0759948613645,0.0,0.0,0.0,0.0
2005-04-14,3.8014319914648906,3.8014319914648906,3.78729894681408,3.78729894681408,0.0,0.0,0.0,0.0
2005-04-15,3.7997033363873576,3.7997033363873576,3.78729894681408,3.78729894681408,0.0,0.0,0.0,0.0
2005-04-16,4.4148321009658025,4.4148321009658025,4.793453140533259,4.793453140533259,0.0,0.0,0.0,0.0
2005-04-17,4.412600834532461,4.412600834532461,5.711071881644,5.711071881644,0.0,0.0,0.0,0.0
2005-04-18,4.410535785582852,4.410535785582852,4.76592916562908,4.76592916562908,0.0,0.0,0.0,0.0
2005-04-19,4.069139451341504,4.069139451341504,4.0646029939736,4.0646029939736,0.0,0.0,0.0,0.0
2005-04-20,3.9272616496290937,3.9272616496290937,3.923873929695061,3.923873929695061,0.0,0.0,0.0,0.0
2005-04-21,4.154377999959714,4.154377999959714,4.15224646591384,4.15224646591384,0.0,0.0,0.0,0.0
2005-04-22,4.4053347923355135,4.4053347923355135,4.45276749560828,4.45276749560828,0.0,0.0,0.0,0.0
2005-04-23,4.404020125176729,4.404020125176729,4.8673601101833395,4.8673601101833395,0.0,0.0,0.0,0.0
2005-04-24,4.284851970065035,4.284851970065035,4.28640035840972,4.28640035840972,0.0,0.0,0.0,0.0
2005-04-25,4.09833746210306,4.09833746210306,4.10076643877826,4.10076643877826,0.0,0.0,0.0,0.0
2005-04-26,4.401155529351588,4.401155529351588,4.8916729546820195,4.8916729546820195,0.0,0.0,0.0,0.0
2005-04-27,4.402712372322356,4.402712372322356,6.8993430426458,6.8993430426458,0.0,0.0,0.0,0.0
2005-04-28,4.401517233627925,4.401517233627925,5.832636104137441,5.832636104137441,0.0,0.0,0.0,0.0
2005-04-29,4.345342884025584,4.345342884025584,4.3500113226327,4.3500113226327,0.0,0.0,0.0,0.0
2005-04-30,4.399415146904583,4.399415146904583,5.17715773882696,5.17715773882696,0.0,0.0,0.0,0.0
2005-05-01,4.398845481834696,4.398845481834696,7.753138717218,7.753138717218,0.0,0.0,0.0,0.0
2005-05-02,4.398234670384472,4.398234670384472,6.87387103432946,6.87387103432946,0.0,0.0,4.746815989367132,4.746815989367132
2005-05-03,4.397635086657375,4.397635086657375,8.89523569738144,8.89523569738144,0.0,0.0,9.493631957468528,9.493631957468528
2005-05-04,4.3995863390748,4.3995863390748,11.31414422376708,11.31414422376708,0.0,0.0,18.987263872405585,18.987263872405585
2005-05-05,4.409074573192136,4.409074573192136,14.789174303330539,14.789174303330539,0.0,0.0,37.974527659748226,37.974527659748226
2005-05-06,4.404448345819144,4.404448345819144,7.95823179115,7.95823179115,0.0,0.0,30.270564713010526,30.270564713010526
2005-05-07,4.396988975746913,4.396988975746913,7.21128142489308,7.21128142489308,0.0,0.0,3.290235152,3.290235152
2005-05-08,4.4193756217758455,4.4193756217758455,13.6889798620221,13.6889798620221,0.0,0.0,6.580470289259746,6.580470289259746
2005-05-09,4.418988358746401,4.418988358746401,10.376232716929481,10.376232716929481,0.0,0.0,4.746815989367132,4.746815989367132
2005-05-10,4.402797308520563,4.402797308520563,7.4505279042438,7.4505279042438,0.0,0.0,5.399561869373125,5.399561869373125
2005-05-11,4.402967762896046,4.402967762896046,7.514883692877258,7.514883692877258,0.0,0.0,3.601947532,3.601947532
2005-05-12,4.4034863578379095,4.4034863578379095,9.12008881494536,9.12008881494536,0.0,0.0,4.149392128,4.149392128
2005-05-13,4.403089295981168,4.403089295981168,12.75212393415036,12.75212393415036,0.0,0.0,5.48219465,5.48219465
2005-05-14,4.402250994720757,4.402250994720757,17.74389767235336,17.74389767235336,0.0,0.0,6.786800568,6.786800568
2005-05-15,4.417815956265951,4.417815956265951,19.494576022739142,19.494576022739142,0.0,0.0,12.179164998,12.179164998
2005-05-16,4.405652686999634,4.405652686999634,20.347194081593383,20.347194081593383,0.0,0.0,4.746815989367132,4.746815989367132
2005-05-17,4.402105983459547,4.402105983459547,20.347194081593383,20.347194081593383,0.0,0.0,9.493631957468528,9.493631957468528
2005-05-18,4.402456623843538,4.402456623843538,20.347194081593383,20.347194081593383,0.0,0.0,6.9073779971643345,6.9073779971643345
2005-05-19,4.402422506248891,4.402422506248891,20.347194081593383,20.347194081593383,0.0,0.0,7.29128301,7.29128301
2005-05-20,4.401974343486165,4.401974343486165,20.347194081593383,20.347194081593383,0.0,0.0,8.37026731,8.37026731
2005-05-21,4.4012215030583715,4.4012215030583715,20.347194081593383,20.347194081593383,0.0,0.0,8.305755202,8.305755202
2005-05-22,4.4003495464459395,4.4003495464459395,20.347194081593383,20.347194081593383,0.0,0.0,9.199124056,9.199124056
2005-05-23,4.399343788037376,4.399343788037376,20.34719408750161,20.34719408750161,0.0,0.0,4.746815989367132,4.746815989367132
2005-05-24,4.398392347382032,4.398392347382032,20.34719408750161,20.34719408750161,0.0,0.0,9.493631957468528,9.493631957468528
2005-05-25,4.397579439032074,4.397579439032074,20.34719408750161,20.34719408750161,0.0,0.0,18.987263872405585,18.987263872405585
2005-05-26,4.396863595214113,4.396863595214113,20.34719408750161,20.34719408750161,0.0,0.0,16.641860670758753,16.641860670758753
2005-05-27,4.396282926703427,4.396282926703427,20.34719408750161,20.34719408750161,0.0,0.0,14.797749874,14.797749874
2005-05-28,4.3958679660919,4.3958679660919,20.34719408750161,20.34719408750161,0.0,0.0,15.86820488,15.86820488
2005-05-29,4.395627224682953,4.395627224682953,20.34719408750161,20.34719408750161,0.0,0.0,12.603594915999999,12.603594915999999
2005-05-30,4.395508475136215,4.395508475136215,20.347194094289772,20.347194094289772,0.0,0.0,0.0,0.0
2005-05-31,4.395442085137893,4.395442085137893,20.347194094289772,20.347194094289772,0.0,0.0,0.0,0.0
2005-06-01,4.395488470660561,4.395488470660561,20.347194094289772,20.347194094289772,0.0,0.0,0.7810559982504345,0.7810559982504345
2005-06-02,4.3954784799556395,4.3954784799556395,20.347194094289772,20.347194094289772,0.0,0.0,0.7810559982504345,0.7810559982504345
2005-06-03,4.39546929189605,4.39546929189605,20.347194094289772,20.347194094289772,0.0,0.0,0.0,0.0
2005-06-04,4.395460310290123,4.395460310290123,20.347194094289772,20.347194094289772,0.0,0.0,0.7810559982504345,0.7810559982504345
2005-06-05,4.395450787674057,4.395450787674057,20.347194094289772,20.347194094289772,0.0,0.0,0.7810559982504345,0.7810559982504345
2005-06-06,4.395442165654585,4.395442165654585,20.347194102265878,20.347194102265878,0.0,0.0,0.7810559982504345,0.7810559982504345
2005-06-07,4.395440878939696,4.395440878939696,20.347194102265878,20.347194102265878,0.0,0.0,0.7810559982504345,0.7810559982504345
2005-06-08,4.395430437349069,4.395430437349069,20.347194102265878,20.347194102265878,0.0,0.0,0.7810559982504345,0.7810559982504345
2005-06-09,4.396198302942911,4.396198302942911,20.347194102265878,20.347194102265878,0.0,0.0,0.7810559982504345,0.7810559982504345
2005-06-10,4.395421899071909,4.395421899071909,20.347194102265878,20.347194102265878,0.0,0.0,0.7810559982504345,0.7810559982504345
2005-06-11,4.395415637249535,4.395415637249535,20.347194102265878,20.347194102265878,0.0,0.0,0.7810559982504345,0.7810559982504345
2005-06-12,4.3954068232457155,4.3954068232457155,20.347194102265878,20.347194102265878,0.0,0.0,0.7810559982504345,0.7810559982504345
2005-06-13,4.395396821094255,4.395396821094255,20.34719411193388,20.34719411193388,0.0,0.0,0.7810559982504345,0.7810559982504345
2005-06-14,4.39538571005093,4.39538571005093,20.34719411193388,20.34719411193388,0.0,0.0,0.7810559982504345,0.7810559982504345
2005-06-15,4.395373714128174,4.395373714128174,20.34719411193388,20.34719411193388,0.0,0.0,0.7810559982504345,0.7810559982504345
2005-06-16,4.397251733201072,4.397251733201072,20.34719411193388,20.34719411193388,0.0,0.0,0.7810559982504345,0.7810559982504345
2005-06-17,4.395355353037142,4.395355353037142,20.34719411193388,20.34719411193388,0.0,0.0,0.0,0.0
2005-06-18,4.395350881879045,4.395350881879045,20.34719411193388,20.34719411193388,0.0,0.0,0.7810559982504345,0.7810559982504345
2005-06-19,4.395344675082615,4.395344675082615,20.34719411193388,20.34719411193388,0.0,0.0,0.7810559982504345,0.7810559982504345
2005-06-20,4.395336614905668,4.395336614905668,20.347194124204787,20.347194124204787,0.0,0.0,0.7810559982504345,0.7810559982504345
2005-06-21,4.395326537750002,4.395326537750002,20.347194124204787,20.347194124204787,0.0,0.0,0.7810559982504345,0.7810559982504345
2005-06-22,4.395315415815794,4.395315415815794,20.347194124204787,20.347194124204787,0.0,0.0,0.7810559982504345,0.7810559982504345
2005-06-23,4.395303943931817,4.395303943931817,20.347194124204787,20.347194124204787,0.0,0.0,0.7810559982504345,0.7810559982504345
2005-06-24,4.395291938445406,4.395291938445406,20.347194124204787,20.347194124204787,0.0,0.0,0.7810559982504345,0.7810559982504345
2005-06-25,4.395280288033512,4.395280288033512,20.347194124204787,20.347194124204787,0.0,0.0,0.7810559982504345,0.7810559982504345
2005-06-26,4.395269178615882,4.395269178615882,20.347194124204787,20.347194124204787,0.0,0.0,0.7810559982504345,0.7810559982504345
2005-06-27,4.395257951738656,4.395257951738656,20.347194140996574,20.347194140996574,0.0,0.0,0.7810559982504345,0.7810559982504345
2005-06-28,4.395246430794906,4.395246430794906,20.347194140996574,20.347194140996574,0.0,0.0,0.7810559982504345,0.7810559982504345
2005-06-29,4.395234949945795,4.395234949945795,20.347194140996574,20.347194140996574,0.0,0.0,0.7810559982504345,0.7810559982504345
2005-06-30,4.395222806278535,4.395222806278535,20.347194140996574,20.347194140996574,0.0,0.0,0.7810559982504345,0.7810559982504345
2005-07-01,4.395339014391208,4.395339014391208,20.347194140996574,20.347194140996574,0.0,0.0,0.0,0.0
2005-07-02,4.395322456245123,4.395322456245123,20.347194140996574,20.347194140996574,0.0,0.0,0.7810559982504345,0.7810559982504345
2005-07-03,4.395305699113298,4.395305699113298,20.347194140996574,20.347194140996574,0.0,0.0,0.7810559982504345,0.7810559982504345
2005-07-04,4.395290048914205,4.395290048914205,20.34719416758358,20.34719416758358,0.0,0.0,0.7810559982504345,0.7810559982504345
2005-07-05,4.395275830783133,4.395275830783133,20.34719416758358,20.34719416758358,0.0,0.0,0.7810559982504345,0.7810559982504345
2005-07-06,4.3952622658401985,4.3952622658401985,20.34719416758358,20.34719416758358,0.0,0.0,0.7810559982504345,0.7810559982504345
2005-07-07,4.395249252698254,4.395249252698254,20.34719416758358,20.34719416758358,0.0,0.0,0.7810559982504345,0.7810559982504345
2005-07-08,4.3952364808427875,4.3952364808427875,20.34719416758358,20.34719416758358,0.0,0.0,0.7810559982504345,0.7810559982504345
2005-07-09,4.395224406740024,4.395224406740024,20.34719416758358,20.34719416758358,0.0,0.0,0.7810559982504345,0.7810559982504345
2005-07-10,4.3952133165649645,4.3952133165649645,20.34719416758358,20.34719416758358,0.0,0.0,0.7810559982504345,0.7810559982504345
2005-07-11,4.395202678600063,4.395202678600063,20.347194231392375,20.347194231392375,0.0,0.0,0.7810559982504345,0.7810559982504345
2005-07-12,4.395191765812262,4.395191765812262,20.347194231392375,20.347194231392375,0.0,0.0,0.7810559982504345,0.7810559982504345
2005-07-13,4.395180576669067,4.395180576669067,20.347194231392375,20.347194231392375,0.0,0.0,0.7810559982504345,0.7810559982504345
2005-07-14,4.39516963115765,4.39516963115765,20.347194231392375,20.347194231392375,0.0,0.0,0.7810559982504345,0.7810559982504345
2005-07-15,4.395159211037873,4.395159211037873,20.347194231392375,20.347194231392375,0.0,0.0,0.0,0.0
2005-07-16,4.395149363871395,4.395149363871395,20.347194231392375,20.347194231392375,0.0,0.0,0.7810559982504345,0.7810559982504345
2005-07-17,4.395140139082149,4.395140139082149,20.347194231392375,20.347194231392375,0.0,0.0,0.7810559982504345,0.7810559982504345
2005-07-18,4.395131585321998,4.395131585321998,4.404412790134115,4.404412790134115,0.0,0.0,0.7810559982504345,0.7810559982504345
2005-07-19,4.395123605357049,4.395123605357049,4.404412790134116,4.404412790134116,0.0,0.0,0.7810559982504345,0.7810559982504345
2005-07-20,4.395116134500496,4.395116134500496,4.404412790134116,4.404412790134116,0.0,0.0,0.7810559982504345,0.7810559982504345
2005-07-21,4.39510931525109,4.39510931525109,4.404412790134114,4.404412790134114,0.0,0.0,0.7810559982504345,0.7810559982504345
2005-07-22,4.395103088629115,4.395103088629115,4.404412790134115,4.404412790134115,0.0,0.0,0.7810559982504345,0.7810559982504345
2005-07-23,4.3950973302793965,4.3950973302793965,4.404412790134115,4.404412790134115,0.0,0.0,0.7810559982504345,0.7810559982504345
2005-07-24,4.395092110108921,4.395092110108921,4.404412790134115,4.404412790134115,0.0,0.0,0.7810559982504345,0.7810559982504345
2005-07-25,4.395087441995497,4.395087441995497,4.404412790134115,4.404412790134115,0.0,0.0,0.7810559982504345,0.7810559982504345
2005-07-26,4.395083244121356,4.395083244121356,4.404412790134115,4.404412790134115,0.0,0.0,0.7810559982504345,0.7810559982504345
2005-07-27,4.395079524247903,4.395079524247903,4.404412790134115,4.404412790134115,0.0,0.0,0.7810559982504345,0.7810559982504345
2005-07-28,4.395076326049305,4.395076326049305,4.404412790134115,4.404412790134115,0.0,0.0,0.7810559982504345,0.7810559982504345
2005-07-29,4.395073555781489,4.395073555781489,4.404412790134115,4.404412790134115,0.0,0.0,0.0,0.0
2005-07-30,4.3950711221329755,4.3950711221329755,4.404412790134115,4.404412790134115,0.0,0.0,0.7810559982504345,0.7810559982504345
2005-07-31,4.39506902559455,4.39506902559455,4.404412790134115,4.404412790134115,0.0,0.0,0.7810559982504345,0.7810559982504345
2005-08-01,4.395338972912849,4.395338972912849,4.404412790134115,4.404412790134115,0.0,0.0,0.7810559982504345,0.7810559982504345
2005-08-02,4.395336670833463,4.395336670833463,4.404412790134115,4.404412790134115,0.0,0.0,0.7810559982504345,0.7810559982504345
2005-08-03,4.3953346814218595,4.3953346814218595,4.404412790134115,4.404412790134115,0.0,0.0,0.7810559982504345,0.7810559982504345
2005-08-04,3.836936968792514,3.836936968792514,3.8460167599429793,3.8460167599429793,0.0,0.0,0.7810559982504345,0.7810559982504345
2005-08-05,3.850556919355778,3.850556919355778,3.85963816795334,3.85963816795334,0.0,0.0,0.7810559982504345,0.7810559982504345
2005-08-06,3.719824070765817,3.719824070765817,3.72890668607652,3.72890668607652,0.0,0.0,0.7810559982504345,0.7810559982504345
2005-08-07,3.4650533117052285,3.4650533117052285,3.4741372767932797,3.4741372767932797,0.0,0.0,0.7810559982504345,0.7810559982504345
2005-08-08,3.225287617676571,3.225287617676571,3.2343728731836,3.2343728731836,0.0,0.0,0.7810559982504345,0.7810559982504345
2005-08-09,3.292532992736072,3.292532992736072,3.3016191724432,3.3016191724432,0.0,0.0,0.7810559982504345,0.7810559982504345
2005-08-10,3.107850517474876,3.107850517474876,3.1169372469258,3.1169372469258,0.0,0.0,0.7810559982504345,0.7810559982504345
2005-08-11,2.827431033401226,2.827431033401226,2.83651825529458,2.83651825529458,0.0,0.0,0.7810559982504345,0.7810559982504345
2005-08-12,2.50765178866344,2.50765178866344,2.5167394862892003,2.5167394862892003,0.0,0.0,0.0,0.0
2005-08-13,2.175746596971947,2.175746596971947,2.1848347764321416,2.1848347764321416,0.0,0.0,0.7810559982504345,0.7810559982504345
2005-08-14,2.175752408336957,2.175752408336957,2.1848410648528134,2.1848410648528134,0.0,0.0,0.7810559982504345,0.7810559982504345
2005-08-15,2.187966317314128,2.187966317314128,2.196762373280238,2.196762373280238,0.0,0.0,0.7810559982504345,0.7810559982504345
2005-08-16,2.1918137774618303,2.1918137774618303,2.200903290328002,2.200903290328002,0.0,0.0,0.7810559982504345,0.7810559982504345
2005-08-17,2.1918183527893187,2.1918183527893187,2.200908272164686,2.200908272164686,0.0,0.0,0.7810559982504345,0.7810559982504345
2005-08-18,2.191823045267647,2.191823045267647,2.2009134119128784,2.2009134119128784,0.0,0.0,0.7810559982504345,0.7810559982504345
2005-08-19,2.1918274099358173,2.1918274099358173,2.200918094786438,2.200918094786438,0.0,0.0,0.7810559982504345,0.7810559982504345
2005-08-20,2.19183121166208,2.19183121166208,2.2009220639014226,2.2009220639014226,0.0,0.0,0.7810559982504345,0.7810559982504345
2005-08-21,2.191834743156936,2.191834743156936,2.2009257559743096,2.2009257559743096,0.0,0.0,0.7810559982504345,0.7810559982504345
2005-08-22,2.191838219478488,2.191838219478488,2.200929391070878,2.200929391070878,0.0,0.0,0.7810559982504345,0.7810559982504345
2005-08-23,2.1918417374613357,2.1918417374613357,2.2009330678287418,2.2009330678287418,0.0,0.0,0.7810559982504345,0.7810559982504345
2005-08-24,2.19184499365961,2.19184499365961,2.2009364827299116,2.2009364827299116,0.0,0.0,0.7810559982504345,0.7810559982504345
2005-08-25,2.191847912466855,2.191847912466855,2.200939560240053,2.200939560240053,0.0,0.0,0.7810559982504345,0.7810559982504345
2005-08-26,2.191850648351958,2.191850648351958,2.200942454755931,2.200942454755931,0.0,0.0,0.0,0.0
2005-08-27,2.1918531483366204,2.1918531483366204,2.2009451133713687,2.2009451133713687,0.0,0.0,0.7810559982504345,0.7810559982504345
2005-08-28,2.1918555922214567,2.1918555922214567,2.2009477158148596,2.2009477158148596,0.0,0.0,0.7810559982504345,0.7810559982504345
2005-08-29,2.151975783678725,2.151975783678725,2.161068065830783,2.161068065830783,0.0,0.0,0.7810559982504345,0.7810559982504345
2005-08-30,2.1519781924376002,2.1519781924376002,2.161070633076192,2.161070633076192,0.0,0.0,0.7810559982504345,0.7810559982504345
2005-08-31,2.15198053016417,2.15198053016417,2.161073129229718,2.161073129229718,0.0,0.0,0.7810559982504345,0.7810559982504345
2005-09-01,2.1525132820391955,2.1525132820391955,2.161651253493225,2.161651253493225,0.0,0.0,0.7810559982504345,0.7810559982504345
2005-09-02,2.1525154992805606,2.1525154992805606,2.161653618764356,2.161653618764356,0.0,0.0,0.7810559982504345,0.7810559982504345
2005-09-03,2.1525177226147494,2.1525177226147494,2.1616559901165853,2.1616559901165853,0.0,0.0,0.7810559982504345,0.7810559982504345
2005-09-04,2.152519775254249,2.152519775254249,2.1616581907741255,2.1616581907741255,0.0,0.0,0.7810559982504345,0.7810559982504345
2005-09-05,2.192403844354688,2.192403844354688,2.2015424078251873,2.2015424078251873,0.0,0.0,0.7810559982504345,0.7810559982504345
2005-09-06,2.192405561440805,2.192405561440805,2.2015442728619266,2.2015442728619266,0.0,0.0,0.7810559982504345,0.7810559982504345
2005-09-07,2.1924072778821206,2.1924072778821206,2.2015461371864466,2.2015461371864466,0.0,0.0,0.7810559982504345,0.7810559982504345
2005-09-08,2.1924089941649685,2.1924089941649685,2.201548001352499,2.201548001352499,0.0,0.0,0.7810559982504345,0.7810559982504345
2005-09-09,2.1924107098030152,2.1924107098030152,2.201549864806332,2.201549864806332,0.0,0.0,0.0,0.0
2005-09-10,2.19241242517877,2.19241242517877,2.2015517279421797,2.2015517279421797,0.0,0.0,0.7810559982504345,0.7810559982504345
2005-09-11,2.192414140423379,2.192414140423379,2.2015535909468813,2.2015535909468813,0.0,0.0,0.7810559982504345,0.7810559982504345
2005-09-12,2.192415854796413,2.192415854796413,2.201555453056559,2.201555453056559,0.0,0.0,0.7810559982504345,0.7810559982504345
2005-09-13,2.1924175691585193,2.1924175691585193,2.2015573151113395,2.2015573151113395,0.0,0.0,0.7810559982504345,0.7810559982504345
2005-09-14,2.1924192827774642,2.1924192827774642,2.2015591763995097,2.2015591763995097,0.0,0.0,0.7810559982504345,0.7810559982504345
2005-09-15,2.1924209963772836,2.1924209963772836,2.2015610376245855,2.2015610376245855,0.0,0.0,0.7810559982504345,0.7810559982504345
2005-09-16,2.1924227096219164,2.1924227096219164,2.20156289848275,2.20156289848275,0.0,0.0,0.7810559982504345,0.7810559982504345
2005-09-17,2.1924244220550833,2.1924244220550833,2.2015647584620304,2.2015647584620304,0.0,0.0,0.7810559982504345,0.7810559982504345
2005-09-18,2.192426134305192,2.192426134305192,2.2015666182025595,2.2015666182025595,0.0,0.0,0.7810559982504345,0.7810559982504345
2005-09-19,2.1465173192556635,2.1465173192556635,2.1556579506317264,2.1556579506317264,0.0,0.0,0.7810559982504345,0.7810559982504345
2005-09-20,2.0948838783610997,2.0948838783610997,2.0979970102365555,2.0979970102365555,0.0,0.0,0.7810559982504345,0.7810559982504345
2005-09-21,2.1401643198908755,2.1401643198908755,2.1493052461569113,2.1493052461569113,0.0,0.0,0.7810559982504345,0.7810559982504345
2005-09-22,2.146592936628727,2.146592936628727,2.1557340102503466,2.1557340102503466,0.0,0.0,0.7810559982504345,0.7810559982504345
2005-09-23,2.146594646788697,2.146594646788697,2.1557358677541756,2.1557358677541756,0.0,0.0,0.0,0.0
2005-09-24,2.1465963567300905,2.1465963567300905,2.1557377250394283,2.1557377250394283,0.0,0.0,0.7810559982504345,0.7810559982504345
2005-09-25,2.146568598355612,2.146568598355612,2.1557101139531154,2.1557101139531154,0.0,0.0,0.7810559982504345,0.7810559982504345
2005-09-26,2.0980865140898963,2.0980865140898963,2.1072281769638406,2.1072281769638406,0.0,0.0,0.7810559982504345,0.7810559982504345
2005-09-27,2.0971312745185826,2.0971312745185826,2.106157918868499,2.106157918868499,0.0,0.0,0.7810559982504345,0.7810559982504345
2005-09-28,2.098089930893485,2.098089930893485,2.1072318881297813,2.1072318881297813,0.0,0.0,0.7810559982504345,0.7810559982504345
2005-09-29,2.0980916386053963,2.0980916386053963,2.1072337429832975,2.1072337429832975,0.0,0.0,0.7810559982504345,0.7810559982504345
2005-09-30,2.0980933461315177,2.0980933461315177,2.1072355976510235,2.1072355976510235,0.0,0.0,0.7810559982504345,0.7810559982504345
2005-10-01,2.099615981267069,2.099615981267069,2.1088880437706705,2.1088880437706705,0.0,0.0,0.7810559982504345,0.7810559982504345
2005-10-02,2.099617344016382,2.099617344016382,2.108889523919064,2.108889523919064,0.0,0.0,0.7810559982504345,0.7810559982504345
2005-10-03,2.1281308678705684,2.1281308678705684,2.137403165226171,2.137403165226171,0.0,0.0,0.7810559982504345,0.7810559982504345
2005-10-04,2.1281322301922225,2.1281322301922225,2.1374046449024293,2.1374046449024293,0.0,0.0,0.7810559982504345,0.7810559982504345
2005-10-05,2.1281335921865874,2.1281335921865874,2.137406124242035,2.137406124242035,0.0,0.0,0.7810559982504345,0.7810559982504345
2005-10-06,2.128134954045672,2.128134954045672,2.13740760344636,2.13740760344636,0.0,0.0,0.7810559982504345,0.7810559982504345
2005-10-07,2.1281363157214748,2.1281363157214748,2.137409082422927,2.137409082422927,0.0,0.0,0.0,0.0
2005-10-08,2.128137676965255,2.128137676965255,2.1374105609136316,2.1374105609136316,0.0,0.0,0.7810559982504345,0.7810559982504345
2005-10-09,2.1281390375980944,2.1281390375980944,2.137412038784032,2.137412038784032,0.0,0.0,0.7810559982504345,0.7810559982504345
2005-10-10,2.0740948670111643,2.0740948670111643,2.0833679854346623,2.0833679854346623,0.0,0.0,0.7810559982504345,0.7810559982504345
2005-10-11,2.0740962274934502,2.0740962274934502,2.083369463110033,2.083369463110033,0.0,0.0,0.7810559982504345,0.7810559982504345
2005-10-12,2.074097587500076,2.074097587500076,2.0833709403003793,2.0833709403003793,0.0,0.0,0.7810559982504345,0.7810559982504345
2005-10-13,2.0740989470288578,2.0740989470288578,2.083372416959042,2.083372416959042,0.0,0.0,0.7810559982504345,0.7810559982504345
2005-10-14,2.074037092744766,2.074037092744766,2.0833106797603556,2.0833106797603556,0.0,0.0,0.7810559982504345,0.7810559982504345
2005-10-15,2.0737173385181182,2.0737173385181182,2.082991042619112,2.082991042619112,0.0,0.0,0.7810559982504345,0.7810559982504345
2005-10-16,2.073189609884819,2.073189609884819,2.08233785651598,2.08233785651598,0.0,0.0,0.7810559982504345,0.7810559982504345
2005-10-17,2.1179365655065965,2.1179365655065965,2.127210503705833,2.127210503705833,0.0,0.0,0.7810559982504345,0.7810559982504345
2005-10-18,2.1179379238920464,2.1179379238920464,2.127211979078371,2.127211979078371,0.0,0.0,0.7810559982504345,0.7810559982504345
2005-10-19,2.117939281596734,2.117939281596734,2.127213453795896,2.127213453795896,0.0,0.0,0.7810559982504345,0.7810559982504345
2005-10-20,2.1179406390330437,2.1179406390330437,2.127214928156091,2.127214928156091,0.0,0.0,0.7810559982504345,0.7810559982504345
2005-10-21,2.1179419963122545,2.1179419963122545,2.1272164023591866,2.1272164023591866,0.0,0.0,0.0,0.0
2005-10-22,2.117943353248902,2.117943353248902,2.1272178762103553,2.1272178762103553,0.0,0.0,0.7810559982504345,0.7810559982504345
2005-10-23,2.1174168181561286,2.1174168181561286,2.126691457987627,2.126691457987627,0.0,0.0,0.7810559982504345,0.7810559982504345
2005-10-24,2.007496689223549,2.007496689223549,2.016193247110513,2.016193247110513,0.0,0.0,0.7810559982504345,0.7810559982504345
2005-10-25,1.9941770126632334,1.9941770126632334,2.003015227475608,2.003015227475608,0.0,0.0,0.7810559982504345,0.7810559982504345
2005-10-26,1.9853558356968073,1.9853558356968073,1.9922617056608727,1.9922617056608727,0.0,0.0,4.746815989367132,4.746815989367132
2005-10-27,2.009465642125046,2.009465642125046,2.0185840770467167,2.0185840770467167,0.0,0.0,4.746815989367132,4.746815989367132
2005-10-28,2.009619382704427,2.009619382704427,2.0186923668150425,2.0186923668150425,0.0,0.0,0.7810559982504345,0.7810559982504345
2005-10-29,2.011989662126801,2.011989662126801,2.02126500261208,2.02126500261208,0.0,0.0,4.746815989367132,4.746815989367132
2005-10-30,2.011991015138154,2.011991015138154,2.021266472278118,2.021266472278118,0.0,0.0,4.746815989367132,4.746815989367132
2005-10-31,1.755808136406192,1.755808136406192,1.7650837101914778,1.7650837101914778,0.0,0.0,4.746815989367132,4.746815989367132
2005-11-01,1.7549768281556684,1.7549768281556684,1.7642026412606513,1.7642026412606513,0.0,0.0,9.493631957468528,9.493631957468528
2005-11-02,1.7553721151241384,1.7553721151241384,1.7646105222768285,1.7646105222768285,0.0,0.0,18.987263872405585,18.987263872405585
2005-11-03,1.755373565785404,1.755373565785404,1.7646120980252609,1.7646120980252609,0.0,0.0,37.974527659748226,37.974527659748226
2005-11-04,1.7553750161234987,1.7553750161234987,1.7646136734505227,1.7646136734505227,0.0,0.0,75.94905514937055,75.94905514937055
2005-11-05,1.7553764659698121,1.7553764659698121,1.7646152483262179,1.7646152483262179,0.0,0.0,151.89810995848933,151.89810995848933
2005-11-06,1.7553779153056097,1.7553779153056097,1.7646168226813477,1.7646168226813477,0.0,0.0,216.7798891733726,216.7798891733726
2005-11-07,1.3966713335730583,1.3966713335730583,1.4047364424102282,1.4047364424102282,0.0,0.0,0.0,0.0
2005-11-08,1.4072714545151335,1.4072714545151335,1.4165106118340651,1.4165106118340651,0.0,0.0,0.0,0.0
2005-11-09,1.4075446123078328,1.4075446123078328,1.4167838945883113,1.4167838945883113,0.0,0.0,0.0,0.0
2005-11-10,1.4077052251247397,1.4077052251247397,1.416944632261245,1.416944632261245,0.0,0.0,0.0,0.0
2005-11-11,1.407706672889179,1.407706672889179,1.4169462049294461,1.4169462049294461,0.0,0.0,0.0,0.0
2005-11-12,1.4077081202976622,1.4077081202976622,1.4169477771462204,1.4169477771462204,0.0,0.0,0.0,0.0
2005-11-13,1.4077095672963273,1.4077095672963273,1.4169493489431269,1.4169493489431269,0.0,0.0,0.0,0.0
2005-11-14,1.575805283387704,1.575805283387704,1.5850451898226954,1.5850451898226954,0.0,0.0,0.0,0.0
2005-11-15,1.5758067296978757,1.5758067296978757,1.5850467608733232,1.5850467608733232,0.0,0.0,0.0,0.0
2005-11-16,1.5758081760197564,1.5758081760197564,1.5850483319356603,1.5850483319356603,0.0,0.0,0.0,0.0
2005-11-17,1.5758096218849829,1.5758096218849829,1.585049902483558,1.585049902483558,0.0,0.0,0.0,0.0
2005-11-18,1.5758110676424857,1.5758110676424857,1.5850514729237322,1.5850514729237322,0.0,0.0,0.0,0.0
2005-11-19,1.5758125130182727,1.5758125130182727,1.5850530429244052,1.5850530429244052,0.0,0.0,0.0,0.0
2005-11-20,1.5758139578624677,1.5758139578624677,1.5850546123834366,1.5850546123834366,0.0,0.0,0.0,0.0
2005-11-21,1.4200622704409707,1.4200622704409707,1.4293030495390902,1.4293030495390902,0.0,0.0,0.0,0.0
2005-11-22,1.4200637148612967,1.4200637148612967,1.4293046185164677,1.4293046185164677,0.0,0.0,0.0,0.0
2005-11-23,1.420065159454917,1.420065159454917,1.4293061876294533,1.4293061876294533,0.0,0.0,0.0,0.0
2005-11-24,1.4197064329651536,1.4197064329651536,1.4289475856389562,1.4289475856389562,0.0,0.0,0.0,0.0
2005-11-25,1.4200680471949159,1.4200680471949159,1.4293093243302988,1.4293093243302988,0.0,0.0,0.0,0.0
2005-11-26,1.4179814738759515,1.4179814738759515,1.4270061386060027,1.4270061386060027,0.0,0.0,0.0,0.0
2005-11-27,1.419698281867505,1.419698281867505,1.4289398078959,1.4289398078959,0.0,0.0,0.0,0.0
2005-11-28,1.4476489139801334,1.4476489139801334,1.4523974992989859,1.4523974992989859,0.0,0.0,0.0,0.0
2005-11-29,1.4042947558710923,1.4042947558710923,1.4049579721888572,1.4049579721888572,0.0,0.0,0.0,0.0
2005-11-30,1.471028200071159,1.471028200071159,1.4777621408752217,1.4777621408752217,0.0,0.0,0.0,0.0
2005-12-01,0.9130978327413546,0.9130978327413546,0.8705907093006984,0.8705907093006984,0.0,0.0,0.0,0.0
2005-12-02,1.0015132821534591,1.0015132821534591,0.9671533836374717,0.9671533836374717,0.0,0.0,0.0,0.0
2005-12-03,1.4997245407344137,1.4997245407344137,1.50890330117113,1.50890330117113,0.0,0.0,0.0,0.0
2005-12-04,1.499482853454241,1.499482853454241,1.5086369620007813,1.5086369620007813,0.0,0.0,0.0,0.0
2005-12-05,1.4223190200637554,1.4223190200637554,1.431458810422395,1.431458810422395,0.0,0.0,0.0,0.0
2005-12-06,1.422225043484732,1.422225043484732,1.4313552013636386,1.4313552013636386,0.0,0.0,0.0,0.0
2005-12-07,1.3995142548941297,1.3995142548941297,1.4067240533834697,1.4067240533834697,0.0,0.0,0.0,0.0
2005-12-08,1.4136179124525445,1.4136179124525445,1.4218439142606039,1.4218439142606039,0.0,0.0,0.0,0.0
2005-12-09,1.4220468579484606,1.4220468579484606,1.431159266687833,1.431159266687833,0.0,0.0,0.0,0.0
2005-12-10,1.4220079077586898,1.4220079077586898,1.4311165364480234,1.4311165364480234,0.0,0.0,0.0,0.0
2005-12-11,1.421976675559857,1.421976675559857,1.431082329255684,1.431082329255684,0.0,0.0,0.0,0.0
2005-12-12,1.4242453492893568,1.4242453492893568,1.4328565389016599,1.4328565389016599,0.0,0.0,0.0,0.0
2005-12-13,1.4258079907612795,1.4258079907612795,1.4346578351183956,1.4346578351183956,0.0,0.0,0.0,0.0
2005-12-14,1.427862373744522,1.427862373744522,1.436961341453428,1.436961341453428,0.0,0.0,0.0,0.0
2005-12-15,1.4278440360386715,1.4278440360386715,1.4369412761237932,1.4369412761237932,0.0,0.0,0.0,0.0
2005-12-16,1.4272680882496342,1.4272680882496342,1.4363636998208995,1.4363636998208995,0.0,0.0,0.0,0.0
2005-12-17,1.3179191734568654,1.3179191734568654,1.3158300648539296,1.3158300648539296,0.0,0.0,0.0,0.0
2005-12-18,0.6972224729290072,0.6972224729290072,0.6369072381191567,0.6369072381191567,0.0,0.0,0.0,0.0
2005-12-19,0.9207903876954684,0.9207903876954684,0.8816382310911339,0.8816382310911339,0.0,0.0,0.0,0.0
2005-12-20,1.1257051652507022,1.1257051652507022,1.1070646856756194,1.1070646856756194,0.0,0.0,0.0,0.0
2005-12-21,1.1315135840624255,1.1315135840624255,1.1112429370234407,1.1112429370234407,0.0,0.0,0.0,0.0
2005-12-22,1.2892075888051773,1.2892075888051773,1.2828001599318484,1.2828001599318484,0.0,0.0,0.0,0.0
2005-12-23,1.4150308006342933,1.4150308006342933,1.4215833510895777,1.4215833510895777,0.0,0.0,0.0,0.0
2005-12-24,1.43426358357807,1.43426358357807,1.4431152439013208,1.4431152439013208,0.0,0.0,0.0,0.0
2005-12-25,1.095411459416672,1.095411459416672,1.069067522790126,1.069067522790126,0.0,0.0,0.0,0.0
2005-12-26,0.5858837862786311,0.5858837862786311,0.5110620443513947,0.5110620443513947,0.0,0.0,0.0,0.0
2005-12-27,0.9076198483218277,0.9076198483218277,0.8691039797094847,0.8691039797094847,0.0,0.0,0.0,0.0
2005-12-28,1.1509500589930877,1.1509500589930877,1.1333068790792709,1.1333068790792709,0.0,0.0,0.0,0.0
2005-12-29,1.2661134077037306,1.2661134077037306,1.258507752625095,1.258507752625095,0.0,0.0,0.0,0.0
2005-12-30,0.6038913925751568,0.6038913925751568,0.5355052329072594,0.5355052329072594,0.0,0.0,0.0,0.0
2005-12-31,0.2985073086059502,0.2985073086059502,0.201545786677648,0.201545786677648,0.0,0.0,0.0,0.0
2006-01-01,0.3610351451420235,0.3610351451420235,0.2770059069046211,0.2770059069046211,0.0,0.0,0.0,0.0
2006-01-02,0.13354341240301681,0.13354341240301681,0.009786200000000028,0.009786200000000028,0.0,0.0,0.0,0.0
2006-01-03,0.9135142003885882,0.9135142003885882,0.8777089320285186,0.8777089320285186,0.0,0.0,0.0,0.0
2006-01-04,1.2148590302501563,1.2148590302501563,1.2055317150660834,1.2055317150660834,0.0,0.0,0.0,0.0
2006-01-05,1.187847543764032,1.187847543764032,1.1750019792912936,1.1750019792912936,0.0,0.0,0.0,0.0
2006-01-06,1.1748995298709604,1.1748995298709604,1.1598164925859682,1.1598164925859682,0.0,0.0,0.0,0.0
2006-01-07,1.1855250721514032,1.1855250721514032,1.1713157929638967,1.1713157929638967,0.0,0.0,0.0,0.0
2006-01-08,1.1748258762338217,1.1748258762338217,1.1595617839150516,1.1595617839150516,0.0,0.0,0.0,0.0
2006-01-09,1.1773387449997086,1.1773387449997086,1.1630209189245826,1.1630209189245826,0.0,0.0,0.0,0.0
2006-01-10,1.1909408828813837,1.1909408828813837,1.1777135767755373,1.1777135767755373,0.0,0.0,0.0,0.0
2006-01-11,1.2026866648239316,1.2026866648239316,1.1904418888520019,1.1904418888520019,0.0,0.0,0.0,0.0
2006-01-12,1.2106642626954456,1.2106642626954456,1.1990626478780306,1.1990626478780306,0.0,0.0,0.0,0.0
2006-01-13,1.6870329600105434,1.6870329600105434,1.668175450326546,1.668175450326546,0.0,0.0,0.0,0.0
2006-01-14,3.7240060370496795,3.7240060370496795,3.69598643365528,3.69598643365528,0.0,0.0,0.0,0.0
2006-01-15,3.043512034235609,3.043512034235609,3.02396737613836,3.02396737613836,0.0,0.0,0.0,0.0
2006-01-16,3.037810158442398,3.037810158442398,3.02396737613836,3.02396737613836,0.0,0.0,0.0,0.0
2006-01-17,3.0338265697927373,3.0338265697927373,3.0141810739502204,3.0141810739502204,0.0,0.0,0.0,0.0
2006-01-18,3.154117858998832,3.154117858998832,3.113385766293,3.113385766293,0.0,0.0,0.0,0.0
2006-01-19,2.957229567559683,2.957229567559683,2.92456537931598,2.92456537931598,0.0,0.0,0.0,0.0
2006-01-20,2.8680137769936827,2.8680137769936827,2.8429207856576,2.8429207856576,0.0,0.0,0.0,0.0
2006-01-21,2.816701840392112,2.816701840392112,2.79012210691668,2.79012210691668,0.0,0.0,0.0,0.0
2006-01-22,2.7622112459314354,2.7622112459314354,2.735735127115,2.735735127115,0.0,0.0,0.0,0.0
2006-01-23,2.7119165121340028,2.7119165121340028,2.6863399506472003,2.6863399506472003,0.0,0.0,0.0,0.0
2006-01-24,2.7056504624874766,2.7056504624874766,2.68144679955312,2.68144679955312,0.0,0.0,0.0,0.0
2006-01-25,2.6650975678686226,2.6650975678686226,2.64230159080052,2.64230159080052,0.0,0.0,0.0,0.0
2006-01-26,2.609641909968818,2.609641909968818,2.5884769287657003,2.5884769287657003,0.0,0.0,0.0,0.0
2006-01-27,2.534480275179878,2.534480275179878,2.51507966235456,2.51507966235456,0.0,0.0,0.0,0.0
2006-01-28,2.5087719817313676,2.5087719817313676,2.4906139068842004,2.4906139068842004,0.0,0.0,0.0,0.0
2006-01-29,2.477649388375245,2.477649388375245,2.461126752408,2.461126752408,0.0,0.0,0.0,0.0
2006-01-30,2.5124914055479306,2.5124914055479306,2.489726036726,2.489726036726,0.0,0.0,0.20067252265718274,0.20067252265718274
2006-01-31,2.4254348567423203,2.4254348567423203,2.40826888232322,2.40826888232322,0.0,0.0,0.40134504441535257,0.40134504441535257
2006-02-01,1.7973638026305978,1.7973638026305978,1.7860001493373858,1.7860001493373858,0.0,0.0,0.8026900870326792,0.8026900870326792
2006-02-02,1.9472552532338139,1.9472552532338139,1.937687833253712,1.937687833253712,0.0,0.0,1.6053801704693067,1.6053801704693067
2006-02-03,2.0005327683290686,2.0005327683290686,1.9915124952885384,1.9915124952885384,0.0,0.0,3.21076033374651,3.21076033374651
2006-02-04,1.9046581716440112,1.9046581716440112,1.896193478953734,1.896193478953734,0.0,0.0,6.421520653108813,6.421520653108813
2006-02-05,1.9083798370554343,1.9083798370554343,1.900751037826756,1.900751037826756,0.0,0.0,12.843041277449215,12.843041277449215
2006-02-06,4.411124839728349,4.411124839728349,16.544441348120422,16.544441348120422,0.0,0.0,0.2936324777199439,0.2936324777199439
2006-02-07,4.410187306107392,4.410187306107392,16.544441348120422,16.544441348120422,0.0,0.0,0.5872649541244143,0.5872649541244143
2006-02-08,4.409165968765308,4.409165968765308,16.544441348120422,16.544441348120422,0.0,0.0,1.1745299056178813,1.1745299056178813
2006-02-09,4.408161128719793,4.408161128719793,16.544441348120422,16.544441348120422,0.0,0.0,2.3490598059738685,2.3490598059738685
2006-02-10,4.40721314571668,4.40721314571668,16.544441348120422,16.544441348120422,0.0,0.0,4.698119601423949,4.698119601423949
2006-02-11,4.406279608679619,4.406279608679619,16.544441348120422,16.544441348120422,0.0,0.0,9.396239181800322,9.396239181800322
2006-02-12,4.4053857027087675,4.4053857027087675,16.544441348120422,16.544441348120422,0.0,0.0,18.79247832150549,18.79247832150549
2006-02-13,4.4045808756847205,4.4045808756847205,16.54444134981596,16.54444134981596,0.0,0.0,0.0,0.0
2006-02-14,4.403821903930676,4.403821903930676,16.54444134981596,16.54444134981596,0.0,0.0,0.0,0.0
2006-02-15,4.403141888369838,4.403141888369838,16.54444134981596,16.54444134981596,0.0,0.0,0.0,0.0
2006-02-16,4.402721904320617,4.402721904320617,16.54444134981596,16.54444134981596,0.0,0.0,0.0,0.0
2006-02-17,4.402640908507364,4.402640908507364,16.54444134981596,16.54444134981596,0.0,0.0,0.0,0.0
2006-02-18,4.409192024740052,4.409192024740052,16.54444134981596,16.54444134981596,0.0,0.0,0.0,0.0
2006-02-19,4.406335120004282,4.406335120004282,16.54444134981596,16.54444134981596,0.0,0.0,0.0,0.0
2006-02-20,4.402621465913553,4.402621465913553,16.544441351592788,16.544441351592788,0.0,0.0,0.0,0.0
2006-02-21,4.401929088749309,4.401929088749309,16.544441351592788,16.544441351592788,0.0,0.0,0.0,0.0
2006-02-22,4.4017963647510925,4.4017963647510925,16.544441351592788,16.544441351592788,0.0,0.0,0.0,0.0
2006-02-23,4.401668380635518,4.401668380635518,16.544441351592788,16.544441351592788,0.0,0.0,0.0,0.0
2006-02-24,4.401409870144606,4.401409870144606,16.544441351592788,16.544441351592788,0.0,0.0,0.0,0.0
2006-02-25,4.401062913603462,4.401062913603462,16.544441351592788,16.544441351592788,0.0,0.0,0.0,0.0
2006-02-26,4.407169505824958,4.407169505824958,16.544441351592788,16.544441351592788,0.0,0.0,0.0,0.0
2006-02-27,4.444825063653807,4.444825063653807,16.544441353459096,16.544441353459096,0.0,0.0,0.0,0.0
2006-02-28,4.436894463462132,4.436894463462132,16.544441353459096,16.544441353459096,0.0,0.0,0.0,0.0
2006-03-01,4.411786897436387,4.411786897436387,16.544441353459096,16.544441353459096,0.0,0.0,0.0,0.0
2006-03-02,4.419796563962895,4.419796563962895,16.544441353459096,16.544441353459096,0.0,0.0,0.0,0.0
2006-03-03,4.43298201728081,4.43298201728081,16.544441353459096,16.544441353459096,0.0,0.0,0.0,0.0
2006-03-04,4.42291472978352,4.42291472978352,16.544441353459096,16.544441353459096,0.0,0.0,0.0,0.0
2006-03-05,4.434132696845602,4.434132696845602,16.544441353459096,16.544441353459096,0.0,0.0,0.0,0.0
2006-03-06,4.433366620617478,4.433366620617478,16.54444135542437,16.54444135542437,0.0,0.0,0.0,0.0
2006-03-07,4.431283477245411,4.431283477245411,16.54444135542437,16.54444135542437,0.0,0.0,0.0,0.0
2006-03-08,4.431549483243342,4.431549483243342,16.54444135542437,16.54444135542437,0.0,0.0,0.0,0.0
2006-03-09,4.431538031926169,4.431538031926169,16.54444135542437,16.54444135542437,0.0,0.0,0.0,0.0
2006-03-10,4.433053072253265,4.433053072253265,16.54444135542437,16.54444135542437,0.0,0.0,0.0,0.0
2006-03-11,4.434623821301999,4.434623821301999,16.54444135542437,16.54444135542437,0.0,0.0,0.0,0.0
2006-03-12,4.433655944232061,4.433655944232061,16.54444135542437,16.54444135542437,0.0,0.0,0.0,0.0
2006-03-13,4.440545540411141,4.440545540411141,16.544441357499704,16.544441357499704,0.0,0.0,0.0,0.0
2006-03-14,4.447592893184932,4.447592893184932,16.544441357499704,16.544441357499704,0.0,0.0,0.0,0.0
2006-03-15,4.4416315429955455,4.4416315429955455,16.544441357499704,16.544441357499704,0.0,0.0,0.0,0.0
2006-03-16,4.44592960775836,4.44592960775836,16.544441357499704,16.544441357499704,0.0,0.0,0.0,0.0
2006-03-17,4.454873640858877,4.454873640858877,16.544441357499704,16.544441357499704,0.0,0.0,0.0,0.0
2006-03-18,4.450506225662988,4.450506225662988,16.544441357499704,16.544441357499704,0.0,0.0,0.0,0.0
2006-03-19,4.444998269997573,4.444998269997573,16.544441357499704,16.544441357499704,0.0,0.0,0.0,0.0
2006-03-20,4.455446840253547,4.455446840253547,16.544441359698155,16.544441359698155,0.0,0.0,4.746815989367132,4.746815989367132
2006-03-21,4.449942620148423,4.449942620148423,16.544441359698155,16.544441359698155,0.0,0.0,9.493631957468528,9.493631957468528
2006-03-22,4.443765598958657,4.443765598958657,16.544441359698155,16.544441359698155,0.0,0.0,18.987263872405585,18.987263872405585
2006-03-23,4.4420249255374715,4.4420249255374715,16.544441359698155,16.544441359698155,0.0,0.0,37.974527659748226,37.974527659748226
2006-03-24,4.445494301750176,4.445494301750176,16.544441359698155,16.544441359698155,0.0,0.0,75.94905514937055,75.94905514937055
2006-03-25,4.451582764959899,4.451582764959899,16.544441359698155,16.544441359698155,0.0,0.0,151.89810995848933,151.89810995848933
2006-03-26,4.444588686596704,4.444588686596704,16.544441359698155,16.544441359698155,0.0,0.0,31.4850060041056,31.4850060041056
2006-03-27,4.452132429443322,4.452132429443322,16.544441362035247,16.544441362035247,0.0,0.0,0.0,0.0
2006-03-28,4.482927037230414,4.482927037230414,16.544441362035247,16.544441362035247,0.0,0.0,0.0,0.0
2006-03-29,4.475099866144231,4.475099866144231,16.544441362035247,16.544441362035247,0.0,0.0,0.0,0.0
2006-03-30,4.4624600430593215,4.4624600430593215,16.544441362035247,16.544441362035247,0.0,0.0,0.0,0.0
2006-03-31,4.488784067666993,4.488784067666993,16.544441362035247,16.544441362035247,0.0,0.0,0.0,0.0
2006-04-01,4.484947616878172,4.484947616878172,16.544441362035247,16.544441362035247,0.0,0.0,0.0,0.0
2006-04-02,4.511880740880235,4.511880740880235,16.544441362035247,16.544441362035247,0.0,0.0,0.0,0.0
2006-04-03,4.669156399567746,4.669156399567746,16.544441364529636,16.544441364529636,0.0,0.0,0.0,0.0
2006-04-04,4.818878993450808,4.818878993450808,16.544441364529636,16.544441364529636,0.0,0.0,0.0,0.0
2006-04-05,4.562257127332737,4.562257127332737,16.544441364529636,16.544441364529636,0.0,0.0,0.0,0.0
2006-04-06,4.4791691176823365,4.4791691176823365,16.544441364529636,16.544441364529636,0.0,0.0,0.0,0.0
2006-04-07,4.475678145094243,4.475678145094243,16.544441364529636,16.544441364529636,0.0,0.0,0.0,0.0
2006-04-08,4.4761256952164645,4.4761256952164645,16.544441364529636,16.544441364529636,0.0,0.0,0.0,0.0
2006-04-09,4.485167058859839,4.485167058859839,16.544441364529636,16.544441364529636,0.0,0.0,0.0,0.0
2006-04-10,4.49224241928297,4.49224241928297,16.544441367204033,16.544441367204033,0.0,0.0,0.0,0.0
2006-04-11,4.489780016055654,4.489780016055654,15.814741991671799,15.814741991671799,0.0,0.0,0.0,0.0
2006-04-12,3.939238049899712,3.939238049899712,3.86558936431928,3.86558936431928,0.0,0.0,0.0,0.0
2006-04-13,4.2692720930174595,4.2692720930174595,4.19868043098366,4.19868043098366,0.0,0.0,0.0,0.0
2006-04-14,4.47620642209948,4.47620642209948,5.67908800339888,5.67908800339888,0.0,0.0,0.0,0.0
2006-04-15,4.4646018469010835,4.4646018469010835,5.1329154976847,5.1329154976847,0.0,0.0,0.0,0.0
2006-04-16,4.48590720337607,4.48590720337607,5.411825110046981,5.411825110046981,0.0,0.0,0.0,0.0
2006-04-17,4.30325515671375,4.30325515671375,4.23018009115176,4.23018009115176,0.0,0.0,4.746815989367132,4.746815989367132
2006-04-18,4.2426781076757285,4.2426781076757285,4.181962164745561,4.181962164745561,0.0,0.0,9.493631957468528,9.493631957468528
2006-04-19,4.462000251566156,4.462000251566156,4.521271610925321,4.521271610925321,0.0,0.0,18.987263872405585,18.987263872405585
2006-04-20,4.456116581196621,4.456116581196621,5.7472098412867,5.7472098412867,0.0,0.0,37.974527659748226,37.974527659748226
2006-04-21,4.4495053367248305,4.4495053367248305,8.38798232237032,8.38798232237032,0.0,0.0,10.524337185010525,10.524337185010525
2006-04-22,4.443381056077791,4.443381056077791,7.55897548935384,7.55897548935384,0.0,0.0,3.968345538,3.968345538
2006-04-23,4.44005720927179,4.44005720927179,5.489096121074258,5.489096121074258,0.0,0.0,3.448262886,3.448262886
2006-04-24,4.435010184712478,4.435010184712478,5.4308880111843205,5.4308880111843205,0.0,0.0,3.3762742539999997,3.3762742539999997
2006-04-25,4.4316371602174955,4.4316371602174955,7.05301856919408,7.05301856919408,0.0,0.0,3.678092712,3.678092712
2006-04-26,4.428026316431133,4.428026316431133,6.7621309307161,6.7621309307161,0.0,0.0,3.733474284,3.733474284
2006-04-27,4.42452381972329,4.42452381972329,7.25715471640002,7.25715471640002,0.0,0.0,4.149392128,4.149392128
2006-04-28,4.42101367673297,4.42101367673297,9.91250471011808,9.91250471011808,0.0,0.0,5.324638054,5.324638054
2006-04-29,4.417638936568475,4.417638936568475,13.1901513882899,13.1901513882899,0.0,0.0,6.628440404,6.628440404
2006-04-30,4.414530599582915,4.414530599582915,15.2470588091378,15.2470588091378,0.0,0.0,8.153175942,8.153175942
2006-05-01,4.411649628708121,4.411649628708121,18.989394032099423,18.989394032099423,0.0,0.0,4.746815989367132,4.746815989367132
2006-05-02,4.408911385589838,4.408911385589838,18.989394032099423,18.989394032099423,0.0,0.0,9.493631957468528,9.493631957468528
2006-05-03,4.40648481155052,4.40648481155052,18.989394032099423,18.989394032099423,0.0,0.0,11.501934947164342,11.501934947164342
2006-05-04,4.404491409648357,4.404491409648357,18.989394032099423,18.989394032099423,0.0,0.0,7.695405632,7.695405632
2006-05-05,4.40299971871446,4.40299971871446,18.989394032099423,18.989394032099423,0.0,0.0,6.369809388,6.369809388
2006-05-06,4.4017828336730025,4.4017828336730025,18.989394032099423,18.989394032099423,0.0,0.0,7.196551032,7.196551032
2006-05-07,4.400623659718718,4.400623659718718,18.989394032099423,18.989394032099423,0.0,0.0,8.365471734,8.365471734
2006-05-08,4.399532260502019,4.399532260502019,18.989394036414687,18.989394036414687,0.0,0.0,4.746815989367132,4.746815989367132
2006-05-09,4.398510350035025,4.398510350035025,18.989394036414687,18.989394036414687,0.0,0.0,9.493631957468528,9.493631957468528
2006-05-10,4.397650629559848,4.397650629559848,18.989394036414687,18.989394036414687,0.0,0.0,13.613199067164336,13.613199067164336
2006-05-11,4.396915842946519,4.396915842946519,18.989394036414687,18.989394036414687,0.0,0.0,11.198132688,11.198132688
2006-05-12,4.396302251295529,4.396302251295529,18.989394036414687,18.989394036414687,0.0,0.0,11.870440168,11.870440168
2006-05-13,4.395862521559202,4.395862521559202,18.989394036414687,18.989394036414687,0.0,0.0,12.425716675999999,12.425716675999999
2006-05-14,4.395588816656176,4.395588816656176,18.989394036414687,18.989394036414687,0.0,0.0,13.49129288,13.49129288
2006-05-15,4.3954594101596625,4.3954594101596625,18.98939404121717,18.98939404121717,0.0,0.0,0.0,0.0
2006-05-16,4.395424015013294,4.395424015013294,18.98939404121717,18.98939404121717,0.0,0.0,0.0,0.0
2006-05-17,4.395413771529826,4.395413771529826,18.98939404121717,18.98939404121717,0.0,0.0,0.0,0.0
2006-05-18,4.395403601069831,4.395403601069831,18.98939404121717,18.98939404121717,0.0,0.0,0.0,0.0
2006-05-19,4.395393393474476,4.395393393474476,18.98939404121717,18.98939404121717,0.0,0.0,0.0,0.0
2006-05-20,4.395384827696362,4.395384827696362,18.98939404121717,18.98939404121717,0.0,0.0,0.0,0.0
2006-05-21,4.4164692277035575,4.4164692277035575,18.98939404121717,18.98939404121717,0.0,0.0,0.0,0.0
2006-05-22,4.411935214222327,4.411935214222327,18.989394046630878,18.989394046630878,0.0,0.0,4.746815989367132,4.746815989367132
2006-05-23,4.395377634269365,4.395377634269365,18.989394046630878,18.989394046630878,0.0,0.0,9.493631957468528,9.493631957468528
2006-05-24,4.395379405442554,4.395379405442554,18.989394046630878,18.989394046630878,0.0,0.0,18.987263872405585,18.987263872405585
2006-05-25,4.3953773144715,4.3953773144715,18.989394046630878,18.989394046630878,0.0,0.0,37.974527659748226,37.974527659748226
2006-05-26,4.395373709349996,4.395373709349996,18.989394046630878,18.989394046630878,0.0,0.0,75.94905514937055,75.94905514937055
2006-05-27,4.395369805508788,4.395369805508788,18.989394046630878,18.989394046630878,0.0,0.0,31.675088095639982,31.675088095639982
2006-05-28,4.395366659597562,4.395366659597562,18.989394046630878,18.989394046630878,0.0,0.0,7.222291014,7.222291014
2006-05-29,4.395363179892571,4.395363179892571,18.989394052834076,18.989394052834076,0.0,0.0,0.0,0.0
2006-05-30,4.395358284322416,4.395358284322416,18.989394052834076,18.989394052834076,0.0,0.0,0.0,0.0
2006-05-31,4.395352129790023,4.395352129790023,18.989394052834076,18.989394052834076,0.0,0.0,0.0,0.0
2006-06-01,4.395410994044072,4.395410994044072,18.989394052834076,18.989394052834076,0.0,0.0,0.7810559982504345,0.7810559982504345
2006-06-02,4.395402342577941,4.395402342577941,18.989394052834076,18.989394052834076,0.0,0.0,0.7810559982504345,0.7810559982504345
2006-06-03,4.39539329856694,4.39539329856694,18.989394052834076,18.989394052834076,0.0,0.0,0.0,0.0
2006-06-04,4.395383549131579,4.395383549131579,18.989394052834076,18.989394052834076,0.0,0.0,0.7810559982504345,0.7810559982504345
2006-06-05,4.395373673793807,4.395373673793807,18.989394060096355,18.989394060096355,0.0,0.0,0.7810559982504345,0.7810559982504345
2006-06-06,4.3953641619162145,4.3953641619162145,18.989394060096355,18.989394060096355,0.0,0.0,0.7810559982504345,0.7810559982504345
2006-06-07,4.395354554751339,4.395354554751339,18.989394060096355,18.989394060096355,0.0,0.0,0.7810559982504345,0.7810559982504345
2006-06-08,4.395344621853825,4.395344621853825,18.989394060096355,18.989394060096355,0.0,0.0,0.7810559982504345,0.7810559982504345
2006-06-09,4.395334576824674,4.395334576824674,18.989394060096355,18.989394060096355,0.0,0.0,0.7810559982504345,0.7810559982504345
2006-06-10,4.395324915122832,4.395324915122832,18.989394060096355,18.989394060096355,0.0,0.0,0.7810559982504345,0.7810559982504345
2006-06-11,4.395315499034202,4.395315499034202,18.989394060096355,18.989394060096355,0.0,0.0,0.7810559982504345,0.7810559982504345
2006-06-12,4.395306285074633,4.395306285074633,18.989394068853816,18.989394068853816,0.0,0.0,0.7810559982504345,0.7810559982504345
2006-06-13,4.395298483173533,4.395298483173533,18.989394068853816,18.989394068853816,0.0,0.0,0.7810559982504345,0.7810559982504345
2006-06-14,4.39529248583449,4.39529248583449,18.989394068853816,18.989394068853816,0.0,0.0,0.7810559982504345,0.7810559982504345
2006-06-15,4.395285639346367,4.395285639346367,18.989394068853816,18.989394068853816,0.0,0.0,0.7810559982504345,0.7810559982504345
2006-06-16,4.3952770888034705,4.3952770888034705,18.989394068853816,18.989394068853816,0.0,0.0,0.7810559982504345,0.7810559982504345
2006-06-17,4.395267176160457,4.395267176160457,18.989394068853816,18.989394068853816,0.0,0.0,0.0,0.0
2006-06-18,4.395255511044285,4.395255511044285,18.989394068853816,18.989394068853816,0.0,0.0,0.7810559982504345,0.7810559982504345
2006-06-19,4.395243096349637,4.395243096349637,18.989394079881734,18.989394079881734,0.0,0.0,0.7810559982504345,0.7810559982504345
2006-06-20,4.39523108594804,4.39523108594804,18.989394079881734,18.989394079881734,0.0,0.0,0.7810559982504345,0.7810559982504345
2006-06-21,4.395219551954281,4.395219551954281,18.989394079881734,18.989394079881734,0.0,0.0,0.7810559982504345,0.7810559982504345
2006-06-22,4.395207520648858,4.395207520648858,18.989394079881734,18.989394079881734,0.0,0.0,0.7810559982504345,0.7810559982504345
2006-06-23,4.395195001597013,4.395195001597013,18.989394079881734,18.989394079881734,0.0,0.0,0.7810559982504345,0.7810559982504345
2006-06-24,4.395182418866846,4.395182418866846,18.989394079881734,18.989394079881734,0.0,0.0,0.7810559982504345,0.7810559982504345
2006-06-25,4.395170372112563,4.395170372112563,18.989394079881734,18.989394079881734,0.0,0.0,0.7810559982504345,0.7810559982504345
2006-06-26,4.395158847734851,4.395158847734851,14.422809744035275,14.422809744035275,0.0,0.0,0.7810559982504345,0.7810559982504345
2006-06-27,4.3951479305682835,4.3951479305682835,14.422809744035275,14.422809744035275,0.0,0.0,0.7810559982504345,0.7810559982504345
2006-06-28,4.3951380762549945,4.3951380762549945,14.422809744035275,14.422809744035275,0.0,0.0,0.7810559982504345,0.7810559982504345
2006-06-29,4.395128548990459,4.395128548990459,14.422809744035275,14.422809744035275,0.0,0.0,0.7810559982504345,0.7810559982504345
2006-06-30,4.395118761654509,4.395118761654509,14.422809744035275,14.422809744035275,0.0,0.0,0.7810559982504345,0.7810559982504345
2006-07-01,4.395216129457478,4.395216129457478,14.422809744035275,14.422809744035275,0.0,0.0,0.0,0.0
2006-07-02,4.395204487981915,4.395204487981915,14.422809744035275,14.422809744035275,0.0,0.0,0.7810559982504345,0.7810559982504345
2006-07-03,4.395192978601595,4.395192978601595,11.20603727997591,11.20603727997591,0.0,0.0,0.7810559982504345,0.7810559982504345
2006-07-04,4.395181794071405,4.395181794071405,11.20603727997591,11.20603727997591,0.0,0.0,0.7810559982504345,0.7810559982504345
2006-07-05,4.39517120165458,4.39517120165458,11.20603727997591,11.20603727997591,0.0,0.0,0.7810559982504345,0.7810559982504345
2006-07-06,4.395161414858704,4.395161414858704,11.20603727997591,11.20603727997591,0.0,0.0,0.7810559982504345,0.7810559982504345
2006-07-07,4.3951523262733385,4.3951523262733385,11.20603727997591,11.20603727997591,0.0,0.0,0.7810559982504345,0.7810559982504345
2006-07-08,4.395143548169509,4.395143548169509,11.20603727997591,11.20603727997591,0.0,0.0,0.7810559982504345,0.7810559982504345
2006-07-09,4.3951348621492246,4.3951348621492246,11.20603727997591,11.20603727997591,0.0,0.0,0.7810559982504345,0.7810559982504345
2006-07-10,4.39512654562705,4.39512654562705,9.409882214585432,9.409882214585432,0.0,0.0,0.7810559982504345,0.7810559982504345
2006-07-11,4.395118789724499,4.395118789724499,9.409882214585432,9.409882214585432,0.0,0.0,0.7810559982504345,0.7810559982504345
2006-07-12,4.395111685285545,4.395111685285545,9.409882214585432,9.409882214585432,0.0,0.0,0.7810559982504345,0.7810559982504345
2006-07-13,4.39510535671192,4.39510535671192,9.409882214585432,9.409882214585432,0.0,0.0,0.7810559982504345,0.7810559982504345
2006-07-14,4.395099562063409,4.395099562063409,9.409882214585432,9.409882214585432,0.0,0.0,0.7810559982504345,0.7810559982504345
2006-07-15,4.395094107650113,4.395094107650113,9.409882214585432,9.409882214585432,0.0,0.0,0.0,0.0
2006-07-16,4.395089304112634,4.395089304112634,9.409882214585432,9.409882214585432,0.0,0.0,0.7810559982504345,0.7810559982504345
2006-07-17,4.282052536463795,4.282052536463795,4.2913799356044,4.2913799356044,0.0,0.0,0.7810559982504345,0.7810559982504345
2006-07-18,4.395082208670784,4.395082208670784,4.404412790134115,4.404412790134115,0.0,0.0,0.7810559982504345,0.7810559982504345
2006-07-19,4.395079321138008,4.395079321138008,4.404412790134115,4.404412790134115,0.0,0.0,0.7810559982504345,0.7810559982504345
2006-07-20,4.395076713875277,4.395076713875277,4.404412790134115,4.404412790134115,0.0,0.0,0.7810559982504345,0.7810559982504345
2006-07-21,4.3950744250203755,4.3950744250203755,4.404412790134115,4.404412790134115,0.0,0.0,0.7810559982504345,0.7810559982504345
2006-07-22,4.395072284660355,4.395072284660355,4.404412790134115,4.404412790134115,0.0,0.0,0.7810559982504345,0.7810559982504345
2006-07-23,4.3950706185008235,4.3950706185008235,4.404412790134115,4.404412790134115,0.0,0.0,0.7810559982504345,0.7810559982504345
2006-07-24,4.395069449232406,4.395069449232406,4.404412790134115,4.404412790134115,0.0,0.0,0.7810559982504345,0.7810559982504345
2006-07-25,4.3950683414907505,4.3950683414907505,4.404412790134115,4.404412790134115,0.0,0.0,0.7810559982504345,0.7810559982504345
2006-07-26,4.218336960814284,4.218336960814284,4.227682545280819,4.227682545280819,0.0,0.0,0.7810559982504345,0.7810559982504345
2006-07-27,3.9639660127224126,3.9639660127224126,3.9733126775687793,3.9733126775687793,0.0,0.0,0.7810559982504345,0.7810559982504345
2006-07-28,3.9009212369155395,3.9009212369155395,3.91026896372464,3.91026896372464,0.0,0.0,0.7810559982504345,0.7810559982504345
2006-07-29,3.660514527476001,3.660514527476001,3.66986332055628,3.66986332055628,0.0,0.0,0.0,0.0
2006-07-30,3.26571221171483,3.26571221171483,3.27506198948906,3.27506198948906,0.0,0.0,0.7810559982504345,0.7810559982504345
2006-07-31,2.623164649017294,2.623164649017294,2.63251528861236,2.63251528861236,0.0,0.0,0.7810559982504345,0.7810559982504345
2006-08-01,2.1543680334520494,2.15436803345205,2.163451396913389,2.1634513969133895,0.0,0.0,0.7810559982504345,0.7810559982504345
2006-08-02,2.154384253950657,2.154384253950657,2.16346874614605,2.16346874614605,0.0,0.0,0.7810559982504345,0.7810559982504345
2006-08-03,2.154399864514911,2.154399864514911,2.1634854680005846,2.1634854680005846,0.0,0.0,0.7810559982504345,0.7810559982504345
2006-08-04,2.154413551530882,2.154413551530882,2.16350008132383,2.16350008132383,0.0,0.0,0.7810559982504345,0.7810559982504345
2006-08-05,2.154423859825671,2.154423859825671,2.1635109841085285,2.1635109841085285,0.0,0.0,0.7810559982504345,0.7810559982504345
2006-08-06,2.154431932822691,2.154431932822691,2.1635194918734673,2.1635194918734673,0.0,0.0,0.7810559982504345,0.7810559982504345
2006-08-07,2.1757172395653526,2.1757172395653526,2.1848052180443154,2.1848052180443154,0.0,0.0,0.7810559982504345,0.7810559982504345
2006-08-08,2.175724426697194,2.175724426697194,2.1848128085120466,2.1848128085120466,0.0,0.0,0.7810559982504345,0.7810559982504345
2006-08-09,2.175731181687347,2.175731181687347,2.18481995644332,2.18481995644332,0.0,0.0,0.7810559982504345,0.7810559982504345
2006-08-10,2.17573771158842,2.17573771158842,2.1848269184595295,2.1848269184595295,0.0,0.0,0.7810559982504345,0.7810559982504345
2006-08-11,2.175744004758984,2.175744004758984,2.184833674227148,2.184833674227148,0.0,0.0,0.7810559982504345,0.7810559982504345
2006-08-12,2.1757501470352207,2.1757501470352207,2.1848402750616867,2.1848402750616867,0.0,0.0,0.0,0.0
2006-08-13,2.1757561227802613,2.1757561227802613,2.184846640574542,2.184846640574542,0.0,0.0,0.7810559982504345,0.7810559982504345
2006-08-14,2.191812682746534,2.191812682746534,2.200903451373043,2.200903451373043,0.0,0.0,0.7810559982504345,0.7810559982504345
2006-08-15,2.1918173020209317,2.1918173020209317,2.2009082382399816,2.2009082382399816,0.0,0.0,0.7810559982504345,0.7810559982504345
2006-08-16,2.191821418700046,2.191821418700046,2.2009125161744336,2.2009125161744336,0.0,0.0,0.7810559982504345,0.7810559982504345
2006-08-17,2.191825291169259,2.191825291169259,2.2009165474186627,2.2009165474186627,0.0,0.0,0.7810559982504345,0.7810559982504345
2006-08-18,2.1918290056505594,2.1918290056505594,2.2009204206154016,2.2009204206154016,0.0,0.0,0.7810559982504345,0.7810559982504345
2006-08-19,2.1918325576984,2.1918325576984,2.200924131378681,2.200924131378681,0.0,0.0,0.7810559982504345,0.7810559982504345
2006-08-20,2.1918360624322895,2.1918360624322895,2.200927794755888,2.200927794755888,0.0,0.0,0.7810559982504345,0.7810559982504345
2006-08-21,2.191839537233996,2.191839537233996,2.2009314282009123,2.2009314282009123,0.0,0.0,0.7810559982504345,0.7810559982504345
2006-08-22,2.19184297344917,2.19184297344917,2.200935022987284,2.200935022987284,0.0,0.0,0.7810559982504345,0.7810559982504345
2006-08-23,2.191846461429688,2.191846461429688,2.2009386695389996,2.2009386695389996,0.0,0.0,0.7810559982504345,0.7810559982504345
2006-08-24,2.191850014512193,2.191850014512193,2.200942381120581,2.200942381120581,0.0,0.0,0.7810559982504345,0.7810559982504345
2006-08-25,2.191853534640361,2.191853534640361,2.200946059747826,2.200946059747826,0.0,0.0,0.7810559982504345,0.7810559982504345
2006-08-26,2.191856930565022,2.191856930565022,2.2009496140994433,2.2009496140994433,0.0,0.0,0.0,0.0
2006-08-27,2.1918602674933836,2.1918602674933836,2.200953109454761,2.200953109454761,0.0,0.0,0.7810559982504345,0.7810559982504345
2006-08-28,2.151981224575613,2.151981224575613,2.161074224891826,2.161074224891826,0.0,0.0,0.7810559982504345,0.7810559982504345
2006-08-29,2.151984261732038,2.151984261732038,2.1610774204030867,2.1610774204030867,0.0,0.0,0.7810559982504345,0.7810559982504345
2006-08-30,2.151986949721556,2.151986949721556,2.16108026667532,2.16108026667532,0.0,0.0,0.7810559982504345,0.7810559982504345
2006-08-31,2.1519893096144838,2.1519893096144838,2.161082784850963,2.161082784850963,0.0,0.0,0.7810559982504345,0.7810559982504345
2006-09-01,2.1525215192307563,2.1525215192307563,2.161660309481297,2.161660309481297,0.0,0.0,0.7810559982504345,0.7810559982504345
2006-09-02,2.1525236780219976,2.1525236780219976,2.1616626161117742,2.1616626161117742,0.0,0.0,0.7810559982504345,0.7810559982504345
2006-09-03,2.152525585021154,2.152525585021154,2.161664670994135,2.161664670994135,0.0,0.0,0.7810559982504345,0.7810559982504345
2006-09-04,2.192409572928571,2.192409572928571,2.2015488066733697,2.2015488066733697,0.0,0.0,0.7810559982504345,0.7810559982504345
2006-09-05,2.192411288468258,2.192411288468258,2.201550670028843,2.201550670028843,0.0,0.0,0.7810559982504345,0.7810559982504345
2006-09-06,2.192413003688277,2.192413003688277,2.2015525329532615,2.2015525329532615,0.0,0.0,0.7810559982504345,0.7810559982504345
2006-09-07,2.1924147184055696,2.1924147184055696,2.201554395363229,2.201554395363229,0.0,0.0,0.7810559982504345,0.7810559982504345
2006-09-08,2.192416432999913,2.192416432999913,2.201556257650247,2.201556257650247,0.0,0.0,0.7810559982504345,0.7810559982504345
2006-09-09,2.192418146864757,2.192418146864757,2.2015581191403477,2.2015581191403477,0.0,0.0,0.0,0.0
2006-09-10,2.1924198606066514,2.1924198606066514,2.201559980507499,2.201559980507499,0.0,0.0,0.7810559982504345,0.7810559982504345
2006-09-11,2.1924215741627555,2.1924215741627555,2.201561841633166,2.201561841633166,0.0,0.0,0.7810559982504345,0.7810559982504345
2006-09-12,2.1924232868063025,2.1924232868063025,2.2015637018228267,2.2015637018228267,0.0,0.0,0.7810559982504345,0.7810559982504345
2006-09-13,2.192424999540012,2.192424999540012,2.201565562058682,2.201565562058682,0.0,0.0,0.7810559982504345,0.7810559982504345
2006-09-14,2.1866950115921404,2.1866950115921404,2.195330688434446,2.195330688434446,0.0,0.0,0.7810559982504345,0.7810559982504345
2006-09-15,2.192428423277944,2.192428423277944,2.2015692807100358,2.2015692807100358,0.0,0.0,0.7810559982504345,0.7810559982504345
2006-09-16,2.192430134713855,2.192430134713855,2.2015711395689492,2.2015711395689492,0.0,0.0,0.7810559982504345,0.7810559982504345
2006-09-17,2.192431845496768,2.192431845496768,2.201572997707446,2.201572997707446,0.0,0.0,0.7810559982504345,0.7810559982504345
2006-09-18,2.1465935135234995,2.1465935135234995,2.1557348130340683,2.1557348130340683,0.0,0.0,0.7810559982504345,0.7810559982504345
2006-09-19,2.1465952235687165,2.1465952235687165,2.155736670367451,2.155736670367451,0.0,0.0,0.7810559982504345,0.7810559982504345
2006-09-20,2.146596933466394,2.146596933466394,2.1557385275532943,2.1557385275532943,0.0,0.0,0.7810559982504345,0.7810559982504345
2006-09-21,2.146598643109977,2.146598643109977,2.1557403844293495,2.1557403844293495,0.0,0.0,0.7810559982504345,0.7810559982504345
2006-09-22,2.1466003518164123,2.1466003518164123,2.1557422403448077,2.1557422403448077,0.0,0.0,0.7810559982504345,0.7810559982504345
2006-09-23,2.146602060541973,2.146602060541973,2.155744096235423,2.155744096235423,0.0,0.0,0.0,0.0
2006-09-24,2.1466037688713633,2.1466037688713633,2.1557459517181425,2.1557459517181425,0.0,0.0,0.7810559982504345,0.7810559982504345
2006-09-25,2.0980922151504453,2.0980922151504453,2.107234545083136,2.107234545083136,0.0,0.0,0.7810559982504345,0.7810559982504345
2006-09-26,2.0980939225809396,2.0980939225809396,2.107236399599542,2.107236399599542,0.0,0.0,0.7810559982504345,0.7810559982504345
2006-09-27,2.0980956295606195,2.0980956295606195,2.1072382535977146,2.1072382535977146,0.0,0.0,0.7810559982504345,0.7810559982504345
2006-09-28,2.098097336220631,2.098097336220631,2.1072401072205262,2.1072401072205262,0.0,0.0,0.7810559982504345,0.7810559982504345
2006-09-29,2.0980990426183506,2.0980990426183506,2.1072419605810455,2.1072419605810455,0.0,0.0,0.7810559982504345,0.7810559982504345
2006-09-30,2.098100748548863,2.098100748548863,2.107243813462633,2.107243813462633,0.0,0.0,0.7810559982504345,0.7810559982504345
2006-10-01,2.095689075861507,2.095689075861507,2.104562528357168,2.104562528357168,0.0,0.0,0.7810559982504345,0.7810559982504345
2006-10-02,2.127776869638721,2.127776869638721,2.137049698855324,2.137049698855324,0.0,0.0,0.7810559982504345,0.7810559982504345
2006-10-03,2.1193809494002305,2.1193809494002305,2.1275398866529964,2.1275398866529964,0.0,0.0,0.7810559982504345,0.7810559982504345
2006-10-04,2.03957322436145,2.03957322436145,2.0418286146607207,2.0418286146607207,0.0,0.0,0.7810559982504345,0.7810559982504345
2006-10-05,2.0709458336028717,2.0709458336028717,2.0756681593404105,2.0756681593404105,0.0,0.0,0.7810559982504345,0.7810559982504345
2006-10-06,2.1280005347205524,2.1280005347205524,2.13727383215939,2.13727383215939,0.0,0.0,0.7810559982504345,0.7810559982504345
2006-10-07,2.12814211810352,2.12814211810352,2.1374155311670617,2.1374155311670617,0.0,0.0,0.0,0.0
2006-10-08,2.128143391315092,2.128143391315092,2.1374169195070754,2.1374169195070754,0.0,0.0,0.7810559982504345,0.7810559982504345
2006-10-09,2.074099128840481,2.074099128840481,2.0833727719268187,2.0833727719268187,0.0,0.0,0.7810559982504345,0.7810559982504345
2006-10-10,2.074100400369784,2.074100400369784,2.0833741583411127,2.0833741583411127,0.0,0.0,0.7810559982504345,0.7810559982504345
2006-10-11,2.074101676902256,2.074101676902256,2.083375549812416,2.083375549812416,0.0,0.0,0.7810559982504345,0.7810559982504345
2006-10-12,2.074102959079385,2.074102959079385,2.083376947000943,2.083376947000943,0.0,0.0,0.7810559982504345,0.7810559982504345
2006-10-13,2.0741042481797827,2.0741042481797827,2.083378351239145,2.083378351239145,0.0,0.0,0.7810559982504345,0.7810559982504345
2006-10-14,2.0741055444238237,2.0741055444238237,2.083379762738034,2.083379762738034,0.0,0.0,0.7810559982504345,0.7810559982504345
2006-10-15,2.0741068469867385,2.0741068469867385,2.083381180682203,2.083381180682203,0.0,0.0,0.7810559982504345,0.7810559982504345
2006-10-16,2.1179403372239163,2.1179403372239163,2.1272147863732025,2.1272147863732025,0.0,0.0,0.7810559982504345,0.7810559982504345
2006-10-17,2.1179416484250977,2.1179416484250977,2.127216213100772,2.127216213100772,0.0,0.0,0.7810559982504345,0.7810559982504345
2006-10-18,2.1179429626438906,2.1179429626438906,2.1272176429442697,2.1272176429442697,0.0,0.0,0.7810559982504345,0.7810559982504345
2006-10-19,2.117944279679557,2.117944279679557,2.127219075614004,2.127219075614004,0.0,0.0,0.7810559982504345,0.7810559982504345
2006-10-20,2.117945599918299,2.117945599918299,2.1272205115149045,2.1272205115149045,0.0,0.0,0.7810559982504345,0.7810559982504345
2006-10-21,2.1179469235455803,2.1179469235455803,2.1272219509120243,2.1272219509120243,0.0,0.0,0.0,0.0
2006-10-22,2.117948250888691,2.117948250888691,2.12722339409754,2.12722339409754,0.0,0.0,0.7810559982504345,0.7810559982504345
2006-10-23,2.0119864024062513,2.0119864024062513,2.021261661520709,2.021261661520709,0.0,0.0,0.7810559982504345,0.7810559982504345
2006-10-24,2.011987735586029,2.011987735586029,2.021263110669298,2.021263110669298,0.0,0.0,0.7810559982504345,0.7810559982504345
2006-10-25,2.0119890711484754,2.0119890711484754,2.02126456226376,2.02126456226376,0.0,0.0,0.7810559982504345,0.7810559982504345
2006-10-26,2.011990408303732,2.011990408303732,2.021266015460395,2.021266015460395,0.0,0.0,0.7810559982504345,0.7810559982504345
2006-10-27,2.011991746595775,2.011991746595775,2.0212674697938167,2.0212674697938167,0.0,0.0,0.7810559982504345,0.7810559982504345
2006-10-28,2.011993086500265,2.011993086500265,2.0212689258028886,2.0212689258028886,0.0,0.0,0.7810559982504345,0.7810559982504345
2006-10-29,2.0119944274979034,2.0119944274979034,2.021270382869996,2.021270382869996,0.0,0.0,0.7810559982504345,0.7810559982504345
2006-10-30,1.7558115380373842,1.7558115380373842,1.765087609523422,1.765087609523422,0.0,0.0,0.7810559982504345,0.7810559982504345
2006-10-31,1.7558128804205486,1.7558128804205486,1.765089068020532,1.765089068020532,0.0,0.0,0.7810559982504345,0.7810559982504345
2006-11-01,1.7495575117975133,1.7495575117975133,1.758322066316131,1.758322066316131,0.0,0.0,1.562111993001738,1.562111993001738
2006-11-02,1.7553771872350523,1.7553771872350523,1.7646162521078643,1.7646162521078643,0.0,0.0,3.1242239790052144,3.1242239790052144
2006-11-03,1.750514570193343,1.750514570193343,1.7592497777822955,1.7592497777822955,0.0,0.0,6.248447944013906,6.248447944013906
2006-11-04,1.7553800702516085,1.7553800702516085,1.7646193842837465,1.7646193842837465,0.0,0.0,12.496895860034765,12.496895860034765
2006-11-05,1.7553815115854212,1.7553815115854212,1.7646209501444619,1.7646209501444619,0.0,0.0,24.993791664083435,24.993791664083435
2006-11-06,1.407704468516814,1.407704468516814,1.4169440316027573,1.4169440316027573,0.0,0.0,0.0,0.0
2006-11-07,1.407705910040314,1.407705910040314,1.41694559765316,1.41694559765316,0.0,0.0,0.0,0.0
2006-11-08,1.4029643246050827,1.4029643246050827,1.411605568210621,1.411605568210621,0.0,0.0,0.0,0.0
2006-11-09,1.4072417972951416,1.4072417972951416,1.4164817339140574,1.4164817339140574,0.0,0.0,0.0,0.0
2006-11-10,1.4077093608675992,1.4077093608675992,1.4169493953066492,1.4169493953066492,0.0,0.0,0.0,0.0
2006-11-11,1.4029639720072329,1.4029639720072329,1.4121143602564081,1.4121143602564081,0.0,0.0,0.0,0.0
2006-11-12,1.4050432102413177,1.4050432102413177,1.414100981249263,1.414100981249263,0.0,0.0,0.0,0.0
2006-11-13,1.4217456030241777,1.4217456030241777,1.4179051370470477,1.4179051370470477,0.0,0.0,0.0,0.0
2006-11-14,1.4810796606051595,1.4810796606051595,1.4821927094292118,1.4821927094292118,0.0,0.0,0.0,0.0
2006-11-15,1.575811306144724,1.575811306144724,1.5850519719764993,1.5850519719764993,0.0,0.0,0.0,0.0
2006-11-16,1.5758119588790647,1.5758119588790647,1.5850527143958362,1.5850527143958362,0.0,0.0,0.0,0.0
2006-11-17,1.5758124220059404,1.5758124220059404,1.585053258022389,1.585053258022389,0.0,0.0,0.0,0.0
2006-11-18,1.575812802347283,1.575812802347283,1.5850537145596744,1.5850537145596744,0.0,0.0,0.0,0.0
2006-11-19,1.5758131503200465,1.5758131503200465,1.5850541368114226,1.5850541368114226,0.0,0.0,0.0,0.0
2006-11-20,1.4200603595519974,1.4200603595519974,1.4293014197043088,1.4293014197043088,0.0,0.0,0.0,0.0
2006-11-21,1.4200607166180321,1.4200607166180321,1.4293018508608986,1.4293018508608986,0.0,0.0,0.0,0.0
2006-11-22,1.4200610895686037,1.4200610895686037,1.4293022982738597,1.4293022982738597,0.0,0.0,0.0,0.0
2006-11-23,1.4200614751837157,1.4200614751837157,1.429302758577477,1.429302758577477,0.0,0.0,0.0,0.0
2006-11-24,1.42006187229246,1.42006187229246,1.4293032304752222,1.4293032304752222,0.0,0.0,0.0,0.0
2006-11-25,1.4198846149184834,1.4198846149184834,1.4291260484153374,1.4291260484153374,0.0,0.0,0.0,0.0
2006-11-26,1.3712063403485746,1.3712063403485746,1.3763050554107656,1.3763050554107656,0.0,0.0,0.0,0.0
2006-11-27,1.4512803370127767,1.4512803370127767,1.4562053811810383,1.4562053811810383,0.0,0.0,0.0,0.0
2006-11-28,1.4920435585375391,1.4920435585375391,1.5005726344293722,1.5005726344293722,0.0,0.0,0.0,0.0
2006-11-29,1.499213736503574,1.499213736503574,1.5083746644670915,1.5083746644670915,0.0,0.0,0.0,0.0
2006-11-30,1.5004895941332894,1.5004895941332894,1.5097312234412548,1.5097312234412548,0.0,0.0,0.0,0.0
2006-12-01,1.500137955134306,1.500137955134306,1.5093498323901107,1.5093498323901107,0.0,0.0,0.0,0.0
2006-12-02,1.5001354206739308,1.5001354206739308,1.5093472514521686,1.5093472514521686,0.0,0.0,0.0,0.0
2006-12-03,1.5001328056374834,1.5001328056374834,1.5093445828030447,1.5093445828030447,0.0,0.0,0.0,0.0
2006-12-04,1.4231046936548648,1.4231046936548648,1.432316414828497,1.432316414828497,0.0,0.0,0.0,0.0
2006-12-05,1.42310218818528,1.42310218818528,1.4323138545142173,1.4323138545142173,0.0,0.0,0.0,0.0
2006-12-06,1.4230998068853804,1.4230998068853804,1.4323114213476633,1.4323114213476633,0.0,0.0,0.0,0.0
2006-12-07,1.4230975712086968,1.4230975712086968,1.4323091381495088,1.4323091381495088,0.0,0.0,0.0,0.0
2006-12-08,1.3747822094334294,1.3747822094334294,1.378955632593957,1.378955632593957,0.0,0.0,0.0,0.0
2006-12-09,1.3654367505070164,1.3654367505070164,1.3680607099124316,1.3680607099124316,0.0,0.0,0.0,0.0
2006-12-10,1.1637805580752718,1.1637805580752718,1.148819053931364,1.148819053931364,0.0,0.0,0.0,0.0
2006-12-11,1.169110004624573,1.169110004624573,1.1525791365055509,1.1525791365055509,0.0,0.0,0.0,0.0
2006-12-12,1.2505577825034855,1.2505577825034855,1.2430282594494462,1.2430282594494462,0.0,0.0,0.0,0.0
2006-12-13,1.3940760711834128,1.3940760711834128,1.4002118577565137,1.4002118577565137,0.0,0.0,0.0,0.0
2006-12-14,1.4284533471546166,1.4284533471546166,1.4376092819129165,1.4376092819129165,0.0,0.0,0.0,0.0
2006-12-15,1.4105315416490232,1.4105315416490232,1.417864787248182,1.417864787248182,0.0,0.0,0.0,0.0
2006-12-16,1.4280118050153578,1.4280118050153578,1.4371462618890447,1.4371462618890447,0.0,0.0,0.0,0.0
2006-12-17,1.4084009594892184,1.4084009594892184,1.4158899919792378,1.4158899919792378,0.0,0.0,0.0,0.0
2006-12-18,1.422067432359299,1.422067432359299,1.4300538834192023,1.4300538834192023,0.0,0.0,0.0,0.0
2006-12-19,1.434742862069951,1.434742862069951,1.443722131264187,1.443722131264187,0.0,0.0,0.0,0.0
2006-12-20,1.4348654402898402,1.4348654402898402,1.4439766624708639,1.4439766624708639,0.0,0.0,0.0,0.0
2006-12-21,1.3562631777023788,1.3562631777023788,1.3573036385897221,1.3573036385897221,0.0,0.0,0.0,0.0
2006-12-22,1.251185699773306,1.251185699773306,1.2423758500300208,1.2423758500300208,0.0,0.0,0.0,0.0
2006-12-23,1.3699219269423324,1.3699219269423324,1.373043013520084,1.373043013520084,0.0,0.0,0.0,0.0
2006-12-24,1.4366966280520592,1.4366966280520592,1.445779155011838,1.445779155011838,0.0,0.0,0.0,0.0
2006-12-25,1.4382963582410369,1.4382963582410369,1.4473688855424747,1.4473688855424747,0.0,0.0,0.0,0.0
2006-12-26,1.3300194900848858,1.3300194900848858,1.3281342276502013,1.3281342276502013,0.0,0.0,0.0,0.0
2006-12-27,1.362947024925558,1.362947024925558,1.364000173876048,1.364000173876048,0.0,0.0,0.0,0.0
2006-12-28,1.4211191858832757,1.4211191858832757,1.4282860137290845,1.4282860137290845,0.0,0.0,0.0,0.0
2006-12-29,1.4361321378468537,1.4361321378468537,1.4450095440370752,1.4450095440370752,0.0,0.0,0.0,0.0
2006-12-30,1.4361436102500786,1.4361436102500786,1.4451735776444088,1.4451735776444088,0.0,0.0,0.0,0.0
2006-12-31,1.436388196769794,1.436388196769794,1.4454119872684463,1.4454119872684463,0.0,0.0,0.0,0.0
2007-01-01,1.427238724294982,1.427238724294982,1.4364928887921231,1.4364928887921231,0.0,0.0,9.129049155779425,9.129049155779425
2007-01-02,1.4272082467718914,1.4272082467718914,1.4364595841285277,1.4364595841285277,0.0,0.0,18.25809827066071,18.25809827066071
2007-01-03,1.3762543531358613,1.3762543531358613,1.3814508644461283,1.3814508644461283,0.0,0.0,36.51619645952514,36.51619645952514
2007-01-04,1.2033030032328258,1.2033030032328258,1.1920211913751937,1.1920211913751937,0.0,0.0,73.03239275545772,73.03239275545772
2007-01-05,1.3092927457125716,1.3092927457125716,1.307260868463169,1.307260868463169,0.0,0.0,146.0647851837303,146.0647851837303
2007-01-06,1.424613834549066,1.424613834549066,1.4336744856612063,1.4336744856612063,0.0,0.0,119.25560305714646,119.25560305714646
2007-01-07,1.4267845934564674,1.4267845934564674,1.4359958692028323,1.4359958692028323,0.0,0.0,0.219485808,0.219485808
2007-01-08,1.4122320487192492,1.4122320487192492,1.421435785900676,1.421435785900676,0.0,0.0,0.0,0.0
2007-01-09,1.412174797750395,1.412174797750395,1.4213735514329788,1.4213735514329788,0.0,0.0,0.0,0.0
2007-01-10,1.4121362592068654,1.4121362592068654,1.4213318220094284,1.4213318220094284,0.0,0.0,0.0,0.0
2007-01-11,1.4121083325169945,1.4121083325169945,1.4213016853230422,1.4213016853230422,0.0,0.0,0.0,0.0
2007-01-12,1.412080194156658,1.412080194156658,1.4212712177141087,1.4212712177141087,0.0,0.0,0.0,0.0
2007-01-13,1.4120510922022114,1.4120510922022114,1.4212396132478848,1.4212396132478848,0.0,0.0,0.0,0.0
2007-01-14,1.4120254744115057,1.4120254744115057,1.4212118028152723,1.4212118028152723,0.0,0.0,0.0,0.0
2007-01-15,1.005172048296608,1.005172048296608,1.0143564372002432,1.0143564372002432,0.0,0.0,0.0,0.0
2007-01-16,1.0051519006042255,1.0051519006042255,1.0143345633259413,1.0143345633259413,0.0,0.0,0.0,0.0
2007-01-17,1.0051352830702807,1.0051352830702807,1.014316532571702,1.014316532571702,0.0,0.0,0.0,0.0
2007-01-18,1.0051221140050004,1.0051221140050004,1.014302281386781,1.014302281386781,0.0,0.0,0.0,0.0
2007-01-19,1.0051120749403615,1.0051120749403615,1.0142914548469038,1.0142914548469038,0.0,0.0,0.0,0.0
2007-01-20,1.0051057062425555,1.0051057062425555,1.01428464443417,1.01428464443417,0.0,0.0,0.0,0.0
2007-01-21,1.005100932001299,1.005100932001299,1.0142795777346003,1.0142795777346003,0.0,0.0,0.0,0.0
2007-01-22,1.4144800979098193,1.4144800979098193,1.42365842555429,1.42365842555429,0.0,0.0,0.0,0.0
2007-01-23,1.4144768972895712,1.4144768972895712,1.4236550696390449,1.4236550696390449,0.0,0.0,0.0,0.0
2007-01-24,1.414478701955975,1.414478701955975,1.4236572231428173,1.4236572231428173,0.0,0.0,0.0,0.0
2007-01-25,1.4144871260521528,1.4144871260521528,1.4236666442922121,1.4236666442922121,0.0,0.0,0.0,0.0
2007-01-26,1.4144991679126147,1.4144991679126147,1.4236800361233473,1.4236800361233473,0.0,0.0,0.0,0.0
2007-01-27,1.40841338271815,1.40841338271815,1.4171107760034711,1.4171107760034711,0.0,0.0,0.0,0.0
2007-01-28,1.3890781999935782,1.3890781999935782,1.3960988734598223,1.3960988734598223,0.0,0.0,0.0,0.0
2007-01-29,1.3418850751843299,1.3418850751843299,1.3509592078127348,1.3509592078127348,0.0,0.0,0.0,0.0
2007-01-30,1.3455608134979795,1.3455608134979795,1.3547423293091485,1.3547423293091485,0.0,0.0,0.0,0.0
2007-01-31,1.3455665671380836,1.3455665671380836,1.3547487696880331,1.3547487696880331,0.0,0.0,0.0,0.0
2007-02-01,1.3465255633057993,1.3465255633057993,1.3557925010855996,1.3557925010855996,0.0,0.0,0.0,0.0
2007-02-02,1.3461025292072732,1.3461025292072732,1.3553322947261317,1.3553322947261317,0.0,0.0,0.0,0.0
2007-02-03,1.3464989638345457,1.3464989638345457,1.355766451456363,1.355766451456363,0.0,0.0,0.0,0.0
2007-02-04,1.346535143216087,1.346535143216087,1.3558033634584306,1.3558033634584306,0.0,0.0,0.0,0.0
2007-02-05,2.883678181041707,2.883678181041707,2.892947779755699,2.892947779755699,0.0,0.0,0.0,0.0
2007-02-06,2.8836763797395433,2.8836763797395433,2.892947779755699,2.892947779755699,0.0,0.0,0.0,0.0
2007-02-07,2.8861545655377046,2.8861545655377046,2.892947779755699,2.892947779755699,0.0,0.0,0.0,0.0
2007-02-08,2.8887650655640296,2.8887650655640296,2.892947779755699,2.892947779755699,0.0,0.0,0.0,0.0
2007-02-09,2.8906765520162705,2.8906765520162705,2.892947779755699,2.892947779755699,0.0,0.0,0.0,0.0
2007-02-10,2.924166114131297,2.924166114131297,2.892947779755699,2.892947779755699,0.0,0.0,0.0,0.0
2007-02-11,2.917097901039006,2.917097901039006,2.8929477797556995,2.8929477797556995,0.0,0.0,0.0,0.0
2007-02-12,2.8850226109017356,2.8850226109017356,2.892947780050253,2.892947780050253,0.0,0.0,0.0,0.0
2007-02-13,2.883788110036649,2.883788110036649,2.892947780050253,2.892947780050253,0.0,0.0,0.0,0.0
2007-02-14,2.883767683516682,2.883767683516682,2.892947780050253,2.892947780050253,0.0,0.0,0.0,0.0
2007-02-15,2.8837729426784025,2.8837729426784025,2.892947780050253,2.892947780050253,0.0,0.0,0.0,0.0
2007-02-16,2.8837759520892075,2.8837759520892075,2.892947780050253,2.892947780050253,0.0,0.0,0.0,0.0
2007-02-17,2.883777279314899,2.883777279314899,2.892947780050253,2.892947780050253,0.0,0.0,0.0,0.0
2007-02-18,2.8837771593394805,2.8837771593394805,2.892947780050253,2.892947780050253,0.0,0.0,0.0,0.0
2007-02-19,2.8837768602785996,2.8837768602785996,2.892947780358834,2.892947780358834,0.0,0.0,0.0,0.0
2007-02-20,2.8837770170104795,2.8837770170104795,2.892947780358834,2.892947780358834,0.0,0.0,0.0,0.0
2007-02-21,2.8841317404993,2.8841317404993,2.892947780358834,2.892947780358834,0.0,0.0,0.0,0.0
2007-02-22,2.9016857717654516,2.9016857717654516,2.892947780358834,2.892947780358834,0.0,0.0,0.0,0.0
2007-02-23,2.8952665651094645,2.8952665651094645,2.892947780358834,2.892947780358834,0.0,0.0,0.0,0.0
2007-02-24,2.886005294804657,2.886005294804657,2.892947780358834,2.892947780358834,0.0,0.0,0.0,0.0
2007-02-25,2.9046560772107908,2.9046560772107908,2.892947780358834,2.892947780358834,0.0,0.0,0.0,0.0
2007-02-26,2.929301277840144,2.929301277840144,2.892947780682846,2.892947780682846,0.0,0.0,0.0,0.0
2007-02-27,2.916201815014948,2.916201815014948,2.892947780682846,2.892947780682846,0.0,0.0,0.0,0.0
2007-02-28,2.891278034823827,2.891278034823827,2.892947780682846,2.892947780682846,0.0,0.0,0.0,0.0
2007-03-01,2.8843566676464203,2.8843566676464203,2.892947780682846,2.892947780682846,0.0,0.0,0.0,0.0
2007-03-02,2.884082743231909,2.884082743231909,2.892947780682846,2.892947780682846,0.0,0.0,0.0,0.0
2007-03-03,2.8838599074853057,2.8838599074853057,2.892947780682846,2.892947780682846,0.0,0.0,0.0,0.0
2007-03-04,2.883862690127632,2.883862690127632,2.892947780682846,2.892947780682846,0.0,0.0,0.0,0.0
2007-03-05,2.883863628473514,2.883863628473514,2.892947781023908,2.892947781023908,0.0,0.0,0.0,0.0
2007-03-06,2.883924578415408,2.883924578415408,2.892947781023908,2.892947781023908,0.0,0.0,0.0,0.0
2007-03-07,2.8838632043791783,2.8838632043791783,2.892947781023908,2.892947781023908,0.0,0.0,0.0,0.0
2007-03-08,2.88386227042165,2.88386227042165,2.892947781023908,2.892947781023908,0.0,0.0,0.0,0.0
2007-03-09,2.88386104777699,2.88386104777699,2.892947781023908,2.892947781023908,0.0,0.0,0.0,0.0
2007-03-10,2.8838597892913125,2.8838597892913125,2.892947781023908,2.892947781023908,0.0,0.0,0.0,0.0
2007-03-11,2.883858146130234,2.883858146130234,2.892947781023908,2.892947781023908,0.0,0.0,0.0,0.0
2007-03-12,2.883855655595818,2.883855655595818,2.8929477813839206,2.8929477813839206,0.0,0.0,0.0,0.0
2007-03-13,2.8838521232404863,2.8838521232404863,2.8929477813839206,2.8929477813839206,0.0,0.0,0.0,0.0
2007-03-14,2.8838479394960417,2.8838479394960417,2.8929477813839206,2.8929477813839206,0.0,0.0,0.0,0.0
2007-03-15,2.883843970536308,2.883843970536308,2.8929477813839206,2.8929477813839206,0.0,0.0,0.0,0.0
2007-03-16,2.883840130364769,2.883840130364769,2.8929477813839206,2.8929477813839206,0.0,0.0,0.0,0.0
2007-03-17,2.8838354729747717,2.8838354729747717,2.8929477813839206,2.8929477813839206,0.0,0.0,0.0,0.0
2007-03-18,2.8838302423786564,2.8838302423786564,2.8929477813839206,2.8929477813839206,0.0,0.0,0.0,0.0
2007-03-19,2.883825589833112,2.883825589833112,2.89294778176511,2.89294778176511,0.0,0.0,0.0,0.0
2007-03-20,2.888950828475227,2.888950828475227,2.8929477817651095,2.8929477817651095,0.0,0.0,0.0,0.0
2007-03-21,2.885093785171013,2.885093785171013,2.8929477817651095,2.8929477817651095,0.0,0.0,0.0,0.0
2007-03-22,2.8838194071228687,2.8838194071228687,2.8929477817651095,2.8929477817651095,0.0,0.0,0.0,0.0
2007-03-23,2.883817252715774,2.883817252715774,2.89294778176511,2.89294778176511,0.0,0.0,0.0,0.0
2007-03-24,2.883814153673609,2.883814153673609,2.8929477817651095,2.8929477817651095,0.0,0.0,0.0,0.0
2007-03-25,2.883810458130914,2.883810458130914,2.8929477817651095,2.8929477817651095,0.0,0.0,0.0,0.0
2007-03-26,2.890893342919121,2.890893342919121,2.8929477821701206,2.8929477821701206,0.0,0.0,0.0,0.0
2007-03-27,2.885977811992187,2.885977811992187,2.8929477821701206,2.8929477821701206,0.0,0.0,0.0,0.0
2007-03-28,2.883948062757473,2.883948062757473,2.8929477821701206,2.8929477821701206,0.0,0.0,0.0,0.0
2007-03-29,2.8838042324718804,2.8838042324718804,2.8929477821701206,2.8929477821701206,0.0,0.0,0.0,0.0
2007-03-30,2.8838025205096542,2.8838025205096542,2.8929477821701206,2.8929477821701206,0.0,0.0,0.0,0.0
2007-03-31,2.883800037414694,2.883800037414694,2.8929477821701206,2.8929477821701206,0.0,0.0,0.0,0.0
2007-04-01,2.883817985297746,2.8838179852977466,2.89294778217012,2.8929477821701206,0.0,0.0,0.0,0.0
2007-04-02,2.8838132656967974,2.8838132656967974,2.892947782602135,2.892947782602135,0.0,0.0,0.0,0.0
2007-04-03,2.883808462404701,2.883808462404701,2.892947782602135,2.892947782602135,0.0,0.0,0.0,0.0
2007-04-04,2.8838033491364294,2.8838033491364294,2.892947782602135,2.892947782602135,0.0,0.0,0.0,0.0
2007-04-05,2.883798023287319,2.883798023287319,2.892947782602135,2.892947782602135,0.0,0.0,0.0,0.0
2007-04-06,2.8837926847554494,2.8837926847554494,2.892947782602135,2.892947782602135,0.0,0.0,0.0,0.0
2007-04-07,2.8837869002165974,2.8837869002165974,2.892947782602135,2.892947782602135,0.0,0.0,0.0,0.0
2007-04-08,2.8837810617433153,2.8837810617433153,2.892947782602135,2.892947782602135,0.0,0.0,0.0,0.0
2007-04-09,2.883775769155511,2.883775769155511,2.892947783065005,2.892947783065005,0.0,0.0,0.0,0.0
2007-04-10,2.8837711005628663,2.8837711005628663,2.892947783065005,2.892947783065005,0.0,0.0,0.0,0.0
2007-04-11,2.89060403848664,2.89060403848664,2.892947783065005,2.892947783065005,0.0,0.0,0.0,0.0
2007-04-12,2.886865945664975,2.886865945664975,2.892947783065005,2.892947783065005,0.0,0.0,0.0,0.0
2007-04-13,2.8837646033825806,2.8837646033825806,2.892947783065005,2.892947783065005,0.0,0.0,0.0,0.0
2007-04-14,2.885140337554267,2.885140337554267,2.892947783065005,2.892947783065005,0.0,0.0,0.0,0.0
2007-04-15,2.8856652913335177,2.8856652913335177,2.892947783065005,2.892947783065005,0.0,0.0,0.0,0.0
2007-04-16,2.8837602963386395,2.8837602963386395,2.8929477835634825,2.8929477835634825,0.0,0.0,0.0,0.0
2007-04-17,2.8838320365142343,2.8838320365142343,2.8929477835634825,2.8929477835634825,0.0,0.0,0.0,0.0
2007-04-18,2.883967435924463,2.883967435924463,2.8929477835634825,2.8929477835634825,0.0,0.0,0.0,0.0
2007-04-19,2.8837757516022036,2.8837757516022036,2.8929477835634825,2.8929477835634825,0.0,0.0,0.0,0.0
2007-04-20,2.883752357152151,2.883752357152151,2.8929477835634825,2.8929477835634825,0.0,0.0,0.0,0.0
2007-04-21,2.889055356374442,2.889055356374442,2.8929477835634825,2.8929477835634825,0.0,0.0,0.0,0.0
2007-04-22,2.900497088871688,2.900497088871688,2.8929477835634825,2.8929477835634825,0.0,0.0,0.0,0.0
2007-04-23,2.892583929678036,2.892583929678036,2.8929477841034994,2.8929477841034994,0.0,0.0,0.0,0.0
2007-04-24,2.8837647442046763,2.8837647442046763,2.8929477841034994,2.8929477841034994,0.0,0.0,0.0,0.0
2007-04-25,2.8837683221846566,2.8837683221846566,2.8929477841034994,2.8929477841034994,0.0,0.0,0.0,0.0
2007-04-26,2.883768092333987,2.883768092333987,2.8929477841034994,2.8929477841034994,0.0,0.0,0.0,0.0
2007-04-27,2.8837657743540364,2.8837657743540364,2.8929477841034994,2.8929477841034994,0.0,0.0,0.0,0.0
2007-04-28,2.8837614477017253,2.8837614477017253,2.8929477841034994,2.8929477841034994,0.0,0.0,0.0,0.0
2007-04-29,2.8837552473468464,2.8837552473468464,2.8929477841034994,2.8929477841034994,0.0,0.0,0.0,0.0
2007-04-30,2.8837484723308733,2.8837484723308733,2.8929477846926073,2.8929477846926073,0.0,0.0,31.503264295379374,31.503264295379374
2007-05-01,2.8837417331134705,2.8837417331134705,2.8929477846926073,2.8929477846926073,0.0,0.0,63.00652844962412,63.00652844962412
2007-05-02,2.890647238947176,2.890647238947176,2.8929477846926073,2.8929477846926073,0.0,0.0,126.01305661697899,126.01305661697899
2007-05-03,2.8890858999766333,2.8890858999766333,2.8929477846926073,2.8929477846926073,0.0,0.0,35.3168849740175,35.3168849740175
2007-05-04,2.883964377129945,2.883964377129945,2.8929477846926073,2.8929477846926073,0.0,0.0,5.764131988,5.764131988
2007-05-05,2.8837799822952235,2.8837799822952235,2.8929477846926073,2.8929477846926073,0.0,0.0,5.656482664,5.656482664
2007-05-06,2.8837338795329948,2.8837338795329948,2.8929477846926073,2.8929477846926073,0.0,0.0,5.845676854,5.845676854
2007-05-07,2.883729445798124,2.883729445798124,2.892947785340627,2.892947785340627,0.0,0.0,0.0,0.0
2007-05-08,2.88372322141125,2.88372322141125,2.892947785340627,2.892947785340627,0.0,0.0,0.0,0.0
2007-05-09,2.8837157120458725,2.8837157120458725,2.892947785340627,2.892947785340627,0.0,0.0,0.0,0.0
2007-05-10,2.8837076068226772,2.8837076068226772,2.892947785340627,2.892947785340627,0.0,0.0,0.0,0.0
2007-05-11,3.518927257407041,3.518927257407041,3.528175265091141,3.528175265091141,0.0,0.0,0.0,0.0
2007-05-12,4.395157157702783,4.395157157702783,4.404412790134115,4.404412790134115,0.0,0.0,0.0,0.0
2007-05-13,4.395150181351775,4.395150181351775,4.404412790134115,4.404412790134115,0.0,0.0,0.0,0.0
2007-05-14,4.395143659181358,4.395143659181358,4.404412790134115,4.404412790134115,0.0,0.0,0.0,0.0
2007-05-15,4.395136335908527,4.395136335908527,4.404412790134115,4.404412790134115,0.0,0.0,0.0,0.0
2007-05-16,4.39512836009652,4.39512836009652,4.404412790134115,4.404412790134115,0.0,0.0,0.0,0.0
2007-05-17,4.395120482441877,4.395120482441877,4.404412790134115,4.404412790134115,0.0,0.0,0.0,0.0
2007-05-18,4.395112996679679,4.395112996679679,4.404412790134115,4.404412790134115,0.0,0.0,0.0,0.0
2007-05-19,4.395106060109703,4.395106060109703,4.404412790134115,4.404412790134115,0.0,0.0,0.0,0.0
2007-05-20,4.395099230971481,4.395099230971481,4.404412790134115,4.404412790134115,0.0,0.0,0.0,0.0
2007-05-21,4.395092394237853,4.395092394237853,4.404412790134115,4.404412790134115,0.0,0.0,0.0,0.0
2007-05-22,4.395085833256001,4.395085833256001,4.404412790134115,4.404412790134115,0.0,0.0,0.0,0.0
2007-05-23,4.39507954071689,4.39507954071689,4.404412790134115,4.404412790134115,0.0,0.0,0.0,0.0
2007-05-24,4.395073314040491,4.395073314040491,4.404412790134115,4.404412790134115,0.0,0.0,0.0,0.0
2007-05-25,4.395066805044653,4.395066805044653,4.404412790134115,4.404412790134115,0.0,0.0,0.0,0.0
2007-05-26,4.395060032076097,4.395060032076097,4.404412790134115,4.404412790134115,0.0,0.0,0.0,0.0
2007-05-27,4.395053174938809,4.395053174938809,4.404412790134115,4.404412790134115,0.0,0.0,0.0,0.0
2007-05-28,4.3950466261096075,4.3950466261096075,4.404412790134115,4.404412790134115,0.0,0.0,0.0,0.0
2007-05-29,4.395040378176247,4.395040378176247,4.404412790134115,4.404412790134115,0.0,0.0,0.0,0.0
2007-05-30,4.201799405011642,4.201799405011642,4.2111780255623,4.2111780255623,0.0,0.0,0.0,0.0
2007-05-31,4.069357643604324,4.069357643604324,4.07874232624292,4.07874232624292,0.0,0.0,0.0,0.0
2007-06-01,3.1418353608503318,3.1418353608503318,3.1511893045843196,3.1511893045843196,0.0,0.0,0.7810559982504345,0.7810559982504345
2007-06-02,2.760958780060319,2.760958780060319,2.770318656299259,2.770318656299259,0.0,0.0,0.7810559982504345,0.7810559982504345
2007-06-03,2.5621686287476453,2.5621686287476453,2.57153439310246,2.57153439310246,0.0,0.0,0.0,0.0
2007-06-04,2.4690400384634095,2.4690400384634095,2.47841161134334,2.47841161134334,0.0,0.0,0.7810559982504345,0.7810559982504345
2007-06-05,2.2234293258506534,2.2234293258506534,2.23280600861512,2.23280600861512,0.0,0.0,0.7810559982504345,0.7810559982504345
2007-06-06,2.195349971283948,2.195349971283948,2.204730104505394,2.204730104505394,0.0,0.0,0.7810559982504345,0.7810559982504345
2007-06-07,2.195375713125703,2.195375713125703,2.2047583408402565,2.2047583408402565,0.0,0.0,0.7810559982504345,0.7810559982504345
2007-06-08,2.1954078900745935,2.1954078900745935,2.204793679744112,2.204793679744112,0.0,0.0,0.7810559982504345,0.7810559982504345
2007-06-09,2.1954462616672266,2.1954462616672266,2.2048358314508913,2.2048358314508913,0.0,0.0,0.7810559982504345,0.7810559982504345
2007-06-10,2.1954879049334886,2.1954879049334886,2.2048816075863455,2.2048816075863455,0.0,0.0,0.7810559982504345,0.7810559982504345
2007-06-11,2.195529782917072,2.195529782917072,2.204927669900922,2.204927669900922,0.0,0.0,0.7810559982504345,0.7810559982504345
2007-06-12,2.195568351505393,2.195568351505393,2.2049701246148574,2.2049701246148574,0.0,0.0,0.7810559982504345,0.7810559982504345
2007-06-13,2.1956049765483425,2.1956049765483425,2.205010484697036,2.205010484697036,0.0,0.0,0.7810559982504345,0.7810559982504345
2007-06-14,2.1956404287416236,2.1956404287416236,2.205049581274857,2.205049581274857,0.0,0.0,0.7810559982504345,0.7810559982504345
2007-06-15,2.1956735439101687,2.1956735439101687,2.205086118893668,2.205086118893668,0.0,0.0,0.7810559982504345,0.7810559982504345
2007-06-16,2.1957032751191856,2.1957032751191856,2.2051189401952893,2.2051189401952893,0.0,0.0,0.7810559982504345,0.7810559982504345
2007-06-17,2.19572901360179,2.19572901360179,2.205147367928873,2.205147367928873,0.0,0.0,0.0,0.0
2007-06-18,2.1957508037120874,2.1957508037120874,2.2051714632198482,2.2051714632198482,0.0,0.0,0.7810559982504345,0.7810559982504345
2007-06-19,2.195770016692368,2.195770016692368,2.205192728004269,2.205192728004269,0.0,0.0,0.7810559982504345,0.7810559982504345
2007-06-20,2.195786980207799,2.195786980207799,2.205211500565119,2.205211500565119,0.0,0.0,0.7810559982504345,0.7810559982504345
2007-06-21,2.1958012791383914,2.1958012791383914,2.2052273315650353,2.2052273315650353,0.0,0.0,0.7810559982504345,0.7810559982504345
2007-06-22,2.195813324587952,2.195813324587952,2.2052406794879253,2.2052406794879253,0.0,0.0,0.7810559982504345,0.7810559982504345
2007-06-23,2.1958233230155026,2.1958233230155026,2.205251796426561,2.205251796426561,0.0,0.0,0.7810559982504345,0.7810559982504345
2007-06-24,2.195831441591321,2.195831441591321,2.2052608587703677,2.2052608587703677,0.0,0.0,0.7810559982504345,0.7810559982504345
2007-06-25,2.1755313389300297,2.1755313389300297,2.1849615331957617,2.1849615331957617,0.0,0.0,0.7810559982504345,0.7810559982504345
2007-06-26,2.1755370001376897,2.1755370001376897,2.1849678535351824,2.1849678535351824,0.0,0.0,0.7810559982504345,0.7810559982504345
2007-06-27,2.1755421678876,2.1755421678876,2.184973614755628,2.184973614755628,0.0,0.0,0.7810559982504345,0.7810559982504345
2007-06-28,2.175546866543221,2.175546866543221,2.1849788371198087,2.1849788371198087,0.0,0.0,0.7810559982504345,0.7810559982504345
2007-06-29,2.1755507205529905,2.1755507205529905,2.184983154703321,2.184983154703321,0.0,0.0,0.7810559982504345,0.7810559982504345
2007-06-30,2.175553675816825,2.175553675816825,2.184986511872468,2.184986511872468,0.0,0.0,0.7810559982504345,0.7810559982504345
2007-07-01,2.174638402437768,2.174638402437768,2.183993251041812,2.183993251041812,0.0,0.0,0.0,0.0
2007-07-02,2.171237221828367,2.171237221828367,2.180592462597865,2.180592462597865,0.0,0.0,0.7810559982504345,0.7810559982504345
2007-07-03,2.171240202714162,2.171240202714162,2.180595719195018,2.180595719195018,0.0,0.0,0.7810559982504345,0.7810559982504345
2007-07-04,2.171242883984387,2.171242883984387,2.180598545714725,2.180598545714725,0.0,0.0,0.7810559982504345,0.7810559982504345
2007-07-05,2.1712448094694463,2.1712448094694463,2.180600593450203,2.180600593450203,0.0,0.0,0.7810559982504345,0.7810559982504345
2007-07-06,2.17124594961498,2.17124594961498,2.180601831910136,2.180601831910136,0.0,0.0,0.7810559982504345,0.7810559982504345
2007-07-07,2.1712470893717595,2.1712470893717595,2.1806030699366987,2.1806030699366987,0.0,0.0,0.7810559982504345,0.7810559982504345
2007-07-08,2.171248228933258,2.171248228933258,2.1806043077679798,2.1806043077679798,0.0,0.0,0.7810559982504345,0.7810559982504345
2007-07-09,2.1627382133852904,2.1627382133852904,2.172094390452938,2.172094390452938,0.0,0.0,0.7810559982504345,0.7810559982504345
2007-07-10,2.162739352462202,2.162739352462202,2.172095627755015,2.172095627755015,0.0,0.0,0.7810559982504345,0.7810559982504345
2007-07-11,2.1627404912841635,2.1627404912841635,2.1720968647943835,2.1720968647943835,0.0,0.0,0.7810559982504345,0.7810559982504345
2007-07-12,2.162741629843942,2.162741629843942,2.1720981015347105,2.1720981015347105,0.0,0.0,0.7810559982504345,0.7810559982504345
2007-07-13,2.1627427682626834,2.1627427682626834,2.1720993380971434,2.1720993380971434,0.0,0.0,0.7810559982504345,0.7810559982504345
2007-07-14,2.1627439063975444,2.1627439063975444,2.1721005743679362,2.1721005743679362,0.0,0.0,0.7810559982504345,0.7810559982504345
2007-07-15,2.1627450441219533,2.1627450441219533,2.172101810220518,2.172101810220518,0.0,0.0,0.0,0.0
2007-07-16,2.165299566025982,2.165299566025982,2.1746564301790046,2.1746564301790046,0.0,0.0,0.7810559982504345,0.7810559982504345
2007-07-17,2.165300703500865,2.165300703500865,2.174657665745202,2.174657665745202,0.0,0.0,0.7810559982504345,0.7810559982504345
2007-07-18,2.165301840534557,2.165301840534557,2.1746589008255923,2.1746589008255923,0.0,0.0,0.7810559982504345,0.7810559982504345
2007-07-19,2.16530297716503,2.16530297716503,2.1746601354581463,2.1746601354581463,0.0,0.0,0.7810559982504345,0.7810559982504345
2007-07-20,2.165304113665315,2.165304113665315,2.1746613699605124,2.1746613699605124,0.0,0.0,0.7810559982504345,0.7810559982504345
2007-07-21,2.1653052500932737,2.1653052500932737,2.174662604353695,2.174662604353695,0.0,0.0,0.7810559982504345,0.7810559982504345
2007-07-22,2.16530638606196,2.16530638606196,2.1746638382798453,2.1746638382798453,0.0,0.0,0.7810559982504345,0.7810559982504345
2007-07-23,2.1593497514136124,2.1593497514136124,2.168707301588962,2.168707301588962,0.0,0.0,0.7810559982504345,0.7810559982504345
2007-07-24,2.159350886894096,2.159350886894096,2.168708534982293,2.168708534982293,0.0,0.0,0.7810559982504345,0.7810559982504345
2007-07-25,2.159352021937005,2.159352021937005,2.168709767893432,2.168709767893432,0.0,0.0,0.7810559982504345,0.7810559982504345
2007-07-26,2.15935315691482,2.15935315691482,2.168711000739478,2.168711000739478,0.0,0.0,0.7810559982504345,0.7810559982504345
2007-07-27,2.1593542917606396,2.1593542917606396,2.1687122334166706,2.1687122334166706,0.0,0.0,0.7810559982504345,0.7810559982504345
2007-07-28,2.1593554262213215,2.1593554262213215,2.1687134657009657,2.1687134657009657,0.0,0.0,0.7810559982504345,0.7810559982504345
2007-07-29,2.159356560257086,2.159356560257086,2.1687146975157265,2.1687146975157265,0.0,0.0,0.0,0.0
2007-07-30,2.157655406289982,2.157655406289982,2.1670136413276193,2.1670136413276193,0.0,0.0,0.7810559982504345,0.7810559982504345
2007-07-31,2.1576565401358896,2.1576565401358896,2.167014872952523,2.167014872952523,0.0,0.0,0.7810559982504345,0.7810559982504345
2007-08-01,2.154567251351941,2.154567251351941,2.163661988011791,2.163661988011791,0.0,0.0,0.7810559982504345,0.7810559982504345
2007-08-02,2.154569083122031,2.154569083122031,2.163663977703993,2.163663977703993,0.0,0.0,0.7810559982504345,0.7810559982504345
2007-08-03,2.1545709143660208,2.1545709143660208,2.163665966857552,2.163665966857552,0.0,0.0,0.7810559982504345,0.7810559982504345
2007-08-04,2.15457274497869,2.15457274497869,2.16366795530767,2.16366795530767,0.0,0.0,0.7810559982504345,0.7810559982504345
2007-08-05,2.15457457544522,2.15457457544522,2.1636699436116493,2.1636699436116493,0.0,0.0,0.7810559982504345,0.7810559982504345
2007-08-06,2.175854198440185,2.175854198440185,2.1849497243844853,2.1849497243844853,0.0,0.0,0.7810559982504345,0.7810559982504345
2007-08-07,2.1758560280152675,2.1758560280152675,2.184951711724896,2.184951711724896,0.0,0.0,0.7810559982504345,0.7810559982504345
2007-08-08,2.175857857368219,2.175857857368219,2.184953698783598,2.184953698783598,0.0,0.0,0.7810559982504345,0.7810559982504345
2007-08-09,2.175859686127846,2.175859686127846,2.184955685236433,2.184955685236433,0.0,0.0,0.7810559982504345,0.7810559982504345
2007-08-10,2.175861514788099,2.175861514788099,2.1849576715898937,2.1849576715898937,0.0,0.0,0.7810559982504345,0.7810559982504345
2007-08-11,2.175863342518908,2.175863342518908,2.184959656882212,2.184959656882212,0.0,0.0,0.7810559982504345,0.7810559982504345
2007-08-12,2.175865169954516,2.175865169954516,2.1849616419263644,2.1849616419263644,0.0,0.0,0.0,0.0
2007-08-13,2.1919181864133095,2.1919181864133095,2.2010148159341245,2.2010148159341245,0.0,0.0,0.7810559982504345,0.7810559982504345
2007-08-14,2.1919200133286627,2.1919200133286627,2.2010168003388664,2.2010168003388664,0.0,0.0,0.7810559982504345,0.7810559982504345
2007-08-15,2.19192183962731,2.19192183962731,2.20101878411436,2.20101878411436,0.0,0.0,0.7810559982504345,0.7810559982504345
2007-08-16,2.1919236655518413,2.1919236655518413,2.2010207674561593,2.2010207674561593,0.0,0.0,0.7810559982504345,0.7810559982504345
2007-08-17,2.191925490941504,2.191925490941504,2.2010227502505475,2.2010227502505475,0.0,0.0,0.7810559982504345,0.7810559982504345
2007-08-18,2.1919273160827304,2.1919273160827304,2.2010247327369217,2.2010247327369217,0.0,0.0,0.7810559982504345,0.7810559982504345
2007-08-19,2.1919291407270847,2.1919291407270847,2.2010267147138807,2.2010267147138807,0.0,0.0,0.7810559982504345,0.7810559982504345
2007-08-20,2.191930965137616,2.191930965137616,2.2010286963974393,2.2010286963974393,0.0,0.0,0.7810559982504345,0.7810559982504345
2007-08-21,2.1919327887473066,2.1919327887473066,2.201030677267614,2.201030677267614,0.0,0.0,0.7810559982504345,0.7810559982504345
2007-08-22,2.1919346122400856,2.1919346122400856,2.2010326579612993,2.2010326579612993,0.0,0.0,0.7810559982504345,0.7810559982504345
2007-08-23,2.1919364352096866,2.1919364352096866,2.201034638119264,2.201034638119264,0.0,0.0,0.7810559982504345,0.7810559982504345
2007-08-24,2.191938257840246,2.191938257840246,2.2010366178786094,2.2010366178786094,0.0,0.0,0.7810559982504345,0.7810559982504345
2007-08-25,2.1919400799593185,2.1919400799593185,2.201038597113925,2.201038597113925,0.0,0.0,0.7810559982504345,0.7810559982504345
2007-08-26,2.191941901941021,2.191941901941021,2.2010405762118705,2.2010405762118705,0.0,0.0,0.0,0.0
2007-08-27,2.1520614511175378,2.1520614511175378,2.1611602823729323,2.1611602823729323,0.0,0.0,0.7810559982504345,0.7810559982504345
2007-08-28,2.1520632721902553,2.1520632721902553,2.1611622604897724,2.1611622604897724,0.0,0.0,0.7810559982504345,0.7810559982504345
2007-08-29,2.150043627132771,2.150043627132771,2.1590926145409477,2.1590926145409477,0.0,0.0,0.7810559982504345,0.7810559982504345
2007-08-30,2.1520669128713785,2.1520669128713785,2.1611662150553217,2.1611662150553217,0.0,0.0,0.7810559982504345,0.7810559982504345
2007-08-31,2.152068732421328,2.152068732421328,2.1611681915051526,2.1611681915051526,0.0,0.0,0.7810559982504345,0.7810559982504345
2007-09-01,2.152595244708309,2.152595244708309,2.161739627365752,2.161739627365752,0.0,0.0,0.7810559982504345,0.7810559982504345
2007-09-02,2.152596944791896,2.152596944791896,2.161741474051598,2.161741474051598,0.0,0.0,0.7810559982504345,0.7810559982504345
2007-09-03,2.192480916661252,2.192480916661252,2.2016255924675203,2.2016255924675203,0.0,0.0,0.7810559982504345,0.7810559982504345
2007-09-04,2.192482616009875,2.192482616009875,2.2016274383509846,2.2016274383509846,0.0,0.0,0.7810559982504345,0.7810559982504345
2007-09-05,2.192484315197298,2.192484315197298,2.2016292840175553,2.2016292840175553,0.0,0.0,0.7810559982504345,0.7810559982504345
2007-09-06,2.1924860141688765,2.1924860141688765,2.2016311294682818,2.2016311294682818,0.0,0.0,0.7810559982504345,0.7810559982504345
2007-09-07,2.1924877120666975,2.1924877120666975,2.2016329737661073,2.2016329737661073,0.0,0.0,0.7810559982504345,0.7810559982504345
2007-09-08,2.192489410306044,2.192489410306044,2.2016348184171837,2.2016348184171837,0.0,0.0,0.7810559982504345,0.7810559982504345
2007-09-09,2.1924911079497695,2.1924911079497695,2.201636662405221,2.201636662405221,0.0,0.0,0.0,0.0
2007-09-10,2.192492804877656,2.192492804877656,2.201638505665694,2.201638505665694,0.0,0.0,0.7810559982504345,0.7810559982504345
2007-09-11,2.1924945017836857,2.1924945017836857,2.201640348848617,2.201640348848617,0.0,0.0,0.7810559982504345,0.7810559982504345
2007-09-12,2.1924961980695037,2.1924961980695037,2.2016421913996034,2.2016421913996034,0.0,0.0,0.7810559982504345,0.7810559982504345
2007-09-13,2.1924978941886573,2.1924978941886573,2.2016440337839254,2.2016440337839254,0.0,0.0,0.7810559982504345,0.7810559982504345
2007-09-14,2.192499589969017,2.192499589969017,2.201645875718067,2.201645875718067,0.0,0.0,0.7810559982504345,0.7810559982504345
2007-09-15,2.192501285301294,2.192501285301294,2.2016477172480946,2.2016477172480946,0.0,0.0,0.7810559982504345,0.7810559982504345
2007-09-16,2.1925029799559845,2.1925029799559845,2.201649557977424,2.201649557977424,0.0,0.0,0.7810559982504345,0.7810559982504345
2007-09-17,2.146664632015692,2.146664632015692,2.155811356167464,2.155811356167464,0.0,0.0,0.7810559982504345,0.7810559982504345
2007-09-18,2.1465952734369753,2.1465952734369753,2.1557421436633857,2.1557421436633857,0.0,0.0,0.7810559982504345,0.7810559982504345
2007-09-19,2.146668019926182,2.146668019926182,2.1558150361598134,2.1558150361598134,0.0,0.0,0.7810559982504345,0.7810559982504345
2007-09-20,2.1437814111767644,2.1437814111767644,2.152686789815903,2.152686789815903,0.0,0.0,0.7810559982504345,0.7810559982504345
2007-09-21,2.146671406096255,2.146671406096255,2.1558187142651843,2.1558187142651843,0.0,0.0,0.7810559982504345,0.7810559982504345
2007-09-22,2.1388280141946248,2.1388280141946248,2.147283751803774,2.147283751803774,0.0,0.0,0.7810559982504345,0.7810559982504345
2007-09-23,2.146674790924814,2.146674790924814,2.1558223909059304,2.1558223909059304,0.0,0.0,0.0,0.0
2007-09-24,2.0981632210456183,2.0981632210456183,2.107310966887394,2.107310966887394,0.0,0.0,0.7810559982504345,0.7810559982504345
2007-09-25,2.0981649124052657,2.0981649124052657,2.107312804052008,2.107312804052008,0.0,0.0,0.7810559982504345,0.7810559982504345
2007-09-26,2.098166603595516,2.098166603595516,2.1073146410472248,2.1073146410472248,0.0,0.0,0.7810559982504345,0.7810559982504345
2007-09-27,2.0981682943048976,2.0981682943048976,2.107316477549847,2.107316477549847,0.0,0.0,0.7810559982504345,0.7810559982504345
2007-09-28,2.0981699845798585,2.0981699845798585,2.107318313506663,2.107318313506663,0.0,0.0,0.7810559982504345,0.7810559982504345
2007-09-29,2.0981716745351506,2.0981716745351506,2.107320149187778,2.107320149187778,0.0,0.0,0.7810559982504345,0.7810559982504345
2007-09-30,2.0981733637746047,2.0981733637746047,2.1073219840856376,2.1073219840856376,0.0,0.0,0.7810559982504345,0.7810559982504345
2007-10-01,2.128192029345591,2.128192029345591,2.1374691767589025,2.1374691767589025,0.0,0.0,0.7810559982504345,0.7810559982504345
2007-10-02,2.128193378030174,2.128193378030174,2.137470641721291,2.137470641721291,0.0,0.0,0.7810559982504345,0.7810559982504345
2007-10-03,2.1281947262238217,2.1281947262238217,2.137472106138905,2.137472106138905,0.0,0.0,0.7810559982504345,0.7810559982504345
2007-10-04,2.1281960743760133,2.1281960743760133,2.1374735705150627,2.1374735705150627,0.0,0.0,0.7810559982504345,0.7810559982504345
2007-10-05,2.112412055208988,2.112412055208988,2.1197035604875185,2.1197035604875185,0.0,0.0,0.7810559982504345,0.7810559982504345
2007-10-06,2.1261762135588693,2.1261762135588693,2.1352333001785175,2.1352333001785175,0.0,0.0,0.7810559982504345,0.7810559982504345
2007-10-07,2.128200116541559,2.128200116541559,2.1374779611816237,2.1374779611816237,0.0,0.0,0.0,0.0
2007-10-08,2.074080726079008,2.074080726079008,2.083358610710417,2.083358610710417,0.0,0.0,0.7810559982504345,0.7810559982504345
2007-10-09,2.074157278569286,2.074157278569286,2.083435355388083,2.083435355388083,0.0,0.0,0.7810559982504345,0.7810559982504345
2007-10-10,2.0706560304637343,2.0706560304637343,2.079514218466517,2.079514218466517,0.0,0.0,0.7810559982504345,0.7810559982504345
2007-10-11,2.074159970557808,2.074159970557808,2.0834382794476585,2.0834382794476585,0.0,0.0,0.7810559982504345,0.7810559982504345
2007-10-12,2.023550360419372,2.023550360419372,2.028408311346406,2.028408311346406,0.0,0.0,0.7810559982504345,0.7810559982504345
2007-10-13,2.0732752566830004,2.0732752566830004,2.0825537975807005,2.0825537975807005,0.0,0.0,0.7810559982504345,0.7810559982504345
2007-10-14,2.0741640059244557,2.0741640059244557,2.0834426627230824,2.0834426627230824,0.0,0.0,0.7810559982504345,0.7810559982504345
2007-10-15,2.117997533034093,2.117997533034093,2.127276305724283,2.127276305724283,0.0,0.0,0.7810559982504345,0.7810559982504345
2007-10-16,2.1151807789681194,2.1151807789681194,2.124111521957596,2.124111521957596,0.0,0.0,0.7810559982504345,0.7810559982504345
2007-10-17,2.1180002204405595,2.1180002204405595,2.127279224771083,2.127279224771083,0.0,0.0,0.7810559982504345,0.7810559982504345
2007-10-18,2.1173200811980353,2.1173200811980353,2.1265142447767746,2.1265142447767746,0.0,0.0,0.7810559982504345,0.7810559982504345
2007-10-19,2.117421871391634,2.117421871391634,2.126701107191608,2.126701107191608,0.0,0.0,0.7810559982504345,0.7810559982504345
2007-10-20,2.1164592161507874,2.1164592161507874,2.1255436163224375,2.1255436163224375,0.0,0.0,0.7810559982504345,0.7810559982504345
2007-10-21,2.1180055899688535,2.1180055899688535,2.1272850571399617,2.1272850571399617,0.0,0.0,0.0,0.0
2007-10-22,2.0120437524833488,2.0120437524833488,2.0213233352768207,2.0213233352768207,0.0,0.0,0.7810559982504345,0.7810559982504345
2007-10-23,2.0120450936031746,2.0120450936031746,2.0213247920190103,2.0213247920190103,0.0,0.0,0.7810559982504345,0.7810559982504345
2007-10-24,2.012046434561538,2.012046434561538,2.021326248555261,2.021326248555261,0.0,0.0,0.7810559982504345,0.7810559982504345
2007-10-25,2.012047775155519,2.012047775155519,2.021327704717766,2.021327704717766,0.0,0.0,0.7810559982504345,0.7810559982504345
2007-10-26,2.012049115505123,2.012049115505123,2.021329160591417,2.021329160591417,0.0,0.0,0.7810559982504345,0.7810559982504345
2007-10-27,2.0047629341469837,2.0047629341469837,2.013397015975552,2.013397015975552,0.0,0.0,0.7810559982504345,0.7810559982504345
2007-10-28,2.0101659564792635,2.0101659564792635,2.0194462325598126,2.0194462325598126,0.0,0.0,0.7810559982504345,0.7810559982504345
2007-10-29,1.7049207407776346,1.7049207407776346,1.7100321082475762,1.7100321082475762,0.0,0.0,0.7810559982504345,0.7810559982504345
2007-10-30,1.755857725202428,1.755857725202428,1.7651382322046651,1.7651382322046651,0.0,0.0,0.7810559982504345,0.7810559982504345
2007-10-31,1.755871579902266,1.755871579902266,1.7651522021851003,1.7651522021851003,0.0,0.0,0.7810559982504345,0.7810559982504345
2007-11-01,1.7554387384159795,1.7554387384159795,1.7646824374005114,1.7646824374005114,0.0,0.0,1.562111993001738,1.562111993001738
2007-11-02,1.755440170836841,1.755440170836841,1.7646839934036147,1.7646839934036147,0.0,0.0,3.1242239790052144,3.1242239790052144
2007-11-03,1.7554416019814127,1.7554416019814127,1.764685548052544,1.764685548052544,0.0,0.0,6.248447944013906,6.248447944013906
2007-11-04,1.7554430326599635,1.7554430326599635,1.7646871022254027,1.7646871022254027,0.0,0.0,12.496895860034765,12.496895860034765
2007-11-05,1.4077659781750038,1.4077659781750038,1.417010171176966,1.417010171176966,0.0,0.0,0.0,0.0
2007-11-06,1.407767408071388,1.407767408071388,1.417011724509873,1.417011724509873,0.0,0.0,0.0,0.0
2007-11-07,1.4077688374432051,1.4077688374432051,1.4170132772604278,1.4170132772604278,0.0,0.0,0.0,0.0
2007-11-08,1.4077702664988774,1.4077702664988774,1.4170148296471021,1.4170148296471021,0.0,0.0,0.0,0.0
2007-11-09,1.407771695699742,1.407771695699742,1.4170163822267046,1.4170163822267046,0.0,0.0,0.0,0.0
2007-11-10,1.3382084079597314,1.3382084079597314,1.3407364212697788,1.3407364212697788,0.0,0.0,0.0,0.0
2007-11-11,1.3949039190925427,1.3949039190925427,1.4029092765024533,1.4029092765024533,0.0,0.0,0.0,0.0
2007-11-12,1.5757385221675915,1.5757385221675915,1.584982305571138,1.584982305571138,0.0,0.0,0.0,0.0
2007-11-13,1.5758716472391314,1.5758716472391314,1.5851168242083846,1.5851168242083846,0.0,0.0,0.0,0.0
2007-11-14,1.5758730503638763,1.5758730503638763,1.5851183484783473,1.5851183484783473,0.0,0.0,0.0,0.0
2007-11-15,1.5758744504185005,1.5758744504185005,1.5851198693792141,1.5851198693792141,0.0,0.0,0.0,0.0
2007-11-16,1.5758758479275707,1.5758758479275707,1.5851213875410726,1.5851213875410726,0.0,0.0,0.0,0.0
2007-11-17,1.575877244343013,1.575877244343013,1.5851229044937327,1.5851229044937327,0.0,0.0,0.0,0.0
2007-11-18,1.575878640076987,1.575878640076987,1.5851244207548751,1.5851244207548751,0.0,0.0,0.0,0.0
2007-11-19,1.420126902999626,1.420126902999626,1.429372804156947,1.429372804156947,0.0,0.0,0.0,0.0
2007-11-20,1.4201282983354915,1.4201282983354915,1.4293743199722453,1.4293743199722453,0.0,0.0,0.0,0.0
2007-11-21,1.4201296937603456,1.4201296937603456,1.429375835886582,1.429375835886582,0.0,0.0,0.0,0.0
2007-11-22,1.420131088714495,1.420131088714495,1.4293773512724284,1.4293773512724284,0.0,0.0,0.0,0.0
2007-11-23,1.4201324839801057,1.4201324839801057,1.4293788670275218,1.4293788670275218,0.0,0.0,0.0,0.0
2007-11-24,1.420133879058371,1.420133879058371,1.4293803825952696,1.4293803825952696,0.0,0.0,0.0,0.0
2007-11-25,1.4201352742654365,1.4201352742654365,1.4293818982541315,1.4293818982541315,0.0,0.0,0.0,0.0
2007-11-26,1.5005665730145763,1.5005665730145763,1.5098133175505388,1.5098133175505388,0.0,0.0,0.0,0.0
2007-11-27,1.5005679685073432,1.5005679685073432,1.5098148335528874,1.5098148335528874,0.0,0.0,0.0,0.0
2007-11-28,1.5005693643115716,1.5005693643115716,1.509816349876747,1.509816349876747,0.0,0.0,0.0,0.0
2007-11-29,1.5005707599284548,1.5005707599284548,1.5098178660132613,1.5098178660132613,0.0,0.0,0.0,0.0
2007-11-30,1.5005721560558538,1.5005721560558538,1.5098193827180766,1.5098193827180766,0.0,0.0,0.0,0.0
2007-12-01,1.5002288159825485,1.5002288159825485,1.5094467570029382,1.5094467570029382,0.0,0.0,0.0,0.0
2007-12-02,1.5002302882178034,1.5002302882178034,1.509448356356008,1.509448356356008,0.0,0.0,0.0,0.0
2007-12-03,1.4227422285275728,1.4227422285275728,1.4319507017427375,1.4319507017427375,0.0,0.0,0.0,0.0
2007-12-04,1.4228609728160981,1.4228609728160981,1.4320434622098532,1.4320434622098532,0.0,0.0,0.0,0.0
2007-12-05,1.4158536662693753,1.4158536662693753,1.4249257151051655,1.4249257151051655,0.0,0.0,0.0,0.0
2007-12-06,1.24234511758321,1.24234511758321,1.2316594328546921,1.2316594328546921,0.0,0.0,0.0,0.0
2007-12-07,1.2618811611313152,1.2618811611313152,1.2542553885734997,1.2542553885734997,0.0,0.0,0.0,0.0
2007-12-08,1.4022501516861006,1.4022501516861006,1.4093250926878012,1.4093250926878012,0.0,0.0,0.0,0.0
2007-12-09,1.4193779215863673,1.4193779215863673,1.4282743119683103,1.4282743119683103,0.0,0.0,0.0,0.0
2007-12-10,1.4290426293686047,1.4290426293686047,1.4382015808129776,1.4382015808129776,0.0,0.0,0.0,0.0
2007-12-11,1.4291514611554916,1.4291514611554916,1.4383669335154858,1.4383669335154858,0.0,0.0,0.0,0.0
2007-12-12,1.429143745285951,1.429143745285951,1.4383579955948653,1.4383579955948653,0.0,0.0,0.0,0.0
2007-12-13,1.4291358498779954,1.4291358498779954,1.4383488759976815,1.4383488759976815,0.0,0.0,0.0,0.0
2007-12-14,1.4291279729303987,1.4291279729303987,1.4383397996628466,1.4383397996628466,0.0,0.0,0.0,0.0
2007-12-15,1.429120220994626,1.429120220994626,1.4383308858938793,1.4383308858938793,0.0,0.0,0.0,0.0
2007-12-16,1.4265195833557194,1.4265195833557194,1.4355081593714287,1.4355081593714287,0.0,0.0,0.0,0.0
2007-12-17,1.3669593392757218,1.3669593392757218,1.3706140800588782,1.3706140800588782,0.0,0.0,0.0,0.0
2007-12-18,0.9119075923572992,0.9119075923572992,0.8608229963799476,0.8608229963799476,0.0,0.0,0.0,0.0
2007-12-19,0.8251350650667302,0.8251350650667302,0.7577445776298888,0.7577445776298888,0.0,0.0,0.0,0.0
2007-12-20,1.2339830301378303,1.2339830301378303,1.2193109466733523,1.2193109466733523,0.0,0.0,0.0,0.0
2007-12-21,1.4087476116887425,1.4087476116887425,1.4151860476194402,1.4151860476194402,0.0,0.0,0.0,0.0
2007-12-22,1.4349025810260732,1.4349025810260732,1.4438077578169233,1.4438077578169233,0.0,0.0,0.0,0.0
2007-12-23,1.4337540422278523,1.4337540422278523,1.4427171368101546,1.4427171368101546,0.0,0.0,0.0,0.0
2007-12-24,1.4265143613182938,1.4265143613182938,1.4352272882554764,1.4352272882554764,0.0,0.0,0.0,0.0
2007-12-25,1.4269808533924087,1.4269808533924087,1.435659320499051,1.435659320499051,0.0,0.0,0.0,0.0
2007-12-26,1.4357540606270929,1.4357540606270929,1.444656052231481,1.444656052231481,0.0,0.0,0.0,0.0
2007-12-27,1.3961296093038944,1.3961296093038944,1.4014224575790428,1.4014224575790428,0.0,0.0,0.0,0.0
2007-12-28,1.3914460808417306,1.3914460808417306,1.3969059767098837,1.3969059767098837,0.0,0.0,0.0,0.0
2007-12-29,1.42248200986877,1.42248200986877,1.4289184222686837,1.4289184222686837,0.0,0.0,0.0,0.0
2007-12-30,1.4280905428450466,1.4280905428450466,1.43395972113253,1.43395972113253,0.0,0.0,0.0,0.0
2007-12-31,1.4227871311411677,1.4227871311411677,1.4316133926371903,1.4316133926371903,0.0,0.0,0.0,0.0
2008-01-01,1.427125998193303,1.427125998193303,1.436347105118758,1.436347105118758,0.0,0.0,0.0,0.0
2008-01-02,1.4270987167767781,1.4270987167767781,1.436317363775105,1.436317363775105,0.0,0.0,0.0,0.0
2008-01-03,1.246822433982423,1.246822433982423,1.2414805222439889,1.2414805222439889,0.0,0.0,0.0,0.0
2008-01-04,0.7343700828227009,0.7343700828227009,0.6846037154445372,0.6846037154445372,0.0,0.0,0.0,0.0
2008-01-05,0.15436058502862537,0.15436058502862537,0.009786199999999972,0.009786199999999972,0.0,0.0,0.0,0.0
2008-01-06,1.0851923042491838,1.0851923042491838,1.0648271109997545,1.0648271109997545,0.0,0.0,0.0,0.0
2008-01-07,1.397526884352802,1.397526884352802,1.4046667984889782,1.4046667984889782,0.0,0.0,0.0,0.0
2008-01-08,1.3473475473869994,1.3473475473869994,1.349873118046521,1.349873118046521,0.0,0.0,0.0,0.0
2008-01-09,1.3516815584927098,1.3516815584927098,1.3514450678379883,1.3514450678379883,0.0,0.0,0.0,0.0
2008-01-10,1.3786144489452257,1.3786144489452257,1.385927732729555,1.385927732729555,0.0,0.0,0.0,0.0
2008-01-11,1.3948047946646829,1.3948047946646829,1.403423183845446,1.403423183845446,0.0,0.0,0.0,0.0
2008-01-12,1.3983982103691905,1.3983982103691905,1.4073611734716818,1.4073611734716818,0.0,0.0,0.0,0.0
2008-01-13,1.4097471427399106,1.4097471427399106,1.418705202477504,1.418705202477504,0.0,0.0,0.0,0.0
2008-01-14,1.0028700064609544,1.0028700064609544,1.0118244457226162,1.0118244457226162,0.0,0.0,0.0,0.0
2008-01-15,1.0024351913315361,1.0024351913315361,1.0113748297445753,1.0113748297445753,0.0,0.0,0.0,0.0
2008-01-16,1.002649212233863,1.002649212233863,1.0115942052242746,1.0115942052242746,0.0,0.0,0.0,0.0
2008-01-17,1.0027862574049278,1.0027862574049278,1.0117342617313072,1.0117342617313072,0.0,0.0,0.0,0.0
2008-01-18,1.0027656032366417,1.0027656032366417,1.0117119480127315,1.0117119480127315,0.0,0.0,0.0,0.0
2008-01-19,1.0027519177246034,1.0027519177246034,1.011697196361548,1.011697196361548,0.0,0.0,0.0,0.0
2008-01-20,0.9992098276183038,0.9992098276183038,1.0079399556083144,1.0079399556083144,0.0,0.0,0.0,0.0
2008-01-21,1.3793800386873039,1.3793800386873039,1.3854545100302869,1.3854545100302869,0.0,0.0,0.0,0.0
2008-01-22,1.1455185356867301,1.1455185356867301,1.1296697067429502,1.1296697067429502,0.0,0.0,0.0,0.0
2008-01-23,1.0300318416302958,1.0300318416302958,1.0046989352472757,1.0046989352472757,0.0,0.0,0.0,0.0
2008-01-24,1.309206124893864,1.309206124893864,1.3088257986848058,1.3088257986848058,0.0,0.0,0.0,0.0
2008-01-25,1.3826177524208394,1.3826177524208394,1.3881733916791323,1.3881733916791323,0.0,0.0,0.0,0.0
2008-01-26,1.3545255987284894,1.3545255987284894,1.357909097466517,1.357909097466517,0.0,0.0,0.0,0.0
2008-01-27,1.316437269765546,1.316437269765546,1.3164425623050455,1.3164425623050455,0.0,0.0,0.0,0.0
2008-01-28,0.7388583915389555,0.7388583915389555,0.6897745044102941,0.6897745044102941,0.0,0.0,0.0,0.0
2008-01-29,1.0634824051855605,1.0634824051855605,1.0502778882544803,1.0502778882544803,0.0,0.0,0.0,0.0
2008-01-30,1.3297025138489378,1.3297025138489378,1.3376533875157,1.3376533875157,0.0,0.0,0.0,0.0
2008-01-31,1.2477184877742113,1.2477184877742113,1.24698824301184,1.24698824301184,0.0,0.0,0.0,0.0
2008-02-01,1.262402418618921,1.262402418618921,1.2625486140823912,1.2625486140823912,0.0,0.0,0.0,0.0
2008-02-02,1.2043894454555508,1.2043894454555508,1.1999620398824689,1.1999620398824689,0.0,0.0,0.0,0.0
2008-02-03,1.1733477857178534,1.1733477857178534,1.1665420831124163,1.1665420831124163,0.0,0.0,0.0,0.0
2008-02-04,4.403517757304793,4.403517757304793,5.525607667316207,5.525607667316207,0.0,0.0,0.0,0.0
2008-02-05,4.403595315981027,4.403595315981027,5.525607667316207,5.525607667316207,0.0,0.0,0.0,0.0
2008-02-06,4.408747924936241,4.408747924936241,5.525607667316207,5.525607667316207,0.0,0.0,0.0,0.0
2008-02-07,4.419230080625558,4.419230080625558,5.525607667316207,5.525607667316207,0.0,0.0,0.0,0.0
2008-02-08,4.424637457678352,4.424637457678352,5.525607667316207,5.525607667316207,0.0,0.0,0.0,0.0
2008-02-09,4.4285578068661655,4.4285578068661655,5.525607667316207,5.525607667316207,0.0,0.0,0.0,0.0
2008-02-10,4.422096356924893,4.422096356924893,5.525607667316207,5.525607667316207,0.0,0.0,0.0,0.0
2008-02-11,4.41932322373807,4.41932322373807,5.525607667871599,5.525607667871599,0.0,0.0,0.0,0.0
2008-02-12,4.419731144206517,4.419731144206517,5.525607667871599,5.525607667871599,0.0,0.0,0.0,0.0
2008-02-13,4.419227145470646,4.419227145470646,5.525607667871599,5.525607667871599,0.0,0.0,0.0,0.0
2008-02-14,4.4182742980947465,4.4182742980947465,5.525607667871599,5.525607667871599,0.0,0.0,0.0,0.0
2008-02-15,4.41730481213785,4.41730481213785,5.525607667871599,5.525607667871599,0.0,0.0,0.0,0.0
2008-02-16,4.416254372682209,4.416254372682209,5.525607667871599,5.525607667871599,0.0,0.0,0.0,0.0
2008-02-17,4.415085960476008,4.415085960476008,5.525607667871599,5.525607667871599,0.0,0.0,0.0,0.0
2008-02-18,4.4138740494601745,4.4138740494601745,5.5256076684530875,5.5256076684530875,0.0,0.0,0.0,0.0
2008-02-19,4.418800361684663,4.418800361684663,5.5256076684530875,5.5256076684530875,0.0,0.0,0.0,0.0
2008-02-20,4.414433473475304,4.414433473475304,5.5256076684530875,5.5256076684530875,0.0,0.0,0.0,0.0
2008-02-21,4.42469602783871,4.42469602783871,5.5256076684530875,5.5256076684530875,0.0,0.0,0.0,0.0
2008-02-22,4.426216541478997,4.426216541478997,5.5256076684530875,5.5256076684530875,0.0,0.0,0.0,0.0
2008-02-23,4.444978105293698,4.444978105293698,5.5256076684530875,5.5256076684530875,0.0,0.0,0.0,0.0
2008-02-24,4.474026812830212,4.474026812830212,5.5256076684530875,5.5256076684530875,0.0,0.0,0.0,0.0
2008-02-25,4.452153718528879,4.452153718528879,5.525607669063241,5.525607669063241,0.0,0.0,0.0,0.0
2008-02-26,4.4452326983159445,4.4452326983159445,5.525607669063241,5.525607669063241,0.0,0.0,0.0,0.0
2008-02-27,4.44526911803212,4.44526911803212,5.525607669063241,5.525607669063241,0.0,0.0,0.0,0.0
2008-02-28,4.4427373205016405,4.4427373205016405,5.525607669063241,5.525607669063241,0.0,0.0,0.0,0.0
2008-02-29,4.4393554658088545,4.4393554658088545,5.525607669063241,5.525607669063241,0.0,0.0,0.0,0.0
2008-03-01,4.431119546822014,4.431119546822014,5.525607669063241,5.525607669063241,0.0,0.0,0.0,0.0
2008-03-02,4.428098913895729,4.428098913895729,5.525607669063241,5.525607669063241,0.0,0.0,0.0,0.0
2008-03-03,4.425518161496516,4.425518161496516,5.525607669705027,5.525607669705027,0.0,0.0,0.0,0.0
2008-03-04,4.423049143848249,4.423049143848249,5.525607669705027,5.525607669705027,0.0,0.0,0.0,0.0
2008-03-05,4.42062722804105,4.42062722804105,5.525607669705027,5.525607669705027,0.0,0.0,0.0,0.0
2008-03-06,4.418413120875451,4.418413120875451,5.525607669705027,5.525607669705027,0.0,0.0,0.0,0.0
2008-03-07,4.416458708990698,4.416458708990698,5.525607669705027,5.525607669705027,0.0,0.0,0.0,0.0
2008-03-08,4.414607752087426,4.414607752087426,5.525607669705027,5.525607669705027,0.0,0.0,0.0,0.0
2008-03-09,4.412893400452607,4.412893400452607,5.525607669705027,5.525607669705027,0.0,0.0,0.0,0.0
2008-03-10,4.411321715355244,4.411321715355244,5.5256076703819135,5.5256076703819135,0.0,0.0,0.0,0.0
2008-03-11,4.409884132321391,4.409884132321391,5.5256076703819135,5.5256076703819135,0.0,0.0,0.0,0.0
2008-03-12,4.409813195799672,4.409813195799672,5.5256076703819135,5.5256076703819135,0.0,0.0,0.0,0.0
2008-03-13,4.407471752877784,4.407471752877784,5.5256076703819135,5.5256076703819135,0.0,0.0,0.0,0.0
2008-03-14,4.410191472364999,4.410191472364999,5.5256076703819135,5.5256076703819135,0.0,0.0,0.0,0.0
2008-03-15,4.407036731169357,4.407036731169357,5.5256076703819135,5.5256076703819135,0.0,0.0,0.0,0.0
2008-03-16,4.405425860508626,4.405425860508626,5.5256076703819135,5.5256076703819135,0.0,0.0,0.0,0.0
2008-03-17,4.404674083272109,4.404674083272109,5.525607671097961,5.525607671097961,0.0,0.0,0.0,0.0
2008-03-18,4.404030487534252,4.404030487534252,5.525607671097961,5.525607671097961,0.0,0.0,0.0,0.0
2008-03-19,4.40332339489384,4.40332339489384,5.525607671097961,5.525607671097961,0.0,0.0,0.0,0.0
2008-03-20,4.402621283682525,4.402621283682525,5.525607671097961,5.525607671097961,0.0,0.0,0.0,0.0
2008-03-21,4.402009597197094,4.402009597197094,5.525607671097961,5.525607671097961,0.0,0.0,0.0,0.0
2008-03-22,4.4014233486369765,4.4014233486369765,5.525607671097961,5.525607671097961,0.0,0.0,0.0,0.0
2008-03-23,4.400798159959248,4.400798159959248,5.525607671097961,5.525607671097961,0.0,0.0,0.0,0.0
2008-03-24,4.400149145639819,4.400149145639819,5.525607671857974,5.525607671857974,0.0,0.0,0.0,0.0
2008-03-25,4.399527689846672,4.399527689846672,5.525607671857974,5.525607671857974,0.0,0.0,0.0,0.0
2008-03-26,4.399024759901352,4.399024759901352,5.525607671857974,5.525607671857974,0.0,0.0,0.0,0.0
2008-03-27,4.398655503737384,4.398655503737384,5.525607671857974,5.525607671857974,0.0,0.0,0.0,0.0
2008-03-28,4.3983552917276905,4.3983552917276905,5.525607671857974,5.525607671857974,0.0,0.0,0.0,0.0
2008-03-29,4.398103403312758,4.398103403312758,5.525607671857974,5.525607671857974,0.0,0.0,0.0,0.0
2008-03-30,4.3978777033709004,4.3978777033709004,5.525607671857974,5.525607671857974,0.0,0.0,0.0,0.0
2008-03-31,4.397684128435842,4.397684128435842,5.525607672667709,5.525607672667709,0.0,0.0,0.0,0.0
2008-04-01,4.397551609694924,4.397551609694924,5.525607672667709,5.525607672667709,0.0,0.0,0.0,0.0
2008-04-02,4.397258474014812,4.397258474014812,5.525607672667709,5.525607672667709,0.0,0.0,0.0,0.0
2008-04-03,4.39696429644732,4.39696429644732,5.525607672667709,5.525607672667709,0.0,0.0,0.0,0.0
2008-04-04,4.396676831062391,4.396676831062391,5.525607672667709,5.525607672667709,0.0,0.0,0.0,0.0
2008-04-05,4.39641056843157,4.39641056843157,5.525607672667709,5.525607672667709,0.0,0.0,0.0,0.0
2008-04-06,4.39619461012457,4.39619461012457,5.525607672667709,5.525607672667709,0.0,0.0,0.0,0.0
2008-04-07,4.396024138500888,4.396024138500888,5.525607673534125,5.525607673534125,0.0,0.0,0.0,0.0
2008-04-08,4.395885174374817,4.395885174374817,5.525607673534125,5.525607673534125,0.0,0.0,0.0,0.0
2008-04-09,4.395783498474274,4.395783498474274,5.525607673534125,5.525607673534125,0.0,0.0,0.0,0.0
2008-04-10,4.395704143311777,4.395704143311777,5.525607673534125,5.525607673534125,0.0,0.0,0.0,0.0
2008-04-11,4.3956124154706595,4.3956124154706595,5.525607673534125,5.525607673534125,0.0,0.0,0.0,0.0
2008-04-12,4.395519748849536,4.395519748849536,5.525607673534125,5.525607673534125,0.0,0.0,0.0,0.0
2008-04-13,4.395447959867264,4.395447959867264,5.525607673534125,5.525607673534125,0.0,0.0,0.0,0.0
2008-04-14,4.395414887503761,4.395414887503761,5.525607674465753,5.525607674465753,0.0,0.0,28.559385540768584,28.559385540768584
2008-04-15,4.395406993298482,4.395406993298482,5.525607674465753,5.525607674465753,0.0,0.0,57.11877095359112,57.11877095359112
2008-04-16,4.395402526443978,4.395402526443978,5.525607674465753,5.525607674465753,0.0,0.0,114.23754165129013,114.23754165129013
2008-04-17,4.395398162566038,4.395398162566038,5.525607674465753,5.525607674465753,0.0,0.0,40.27668453873277,40.27668453873277
2008-04-18,4.395392210378141,4.395392210378141,5.525607674465753,5.525607674465753,0.0,0.0,6.982526612000001,6.982526612000001
2008-04-19,4.395385293617407,4.395385293617407,5.525607674465753,5.525607674465753,0.0,0.0,7.82296238,7.82296238
2008-04-20,4.395379583846663,4.395379583846663,5.525607674465753,5.525607674465753,0.0,0.0,7.010402744,7.010402744
2008-04-21,4.39537608162604,4.39537608162604,5.525607675473214,5.525607675473214,0.0,0.0,0.0,0.0
2008-04-22,4.395559539087292,4.395559539087292,5.525607675473214,5.525607675473214,0.0,0.0,0.0,0.0
2008-04-23,4.395370679183294,4.395370679183294,5.525607675473214,5.525607675473214,0.0,0.0,0.0,0.0
2008-04-24,4.395394837537779,4.395394837537779,5.525607675473214,5.525607675473214,0.0,0.0,0.0,0.0
2008-04-25,4.395363971331997,4.395363971331997,5.525607675473214,5.525607675473214,0.0,0.0,0.0,0.0
2008-04-26,4.395358012949518,4.395358012949518,5.525607675473214,5.525607675473214,0.0,0.0,0.0,0.0
2008-04-27,4.395350666628982,4.395350666628982,5.525607675473214,5.525607675473214,0.0,0.0,0.0,0.0
2008-04-28,4.395341893130288,4.395341893130288,5.525607676569941,5.525607676569941,0.0,0.0,0.0,0.0
2008-04-29,4.395332452256246,4.395332452256246,5.525607676569941,5.525607676569941,0.0,0.0,0.0,0.0
2008-04-30,4.395324812691592,4.395324812691592,5.525607676569941,5.525607676569941,0.0,0.0,0.0,0.0
2008-05-01,4.39531908887949,4.39531908887949,5.525607676569941,5.525607676569941,0.0,0.0,0.0,0.0
2008-05-02,4.39531260963584,4.39531260963584,5.525607676569941,5.525607676569941,0.0,0.0,0.0,0.0
2008-05-03,4.395304945282015,4.395304945282015,5.525607676569941,5.525607676569941,0.0,0.0,0.0,0.0
2008-05-04,4.395296613311588,4.395296613311588,5.525607676569941,5.525607676569941,0.0,0.0,0.0,0.0
2008-05-05,4.395287852582286,4.395287852582286,5.525607677773297,5.525607677773297,0.0,0.0,0.0,0.0
2008-05-06,4.3952786973163205,4.3952786973163205,5.525607677773297,5.525607677773297,0.0,0.0,0.0,0.0
2008-05-07,4.395268759838331,4.395268759838331,5.525607677773297,5.525607677773297,0.0,0.0,0.0,0.0
2008-05-08,4.395259476393885,4.395259476393885,5.525607677773297,5.525607677773297,0.0,0.0,0.0,0.0
2008-05-09,4.395250866779009,4.395250866779009,5.525607677773297,5.525607677773297,0.0,0.0,0.0,0.0
2008-05-10,4.395241785286609,4.395241785286609,5.525607677773297,5.525607677773297,0.0,0.0,0.0,0.0
2008-05-11,4.3952323312311625,4.3952323312311625,5.525607677773297,5.525607677773297,0.0,0.0,0.0,0.0
2008-05-12,4.395222431984597,4.395222431984597,5.525607679106244,5.525607679106244,0.0,0.0,0.0,0.0
2008-05-13,4.3952134376743786,4.3952134376743786,5.525607679106244,5.525607679106244,0.0,0.0,0.0,0.0
2008-05-14,4.395204135591023,4.395204135591023,5.525607679106244,5.525607679106244,0.0,0.0,0.0,0.0
2008-05-15,4.395193273267274,4.395193273267274,5.525607679106244,5.525607679106244,0.0,0.0,0.0,0.0
2008-05-16,4.395180839900935,4.395180839900935,5.525607679106244,5.525607679106244,0.0,0.0,0.0,0.0
2008-05-17,4.395167657121647,4.395167657121647,5.525607679106244,5.525607679106244,0.0,0.0,0.0,0.0
2008-05-18,4.39515484882715,4.39515484882715,5.525607679106244,5.525607679106244,0.0,0.0,0.0,0.0
2008-05-19,4.395142006465982,4.395142006465982,5.525607680600067,5.525607680600067,0.0,0.0,0.0,0.0
2008-05-20,4.395129358742011,4.395129358742011,5.525607680600067,5.525607680600067,0.0,0.0,0.0,0.0
2008-05-21,4.395117983076358,4.395117983076358,5.525607680600067,5.525607680600067,0.0,0.0,0.0,0.0
2008-05-22,4.395547096822866,4.395547096822866,5.525607680600067,5.525607680600067,0.0,0.0,0.0,0.0
2008-05-23,4.395105244509872,4.395105244509872,5.525607680600067,5.525607680600067,0.0,0.0,0.0,0.0
2008-05-24,4.3978312411320735,4.3978312411320735,5.525607680600067,5.525607680600067,0.0,0.0,0.0,0.0
2008-05-25,4.395599260920034,4.395599260920034,5.525607680600067,5.525607680600067,0.0,0.0,0.0,0.0
2008-05-26,4.3951165149751485,4.3951165149751485,5.52560768229892,5.52560768229892,0.0,0.0,40.5745131285723,40.5745131285723
2008-05-27,4.395957182686555,4.395957182686555,5.52560768229892,5.52560768229892,0.0,0.0,81.14902607537077,81.14902607537077
2008-05-28,4.39509020009138,4.39509020009138,5.52560768229892,5.52560768229892,0.0,0.0,123.89993166005688,123.89993166005688
2008-05-29,4.3950847380231055,4.3950847380231055,5.52560768229892,5.52560768229892,0.0,0.0,3.929200328,3.929200328
2008-05-30,4.395077975629972,4.395077975629972,5.52560768229892,5.52560768229892,0.0,0.0,4.082773526,4.082773526
2008-05-31,4.395070528658859,4.395070528658859,5.52560768229892,5.52560768229892,0.0,0.0,4.259655916,4.259655916
2008-06-01,4.395103207280402,4.395103207280402,5.52560768229892,5.52560768229892,0.0,0.0,0.7810559982504346,0.7810559982504346
2008-06-02,4.395095062537182,4.395095062537182,5.525607684268041,5.525607684268041,0.0,0.0,0.0,0.0
2008-06-03,4.395086882922499,4.395086882922499,5.525607684268041,5.525607684268041,0.0,0.0,0.7810559982504345,0.7810559982504345
2008-06-04,4.3950789740367355,4.3950789740367355,5.525607684268041,5.525607684268041,0.0,0.0,0.7810559982504345,0.7810559982504345
2008-06-05,4.395071722336346,4.395071722336346,5.525607684268041,5.525607684268041,0.0,0.0,0.7810559982504345,0.7810559982504345
2008-06-06,4.395064809391613,4.395064809391613,5.525607684268041,5.525607684268041,0.0,0.0,0.7810559982504345,0.7810559982504345
2008-06-07,4.395057931408836,4.395057931408836,5.525607684268041,5.525607684268041,0.0,0.0,0.7810559982504345,0.7810559982504345
2008-06-08,4.395051238801259,4.395051238801259,5.525607684268041,5.525607684268041,0.0,0.0,0.7810559982504345,0.7810559982504345
2008-06-09,4.395044493790441,4.395044493790441,5.132421238466684,5.132421238466684,0.0,0.0,0.7810559982504345,0.7810559982504345
2008-06-10,4.3950378676267725,4.3950378676267725,5.132421238466684,5.132421238466684,0.0,0.0,0.7810559982504345,0.7810559982504345
2008-06-11,4.395031709634515,4.395031709634515,5.132421238466684,5.132421238466684,0.0,0.0,0.7810559982504345,0.7810559982504345
2008-06-12,4.3950260789308375,4.3950260789308375,5.132421238466684,5.132421238466684,0.0,0.0,0.7810559982504345,0.7810559982504345
2008-06-13,4.395020819576085,4.395020819576085,5.132421238466684,5.132421238466684,0.0,0.0,0.7810559982504345,0.7810559982504345
2008-06-14,4.395016040833115,4.395016040833115,5.132421238466684,5.132421238466684,0.0,0.0,0.7810559982504345,0.7810559982504345
2008-06-15,4.395011718518134,4.395011718518134,5.132421238466684,5.132421238466684,0.0,0.0,0.7810559982504345,0.7810559982504345
2008-06-16,4.3950076878105,4.3950076878105,4.404412790134115,4.404412790134115,0.0,0.0,0.0,0.0
2008-06-17,4.3950040594003115,4.3950040594003115,4.404412790134115,4.404412790134115,0.0,0.0,0.7810559982504345,0.7810559982504345
2008-06-18,4.395000809091079,4.395000809091079,4.404412790134115,4.404412790134115,0.0,0.0,0.7810559982504345,0.7810559982504345
2008-06-19,4.394997917261749,4.394997917261749,4.404412790134115,4.404412790134115,0.0,0.0,0.7810559982504345,0.7810559982504345
2008-06-20,4.394995454841179,4.394995454841179,4.404412790134115,4.404412790134115,0.0,0.0,0.7810559982504345,0.7810559982504345
2008-06-21,4.394993496157258,4.394993496157258,4.404412790134115,4.404412790134115,0.0,0.0,0.7810559982504345,0.7810559982504345
2008-06-22,4.394991935430308,4.394991935430308,4.404412790134115,4.404412790134115,0.0,0.0,0.7810559982504345,0.7810559982504345
2008-06-23,4.3949903446931025,4.3949903446931025,4.404412790134115,4.404412790134115,0.0,0.0,0.7810559982504345,0.7810559982504345
2008-06-24,4.394988716683995,4.394988716683995,4.404412790134115,4.404412790134115,0.0,0.0,0.7810559982504345,0.7810559982504345
2008-06-25,4.394987314101866,4.394987314101866,4.404412790134115,4.404412790134115,0.0,0.0,0.7810559982504345,0.7810559982504345
2008-06-26,4.394986121215262,4.394986121215262,4.404412790134115,4.404412790134115,0.0,0.0,0.7810559982504345,0.7810559982504345
2008-06-27,4.394985095962517,4.394985095962517,4.404412790134115,4.404412790134115,0.0,0.0,0.7810559982504345,0.7810559982504345
2008-06-28,4.394984219254423,4.394984219254423,4.404412790134115,4.404412790134115,0.0,0.0,0.7810559982504345,0.7810559982504345
2008-06-29,4.394983472976551,4.394983472976551,4.404412790134115,4.404412790134115,0.0,0.0,0.7810559982504345,0.7810559982504345
2008-06-30,4.394982812296888,4.394982812296888,4.404412790134115,4.404412790134115,0.0,0.0,0.0,0.0
2008-07-01,2.603590979013852,2.603590979013852,2.61294268423606,2.61294268423606,0.0,0.0,0.7810559982504345,0.7810559982504345
2008-07-02,2.6452436972164506,2.6452436972164506,2.6545961261855804,2.6545961261855804,0.0,0.0,0.7810559982504345,0.7810559982504345
2008-07-03,2.60358957044926,2.60358957044926,2.61294268423606,2.61294268423606,0.0,0.0,0.7810559982504345,0.7810559982504345
2008-07-04,2.26343109335162,2.26343109335162,2.27278482879402,2.27278482879402,0.0,0.0,0.7810559982504345,0.7810559982504345
2008-07-05,2.194936849562409,2.194936849562409,2.2042910245010785,2.2042910245010785,0.0,0.0,0.7810559982504345,0.7810559982504345
2008-07-06,2.194940438466997,2.194940438466997,2.204294923706793,2.204294923706793,0.0,0.0,0.7810559982504345,0.7810559982504345
2008-07-07,2.194943479063628,2.194943479063628,2.204298274695724,2.204298274695724,0.0,0.0,0.7810559982504345,0.7810559982504345
2008-07-08,2.1949462470169974,2.1949462470169974,2.2043013627232697,2.2043013627232697,0.0,0.0,0.7810559982504345,0.7810559982504345
2008-07-09,2.1949490266727727,2.1949490266727727,2.2043044808664387,2.2043044808664387,0.0,0.0,0.7810559982504345,0.7810559982504345
2008-07-10,2.1949513211271503,2.1949513211271503,2.2043070071252244,2.2043070071252244,0.0,0.0,0.7810559982504345,0.7810559982504345
2008-07-11,2.1949529336470013,2.1949529336470013,2.204308727868316,2.204308727868316,0.0,0.0,0.7810559982504345,0.7810559982504345
2008-07-12,2.19495417323405,2.19495417323405,2.2043100687513397,2.2043100687513397,0.0,0.0,0.7810559982504345,0.7810559982504345
2008-07-13,2.1949553140359455,2.1949553140359455,2.2043113078753946,2.2043113078753946,0.0,0.0,0.7810559982504345,0.7810559982504345
2008-07-14,2.194956454199561,2.194956454199561,2.204312546279695,2.204312546279695,0.0,0.0,0.0,0.0
2008-07-15,2.1949575943125477,2.1949575943125477,2.2043137846333662,2.2043137846333662,0.0,0.0,0.7810559982504345,0.7810559982504345
2008-07-16,2.1949587341127232,2.1949587341127232,2.2043150226664676,2.2043150226664676,0.0,0.0,0.7810559982504345,0.7810559982504345
2008-07-17,2.1949598734717077,2.1949598734717077,2.2043162602137603,2.2043162602137603,0.0,0.0,0.7810559982504345,0.7810559982504345
2008-07-18,2.1949610126860395,2.1949610126860395,2.2043174976164006,2.2043174976164006,0.0,0.0,0.7810559982504345,0.7810559982504345
2008-07-19,2.1949621517991145,2.1949621517991145,2.204318734880926,2.204318734880926,0.0,0.0,0.7810559982504345,0.7810559982504345
2008-07-20,2.194963290481848,2.194963290481848,2.2043199717073514,2.2043199717073514,0.0,0.0,0.7810559982504345,0.7810559982504345
2008-07-21,2.194964429088638,2.194964429088638,2.2043212084209753,2.2043212084209753,0.0,0.0,0.7810559982504345,0.7810559982504345
2008-07-22,2.194965567196377,2.194965567196377,2.204322444590931,2.204322444590931,0.0,0.0,0.7810559982504345,0.7810559982504345
2008-07-23,2.1949667050328916,2.1949667050328916,2.2043236804819037,2.2043236804819037,0.0,0.0,0.7810559982504345,0.7810559982504345
2008-07-24,2.194967842697631,2.194967842697631,2.2043249162011005,2.2043249162011005,0.0,0.0,0.7810559982504345,0.7810559982504345
2008-07-25,2.1949689802683463,2.1949689802683463,2.2043261517894157,2.2043261517894157,0.0,0.0,0.7810559982504345,0.7810559982504345
2008-07-26,2.194970117444883,2.194970117444883,2.204327386975793,2.204327386975793,0.0,0.0,0.7810559982504345,0.7810559982504345
2008-07-27,2.194971254420714,2.194971254420714,2.2043286219246077,2.2043286219246077,0.0,0.0,0.7810559982504345,0.7810559982504345
2008-07-28,2.1949723910186396,2.1949723910186396,2.204329856450899,2.204329856450899,0.0,0.0,0.0,0.0
2008-07-29,2.194973527316411,2.194973527316411,2.2043310906692772,2.2043310906692772,0.0,0.0,0.7810559982504345,0.7810559982504345
2008-07-30,2.1949746634713376,2.1949746634713376,2.204332324744811,2.204332324744811,0.0,0.0,0.7810559982504345,0.7810559982504345
2008-07-31,2.194975799427367,2.194975799427367,2.2043335585845893,2.2043335585845893,0.0,0.0,0.7810559982504345,0.7810559982504345
2008-08-01,2.191880520509675,2.191880520509675,2.200974330112824,2.200974330112824,0.0,0.0,0.7810559982504345,0.7810559982504345
2008-08-02,2.1918823559010887,2.1918823559010887,2.200976323655254,2.200976323655254,0.0,0.0,0.7810559982504345,0.7810559982504345
2008-08-03,2.1918841905325794,2.1918841905325794,2.200978316365641,2.200978316365641,0.0,0.0,0.7810559982504345,0.7810559982504345
2008-08-04,2.191886025187453,2.191886025187453,2.2009803090994104,2.2009803090994104,0.0,0.0,0.7810559982504345,0.7810559982504345
2008-08-05,2.191887859123322,2.191887859123322,2.200982301101633,2.200982301101633,0.0,0.0,0.7810559982504345,0.7810559982504345
2008-08-06,2.1918896924483304,2.1918896924483304,2.2009842924208742,2.2009842924208742,0.0,0.0,0.7810559982504345,0.7810559982504345
2008-08-07,2.191891525972088,2.191891525972088,2.2009862838918295,2.2009862838918295,0.0,0.0,0.7810559982504345,0.7810559982504345
2008-08-08,2.1918933584407223,2.1918933584407223,2.200988274282576,2.200988274282576,0.0,0.0,0.7810559982504345,0.7810559982504345
2008-08-09,2.1918951907252215,2.1918951907252215,2.2009902644891874,2.2009902644891874,0.0,0.0,0.7810559982504345,0.7810559982504345
2008-08-10,2.191897022816817,2.191897022816817,2.200992254443317,2.200992254443317,0.0,0.0,0.7810559982504345,0.7810559982504345
2008-08-11,2.1918988542917064,2.1918988542917064,2.200994243768198,2.200994243768198,0.0,0.0,0.0,0.0
2008-08-12,2.1919006855006224,2.1919006855006224,2.200996232767528,2.200996232767528,0.0,0.0,0.7810559982504345,0.7810559982504345
2008-08-13,2.1919025160402223,2.1919025160402223,2.200998221025421,2.200998221025421,0.0,0.0,0.7810559982504345,0.7810559982504345
2008-08-14,2.1919043464833705,2.1919043464833705,2.201000209186862,2.201000209186862,0.0,0.0,0.7810559982504345,0.7810559982504345
2008-08-15,2.191906176260125,2.191906176260125,2.2010021966693674,2.2010021966693674,0.0,0.0,0.7810559982504345,0.7810559982504345
2008-08-16,2.191908005712451,2.191908005712451,2.201004183767866,2.201004183767866,0.0,0.0,0.7810559982504345,0.7810559982504345
2008-08-17,2.191909834583144,2.191909834583144,2.2010061702126107,2.2010061702126107,0.0,0.0,0.7810559982504345,0.7810559982504345
2008-08-18,2.1919116633778444,2.1919116633778444,2.2010081565813633,2.2010081565813633,0.0,0.0,0.7810559982504345,0.7810559982504345
2008-08-19,2.191913491552916,2.191913491552916,2.2010101423179447,2.2010101423179447,0.0,0.0,0.7810559982504345,0.7810559982504345
2008-08-20,2.191915319356794,2.191915319356794,2.2010121276237538,2.2010121276237538,0.0,0.0,0.7810559982504345,0.7810559982504345
2008-08-21,2.1919171465994993,2.1919171465994993,2.20101411229627,2.20101411229627,0.0,0.0,0.7810559982504345,0.7810559982504345
2008-08-22,2.19191897361715,2.19191897361715,2.2010160967437313,2.2010160967437313,0.0,0.0,0.7810559982504345,0.7810559982504345
2008-08-23,2.191920800097009,2.191920800097009,2.201018080640859,2.201018080640859,0.0,0.0,0.7810559982504345,0.7810559982504345
2008-08-24,2.1919226262495175,2.1919226262495175,2.2010200641510576,2.2010200641510576,0.0,0.0,0.7810559982504345,0.7810559982504345
2008-08-25,2.191924451840852,2.191924451840852,2.201022047027962,2.201022047027962,0.0,0.0,0.0,0.0
2008-08-26,2.1919262772100554,2.1919262772100554,2.201024029682735,2.201024029682735,0.0,0.0,0.7810559982504345,0.7810559982504345
2008-08-27,2.191928102061927,2.191928102061927,2.2010260118076332,2.2010260118076332,0.0,0.0,0.7810559982504345,0.7810559982504345
2008-08-28,2.19192992656891,2.19192992656891,2.2010279935280654,2.2010279935280654,0.0,0.0,0.7810559982504345,0.7810559982504345
2008-08-29,2.1919317503627354,2.1919317503627354,2.2010299744632196,2.2010299744632196,0.0,0.0,0.7810559982504345,0.7810559982504345
2008-08-30,2.1919335740542634,2.1919335740542634,2.201031955296076,2.201031955296076,0.0,0.0,0.7810559982504345,0.7810559982504345
2008-08-31,2.1919353973307567,2.1919353973307567,2.2010339357013553,2.2010339357013553,0.0,0.0,0.7810559982504345,0.7810559982504345
2008-09-01,2.1924629304791874,2.1924629304791874,2.201606452669833,2.201606452669833,0.0,0.0,0.7810559982504345,0.7810559982504345
2008-09-02,2.1924646337922438,2.1924646337922438,2.2016083027434346,2.2016083027434346,0.0,0.0,0.7810559982504345,0.7810559982504345
2008-09-03,2.192466337034263,2.192466337034263,2.2016101527459995,2.2016101527459995,0.0,0.0,0.7810559982504345,0.7810559982504345
2008-09-04,2.1924680397708243,2.1924680397708243,2.201612002231381,2.201612002231381,0.0,0.0,0.7810559982504345,0.7810559982504345
2008-09-05,2.192469742250558,2.192469742250558,2.201613851404242,2.201613851404242,0.0,0.0,0.7810559982504345,0.7810559982504345
2008-09-06,2.1924714444543385,2.1924714444543385,2.2016157002454566,2.2016157002454566,0.0,0.0,0.7810559982504345,0.7810559982504345
2008-09-07,2.192473145649934,2.192473145649934,2.201617548055036,2.201617548055036,0.0,0.0,0.7810559982504345,0.7810559982504345
2008-09-08,2.1924748472580933,2.1924748472580933,2.201619396288905,2.201619396288905,0.0,0.0,0.0,0.0
2008-09-09,2.1924765481039663,2.1924765481039663,2.2016212436930687,2.2016212436930687,0.0,0.0,0.7810559982504345,0.7810559982504345
2008-09-10,2.192478248351486,2.192478248351486,2.201623090431461,2.201623090431461,0.0,0.0,0.7810559982504345,0.7810559982504345
2008-09-11,2.192479948538897,2.192479948538897,2.2016249371097447,2.2016249371097447,0.0,0.0,0.7810559982504345,0.7810559982504345
2008-09-12,2.192481648043256,2.192481648043256,2.201626783093251,2.201626783093251,0.0,0.0,0.7810559982504345,0.7810559982504345
2008-09-13,2.192483347443791,2.192483347443791,2.201628628917241,2.201628628917241,0.0,0.0,0.7810559982504345,0.7810559982504345
2008-09-14,2.1924850465164614,2.1924850465164614,2.201630474357673,2.201630474357673,0.0,0.0,0.7810559982504345,0.7810559982504345
2008-09-15,2.192486745061815,2.192486745061815,2.201632319259063,2.201632319259063,0.0,0.0,0.7810559982504345,0.7810559982504345
2008-09-16,2.1924884431263005,2.1924884431263005,2.20163416366786,2.20163416366786,0.0,0.0,0.7810559982504345,0.7810559982504345
2008-09-17,2.192490140865653,2.192490140865653,2.201636007695831,2.201636007695831,0.0,0.0,0.7810559982504345,0.7810559982504345
2008-09-18,2.192491838443806,2.192491838443806,2.201637851506909,2.201637851506909,0.0,0.0,0.7810559982504345,0.7810559982504345
2008-09-19,2.19249353544273,2.19249353544273,2.201639694727033,2.201639694727033,0.0,0.0,0.7810559982504345,0.7810559982504345
2008-09-20,2.1924952318241755,2.1924952318241755,2.2016415373179536,2.2016415373179536,0.0,0.0,0.7810559982504345,0.7810559982504345
2008-09-21,2.192496928019831,2.192496928019831,2.201643379667391,2.201643379667391,0.0,0.0,0.7810559982504345,0.7810559982504345
2008-09-22,2.192498624098001,2.192498624098001,2.2016452218436493,2.2016452218436493,0.0,0.0,0.0,0.0
2008-09-23,2.1925003195177095,2.1925003195177095,2.201647063349722,2.201647063349722,0.0,0.0,0.7810559982504345,0.7810559982504345
2008-09-24,2.1925020143991727,2.1925020143991727,2.201648904305824,2.201648904305824,0.0,0.0,0.7810559982504345,0.7810559982504345
2008-09-25,2.192503709053862,2.192503709053862,2.2016507449794593,2.2016507449794593,0.0,0.0,0.7810559982504345,0.7810559982504345
2008-09-26,2.1925054034052773,2.1925054034052773,2.2016525852941267,2.2016525852941267,0.0,0.0,0.7810559982504345,0.7810559982504345
2008-09-27,2.1925070973250036,2.1925070973250036,2.2016544251653802,2.2016544251653802,0.0,0.0,0.7810559982504345,0.7810559982504345
2008-09-28,2.192508790662769,2.192508790662769,2.2016562644429487,2.2016562644429487,0.0,0.0,0.7810559982504345,0.7810559982504345
2008-09-29,2.192510484161735,2.192510484161735,2.2016581038377487,2.2016581038377487,0.0,0.0,0.7810559982504345,0.7810559982504345
2008-09-30,2.192512176657981,2.192512176657981,2.2016599421506857,2.2016599421506857,0.0,0.0,0.7810559982504345,0.7810559982504345
2008-10-01,2.1940216024692267,2.1940216024692267,2.2032980673985545,2.2032980673985545,0.0,0.0,0.7810559982504345,0.7810559982504345
2008-10-02,2.194022953844131,2.194022953844131,2.2032995352221483,2.2032995352221483,0.0,0.0,0.7810559982504345,0.7810559982504345
2008-10-03,2.153692035339006,2.153692035339006,2.159506580454275,2.159506580454275,0.0,0.0,0.7810559982504345,0.7810559982504345
2008-10-04,2.1883232879304293,2.1883232879304293,2.197261055973956,2.197261055973956,0.0,0.0,0.7810559982504345,0.7810559982504345
2008-10-05,2.1919209369002575,2.1919209369002575,2.200978858024369,2.200978858024369,0.0,0.0,0.7810559982504345,0.7810559982504345
2008-10-06,2.178147347150377,2.178147347150377,2.187424393946271,2.187424393946271,0.0,0.0,0.0,0.0
2008-10-07,2.1781486968190107,2.1781486968190107,2.1874258599114382,2.1874258599114382,0.0,0.0,0.7810559982504345,0.7810559982504345
2008-10-08,2.1781500456235996,2.1781500456235996,2.187427324993833,2.187427324993833,0.0,0.0,0.7810559982504345,0.7810559982504345
2008-10-09,2.1781513946441997,2.1781513946441997,2.187428790257126,2.187428790257126,0.0,0.0,0.7810559982504345,0.7810559982504345
2008-10-10,2.1781527427527525,2.1781527427527525,2.1874302545451685,2.1874302545451685,0.0,0.0,0.7810559982504345,0.7810559982504345
2008-10-11,2.1781540907238433,2.1781540907238433,2.1874317186957493,2.1874317186957493,0.0,0.0,0.7810559982504345,0.7810559982504345
2008-10-12,2.1781554386054753,2.1781554386054753,2.187433182756871,2.187433182756871,0.0,0.0,0.7810559982504345,0.7810559982504345
2008-10-13,2.1940377940853297,2.1940377940853297,2.2033156543623753,2.2033156543623753,0.0,0.0,0.7810559982504345,0.7810559982504345
2008-10-14,2.1940391412687434,2.1940391412687434,2.203317117626962,2.203317117626962,0.0,0.0,0.7810559982504345,0.7810559982504345
2008-10-15,2.194040488046318,2.194040488046318,2.2033185804763464,2.2033185804763464,0.0,0.0,0.7810559982504345,0.7810559982504345
2008-10-16,2.1940418346973405,2.1940418346973405,2.203320043199179,2.203320043199179,0.0,0.0,0.7810559982504345,0.7810559982504345
2008-10-17,2.194043181256722,2.194043181256722,2.203321505785894,2.203321505785894,0.0,0.0,0.7810559982504345,0.7810559982504345
2008-10-18,2.1940445271244307,2.1940445271244307,2.203322967662209,2.203322967662209,0.0,0.0,0.7810559982504345,0.7810559982504345
2008-10-19,2.1940458730052312,2.1940458730052312,2.203324429516503,2.203324429516503,0.0,0.0,0.7810559982504345,0.7810559982504345
2008-10-20,2.112928664863988,2.112928664863988,2.1222073372949137,2.1222073372949137,0.0,0.0,0.0,0.0
2008-10-21,2.1129300100509347,2.1129300100509347,2.122208798436627,2.122208798436627,0.0,0.0,0.7810559982504345,0.7810559982504345
2008-10-22,2.112931354925865,2.112931354925865,2.1222102591773706,2.1222102591773706,0.0,0.0,0.7810559982504345,0.7810559982504345
2008-10-23,2.112932699384046,2.112932699384046,2.122211719492002,2.122211719492002,0.0,0.0,0.7810559982504345,0.7810559982504345
2008-10-24,2.112934043798589,2.112934043798589,2.1222131797629955,2.1222131797629955,0.0,0.0,0.7810559982504345,0.7810559982504345
2008-10-25,2.1129353879622093,2.1129353879622093,2.1222146397385897,2.1222146397385897,0.0,0.0,0.7810559982504345,0.7810559982504345
2008-10-26,2.112936731807268,2.112936731807268,2.1222160993862587,2.1222160993862587,0.0,0.0,0.7810559982504345,0.7810559982504345
2008-10-27,1.8439446323218462,1.8439446323218462,1.8532241156496072,1.8532241156496072,0.0,0.0,0.7810559982504345,0.7810559982504345
2008-10-28,1.843945975525417,1.843945975525417,1.8532255746019484,1.8532255746019484,0.0,0.0,0.7810559982504345,0.7810559982504345
2008-10-29,1.8439473181485937,1.8439473181485937,1.8532270329200558,1.8532270329200558,0.0,0.0,0.7810559982504345,0.7810559982504345
2008-10-30,1.8321490930968567,1.8321490930968567,1.8394946494907367,1.8394946494907367,0.0,0.0,0.7810559982504345,0.7810559982504345
2008-10-31,1.8358728970033622,1.8358728970033622,1.8450477613549272,1.8450477613549272,0.0,0.0,0.7810559982504345,0.7810559982504345
2008-11-01,1.5991497369142502,1.5991497369142502,1.585893337310663,1.585893337310663,0.0,0.0,1.562111993001738,1.562111993001738
2008-11-02,1.6496010472829339,1.6496010472829339,1.6411799521632533,1.6411799521632533,0.0,0.0,3.1242239790052144,3.1242239790052144
2008-11-03,1.2254023262512637,1.2254023262512637,1.211508320686908,1.211508320686908,0.0,0.0,0.0,0.0
2008-11-04,1.3520426222113846,1.3520426222113846,1.349833523348061,1.349833523348061,0.0,0.0,0.0,0.0
2008-11-05,1.478314220456879,1.478314220456879,1.4875448990526823,1.4875448990526823,0.0,0.0,0.0,0.0
2008-11-06,1.4777324496689828,1.4777324496689828,1.4869451628930306,1.4869451628930306,0.0,0.0,0.0,0.0
2008-11-07,1.447573958437999,1.447573958437999,1.45599059478494,1.45599059478494,0.0,0.0,0.0,0.0
2008-11-08,1.4403076524896252,1.4403076524896252,1.4456793313263787,1.4456793313263787,0.0,0.0,0.0,0.0
2008-11-09,1.4750569619628435,1.4750569619628435,1.4841691377633146,1.4841691377633146,0.0,0.0,0.0,0.0
2008-11-10,1.6544689357066333,1.6544689357066333,1.6636660929013682,1.6636660929013682,0.0,0.0,0.0,0.0
2008-11-11,1.6544244043213014,1.6544244043213014,1.663617422504589,1.663617422504589,0.0,0.0,0.0,0.0
2008-11-12,1.6543878783188084,1.6543878783188084,1.6635775250627687,1.6635775250627687,0.0,0.0,0.0,0.0
2008-11-13,1.6543591211242308,1.6543591211242308,1.663546146085089,1.663546146085089,0.0,0.0,0.0,0.0
2008-11-14,1.6543374068191392,1.6543374068191392,1.6635224946373395,1.6635224946373395,0.0,0.0,0.0,0.0
2008-11-15,1.6543221024926655,1.6543221024926655,1.6635058704136314,1.6635058704136314,0.0,0.0,0.0,0.0
2008-11-16,1.6543125434086625,1.6543125434086625,1.663495556555653,1.663495556555653,0.0,0.0,0.0,0.0
2008-11-17,1.490766392916819,1.490766392916819,1.4999490743371047,1.4999490743371047,0.0,0.0,0.0,0.0
2008-11-18,1.490764592435097,1.490764592435097,1.4999472856812304,1.4999472856812304,0.0,0.0,0.0,0.0
2008-11-19,1.4907648492901464,1.4907648492901464,1.4999477408045143,1.4999477408045143,0.0,0.0,0.0,0.0
2008-11-20,1.49076534627968,1.49076534627968,1.4999484348889938,1.4999484348889938,0.0,0.0,0.0,0.0
2008-11-21,1.4907648078985507,1.4907648078985507,1.4999479581419606,1.4999479581419606,0.0,0.0,0.0,0.0
2008-11-22,1.4907628250127902,1.4907628250127902,1.49994585880665,1.49994585880665,0.0,0.0,0.0,0.0
2008-11-23,1.4907611899171314,1.4907611899171314,1.4999441305186902,1.4999441305186902,0.0,0.0,0.0,0.0
2008-11-24,1.575212121703866,1.575212121703866,1.5843950841280956,1.5843950841280956,0.0,0.0,0.0,0.0
2008-11-25,1.4981209023873627,1.4981209023873627,1.5009559724833055,1.5009559724833055,0.0,0.0,0.0,0.0
2008-11-26,1.5428429120985423,1.5428429120985423,1.5494130849487404,1.5494130849487404,0.0,0.0,0.0,0.0
2008-11-27,1.5746967692544267,1.5746967692544267,1.5838790445785769,1.5838790445785769,0.0,0.0,0.0,0.0
2008-11-28,1.575195752949478,1.575195752949478,1.5843775273194731,1.5843775273194731,0.0,0.0,0.0,0.0
2008-11-29,1.5751898665774735,1.5751898665774735,1.5843712525687488,1.5843712525687488,0.0,0.0,0.0,0.0
2008-11-30,1.5751855181743135,1.5751855181743135,1.5843666693294318,1.5843666693294318,0.0,0.0,0.0,0.0
2008-12-01,1.4939220064334535,1.4939220064334535,1.5030701264983635,1.5030701264983635,0.0,0.0,0.0,0.0
2008-12-02,1.4939214782498544,1.4939214782498544,1.5030697115783327,1.5030697115783327,0.0,0.0,0.0,0.0
2008-12-03,1.4939200149545997,1.4939200149545997,1.5030682552724646,1.5030682552724646,0.0,0.0,0.0,0.0
2008-12-04,1.4939169257771006,1.4939169257771006,1.5030649893466759,1.5030649893466759,0.0,0.0,0.0,0.0
2008-12-05,1.493913296408743,1.493913296408743,1.5030611153630309,1.5030611153630309,0.0,0.0,0.0,0.0
2008-12-06,1.493338754629811,1.493338754629811,1.50242428290855,1.50242428290855,0.0,0.0,0.0,0.0
2008-12-07,1.493640633927573,1.493640633927573,1.5027429870140254,1.5027429870140254,0.0,0.0,0.0,0.0
2008-12-08,1.4995550032402358,1.4995550032402358,1.5086361375050983,1.5086361375050983,0.0,0.0,0.0,0.0
2008-12-09,1.500058099746896,1.500058099746896,1.5091546195516066,1.5091546195516066,0.0,0.0,0.0,0.0
2008-12-10,1.5001578919959826,1.5001578919959826,1.509305193158062,1.509305193158062,0.0,0.0,0.0,0.0
2008-12-11,1.5001570469461833,1.5001570469461833,1.5093043305367646,1.5093043305367646,0.0,0.0,0.0,0.0
2008-12-12,1.4741285075141561,1.4741285075141561,1.4818828563607431,1.4818828563607431,0.0,0.0,0.0,0.0
2008-12-13,1.4841239178409447,1.4841239178409447,1.4917328166915962,1.4917328166915962,0.0,0.0,0.0,0.0
2008-12-14,1.4354301614462797,1.4354301614462797,1.4380660622639354,1.4380660622639354,0.0,0.0,0.0,0.0
2008-12-15,1.4685673358851994,1.4685673358851994,1.4752704332367255,1.4752704332367255,0.0,0.0,0.0,0.0
2008-12-16,1.4965433557063192,1.4965433557063192,1.5053986834572204,1.5053986834572204,0.0,0.0,0.0,0.0
2008-12-17,1.506058040394773,1.506058040394773,1.515097467712059,1.515097467712059,0.0,0.0,0.0,0.0
2008-12-18,1.504602375279409,1.504602375279409,1.5133227384974843,1.5133227384974843,0.0,0.0,0.0,0.0
2008-12-19,1.4989365026567651,1.4989365026567651,1.5072299446068027,1.5072299446068027,0.0,0.0,0.0,0.0
2008-12-20,1.4971956564078144,1.4971956564078144,1.5049029241202203,1.5049029241202203,0.0,0.0,0.0,0.0
2008-12-21,1.2722391544487839,1.2722391544487839,1.2573184683232796,1.2573184683232796,0.0,0.0,0.0,0.0
2008-12-22,1.0842613744453322,1.0842613744453322,1.0384696915725915,1.0384696915725915,0.0,0.0,0.0,0.0
2008-12-23,1.408219565713199,1.408219565713199,1.4026627120734632,1.4026627120734632,0.0,0.0,0.0,0.0
2008-12-24,1.214426329022234,1.214426329022234,1.1869317289510657,1.1869317289510657,0.0,0.0,0.0,0.0
2008-12-25,1.094711875861759,1.094711875861759,1.0542824988021255,1.0542824988021255,0.0,0.0,0.0,0.0
2008-12-26,1.4650851352683714,1.4650851352683714,1.4706128886280838,1.4706128886280838,0.0,0.0,0.0,0.0
2008-12-27,1.5056175516829378,1.5056175516829378,1.5141375517577107,1.5141375517577107,0.0,0.0,0.0,0.0
2008-12-28,1.504888200242711,1.504888200242711,1.512645831557531,1.512645831557531,0.0,0.0,0.0,0.0
2008-12-29,1.472013299845062,1.472013299845062,1.476487183397487,1.476487183397487,0.0,0.0,0.0,0.0
2008-12-30,1.4145973844432471,1.4145973844432471,1.4150746018241358,1.4150746018241358,0.0,0.0,0.0,0.0
2008-12-31,1.4548223858799227,1.4548223858799227,1.4633371829020854,1.4633371829020854,0.0,0.0,0.0,0.0
2009-01-01,1.4770673068674431,1.4770673068674431,1.4859429876858559,1.4859429876858559,0.0,0.0,0.0,0.0
2009-01-02,1.4385024925048895,1.4385024925048895,1.4426893878088707,1.4426893878088707,0.0,0.0,0.0,0.0
2009-01-03,1.4686223882685778,1.4686223882685778,1.4759296566997775,1.4759296566997775,0.0,0.0,0.0,0.0
2009-01-04,1.4862367557476597,1.4862367557476597,1.4950045907149916,1.4950045907149916,0.0,0.0,0.0,0.0
2009-01-05,1.4609523036172967,1.4609523036172967,1.4691493412098842,1.4691493412098842,0.0,0.0,0.0,0.0
2009-01-06,1.4726968783587386,1.4726968783587386,1.481534735414906,1.481534735414906,0.0,0.0,0.0,0.0
2009-01-07,1.4694883347454981,1.4694883347454981,1.4784248930948658,1.4784248930948658,0.0,0.0,0.0,0.0
2009-01-08,1.4823433254603366,1.4823433254603366,1.4914653057604725,1.4914653057604725,0.0,0.0,0.0,0.0
2009-01-09,1.4824822874001389,1.4824822874001389,1.4916074109272264,1.4916074109272264,0.0,0.0,0.0,0.0
2009-01-10,1.4824576417428958,1.4824576417428958,1.491581228390525,1.491581228390525,0.0,0.0,0.0,0.0
2009-01-11,1.482441133559582,1.482441133559582,1.4915638305736387,1.4915638305736387,0.0,0.0,0.0,0.0
2009-01-12,1.0552600046579705,1.0552600046579705,1.0643824616614832,1.0643824616614832,0.0,0.0,0.0,0.0
2009-01-13,1.0552553850736877,1.0552553850736877,1.0643779160404954,1.0643779160404954,0.0,0.0,0.0,0.0
2009-01-14,1.0552568179417816,1.0552568179417816,1.0643799823049576,1.0643799823049576,0.0,0.0,0.0,0.0
2009-01-15,1.0552628670465678,1.0552628670465678,1.064387098917491,1.064387098917491,0.0,0.0,0.0,0.0
2009-01-16,1.0552718077367638,1.0552718077367638,1.0643973538955067,1.0643973538955067,0.0,0.0,0.0,0.0
2009-01-17,1.0552824952887783,1.0552824952887783,1.0644094903029058,1.0644094903029058,0.0,0.0,0.0,0.0
2009-01-18,1.0552938202871125,1.0552938202871125,1.0644222983312606,1.0644222983312606,0.0,0.0,0.0,0.0
2009-01-19,1.4851601706917756,1.4851601706917756,1.4942903092965907,1.4942903092965907,0.0,0.0,0.0,0.0
2009-01-20,1.485173016622953,1.485173016622953,1.4943047853283136,1.4943047853283136,0.0,0.0,0.0,0.0
2009-01-21,1.4175213641049587,1.4175213641049587,1.4210536492315853,1.4210536492315853,0.0,0.0,0.0,0.0
2009-01-22,1.2665437535269841,1.2665437535269841,1.2568453685283498,1.2568453685283498,0.0,0.0,0.0,0.0
2009-01-23,0.8624402324604762,0.8624402324604762,0.8213926146810746,0.8213926146810746,0.0,0.0,0.0,0.0
2009-01-24,0.5943859228632811,0.5943859228632811,0.5269505762674807,0.5269505762674807,0.0,0.0,0.0,0.0
2009-01-25,1.3123753930325721,1.3123753930325721,1.3061289169018255,1.3061289169018255,0.0,0.0,0.0,0.0
2009-01-26,1.3890426283681139,1.3890426283681139,1.396115568213185,1.396115568213185,0.0,0.0,0.0,0.0
2009-01-27,1.404286482963494,1.404286482963494,1.4128405873784264,1.4128405873784264,0.0,0.0,0.0,0.0
2009-01-28,1.4091801905096677,1.4091801905096677,1.4180400975522147,1.4180400975522147,0.0,0.0,0.0,0.0
2009-01-29,1.4106942888400549,1.4106942888400549,1.4196454721001208,1.4196454721001208,0.0,0.0,0.0,0.0
2009-01-30,1.4097397151082884,1.4097397151082884,1.4186249253244505,1.4186249253244505,0.0,0.0,0.0,0.0
2009-01-31,1.4106142553904237,1.4106142553904237,1.4195590056771763,1.4195590056771763,0.0,0.0,0.0,0.0
2009-02-01,1.4119149292521087,1.4119149292521087,1.4209761072849731,1.4209761072849731,0.0,0.0,0.0,0.0
2009-02-02,4.395352291978815,4.395352291978815,7.569841831340705,7.569841831340705,0.0,0.0,0.0,0.0
2009-02-03,4.395352451584566,4.395352451584566,7.569841831340706,7.569841831340706,0.0,0.0,0.0,0.0
2009-02-04,4.3953517279887535,4.3953517279887535,7.569841831340706,7.569841831340706,0.0,0.0,0.0,0.0
2009-02-05,4.39869949206863,4.39869949206863,7.569841831340705,7.569841831340705,0.0,0.0,0.0,0.0
2009-02-06,4.401944170166484,4.401944170166484,7.569841831340706,7.569841831340706,0.0,0.0,0.0,0.0
2009-02-07,4.396758531037776,4.396758531037776,7.569841831340706,7.569841831340706,0.0,0.0,0.0,0.0
2009-02-08,4.405887104097607,4.405887104097607,7.569841831340705,7.569841831340705,0.0,0.0,0.0,0.0
2009-02-09,4.40209516996058,4.40209516996058,7.603592719167228,7.603592719167228,0.0,0.0,0.0,0.0
2009-02-10,4.398613983791092,4.398613983791092,7.603592719167228,7.603592719167228,0.0,0.0,0.0,0.0
2009-02-11,4.403798137011538,4.403798137011538,7.603592719167228,7.603592719167228,0.0,0.0,0.0,0.0
2009-02-12,4.404467872878234,4.404467872878234,7.603592719167228,7.603592719167228,0.0,0.0,0.0,0.0
2009-02-13,4.418147100022398,4.418147100022398,7.603592719167228,7.603592719167228,0.0,0.0,0.0,0.0
2009-02-14,4.409994913036208,4.409994913036208,7.603592719167228,7.603592719167228,0.0,0.0,0.0,0.0
2009-02-15,4.398085662685435,4.398085662685435,7.603592719167228,7.603592719167228,0.0,0.0,0.0,0.0
2009-02-16,4.418305956530746,4.418305956530746,7.639076152572022,7.639076152572022,0.0,0.0,0.0,0.0
2009-02-17,4.414420565551874,4.414420565551874,7.639076152572022,7.639076152572022,0.0,0.0,0.0,0.0
2009-02-18,4.398256236038391,4.398256236038391,7.639076152572022,7.639076152572022,0.0,0.0,0.0,0.0
2009-02-19,4.3968081636301815,4.3968081636301815,7.639076152572022,7.639076152572022,0.0,0.0,0.0,0.0
2009-02-20,4.397178242312696,4.397178242312696,7.639076152572022,7.639076152572022,0.0,0.0,0.0,0.0
2009-02-21,4.400432665242214,4.400432665242214,7.639076152572022,7.639076152572022,0.0,0.0,0.0,0.0
2009-02-22,4.414878470053315,4.414878470053315,7.639076152572022,7.639076152572022,0.0,0.0,0.0,0.0
2009-02-23,4.41366823553176,4.41366823553176,7.6764702323944185,7.6764702323944185,0.0,0.0,0.0,0.0
2009-02-24,4.402481308447347,4.402481308447347,7.6764702323944185,7.6764702323944185,0.0,0.0,0.0,0.0
2009-02-25,4.402464364508866,4.402464364508866,7.6764702323944185,7.6764702323944185,0.0,0.0,0.0,0.0
2009-02-26,4.404170984063278,4.404170984063278,7.6764702323944185,7.6764702323944185,0.0,0.0,0.0,0.0
2009-02-27,4.403961039651976,4.403961039651976,7.6764702323944185,7.6764702323944185,0.0,0.0,0.0,0.0
2009-02-28,4.403883692320654,4.403883692320654,7.6764702323944185,7.6764702323944185,0.0,0.0,0.0,0.0
2009-03-01,4.413187742349128,4.413187742349128,7.6764702323944185,7.6764702323944185,0.0,0.0,0.0,0.0
2009-03-02,4.433316012742528,4.433316012742528,7.715981477034176,7.715981477034176,0.0,0.0,49.34429480081692,49.34429480081692
2009-03-03,4.4887841597653635,4.4887841597653635,7.715981477034176,7.715981477034176,0.0,0.0,98.6885893805714,98.6885893805714
2009-03-04,4.4559832835841116,4.4559832835841116,7.715981477034176,7.715981477034176,0.0,0.0,75.775778865043,75.775778865043
2009-03-05,4.437015484143443,4.437015484143443,7.715981477034176,7.715981477034176,0.0,0.0,2.696126252,2.696126252
2009-03-06,4.438516201195182,4.438516201195182,7.715981477034176,7.715981477034176,0.0,0.0,2.696126252,2.696126252
2009-03-07,4.437131278597775,4.437131278597775,7.715981477034176,7.715981477034176,0.0,0.0,2.652328964,2.652328964
2009-03-08,4.434855167373161,4.434855167373161,7.715981477034176,7.715981477034176,0.0,0.0,2.627622138,2.627622138
2009-03-09,4.4321146690004625,4.4321146690004625,7.757851144807908,7.757851144807908,0.0,0.0,0.0,0.0
2009-03-10,4.4294835514738615,4.4294835514738615,7.757851144807908,7.757851144807908,0.0,0.0,0.0,0.0
2009-03-11,4.427067620351916,4.427067620351916,7.757851144807908,7.757851144807908,0.0,0.0,0.0,0.0
2009-03-12,4.424610811404007,4.424610811404007,7.757851144807908,7.757851144807908,0.0,0.0,0.0,0.0
2009-03-13,4.422169917936005,4.422169917936005,7.757851144807908,7.757851144807908,0.0,0.0,0.0,0.0
2009-03-14,4.41981231512276,4.41981231512276,7.757851144807908,7.757851144807908,0.0,0.0,0.0,0.0
2009-03-15,4.41768895093508,4.41768895093508,7.757851144807908,7.757851144807908,0.0,0.0,0.0,0.0
2009-03-16,4.415808683815198,4.415808683815198,7.802363406372208,7.802363406372208,0.0,0.0,0.0,0.0
2009-03-17,4.414001358964859,4.414001358964859,7.802363406372208,7.802363406372208,0.0,0.0,0.0,0.0
2009-03-18,4.412247591295893,4.412247591295893,7.802363406372208,7.802363406372208,0.0,0.0,0.0,0.0
2009-03-19,4.410568458788644,4.410568458788644,7.802363406372208,7.802363406372208,0.0,0.0,0.0,0.0
2009-03-20,4.409005748380728,4.409005748380728,7.802363406372208,7.802363406372208,0.0,0.0,0.0,0.0
2009-03-21,4.41278435490214,4.41278435490214,7.802363406372208,7.802363406372208,0.0,0.0,0.0,0.0
2009-03-22,4.410677804333364,4.410677804333364,7.802363406372208,7.802363406372208,0.0,0.0,0.0,0.0
2009-03-23,4.407135906994304,4.407135906994304,7.849856054151053,7.849856054151053,0.0,0.0,0.0,0.0
2009-03-24,4.406089950742271,4.406089950742271,7.849856054151053,7.849856054151053,0.0,0.0,0.0,0.0
2009-03-25,4.405375916299574,4.405375916299574,7.849856054151053,7.849856054151053,0.0,0.0,0.0,0.0
2009-03-26,4.404629557217414,4.404629557217414,7.849856054151053,7.849856054151053,0.0,0.0,0.0,0.0
2009-03-27,4.403788625025329,4.403788625025329,7.849856054151053,7.849856054151053,0.0,0.0,0.0,0.0
2009-03-28,4.402951821992652,4.402951821992652,7.849856054151053,7.849856054151053,0.0,0.0,0.0,0.0
2009-03-29,4.4021347790522,4.4021347790522,7.849856054151053,7.849856054151053,0.0,0.0,0.0,0.0
2009-03-30,4.401463040426596,4.401463040426596,7.900734751824045,7.900734751824045,0.0,0.0,0.0,0.0
2009-03-31,4.4009746747166405,4.4009746747166405,7.900734751824045,7.900734751824045,0.0,0.0,0.0,0.0
2009-04-01,4.400619806174156,4.400619806174156,7.900734751824045,7.900734751824045,0.0,0.0,0.0,0.0
2009-04-02,4.3999250168568125,4.3999250168568125,7.900734751824045,7.900734751824045,0.0,0.0,0.0,0.0
2009-04-03,4.399294939204771,4.399294939204771,7.900734751824045,7.900734751824045,0.0,0.0,0.0,0.0
2009-04-04,4.3988543533040705,4.3988543533040705,7.900734751824045,7.900734751824045,0.0,0.0,0.0,0.0
2009-04-05,4.398484877109487,4.398484877109487,7.900734751824045,7.900734751824045,0.0,0.0,0.0,0.0
2009-04-06,4.398042279815577,4.398042279815577,7.955492320514857,7.955492320514857,0.0,0.0,0.0,0.0
2009-04-07,4.406531798462351,4.406531798462351,7.955492320514857,7.955492320514857,0.0,0.0,0.0,0.0
2009-04-08,4.401116859812804,4.401116859812804,7.955492320514857,7.955492320514857,0.0,0.0,0.0,0.0
2009-04-09,4.40162545038477,4.40162545038477,7.955492320514857,7.955492320514857,0.0,0.0,0.0,0.0
2009-04-10,4.399357919945204,4.399357919945204,7.955492320514857,7.955492320514857,0.0,0.0,0.0,0.0
2009-04-11,4.397587548234159,4.397587548234159,7.955492320514857,7.955492320514857,0.0,0.0,0.0,0.0
2009-04-12,4.39759178445604,4.39759178445604,7.955492320514857,7.955492320514857,0.0,0.0,0.0,0.0
2009-04-13,4.397464727717301,4.397464727717301,8.014735349627923,8.014735349627923,0.0,0.0,0.0,0.0
2009-04-14,4.397260955393936,4.397260955393936,8.014735349627923,8.014735349627923,0.0,0.0,0.0,0.0
2009-04-15,4.397132280854843,4.397132280854843,8.014735349627923,8.014735349627923,0.0,0.0,0.0,0.0
2009-04-16,4.397077410255078,4.397077410255078,8.014735349627923,8.014735349627923,0.0,0.0,0.0,0.0
2009-04-17,4.396948255707116,4.396948255707116,8.014735349627923,8.014735349627923,0.0,0.0,0.0,0.0
2009-04-18,4.396721656009726,4.396721656009726,8.014735349627923,8.014735349627923,0.0,0.0,0.0,0.0
2009-04-19,4.396445779062386,4.396445779062386,8.014735349627923,8.014735349627923,0.0,0.0,0.0,0.0
2009-04-20,4.396163504312596,4.396163504312596,8.079221727304287,8.079221727304287,0.0,0.0,0.0,0.0
2009-04-21,4.3959130801838535,4.3959130801838535,8.079221727304287,8.079221727304287,0.0,0.0,0.0,0.0
2009-04-22,4.395704297699592,4.395704297699592,8.079221727304287,8.079221727304287,0.0,0.0,0.0,0.0
2009-04-23,4.395551305310795,4.395551305310795,8.079221727304287,8.079221727304287,0.0,0.0,0.0,0.0
2009-04-24,4.39546981765116,4.39546981765116,8.079221727304287,8.079221727304287,0.0,0.0,0.0,0.0
2009-04-25,4.395501951321864,4.395501951321864,8.079221727304287,8.079221727304287,0.0,0.0,0.0,0.0
2009-04-26,4.395419859831489,4.395419859831489,8.079221727304287,8.079221727304287,0.0,0.0,0.0,0.0
2009-04-27,4.395407724474245,4.395407724474245,8.149914918843372,8.149914918843372,0.0,0.0,2.884795846498806,2.884795846498806
2009-04-28,4.395402769297165,4.395402769297165,8.149914918843372,8.149914918843372,0.0,0.0,5.769591680073727,5.769591680073727
2009-04-29,4.395398904142651,4.395398904142651,8.149914918843372,8.149914918843372,0.0,0.0,11.539183334299683,11.539183334299683
2009-04-30,4.395443114259575,4.395443114259575,8.149914918843372,8.149914918843372,0.0,0.0,23.07836661690382,23.07836661690382
2009-05-01,4.429409173710614,4.429409173710614,8.149914918843372,8.149914918843372,0.0,0.0,46.15673313041655,46.15673313041655
2009-05-02,4.425413477003832,4.425413477003832,8.149914918843372,8.149914918843372,0.0,0.0,92.31346605405092,92.31346605405092
2009-05-03,4.398130416228269,4.398130416228269,8.149914918843372,8.149914918843372,0.0,0.0,108.11733813575655,108.11733813575655
2009-05-04,4.396566314407922,4.396566314407922,8.228064789503676,8.228064789503676,0.0,0.0,0.0,0.0
2009-05-05,4.397067371865964,4.397067371865964,8.228064789503676,8.228064789503676,0.0,0.0,0.0,0.0
2009-05-06,4.397031895291023,4.397031895291023,8.228064789503676,8.228064789503676,0.0,0.0,0.0,0.0
2009-05-07,4.396855139283747,4.396855139283747,8.228064789503676,8.228064789503676,0.0,0.0,0.0,0.0
2009-05-08,4.396604054690176,4.396604054690176,8.228064789503676,8.228064789503676,0.0,0.0,0.0,0.0
2009-05-09,4.396344734954891,4.396344734954891,8.228064789503676,8.228064789503676,0.0,0.0,0.0,0.0
2009-05-10,4.396082980084333,4.396082980084333,8.228064789503676,8.228064789503676,0.0,0.0,0.0,0.0
2009-05-11,4.395838620459256,4.395838620459256,8.315332145091055,8.315332145091055,0.0,0.0,0.0,0.0
2009-05-12,4.395638807030882,4.395638807030882,8.315332145091055,8.315332145091055,0.0,0.0,0.0,0.0
2009-05-13,4.395507091234265,4.395507091234265,8.315332145091055,8.315332145091055,0.0,0.0,0.0,0.0
2009-05-14,4.395428744688143,4.395428744688143,8.315332145091055,8.315332145091055,0.0,0.0,0.0,0.0
2009-05-15,4.395396593075414,4.395396593075414,8.315332145091055,8.315332145091055,0.0,0.0,0.0,0.0
2009-05-16,4.395387698867565,4.395387698867565,8.315332145091055,8.315332145091055,0.0,0.0,0.0,0.0
2009-05-17,4.395378179714036,4.395378179714036,8.315332145091055,8.315332145091055,0.0,0.0,0.0,0.0
2009-05-18,4.3953678906028895,4.3953678906028895,8.413988630157323,8.413988630157323,0.0,0.0,0.0,0.0
2009-05-19,4.395357768965731,4.395357768965731,8.413988630157323,8.413988630157323,0.0,0.0,0.0,0.0
2009-05-20,4.395348026531964,4.395348026531964,8.413988630157323,8.413988630157323,0.0,0.0,0.0,0.0
2009-05-21,4.39533885535126,4.39533885535126,8.413988630157323,8.413988630157323,0.0,0.0,0.0,0.0
2009-05-22,4.395329628951586,4.395329628951586,8.413988630157323,8.413988630157323,0.0,0.0,0.0,0.0
2009-05-23,4.395319845823885,4.395319845823885,8.413988630157323,8.413988630157323,0.0,0.0,0.0,0.0
2009-05-24,4.395310008140088,4.395310008140088,8.413988630157323,8.413988630157323,0.0,0.0,0.0,0.0
2009-05-25,4.395300496077542,4.395300496077542,6.886118185562953,6.886118185562953,0.0,0.0,0.0,0.0
2009-05-26,4.395291089292418,4.395291089292418,6.886118185562953,6.886118185562953,0.0,0.0,0.0,0.0
2009-05-27,4.395281254905536,4.395281254905536,6.886118185562953,6.886118185562953,0.0,0.0,0.0,0.0
2009-05-28,4.395270595987497,4.395270595987497,6.886118185562953,6.886118185562953,0.0,0.0,0.0,0.0
2009-05-29,4.3952592849256815,4.3952592849256815,6.886118185562953,6.886118185562953,0.0,0.0,0.0,0.0
2009-05-30,4.39524859448925,4.39524859448925,6.886118185562953,6.886118185562953,0.0,0.0,0.0,0.0
2009-05-31,4.395239366662077,4.395239366662077,6.886118185562953,6.886118185562953,0.0,0.0,0.0,0.0
2009-06-01,4.395285587428927,4.395285587428927,5.8262551803619615,5.8262551803619615,0.0,0.0,0.7810559982504345,0.7810559982504345
2009-06-02,4.395274785613633,4.395274785613633,5.8262551803619615,5.8262551803619615,0.0,0.0,0.7810559982504345,0.7810559982504345
2009-06-03,4.395473549307086,4.395473549307086,5.8262551803619615,5.8262551803619615,0.0,0.0,0.7957450515934065,0.7957450515934065
2009-06-04,4.395259737763989,4.395259737763989,5.8262551803619615,5.8262551803619615,0.0,0.0,1.2896634154003543,1.2896634154003543
2009-06-05,4.397319572005805,4.397319572005805,5.8262551803619615,5.8262551803619615,0.0,0.0,1.864591573480253,1.864591573480253
2009-06-06,4.395255201936911,4.395255201936911,5.8262551803619615,5.8262551803619615,0.0,0.0,2.2957372239635214,2.2957372239635214
2009-06-07,4.395423708879373,4.395423708879373,5.8262551803619615,5.8262551803619615,0.0,0.0,2.5442759598523934,2.5442759598523934
2009-06-08,4.395241124096566,4.395241124096566,4.746528007564299,4.746528007564299,0.0,0.0,2.833083000272601,2.833083000272601
2009-06-09,4.395231266347728,4.395231266347728,4.746528007564299,4.746528007564299,0.0,0.0,3.094598091198581,3.094598091198581
2009-06-10,4.395221068546169,4.395221068546169,4.746528007564299,4.746528007564299,0.0,0.0,3.3290840600764797,3.3290840600764797
2009-06-11,4.395211989873268,4.395211989873268,4.746528007564299,4.746528007564299,0.0,0.0,3.523025380051142,3.523025380051142
2009-06-12,4.395467704538828,4.395467704538828,4.746528007564299,4.746528007564299,0.0,0.0,3.635472888826961,3.635472888826961
2009-06-13,4.395196967315555,4.395196967315555,4.746528007564299,4.746528007564299,0.0,0.0,3.779677832649127,3.779677832649127
2009-06-14,4.395189746733559,4.395189746733559,4.746528007564299,4.746528007564299,0.0,0.0,3.8965893135830925,3.8965893135830925
2009-06-15,4.395181032868704,4.395181032868704,4.404412790134115,4.404412790134115,0.0,0.0,3.9404816295799616,3.9404816295799616
2009-06-16,4.395172186979683,4.395172186979683,4.404412790134115,4.404412790134115,0.0,0.0,3.996843134584087,3.996843134584087
2009-06-17,4.395163276910661,4.395163276910661,4.404412790134115,4.404412790134115,0.0,0.0,4.037447267241117,4.037447267241117
2009-06-18,4.395154094147278,4.395154094147278,4.404412790134115,4.404412790134115,0.0,0.0,4.069434197150836,4.069434197150836
2009-06-19,4.39514424056587,4.39514424056587,4.404412790134115,4.404412790134115,0.0,0.0,4.101291468461967,4.101291468461967
2009-06-20,4.3951338432261995,4.3951338432261995,4.404412790134115,4.404412790134115,0.0,0.0,4.156752086942737,4.156752086942737
2009-06-21,4.3951245151886065,4.3951245151886065,4.404412790134115,4.404412790134115,0.0,0.0,4.163302970761309,4.163302970761309
2009-06-22,4.395116668850801,4.395116668850801,4.404412790134115,4.404412790134115,0.0,0.0,4.1529820032387725,4.1529820032387725
2009-06-23,4.395108804530338,4.395108804530338,4.404412790134115,4.404412790134115,0.0,0.0,4.171178108091846,4.171178108091846
2009-06-24,4.395100008574267,4.395100008574267,4.404412790134115,4.404412790134115,0.0,0.0,4.209873427526647,4.209873427526647
2009-06-25,4.395090761514989,4.395090761514989,4.404412790134115,4.404412790134115,0.0,0.0,4.1756808480262535,4.1756808480262535
2009-06-26,4.39508183275048,4.39508183275048,4.404412790134115,4.404412790134115,0.0,0.0,4.123495508101887,4.123495508101887
2009-06-27,4.395073469967349,4.395073469967349,4.404412790134115,4.404412790134115,0.0,0.0,4.080513076206882,4.080513076206882
2009-06-28,4.395065241416724,4.395065241416724,4.404412790134115,4.404412790134115,0.0,0.0,4.095354157906209,4.095354157906209
2009-06-29,4.395057533407413,4.395057533407413,4.404412790134115,4.404412790134115,0.0,0.0,4.144150092409285,4.144150092409285
2009-06-30,4.395050670020957,4.395050670020957,4.404412790134115,4.404412790134115,0.0,0.0,4.1019602254218945,4.1019602254218945
2009-07-01,2.6428115731263597,2.6428115731263597,2.6520878929886598,2.6520878929886598,0.0,0.0,0.0,0.0
2009-07-02,2.61344438349857,2.61344438349857,2.62272898642422,2.62272898642422,0.0,0.0,0.7810559982504345,0.7810559982504345
2009-07-03,2.4233831415692015,2.4233831415692015,2.432675446449701,2.432675446449701,0.0,0.0,0.7810559982504345,0.7810559982504345
2009-07-04,2.256229520816299,2.256229520816299,2.2655289565567402,2.2655289565567402,0.0,0.0,0.7810559982504345,0.7810559982504345
2009-07-05,2.2121846443239472,2.2121846443239472,2.22149059671006,2.22149059671006,0.0,0.0,0.7810559982504345,0.7810559982504345
2009-07-06,2.1623103900272778,2.1623103900272778,2.171622178951389,2.171622178951389,0.0,0.0,0.7810559982504345,0.7810559982504345
2009-07-07,2.162363673602931,2.162363673602931,2.171680658986523,2.171680658986523,0.0,0.0,0.7810559982504345,0.7810559982504345
2009-07-08,2.162410731943756,2.162410731943756,2.171732353884955,2.171732353884955,0.0,0.0,0.7810559982504345,0.7810559982504345
2009-07-09,2.1624527739179884,2.1624527739179884,2.17177858322313,2.17177858322313,0.0,0.0,0.7810559982504345,0.7810559982504345
2009-07-10,2.162490866147798,2.162490866147798,2.171820509087953,2.171820509087953,0.0,0.0,0.7810559982504345,0.7810559982504345
2009-07-11,2.162525696210975,2.162525696210975,2.1718588721203367,2.1718588721203367,0.0,0.0,0.7810559982504345,0.7810559982504345
2009-07-12,2.162557129681744,2.162557129681744,2.1718935236209638,2.1718935236209638,0.0,0.0,0.7810559982504345,0.7810559982504345
2009-07-13,2.16513815099554,2.16513815099554,2.174477403621714,2.174477403621714,0.0,0.0,0.7810559982504345,0.7810559982504345
2009-07-14,2.165162304642609,2.165162304642609,2.174504080048366,2.174504080048366,0.0,0.0,0.7810559982504345,0.7810559982504345
2009-07-15,2.16518346839021,2.16518346839021,2.1745274737409863,2.1745274737409863,0.0,0.0,0.0,0.0
2009-07-16,2.165201145871563,2.165201145871563,2.174547031316224,2.174547031316224,0.0,0.0,0.7810559982504345,0.7810559982504345
2009-07-17,2.165215205139879,2.165215205139879,2.1745626015605306,2.1745626015605306,0.0,0.0,0.7810559982504345,0.7810559982504345
2009-07-18,2.1652269899864116,2.1652269899864116,2.1745756465466104,2.1745756465466104,0.0,0.0,0.7810559982504345,0.7810559982504345
2009-07-19,2.1652370402171535,2.1652370402171535,2.1745867480649976,2.1745867480649976,0.0,0.0,0.7810559982504345,0.7810559982504345
2009-07-20,2.159288117130257,2.159288117130257,2.1686387104187577,2.1686387104187577,0.0,0.0,0.7810559982504345,0.7810559982504345
2009-07-21,2.1592963688701823,2.1592963688701823,2.1686477651705096,2.1686477651705096,0.0,0.0,0.7810559982504345,0.7810559982504345
2009-07-22,2.1593032879082923,2.1593032879082923,2.168655418981745,2.168655418981745,0.0,0.0,0.7810559982504345,0.7810559982504345
2009-07-23,2.1593083586751587,2.1593083586751587,2.168661154583712,2.168661154583712,0.0,0.0,0.7810559982504345,0.7810559982504345
2009-07-24,2.1593125488721867,2.1593125488721867,2.1686659814664297,2.1686659814664297,0.0,0.0,0.7810559982504345,0.7810559982504345
2009-07-25,2.1593164789601125,2.1593164789601125,2.1686705077841193,2.1686705077841193,0.0,0.0,0.7810559982504345,0.7810559982504345
2009-07-26,2.1593200682860014,2.1593200682860014,2.1686745446858233,2.1686745446858233,0.0,0.0,0.7810559982504345,0.7810559982504345
2009-07-27,2.1576203523821396,2.1576203523821396,2.1669751295195434,2.1669751295195434,0.0,0.0,0.7810559982504345,0.7810559982504345
2009-07-28,2.157622155697125,2.157622155697125,2.1669772175837267,2.1669772175837267,0.0,0.0,0.7810559982504345,0.7810559982504345
2009-07-29,2.1576239546164757,2.1576239546164757,2.166979300187289,2.166979300187289,0.0,0.0,0.0,0.0
2009-07-30,2.157625675126818,2.157625675126818,2.166981268053953,2.166981268053953,0.0,0.0,0.7810559982504345,0.7810559982504345
2009-07-31,2.157627216783108,2.157627216783108,2.166982969518427,2.166982969518427,0.0,0.0,0.7810559982504345,0.7810559982504345
2009-08-01,2.154520115736896,2.154520115736896,2.1636106905503314,2.1636106905503314,0.0,0.0,0.7810559982504345,0.7810559982504345
2009-08-02,2.1545219582014354,2.1545219582014354,2.1636126918745506,2.1636126918745506,0.0,0.0,0.7810559982504345,0.7810559982504345
2009-08-03,2.175801592881671,2.175801592881671,2.184892485401923,2.184892485401923,0.0,0.0,0.7810559982504345,0.7810559982504345
2009-08-04,2.175803434697354,2.175803434697354,2.184894486064743,2.184894486064743,0.0,0.0,0.7810559982504345,0.7810559982504345
2009-08-05,2.1758052756829667,2.1758052756829667,2.184896485825372,2.184896485825372,0.0,0.0,0.7810559982504345,0.7810559982504345
2009-08-06,2.175807116548746,2.175807116548746,2.18489848540659,2.18489848540659,0.0,0.0,0.7810559982504345,0.7810559982504345
2009-08-07,2.175808956876734,2.175808956876734,2.184900484437474,2.184900484437474,0.0,0.0,0.7810559982504345,0.7810559982504345
2009-08-08,2.1758107969153664,2.1758107969153664,2.1849024831790023,2.1849024831790023,0.0,0.0,0.7810559982504345,0.7810559982504345
2009-08-09,2.1758126362554546,2.1758126362554546,2.1849044811498657,2.1849044811498657,0.0,0.0,0.7810559982504345,0.7810559982504345
2009-08-10,2.1918656649811528,2.1918656649811528,2.200957668506339,2.200957668506339,0.0,0.0,0.7810559982504345,0.7810559982504345
2009-08-11,2.1918675035320905,2.1918675035320905,2.2009596656159314,2.2009596656159314,0.0,0.0,0.7810559982504345,0.7810559982504345
2009-08-12,2.1918693414721675,2.1918693414721675,2.2009616620425425,2.2009616620425425,0.0,0.0,0.0,0.0
2009-08-13,2.1918711796226846,2.1918711796226846,2.2009636586921366,2.2009636586921366,0.0,0.0,0.7810559982504345,0.7810559982504345
2009-08-14,2.1918730167385383,2.1918730167385383,2.2009656542819815,2.2009656542819815,0.0,0.0,0.7810559982504345,0.7810559982504345
2009-08-15,2.1918748540531405,2.1918748540531405,2.2009676500235402,2.2009676500235402,0.0,0.0,0.7810559982504345,0.7810559982504345
2009-08-16,2.1918766902190905,2.1918766902190905,2.2009696445317832,2.2009696445317832,0.0,0.0,0.7810559982504345,0.7810559982504345
2009-08-17,2.1918785267153145,2.1918785267153145,2.2009716393828427,2.2009716393828427,0.0,0.0,0.7810559982504345,0.7810559982504345
2009-08-18,2.1918803621388787,2.1918803621388787,2.200973633136157,2.200973633136157,0.0,0.0,0.7810559982504345,0.7810559982504345
2009-08-19,2.191882197439686,2.191882197439686,2.200975626707137,2.200975626707137,0.0,0.0,0.7810559982504345,0.7810559982504345
2009-08-20,2.191884032386837,2.191884032386837,2.2009776198648825,2.2009776198648825,0.0,0.0,0.7810559982504345,0.7810559982504345
2009-08-21,2.1918858668254244,2.1918858668254244,2.2009796125015217,2.2009796125015217,0.0,0.0,0.7810559982504345,0.7810559982504345
2009-08-22,2.182599261552075,2.182599261552075,2.190922162867532,2.190922162867532,0.0,0.0,0.7810559982504345,0.7810559982504345
2009-08-23,2.1918895345334874,2.1918895345334874,2.200983596533568,2.200983596533568,0.0,0.0,0.7810559982504345,0.7810559982504345
2009-08-24,2.151952948690889,2.151952948690889,2.1610441814415275,2.1610441814415275,0.0,0.0,0.7810559982504345,0.7810559982504345
2009-08-25,2.1520109286969027,2.1520109286969027,2.161105306817147,2.161105306817147,0.0,0.0,0.7810559982504345,0.7810559982504345
2009-08-26,2.15201276120061,2.15201276120061,2.161107297374665,2.161107297374665,0.0,0.0,0.0,0.0
2009-08-27,2.1520145935874067,2.1520145935874067,2.161109287755694,2.161109287755694,0.0,0.0,0.7810559982504345,0.7810559982504345
2009-08-28,2.1520164248050913,2.1520164248050913,2.1611112768829486,2.1611112768829486,0.0,0.0,0.7810559982504345,0.7810559982504345
2009-08-29,2.1520182562039882,2.1520182562039882,2.161113266203958,2.161113266203958,0.0,0.0,0.7810559982504345,0.7810559982504345
2009-08-30,2.1520200865506847,2.1520200865506847,2.161115254447681,2.161115254447681,0.0,0.0,0.7810559982504345,0.7810559982504345
2009-08-31,2.1919041891676976,2.1919041891676976,2.2009995149146855,2.2009995149146855,0.0,0.0,0.7810559982504345,0.7810559982504345
2009-09-01,2.192433763350987,2.192433763350987,2.2015742830386054,2.2015742830386054,0.0,0.0,0.7810559982504345,0.7810559982504345
2009-09-02,2.1924354737951064,2.1924354737951064,2.2015761409731445,2.2015761409731445,0.0,0.0,0.7810559982504345,0.7810559982504345
2009-09-03,2.1924371836955165,2.1924371836955165,2.201577998296557,2.201577998296557,0.0,0.0,0.7810559982504345,0.7810559982504345
2009-09-04,2.192438893022163,2.192438893022163,2.2015798550344807,2.2015798550344807,0.0,0.0,0.7810559982504345,0.7810559982504345
2009-09-05,2.192440602154823,2.192440602154823,2.2015817115784175,2.2015817115784175,0.0,0.0,0.7810559982504345,0.7810559982504345
2009-09-06,2.1924423106973254,2.1924423106973254,2.201583567464779,2.201583567464779,0.0,0.0,0.7810559982504345,0.7810559982504345
2009-09-07,2.1924440189146956,2.1924440189146956,2.2015854229703153,2.2015854229703153,0.0,0.0,0.7810559982504345,0.7810559982504345
2009-09-08,2.1924457266949124,2.1924457266949124,2.201587278026973,2.201587278026973,0.0,0.0,0.7810559982504345,0.7810559982504345
2009-09-09,2.192447434286607,2.192447434286607,2.201589132895109,2.201589132895109,0.0,0.0,0.0,0.0
2009-09-10,2.192449141673386,2.192449141673386,2.201590987502635,2.201590987502635,0.0,0.0,0.7810559982504345,0.7810559982504345
2009-09-11,2.1924508479618168,2.1924508479618168,2.2015928409326704,2.2015928409326704,0.0,0.0,0.7810559982504345,0.7810559982504345
2009-09-12,2.192452554591774,2.192452554591774,2.2015946947159573,2.2015946947159573,0.0,0.0,0.7810559982504345,0.7810559982504345
2009-09-13,2.1924542605250186,2.1924542605250186,2.201596547735113,2.201596547735113,0.0,0.0,0.7810559982504345,0.7810559982504345
2009-09-14,2.137558171786421,2.137558171786421,2.145919084407957,2.145919084407957,0.0,0.0,0.7810559982504345,0.7810559982504345
2009-09-15,2.146617628706374,2.146617628706374,2.1557602100648414,2.1557602100648414,0.0,0.0,0.7810559982504345,0.7810559982504345
2009-09-16,2.1466193333800705,2.1466193333800705,2.155762061745306,2.155762061745306,0.0,0.0,0.7810559982504345,0.7810559982504345
2009-09-17,2.1466210376138815,2.1466210376138815,2.155763912930192,2.155763912930192,0.0,0.0,0.7810559982504345,0.7810559982504345
2009-09-18,2.146622741937855,2.146622741937855,2.1557657642052406,2.1557657642052406,0.0,0.0,0.7810559982504345,0.7810559982504345
2009-09-19,2.146624445554187,2.146624445554187,2.1557676147052294,2.1557676147052294,0.0,0.0,0.7810559982504345,0.7810559982504345
2009-09-20,2.146626148566701,2.146626148566701,2.1557694645896754,2.1557694645896754,0.0,0.0,0.7810559982504345,0.7810559982504345
2009-09-21,2.098114589993382,2.098114589993382,2.1072580528882883,2.1072580528882883,0.0,0.0,0.7810559982504345,0.7810559982504345
2009-09-22,2.098116292350166,2.098116292350166,2.107259902049586,2.107259902049586,0.0,0.0,0.7810559982504345,0.7810559982504345
2009-09-23,2.0981179943217088,2.0981179943217088,2.107261750769949,2.107261750769949,0.0,0.0,0.0,0.0
2009-09-24,2.0981196962058206,2.0981196962058206,2.1072635994028817,2.1072635994028817,0.0,0.0,0.7810559982504345,0.7810559982504345
2009-09-25,2.098121397562617,2.098121397562617,2.10726544744108,2.10726544744108,0.0,0.0,0.7810559982504345,0.7810559982504345
2009-09-26,2.098123098255486,2.098123098255486,2.107267294803627,2.107267294803627,0.0,0.0,0.7810559982504345,0.7810559982504345
2009-09-27,2.0981247988008165,2.0981247988008165,2.1072691420186347,2.1072691420186347,0.0,0.0,0.7810559982504345,0.7810559982504345
2009-09-28,2.126638659970042,2.126638659970042,2.1357831498018442,2.1357831498018442,0.0,0.0,0.7810559982504345,0.7810559982504345
2009-09-29,2.1266403597886048,2.1266403597886048,2.135784996166973,2.135784996166973,0.0,0.0,0.7810559982504345,0.7810559982504345
2009-09-30,2.1266420588640074,2.1266420588640074,2.135786841777217,2.135786841777217,0.0,0.0,0.7810559982504345,0.7810559982504345
2009-10-01,2.1281573260329036,2.1281573260329036,2.137431409667765,2.137431409667765,0.0,0.0,0.7810559982504345,0.7810559982504345
2009-10-02,2.128158682173146,2.128158682173146,2.1374328827318925,2.1374328827318925,0.0,0.0,0.7810559982504345,0.7810559982504345
2009-10-03,2.127726687315663,2.127726687315663,2.136923701405971,2.136923701405971,0.0,0.0,0.7810559982504345,0.7810559982504345
2009-10-04,2.1281613943990827,2.1281613943990827,2.137435828850075,2.137435828850075,0.0,0.0,0.7810559982504345,0.7810559982504345
2009-10-05,2.074114731036157,2.074114731036157,2.083388045556289,2.083388045556289,0.0,0.0,0.7810559982504345,0.7810559982504345
2009-10-06,2.074118573836441,2.074118573836441,2.08339324201816,2.08339324201816,0.0,0.0,0.7810559982504345,0.7810559982504345
2009-10-07,2.074119928813714,2.074119928813714,2.0833947138561144,2.0833947138561144,0.0,0.0,0.0,0.0
2009-10-08,2.074121283502972,2.074121283502972,2.0833961853615777,2.0833961853615777,0.0,0.0,0.7810559982504345,0.7810559982504345
2009-10-09,2.0741226378016644,2.0741226378016644,2.083397656422635,2.083397656422635,0.0,0.0,0.7810559982504345,0.7810559982504345
2009-10-10,2.0741239920130794,2.0741239920130794,2.083399127396415,2.083399127396415,0.0,0.0,0.7810559982504345,0.7810559982504345
2009-10-11,2.074125345672466,2.074125345672466,2.0834005977643275,2.0834005977643275,0.0,0.0,0.7810559982504345,0.7810559982504345
2009-10-12,2.0757332056427256,2.0757332056427256,2.083365607522937,2.083365607522937,0.0,0.0,0.7810559982504345,0.7810559982504345
2009-10-13,1.7611005075594048,1.7611005075594048,1.7374858787903324,1.7374858787903324,0.0,0.0,0.7810559982504345,0.7810559982504345
2009-10-14,1.8155371579646808,1.8155371579646808,1.7936300973803139,1.7936300973803139,0.0,0.0,0.7810559982504345,0.7810559982504345
2009-10-15,2.1178882037544446,2.1178882037544446,2.1271596592505855,2.1271596592505855,0.0,0.0,0.7810559982504345,0.7810559982504345
2009-10-16,2.117815389737578,2.117815389737578,2.127079866669255,2.127079866669255,0.0,0.0,0.7810559982504345,0.7810559982504345
2009-10-17,2.1177690880625875,2.1177690880625875,2.1270279835284867,2.1270279835284867,0.0,0.0,0.7810559982504345,0.7810559982504345
2009-10-18,2.1177388310549783,2.1177388310549783,2.1269938127344137,2.1269938127344137,0.0,0.0,0.7810559982504345,0.7810559982504345
2009-10-19,2.007905867715088,2.007905867715088,2.016509731415459,2.016509731415459,0.0,0.0,0.7810559982504345,0.7810559982504345
2009-10-20,2.0117362531076406,2.0117362531076406,2.0209861363893,2.0209861363893,0.0,0.0,0.7810559982504345,0.7810559982504345
2009-10-21,2.0117201924183363,2.0117201924183363,2.020968076270899,2.020968076270899,0.0,0.0,0.0,0.0
2009-10-22,2.011709657679995,2.011709657679995,2.020956167156653,2.020956167156653,0.0,0.0,0.7810559982504345,0.7810559982504345
2009-10-23,2.011703772718389,2.011703772718389,2.0209494386759115,2.0209494386759115,0.0,0.0,0.7810559982504345,0.7810559982504345
2009-10-24,2.011701317041775,2.011701317041775,2.0209465520155496,2.0209465520155496,0.0,0.0,0.7810559982504345,0.7810559982504345
2009-10-25,2.011701089577599,2.011701089577599,2.0209461747336483,2.0209461747336483,0.0,0.0,0.7810559982504345,0.7810559982504345
2009-10-26,1.7555175760737645,1.7555175760737645,1.764762634597788,1.764762634597788,0.0,0.0,0.7810559982504345,0.7810559982504345
2009-10-27,1.755519722581596,1.755519722581596,1.7647649142048842,1.7647649142048842,0.0,0.0,0.7810559982504345,0.7810559982504345
2009-10-28,1.7555213092450823,1.7555213092450823,1.7647665970779376,1.7647665970779376,0.0,0.0,0.7810559982504345,0.7810559982504345
2009-10-29,1.7555206429486634,1.7555206429486634,1.7647657994917432,1.7647657994917432,0.0,0.0,0.7810559982504345,0.7810559982504345
2009-10-30,1.7555197353175302,1.7555197353175302,1.7647647320497304,1.7647647320497304,0.0,0.0,0.7810559982504345,0.7810559982504345
2009-10-31,1.7555207114525846,1.7555207114525846,1.7647657492669722,1.7647657492669722,0.0,0.0,0.7810559982504345,0.7810559982504345
2009-11-01,1.7550637469938934,1.7550637469938934,1.7642694023250398,1.7642694023250398,0.0,0.0,1.562111993001738,1.562111993001738
2009-11-02,1.4073889133302135,1.4073889133302135,1.4165949261752961,1.4165949261752961,0.0,0.0,0.0,0.0
2009-11-03,1.4073934667101753,1.4073934667101753,1.416599934615477,1.416599934615477,0.0,0.0,0.0,0.0
2009-11-04,1.407398835938979,1.407398835938979,1.4166058486899924,1.4166058486899924,0.0,0.0,0.0,0.0
2009-11-05,1.4074046420710047,1.4074046420710047,1.4166122510763743,1.4166122510763743,0.0,0.0,0.0,0.0
2009-11-06,1.4074093632584672,1.4074093632584672,1.4166174480010745,1.4166174480010745,0.0,0.0,0.0,0.0
2009-11-07,1.407412752001872,1.407412752001872,1.4166211646674163,1.4166211646674163,0.0,0.0,0.0,0.0
2009-11-08,1.4074155932380907,1.4074155932380907,1.416624276943417,1.416624276943417,0.0,0.0,0.0,0.0
2009-11-09,1.5755123447797519,1.5755123447797519,1.5847212597862939,1.5847212597862939,0.0,0.0,0.0,0.0
2009-11-10,1.5755151302175239,1.5755151302175239,1.5847243075483461,1.5847243075483461,0.0,0.0,0.0,0.0
2009-11-11,1.539044235387468,1.539044235387468,1.5453443676759284,1.5453443676759284,0.0,0.0,0.0,0.0
2009-11-12,1.5720340879524968,1.5720340879524968,1.581159691338262,1.581159691338262,0.0,0.0,0.0,0.0
2009-11-13,1.5722305165178745,1.5722305165178745,1.5811989159282545,1.5811989159282545,0.0,0.0,0.0,0.0
2009-11-14,1.5749778314171412,1.5749778314171412,1.5841398099591022,1.5841398099591022,0.0,0.0,0.0,0.0
2009-11-15,1.5751330025166759,1.5751330025166759,1.5843059884881365,1.5843059884881365,0.0,0.0,0.0,0.0
2009-11-16,1.419770909589315,1.419770909589315,1.4289809254573922,1.4289809254573922,0.0,0.0,0.0,0.0
2009-11-17,1.4083959194193771,1.4083959194193771,1.4164896776797888,1.4164896776797888,0.0,0.0,0.0,0.0
2009-11-18,1.419775657864562,1.419775657864562,1.4289861142360365,1.4289861142360365,0.0,0.0,0.0,0.0
2009-11-19,1.418523952721542,1.418523952721542,1.4276294300022208,1.4276294300022208,0.0,0.0,0.0,0.0
2009-11-20,1.3432240457700275,1.3432240457700275,1.3449767908682346,1.3449767908682346,0.0,0.0,0.0,0.0
2009-11-21,1.3906647914847319,1.3906647914847319,1.3967648696371198,1.3967648696371198,0.0,0.0,0.0,0.0
2009-11-22,1.4187389037555111,1.4187389037555111,1.427816740550942,1.427816740550942,0.0,0.0,0.0,0.0
2009-11-23,1.5002076336724837,1.5002076336724837,1.5094183498583553,1.5094183498583553,0.0,0.0,0.0,0.0
2009-11-24,1.5002071399357326,1.5002071399357326,1.5094178235232674,1.5094178235232674,0.0,0.0,0.0,0.0
2009-11-25,1.500206643009428,1.500206643009428,1.5094172939333037,1.5094172939333037,0.0,0.0,0.0,0.0
2009-11-26,1.4956761022227538,1.4956761022227538,1.5045874077353454,1.5045874077353454,0.0,0.0,0.0,0.0
2009-11-27,1.5002062242997742,1.5002062242997742,1.5094168821980607,1.5094168821980607,0.0,0.0,0.0,0.0
2009-11-28,1.496602423172788,1.496602423172788,1.5051452082543215,1.5051452082543215,0.0,0.0,0.0,0.0
2009-11-29,1.5002036937054317,1.5002036937054317,1.5094141548630204,1.5094141548630204,0.0,0.0,0.0,0.0
2009-11-30,1.4231772416542994,1.4231772416542994,1.432387624500508,1.432387624500508,0.0,0.0,0.0,0.0
2009-12-01,1.4228116316272392,1.4228116316272392,1.4319905344932433,1.4319905344932433,0.0,0.0,0.0,0.0
2009-12-02,1.422811400236824,1.422811400236824,1.43199027930235,1.43199027930235,0.0,0.0,0.0,0.0
2009-12-03,1.4228112742420942,1.4228112742420942,1.4319901325090283,1.4319901325090283,0.0,0.0,0.0,0.0
2009-12-04,1.4228110567926457,1.4228110567926457,1.4319898854487436,1.4319898854487436,0.0,0.0,0.0,0.0
2009-12-05,1.4221936454810038,1.4221936454810038,1.4313240715080762,1.4313240715080762,0.0,0.0,0.0,0.0
2009-12-06,1.2850396555911223,1.2850396555911223,1.2824824415935359,1.2824824415935359,0.0,0.0,0.0,0.0
2009-12-07,1.3279059739239873,1.3279059739239873,1.329507709695284,1.329507709695284,0.0,0.0,0.0,0.0
2009-12-08,1.4264271462471718,1.4264271462471718,1.4356047009166486,1.4356047009166486,0.0,0.0,0.0,0.0
2009-12-09,1.4263341505689038,1.4263341505689038,1.4354891675820458,1.4354891675820458,0.0,0.0,0.0,0.0
2009-12-10,1.384272192111388,1.384272192111388,1.3906420955315608,1.3906420955315608,0.0,0.0,0.0,0.0
2009-12-11,0.917944274870146,0.917944274870146,0.8836763116205684,0.8836763116205684,0.0,0.0,0.0,0.0
2009-12-12,0.143239461932142,0.143239461932142,0.0097862,0.0097862,0.0,0.0,0.0,0.0
2009-12-13,0.5485367364545852,0.5485367364545851,0.47670787488674965,0.47670787488674954,0.0,0.0,0.0,0.0
2009-12-14,1.359091406498626,1.359091406498626,1.3604160370488512,1.3604160370488512,0.0,0.0,0.0,0.0
2009-12-15,1.4341991854015959,1.4341991854015959,1.4427560599598521,1.4427560599598521,0.0,0.0,0.0,0.0
2009-12-16,1.4347155271085492,1.4347155271085492,1.443611061619158,1.443611061619158,0.0,0.0,0.0,0.0
2009-12-17,1.4345928329946485,1.4345928329946485,1.443477997110027,1.443477997110027,0.0,0.0,0.0,0.0
2009-12-18,1.4337638103065067,1.4337638103065067,1.4425467309255138,1.4425467309255138,0.0,0.0,0.0,0.0
2009-12-19,1.4343820723776937,1.4343820723776937,1.4432245077225934,1.4432245077225934,0.0,0.0,0.0,0.0
2009-12-20,1.423518486570859,1.423518486570859,1.4315584558099395,1.4315584558099395,0.0,0.0,0.0,0.0
2009-12-21,1.2870390019576774,1.2870390019576774,1.2815230789295893,1.2815230789295893,0.0,0.0,0.0,0.0
2009-12-22,1.3308375189857937,1.3308375189857937,1.329663812787599,1.329663812787599,0.0,0.0,0.0,0.0
2009-12-23,1.4303981068096314,1.4303981068096314,1.4387687095806574,1.4387687095806574,0.0,0.0,0.0,0.0
2009-12-24,1.433741144278168,1.433741144278168,1.4424481330954573,1.4424481330954573,0.0,0.0,0.0,0.0
2009-12-25,1.4355248125395303,1.4355248125395303,1.4442555328099433,1.4442555328099433,0.0,0.0,0.0,0.0
2009-12-26,1.3861586381193796,1.3861586381193796,1.3910924598382557,1.3910924598382557,0.0,0.0,0.0,0.0
2009-12-27,1.4038910086248753,1.4038910086248753,1.4094094970252486,1.4094094970252486,0.0,0.0,0.0,0.0
2009-12-28,1.4221940760449614,1.4221940760449614,1.4296760994571678,1.4296760994571678,0.0,0.0,0.0,0.0
2009-12-29,1.3625985853518991,1.3625985853518991,1.3652861399311516,1.3652861399311516,0.0,0.0,0.0,0.0
2009-12-30,1.4165330438989014,1.4165330438989014,1.42387037534834,1.42387037534834,0.0,0.0,0.0,0.0
2009-12-31,1.4339738084039548,1.4339738084039548,1.442751888507032,1.442751888507032,0.0,0.0,0.0,0.0
2010-01-01,1.438738268487035,1.438738268487035,1.4478401614018228,1.4478401614018228,0.0,0.0,0.0,0.0
2010-01-02,1.4387088954274068,1.4387088954274068,1.447808364830903,1.447808364830903,0.0,0.0,0.0,0.0
2010-01-03,1.4386872670691586,1.4386872670691586,1.447785019927898,1.447785019927898,0.0,0.0,0.0,0.0
2010-01-04,1.425480653523572,1.425480653523572,1.4345773760270575,1.4345773760270575,0.0,0.0,12.319704130524443,12.319704130524443
2010-01-05,1.4254721264414663,1.4254721264414663,1.4345683777086353,1.4345683777086353,0.0,0.0,24.639408205856608,24.639408205856608
2010-01-06,1.4254642840966045,1.4254642840966045,1.4345600697708738,1.4345600697708738,0.0,0.0,49.27881630132866,49.27881630132866
2010-01-07,1.4254552380626124,1.4254552380626124,1.4345503694183541,1.4345503694183541,0.0,0.0,98.55763238188823,98.55763238188823
2010-01-08,1.4206326893578263,1.4206326893578263,1.429263682033273,1.429263682033273,0.0,0.0,125.94591563375062,125.94591563375062
2010-01-09,1.4254400101503428,1.4254400101503428,1.434534045079501,1.434534045079501,0.0,0.0,0.998202824,0.998202824
2010-01-10,1.4234509871150312,1.4234509871150312,1.4324012073054626,1.4324012073054626,0.0,0.0,0.94684626,0.94684626
2010-01-11,1.410956380766069,1.410956380766069,1.4200495567440587,1.4200495567440587,0.0,0.0,0.0,0.0
2010-01-12,1.2178264898717261,1.2178264898717261,1.210178607763013,1.210178607763013,0.0,0.0,0.0,0.0
2010-01-13,1.318117169008694,1.318117169008694,1.3191468526366428,1.3191468526366428,0.0,0.0,0.0,0.0
2010-01-14,1.4086937665820238,1.4086937665820238,1.4175866882993093,1.4175866882993093,0.0,0.0,0.0,0.0
2010-01-15,1.4108021563713145,1.4108021563713145,1.4198827647560834,1.4198827647560834,0.0,0.0,0.0,0.0
2010-01-16,1.4051120278214921,1.4051120278214921,1.4136226805878997,1.4136226805878997,0.0,0.0,0.0,0.0
2010-01-17,1.2341006546092854,1.2341006546092854,1.2284488950156944,1.2284488950156944,0.0,0.0,0.0,0.0
2010-01-18,0.5410248040108763,0.5410248040108763,0.5100322541083606,0.5100322541083606,0.0,0.0,0.0,0.0
2010-01-19,0.4353868150780571,0.4353868150780571,0.39538121468798354,0.39538121468798354,0.0,0.0,0.0,0.0
2010-01-20,0.2689044038368491,0.2689044038368491,0.21347123226639872,0.21347123226639872,0.0,0.0,0.0,0.0
2010-01-21,0.3160676759540668,0.3160676759540668,0.25816755084918586,0.25816755084918586,0.0,0.0,0.0,0.0
2010-01-22,0.6479740124101359,0.6479740124101359,0.6251329557294508,0.6251329557294508,0.0,0.0,0.0,0.0
2010-01-23,0.9348884706044313,0.9348884706044313,0.940152185925195,0.940152185925195,0.0,0.0,0.0,0.0
2010-01-24,0.9440366990478667,0.9440366990478667,0.9447419571992939,0.9447419571992939,0.0,0.0,0.0,0.0
2010-01-25,1.3292883950063819,1.3292883950063819,1.3312157612914794,1.3312157612914794,0.0,0.0,0.0,0.0
2010-01-26,1.3092809671123122,1.3092809671123122,1.3123754526078473,1.3123754526078473,0.0,0.0,0.0,0.0
2010-01-27,1.3286341653982963,1.3286341653982963,1.3354913111807962,1.3354913111807962,0.0,0.0,0.0,0.0
2010-01-28,1.3491751547830393,1.3491751547830393,1.3562665176060096,1.3562665176060096,0.0,0.0,0.0,0.0
2010-01-29,1.3444460711470074,1.3444460711470074,1.3505779886949996,1.3505779886949996,0.0,0.0,0.0,0.0
2010-01-30,1.3465644271775705,1.3465644271775705,1.3529359170598552,1.3529359170598552,0.0,0.0,0.0,0.0
2010-01-31,1.341854955528671,1.341854955528671,1.3478773959070727,1.3478773959070727,0.0,0.0,0.0,0.0
2010-02-01,4.3978615141685085,4.3978615141685085,9.096312645208616,9.096312645208616,0.0,0.0,0.0,0.0
2010-02-02,4.397918540721873,4.397918540721873,9.096312645208616,9.096312645208616,0.0,0.0,0.0,0.0
2010-02-03,4.397931394076533,4.397931394076533,9.096312645208616,9.096312645208616,0.0,0.0,0.0,0.0
2010-02-04,4.405797772730718,4.405797772730718,9.096312645208616,9.096312645208616,0.0,0.0,0.0,0.0
2010-02-05,4.406621689491601,4.406621689491601,9.096312645208616,9.096312645208616,0.0,0.0,0.0,0.0
2010-02-06,4.410962393644523,4.410962393644523,9.096312645208618,9.096312645208618,0.0,0.0,0.0,0.0
2010-02-07,4.4042855442865125,4.4042855442865125,9.096312645208616,9.096312645208616,0.0,0.0,0.0,0.0
2010-02-08,4.401981288034122,4.401981288034122,9.096312646111336,9.096312646111336,0.0,0.0,0.0,0.0
2010-02-09,4.403573993717532,4.403573993717532,9.096312646111336,9.096312646111336,0.0,0.0,0.0,0.0
2010-02-10,4.403050416971304,4.403050416971304,9.096312646111336,9.096312646111336,0.0,0.0,0.0,0.0
2010-02-11,4.402961628889328,4.402961628889328,9.096312646111336,9.096312646111336,0.0,0.0,0.0,0.0
2010-02-12,4.403212159693395,4.403212159693395,9.096312646111336,9.096312646111336,0.0,0.0,0.0,0.0
2010-02-13,4.403242915917286,4.403242915917286,9.096312646111336,9.096312646111336,0.0,0.0,0.0,0.0
2010-02-14,4.403085861480944,4.403085861480944,9.096312646111336,9.096312646111336,0.0,0.0,0.0,0.0
2010-02-15,4.4028243931476645,4.4028243931476645,9.09631264705591,9.09631264705591,0.0,0.0,0.0,0.0
2010-02-16,4.402516256362203,4.402516256362203,9.09631264705591,9.09631264705591,0.0,0.0,0.0,0.0
2010-02-17,4.402171035247081,4.402171035247081,9.09631264705591,9.09631264705591,0.0,0.0,0.0,0.0
2010-02-18,4.401761584652595,4.401761584652595,9.09631264705591,9.09631264705591,0.0,0.0,0.0,0.0
2010-02-19,4.401396404443608,4.401396404443608,9.09631264705591,9.09631264705591,0.0,0.0,0.0,0.0
2010-02-20,4.401398438828088,4.401398438828088,9.09631264705591,9.09631264705591,0.0,0.0,0.0,0.0
2010-02-21,4.409157690297055,4.409157690297055,9.09631264705591,9.09631264705591,0.0,0.0,0.0,0.0
2010-02-22,4.40479027934037,4.40479027934037,9.096312648046395,9.096312648046395,0.0,0.0,0.0,0.0
2010-02-23,4.427637636610768,4.427637636610768,9.096312648046393,9.096312648046393,0.0,0.0,0.0,0.0
2010-02-24,4.427893018761939,4.427893018761939,9.096312648046395,9.096312648046395,0.0,0.0,0.0,0.0
2010-02-25,4.410828208644925,4.410828208644925,9.096312648046395,9.096312648046395,0.0,0.0,0.0,0.0
2010-02-26,4.450609085466575,4.450609085466575,9.096312648046395,9.096312648046395,0.0,0.0,0.0,0.0
2010-02-27,4.443894458685962,4.443894458685962,9.096312648046395,9.096312648046395,0.0,0.0,0.0,0.0
2010-02-28,4.429446885442002,4.429446885442002,9.096312648046395,9.096312648046395,0.0,0.0,0.0,0.0
2010-03-01,4.427463268837551,4.427463268837551,9.096312649087492,9.096312649087492,0.0,0.0,0.0,0.0
2010-03-02,4.433958190039558,4.433958190039557,9.09631264908749,9.096312649087492,0.0,0.0,0.0,0.0
2010-03-03,4.450441780367565,4.450441780367565,9.096312649087492,9.096312649087492,0.0,0.0,0.0,0.0
2010-03-04,4.443279456988152,4.443279456988152,9.096312649087492,9.096312649087492,0.0,0.0,0.0,0.0
2010-03-05,4.436188500132714,4.436188500132714,9.096312649087492,9.096312649087492,0.0,0.0,0.0,0.0
2010-03-06,4.436430608761943,4.436430608761943,9.096312649087492,9.096312649087492,0.0,0.0,0.0,0.0
2010-03-07,4.434979607562064,4.434979607562064,9.096312649087492,9.096312649087492,0.0,0.0,0.0,0.0
2010-03-08,4.432858547722393,4.432858547722393,9.096312650184649,9.096312650184649,0.0,0.0,0.0,0.0
2010-03-09,4.432450705736231,4.432450705736231,9.096312650184649,9.096312650184649,0.0,0.0,0.0,0.0
2010-03-10,4.4289950403986795,4.4289950403986795,9.096312650184649,9.096312650184649,0.0,0.0,0.0,0.0
2010-03-11,4.426366404311584,4.426366404311584,9.096312650184649,9.096312650184649,0.0,0.0,0.0,0.0
2010-03-12,4.43961397582214,4.43961397582214,9.096312650184649,9.096312650184649,0.0,0.0,0.0,0.0
2010-03-13,4.432725488960743,4.432725488960743,9.096312650184649,9.096312650184649,0.0,0.0,0.0,0.0
2010-03-14,4.425400642716045,4.425400642716045,9.096312650184649,9.096312650184649,0.0,0.0,0.0,0.0
2010-03-15,4.425477783286227,4.425477783286227,9.096312651344242,9.096312651344242,0.0,0.0,0.0,0.0
2010-03-16,4.424229830573282,4.424229830573282,9.096312651344242,9.096312651344242,0.0,0.0,0.0,0.0
2010-03-17,4.422186175906729,4.422186175906729,9.096312651344242,9.096312651344242,0.0,0.0,0.0,0.0
2010-03-18,4.4198999866559845,4.4198999866559845,9.096312651344242,9.096312651344242,0.0,0.0,0.0,0.0
2010-03-19,4.417673616916078,4.417673616916078,9.096312651344242,9.096312651344242,0.0,0.0,0.0,0.0
2010-03-20,4.415538505958932,4.415538505958932,9.096312651344242,9.096312651344242,0.0,0.0,0.0,0.0
2010-03-21,4.413525750925409,4.413525750925409,9.096312651344242,9.096312651344242,0.0,0.0,0.0,0.0
2010-03-22,4.411754995738906,4.411754995738906,9.096312652573815,9.096312652573815,0.0,0.0,0.0,0.0
2010-03-23,4.410223649413225,4.410223649413225,9.096312652573815,9.096312652573815,0.0,0.0,0.0,0.0
2010-03-24,4.408971262172712,4.408971262172712,9.096312652573815,9.096312652573815,0.0,0.0,0.0,0.0
2010-03-25,4.407784527849525,4.407784527849525,9.096312652573815,9.096312652573815,0.0,0.0,0.0,0.0
2010-03-26,4.407091761519938,4.407091761519938,9.096312652573815,9.096312652573815,0.0,0.0,0.0,0.0
2010-03-27,4.406063809375175,4.406063809375175,9.096312652573815,9.096312652573815,0.0,0.0,0.0,0.0
2010-03-28,4.405127271833903,4.405127271833903,9.096312652573815,9.096312652573815,0.0,0.0,0.0,0.0
2010-03-29,4.405741180822112,4.405741180822112,9.096312653882345,9.096312653882345,0.0,0.0,0.0,0.0
2010-03-30,4.409985670010859,4.409985670010859,9.096312653882345,9.096312653882345,0.0,0.0,0.0,0.0
2010-03-31,4.407835931916691,4.407835931916691,9.096312653882345,9.096312653882345,0.0,0.0,0.0,0.0
2010-04-01,4.4038568698367815,4.4038568698367815,9.096312653882345,9.096312653882345,0.0,0.0,0.0,0.0
2010-04-02,4.4088945088634155,4.4088945088634155,9.096312653882345,9.096312653882345,0.0,0.0,0.0,0.0
2010-04-03,4.405693811855102,4.405693811855102,9.096312653882345,9.096312653882345,0.0,0.0,0.0,0.0
2010-04-04,4.430462221103749,4.430462221103749,9.096312653882345,9.096312653882345,0.0,0.0,0.0,0.0
2010-04-05,4.424418417672789,4.424418417672789,9.09631265528068,9.09631265528068,0.0,0.0,0.0,0.0
2010-04-06,4.4124038718771095,4.4124038718771095,9.09631265528068,9.09631265528068,0.0,0.0,0.0,0.0
2010-04-07,4.4140517320736645,4.4140517320736645,9.09631265528068,9.09631265528068,0.0,0.0,0.0,0.0
2010-04-08,4.414047843632058,4.414047843632058,9.09631265528068,9.09631265528068,0.0,0.0,0.0,0.0
2010-04-09,4.413095939322537,4.413095939322537,9.09631265528068,9.09631265528068,0.0,0.0,0.0,0.0
2010-04-10,4.4121744916351435,4.4121744916351435,9.09631265528068,9.09631265528068,0.0,0.0,0.0,0.0
2010-04-11,4.42868773391139,4.42868773391139,9.09631265528068,9.09631265528068,0.0,0.0,0.0,0.0
2010-04-12,4.4401957729331185,4.4401957729331185,9.096312656782052,9.096312656782052,0.0,0.0,0.0,0.0
2010-04-13,4.424862772727973,4.424862772727973,9.096312656782052,9.096312656782052,0.0,0.0,0.0,0.0
2010-04-14,4.422251218621733,4.422251218621733,9.096312656782052,9.096312656782052,0.0,0.0,0.0,0.0
2010-04-15,4.422650956874507,4.422650956874507,9.096312656782052,9.096312656782052,0.0,0.0,0.0,0.0
2010-04-16,4.42144270089877,4.42144270089877,9.096312656782052,9.096312656782052,0.0,0.0,0.0,0.0
2010-04-17,4.419487363591438,4.419487363591438,9.096312656782052,9.096312656782052,0.0,0.0,0.0,0.0
2010-04-18,4.417290883185359,4.417290883185359,9.096312656782052,9.096312656782052,0.0,0.0,0.0,0.0
2010-04-19,4.422472346878445,4.422472346878445,9.09631265840285,9.09631265840285,0.0,0.0,4.746815989367132,4.746815989367132
2010-04-20,4.430277666169573,4.430277666169573,9.09631265840285,9.09631265840285,0.0,0.0,9.493631957468528,9.493631957468528
2010-04-21,4.428914500603775,4.428914500603775,9.09631265840285,9.09631265840285,0.0,0.0,18.987263872405585,18.987263872405585
2010-04-22,4.42095400838164,4.42095400838164,9.09631265840285,9.09631265840285,0.0,0.0,37.974527659748226,37.974527659748226
2010-04-23,4.4208409587463775,4.4208409587463775,9.09631265840285,9.09631265840285,0.0,0.0,75.94905514937055,75.94905514937055
2010-04-24,4.420698500690132,4.420698500690132,9.09631265840285,9.09631265840285,0.0,0.0,68.46816014963997,68.46816014963997
2010-04-25,4.418972145822734,4.418972145822734,9.09631265840285,9.09631265840285,0.0,0.0,4.506666296000001,4.506666296000001
2010-04-26,4.416641868403171,4.416641868403171,9.096312660163715,9.096312660163715,0.0,0.0,0.0,0.0
2010-04-27,4.420770537880081,4.420770537880081,9.096312660163715,9.096312660163715,0.0,0.0,0.0,0.0
2010-04-28,4.417218521726057,4.417218521726057,9.096312660163715,9.096312660163715,0.0,0.0,0.0,0.0
2010-04-29,4.4144946804733305,4.4144946804733305,9.096312660163715,9.096312660163715,0.0,0.0,0.0,0.0
2010-04-30,4.4128089740621546,4.4128089740621546,9.096312660163715,9.096312660163715,0.0,0.0,0.0,0.0
2010-05-01,4.411502025292418,4.411502025292418,9.096312660163715,9.096312660163715,0.0,0.0,0.0,0.0
2010-05-02,4.410128019437758,4.410128019437758,9.096312660163715,9.096312660163715,0.0,0.0,0.0,0.0
2010-05-03,4.408446701595587,4.408446701595587,9.09631266209115,9.09631266209115,0.0,0.0,0.0,0.0
2010-05-04,4.406623176114443,4.406623176114443,9.09631266209115,9.09631266209115,0.0,0.0,0.0,0.0
2010-05-05,4.404918041961773,4.404918041961773,9.09631266209115,9.09631266209115,0.0,0.0,0.0,0.0
2010-05-06,4.403544319141757,4.403544319141757,9.09631266209115,9.09631266209115,0.0,0.0,0.0,0.0
2010-05-07,4.402413846444733,4.402413846444733,9.09631266209115,9.09631266209115,0.0,0.0,0.0,0.0
2010-05-08,4.401330318703141,4.401330318703141,9.09631266209115,9.09631266209115,0.0,0.0,0.0,0.0
2010-05-09,4.400383651480909,4.400383651480909,9.09631266209115,9.09631266209115,0.0,0.0,0.0,0.0
2010-05-10,4.407339855883563,4.407339855883563,9.096312664219958,9.096312664219958,0.0,0.0,0.0,0.0
2010-05-11,4.403620283067755,4.403620283067755,9.096312664219958,9.096312664219958,0.0,0.0,0.0,0.0
2010-05-12,4.3998835026573415,4.3998835026573415,9.096312664219958,9.096312664219958,0.0,0.0,0.0,0.0
2010-05-13,4.399133015436188,4.399133015436188,9.096312664219958,9.096312664219958,0.0,0.0,0.0,0.0
2010-05-14,4.398523240391892,4.398523240391892,9.096312664219958,9.096312664219958,0.0,0.0,0.0,0.0
2010-05-15,4.397850401570361,4.397850401570361,9.096312664219958,9.096312664219958,0.0,0.0,0.0,0.0
2010-05-16,4.397266324438967,4.397266324438967,9.096312664219958,9.096312664219958,0.0,0.0,0.0,0.0
2010-05-17,4.398249310850905,4.398249310850905,9.09631266659713,9.09631266659713,0.0,0.0,0.0,0.0
2010-05-18,4.3965292334796295,4.3965292334796295,9.09631266659713,9.09631266659713,0.0,0.0,0.0,0.0
2010-05-19,4.396343763120821,4.396343763120821,9.09631266659713,9.09631266659713,0.0,0.0,0.0,0.0
2010-05-20,4.396111428874644,4.396111428874644,9.09631266659713,9.09631266659713,0.0,0.0,0.0,0.0
2010-05-21,4.395890516904476,4.395890516904476,9.09631266659713,9.09631266659713,0.0,0.0,0.0,0.0
2010-05-22,4.395855077089849,4.395855077089849,9.09631266659713,9.09631266659713,0.0,0.0,0.0,0.0
2010-05-23,4.395663422741554,4.395663422741554,9.09631266659713,9.09631266659713,0.0,0.0,0.0,0.0
2010-05-24,4.395626066221389,4.395626066221389,9.096312669288267,9.096312669288267,0.0,0.0,0.0,0.0
2010-05-25,4.399491361263336,4.399491361263336,9.096312669288267,9.096312669288267,0.0,0.0,0.0,0.0
2010-05-26,4.3980839311547095,4.3980839311547095,9.096312669288267,9.096312669288267,0.0,0.0,0.0,0.0
2010-05-27,4.400835975450648,4.400835975450648,9.096312669288267,9.096312669288267,0.0,0.0,0.0,0.0
2010-05-28,4.395986686216433,4.395986686216433,9.096312669288267,9.096312669288267,0.0,0.0,0.0,0.0
2010-05-29,4.3955097106217424,4.3955097106217424,9.096312669288267,9.096312669288267,0.0,0.0,0.0,0.0
2010-05-30,4.395468578267317,4.395468578267317,9.096312669288267,9.096312669288267,0.0,0.0,0.0,0.0
2010-05-31,4.395429587154634,4.395429587154634,9.096312672388919,9.096312672388919,0.0,0.0,3.962158585571217,3.962158585571229
2010-06-01,4.395488964941511,4.395488964941511,9.096312672388919,9.096312672388919,0.0,0.0,4.324793700393649,4.324793700393649
2010-06-02,4.395481620190756,4.395481620190756,9.096312672388919,9.096312672388919,0.0,0.0,4.255622361478706,4.255622361478706
2010-06-03,4.395474051529173,4.395474051529173,9.096312672388919,9.096312672388919,0.0,0.0,3.8291722242275927,3.8291722242275927
2010-06-04,4.395465746240692,4.395465746240692,9.096312672388919,9.096312672388919,0.0,0.0,3.304402589697137,3.304402589697137
2010-06-05,4.395457148860651,4.395457148860651,9.096312672388919,9.096312672388919,0.0,0.0,2.6336734011257796,2.6336734011257796
2010-06-06,4.395447826055762,4.395447826055762,9.096312672388919,9.096312672388919,0.0,0.0,1.8999355623559755,1.8999355623559755
2010-06-07,4.395437541646287,4.395437541646287,9.096312676046107,9.096312676046107,0.0,0.0,1.0629560952532664,1.0629560952532664
2010-06-08,4.39542715447197,4.39542715447197,9.096312676046107,9.096312676046107,0.0,0.0,0.7810559982504345,0.7810559982504345
2010-06-09,4.395416837453351,4.395416837453351,9.096312676046107,9.096312676046107,0.0,0.0,0.7810559982504345,0.7810559982504345
2010-06-10,4.395407012451777,4.395407012451777,9.096312676046107,9.096312676046107,0.0,0.0,0.7810559982504345,0.7810559982504345
2010-06-11,4.395398809899562,4.395398809899562,9.096312676046107,9.096312676046107,0.0,0.0,0.7810559982504345,0.7810559982504345
2010-06-12,4.395390665853294,4.395390665853294,9.096312676046107,9.096312676046107,0.0,0.0,0.7810559982504345,0.7810559982504345
2010-06-13,4.395380900005405,4.395380900005405,9.096312676046107,9.096312676046107,0.0,0.0,0.7810559982504345,0.7810559982504345
2010-06-14,4.395370168628401,4.395370168628401,9.096312680503303,9.096312680503303,0.0,0.0,0.7810559982504345,0.7810559982504345
2010-06-15,4.395358621254415,4.395358621254415,9.096312680503303,9.096312680503303,0.0,0.0,0.7810559982504345,0.7810559982504345
2010-06-16,4.395346993329177,4.395346993329177,9.096312680503303,9.096312680503303,0.0,0.0,0.7810559982504345,0.7810559982504345
2010-06-17,4.395336657957992,4.395336657957992,9.096312680503303,9.096312680503303,0.0,0.0,0.0,0.0
2010-06-18,4.395326434800999,4.395326434800999,9.096312680503303,9.096312680503303,0.0,0.0,0.7810559982504345,0.7810559982504345
2010-06-19,4.395315767473814,4.395315767473814,9.096312680503303,9.096312680503303,0.0,0.0,0.7810559982504345,0.7810559982504345
2010-06-20,4.395305964009515,4.395305964009515,9.096312680503303,9.096312680503303,0.0,0.0,0.7810559982504345,0.7810559982504345
2010-06-21,4.395296378734361,4.395296378734361,9.096312686208512,9.096312686208512,0.0,0.0,0.7810559982504345,0.7810559982504345
2010-06-22,4.395286225923577,4.395286225923577,9.096312686208512,9.096312686208512,0.0,0.0,0.7810559982504345,0.7810559982504345
2010-06-23,4.395275344179367,4.395275344179367,9.096312686208512,9.096312686208512,0.0,0.0,0.7810559982504345,0.7810559982504345
2010-06-24,4.39557652774389,4.39557652774389,9.096312686208512,9.096312686208512,0.0,0.0,0.7810559982504345,0.7810559982504345
2010-06-25,4.395254589075525,4.395254589075525,9.096312686208512,9.096312686208512,0.0,0.0,0.7810559982504345,0.7810559982504345
2010-06-26,4.395245245111207,4.395245245111207,9.096312686208512,9.096312686208512,0.0,0.0,0.7810559982504345,0.7810559982504345
2010-06-27,4.3952340952655415,4.3952340952655415,9.096312686208512,9.096312686208512,0.0,0.0,0.7810559982504345,0.7810559982504345
2010-06-28,4.39522158349122,4.39522158349122,8.341047431868981,8.341047431868981,0.0,0.0,0.7810559982504345,0.7810559982504345
2010-06-29,4.395207744442203,4.395207744442203,8.341047431868981,8.341047431868981,0.0,0.0,0.7810559982504345,0.7810559982504345
2010-06-30,4.395194128095855,4.395194128095855,8.341047431868981,8.341047431868981,0.0,0.0,0.7810559982504345,0.7810559982504345
2010-07-01,4.395305255585986,4.395305255585986,8.341047431868981,8.341047431868981,0.0,0.0,0.0,0.0
2010-07-02,4.3952918293804,4.3952918293804,8.341047431868981,8.341047431868981,0.0,0.0,0.7810559982504345,0.7810559982504345
2010-07-03,4.395279463832018,4.395279463832018,8.341047431868981,8.341047431868981,0.0,0.0,0.7810559982504345,0.7810559982504345
2010-07-04,4.395267314024005,4.395267314024005,8.341047431868981,8.341047431868981,0.0,0.0,0.7810559982504345,0.7810559982504345
2010-07-05,4.3952547799613155,4.3952547799613155,6.017186578712654,6.017186578712654,0.0,0.0,0.7810559982504345,0.7810559982504345
2010-07-06,4.3952417789416,4.3952417789416,6.017186578712654,6.017186578712654,0.0,0.0,0.7810559982504345,0.7810559982504345
2010-07-07,4.395229335365947,4.395229335365947,6.017186578712654,6.017186578712654,0.0,0.0,0.7810559982504345,0.7810559982504345
2010-07-08,4.395217608243315,4.395217608243315,6.017186578712654,6.017186578712654,0.0,0.0,0.7810559982504345,0.7810559982504345
2010-07-09,4.395205925188643,4.395205925188643,6.017186578712654,6.017186578712654,0.0,0.0,0.7810559982504345,0.7810559982504345
2010-07-10,4.3951943526559525,4.3951943526559525,6.017186578712654,6.017186578712654,0.0,0.0,0.7810559982504345,0.7810559982504345
2010-07-11,4.395182938125431,4.395182938125431,6.017186578712654,6.017186578712654,0.0,0.0,0.7810559982504345,0.7810559982504345
2010-07-12,4.3951719636964155,4.3951719636964155,4.585172972408428,4.585172972408428,0.0,0.0,0.7810559982504345,0.7810559982504345
2010-07-13,4.395161614244054,4.395161614244054,4.585172972408428,4.585172972408428,0.0,0.0,0.7810559982504345,0.7810559982504345
2010-07-14,4.39515211257371,4.39515211257371,4.585172972408428,4.585172972408428,0.0,0.0,0.7810559982504345,0.7810559982504345
2010-07-15,4.3951432455017585,4.3951432455017585,4.585172972408428,4.585172972408428,0.0,0.0,0.0,0.0
2010-07-16,4.395134592166294,4.395134592166294,4.585172972408428,4.585172972408428,0.0,0.0,0.7810559982504345,0.7810559982504345
2010-07-17,4.395126391089484,4.395126391089484,4.585172972408428,4.585172972408428,0.0,0.0,0.7810559982504345,0.7810559982504345
2010-07-18,4.395118794527609,4.395118794527609,4.585172972408428,4.585172972408428,0.0,0.0,0.7810559982504345,0.7810559982504345
2010-07-19,2.1647827721859643,2.1647827721859643,2.174083794343824,2.174083794343824,0.0,0.0,0.7810559982504345,0.7810559982504345
2010-07-20,2.1648441757355683,2.1648441757355683,2.1741516520773216,2.1741516520773216,0.0,0.0,0.7810559982504345,0.7810559982504345
2010-07-21,2.1648999223529235,2.1648999223529235,2.17421328198929,2.17421328198929,0.0,0.0,0.7810559982504345,0.7810559982504345
2010-07-22,2.1649503572861097,2.1649503572861097,2.174269013554749,2.174269013554749,0.0,0.0,0.7810559982504345,0.7810559982504345
2010-07-23,2.164995415434169,2.164995415434169,2.174318833956038,2.174318833956038,0.0,0.0,0.7810559982504345,0.7810559982504345
2010-07-24,2.1650352325916526,2.1650352325916526,2.1743629438820777,2.1743629438820777,0.0,0.0,0.7810559982504345,0.7810559982504345
2010-07-25,2.1650690731849975,2.1650690731849975,2.1744005325972187,2.1744005325972187,0.0,0.0,0.7810559982504345,0.7810559982504345
2010-07-26,2.1591405089129654,2.1591405089129654,2.1684752609409914,2.1684752609409914,0.0,0.0,0.7810559982504345,0.7810559982504345
2010-07-27,2.159166759200004,2.159166759200004,2.1685044449412807,2.1685044449412807,0.0,0.0,0.7810559982504345,0.7810559982504345
2010-07-28,2.159189347829368,2.159189347829368,2.168529541033038,2.168529541033038,0.0,0.0,0.7810559982504345,0.7810559982504345
2010-07-29,2.1592087183750173,2.1592087183750173,2.168551085529445,2.168551085529445,0.0,0.0,0.0,0.0
2010-07-30,2.159225418687444,2.159225418687444,2.168569696407187,2.168569696407187,0.0,0.0,0.7810559982504345,0.7810559982504345
2010-07-31,2.1592397439938162,2.1592397439938162,2.168585674189269,2.168585674189269,0.0,0.0,0.7810559982504345,0.7810559982504345
2010-08-01,2.156094825383348,2.156094825383348,2.1651715706811956,2.1651715706811956,0.0,0.0,0.7810559982504345,0.7810559982504345
2010-08-02,2.154409325893478,2.154409325893478,2.163487892041464,2.163487892041464,0.0,0.0,0.7810559982504345,0.7810559982504345
2010-08-03,2.1544244835584654,2.1544244835584654,2.1635046446028237,2.1635046446028237,0.0,0.0,0.7810559982504345,0.7810559982504345
2010-08-04,2.1544379410544234,2.1544379410544234,2.163519505207728,2.163519505207728,0.0,0.0,0.7810559982504345,0.7810559982504345
2010-08-05,2.1544504969431135,2.1544504969431135,2.1635333574355546,2.1635333574355546,0.0,0.0,0.7810559982504345,0.7810559982504345
2010-08-06,2.1544623585343485,2.1544623585343485,2.163546441674376,2.163546441674376,0.0,0.0,0.7810559982504345,0.7810559982504345
2010-08-07,2.1544721008621535,2.1544721008621535,2.1635573089514715,2.1635573089514715,0.0,0.0,0.7810559982504345,0.7810559982504345
2010-08-08,2.154478920936756,2.154478920936756,2.163565147606922,2.163565147606922,0.0,0.0,0.7810559982504345,0.7810559982504345
2010-08-09,2.175761354403228,2.175761354403228,2.1848482892002465,2.1848482892002465,0.0,0.0,0.7810559982504345,0.7810559982504345
2010-08-10,2.1757652042296693,2.1757652042296693,2.184852571869301,2.184852571869301,0.0,0.0,0.7810559982504345,0.7810559982504345
2010-08-11,2.175769018906767,2.175769018906767,2.1848568067365544,2.1848568067365544,0.0,0.0,0.7810559982504345,0.7810559982504345
2010-08-12,2.175772738646147,2.175772738646147,2.184860933424125,2.184860933424125,0.0,0.0,0.0,0.0
2010-08-13,2.175776441553242,2.175776441553242,2.184865040921381,2.184865040921381,0.0,0.0,0.7810559982504345,0.7810559982504345
2010-08-14,2.1757802930310537,2.1757802930310537,2.1848693174527836,2.1848693174527836,0.0,0.0,0.7810559982504345,0.7810559982504345
2010-08-15,2.17578422178715,2.17578422178715,2.184873681513,2.184873681513,0.0,0.0,0.7810559982504345,0.7810559982504345
2010-08-16,2.1918392373539164,2.1918392373539164,2.200929135676347,2.200929135676347,0.0,0.0,0.7810559982504345,0.7810559982504345
2010-08-17,2.19184284180719,2.19184284180719,2.200933189663443,2.200933189663443,0.0,0.0,0.7810559982504345,0.7810559982504345
2010-08-18,2.19184609366806,2.19184609366806,2.2009367849719044,2.2009367849719044,0.0,0.0,0.7810559982504345,0.7810559982504345
2010-08-19,2.1918487758909344,2.1918487758909344,2.2009396561412817,2.2009396561412817,0.0,0.0,0.7810559982504345,0.7810559982504345
2010-08-20,2.1918509599026947,2.1918509599026947,2.200941999000179,2.200941999000179,0.0,0.0,0.7810559982504345,0.7810559982504345
2010-08-21,2.191852878575782,2.191852878575782,2.2009440764482826,2.2009440764482826,0.0,0.0,0.7810559982504345,0.7810559982504345
2010-08-22,2.191854719891669,2.191854719891669,2.2009460765266433,2.2009460765266433,0.0,0.0,0.7810559982504345,0.7810559982504345
2010-08-23,2.191856561008807,2.191856561008807,2.2009480763466773,2.2009480763466773,0.0,0.0,0.7810559982504345,0.7810559982504345
2010-08-24,2.191858401947656,2.191858401947656,2.200950075988422,2.200950075988422,0.0,0.0,0.7810559982504345,0.7810559982504345
2010-08-25,2.191860242202574,2.191860242202574,2.2009520748741154,2.2009520748741154,0.0,0.0,0.7810559982504345,0.7810559982504345
2010-08-26,2.191862081747257,2.191862081747257,2.200954072977453,2.200954072977453,0.0,0.0,0.0,0.0
2010-08-27,2.1918639212656346,2.1918639212656346,2.200956071054485,2.200956071054485,0.0,0.0,0.7810559982504345,0.7810559982504345
2010-08-28,2.191865760556036,2.191865760556036,2.200958068903541,2.200958068903541,0.0,0.0,0.7810559982504345,0.7810559982504345
2010-08-29,2.191867599033904,2.191867599033904,2.2009600658679433,2.2009600658679433,0.0,0.0,0.7810559982504345,0.7810559982504345
2010-08-30,2.1519871651713096,2.1519871651713096,2.1610797904793406,2.1610797904793406,0.0,0.0,0.7810559982504345,0.7810559982504345
2010-08-31,2.1519890029915527,2.1519890029915527,2.1610817867139973,2.1610817867139973,0.0,0.0,0.7810559982504345,0.7810559982504345
2010-09-01,2.15252073081118,2.15252073081118,2.1616588748263927,2.1616588748263927,0.0,0.0,0.7810559982504345,0.7810559982504345
2010-09-02,2.15252244798746,2.15252244798746,2.161660740020713,2.161660740020713,0.0,0.0,0.7810559982504345,0.7810559982504345
2010-09-03,2.1525241644806874,2.1525241644806874,2.161662604464563,2.161662604464563,0.0,0.0,0.7810559982504345,0.7810559982504345
2010-09-04,2.152525880809983,2.152525880809983,2.1616644687444815,2.1616644687444815,0.0,0.0,0.7810559982504345,0.7810559982504345
2010-09-05,2.1525275969043083,2.1525275969043083,2.161666332789429,2.161666332789429,0.0,0.0,0.7810559982504345,0.7810559982504345
2010-09-06,2.192411584513914,2.192411584513914,2.2015504682822393,2.2015504682822393,0.0,0.0,0.7810559982504345,0.7810559982504345
2010-09-07,2.192413299485302,2.192413299485302,2.201552331125107,2.201552331125107,0.0,0.0,0.7810559982504345,0.7810559982504345
2010-09-08,2.1924150142709,2.1924150142709,2.2015541937264906,2.2015541937264906,0.0,0.0,0.7810559982504345,0.7810559982504345
2010-09-09,2.19241672887344,2.19241672887344,2.2015560560891236,2.2015560560891236,0.0,0.0,0.0,0.0
2010-09-10,2.192418442902216,2.192418442902216,2.201557917866268,2.201557917866268,0.0,0.0,0.7810559982504345,0.7810559982504345
2010-09-11,2.192420156690558,2.192420156690558,2.2015597794029778,2.2015597794029778,0.0,0.0,0.7810559982504345,0.7810559982504345
2010-09-12,2.192421869937923,2.192421869937923,2.2015616403312928,2.2015616403312928,0.0,0.0,0.7810559982504345,0.7810559982504345
2010-09-13,2.1924235824940395,2.1924235824940395,2.201563500500941,2.201563500500941,0.0,0.0,0.7810559982504345,0.7810559982504345
2010-09-14,2.1924252950911387,2.1924252950911387,2.201565360767265,2.201565360767265,0.0,0.0,0.7810559982504345,0.7810559982504345
2010-09-15,2.1924270072729426,2.1924270072729426,2.2015672205069077,2.2015672205069077,0.0,0.0,0.7810559982504345,0.7810559982504345
2010-09-16,2.1924287189520197,2.1924287189520197,2.201569079732098,2.201569079732098,0.0,0.0,0.7810559982504345,0.7810559982504345
2010-09-17,2.1924304304644324,2.1924304304644324,2.2015709387906246,2.2015709387906246,0.0,0.0,0.7810559982504345,0.7810559982504345
2010-09-18,2.192432141288329,2.192432141288329,2.2015727970932164,2.2015727970932164,0.0,0.0,0.7810559982504345,0.7810559982504345
2010-09-19,2.192433851500211,2.192433851500211,2.2015746547163757,2.2015746547163757,0.0,0.0,0.7810559982504345,0.7810559982504345
2010-09-20,2.146595519529674,2.146595519529674,2.155736470168841,2.155736470168841,0.0,0.0,0.7810559982504345,0.7810559982504345
2010-09-21,2.1465972291158804,2.1465972291158804,2.1557383271545993,2.1557383271545993,0.0,0.0,4.746815989367132,4.746815989367132
2010-09-22,2.1465989384397948,2.1465989384397948,2.155740183822373,2.155740183822373,0.0,0.0,0.7810559982504345,0.7810559982504345
2010-09-23,2.1466006474959527,2.1466006474959527,2.1557420401666967,2.1557420401666967,0.0,0.0,0.0,0.0
2010-09-24,2.1466023560165977,2.1466023560165977,2.1557438959637825,2.1557438959637825,0.0,0.0,0.7810559982504345,0.7810559982504345
2010-09-25,2.14660406442249,2.14660406442249,2.1557457516461156,2.1557457516461156,0.0,0.0,0.7810559982504345,0.7810559982504345
2010-09-26,2.146605772164456,2.146605772164456,2.1557476065971044,2.1557476065971044,0.0,0.0,0.7810559982504345,0.7810559982504345
2010-09-27,2.098094218323321,2.098094218323321,2.107236199964992,2.107236199964992,0.0,0.0,0.7810559982504345,0.7810559982504345
2010-09-28,2.0980959253030007,2.0980959253030007,2.1072380540862765,2.1072380540862765,0.0,0.0,0.7810559982504345,0.7810559982504345
2010-09-29,2.0980976316925237,2.0980976316925237,2.1072399075499857,2.1072399075499857,0.0,0.0,0.7810559982504345,0.7810559982504345
2010-09-30,2.098099338295159,2.098099338295159,2.1072417612385324,2.1072417612385324,0.0,0.0,0.7810559982504345,0.7810559982504345
2010-10-01,2.0996207651824066,2.0996207651824066,2.1088929645657704,2.1088929645657704,0.0,0.0,0.7810559982504345,0.7810559982504345
2010-10-02,2.0813357623684494,2.0813357623684494,2.0889928123345025,2.0889928123345025,0.0,0.0,0.7810559982504345,0.7810559982504345
2010-10-03,2.0545214997000416,2.0545214997000416,2.0603823666647143,2.0603823666647143,0.0,0.0,4.746815989367132,4.746815989367132
2010-10-04,2.0718944090820113,2.0718944090820113,2.077057670241497,2.077057670241497,0.0,0.0,0.7810559982504345,0.7810559982504345
2010-10-05,2.1281383679327734,2.1281383679327734,2.1374110366338965,2.1374110366338965,0.0,0.0,0.7810559982504345,0.7810559982504345
2010-10-06,2.1000616610460305,2.1000616610460305,2.1068258862010043,2.1068258862010043,0.0,0.0,4.746815989367132,4.746815989367132
2010-10-07,2.1281410564607524,2.1281410564607524,2.137413958651493,2.137413958651493,0.0,0.0,0.0,0.0
2010-10-08,2.1281423845413556,2.1281423845413556,2.1374154027594297,2.1374154027594297,0.0,0.0,4.746815989367132,4.746815989367132
2010-10-09,2.128143706001979,2.128143706001979,2.137416839975846,2.137416839975846,0.0,0.0,0.7810559982504345,0.7810559982504345
2010-10-10,2.1281450256472354,2.1281450256472354,2.1374182752153756,2.1374182752153756,0.0,0.0,4.746815989367132,4.746815989367132
2010-10-11,2.0741008148931286,2.0741008148931286,2.083374180055542,2.083374180055542,0.0,0.0,0.7810559982504345,0.7810559982504345
2010-10-12,2.0741021377763715,2.0741021377763715,2.083375618596262,2.083375618596262,0.0,0.0,4.746815989367132,4.746815989367132
2010-10-13,2.074103463526672,2.074103463526672,2.0833770600766064,2.0833770600766064,0.0,0.0,0.7810559982504345,0.7810559982504345
2010-10-14,2.0741047927767906,2.0741047927767906,2.083378505227651,2.083378505227651,0.0,0.0,0.7810559982504345,0.7810559982504345
2010-10-15,2.0741061254110855,2.0741061254110855,2.083379953844803,2.083379953844803,0.0,0.0,4.746815989367132,4.746815989367132
2010-10-16,2.0741074611720878,2.0741074611720878,2.0833814057150692,2.0833814057150692,0.0,0.0,4.746815989367132,4.746815989367132
2010-10-17,2.053982959227165,2.053982959227165,2.061536063421815,2.061536063421815,0.0,0.0,0.7810559982504345,0.7810559982504345
2010-10-18,2.117942321485504,2.117942321485504,2.12721649840151,2.12721649840151,0.0,0.0,4.746815989367132,4.746815989367132
2010-10-19,2.1179436607637805,2.1179436607637805,2.1272179538709803,2.1272179538709803,0.0,0.0,4.746815989367132,4.746815989367132
2010-10-20,2.1179450006442693,2.1179450006442693,2.1272194099520267,2.1272194099520267,0.0,0.0,4.746815989367132,4.746815989367132
2010-10-21,2.117946341303708,2.117946341303708,2.1272208668658625,2.1272208668658625,0.0,0.0,4.746815989367132,4.746815989367132
2010-10-22,2.090834077807397,2.090834077807397,2.097848982265845,2.097848982265845,0.0,0.0,4.746815989367132,4.746815989367132
2010-10-23,1.948757944957812,1.948757944957812,1.944488651894228,1.944488651894228,0.0,0.0,4.746815989367132,4.746815989367132
2010-10-24,1.3682583868174734,1.3682583868174734,1.3161462561698438,1.3161462561698438,0.0,0.0,4.746815989367132,4.746815989367132
2010-10-25,1.5366168176091899,1.5366168176091899,1.5070354573700007,1.5070354573700007,0.0,0.0,4.746815989367132,4.746815989367132
2010-10-26,2.0112668668786062,2.0112668668786062,2.0204877534371026,2.0204877534371026,0.0,0.0,4.746815989367132,4.746815989367132
2010-10-27,2.011031887445584,2.011031887445584,2.020229632283838,2.020229632283838,0.0,0.0,4.746815989367132,4.746815989367132
2010-10-28,2.010916630353377,2.010916630353377,2.0201029256351535,2.0201029256351535,0.0,0.0,4.746815989367132,4.746815989367132
2010-10-29,1.954968024846852,1.954968024846852,1.9589053283451512,1.9589053283451512,0.0,0.0,4.746815989367132,4.746815989367132
2010-10-30,2.0056776316421123,2.0056776316421123,2.014269454661317,2.014269454661317,0.0,0.0,4.746815989367132,4.746815989367132
2010-10-31,2.00685835657604,2.00685835657604,2.0156219605835184,2.0156219605835184,0.0,0.0,4.746815989367132,4.746815989367132
2010-11-01,1.7537865303358262,1.7537865303358262,1.7628949286108841,1.7628949286108841,0.0,0.0,4.746815989367132,4.746815989367132
2010-11-02,1.7539528801707467,1.7539528801707467,1.7630697830842967,1.7630697830842967,0.0,0.0,9.493631957468528,9.493631957468528
2010-11-03,1.7539402717544237,1.7539402717544237,1.7630560071073522,1.7630560071073522,0.0,0.0,18.987263872405585,18.987263872405585
2010-11-04,1.7539398644306785,1.7539398644306785,1.763055627412425,1.763055627412425,0.0,0.0,37.974527659748226,37.974527659748226
2010-11-05,1.753948977469011,1.753948977469011,1.763065696671148,1.763065696671148,0.0,0.0,75.94905514937055,75.94905514937055
2010-11-06,1.7527389798021995,1.7527389798021995,1.7617174901940993,1.7617174901940993,0.0,0.0,151.89810995848933,151.89810995848933
2010-11-07,1.583396288980939,1.583396288980939,1.5732074085946297,1.5732074085946297,0.0,0.0,186.5268701381704,186.5268701381704
2010-11-08,1.285610270920835,1.285610270920835,1.2823330742150638,1.2823330742150638,0.0,0.0,0.0,0.0
2010-11-09,1.3904969104869516,1.3904969104869516,1.3978170241964958,1.3978170241964958,0.0,0.0,0.0,0.0
2010-11-10,1.4000285651471818,1.4000285651471818,1.4090123282227704,1.4090123282227704,0.0,0.0,0.0,0.0
2010-11-11,1.4049871962091023,1.4049871962091023,1.4139977515700097,1.4139977515700097,0.0,0.0,0.0,0.0
2010-11-12,1.4060059560812606,1.4060059560812606,1.415091073797489,1.415091073797489,0.0,0.0,0.0,0.0
2010-11-13,1.4059710395057825,1.4059710395057825,1.4150523737145833,1.4150523737145833,0.0,0.0,0.0,0.0
2010-11-14,1.4059464183936274,1.4059464183936274,1.4150251678721406,1.4150251678721406,0.0,0.0,0.0,0.0
2010-11-15,1.5740256730555948,1.5740256730555948,1.583102877174466,1.583102877174466,0.0,0.0,0.0,0.0
2010-11-16,1.5740192031967453,1.5740192031967453,1.5830957757972715,1.5830957757972715,0.0,0.0,0.0,0.0
2010-11-17,1.5740166519873975,1.5740166519873975,1.5830930305354893,1.5830930305354893,0.0,0.0,0.0,0.0
2010-11-18,1.5740174762269659,1.5740174762269659,1.5830940160608247,1.5830940160608247,0.0,0.0,0.0,0.0
2010-11-19,1.2742068478920539,1.2742068478920539,1.2555210120208102,1.2555210120208102,0.0,0.0,0.0,0.0
2010-11-20,1.0607954928741525,1.0607954928741525,1.0195326840321688,1.0195326840321688,0.0,0.0,0.0,0.0
2010-11-21,1.1493115528692361,1.1493115528692361,1.1157613501750292,1.1157613501750292,0.0,0.0,0.0,0.0
2010-11-22,1.1719494870826692,1.1719494870826692,1.1569196125402088,1.1569196125402088,0.0,0.0,0.0,0.0
2010-11-23,1.0134426107357895,1.0134426107357895,0.9744549970675632,0.9744549970675632,0.0,0.0,0.0,0.0
2010-11-24,1.3694819348669882,1.3694819348669882,1.3753031581387158,1.3753031581387158,0.0,0.0,0.0,0.0
2010-11-25,1.4010338224619183,1.4010338224619183,1.4080226370564641,1.4080226370564641,0.0,0.0,0.0,0.0
2010-11-26,1.3963883166950226,1.3963883166950226,1.4026864905809309,1.4026864905809309,0.0,0.0,0.0,0.0
2010-11-27,1.1902008013658134,1.1902008013658134,1.1714137488221505,1.1714137488221505,0.0,0.0,0.0,0.0
2010-11-28,1.3422699217491183,1.3422699217491183,1.3436644585653266,1.3436644585653266,0.0,0.0,0.0,0.0
2010-11-29,1.4858918877195761,1.4858918877195761,1.4929860564805013,1.4929860564805013,0.0,0.0,0.0,0.0
2010-11-30,1.4797235981771146,1.4797235981771146,1.485408504445079,1.485408504445079,0.0,0.0,0.0,0.0
2010-12-01,1.4448896151456936,1.4448896151456936,1.4493456678876802,1.4493456678876802,0.0,0.0,0.0,0.0
2010-12-02,1.4583984628066,1.4583984628066,1.4670936729440718,1.4670936729440718,0.0,0.0,0.0,0.0
2010-12-03,1.4411666172982505,1.4411666172982505,1.4498549729510615,1.4498549729510615,0.0,0.0,0.0,0.0
2010-12-04,1.4851493104529403,1.4851493104529403,1.4935560591632413,1.4935560591632413,0.0,0.0,0.0,0.0
2010-12-05,1.254545856946693,1.254545856946693,1.2417249496991642,1.2417249496991642,0.0,0.0,0.0,0.0
2010-12-06,1.3145162780675468,1.3145162780675468,1.3138404306646185,1.3138404306646185,0.0,0.0,0.0,0.0
2010-12-07,1.4173248595128265,1.4173248595128265,1.4259806936817372,1.4259806936817372,0.0,0.0,0.0,0.0
2010-12-08,1.3427289094615915,1.3427289094615915,1.343661230769672,1.343661230769672,0.0,0.0,0.0,0.0
2010-12-09,1.3834820825812817,1.3834820825812817,1.387774788130968,1.387774788130968,0.0,0.0,0.0,0.0
2010-12-10,1.416801235585605,1.416801235585605,1.4254273926436654,1.4254273926436654,0.0,0.0,0.0,0.0
2010-12-11,1.4169274328632167,1.4169274328632167,1.425545948598061,1.425545948598061,0.0,0.0,0.0,0.0
2010-12-12,1.4168771687700006,1.4168771687700006,1.4254907915950097,1.4254907915950097,0.0,0.0,0.0,0.0
2010-12-13,1.4228013426971524,1.4228013426971524,1.4314117633762362,1.4314117633762362,0.0,0.0,0.0,0.0
2010-12-14,1.0885264330188065,1.0885264330188065,1.0639475964306933,1.0639475964306933,0.0,0.0,0.0,0.0
2010-12-15,1.2307806380799446,1.2307806380799446,1.2206614839786398,1.2206614839786398,0.0,0.0,0.0,0.0
2010-12-16,1.3906391150631017,1.3906391150631017,1.395627675581504,1.395627675581504,0.0,0.0,0.0,0.0
2010-12-17,0.639990928429696,0.639990928429696,0.5628025568882223,0.5628025568882223,0.0,0.0,0.0,0.0
2010-12-18,4.558837795179925,4.558837795179925,4.404412790134115,4.404412790134115,0.0,0.0,0.0,0.0
2010-12-19,4.528947817941752,4.528947817941752,4.404412790134115,4.404412790134115,0.0,0.0,0.0,0.0
2010-12-20,4.441931169931934,4.441931169931934,4.404412790134115,4.404412790134115,0.0,0.0,0.0,0.0
2010-12-21,4.227810785338214,4.227810785338214,4.20740457738996,4.20740457738996,0.0,0.0,0.0,0.0
2010-12-22,4.315609572219645,4.315609572219645,4.2915031455133805,4.2915031455133805,0.0,0.0,0.0,0.0
2010-12-23,4.158388837633686,4.158388837633686,4.1396082918934605,4.1396082918934605,0.0,0.0,0.0,0.0
2010-12-24,4.124299605455668,4.124299605455668,4.10656719047848,4.10656719047848,0.0,0.0,0.0,0.0
2010-12-25,4.229924087515729,4.229924087515729,4.178198581797201,4.178198581797201,0.0,0.0,0.0,0.0
2010-12-26,4.0578090178700625,4.0578090178700625,4.01798734436216,4.01798734436216,0.0,0.0,0.0,0.0
2010-12-27,3.9777044119162865,3.9777044119162865,3.9491379462058,3.9491379462058,0.0,0.0,0.0,0.0
2010-12-28,4.413900563515025,4.413900563515025,4.26897344024908,4.26897344024908,0.0,0.0,0.0,0.0
2010-12-29,4.157044228039377,4.157044228039377,4.00749074604744,4.00749074604744,0.0,0.0,0.0,0.0
2010-12-30,3.971444106777074,3.971444106777074,3.880421728573181,3.880421728573181,0.0,0.0,0.0,0.0
2010-12-31,3.960264357230657,3.960264357230657,3.86558936431928,3.86558936431928,0.0,0.0,0.0,0.0
2011-01-01,3.2695715571979336,3.2695715571979336,3.2001208155250604,3.2001208155250604,0.0,0.0,0.0,0.0
2011-01-02,3.1644135570523053,3.1644135570523053,3.0924714914554197,3.0924714914554197,0.0,0.0,0.0,0.0
2011-01-03,3.0676114947283835,3.0676114947283835,3.00672296462134,3.00672296462134,0.0,0.0,0.0,0.0
2011-01-04,2.996270393267984,2.996270393267984,2.93589065644502,2.93589065644502,0.0,0.0,0.0,0.0
2011-01-05,2.868106390621254,2.868106390621254,2.803775576905,2.803775576905,0.0,0.0,0.0,0.0
2011-01-06,2.8126815961722484,2.8126815961722484,2.7548440659642406,2.7548440659642406,0.0,0.0,0.0,0.0
2011-01-07,2.749463796749406,2.749463796749406,2.69357115982452,2.69357115982452,0.0,0.0,0.0,0.0
2011-01-08,2.7127640437175544,2.7127640437175544,2.65587613899698,2.65587613899698,0.0,0.0,0.0,0.0
2011-01-09,2.6710480190963666,2.6710480190963666,2.61783583533014,2.61783583533014,0.0,0.0,0.0,0.0
2011-01-10,2.601385367389306,2.601385367389306,2.5522320958632,2.5522320958632,0.0,0.0,0.0,0.0
2011-01-11,2.5461376090447665,2.5461376090447665,2.495507057978259,2.495507057978259,0.0,0.0,0.0,0.0
2011-01-12,2.526503883719106,2.526503883719106,2.48082760469604,2.48082760469604,0.0,0.0,0.0,0.0
2011-01-13,2.5075554624994005,2.5075554624994005,2.4658127337985,2.4658127337985,0.0,0.0,0.0,0.0
2011-01-14,2.4621394619962627,2.4621394619962627,2.42274116590186,2.42274116590186,0.0,0.0,0.0,0.0
2011-01-15,2.488138136132759,2.488138136132759,2.45147856335556,2.45147856335556,0.0,0.0,0.0,0.0
2011-01-16,2.524283996413934,2.524283996413934,2.4906139068842004,2.4906139068842004,0.0,0.0,0.0,0.0
2011-01-17,2.6340862076076923,2.6340862076076923,2.60315638204792,2.60315638204792,0.0,0.0,0.0,0.0
2011-01-18,2.680458620364301,2.680458620364301,2.65208789298866,2.65208789298866,0.0,0.0,0.0,0.0
2011-01-19,2.7727653541517725,2.7727653541517725,2.7467743127486,2.7467743127486,0.0,0.0,0.0,0.0
2011-01-20,2.9050399161024716,2.9050399161024716,2.8813556982836404,2.8813556982836404,0.0,0.0,0.0,0.0
2011-01-21,3.0395393750762136,3.0395393750762136,3.01814689399018,3.01814689399018,0.0,0.0,0.0,0.0
2011-01-22,3.424815995674169,3.424815995674169,3.4056331614762203,3.4056331614762203,0.0,0.0,0.0,0.0
2011-01-23,3.928297353854847,3.928297353854847,3.911186429554779,3.911186429554779,0.0,0.0,0.0,0.0
2011-01-24,4.419569102834795,4.419569102834795,4.404412790134115,4.404412790134115,0.0,0.0,0.0,0.0
2011-01-25,4.2150386309239085,4.2150386309239085,4.20165808442162,4.20165808442162,0.0,0.0,0.0,0.0
2011-01-26,4.416171085128021,4.416171085128021,4.404412790134115,4.404412790134115,0.0,0.0,0.0,0.0
2011-01-27,4.414581268275325,4.414581268275325,4.404412790134115,4.404412790134115,0.0,0.0,0.0,0.0
2011-01-28,4.41306736102063,4.41306736102063,4.404412790134115,4.404412790134115,0.0,0.0,0.0,0.0
2011-01-29,4.41684893366084,4.41684893366084,4.404412790134115,4.404412790134115,0.0,0.0,0.0,0.0
2011-01-30,4.4176517407248905,4.4176517407248905,4.404412790134115,4.404412790134115,0.0,0.0,0.0,0.0
2011-01-31,4.411803425381429,4.411803425381429,4.404412790134115,4.404412790134115,0.0,0.0,0.0,0.0
2011-02-01,2.8905017773109636,2.8905017773109636,2.88708905217048,2.88708905217048,0.0,0.0,0.0,0.0
2011-02-02,2.8018531823015373,2.8018531823015373,2.79888242581092,2.79888242581092,0.0,0.0,0.0,0.0
2011-02-03,2.7133234625935763,2.7133234625935763,2.71080570611756,2.71080570611756,0.0,0.0,0.0,0.0
2011-02-04,2.6537123073504234,2.6537123073504234,2.65165487076796,2.65165487076796,0.0,0.0,0.0,0.0
2011-02-05,2.683003878167403,2.683003878167403,2.68144679955312,2.68144679955312,0.0,0.0,0.0,0.0
2011-02-06,2.9711393820891994,2.9711393820891994,2.9701427141035404,2.9701427141035404,0.0,0.0,0.0,0.0
2011-02-07,4.404797065191499,4.404797065191499,15.885888150232784,15.885888150232784,0.0,0.0,0.9709446420565191,0.9709446420565191
2011-02-08,4.404164605650543,4.404164605650543,15.885888150232784,15.885888150232784,0.0,0.0,1.9418892797632061,1.9418892797632061
2011-02-09,4.4036423840056065,4.4036423840056065,15.885888150232788,15.885888150232788,0.0,0.0,3.883778550826748,3.883778550826748
2011-02-10,4.4032487577982335,4.4032487577982335,15.885888150232777,15.885888150232777,0.0,0.0,7.767557084254168,7.767557084254168
2011-02-11,4.4028593613471845,4.4028593613471845,15.885888150232791,15.885888150232791,0.0,0.0,15.53511413370968,15.53511413370968
2011-02-12,4.402414215214059,4.402414215214059,15.885888150232784,15.885888150232784,0.0,0.0,31.07022819782205,31.07022819782205
2011-02-13,4.401891245439499,4.401891245439499,15.885888150232784,15.885888150232784,0.0,0.0,62.14045625644947,62.14045625644947
2011-02-14,4.401506914968498,4.401506914968498,15.885888151871539,15.885888151871539,0.0,0.0,0.0,0.0
2011-02-15,4.412308743850519,4.412308743850519,15.885888151871537,15.885888151871537,0.0,0.0,0.0,0.0
2011-02-16,4.411873629088866,4.411873629088866,15.885888151871544,15.885888151871544,0.0,0.0,0.0,0.0
2011-02-17,4.442975549215752,4.442975549215752,15.88588815187153,15.88588815187153,0.0,0.0,0.0,0.0
2011-02-18,4.457962837069466,4.457962837069466,15.885888151871537,15.885888151871537,0.0,0.0,0.0,0.0
2011-02-19,4.439316105676896,4.439316105676896,15.88588815187154,15.88588815187154,0.0,0.0,0.0,0.0
2011-02-20,4.4315111808422705,4.4315111808422705,15.885888151871551,15.885888151871551,0.0,0.0,0.0,0.0
2011-02-21,4.4370986655441165,4.4370986655441165,15.885888153589399,15.885888153589399,0.0,0.0,0.0,0.0
2011-02-22,4.435462675633444,4.435462675633444,15.885888153589406,15.885888153589406,0.0,0.0,0.0,0.0
2011-02-23,4.438503335058543,4.438503335058543,15.885888153589413,15.885888153589413,0.0,0.0,0.0,0.0
2011-02-24,4.441605005682783,4.441605005682783,15.885888153589399,15.885888153589399,0.0,0.0,0.0,0.0
2011-02-25,4.453439731380993,4.453439731380993,15.885888153589413,15.885888153589413,0.0,0.0,0.0,0.0
2011-02-26,4.441306715354623,4.441306715354623,15.885888153589399,15.885888153589399,0.0,0.0,0.0,0.0
2011-02-27,4.440647049101841,4.440647049101841,15.885888153589423,15.885888153589423,0.0,0.0,0.0,0.0
2011-02-28,4.444024741645398,4.444024741645398,15.885888155394419,15.885888155394419,0.0,0.0,0.0,0.0
2011-03-01,4.436125228012233,4.436125228012233,15.885888155394387,15.885888155394387,0.0,0.0,0.0,0.0
2011-03-02,4.4442589064342455,4.4442589064342455,15.88588815539439,15.88588815539439,0.0,0.0,0.0,0.0
2011-03-03,4.437325287054014,4.437325287054014,15.885888155394426,15.885888155394426,0.0,0.0,0.0,0.0
2011-03-04,4.4334954095763575,4.4334954095763575,15.885888155394419,15.885888155394419,0.0,0.0,0.0,0.0
2011-03-05,4.435518973217133,4.435518973217133,15.885888155394419,15.885888155394419,0.0,0.0,0.0,0.0
2011-03-06,4.456741814761154,4.456741814761154,15.885888155394426,15.885888155394426,0.0,0.0,0.0,0.0
2011-03-07,4.452187657886348,4.452187657886348,15.885888157295867,15.885888157295867,0.0,0.0,0.0,0.0
2011-03-08,4.441728397743667,4.441728397743667,15.885888157295852,15.885888157295852,0.0,0.0,0.0,0.0
2011-03-09,4.4418106279181035,4.4418106279181035,15.885888157295895,15.885888157295895,0.0,0.0,0.0,0.0
2011-03-10,4.439498235151828,4.439498235151828,15.885888157295874,15.885888157295874,0.0,0.0,0.0,0.0
2011-03-11,4.436409726175848,4.436409726175848,15.88588815729586,15.88588815729586,0.0,0.0,0.0,0.0
2011-03-12,4.433248270433374,4.433248270433374,15.885888157295888,15.885888157295888,0.0,0.0,0.0,0.0
2011-03-13,4.435728528669838,4.435728528669838,15.885888157295899,15.885888157295899,0.0,0.0,0.0,0.0
2011-03-14,4.429813991974466,4.429813991974466,15.885888159304683,15.885888159304683,0.0,0.0,0.0,0.0
2011-03-15,4.445150971974685,4.445150971974685,15.88588815930468,15.88588815930468,0.0,0.0,0.0,0.0
2011-03-16,4.441263138539157,4.441263138539157,15.885888159304669,15.885888159304669,0.0,0.0,0.0,0.0
2011-03-17,4.432235449538278,4.432235449538278,15.885888159304654,15.885888159304654,0.0,0.0,0.0,0.0
2011-03-18,4.455695500638564,4.455695500638564,15.885888159304653,15.885888159304653,0.0,0.0,0.0,0.0
2011-03-19,4.505604352910346,4.505604352910346,15.885888159304663,15.885888159304663,0.0,0.0,0.0,0.0
2011-03-20,4.725170049494167,4.725170049494167,15.885888159304649,15.885888159304649,0.0,0.0,0.0,0.0
2011-03-21,4.540095133105958,4.540095133105958,15.885888161433652,15.885888161433652,0.0,0.0,0.0,0.0
2011-03-22,4.496063749554166,4.496063749554166,15.88588816143368,15.88588816143368,0.0,0.0,0.0,0.0
2011-03-23,4.508308348849191,4.508308348849191,15.885888161433648,15.885888161433648,0.0,0.0,0.0,0.0
2011-03-24,4.633375374375139,4.633375374375139,15.885888161433662,15.885888161433662,0.0,0.0,0.0,0.0
2011-03-25,4.578874533664177,4.578874533664177,15.885888161433666,15.885888161433666,0.0,0.0,0.0,0.0
2011-03-26,4.543618745545579,4.543618745545579,15.885888161433645,15.885888161433645,0.0,0.0,0.0,0.0
2011-03-27,4.488395353541118,4.488395353541118,15.885888161433662,15.885888161433662,0.0,0.0,0.0,0.0
2011-03-28,4.472724629371007,4.472724629371007,15.885888163698091,15.885888163698091,0.0,0.0,4.746815989367132,4.746815989367132
2011-03-29,4.472724629371013,4.472724629371013,15.885888163698098,15.885888163698098,0.0,0.0,9.493631957468528,9.493631957468528
2011-03-30,4.472724629371009,4.472724629371009,15.885888163698091,15.885888163698091,0.0,0.0,18.987263872405585,18.987263872405585
2011-03-31,4.472669753851832,4.472669753851832,15.885888163698105,15.885888163698105,0.0,0.0,37.974527659748226,37.974527659748226
2011-04-01,4.472298842461803,4.472298842461803,15.885888163698084,15.885888163698084,0.0,0.0,75.94905514937055,75.94905514937055
2011-04-02,4.464228600784606,4.464228600784606,15.885888163698091,15.885888163698091,0.0,0.0,151.89810995848933,151.89810995848933
2011-04-03,4.45594289077406,4.455942890774055,15.885888163698116,15.885888163698105,0.0,0.0,55.57622117026869,55.57622117026869
2011-04-04,4.448919135129958,4.448919135129958,15.885888166116455,15.885888166116455,0.0,0.0,0.0,0.0
2011-04-05,4.442554427455734,4.442554427455734,15.885888166116455,15.885888166116455,0.0,0.0,0.0,0.0
2011-04-06,4.438205290074415,4.438205290074415,15.885888166116455,15.885888166116455,0.0,0.0,0.0,0.0
2011-04-07,4.435068653285811,4.435068653285811,15.885888166116455,15.885888166116455,0.0,0.0,0.0,0.0
2011-04-08,4.432103021232818,4.432103021232818,15.885888166116455,15.885888166116455,0.0,0.0,0.0,0.0
2011-04-09,4.427550717754151,4.427550717754151,15.885888166116455,15.885888166116455,0.0,0.0,0.0,0.0
2011-04-10,4.424573003551622,4.424573003551622,15.885888166116455,15.885888166116455,0.0,0.0,0.0,0.0
2011-04-11,4.421876244929114,4.421876244929114,15.885888168711151,15.885888168711151,0.0,0.0,0.0,0.0
2011-04-12,4.4192939428764495,4.4192939428764495,15.885888168711151,15.885888168711151,0.0,0.0,0.0,0.0
2011-04-13,4.417142577304367,4.417142577304367,15.885888168711151,15.885888168711151,0.0,0.0,0.0,0.0
2011-04-14,4.4153186005253975,4.4153186005253975,5.869652929647085,5.869652929647085,0.0,0.0,0.0,0.0
2011-04-15,4.3540981906208245,4.3540981906208245,4.34511817153862,4.34511817153862,0.0,0.0,0.0,0.0
2011-04-16,4.411465468790877,4.411465468790877,5.58960959979838,5.58960959979838,0.0,0.0,0.0,0.0
2011-04-17,4.4094702154704875,4.4094702154704875,6.49810465293164,6.49810465293164,0.0,0.0,0.0,0.0
2011-04-18,4.40772095105711,4.40772095105711,8.80277881824098,8.80277881824098,0.0,0.0,0.0,0.0
2011-04-19,4.40627340276437,4.40627340276437,8.46117570748586,8.46117570748586,0.0,0.0,0.0,0.0
2011-04-20,4.405273068976003,4.405273068976003,7.43697801910728,7.43697801910728,0.0,0.0,0.0,0.0
2011-04-21,4.404237114813285,4.404237114813285,8.1023955975776,8.1023955975776,0.0,0.0,0.0,0.0
2011-04-22,4.404027381424382,4.404027381424382,5.64001925013212,5.64001925013212,0.0,0.0,0.0,0.0
2011-04-23,4.402707571442978,4.402707571442978,5.79802725421164,5.79802725421164,0.0,0.0,0.0,0.0
2011-04-24,4.402239016159563,4.402239016159563,5.75434568663224,5.75434568663224,0.0,0.0,0.0,0.0
2011-04-25,4.401371895541713,4.401371895541713,5.42161141223514,5.42161141223514,0.0,0.0,4.746815989367132,4.746815989367132
2011-04-26,4.400769717472151,4.400769717472151,5.328845422743299,5.328845422743299,0.0,0.0,9.493631957468528,9.493631957468528
2011-04-27,4.400086560875953,4.400086560875953,6.0577210544648805,6.0577210544648805,0.0,0.0,18.987263872405585,18.987263872405585
2011-04-28,4.399367087182098,4.399367087182098,7.59417049800444,7.59417049800444,0.0,0.0,37.974527659748226,37.974527659748226
2011-04-29,4.398684074872273,4.398684074872273,7.83821640882144,7.83821640882144,0.0,0.0,26.33516544301053,26.33516544301053
2011-04-30,4.398132001754601,4.398132001754601,7.8975458658371,7.8975458658371,0.0,0.0,4.462553798,4.462553798
2011-05-01,4.397618448051019,4.397618448051019,11.657868357677883,11.657868357677883,0.0,0.0,5.564494294,5.564494294
2011-05-02,4.397078526801111,4.397078526801111,15.725477778659402,15.725477778659402,0.0,0.0,0.0,0.0
2011-05-03,4.396573817547247,4.396573817547247,18.04391220490366,18.04391220490366,0.0,0.0,0.0,0.0
2011-05-04,4.396150684964528,4.396150684964528,18.04391220490366,18.04391220490366,0.0,0.0,0.0,0.0
2011-05-05,4.395817148441516,4.395817148441516,18.04391220490366,18.04391220490366,0.0,0.0,0.0,0.0
2011-05-06,4.395577653278135,4.395577653278135,18.04391220490366,18.04391220490366,0.0,0.0,0.0,0.0
2011-05-07,4.395454407899123,4.395454407899123,18.04391220490366,18.04391220490366,0.0,0.0,0.0,0.0
2011-05-08,4.395421915296983,4.395421915296983,18.04391220490366,18.04391220490366,0.0,0.0,0.0,0.0
2011-05-09,4.396141302839398,4.396141302839398,18.07800683290335,18.07800683290335,0.0,0.0,4.746815989367132,4.746815989367132
2011-05-10,4.395429953309917,4.395429953309917,18.07800683290335,18.07800683290335,0.0,0.0,9.493631957468528,9.493631957468528
2011-05-11,4.395410168286458,4.395410168286458,18.07800683290335,18.07800683290335,0.0,0.0,18.987263872405585,18.987263872405585
2011-05-12,4.395403538018509,4.395403538018509,18.07800683290335,18.07800683290335,0.0,0.0,37.974527659748226,37.974527659748226
2011-05-13,4.395396122866698,4.395396122866698,18.07800683290335,18.07800683290335,0.0,0.0,38.47437592101052,38.47437592101052
2011-05-14,4.403852811203943,4.403852811203943,18.07800683290335,18.07800683290335,0.0,0.0,10.48168927,10.48168927
2011-05-15,4.401037543843832,4.401037543843832,18.07800683290335,18.07800683290335,0.0,0.0,7.45463677,7.45463677
2011-05-16,4.397507163859911,4.397507163859911,18.078006837550287,18.078006837550287,0.0,0.0,4.746815989367132,4.746815989367132
2011-05-17,4.412090000517224,4.412090000517224,18.078006837550287,18.078006837550287,0.0,0.0,9.21302552663287,9.21302552663287
2011-05-18,4.406599476748491,4.406599476748491,18.078006837550287,18.078006837550287,0.0,0.0,6.825945776,6.825945776
2011-05-19,4.395395678419855,4.395395678419855,18.078006837550287,18.078006837550287,0.0,0.0,6.676872556,6.676872556
2011-05-20,4.395400309126194,4.395400309126194,18.078006837550287,18.078006837550287,0.0,0.0,6.679151244,6.679151244
2011-05-21,4.3953996193033875,4.3953996193033875,18.078006837550287,18.078006837550287,0.0,0.0,7.177173578,7.177173578
2011-05-22,4.3953964588554975,4.3953964588554975,18.078006837550287,18.078006837550287,0.0,0.0,7.838828052,7.838828052
2011-05-23,4.395392404533662,4.395392404533662,18.078006842799603,18.078006842799603,0.0,0.0,0.0,0.0
2011-05-24,4.3953885710876985,4.3953885710876985,18.078006842799603,18.078006842799603,0.0,0.0,0.0,0.0
2011-05-25,4.396592478953521,4.396592478953521,18.078006842799603,18.078006842799603,0.0,0.0,0.0,0.0
2011-05-26,4.3953815651458585,4.3953815651458585,18.078006842799603,18.078006842799603,0.0,0.0,0.0,0.0
2011-05-27,4.395378315637649,4.395378315637649,18.078006842799603,18.078006842799603,0.0,0.0,0.0,0.0
2011-05-28,4.396778605828735,4.396778605828735,18.078006842799603,18.078006842799603,0.0,0.0,0.0,0.0
2011-05-29,4.395371343947096,4.395371343947096,18.078006842799603,18.078006842799603,0.0,0.0,0.0,0.0
2011-05-30,4.395369294268886,4.395369294268886,18.078006848830732,18.078006848830732,0.0,0.0,4.746815989367132,4.746815989367132
2011-05-31,4.395366045900351,4.395366045900351,18.078006848830732,18.078006848830732,0.0,0.0,9.493631957468528,9.493631957468528
2011-06-01,4.3956653081183426,4.3956653081183426,18.078006848830732,18.078006848830732,0.0,0.0,4.746815989367132,4.746815989367132
2011-06-02,4.395426356036933,4.395426356036933,18.078006848830732,18.078006848830732,0.0,0.0,4.746815989367132,4.746815989367132
2011-06-03,4.39569924802605,4.39569924802605,18.078006848830732,18.078006848830732,0.0,0.0,4.746815989367132,4.746815989367132
2011-06-04,4.400675999100755,4.400675999100755,18.078006848830732,18.078006848830732,0.0,0.0,4.746815989367132,4.746815989367132
2011-06-05,4.414115994286134,4.414115994286134,18.078006848830732,18.078006848830732,0.0,0.0,4.746815989367132,4.746815989367132
2011-06-06,4.400951006111933,4.400951006111933,18.07800685591732,18.07800685591732,0.0,0.0,4.746815989367132,4.746815989367132
2011-06-07,4.395430719118105,4.395430719118105,18.07800685591732,18.07800685591732,0.0,0.0,4.746815989367132,4.746815989367132
2011-06-08,4.3954322504460235,4.3954322504460235,18.07800685591732,18.07800685591732,0.0,0.0,4.746815989367132,4.746815989367132
2011-06-09,4.395429730137079,4.395429730137079,18.07800685591732,18.07800685591732,0.0,0.0,4.746815989367132,4.746815989367132
2011-06-10,4.395424517817919,4.395424517817919,18.07800685591732,18.07800685591732,0.0,0.0,0.7810559982504345,0.7810559982504345
2011-06-11,4.395417805338452,4.395417805338452,18.07800685591732,18.07800685591732,0.0,0.0,0.7810559982504345,0.7810559982504345
2011-06-12,4.395411184189988,4.395411184189988,18.07800685591732,18.07800685591732,0.0,0.0,0.7810559982504345,0.7810559982504345
2011-06-13,4.395404559577398,4.395404559577398,18.07800686450711,18.07800686450711,0.0,0.0,4.746815989367132,4.746815989367132
2011-06-14,4.395396773256927,4.395396773256927,18.07800686450711,18.07800686450711,0.0,0.0,0.7810559982504345,0.7810559982504345
2011-06-15,4.3953876613287335,4.3953876613287335,18.07800686450711,18.07800686450711,0.0,0.0,0.7810559982504345,0.7810559982504345
2011-06-16,4.395377581397956,4.395377581397956,18.07800686450711,18.07800686450711,0.0,0.0,0.7810559982504345,0.7810559982504345
2011-06-17,4.395367714125152,4.395367714125152,18.07800686450711,18.07800686450711,0.0,0.0,0.0,0.0
2011-06-18,4.395358165609108,4.395358165609108,18.07800686450711,18.07800686450711,0.0,0.0,4.746815989367132,4.746815989367132
2011-06-19,4.395348113648529,4.395348113648529,18.07800686450711,18.07800686450711,0.0,0.0,0.7810559982504345,0.7810559982504345
2011-06-20,4.395337752999702,4.395337752999702,18.07800687540953,18.07800687540953,0.0,0.0,0.7810559982504345,0.7810559982504345
2011-06-21,4.395326771951601,4.395326771951601,18.07800687540953,18.07800687540953,0.0,0.0,0.7810559982504345,0.7810559982504345
2011-06-22,4.395314517914932,4.395314517914932,18.07800687540953,18.07800687540953,0.0,0.0,0.7810559982504345,0.7810559982504345
2011-06-23,4.39530164910224,4.39530164910224,18.07800687540953,18.07800687540953,0.0,0.0,0.7810559982504345,0.7810559982504345
2011-06-24,4.395289055924129,4.395289055924129,18.07800687540953,18.07800687540953,0.0,0.0,0.7810559982504345,0.7810559982504345
2011-06-25,4.395277038029097,4.395277038029097,18.07800687540953,18.07800687540953,0.0,0.0,0.7810559982504345,0.7810559982504345
2011-06-26,4.395265372011172,4.395265372011172,18.07800687540953,18.07800687540953,0.0,0.0,0.7810559982504345,0.7810559982504345
2011-06-27,4.395253576274265,4.395253576274265,18.078006890328638,18.078006890328638,0.0,0.0,0.7810559982504345,0.7810559982504345
2011-06-28,4.4062006544910135,4.4062006544910135,18.078006890328638,18.078006890328638,0.0,0.0,0.7810559982504345,0.7810559982504345
2011-06-29,4.397754775628772,4.397754775628772,18.078006890328638,18.078006890328638,0.0,0.0,0.7810559982504345,0.7810559982504345
2011-06-30,4.395234242387709,4.395234242387709,18.078006890328638,18.078006890328638,0.0,0.0,0.7810559982504345,0.7810559982504345
2011-07-01,4.395360957179394,4.395360957179394,18.078006890328638,18.078006890328638,0.0,0.0,0.0,0.0
2011-07-02,4.395348769926128,4.395348769926128,18.078006890328638,18.078006890328638,0.0,0.0,0.7810559982504345,0.7810559982504345
2011-07-03,4.39533420589543,4.39533420589543,18.078006890328638,18.078006890328638,0.0,0.0,0.7810559982504345,0.7810559982504345
2011-07-04,4.395318890412629,4.395318890412629,18.078006913950574,18.078006913950574,0.0,0.0,0.7810559982504345,0.7810559982504345
2011-07-05,4.39530403495571,4.39530403495571,18.078006913950574,18.078006913950574,0.0,0.0,0.7810559982504345,0.7810559982504345
2011-07-06,4.395289589902874,4.395289589902874,18.078006913950574,18.078006913950574,0.0,0.0,0.7810559982504345,0.7810559982504345
2011-07-07,4.395275509166762,4.395275509166762,18.078006913950574,18.078006913950574,0.0,0.0,0.7810559982504345,0.7810559982504345
2011-07-08,4.395261814514621,4.395261814514621,18.078006913950574,18.078006913950574,0.0,0.0,0.7810559982504345,0.7810559982504345
2011-07-09,4.395248520427557,4.395248520427557,18.078006913950574,18.078006913950574,0.0,0.0,0.7810559982504345,0.7810559982504345
2011-07-10,4.395235693945435,4.395235693945435,18.078006913950574,18.078006913950574,0.0,0.0,0.7810559982504345,0.7810559982504345
2011-07-11,4.3952234949229965,4.3952234949229965,18.078006970643205,18.078006970643205,0.0,0.0,0.7810559982504345,0.7810559982504345
2011-07-12,4.395212453603487,4.395212453603487,18.078006970643205,18.078006970643205,0.0,0.0,4.746815989367132,4.746815989367132
2011-07-13,4.395202564190586,4.395202564190586,18.078006970643205,18.078006970643205,0.0,0.0,0.7810559982504345,0.7810559982504345
2011-07-14,4.395193601927421,4.395193601927421,18.078006970643205,18.078006970643205,0.0,0.0,0.7810559982504345,0.7810559982504345
2011-07-15,4.395185423207578,4.395185423207578,18.078006970643205,18.078006970643205,0.0,0.0,0.0,0.0
2011-07-16,4.395177628078977,4.395177628078977,18.078006970643205,18.078006970643205,0.0,0.0,0.7810559982504345,0.7810559982504345
2011-07-17,4.39517004030858,4.39517004030858,18.078006970643205,18.078006970643205,0.0,0.0,0.7810559982504345,0.7810559982504345
2011-07-18,4.395162369940585,4.395162369940585,4.404412790134115,4.404412790134115,0.0,0.0,0.7810559982504345,0.7810559982504345
2011-07-19,4.39515455137645,4.39515455137645,4.404412790134114,4.404412790134115,0.0,0.0,0.7810559982504345,0.7810559982504345
2011-07-20,4.39514670401499,4.39514670401499,4.404412790134115,4.404412790134115,0.0,0.0,4.746815989367132,4.746815989367132
2011-07-21,4.39513889048093,4.39513889048093,4.404412790134115,4.404412790134115,0.0,0.0,0.7810559982504345,0.7810559982504345
2011-07-22,4.395131203055685,4.395131203055685,4.404412790134115,4.404412790134115,0.0,0.0,0.7810559982504345,0.7810559982504345
2011-07-23,4.395123826627978,4.395123826627978,4.404412790134115,4.404412790134115,0.0,0.0,0.7810559982504345,0.7810559982504345
2011-07-24,4.395116900536518,4.395116900536518,4.404412790134115,4.404412790134115,0.0,0.0,0.7810559982504345,0.7810559982504345
2011-07-25,4.395110387440803,4.395110387440803,4.404412790134115,4.404412790134115,0.0,0.0,0.7810559982504345,0.7810559982504345
2011-07-26,4.395104313961629,4.395104313961629,4.404412790134115,4.404412790134115,0.0,0.0,0.7810559982504345,0.7810559982504345
2011-07-27,4.3950987911874195,4.3950987911874195,4.404412790134115,4.404412790134115,0.0,0.0,0.7810559982504345,0.7810559982504345
2011-07-28,4.395093748860071,4.395093748860071,4.404412790134115,4.404412790134115,0.0,0.0,0.7810559982504345,0.7810559982504345
2011-07-29,4.395089046461439,4.395089046461439,4.404412790134115,4.404412790134115,0.0,0.0,0.0,0.0
2011-07-30,4.395084693287363,4.395084693287363,4.404412790134115,4.404412790134115,0.0,0.0,0.7810559982504345,0.7810559982504345
2011-07-31,4.395080829716322,4.395080829716322,4.404412790134115,4.404412790134115,0.0,0.0,0.7810559982504345,0.7810559982504345
2011-08-01,4.395355642063241,4.395355642063241,4.404412790134115,4.404412790134115,0.0,0.0,0.7810559982504345,0.7810559982504345
2011-08-02,4.395351265626756,4.395351265626756,4.404412790134115,4.404412790134115,0.0,0.0,0.7810559982504345,0.7810559982504345
2011-08-03,4.395347286850585,4.395347286850585,4.404412790134115,4.404412790134115,0.0,0.0,0.7810559982504345,0.7810559982504345
2011-08-04,4.395343835724229,4.395343835724229,4.404412790134115,4.404412790134115,0.0,0.0,0.7810559982504345,0.7810559982504345
2011-08-05,4.395340936881566,4.395340936881566,4.404412790134115,4.404412790134115,0.0,0.0,4.746815989367132,4.746815989367132
2011-08-06,4.39533848334897,4.39533848334897,4.404412790134115,4.404412790134115,0.0,0.0,4.746815989367132,4.746815989367132
2011-08-07,4.395336295445863,4.395336295445863,4.404412790134115,4.404412790134115,0.0,0.0,0.7810559982504345,0.7810559982504345
2011-08-08,4.395334348202848,4.395334348202848,4.404412790134115,4.404412790134115,0.0,0.0,0.7810559982504345,0.7810559982504345
2011-08-09,4.395332691850337,4.395332691850337,4.404412790134115,4.404412790134115,0.0,0.0,0.7810559982504345,0.7810559982504345
2011-08-10,4.395331267751168,4.395331267751168,4.404412790134115,4.404412790134115,0.0,0.0,0.7810559982504345,0.7810559982504345
2011-08-11,4.356596998262646,4.356596998262646,4.36567976461892,4.36567976461892,0.0,0.0,4.746815989367132,4.746815989367132
2011-08-12,4.050736965107582,4.050736965107582,4.059820826649299,4.059820826649299,0.0,0.0,0.0,0.0
2011-08-13,3.4356934917117212,3.4356934917117212,3.44477837022882,3.44477837022882,0.0,0.0,4.746815989367132,4.746815989367132
2011-08-14,3.3244127914297428,3.3244127914297428,3.33349864373454,3.33349864373454,0.0,0.0,0.7810559982504345,0.7810559982504345
2011-08-15,3.0772534671372593,3.0772534671372593,3.08634025475186,3.08634025475186,0.0,0.0,0.7810559982504345,0.7810559982504345
2011-08-16,2.7115045325385307,2.7115045325385307,2.72059200830572,2.72059200830572,0.0,0.0,4.746815989367132,4.746815989367132
2011-08-17,2.653706222418935,2.653706222418935,2.66279412731296,2.66279412731296,0.0,0.0,0.7810559982504345,0.7810559982504345
2011-08-18,2.7412276096612977,2.7412276096612977,2.7503159281574203,2.7503159281574203,0.0,0.0,0.7810559982504345,0.7810559982504345
2011-08-19,2.746115410552718,2.746115410552718,2.75520414663952,2.75520414663952,0.0,0.0,0.7810559982504345,0.7810559982504345
2011-08-20,2.469824610507379,2.469824610507379,2.47891375124392,2.47891375124392,0.0,0.0,0.7810559982504345,0.7810559982504345
2011-08-21,2.191826175844867,2.191826175844867,2.200915700325587,2.200915700325587,0.0,0.0,0.7810559982504345,0.7810559982504345
2011-08-22,2.19183012816441,2.19183012816441,2.200920024131947,2.200920024131947,0.0,0.0,0.7810559982504345,0.7810559982504345
2011-08-23,2.1918340267223506,2.1918340267223506,2.200924296851437,2.200924296851437,0.0,0.0,0.7810559982504345,0.7810559982504345
2011-08-24,2.191837826455278,2.191837826455278,2.2009284097977555,2.2009284097977555,0.0,0.0,0.7810559982504345,0.7810559982504345
2011-08-25,2.1918413032737023,2.1918413032737023,2.200932093668083,2.200932093668083,0.0,0.0,0.7810559982504345,0.7810559982504345
2011-08-26,2.191844294124534,2.191844294124534,2.200935249988602,2.200935249988602,0.0,0.0,0.0,0.0
2011-08-27,2.1918468117949343,2.1918468117949343,2.2009379264340185,2.2009379264340185,0.0,0.0,0.7810559982504345,0.7810559982504345
2011-08-28,2.191849216950022,2.191849216950022,2.2009404903641228,2.2009404903641228,0.0,0.0,0.7810559982504345,0.7810559982504345
2011-08-29,2.151969355960939,2.151969355960939,2.161060788090478,2.161060788090478,0.0,0.0,0.7810559982504345,0.7810559982504345
2011-08-30,2.1519716782084695,2.1519716782084695,2.1610632690409046,2.1610632690409046,0.0,0.0,0.7810559982504345,0.7810559982504345
2011-08-31,2.151973726328529,2.151973726328529,2.161065475804282,2.161065475804282,0.0,0.0,0.7810559982504345,0.7810559982504345
2011-09-01,2.152506453254366,2.152506453254366,2.1616436306602123,2.1616436306602123,0.0,0.0,0.7810559982504345,0.7810559982504345
2011-09-02,2.1525081733568405,2.1525081733568405,2.1616454989829825,2.1616454989829825,0.0,0.0,0.7810559982504345,0.7810559982504345
2011-09-03,2.1525098937270712,2.1525098937270712,2.1616473675852332,2.1616473675852332,0.0,0.0,0.7810559982504345,0.7810559982504345
2011-09-04,2.1525116130235444,2.1525116130235444,2.1616492350345835,2.1616492350345835,0.0,0.0,0.7810559982504345,0.7810559982504345
2011-09-05,2.1923956041276442,2.1923956041276442,2.2015333742915604,2.2015333742915604,0.0,0.0,0.7810559982504345,0.7810559982504345
2011-09-06,2.192397323139968,2.192397323139968,2.2015352414567606,2.2015352414567606,0.0,0.0,0.7810559982504345,0.7810559982504345
2011-09-07,2.1923990413708796,2.1923990413708796,2.201537107717438,2.201537107717438,0.0,0.0,0.7810559982504345,0.7810559982504345
2011-09-08,2.1924007596236494,2.1924007596236494,2.201538974055667,2.201538974055667,0.0,0.0,0.7810559982504345,0.7810559982504345
2011-09-09,2.1924024772206896,2.1924024772206896,2.2015408396150544,2.2015408396150544,0.0,0.0,0.0,0.0
2011-09-10,2.192208631181266,2.192208631181266,2.201347141593671,2.201347141593671,0.0,0.0,0.7810559982504345,0.7810559982504345
2011-09-11,2.1922827053568534,2.1922827053568534,2.2014213637198816,2.2014213637198816,0.0,0.0,0.7810559982504345,0.7810559982504345
2011-09-12,2.1922887992078084,2.1922887992078084,2.201427243447822,2.201427243447822,0.0,0.0,4.746815989367132,4.746815989367132
2011-09-13,2.192391801421546,2.192391801421546,2.201530755562708,2.201530755562708,0.0,0.0,0.7810559982504345,0.7810559982504345
2011-09-14,2.192336199261038,2.192336199261038,2.201475301217986,2.201475301217986,0.0,0.0,0.7810559982504345,0.7810559982504345
2011-09-15,2.1924127751964613,2.1924127751964613,2.2015520249809204,2.2015520249809204,0.0,0.0,0.7810559982504345,0.7810559982504345
2011-09-16,2.192414489725232,2.192414489725232,2.2015538872580587,2.2015538872580587,0.0,0.0,0.7810559982504345,0.7810559982504345
2011-09-17,2.1924162042048225,2.1924162042048225,2.2015557494860176,2.2015557494860176,0.0,0.0,0.7810559982504345,0.7810559982504345
2011-09-18,2.192417918501355,2.192417918501355,2.2015576114752244,2.2015576114752244,0.0,0.0,0.7810559982504345,0.7810559982504345
2011-09-19,2.1465795897520916,2.1465795897520916,2.1557194304069114,2.1557194304069114,0.0,0.0,0.7810559982504345,0.7810559982504345
2011-09-20,2.1465813031251377,2.1465813031251377,2.155721291405214,2.155721291405214,0.0,0.0,0.7810559982504345,0.7810559982504345
2011-09-21,2.146583016063763,2.146583016063763,2.1557231519573707,2.1557231519573707,0.0,0.0,0.7810559982504345,0.7810559982504345
2011-09-22,2.146584728655398,2.146584728655398,2.1557250121068443,2.1557250121068443,0.0,0.0,0.7810559982504345,0.7810559982504345
2011-09-23,2.1465864408590596,2.1465864408590596,2.1557268718566194,2.1557268718566194,0.0,0.0,0.0,0.0
2011-09-24,2.1465881526911406,2.1465881526911406,2.1557287311791207,2.1557287311791207,0.0,0.0,0.7810559982504345,0.7810559982504345
2011-09-25,2.14658986397678,2.14658986397678,2.1557305898877623,2.1557305898877623,0.0,0.0,0.7810559982504345,0.7810559982504345
2011-09-26,2.0980783137148373,2.0980783137148373,2.107219187104515,2.107219187104515,0.0,0.0,0.7810559982504345,0.7810559982504345
2011-09-27,2.098080024120706,2.098080024120706,2.1072210448659674,2.1072210448659674,0.0,0.0,0.7810559982504345,0.7810559982504345
2011-09-28,2.0980817345648255,2.0980817345648255,2.1072229027213645,2.1072229027213645,0.0,0.0,0.7810559982504345,0.7810559982504345
2011-09-29,2.0980834443095,2.0980834443095,2.1072247597542044,2.1072247597542044,0.0,0.0,4.746815989367132,4.746815989367132
2011-09-30,2.0980851539749397,2.0980851539749397,2.1072266167635036,2.1072266167635036,0.0,0.0,0.7810559982504345,0.7810559982504345
2011-10-01,2.0996094402204832,2.0996094402204832,2.108880872954049,2.108880872954049,0.0,0.0,0.7810559982504345,0.7810559982504345
2011-10-02,2.0996108048200743,2.0996108048200743,2.108882355123604,2.108882355123604,0.0,0.0,0.7810559982504345,0.7810559982504345
2011-10-03,2.128124330123063,2.128124330123063,2.1373959979965558,2.1373959979965558,0.0,0.0,0.7810559982504345,0.7810559982504345
2011-10-04,1.9629822752148587,1.9629822752148587,1.9564527865125911,1.9564527865125911,0.0,0.0,0.7810559982504345,0.7810559982504345
2011-10-05,1.996711075629234,1.996711075629234,1.9931548363032894,1.9931548363032894,0.0,0.0,0.7810559982504345,0.7810559982504345
2011-10-06,2.0987333357192175,2.0987333357192175,2.1048710360268132,2.1048710360268132,0.0,0.0,0.7810559982504345,0.7810559982504345
2011-10-07,2.126910091932429,2.126910091932429,2.1361820705885735,2.1361820705885735,0.0,0.0,0.0,0.0
2011-10-08,2.1281279784128824,2.1281279784128824,2.1373998899564164,2.1373998899564164,0.0,0.0,0.7810559982504345,0.7810559982504345
2011-10-09,2.1281274259107366,2.1281274259107366,2.1373992485482036,2.1373992485482036,0.0,0.0,0.7810559982504345,0.7810559982504345
2011-10-10,2.056642621125164,2.056642621125164,2.064053789007438,2.064053789007438,0.0,0.0,0.7810559982504345,0.7810559982504345
2011-10-11,2.074080785857385,2.074080785857385,2.0833524336579576,2.0833524336579576,0.0,0.0,0.7810559982504345,0.7810559982504345
2011-10-12,2.0740801784294773,2.0740801784294773,2.0833517332742857,2.0833517332742857,0.0,0.0,0.7810559982504345,0.7810559982504345
2011-10-13,2.074079665826131,2.074079665826131,2.0833511383169543,2.0833511383169543,0.0,0.0,0.7810559982504345,0.7810559982504345
2011-10-14,2.074079348200182,2.074079348200182,2.0833507601515446,2.0833507601515446,0.0,0.0,0.7810559982504345,0.7810559982504345
2011-10-15,2.074079252897778,2.074079252897778,2.0833506290596504,2.0833506290596504,0.0,0.0,0.7810559982504345,0.7810559982504345
2011-10-16,2.0740793652912513,2.0740793652912513,2.0833507287211566,2.0833507287211566,0.0,0.0,0.7810559982504345,0.7810559982504345
2011-10-17,2.1179118390058225,2.1179118390058225,2.1271832091469887,2.1271832091469887,0.0,0.0,0.7810559982504345,0.7810559982504345
2011-10-18,2.1179122784184594,2.1179122784184594,2.1271836714111534,2.1271836714111534,0.0,0.0,0.7810559982504345,0.7810559982504345
2011-10-19,2.1179128500321434,2.1179128500321434,2.1271842800479646,2.1271842800479646,0.0,0.0,0.7810559982504345,0.7810559982504345
2011-10-20,2.117913531890098,2.117913531890098,2.1271850105327155,2.1271850105327155,0.0,0.0,0.7810559982504345,0.7810559982504345
2011-10-21,2.117914300250726,2.117914300250726,2.1271858364833136,2.1271858364833136,0.0,0.0,0.0,0.0
2011-10-22,2.1179151432334113,2.1179151432334113,2.1271867447480526,2.1271867447480526,0.0,0.0,0.7810559982504345,0.7810559982504345
2011-10-23,2.1179160524551723,2.1179160524551723,2.1271877261550793,2.1271877261550793,0.0,0.0,0.7810559982504345,0.7810559982504345
2011-10-24,2.0119538436616584,2.0119538436616584,2.021225595726716,2.021225595726716,0.0,0.0,0.7810559982504345,0.7810559982504345
2011-10-25,2.0119548664594995,2.0119548664594995,2.0212267023251966,2.0212267023251966,0.0,0.0,0.7810559982504345,0.7810559982504345
2011-10-26,2.011955931700272,2.011955931700272,2.021227855692528,2.021227855692528,0.0,0.0,0.7810559982504345,0.7810559982504345
2011-10-27,2.0119570264887607,2.0119570264887607,2.021229041634315,2.021229041634315,0.0,0.0,0.7810559982504345,0.7810559982504345
2011-10-28,2.0119581447242854,2.0119581447242854,2.0212302533967748,2.0212302533967748,0.0,0.0,0.7810559982504345,0.7810559982504345
2011-10-29,2.011959285313698,2.011959285313698,2.0212314897790806,2.0212314897790806,0.0,0.0,0.7810559982504345,0.7810559982504345
2011-10-30,2.011960447218399,2.011960447218399,2.021232749644316,2.021232749644316,0.0,0.0,0.7810559982504345,0.7810559982504345
2011-10-31,1.7557773984136051,1.7557773984136051,1.765049800860018,1.765049800860018,0.0,0.0,0.7810559982504345,0.7810559982504345
2011-11-01,1.7553375116213419,1.7553375116213419,1.764572374120082,1.764572374120082,0.0,0.0,1.562111993001738,1.562111993001738
2011-11-02,1.7553388165560886,1.7553388165560886,1.7645737900097687,1.7645737900097687,0.0,0.0,3.1242239790052144,3.1242239790052144
2011-11-03,1.723150377205464,1.723150377205464,1.7294079526026978,1.7294079526026978,0.0,0.0,6.248447944013906,6.248447944013906
2011-11-04,1.7507348985260136,1.7507348985260136,1.759531303265271,1.759531303265271,0.0,0.0,12.496895860034765,12.496895860034765
2011-11-05,1.7217162250863094,1.7217162250863094,1.727440290380793,1.727440290380793,0.0,0.0,24.993791664083435,24.993791664083435
2011-11-06,1.7413581432069518,1.7413581432069518,1.7491498339077862,1.7491498339077862,0.0,0.0,49.98758321619468,49.98758321619468
2011-11-07,1.4057598546269485,1.4057598546269485,1.4148054987973524,1.4148054987973524,0.0,0.0,0.0,0.0
2011-11-08,1.4076682096452586,1.4076682096452586,1.4169038553407092,1.4169038553407092,0.0,0.0,0.0,0.0
2011-11-09,1.4076694753545895,1.4076694753545895,1.4169052292991298,1.4169052292991298,0.0,0.0,0.0,0.0
2011-11-10,1.4076707293595245,1.4076707293595245,1.4169065906285925,1.4169065906285925,0.0,0.0,0.0,0.0
2011-11-11,1.3297483216630686,1.3297483216630686,1.3308532623624865,1.3308532623624865,0.0,0.0,0.0,0.0
2011-11-12,1.3967365475835205,1.3967365475835205,1.40468247700197,1.40468247700197,0.0,0.0,0.0,0.0
2011-11-13,1.4076740959774527,1.4076740959774527,1.4169102342381685,1.4169102342381685,0.0,0.0,0.0,0.0
2011-11-14,1.57576916319146,1.57576916319146,1.585005356086737,1.585005356086737,0.0,0.0,0.0,0.0
2011-11-15,1.5757698733892784,1.5757698733892784,1.5850061110152518,1.5850061110152518,0.0,0.0,0.0,0.0
2011-11-16,1.5757705355892386,1.5757705355892386,1.5850068126321912,1.5850068126321912,0.0,0.0,0.0,0.0
2011-11-17,1.5757711763873434,1.5757711763873434,1.5850074906539537,1.5850074906539537,0.0,0.0,0.0,0.0
2011-11-18,1.5733117649296027,1.5733117649296027,1.5822471163672602,1.5822471163672602,0.0,0.0,0.0,0.0
2011-11-19,1.5493179680174274,1.5493179680174274,1.556074854241781,1.556074854241781,0.0,0.0,0.0,0.0
2011-11-20,1.557578462985857,1.557578462985857,1.5652060403487378,1.5652060403487378,0.0,0.0,0.0,0.0
2011-11-21,1.4169507724476442,1.4169507724476442,1.425886634886528,1.425886634886528,0.0,0.0,0.0,0.0
2011-11-22,1.4200204106835006,1.4200204106835006,1.4292568356638609,1.4292568356638609,0.0,0.0,0.0,0.0
2011-11-23,1.4200204526511833,1.4200204526511833,1.4292568621928707,1.4292568621928707,0.0,0.0,0.0,0.0
2011-11-24,1.4190932365982325,1.4190932365982325,1.4282498467656983,1.4282498467656983,0.0,0.0,0.0,0.0
2011-11-25,1.4200203079082272,1.4200203079082272,1.4292566674984593,1.4292566674984593,0.0,0.0,0.0,0.0
2011-11-26,1.4200201721039825,1.4200201721039825,1.4292565014173317,1.4292565014173317,0.0,0.0,0.0,0.0
2011-11-27,1.4200200371966532,1.4200200371966532,1.42925633694664,1.42925633694664,0.0,0.0,0.0,0.0
2011-11-28,1.5004498423988533,1.5004498423988533,1.5096861169243851,1.5096861169243851,0.0,0.0,0.0,0.0
2011-11-29,1.5004498067868592,1.5004498067868592,1.509686063052298,1.509686063052298,0.0,0.0,0.0,0.0
2011-11-30,1.5004498286523942,1.5004498286523942,1.5096860728256714,1.5096860728256714,0.0,0.0,0.0,0.0
2011-12-01,1.5000984209723724,1.5000984209723724,1.5093046462465693,1.5093046462465693,0.0,0.0,0.0,0.0
2011-12-02,1.5000985437961187,1.5000985437961187,1.509304766603629,1.509304766603629,0.0,0.0,0.0,0.0
2011-12-03,1.5000986997299703,1.5000986997299703,1.509304923515147,1.509304923515147,0.0,0.0,0.0,0.0
2011-12-04,1.5000988880281036,1.5000988880281036,1.5093051159835968,1.5093051159835968,0.0,0.0,0.0,0.0
2011-12-05,1.4230735846675082,1.4230735846675082,1.4322798194269228,1.4322798194269228,0.0,0.0,0.0,0.0
2011-12-06,1.4230738175273434,1.4230738175273434,1.4322800609453312,1.4322800609453312,0.0,0.0,0.0,0.0
2011-12-07,1.4230740704552558,1.4230740704552558,1.4322803245984284,1.4322803245984284,0.0,0.0,0.0,0.0
2011-12-08,1.423074347424854,1.423074347424854,1.4322806146751137,1.4322806146751137,0.0,0.0,0.0,0.0
2011-12-09,1.423074653288927,1.423074653288927,1.4322809364944886,1.4322809364944886,0.0,0.0,0.0,0.0
2011-12-10,1.423074990680083,1.423074990680083,1.4322812929329158,1.4322812929329158,0.0,0.0,0.0,0.0
2011-12-11,1.4230753651179078,1.4230753651179078,1.4322816900372315,1.4322816900372315,0.0,0.0,0.0,0.0
2011-12-12,1.4290335453333125,1.4290335453333125,1.4382398963767278,1.4382398963767278,0.0,0.0,0.0,0.0
2011-12-13,1.429033978007088,1.429033978007088,1.438240357445218,1.438240357445218,0.0,0.0,0.0,0.0
2011-12-14,1.4279870748983097,1.4279870748983097,1.4371129994265017,1.4371129994265017,0.0,0.0,0.0,0.0
2011-12-15,1.4265274306630173,1.4265274306630173,1.435499836989568,1.435499836989568,0.0,0.0,0.0,0.0
2011-12-16,1.4274311793219088,1.4274311793219088,1.436484033977034,1.436484033977034,0.0,0.0,0.0,0.0
2011-12-17,1.4290358770557257,1.4290358770557257,1.4382423863035647,1.4382423863035647,0.0,0.0,0.0,0.0
2011-12-18,1.4290363931727943,1.4290363931727943,1.4382429387029159,1.4382429387029159,0.0,0.0,0.0,0.0
2011-12-19,1.4379735914795087,1.4379735914795087,1.4471801757665481,1.4471801757665481,0.0,0.0,0.0,0.0
2011-12-20,1.4379741568949973,1.4379741568949973,1.4471807822095777,1.4471807822095777,0.0,0.0,0.0,0.0
2011-12-21,1.4379747404596737,1.4379747404596737,1.4471814085557655,1.4471814085557655,0.0,0.0,0.0,0.0
2011-12-22,1.437975340148455,1.437975340148455,1.447182052496532,1.447182052496532,0.0,0.0,0.0,0.0
2011-12-23,1.4379759577641593,1.4379759577641593,1.4471827160678514,1.4471827160678514,0.0,0.0,0.0,0.0
2011-12-24,1.4379765929807975,1.4379765929807975,1.4471833989331364,1.4471833989331364,0.0,0.0,0.0,0.0
2011-12-25,1.4379772489051426,1.4379772489051426,1.4471841044031721,1.4471841044031721,0.0,0.0,0.0,0.0
2011-12-26,1.439680219760531,1.439680219760531,1.4488871273901651,1.4488871273901651,0.0,0.0,0.0,0.0
2011-12-27,1.4396809320612078,1.4396809320612078,1.4488878946017745,1.4488878946017745,0.0,0.0,0.0,0.0
2011-12-28,1.4396816699915316,1.4396816699915316,1.448888689867325,1.448888689867325,0.0,0.0,0.0,0.0
2011-12-29,1.439682432687137,1.439682432687137,1.448889512160832,1.448889512160832,0.0,0.0,0.0,0.0
2011-12-30,1.4396832232498586,1.4396832232498586,1.4488903649789062,1.4488903649789062,0.0,0.0,0.0,0.0
2011-12-31,1.4396840403041216,1.4396840403041216,1.4488912466836714,1.4488912466836714,0.0,0.0,0.0,0.0
2012-01-01,1.4417629936398444,1.4417629936398444,1.4511477909455135,1.4511477909455135,0.0,0.0,0.0,0.0
2012-01-02,1.428571356115317,1.428571356115317,1.4379562010318037,1.4379562010318037,0.0,0.0,11.276228603190294,11.276228603190294
2012-01-03,1.4285719692363825,1.4285719692363825,1.437956863339875,1.437956863339875,0.0,0.0,22.552457155863085,22.552457155863085
2012-01-04,1.4285726025234706,1.4285726025234706,1.437957547775938,1.437957547775938,0.0,0.0,45.104914210691156,45.104914210691156
2012-01-05,1.4285732574080832,1.4285732574080832,1.437958255863347,1.437958255863347,0.0,0.0,90.2098282193123,90.2098282193123
2012-01-06,1.4285739346761763,1.4285739346761763,1.4379589884376587,1.4379589884376587,0.0,0.0,180.41965603448458,180.41965603448458
2012-01-07,1.4285746297353006,1.4285746297353006,1.43795974049125,1.43795974049125,0.0,0.0,178.37180540114255,178.37180540114255
2012-01-08,1.4285753388577302,1.4285753388577302,1.4379605078959188,1.4379605078959188,0.0,0.0,0.48931511,0.48931511
2012-01-09,1.4141071340425475,1.4141071340425475,1.4234923625092941,1.4234923625092941,0.0,0.0,0.0,0.0
2012-01-10,1.4141078673309855,1.4141078673309855,1.4234931563873054,1.4234931563873054,0.0,0.0,0.0,0.0
2012-01-11,1.4141086147032766,1.4141086147032766,1.4234939657067496,1.4234939657067496,0.0,0.0,0.0,0.0
2012-01-12,1.4141093755840801,1.4141093755840801,1.4234947898500339,1.4234947898500339,0.0,0.0,0.0,0.0
2012-01-13,1.4141101493090154,1.4141101493090154,1.4234956280829696,1.4234956280829696,0.0,0.0,0.0,0.0
2012-01-14,1.41411093464521,1.41411093464521,1.4234964790385798,1.4234964790385798,0.0,0.0,0.0,0.0
2012-01-15,1.4141117316457459,1.4141117316457459,1.4234973428121982,1.4234973428121982,0.0,0.0,0.0,0.0
2012-01-16,1.0072818497211928,1.0072818497211928,1.016667528660083,1.016667528660083,0.0,0.0,0.0,0.0
2012-01-17,1.0072826637781735,1.0072826637781735,1.0166684111361428,1.0166684111361428,0.0,0.0,0.0,0.0
2012-01-18,1.0072834799961057,1.0072834799961057,1.0166692959495112,1.0166692959495112,0.0,0.0,0.0,0.0
2012-01-19,1.0065178853088044,1.0065178853088044,1.0158398253134207,1.0158398253134207,0.0,0.0,0.0,0.0
2012-01-20,0.49820119495833226,0.49820119495833226,0.4563360793606459,0.4563360793606459,0.0,0.0,0.0,0.0
2012-01-21,0.46610788799829084,0.46610788799829084,0.41948228799715104,0.41948228799715104,0.0,0.0,0.0,0.0
2012-01-22,0.7642188589513963,0.7642188589513963,0.7493167876987976,0.7493167876987976,0.0,0.0,0.0,0.0
2012-01-23,1.0358806077181222,1.0358806077181222,1.0095832457715854,1.0095832457715854,0.0,0.0,0.0,0.0
2012-01-24,1.2898424345465958,1.2898424345465958,1.287462164494491,1.287462164494491,0.0,0.0,0.0,0.0
2012-01-25,1.4129134309052502,1.4129134309052502,1.4218698347886982,1.4218698347886982,0.0,0.0,0.0,0.0
2012-01-26,1.414539259416269,1.414539259416269,1.4236937139109125,1.4236937139109125,0.0,0.0,0.0,0.0
2012-01-27,1.4145190474176128,1.4145190474176128,1.4237072935377755,1.4237072935377755,0.0,0.0,0.0,0.0
2012-01-28,1.414774273537023,1.414774273537023,1.4239669429073056,1.4239669429073056,0.0,0.0,0.0,0.0
2012-01-29,1.4147289201312085,1.4147289201312085,1.42391797850841,1.42391797850841,0.0,0.0,0.0,0.0
2012-01-30,1.3456406168439927,1.3456406168439927,1.354825946478738,1.354825946478738,0.0,0.0,0.0,0.0
2012-01-31,2.184510514711306,2.184510514711306,2.1936862729717164,2.1936862729717164,0.0,0.0,0.0,0.0
2012-02-01,1.5320746317940164,1.5320746317940164,1.541342594633634,1.541342594633634,0.0,0.0,0.0,0.0
2012-02-02,1.5173959256265552,1.5173959256265552,1.5266631413514098,1.5266631413514098,0.0,0.0,0.0,0.0
2012-02-03,1.5222898295831349,1.5222898295831349,1.5315562924454842,1.5315562924454842,0.0,0.0,0.0,0.0
2012-02-04,1.4978245614899754,1.4978245614899754,1.5070905369751102,1.5070905369751102,0.0,0.0,0.0,0.0
2012-02-05,1.5222903266110548,1.5222903266110548,1.5315562924454842,1.5315562924454842,0.0,0.0,0.0,0.0
2012-02-06,4.3952582310107235,4.395258231010724,5.620704978011233,5.620704978011234,0.0,0.0,0.0,0.0
2012-02-07,4.395362078258717,4.395362078258717,5.620704978011234,5.620704978011234,0.0,0.0,0.0,0.0
2012-02-08,4.395146540180077,4.395146540180077,5.620704978011235,5.620704978011235,0.0,0.0,0.0,0.0
2012-02-09,4.395146164267325,4.395146164267325,5.620704978011235,5.620704978011235,0.0,0.0,0.0,0.0
2012-02-10,4.395144965660795,4.395144965660795,5.620704978011233,5.620704978011233,0.0,0.0,0.0,0.0
2012-02-11,4.3951434852188935,4.3951434852188935,5.620704978011233,5.620704978011233,0.0,0.0,0.0,0.0
2012-02-12,4.405335032639461,4.405335032639461,5.620704978011231,5.620704978011231,0.0,0.0,0.0,0.0
2012-02-13,4.404666066502269,4.404666066502269,5.620704978583524,5.620704978583524,0.0,0.0,0.0,0.0
2012-02-14,4.403002763119675,4.403002763119675,5.620704978583526,5.620704978583526,0.0,0.0,0.0,0.0
2012-02-15,4.39636993038657,4.39636993038657,5.620704978583526,5.620704978583526,0.0,0.0,0.0,0.0
2012-02-16,4.395168372825986,4.395168372825986,5.620704978583527,5.620704978583527,0.0,0.0,0.0,0.0
2012-02-17,4.395163911822645,4.395163911822645,5.620704978583528,5.620704978583528,0.0,0.0,0.0,0.0
2012-02-18,4.395166903544442,4.395166903544442,5.620704978583527,5.620704978583527,0.0,0.0,0.0,0.0
2012-02-19,4.3951689430506695,4.3951689430506695,5.620704978583524,5.620704978583524,0.0,0.0,0.0,0.0
2012-02-20,4.395170502881278,4.395170502881278,5.620704979183065,5.620704979183065,0.0,0.0,0.0,0.0
2012-02-21,4.395171696138424,4.395171696138424,5.6207049791830705,5.6207049791830705,0.0,0.0,0.0,0.0
2012-02-22,4.395172301709519,4.395172301709519,5.620704979183081,5.620704979183081,0.0,0.0,0.0,0.0
2012-02-23,4.395172023407207,4.395172023407207,5.620704979183081,5.620704979183081,0.0,0.0,0.0,0.0
2012-02-24,4.395170985177849,4.395170985177849,5.620704979183078,5.620704979183078,0.0,0.0,0.0,0.0
2012-02-25,4.395169488684629,4.395169488684629,5.6207049791830705,5.6207049791830705,0.0,0.0,0.0,0.0
2012-02-26,4.395323115337474,4.395323115337474,5.620704979183076,5.620704979183076,0.0,0.0,0.0,0.0
2012-02-27,4.395393216236376,4.395393216236376,5.62070497981259,5.62070497981259,0.0,0.0,0.0,0.0
2012-02-28,4.398381307800325,4.398381307800325,5.620704979812581,5.620704979812581,0.0,0.0,0.0,0.0
2012-02-29,4.408632861137465,4.408632861137465,5.620704979812584,5.620704979812584,0.0,0.0,0.0,0.0
2012-03-01,4.402569122839271,4.402569122839271,5.620704979812587,5.620704979812587,0.0,0.0,0.0,0.0
2012-03-02,4.395896996715461,4.395896996715461,5.620704979812592,5.620704979812592,0.0,0.0,0.0,0.0
2012-03-03,4.395276344829678,4.395276344829678,5.62070497981259,5.62070497981259,0.0,0.0,0.0,0.0
2012-03-04,4.395126192029423,4.395126192029423,5.620704979812587,5.620704979812587,0.0,0.0,0.0,0.0
2012-03-05,4.395566925114276,4.395566925114276,5.6207049804752405,5.6207049804752405,0.0,0.0,0.0,0.0
2012-03-06,4.3951277707907845,4.3951277707907845,5.620704980475241,5.620704980475241,0.0,0.0,0.0,0.0
2012-03-07,4.395284401961554,4.395284401961554,5.620704980475237,5.620704980475237,0.0,0.0,0.0,0.0
2012-03-08,4.395129882132153,4.395129882132153,5.620704980475242,5.620704980475242,0.0,0.0,0.0,0.0
2012-03-09,4.39512958480517,4.39512958480517,5.620704980475236,5.620704980475236,0.0,0.0,0.0,0.0
2012-03-10,4.395128246045408,4.395128246045408,5.620704980475247,5.620704980475247,0.0,0.0,0.0,0.0
2012-03-11,4.395126328344439,4.395126328344439,5.620704980475237,5.620704980475237,0.0,0.0,0.0,0.0
2012-03-12,4.395124910408124,4.395124910408124,5.620704981174702,5.620704981174702,0.0,0.0,0.0,0.0
2012-03-13,4.396409942105654,4.396409942105654,5.620704981174707,5.620704981174707,0.0,0.0,0.0,0.0
2012-03-14,4.401121550392466,4.401121550392466,5.620704981174688,5.620704981174688,0.0,0.0,0.0,0.0
2012-03-15,4.398030244884101,4.398030244884101,5.620704981174696,5.620704981174696,0.0,0.0,0.0,0.0
2012-03-16,4.432997252366,4.432997252366,5.620704981174695,5.620704981174695,0.0,0.0,0.0,0.0
2012-03-17,4.458522445204441,4.458522445204441,5.620704981174706,5.620704981174706,0.0,0.0,0.0,0.0
2012-03-18,4.414091067904718,4.414091067904718,5.620704981174708,5.620704981174708,0.0,0.0,0.0,0.0
2012-03-19,4.398040172350973,4.398040172350973,5.620704981915302,5.620704981915302,0.0,0.0,0.0,0.0
2012-03-20,4.399742275340934,4.399742275340934,5.62070498191532,5.62070498191532,0.0,0.0,0.0,0.0
2012-03-21,4.3953945409806074,4.3953945409806074,5.620704981915309,5.620704981915309,0.0,0.0,0.0,0.0
2012-03-22,4.3953010865645945,4.3953010865645945,5.620704981915313,5.620704981915313,0.0,0.0,0.0,0.0
2012-03-23,4.395405857199736,4.395405857199736,5.6207049819153,5.6207049819153,0.0,0.0,0.0,0.0
2012-03-24,4.398206177742139,4.398206177742139,5.620704981915318,5.620704981915318,0.0,0.0,0.0,0.0
2012-03-25,4.39817164242698,4.39817164242698,5.620704981915313,5.620704981915313,0.0,0.0,0.0,0.0
2012-03-26,4.397359584412038,4.397359584412038,5.620704982702225,5.620704982702225,0.0,0.0,0.0,0.0
2012-03-27,4.40037643247976,4.40037643247976,5.620704982702215,5.620704982702215,0.0,0.0,0.0,0.0
2012-03-28,4.396850008105493,4.396850008105493,5.620704982702234,5.620704982702234,0.0,0.0,0.0,0.0
2012-03-29,4.39529261009394,4.39529261009394,5.620704982702222,5.620704982702222,0.0,0.0,0.0,0.0
2012-03-30,4.395294762932715,4.395294762932715,5.620704982702225,5.620704982702225,0.0,0.0,0.0,0.0
2012-03-31,4.415422952093591,4.415422952093591,5.620704982702218,5.620704982702218,0.0,0.0,0.0,0.0
2012-04-01,4.406992325777029,4.406992325777029,5.620704982702209,5.620704982702209,0.0,0.0,0.0,0.0
2012-04-02,4.395649383354034,4.395649383354034,5.620704983541573,5.620704983541573,0.0,0.0,0.0,0.0
2012-04-03,4.395628948088556,4.395628948088556,5.620704983541577,5.620704983541577,0.0,0.0,0.0,0.0
2012-04-04,4.395555551567252,4.395555551567252,5.620704983541577,5.620704983541577,0.0,0.0,0.0,0.0
2012-04-05,4.395422498662273,4.395422498662273,5.620704983541568,5.620704983541568,0.0,0.0,0.0,0.0
2012-04-06,4.395404459554629,4.395404459554629,5.620704983541565,5.620704983541565,0.0,0.0,0.0,0.0
2012-04-07,4.395360622225954,4.395360622225954,5.620704983541566,5.620704983541566,0.0,0.0,0.0,0.0
2012-04-08,4.395359092893874,4.395359092893874,5.620704983541561,5.620704983541561,0.0,0.0,0.0,0.0
2012-04-09,4.395355760839679,4.395355760839679,5.620704984440897,5.620704984440897,0.0,0.0,0.0,0.0
2012-04-10,4.398849266677423,4.398849266677423,5.620704984440884,5.620704984440884,0.0,0.0,0.0,0.0
2012-04-11,4.405442962489098,4.405442962489098,5.6207049844408985,5.6207049844408985,0.0,0.0,0.0,0.0
2012-04-12,4.424550572223841,4.424550572223841,5.620704984440877,5.620704984440877,0.0,0.0,0.0,0.0
2012-04-13,4.423765749697745,4.423765749697745,5.6207049844408905,5.6207049844408905,0.0,0.0,0.0,0.0
2012-04-14,4.401387302079982,4.401387302079982,5.620704984440893,5.620704984440893,0.0,0.0,0.0,0.0
2012-04-15,4.396532276673596,4.396532276673596,5.620704984440878,5.620704984440878,0.0,0.0,0.0,0.0
2012-04-16,4.396908576309058,4.396908576309058,5.62070498540937,5.62070498540937,0.0,0.0,0.0,0.0
2012-04-17,4.397006085950734,4.397006085950734,5.6207049854093665,5.6207049854093665,0.0,0.0,0.0,0.0
2012-04-18,4.396947684567255,4.396947684567255,5.620704985409374,5.620704985409374,0.0,0.0,0.0,0.0
2012-04-19,4.39682150160464,4.39682150160464,5.620704985409358,5.620704985409358,0.0,0.0,0.0,0.0
2012-04-20,4.396654001670969,4.396654001670969,5.620704985409358,5.620704985409358,0.0,0.0,0.0,0.0
2012-04-21,4.396428448994545,4.396428448994545,5.620704985409347,5.620704985409347,0.0,0.0,0.0,0.0
2012-04-22,4.39617446751891,4.39617446751891,5.620704985409361,5.620704985409361,0.0,0.0,0.0,0.0
2012-04-23,4.3959287478422135,4.3959287478422135,5.620704986458588,5.620704986458588,0.0,0.0,0.0,0.0
2012-04-24,4.3957368073764576,4.3957368073764576,5.620704986458577,5.620704986458577,0.0,0.0,0.0,0.0
2012-04-25,4.406084584330058,4.406084584330058,5.620704986458588,5.620704986458588,0.0,0.0,0.0,0.0
2012-04-26,4.401261910930857,4.401261910930857,5.620704986458573,5.620704986458573,0.0,0.0,0.0,0.0
2012-04-27,4.395624497907952,4.395624497907952,5.620704986458563,5.620704986458563,0.0,0.0,0.0,0.0
2012-04-28,4.3956383034012045,4.3956383034012045,5.620704986458577,5.620704986458577,0.0,0.0,0.0,0.0
2012-04-29,4.395605138575376,4.395605138575376,5.620704986458582,5.620704986458582,0.0,0.0,0.0,0.0
2012-04-30,4.395546884045042,4.39554688404504,5.620704987603148,5.620704987603149,0.0,0.0,5.946724494798564,5.946724494798564
2012-05-01,4.395475707907437,4.395475707907437,5.620704987603149,5.620704987603149,0.0,0.0,11.893448962955802,11.893448962955802
2012-05-02,4.395426324737867,4.395426324737867,5.620704987603149,5.620704987603149,0.0,0.0,23.78689787262895,23.78689787262895
2012-05-03,4.3954026911474084,4.3954026911474084,5.620704987603149,5.620704987603149,0.0,0.0,47.57379563869259,47.57379563869259
2012-05-04,4.395385383450434,4.395385383450434,5.620704987603149,5.620704987603149,0.0,0.0,95.14759106425457,95.14759106425457
2012-05-05,4.395371974995267,4.395371974995267,5.620704987603149,5.620704987603149,0.0,0.0,108.01779200466956,108.01779200466956
2012-05-06,4.3953606180760945,4.3953606180760945,5.620704987603149,5.620704987603149,0.0,0.0,8.925107596,8.925107596
2012-05-07,4.395351537057588,4.395351537057588,5.620704988862189,5.620704988862189,0.0,0.0,0.0,0.0
2012-05-08,4.395343851468605,4.395343851468605,5.620704988862189,5.620704988862189,0.0,0.0,0.0,0.0
2012-05-09,4.395335466823127,4.395335466823127,5.620704988862189,5.620704988862189,0.0,0.0,0.0,0.0
2012-05-10,4.395326354954914,4.395326354954914,5.620704988862189,5.620704988862189,0.0,0.0,0.0,0.0
2012-05-11,4.39531745011495,4.39531745011495,5.620704988862189,5.620704988862189,0.0,0.0,0.0,0.0
2012-05-12,4.3953089257198075,4.3953089257198075,5.620704988862189,5.620704988862189,0.0,0.0,0.0,0.0
2012-05-13,4.395299943786104,4.395299943786104,5.620704988862189,5.620704988862189,0.0,0.0,0.0,0.0
2012-05-14,4.395290636838781,4.395290636838781,4.404412790134115,4.404412790134115,0.0,0.0,0.0,0.0
2012-05-15,4.395282571403886,4.395282571403886,4.404412790134115,4.404412790134115,0.0,0.0,0.0,0.0
2012-05-16,4.395275292411183,4.395275292411183,4.404412790134115,4.404412790134115,0.0,0.0,0.0,0.0
2012-05-17,4.395266740120184,4.395266740120184,4.404412790134115,4.404412790134115,0.0,0.0,0.0,0.0
2012-05-18,4.3952580203493845,4.3952580203493845,4.404412790134115,4.404412790134115,0.0,0.0,0.0,0.0
2012-05-19,4.395250078996537,4.395250078996537,4.404412790134115,4.404412790134115,0.0,0.0,0.0,0.0
2012-05-20,4.395241740391578,4.395241740391578,4.404412790134115,4.404412790134115,0.0,0.0,0.0,0.0
2012-05-21,4.395232168661845,4.395232168661845,4.404412790134115,4.404412790134115,0.0,0.0,0.0,0.0
2012-05-22,4.395222274506019,4.395222274506019,4.404412790134115,4.404412790134115,0.0,0.0,0.0,0.0
2012-05-23,4.395212997646682,4.395212997646682,4.404412790134115,4.404412790134115,0.0,0.0,0.0,0.0
2012-05-24,4.39520445266181,4.39520445266181,4.404412790134115,4.404412790134115,0.0,0.0,0.0,0.0
2012-05-25,4.395497491634842,4.395497491634842,4.404412790134115,4.404412790134115,0.0,0.0,0.0,0.0
2012-05-26,4.395192213591057,4.395192213591057,4.404412790134115,4.404412790134115,0.0,0.0,0.0,0.0
2012-05-27,4.395188605780269,4.395188605780269,4.404412790134115,4.404412790134115,0.0,0.0,0.0,0.0
2012-05-28,4.395183204751443,4.395183204751443,4.404412790134115,4.404412790134115,0.0,0.0,0.0,0.0
2012-05-29,4.3951764771518125,4.3951764771518125,4.404412790134115,4.404412790134115,0.0,0.0,0.0,0.0
2012-05-30,4.395168660853517,4.395168660853517,4.404412790134115,4.404412790134115,0.0,0.0,0.0,0.0
2012-05-31,4.395159997498052,4.395159997498052,4.404412790134115,4.404412790134115,0.0,0.0,0.0,0.0
2012-06-01,4.395198707911937,4.395198707911937,4.404412790134115,4.404412790134115,0.0,0.0,0.7810559982504345,0.7810559982504345
2012-06-02,4.395187471702845,4.395187471702845,4.404412790134115,4.404412790134115,0.0,0.0,0.0,0.0
2012-06-03,4.395176519818811,4.395176519818811,4.404412790134115,4.404412790134115,0.0,0.0,0.7810559982504345,0.7810559982504345
2012-06-04,4.399791811453048,4.399791811453048,4.404412790134115,4.404412790134115,0.0,0.0,0.7810559982504345,0.7810559982504345
2012-06-05,4.395483357581789,4.395483357581789,4.404412790134115,4.404412790134115,0.0,0.0,0.7810559982504345,0.7810559982504345
2012-06-06,4.084907218239888,4.084907218239888,4.09416068480126,4.09416068480126,0.0,0.0,0.7810559982504345,0.7810559982504345
2012-06-07,3.8707037108666804,3.8707037108666804,3.8799629956581194,3.8799629956581194,0.0,0.0,0.7810559982504345,0.7810559982504345
2012-06-08,3.7026774123078816,3.7026774123078816,3.71194441996532,3.71194441996532,0.0,0.0,0.7810559982504345,0.7810559982504345
2012-06-09,3.448103093445134,3.448103093445134,3.45737823429606,3.45737823429606,0.0,0.0,0.7810559982504345,0.7810559982504345
2012-06-10,3.293594553639992,3.293594553639992,3.30287698850064,3.30287698850064,0.0,0.0,0.7810559982504345,0.7810559982504345
2012-06-11,3.1418995557944305,3.1418995557944305,3.1511893045843196,3.1511893045843196,0.0,0.0,0.7810559982504345,0.7810559982504345
2012-06-12,2.8091571440729286,2.8091571440729286,2.81845503018722,2.81845503018722,0.0,0.0,0.7810559982504345,0.7810559982504345
2012-06-13,2.676391259671997,2.676391259671997,2.6856977245661,2.6856977245661,0.0,0.0,0.7810559982504345,0.7810559982504345
2012-06-14,2.567066931234371,2.567066931234371,2.57638167090502,2.57638167090502,0.0,0.0,0.7810559982504345,0.7810559982504345
2012-06-15,2.337952988243089,2.337952988243089,2.34727516202212,2.34727516202212,0.0,0.0,0.7810559982504345,0.7810559982504345
2012-06-16,2.2023753309064045,2.2023753309064045,2.21170429452192,2.21170429452192,0.0,0.0,0.0,0.0
2012-06-17,2.1948339508129093,2.1948339508129093,2.2041704605033328,2.2041704605033328,0.0,0.0,0.7810559982504345,0.7810559982504345
2012-06-18,2.194921738361652,2.194921738361652,2.204266480746316,2.204266480746316,0.0,0.0,0.7810559982504345,0.7810559982504345
2012-06-19,2.1950026567240455,2.1950026567240455,2.204354976057523,2.204354976057523,0.0,0.0,0.7810559982504345,0.7810559982504345
2012-06-20,2.1950756138638914,2.1950756138638914,2.2044347565463367,2.2044347565463367,0.0,0.0,0.7810559982504345,0.7810559982504345
2012-06-21,2.19514542169494,2.19514542169494,2.2045110793953118,2.2045110793953118,0.0,0.0,0.7810559982504345,0.7810559982504345
2012-06-22,2.195211588967306,2.195211588967306,2.204583400095608,2.204583400095608,0.0,0.0,0.7810559982504345,0.7810559982504345
2012-06-23,2.1952659351266224,2.1952659351266224,2.204642798206634,2.204642798206634,0.0,0.0,0.7810559982504345,0.7810559982504345
2012-06-24,2.1953086955013683,2.1953086955013683,2.2046895335581786,2.2046895335581786,0.0,0.0,0.7810559982504345,0.7810559982504345
2012-06-25,2.1750411744837512,2.1750411744837512,2.1844256577824015,2.1844256577824015,0.0,0.0,0.7810559982504345,0.7810559982504345
2012-06-26,2.1750796233516474,2.1750796233516474,2.184467680210763,2.184467680210763,0.0,0.0,0.7810559982504345,0.7810559982504345
2012-06-27,2.1751187525156204,2.1751187525156204,2.1845104645120377,2.1845104645120377,0.0,0.0,0.7810559982504345,0.7810559982504345
2012-06-28,2.17516107891178,2.17516107891178,2.184556762666947,2.184556762666947,0.0,0.0,0.7810559982504345,0.7810559982504345
2012-06-29,2.1752047209392673,2.1752047209392673,2.1846045024397367,2.1846045024397367,0.0,0.0,0.7810559982504345,0.7810559982504345
2012-06-30,2.1752456388124846,2.1752456388124846,2.1846492716671246,2.1846492716671246,0.0,0.0,0.0,0.0
2012-07-01,2.1743041930787266,2.1743041930787266,2.183627229043303,2.183627229043303,0.0,0.0,0.7810559982504345,0.7810559982504345
2012-07-02,2.170941118647274,2.170941118647274,2.180268060852206,2.180268060852206,0.0,0.0,0.7810559982504345,0.7810559982504345
2012-07-03,2.1709790336485666,2.1709790336485666,2.1803095559032775,2.1803095559032775,0.0,0.0,0.7810559982504345,0.7810559982504345
2012-07-04,2.171014886028593,2.171014886028593,2.180348799415255,2.180348799415255,0.0,0.0,0.7810559982504345,0.7810559982504345
2012-07-05,2.1710478350765747,2.1710478350765747,2.180384872401785,2.180384872401785,0.0,0.0,0.7810559982504345,0.7810559982504345
2012-07-06,2.1710770299596565,2.1710770299596565,2.1804168295080544,2.1804168295080544,0.0,0.0,0.7810559982504345,0.7810559982504345
2012-07-07,2.17110239281851,2.17110239281851,2.1804446000134443,2.1804446000134443,0.0,0.0,0.7810559982504345,0.7810559982504345
2012-07-08,2.171124915032384,2.171124915032384,2.180469256348727,2.180469256348727,0.0,0.0,0.7810559982504345,0.7810559982504345
2012-07-09,2.1626338448215767,2.1626338448215767,2.171980063436456,2.171980063436456,0.0,0.0,0.7810559982504345,0.7810559982504345
2012-07-10,2.16265143873886,2.16265143873886,2.171999274564606,2.171999274564606,0.0,0.0,0.7810559982504345,0.7810559982504345
2012-07-11,2.162666328501857,2.162666328501857,2.1720154979279744,2.1720154979279744,0.0,0.0,0.7810559982504345,0.7810559982504345
2012-07-12,2.16267768699172,2.16267768699172,2.1720279041535866,2.1720279041535866,0.0,0.0,0.7810559982504345,0.7810559982504345
2012-07-13,2.1626860099803435,2.1626860099803435,2.1720370709378014,2.1720370709378014,0.0,0.0,0.7810559982504345,0.7810559982504345
2012-07-14,2.1626933574924774,2.1626933574924774,2.1720451811978827,2.1720451811978827,0.0,0.0,0.0,0.0
2012-07-15,2.1627002985828954,2.1627002985828954,2.1720528308693416,2.1720528308693416,0.0,0.0,0.7810559982504345,0.7810559982504345
2012-07-16,2.165259960495433,2.165259960495433,2.1746131533415127,2.1746131533415127,0.0,0.0,0.7810559982504345,0.7810559982504345
2012-07-17,2.165265289084081,2.165265289084081,2.174619080683691,2.174619080683691,0.0,0.0,0.7810559982504345,0.7810559982504345
2012-07-18,2.1652693474211113,2.1652693474211113,2.1746236438148543,2.1746236438148543,0.0,0.0,0.7810559982504345,0.7810559982504345
2012-07-19,2.165140763653362,2.165140763653362,2.1744946670882452,2.1744946670882452,0.0,0.0,0.7810559982504345,0.7810559982504345
2012-07-20,2.165275495051561,2.165275495051561,2.174630625209842,2.174630625209842,0.0,0.0,0.7810559982504345,0.7810559982504345
2012-07-21,2.1652783766911226,2.1652783766911226,2.174633724516061,2.174633724516061,0.0,0.0,0.7810559982504345,0.7810559982504345
2012-07-22,2.1652054216433347,2.1652054216433347,2.1745526484226163,2.1745526484226163,0.0,0.0,0.7810559982504345,0.7810559982504345
2012-07-23,2.159326230739739,2.159326230739739,2.1686818839831585,2.1686818839831585,0.0,0.0,0.7810559982504345,0.7810559982504345
2012-07-24,2.1593279092031508,2.1593279092031508,2.1686836771412072,2.1686836771412072,0.0,0.0,0.7810559982504345,0.7810559982504345
2012-07-25,2.159329332719753,2.159329332719753,2.1686852075929783,2.1686852075929783,0.0,0.0,0.7810559982504345,0.7810559982504345
2012-07-26,2.159330733189561,2.159330733189561,2.1686867142996027,2.1686867142996027,0.0,0.0,0.7810559982504345,0.7810559982504345
2012-07-27,2.159332003873329,2.159332003873329,2.1686880872046626,2.1686880872046626,0.0,0.0,0.7810559982504345,0.7810559982504345
2012-07-28,2.159333143523427,2.159333143523427,2.168689325124544,2.168689325124544,0.0,0.0,0.0,0.0
2012-07-29,2.1593342826744735,2.1593342826744735,2.168690562500756,2.168690562500756,0.0,0.0,0.7810559982504345,0.7810559982504345
2012-07-30,2.157633133772023,2.157633133772023,2.1669895117866136,2.1669895117866136,0.0,0.0,0.7810559982504345,0.7810559982504345
2012-07-31,2.157634272461989,2.157634272461989,2.1669907486571285,2.1669907486571285,0.0,0.0,0.7810559982504345,0.7810559982504345
2012-08-01,2.1545312652280275,2.1545312652280275,2.1636230014335944,2.1636230014335944,0.0,0.0,0.7810559982504345,0.7810559982504345
2012-08-02,2.1545331049919185,2.1545331049919185,2.1636249998282606,2.1636249998282606,0.0,0.0,0.7810559982504345,0.7810559982504345
2012-08-03,2.1545349444576867,2.1545349444576867,2.1636269978652263,2.1636269978652263,0.0,0.0,0.7810559982504345,0.7810559982504345
2012-08-04,2.154536783388586,2.154536783388586,2.16362899535478,2.16362899535478,0.0,0.0,0.7810559982504345,0.7810559982504345
2012-08-05,2.1545386222405702,2.1545386222405702,2.163630992765419,2.163630992765419,0.0,0.0,0.7810559982504345,0.7810559982504345
2012-08-06,2.175818252937058,2.175818252937058,2.1849107818888633,2.1849107818888633,0.0,0.0,0.7810559982504345,0.7810559982504345
2012-08-07,2.1758200910028145,2.1758200910028145,2.184912778441154,2.184912778441154,0.0,0.0,0.7810559982504345,0.7810559982504345
2012-08-08,2.1758219284927836,2.1758219284927836,2.1849147742985013,2.1849147742985013,0.0,0.0,0.7810559982504345,0.7810559982504345
2012-08-09,2.175823765158529,2.175823765158529,2.1849167693661173,2.1849167693661173,0.0,0.0,0.7810559982504345,0.7810559982504345
2012-08-10,2.175825602034714,2.175825602034714,2.184918764597138,2.184918764597138,0.0,0.0,0.7810559982504345,0.7810559982504345
2012-08-11,2.1758274381539,2.1758274381539,2.184920758999039,2.184920758999039,0.0,0.0,0.0,0.0
2012-08-12,2.1758292738083633,2.1758292738083633,2.184922752923675,2.184922752923675,0.0,0.0,0.7810559982504345,0.7810559982504345
2012-08-13,2.1918822984509387,2.1918822984509387,2.200975935776845,2.200975935776845,0.0,0.0,0.7810559982504345,0.7810559982504345
2012-08-14,2.1918723943999097,2.1918723943999097,2.200964583174635,2.200964583174635,0.0,0.0,0.7810559982504345,0.7810559982504345
2012-08-15,2.1918859677899127,2.1918859677899127,2.200979921452345,2.200979921452345,0.0,0.0,0.7810559982504345,0.7810559982504345
2012-08-16,2.191887801643944,2.191887801643944,2.200981913432307,2.200981913432307,0.0,0.0,0.7810559982504345,0.7810559982504345
2012-08-17,2.1918895483465426,2.1918895483465426,2.200983818201259,2.200983818201259,0.0,0.0,0.7810559982504345,0.7810559982504345
2012-08-18,2.191891468773297,2.191891468773297,2.200985896694367,2.200985896694367,0.0,0.0,0.7810559982504345,0.7810559982504345
2012-08-19,2.1918933016423523,2.1918933016423523,2.200987887557655,2.200987887557655,0.0,0.0,0.7810559982504345,0.7810559982504345
2012-08-20,2.1918951338683956,2.1918951338683956,2.2009898777653882,2.2009898777653882,0.0,0.0,0.7810559982504345,0.7810559982504345
2012-08-21,2.1918969657495513,2.1918969657495513,2.200991867568656,2.200991867568656,0.0,0.0,0.7810559982504345,0.7810559982504345
2012-08-22,2.1918987971864445,2.1918987971864445,2.200993856915119,2.200993856915119,0.0,0.0,0.7810559982504345,0.7810559982504345
2012-08-23,2.1919006283836695,2.1919006283836695,2.2009958459623356,2.2009958459623356,0.0,0.0,0.7810559982504345,0.7810559982504345
2012-08-24,2.1919024593733774,2.1919024593733774,2.200997834802035,2.200997834802035,0.0,0.0,0.7810559982504345,0.7810559982504345
2012-08-25,2.1919042896031624,2.1919042896031624,2.2009998228096914,2.2009998228096914,0.0,0.0,0.0,0.0
2012-08-26,2.191906119391608,2.191906119391608,2.2010018103634654,2.2010018103634654,0.0,0.0,0.7810559982504345,0.7810559982504345
2012-08-27,2.1520256769331194,2.1520256769331194,2.161121525610727,2.161121525610727,0.0,0.0,0.7810559982504345,0.7810559982504345
2012-08-28,2.1520275058593454,2.1520275058593454,2.161123512230161,2.161123512230161,0.0,0.0,0.7810559982504345,0.7810559982504345
2012-08-29,2.152029334443606,2.152029334443606,2.161125498448051,2.161125498448051,0.0,0.0,0.7810559982504345,0.7810559982504345
2012-08-30,2.1520311629723334,2.1520311629723334,2.1611274846104087,2.1611274846104087,0.0,0.0,0.7810559982504345,0.7810559982504345
2012-08-31,2.1520329907382156,2.1520329907382156,2.1611294699378,2.1611294699378,0.0,0.0,0.7810559982504345,0.7810559982504345
2012-09-01,2.152561840843658,2.152561840843658,2.1617034385740705,2.1617034385740705,0.0,0.0,0.7810559982504345,0.7810559982504345
2012-09-02,2.152563548703109,2.152563548703109,2.161705293654269,2.161705293654269,0.0,0.0,0.7810559982504345,0.7810559982504345
2012-09-03,2.192447528222647,2.192447528222647,2.2015894203945545,2.2015894203945545,0.0,0.0,0.7810559982504345,0.7810559982504345
2012-09-04,2.1924492352760967,2.1924492352760967,2.2015912746013337,2.2015912746013337,0.0,0.0,0.7810559982504345,0.7810559982504345
2012-09-05,2.185486395061652,2.185486395061652,2.194040786283083,2.194040786283083,0.0,0.0,0.7810559982504345,0.7810559982504345
2012-09-06,2.1924526480688034,2.1924526480688034,2.2015949816215565,2.2015949816215565,0.0,0.0,0.7810559982504345,0.7810559982504345
2012-09-07,2.1924543541331936,2.1924543541331936,2.2015968347161645,2.2015968347161645,0.0,0.0,0.7810559982504345,0.7810559982504345
2012-09-08,2.192456059634749,2.192456059634749,2.2015986872919067,2.2015986872919067,0.0,0.0,0.0,0.0
2012-09-09,2.1924577646226493,2.1924577646226493,2.2016005392308817,2.2016005392308817,0.0,0.0,0.7810559982504345,0.7810559982504345
2012-09-10,2.192459469364651,2.192459469364651,2.2016023909796516,2.2016023909796516,0.0,0.0,0.7810559982504345,0.7810559982504345
2012-09-11,2.1924611738115742,2.1924611738115742,2.201604242321957,2.201604242321957,0.0,0.0,0.7810559982504345,0.7810559982504345
2012-09-12,2.1924628778923814,2.1924628778923814,2.2016060933421135,2.2016060933421135,0.0,0.0,0.7810559982504345,0.7810559982504345
2012-09-13,2.1924645812190993,2.1924645812190993,2.2016079434850706,2.2016079434850706,0.0,0.0,0.7810559982504345,0.7810559982504345
2012-09-14,2.1924662844283325,2.1924662844283325,2.201609793510542,2.201609793510542,0.0,0.0,0.7810559982504345,0.7810559982504345
2012-09-15,2.1924679873260935,2.1924679873260935,2.201611643224542,2.201611643224542,0.0,0.0,0.7810559982504345,0.7810559982504345
2012-09-16,2.1924696898003626,2.1924696898003626,2.2016134924476316,2.2016134924476316,0.0,0.0,0.7810559982504345,0.7810559982504345
2012-09-17,2.146631349474734,2.146631349474734,2.155775298870824,2.155775298870824,0.0,0.0,0.7810559982504345,0.7810559982504345
2012-09-18,2.146633051063768,2.146633051063768,2.1557771471412597,2.1557771471412597,0.0,0.0,0.7810559982504345,0.7810559982504345
2012-09-19,2.1466347521801294,2.1466347521801294,2.1557789949272985,2.1557789949272985,0.0,0.0,0.7810559982504345,0.7810559982504345
2012-09-20,2.146636452922179,2.146636452922179,2.1557808422833324,2.1557808422833324,0.0,0.0,0.7810559982504345,0.7810559982504345
2012-09-21,2.146638153664228,2.146638153664228,2.1557826896393655,2.1557826896393655,0.0,0.0,0.7810559982504345,0.7810559982504345
2012-09-22,2.1466398536904383,2.1466398536904383,2.155784536212142,2.155784536212142,0.0,0.0,0.0,0.0
2012-09-23,2.1466415536483443,2.1466415536483443,2.155786382716614,2.155786382716614,0.0,0.0,0.7810559982504345,0.7810559982504345
2012-09-24,2.098129991386544,2.098129991386544,2.1072749669339617,2.1072749669339617,0.0,0.0,0.7810559982504345,0.7810559982504345
2012-09-25,2.0981316904400886,2.0981316904400886,2.107276812466654,2.107276812466654,0.0,0.0,0.7810559982504345,0.7810559982504345
2012-09-26,2.098133388947192,2.098133388947192,2.107278657385487,2.107278657385487,0.0,0.0,0.7810559982504345,0.7810559982504345
2012-09-27,2.098135087342275,2.098135087342275,2.1072805021922996,2.1072805021922996,0.0,0.0,0.7810559982504345,0.7810559982504345
2012-09-28,2.098136785002393,2.098136785002393,2.1072823461967296,2.1072823461967296,0.0,0.0,0.7810559982504345,0.7810559982504345
2012-09-29,2.0981384821570535,2.0981384821570535,2.1072841896839765,2.1072841896839765,0.0,0.0,0.7810559982504345,0.7810559982504345
2012-09-30,2.098140179511165,2.098140179511165,2.107286033326706,2.107286033326706,0.0,0.0,0.7810559982504345,0.7810559982504345
