node,Lake Eleanor,Lake Eleanor,Don Pedro Reservoir,Don Pedro Reservoir,Cherry Lake,Cherry Lake
IFRs,Baseline,natural_flow,Baseline,natural_flow,Baseline,natural_flow
Date,,,,,,
1990-10-01,1416.5172727272727,1416.5172727272727,244.29014903671393,244.29014903671393,1420.7004926108375,1420.7004926108375
1990-10-02,1404.5,1404.5,245.82401109918533,245.82401109918533,1412.0554638844626,1412.0554638844626
1990-10-03,1404.5,1404.5,246.01135330393902,246.01135330393902,1410.115056799375,1410.115056799375
1990-10-04,1404.5,1404.5,246.0608450834717,246.0608450834717,1409.213221007719,1409.213221007719
1990-10-05,1404.5,1404.5,246.0888795420083,246.0888795420083,1408.4776721075968,1408.4776721075968
1990-10-06,1404.5,1404.5,246.10741997093587,246.10741997093587,1407.7966836664368,1407.7966836664368
1990-10-07,1404.5,1404.5,246.1183691870767,246.1183691870767,1407.165336259781,1407.165336259781
1990-10-08,1404.5,1404.5,246.12260041775053,246.12260041775053,1406.592858582879,1406.592858582879
1990-10-09,1404.5,1404.5,245.64022013058508,245.64022013058508,1406.0734754750038,1406.0734754750038
1990-10-10,1404.5,1404.5,245.1563879058747,245.1563879058747,1405.602030850659,1405.602030850659
1990-10-11,1404.5,1404.5,244.67906624459988,244.67906624459988,1405.1741863197346,1405.1741863197346
1990-10-12,1404.5,1404.5,244.39917554476233,244.39917554476233,1404.7858014263277,1404.7858014263277
1990-10-13,1404.5,1404.5,244.39467318999627,244.39467318999627,1404.4330866685632,1404.4330866685632
1990-10-14,1404.5,1404.5,244.39059596753324,244.39059596753324,1404.1123066685361,1404.1123066685361
1990-10-15,1404.5,1404.5,244.37785267459944,244.37785267459944,1403.8207992879757,1403.8207992879757
1990-10-16,1404.5,1404.5,244.36427671122428,244.36427671122428,1403.5558086386059,1403.5558086386059
1990-10-17,1404.5,1404.5,244.35235195170483,244.35235195170483,1403.3148035064685,1403.3148035064685
1990-10-18,1404.5,1404.5,244.34598393703797,244.34598393703797,1403.0955300166925,1403.0955300166925
1990-10-19,1404.5,1404.5,244.33867877004397,244.33867877004397,1402.955618538444,1402.955618538444
1990-10-20,1404.5,1404.5,244.33467364198611,244.33467364198611,1402.7857766682403,1402.7857766682403
1990-10-21,1404.5,1404.5,244.32512385856919,244.32512385856919,1402.6080980534389,1402.6080980534389
1990-10-22,1404.5,1404.5,244.30554315132468,244.30554315132468,1402.4454185683846,1402.4454185683846
1990-10-23,1404.5,1404.5,244.28906579544997,244.28906579544997,1402.2969040848363,1402.2969040848363
1990-10-24,1404.5,1404.5,244.26953973541703,244.26953973541703,1402.1598509690668,1402.1598509690668
1990-10-25,1404.5,1404.5,244.25196069447642,244.25196069447642,1402.030919774624,1402.030919774624
1990-10-26,1404.5,1404.5,244.2338346752255,244.2338346752255,1401.9100153781546,1401.9100153781546
1990-10-27,1404.5,1404.5,244.21990725871447,244.21990725871447,1401.7993848339852,1401.7993848339852
1990-10-28,1404.5,1404.5,244.2057837885436,244.2057837885436,1401.698051720401,1401.698051720401
1990-10-29,1404.5,1404.5,244.18251307229042,244.18251307229042,1401.6051492810527,1401.6051492810527
1990-10-30,1404.5,1404.5,244.15634256659516,244.15634256659516,1401.5198925280072,1401.5198925280072
1990-10-31,1404.5,1404.5,244.13792057826498,244.13792057826498,1401.46015149784,1401.46015149784
1990-11-01,1404.5,1404.5,244.1284041632536,244.1284041632536,1401.5222264856657,1401.5222264856657
1990-11-02,1404.5,1404.5,244.1313718916541,244.1313718916541,1401.4189451658042,1401.4189451658042
1990-11-03,1404.5,1404.5,244.1481689775767,244.1481689775767,1401.0962378370916,1401.0962378370916
1990-11-04,1404.5,1404.5,244.20171716685417,244.20171716685417,1400.454957999764,1400.454957999764
1990-11-05,1404.5,1404.5,244.32959370763035,244.32959370763035,1399.2199494292604,1399.2199494292604
1990-11-06,1404.5,1404.5,244.30425508869382,244.30425508869382,1399.3279798124001,1399.3279798124001
1990-11-07,1404.5,1404.5,244.27090683370227,244.27090683370227,1399.3593877551266,1399.3593877551266
1990-11-08,1404.5,1404.5,244.241560680674,244.241560680674,1399.3625630978895,1399.3625630978895
1990-11-09,1404.5,1404.5,244.2137975806744,244.2137975806744,1399.3802542930446,1399.3802542930446
1990-11-10,1404.5,1404.5,244.18859945918143,244.18859945918143,1399.4511963982543,1399.4511963982543
1990-11-11,1404.5,1404.5,244.16552704530827,244.16552704530827,1399.4861251682755,1399.4861251682755
1990-11-12,1404.5,1404.5,244.1362748265422,244.1362748265422,1399.4902077518013,1399.4902077518013
1990-11-13,1404.5,1404.5,244.11492791516432,244.11492791516432,1399.49292947409,1399.49292947409
1990-11-14,1404.5,1404.5,244.0854420037656,244.0854420037656,1399.4953474082208,1399.4953474082208
1990-11-15,1404.5,1404.5,244.05810767244614,244.05810767244614,1399.4976155102208,1399.4976155102208
1990-11-16,1404.5,1404.5,244.03286491932025,244.03286491932025,1399.4998836122209,1399.4998836122209
1990-11-17,1404.5,1404.5,244.01101188034787,244.01101188034787,1399.5021517142209,1399.5021517142209
1990-11-18,1404.5,1404.5,243.9897484039192,243.9897484039192,1399.504419816221,1399.504419816221
1990-11-19,1404.5,1404.5,243.96034733990368,243.96034733990368,1399.5071415385096,1399.5071415385096
1990-11-20,1404.5,1404.5,243.9449211459855,243.9449211459855,1399.6523000633576,1399.6523000633576
1990-11-21,1404.5,1404.5,243.91854813015232,243.91854813015232,1399.6858679721418,1399.6858679721418
1990-11-22,1404.5,1404.5,243.8906656453284,243.8906656453284,1399.6890433149047,1399.6890433149047
1990-11-23,1404.5,1404.5,243.86376525769236,243.86376525769236,1399.6967548614823,1399.6967548614823
1990-11-24,1404.5,1404.5,243.84094865324238,243.84094865324238,1399.7466531043697,1399.7466531043697
1990-11-25,1404.5,1404.5,243.82177235639253,243.82177235639253,1399.8523095408682,1399.8523095408682
1990-11-26,1404.5,1404.5,243.81499309162535,243.81499309162535,1400.0506928581297,1400.0506928581297
1990-11-27,1404.5,1404.5,243.8059599057758,243.8059599057758,1400.0646604015121,1400.0646604015121
1990-11-28,1404.5,1404.5,243.80157061460702,243.80157061460702,1399.9148560227493,1399.9148560227493
1990-11-29,1404.5,1404.5,243.82003267221614,243.82003267221614,1399.6127935920802,1399.6127935920802
1990-11-30,1404.5,1404.5,243.8696850796507,243.8696850796507,1399.0054109128957,1399.0054109128957
1990-12-01,1404.5,1404.5,243.98899604220324,243.98899604220324,1397.7940477102602,1397.7940477102602
1990-12-02,1404.5,1404.5,244.25679945263045,244.25679945263045,1395.3087423153042,1395.3087423153042
1990-12-03,1404.5,1404.5,244.81334884546786,244.81334884546786,1389.9516678539453,1389.9516678539453
1990-12-04,1404.5,1404.5,244.34952088385074,244.34952088385074,1389.954662658738,1389.954662658738
1990-12-05,1404.5,1404.5,244.3196930225561,244.3196930225561,1390.0125622190826,1390.0125622190826
1990-12-06,1404.5,1404.5,244.29052666915132,244.29052666915132,1390.1263648034471,1390.1263648034471
1990-12-07,1404.5,1404.5,244.26442250988805,244.26442250988805,1390.2491518023935,1390.2491518023935
1990-12-08,1404.5,1404.5,244.2419319345171,244.2419319345171,1390.361956118494,1390.361956118494
1990-12-09,1404.5,1404.5,244.22274572744834,244.22274572744834,1390.3948989718251,1390.3948989718251
1990-12-10,1404.5,1404.5,244.2006360881181,244.2006360881181,1390.4430187232865,1390.4430187232865
1990-12-11,1404.5,1404.5,244.17921545274731,244.17921545274731,1390.458991015922,1390.458991015922
1990-12-12,1404.5,1404.5,244.15833167471547,244.15833167471547,1390.471968503561,1390.471968503561
1990-12-13,1404.5,1404.5,244.13689900236204,244.13689900236204,1390.4744641743234,1390.4744641743234
1990-12-14,1404.5,1404.5,244.1146188311151,244.1146188311151,1390.4768052745542,1390.4768052745542
1990-12-15,1404.5,1404.5,244.09618695394266,244.09618695394266,1390.4793009453167,1390.4793009453167
1990-12-16,1404.5,1404.5,244.08940054110596,244.08940054110596,1390.5257204205207,1390.5257204205207
1990-12-17,1404.5,1404.5,244.07134005984042,244.07134005984042,1390.5282160912832,1390.5282160912832
1990-12-18,1404.5,1404.5,244.05156884714393,244.05156884714393,1390.5315522394271,1390.5315522394271
1990-12-19,1404.5,1404.5,244.0387087276756,244.0387087276756,1390.5639959587281,1390.5639959587281
1990-12-20,1404.5,1404.5,244.02911020479465,244.02911020479465,1390.609916299698,1390.609916299698
1990-12-21,1404.5,1404.5,244.0091220543729,244.0091220543729,1390.6124119704605,1390.6124119704605
1990-12-22,1404.5,1404.5,243.99350852650795,243.99350852650795,1390.614907641223,1390.614907641223
1990-12-23,1404.5,1404.5,243.9757188470947,243.9757188470947,1390.6174033119855,1390.6174033119855
1990-12-24,1404.5,1404.5,243.96046864423084,243.96046864423084,1390.619898982748,1390.619898982748
1990-12-25,1404.5,1404.5,243.94677595494954,243.94677595494954,1390.6223946535106,1390.6223946535106
1990-12-26,1404.5,1404.5,243.93563483610745,243.93563483610745,1390.624890324273,1390.624890324273
1990-12-27,1404.5,1404.5,243.9252389783858,243.9252389783858,1390.6278851290658,1390.6278851290658
1990-12-28,1404.5,1404.5,243.91311127387527,243.91311127387527,1390.6308799338585,1390.6308799338585
1990-12-29,1404.5,1404.5,243.89823225317136,243.89823225317136,1390.6343738728851,1390.6343738728851
1990-12-30,1404.5,1404.5,243.88579413754803,243.88579413754803,1390.637867811912,1390.637867811912
1990-12-31,1404.5,1404.5,243.87016326753707,243.87016326753707,1390.6403634826745,1390.6403634826745
1991-01-01,1404.5,1404.5,243.85484185064234,243.85484185064234,1390.6448556899654,1390.6448556899654
1991-01-02,1404.5,1404.5,243.84183811237884,243.84183811237884,1390.6877812261428,1390.6877812261428
1991-01-03,1404.5,1404.5,243.8356342023869,243.8356342023869,1390.7371955061394,1390.7371955061394
1991-01-04,1404.5,1404.5,243.83665625619014,243.83665625619014,1390.8297622015107,1390.8297622015107
1991-01-05,1404.5,1404.5,243.82829373835182,243.82829373835182,1390.8786773474772,1390.8786773474772
1991-01-06,1404.5,1404.5,243.81542399892675,243.81542399892675,1390.8791764817113,1390.8791764817113
1991-01-07,1404.5,1404.5,243.80328432396584,243.80328432396584,1390.896646176641,1390.896646176641
1991-01-08,1404.5,1404.5,243.79296337085333,243.79296337085333,1390.9167292266343,1390.9167292266343
1991-01-09,1404.5,1404.5,243.78082441496528,243.78082441496528,1390.9217205679554,1390.9217205679554
1991-01-10,1404.5,1404.5,243.76891877927218,243.76891877927218,1390.9332006533,1390.9332006533
1991-01-11,1404.5,1404.5,243.75608551236834,243.75608551236834,1390.952167750728,1390.952167750728
1991-01-12,1404.5,1404.5,243.74374812748994,243.74374812748994,1390.9556616897548,1390.9556616897548
1991-01-13,1404.5,1404.5,243.7327527192445,243.7327527192445,1391.0050759697515,1391.0050759697515
1991-01-14,1404.5,1404.5,243.7194019117892,243.7194019117892,1391.0584833230089,1391.0584833230089
1991-01-15,1404.5,1404.5,243.70540585287154,243.70540585287154,1391.1123898102967,1391.1123898102967
1991-01-16,1404.5,1404.5,243.6916666824137,243.6916666824137,1391.1727850414036,1391.1727850414036
1991-01-17,1404.5,1404.5,243.67921147872627,243.67921147872627,1391.2386707480657,1391.2386707480657
1991-01-18,1404.5,1404.5,243.6655154743966,243.6655154743966,1391.3300122959754,1391.3300122959754
1991-01-19,1404.5,1404.5,243.65182188514652,243.65182188514652,1391.433832197494,1391.433832197494
1991-01-20,1404.5,1404.5,243.6384403852458,243.6384403852458,1391.5236763429052,1391.5236763429052
1991-01-21,1404.5,1404.5,243.62203034706002,243.62203034706002,1391.6080300127614,1391.6080300127614
1991-01-22,1404.5,1404.5,243.60405193633216,243.60405193633216,1391.6689243781027,1391.6689243781027
1991-01-23,1404.5,1404.5,243.585636919734,243.585636919734,1391.7318152799721,1391.7318152799721
1991-01-24,1404.5,1404.5,243.5665967109618,243.5665967109618,1391.7947061818418,1391.7947061818418
1991-01-25,1404.5,1404.5,243.5466502522753,243.5466502522753,1391.8724455192832,1391.8724455192832
1991-01-26,1404.5,1404.5,243.52796265257857,243.52796265257857,1391.9283485430992,1391.9283485430992
1991-01-27,1404.5,1404.5,243.5115055785056,243.5115055785056,1391.9772636890657,1391.9772636890657
1991-01-28,1404.5,1404.5,243.48976760484888,243.48976760484888,1392.0171916880993,1392.0171916880993
1991-01-29,1404.5,1404.5,243.47150066367112,243.47150066367112,1392.0646094315675,1392.0646094315675
1991-01-30,1404.5,1404.5,243.4494395811662,243.4494395811662,1392.0830773947614,1392.0830773947614
1991-01-31,1404.5,1404.5,243.4259332027196,243.4259332027196,1392.1717367920523,1392.1717367920523
1991-02-01,1404.5,1404.5,243.40488170519706,243.40488170519706,1392.2855393764169,1392.2855393764169
1991-02-02,1404.5,1404.5,243.38492199762598,243.38492199762598,1392.3384475954404,1392.3384475954404
1991-02-03,1404.5,1404.5,243.3736205647266,243.3736205647266,1392.4352796189053,1392.4352796189053
1991-02-04,1404.5,1404.5,243.34965349848656,243.34965349848656,1392.4926800452197,1392.4926800452197
1991-02-05,1404.5,1404.5,243.4023602302569,243.4023602302569,1392.6324106247046,1392.6324106247046
1991-02-06,1404.5,1404.5,243.4397228437947,243.4397228437947,1392.7549278212632,1392.7549278212632
1991-02-07,1404.5,1404.5,243.45823497749404,243.45823497749404,1392.801450720641,1392.801450720641
1991-02-08,1404.5,1404.5,243.4815621713946,243.4815621713946,1392.8728269028584,1392.8728269028584
1991-02-09,1404.5,1404.5,243.5071481024274,243.5071481024274,1392.972653731116,1392.972653731116
1991-02-10,1404.5,1404.5,243.53744961785765,243.53744961785765,1393.0714822911093,1393.0714822911093
1991-02-11,1404.5,1404.5,243.56430704660252,243.56430704660252,1393.1708099853367,1393.1708099853367
1991-02-12,1404.5,1404.5,243.59004213192168,243.59004213192168,1393.2769232059286,1393.2769232059286
1991-02-13,1404.5,1404.5,243.61757368383024,243.61757368383024,1393.3742543636276,1393.3742543636276
1991-02-14,1404.5,1404.5,243.64360573575095,243.64360573575095,1393.4800708016744,1393.4800708016744
1991-02-15,1404.5,1404.5,243.66992778312365,243.66992778312365,1393.6016571806679,1393.6016571806679
1991-02-16,1404.5,1404.5,243.6943352589889,243.6943352589889,1393.7404794258819,1393.7404794258819
1991-02-17,1404.5,1404.5,243.72274978217405,243.72274978217405,1393.856777680805,1393.856777680805
1991-02-18,1404.5,1404.5,243.74985575513185,243.74985575513185,1393.8827326560825,1393.8827326560825
1991-02-19,1404.5,1404.5,243.76987187212896,243.76987187212896,1393.9002023510122,1393.9002023510122
1991-02-20,1404.5,1404.5,243.78829902519604,243.78829902519604,1393.9026980217748,1393.9026980217748
1991-02-21,1404.5,1404.5,243.80743092947458,243.80743092947458,1393.9326460703132,1393.9326460703132
1991-02-22,1404.5,1404.5,243.82774458879493,243.82774458879493,1393.9995300452397,1393.9995300452397
1991-02-23,1404.5,1404.5,243.84452505538985,243.84452505538985,1394.0694088251628,1394.0694088251628
1991-02-24,1404.5,1404.5,243.86519397493515,243.86519397493515,1394.1223170441863,1394.1223170441863
1991-02-25,1404.5,1404.5,243.88001259340047,243.88001259340047,1394.187204482584,1394.187204482584
1991-02-26,1404.5,1404.5,243.89799204100473,243.89799204100473,1394.2570832625072,1394.2570832625072
1991-02-27,1404.5,1404.5,243.91579123590844,243.91579123590844,1394.3329516520157,1394.3329516520157
1991-02-28,1404.5,1404.5,243.9601566509002,243.9601566509002,1394.4956693821428,1394.4956693821428
1991-03-01,1404.5,1404.5,244.04973595312805,244.04973595312805,1394.835080598504,1394.835080598504
1991-03-02,1404.5,1404.5,244.20496585563262,244.20496585563262,1395.0277463771695,1395.0277463771695
1991-03-03,1404.5,1404.5,244.30172781855325,244.30172781855325,1395.144162902116,1395.144162902116
1991-03-04,1404.5,1404.5,244.5513805597108,244.5513805597108,1395.3782568146644,1395.3782568146644
1991-03-05,1404.5,1404.5,244.82165496825752,244.82165496825752,1395.8080192147613,1395.8080192147613
1991-03-06,1404.5,1404.5,244.4504832588167,244.4504832588167,1395.9233192014203,1395.9233192014203
1991-03-07,1404.5,1404.5,244.39495334331326,244.39495334331326,1395.9248166039185,1395.9248166039185
1991-03-08,1404.5,1404.5,244.39591640347717,244.39591640347717,1395.9587577255138,1395.9587577255138
1991-03-09,1404.5,1404.5,244.39648522946348,244.39648522946348,1395.9930591214738,1395.9930591214738
1991-03-10,1404.5,1404.5,244.3975928288415,244.3975928288415,1396.0308889003516,1396.0308889003516
1991-03-11,1404.5,1404.5,244.42687670617363,244.42687670617363,1396.1276795191632,1396.1276795191632
1991-03-12,1404.5,1404.5,244.40989248509788,244.40989248509788,1396.173451279847,1396.173451279847
1991-03-13,1404.5,1404.5,244.43113228258952,244.43113228258952,1396.20717429754,1396.20717429754
1991-03-14,1404.5,1404.5,244.42264939270007,244.42264939270007,1396.2422219932726,1396.2422219932726
1991-03-15,1404.5,1404.5,244.41279687323143,244.41279687323143,1396.25329112892,1396.25329112892
1991-03-16,1404.5,1404.5,244.40471359058577,244.40471359058577,1396.2646316387345,1396.2646316387345
1991-03-17,1404.5,1404.5,244.3848484045427,244.3848484045427,1396.273342214388,1396.273342214388
1991-03-18,1404.5,1404.5,244.4100949019471,244.4100949019471,1396.3323128650902,1396.3323128650902
1991-03-19,1404.5,1404.5,244.48003386167917,244.48003386167917,1396.4253050450507,1396.4253050450507
1991-03-20,1404.5,1404.5,244.44182497616055,244.44182497616055,1396.475681651236,1396.475681651236
1991-03-21,1404.5,1404.5,244.4104163574094,244.4104163574094,1396.5174458554275,1396.5174458554275
1991-03-22,1404.5,1404.5,244.38219569194,244.38219569194,1396.5605411228196,1396.5605411228196
1991-03-23,1404.5,1404.5,244.3490655391313,244.3490655391313,1396.608047283154,1396.608047283154
1991-03-24,1404.5,1404.5,244.33942042182576,244.33942042182576,1396.6737887171114,1396.6737887171114
1991-03-25,1404.5,1404.5,244.45072534157504,244.45072534157504,1396.8139574176707,1396.8139574176707
1991-03-26,1404.5,1404.5,244.52632833416988,244.52632833416988,1396.9187437277344,1396.9187437277344
1991-03-27,1404.5,1404.5,244.46201665105454,244.46201665105454,1397.0072864371662,1397.0072864371662
1991-03-28,1404.5,1404.5,244.45421282344228,244.45421282344228,1397.0971447786524,1397.0971447786524
1991-03-29,1404.5,1404.5,244.4560791115661,244.4560791115661,1397.188322477087,1397.188322477087
1991-03-30,1404.5,1404.5,244.4594255571432,244.4594255571432,1397.2859751076646,1397.2859751076646
1991-03-31,1404.5,1404.5,244.46702881523308,244.46702881523308,1397.4011946867802,1397.4011946867802
1991-04-01,1404.5,1404.5,244.48840831895959,244.48840831895959,1397.5381880445764,1397.5381880445764
1991-04-02,1404.5,1404.5,244.478013837682,244.478013837682,1397.640431331388,1397.640431331388
1991-04-03,1404.5,1404.5,244.46565071243725,244.46565071243725,1397.7262205694215,1397.7262205694215
1991-04-04,1404.5,1404.5,244.4492602488929,244.4492602488929,1397.8331237747223,1397.8331237747223
1991-04-05,1404.5,1404.5,244.4558279208557,244.4558279208557,1397.9911280042238,1397.9911280042238
1991-04-06,1404.5,1404.5,244.4615010407261,244.4615010407261,1398.2017315799746,1398.2017315799746
1991-04-07,1404.5,1404.5,244.48205013117567,244.48205013117567,1398.4571198596493,1398.4571198596493
1991-04-08,1404.5,1404.5,244.46568096788678,244.46568096788678,1398.6821155731175,1398.6821155731175
1991-04-09,1404.5,1404.5,244.47401197002657,244.47401197002657,1398.9121011108743,1398.9121011108743
1991-04-10,1404.5,1404.5,244.45768019599387,244.45768019599387,1399.2047412467466,1399.2047412467466
1991-04-11,1404.5,1404.5,244.4721110104916,244.4721110104916,1399.5200074178865,1399.5200074178865
1991-04-12,1404.5,1404.5,244.43659465774422,244.43659465774422,1399.7445495110658,1399.7445495110658
1991-04-13,1404.5,1404.5,244.43575916857787,244.43575916857787,1399.9386990380385,1399.9386990380385
1991-04-14,1404.5,1404.5,244.41469619337911,244.41469619337911,1400.229559057634,1400.229559057634
1991-04-15,1404.5,1404.5,244.42399232080908,244.42399232080908,1400.5756714152694,1400.5756714152694
1991-04-16,1404.5,1404.5,244.42416598901704,244.42416598901704,1400.9079498018002,1400.9079498018002
1991-04-17,1404.5,1404.5,244.41978724562472,244.41978724562472,1401.1032981389437,1401.1032981389437
1991-04-18,1404.5,1404.5,244.4019200509714,244.4019200509714,1401.1737938020415,1401.1737938020415
1991-04-19,1404.5,1404.5,244.3896291069815,244.3896291069815,1401.1403887079775,1401.1403887079775
1991-04-20,1404.5,1404.5,244.3985413883197,244.3985413883197,1400.8876216530114,1400.8876216530114
1991-04-21,1404.5,1404.5,244.4685653472136,244.4685653472136,1400.2014504073236,1400.2014504073236
1991-04-22,1404.5,1404.5,244.6405185589355,244.6405185589355,1398.60269636086,1398.60269636086
1991-04-23,1404.5,1404.5,244.4485659557277,244.4485659557277,1398.7845981372552,1398.7845981372552
1991-04-24,1404.5,1404.5,244.40050171740413,244.40050171740413,1398.9696752564132,1398.9696752564132
1991-04-25,1404.5,1404.5,244.35791929317537,244.35791929317537,1399.1711102017628,1399.1711102017628
1991-04-26,1404.5,1404.5,244.3061319156307,244.3061319156307,1399.3516511171063,1399.3516511171063
1991-04-27,1404.5,1404.5,244.24788833767806,244.24788833767806,1399.524068103623,1399.524068103623
1991-04-28,1404.5,1404.5,244.19571907098623,244.19571907098623,1399.71001809848,1399.71001809848
1991-04-29,1404.5,1404.5,244.1442074620311,244.1442074620311,1399.963591896629,1399.963591896629
1991-04-30,1404.5,1404.5,244.1325087815021,244.1325087815021,1400.2121474006117,1400.2121474006117
1991-05-01,1404.5,1404.5,244.12451940161412,244.12451940161412,1400.306443502709,1400.306443502709
1991-05-02,1404.5,1404.5,244.12695805025874,244.12695805025874,1400.1601606311503,1400.1601606311503
1991-05-03,1404.5,1404.5,244.1765280934251,244.1765280934251,1399.5642518846405,1399.5642518846405
1991-05-04,1404.5,1404.5,244.31935379386212,244.31935379386212,1398.1320658724076,1398.1320658724076
1991-05-05,1404.5,1404.5,244.66343256015065,244.66343256015065,1394.9277360203605,1394.9277360203605
1991-05-06,1404.5,1404.5,245.4180886458681,245.4180886458681,1387.6581831960914,1387.6581831960914
1991-05-07,1404.5,1404.5,245.38989910309874,245.38989910309874,1388.1490206192248,1388.1490206192248
1991-05-08,1404.5,1404.5,245.36878015878355,245.36878015878355,1388.7382466248284,1388.7382466248284
1991-05-09,1404.5,1404.5,245.3480368099586,245.3480368099586,1389.3455028107137,1389.3455028107137
1991-05-10,1404.5,1404.5,245.29925113960599,245.29925113960599,1389.758370467399,1389.758370467399
1991-05-11,1404.5,1404.5,245.24298192301686,245.24298192301686,1390.1374733026678,1390.1374733026678
1991-05-12,1404.5,1404.5,245.1916733020077,245.1916733020077,1390.5012018660693,1390.5012018660693
1991-05-13,1404.5,1404.5,245.13522224314627,245.13522224314627,1390.873516707661,1390.873516707661
1991-05-14,1404.5,1404.5,245.10363453366463,245.10363453366463,1391.3174832066545,1391.3174832066545
1991-05-15,1404.5,1404.5,245.05101505573086,245.05101505573086,1391.6717378818853,1391.6717378818853
1991-05-16,1404.5,1404.5,245.006374824634,245.006374824634,1392.060064244213,1392.060064244213
1991-05-17,1404.5,1404.5,244.96532156294938,244.96532156294938,1392.5143009039555,1392.5143009039555
1991-05-18,1404.5,1404.5,244.94460536677516,244.94460536677516,1392.9455261623937,1392.9455261623937
1991-05-19,1404.5,1404.5,244.91374586219624,244.91374586219624,1393.3134380845775,1393.3134380845775
1991-05-20,1404.5,1404.5,244.8792852170622,244.8792852170622,1393.677806007952,1393.677806007952
1991-05-21,1404.5,1404.5,244.85299173258758,244.85299173258758,1394.044170468059,1394.044170468059
1991-05-22,1404.5,1404.5,244.81738597375468,244.81738597375468,1394.4000411083668,1394.4000411083668
1991-05-23,1404.5,1404.5,244.78658951012227,244.78658951012227,1394.826863740156,1394.826863740156
1991-05-24,1404.5,1404.5,244.77260253030192,244.77260253030192,1395.3984747939721,1395.3984747939721
1991-05-25,1404.5,1404.5,244.7690335335359,244.7690335335359,1396.1173053779928,1396.1173053779928
1991-05-26,1404.5,1404.5,244.76747721298025,244.76747721298025,1396.8964115678166,1396.8964115678166
1991-05-27,1404.5,1404.5,244.7656203523683,244.7656203523683,1397.7113460529442,1397.7113460529442
1991-05-28,1404.5,1404.5,244.75692921806436,244.75692921806436,1398.4978594247466,1398.4978594247466
1991-05-29,1404.5,1404.5,244.7559869803858,244.7559869803858,1399.3220876737103,1399.3220876737103
1991-05-30,1404.5,1404.5,244.74899043410423,244.74899043410423,1399.9998510774487,1399.9998510774487
1991-05-31,1404.5,1404.5,244.72981345788273,244.72981345788273,1400.5822996583668,1400.5822996583668
1991-06-01,1404.5,1404.5,244.70369125924663,244.70369125924663,1401.1367536090354,1401.1367536090354
1991-06-02,1404.5,1404.5,244.85215740180126,244.85215740180126,1400.5341531394822,1400.5341531394822
1991-06-03,1404.5,1404.5,245.03005853192957,245.03005853192957,1399.9035850776195,1399.9035850776195
1991-06-04,1404.5,1404.5,245.22409393225792,245.22409393225792,1399.3767052882367,1399.3767052882367
1991-06-05,1404.5,1404.5,245.26929123333343,245.26929123333343,1400.146575303022,1400.146575303022
1991-06-06,1404.5,1404.5,245.43632642479997,245.43632642479997,1399.7429960532318,1399.7429960532318
1991-06-07,1404.5,1404.5,245.6018098082196,245.6018098082196,1399.2952262181757,1399.2952262181757
1991-06-08,1404.5,1404.5,245.62162269506766,245.62162269506766,1400.0226648565658,1400.0226648565658
1991-06-09,1404.5,1404.5,245.7877027889772,245.7877027889772,1399.7116431706493,1399.7116431706493
1991-06-10,1404.5,1404.5,245.95770236871303,245.95770236871303,1399.3766399386575,1399.3766399386575
1991-06-11,1404.5,1404.5,245.9561037456665,245.9561037456665,1400.1933312754913,1400.1933312754913
1991-06-12,1404.5,1404.5,246.06956746131885,246.06956746131885,1399.9685669702712,1399.9685669702712
1991-06-13,1404.5,1404.5,246.17090423072497,246.17090423072497,1399.5671156896117,1399.5671156896117
1991-06-14,1404.5,1404.5,246.26489056496118,246.26489056496118,1399.123408501564,1399.123408501564
1991-06-15,1404.5,1404.5,246.22790859023522,246.22790859023522,1399.688207460009,1399.688207460009
1991-06-16,1404.5,1404.5,246.30961204077076,246.30961204077076,1399.1446560202955,1399.1446560202955
1991-06-17,1404.5,1404.5,246.2612158737866,246.2612158737866,1399.5968927902754,1399.5968927902754
1991-06-18,1404.5,1404.5,246.32307823344763,246.32307823344763,1399.0242794806354,1399.0242794806354
1991-06-19,1404.5,1404.5,246.2553671856427,246.2553671856427,1399.4516072677277,1399.4516072677277
1991-06-20,1404.5,1404.5,246.3022515607226,246.3022515607226,1398.831254722585,1398.831254722585
1991-06-21,1404.5,1404.5,246.2270243864601,246.2270243864601,1399.1642547612307,1399.1642547612307
1991-06-22,1404.5,1404.5,246.15073689317572,246.15073689317572,1399.479756599636,1399.479756599636
1991-06-23,1404.5,1404.5,246.19804918897043,246.19804918897043,1398.7316749780634,1398.7316749780634
1991-06-24,1404.5,1404.5,246.11771274672122,246.11771274672122,1398.9892244747364,1398.9892244747364
1991-06-25,1404.5,1404.5,246.0378361330755,246.0378361330755,1399.2211958296461,1399.2211958296461
1991-06-26,1404.5,1404.5,245.95081376557087,245.95081376557087,1399.4257701625927,1399.4257701625927
1991-06-27,1404.5,1404.5,245.86833809991333,245.86833809991333,1399.6038591130132,1399.6038591130132
1991-06-28,1404.5,1404.5,245.92593848148883,245.92593848148883,1398.5831132702242,1398.5831132702242
1991-06-29,1404.5,1404.5,245.84607922272053,245.84607922272053,1398.843000148952,1398.843000148952
1991-06-30,1404.5,1404.5,245.7918389125733,245.7918389125733,1399.0282486037372,1399.0282486037372
1991-07-01,1404.5,1404.5,245.74317810074453,245.74317810074453,1399.1854022857412,1399.1854022857412
1991-07-02,1404.5,1404.5,245.65545910993933,245.65545910993933,1399.3431326137472,1399.3431326137472
1991-07-03,1404.5,1404.5,245.57631243252862,245.57631243252862,1399.4524662993167,1399.4524662993167
1991-07-04,1404.5,1404.5,245.50910888547295,245.50910888547295,1399.4991106674495,1399.4991106674495
1991-07-05,1404.5,1404.5,245.44560760399398,245.44560760399398,1399.4304392404194,1399.4304392404194
1991-07-06,1404.5,1404.5,245.36970056442382,245.36970056442382,1399.5027918230194,1399.5027918230194
1991-07-07,1404.5,1404.5,245.31142613564688,245.31142613564688,1399.3836077239228,1399.3836077239228
1991-07-08,1404.5,1404.5,245.23536430519144,245.23536430519144,1399.436828434319,1399.436828434319
1991-07-09,1404.5,1404.5,245.14643217365116,245.14643217365116,1399.4850792742868,1399.4850792742868
1991-07-10,1404.5,1404.5,245.07602563188286,245.07602563188286,1399.3083041831944,1399.3083041831944
1991-07-11,1404.5,1404.5,244.97204982441332,244.97204982441332,1399.3452187703688,1399.3452187703688
1991-07-12,1404.5,1404.5,244.86739161553916,244.86739161553916,1399.3721026267497,1399.3721026267497
1991-07-13,1404.5,1404.5,244.7546767941991,244.7546767941991,1399.3867898147691,1399.3867898147691
1991-07-14,1404.5,1404.5,244.64293916927966,244.64293916927966,1399.3960335580255,1399.3960335580255
1991-07-15,1404.5,1404.5,244.53248564240891,244.53248564240891,1399.402555578993,1399.402555578993
1991-07-16,1404.5,1404.5,244.3933020963104,244.3933020963104,1399.4764957025616,1399.4764957025616
1991-07-17,1404.5,1404.5,244.30357253735923,244.30357253735923,1399.169538818139,1399.169538818139
1991-07-18,1404.5,1404.5,244.18572098487763,244.18572098487763,1399.1615449867147,1399.1615449867147
1991-07-19,1404.5,1404.5,244.0648177140791,244.0648177140791,1399.1494685717644,1399.1494685717644
1991-07-20,1404.5,1404.5,243.94098696859058,243.94098696859058,1399.1364849160511,1399.1364849160511
1991-07-21,1404.5,1404.5,243.8134132313141,243.8134132313141,1399.1153962213016,1399.1153962213016
1991-07-22,1404.5,1404.5,243.68719318408247,243.68719318408247,1399.0919792965367,1399.0919792965367
1991-07-23,1404.5,1404.5,243.55450342525958,243.55450342525958,1399.065840649483,1399.065840649483
1991-07-24,1404.5,1404.5,243.42314946754587,243.42314946754587,1399.0360730391924,1399.0360730391924
1991-07-25,1404.5,1404.5,243.28927079574498,243.28927079574498,1399.003583706613,1399.003583706613
1991-07-26,1404.5,1404.5,243.1568029539141,243.1568029539141,1398.9683726517446,1398.9683726517446
1991-07-27,1404.5,1404.5,243.02573458846322,243.02573458846322,1398.930998585825,1398.930998585825
1991-07-28,1404.5,1404.5,242.89312293624437,242.89312293624437,1398.8917874238807,1398.8917874238807
1991-07-29,1404.5,1404.5,242.76191120008502,242.76191120008502,1398.8506793039608,1398.8506793039608
1991-07-30,1404.5,1404.5,242.62382494971806,242.62382494971806,1398.8802706514837,1398.8802706514837
1991-07-31,1404.5,1404.5,242.49577118869456,242.49577118869456,1398.8360946741382,1398.8360946741382
1991-08-01,1404.5,1404.5,242.36907892119527,242.36907892119527,1398.7900877200511,1398.7900877200511
1991-08-02,1404.5,1404.5,242.24530008111003,242.24530008111003,1398.7574311067451,1398.7574311067451
1991-08-03,1404.5,1404.5,242.12431471185528,242.12431471185528,1398.7229495692327,1398.7229495692327
1991-08-04,1404.5,1404.5,242.00105688387399,242.00105688387399,1398.6871829291456,1398.6871829291456
1991-08-05,1404.5,1404.5,241.87912325277497,241.87912325277497,1398.6497037722775,1398.6497037722775
1991-08-06,1404.5,1404.5,241.75249691845994,241.75249691845994,1398.6114522634457,1398.6114522634457
1991-08-07,1404.5,1404.5,241.62723452921514,241.62723452921514,1398.57210162324,1398.57210162324
1991-08-08,1404.5,1404.5,241.50332362714582,241.50332362714582,1398.5320209335512,1398.5320209335512
1991-08-09,1404.5,1404.5,241.37652054963618,241.37652054963618,1398.4913664339201,1398.4913664339201
1991-08-10,1404.5,1404.5,241.25108254443342,241.25108254443342,1398.4498046935262,1398.4498046935262
1991-08-11,1404.5,1404.5,241.12791894143754,241.12791894143754,1398.407335712369,1398.407335712369
1991-08-12,1404.5,1404.5,241.00608445746357,241.00608445746357,1398.363939891279,1398.363939891279
1991-08-13,1404.5,1404.5,240.87998179151634,240.87998179151634,1398.3968273695373,1398.3968273695373
1991-08-14,1404.5,1404.5,240.7595569106691,240.7595569106691,1398.3520902863804,1398.3520902863804
1991-08-15,1404.5,1404.5,240.63184065084457,240.63184065084457,1398.314913543038,1398.314913543038
1991-08-16,1404.5,1404.5,240.50547597804896,240.50547597804896,1398.269269219118,1398.269269219118
1991-08-17,1404.5,1404.5,240.38057588165904,240.38057588165904,1398.2423619448093,1398.2423619448093
1991-08-18,1404.5,1404.5,240.2471017545339,240.2471017545339,1398.1953567598378,1398.1953567598378
1991-08-19,1404.5,1404.5,240.11507695288307,240.11507695288307,1398.1465589096474,1398.1465589096474
1991-08-20,1404.5,1404.5,239.984487427233,239.984487427233,1398.0970588124387,1398.0970588124387
1991-08-21,1404.5,1404.5,239.856293987106,239.856293987106,1398.0469697403912,1398.0469697403912
1991-08-22,1404.5,1404.5,239.73266740708252,239.73266740708252,1397.996113504532,1397.996113504532
1991-08-23,1404.5,1404.5,239.6110146727182,239.6110146727182,1397.9441955442048,1397.9441955442048
1991-08-24,1404.5,1404.5,239.49263293417494,239.49263293417494,1397.8915228978108,1397.8915228978108
1991-08-25,1404.5,1404.5,239.375552814265,239.375552814265,1397.8378081483681,1397.8378081483681
1991-08-26,1404.5,1404.5,239.25976201649794,239.25976201649794,1397.7829796744604,1397.7829796744604
1991-08-27,1404.5,1404.5,239.1400865848015,239.1400865848015,1397.7997636288526,1397.7997636288526
1991-08-28,1404.5,1404.5,239.0312393955516,239.0312393955516,1397.7436860360665,1397.7436860360665
1991-08-29,1404.5,1404.5,238.91923094332353,238.91923094332353,1397.686918275189,1397.686918275189
1991-08-30,1404.5,1404.5,238.80846656764817,238.80846656764817,1397.629479821166,1397.629479821166
1991-08-31,1404.5,1404.5,238.699291447914,238.699291447914,1397.5708366790698,1397.5708366790698
1991-09-01,1404.5,1404.5,238.59055534504463,238.59055534504463,1397.5112813298094,1397.5112813298094
1991-09-02,1404.5,1404.5,238.48270052463087,238.48270052463087,1397.4730562195157,1397.4730562195157
1991-09-03,1404.5,1404.5,238.37604494449084,238.37604494449084,1397.4333089606475,1397.4333089606475
1991-09-04,1404.5,1404.5,238.27254348500125,238.27254348500125,1397.3925657531106,1397.3925657531106
1991-09-05,1404.5,1404.5,238.17019810255337,238.17019810255337,1397.3503891050905,1397.3503891050905
1991-09-06,1404.5,1404.5,238.0743904736863,238.0743904736863,1397.3364982086143,1397.3364982086143
1991-09-07,1404.5,1404.5,237.9865258125449,237.9865258125449,1397.2922147459315,1397.2922147459315
1991-09-08,1404.5,1404.5,237.89895640315802,237.89895640315802,1397.2878498775588,1397.2878498775588
1991-09-09,1404.5,1404.5,237.81782577650932,237.81782577650932,1397.242205553639,1397.242205553639
1991-09-10,1404.5,1404.5,237.7258590236505,237.7258590236505,1397.2689691566086,1397.2689691566086
1991-09-11,1404.5,1404.5,237.64444748680486,237.64444748680486,1397.2278610366886,1397.2278610366886
1991-09-12,1404.5,1404.5,237.56397043996012,237.56397043996012,1397.1789839115286,1397.1789839115286
1991-09-13,1404.5,1404.5,237.48504651108317,237.48504651108317,1397.129257004083,1397.129257004083
1991-09-14,1404.5,1404.5,237.41034029466624,237.41034029466624,1397.0790764763485,1397.0790764763485
1991-09-15,1404.5,1404.5,237.3418361128841,237.3418361128841,1397.02828144407,1397.02828144407
1991-09-16,1404.5,1404.5,237.2741406694136,237.2741406694136,1396.9764507461896,1396.9764507461896
1991-09-17,1404.5,1404.5,237.20185805729835,237.20185805729835,1396.9242712645857,1396.9242712645857
1991-09-18,1404.5,1404.5,237.130421999003,237.130421999003,1396.8713690145626,1396.8713690145626
1991-09-19,1404.5,1404.5,237.05982408053808,237.05982408053808,1396.8175595235912,1396.8175595235912
1991-09-20,1404.5,1404.5,236.9900560043637,236.9900560043637,1396.7631286736407,1396.7631286736407
1991-09-21,1404.5,1404.5,236.921109567134,236.921109567134,1396.7079583216175,1396.7079583216175
1991-09-22,1404.5,1404.5,236.86031414044658,236.86031414044658,1396.6521075388832,1396.6521075388832
1991-09-23,1404.5,1404.5,236.80025089000463,236.80025089000463,1396.595576325623,1396.595576325623
1991-09-24,1404.5,1404.5,236.73475350220642,236.73475350220642,1396.610697005252,1396.610697005252
1991-09-25,1404.5,1404.5,236.67954512611885,236.67954512611885,1396.553004523867,1396.553004523867
1991-09-26,1404.5,1404.5,236.62260580564578,236.62260580564578,1396.5282267378652,1396.5282267378652
1991-09-27,1404.5,1404.5,236.56611052366776,236.56611052366776,1396.4701078533162,1396.4701078533162
1991-09-28,1404.5,1404.5,236.51030458443822,236.51030458443822,1396.411081728004,1396.411081728004
1991-09-29,1404.5,1404.5,236.45838941231256,236.45838941231256,1396.351828792455,1396.351828792455
1991-09-30,1404.5,1404.5,236.4071180127651,236.4071180127651,1396.2921222364319,1396.2921222364319
1991-10-01,1404.5,1404.5,236.35322185942877,236.35322185942877,1396.23196206012,1396.23196206012
1991-10-02,1404.5,1404.5,236.26431544346676,236.26431544346676,1396.1722555040967,1396.1722555040967
1991-10-03,1404.5,1404.5,236.17641472788384,236.17641472788384,1396.1120875457423,1396.1120875457423
1991-10-04,1404.5,1404.5,236.08950966180356,236.08950966180356,1396.0510201286672,1396.0510201286672
1991-10-05,1404.5,1404.5,236.0065875668412,236.0065875668412,1395.9884454882203,1395.9884454882203
1991-10-06,1404.5,1404.5,235.9246113495338,235.9246113495338,1395.9205922826363,1395.9205922826363
1991-10-07,1404.5,1404.5,235.84357156007985,235.84357156007985,1395.8523994317045,1395.8523994317045
1991-10-08,1404.5,1404.5,235.75385312233445,235.75385312233445,1395.8633803828147,1395.8633803828147
1991-10-09,1404.5,1404.5,235.6812079869908,235.6812079869908,1395.7944396796354,1395.7944396796354
1991-10-10,1404.5,1404.5,235.6074206905903,235.6074206905903,1395.7251773250882,1395.7251773250882
1991-10-11,1404.5,1404.5,235.53650479090126,235.53650479090126,1395.655487071658,1395.655487071658
1991-10-12,1404.5,1404.5,235.47159485001964,235.47159485001964,1395.5857968182277,1395.5857968182277
1991-10-13,1404.5,1404.5,235.40551791174457,235.40551791174457,1395.5156074305633,1395.5156074305633
1991-10-14,1404.5,1404.5,235.33960971329978,235.33960971329978,1395.445418042899,1395.445418042899
1991-10-15,1404.5,1404.5,235.27832505618497,235.27832505618497,1395.3750239971744,1395.3750239971744
1991-10-16,1404.5,1404.5,235.2191942858455,235.2191942858455,1395.30433547548,1395.30433547548
1991-10-17,1404.5,1404.5,235.16327193033675,235.16327193033675,1395.2331478195515,1395.2331478195515
1991-10-18,1404.5,1404.5,235.10886922005903,235.10886922005903,1395.1619601636228,1395.1619601636228
1991-10-19,1404.5,1404.5,235.059001749354,235.059001749354,1395.0905238188548,1395.0905238188548
1991-10-20,1404.5,1404.5,235.00488388204215,235.00488388204215,1395.0188370288963,1395.0188370288963
1991-10-21,1404.5,1404.5,234.95840001607317,234.95840001607317,1394.9471502389376,1394.9471502389376
1991-10-22,1404.5,1404.5,234.90924911253208,234.90924911253208,1394.9563010315296,1394.9563010315296
1991-10-23,1404.5,1404.5,234.88095890140258,234.88095890140258,1394.89270337629,1394.89270337629
1991-10-24,1404.5,1404.5,234.85067727480575,234.85067727480575,1394.8281336878865,1394.8281336878865
1991-10-25,1404.5,1404.5,234.82808394755833,234.82808394755833,1394.7594417027206,1394.7594417027206
1991-10-26,1404.5,1404.5,234.9199325131243,234.9199325131243,1394.992236692464,1394.992236692464
1991-10-27,1404.5,1404.5,235.31513713029088,235.31513713029088,1395.659947898656,1395.659947898656
1991-10-28,1404.5,1404.5,235.4701200849766,235.4701200849766,1395.8910101172994,1395.8910101172994
1991-10-29,1404.5,1404.5,235.45116026809342,235.45116026809342,1395.9004602899092,1395.9004602899092
1991-10-30,1404.5,1404.5,235.43129251141357,235.43129251141357,1395.9026453529304,1395.9026453529304
1991-10-31,1404.5,1404.5,235.41011185025425,235.41011185025425,1395.8551980391258,1395.8551980391258
1991-11-01,1404.5,1404.5,235.39476081864453,235.39476081864453,1395.8626812426621,1395.8626812426621
1991-11-02,1404.5,1404.5,235.39452292463525,235.39452292463525,1395.817637088861,1395.817637088861
1991-11-03,1404.5,1404.5,235.41257655201943,235.41257655201943,1395.642695978086,1395.642695978086
1991-11-04,1404.5,1404.5,235.4738047852478,235.4738047852478,1395.1610423444358,1395.1610423444358
1991-11-05,1404.5,1404.5,235.46255778242713,235.46255778242713,1395.3396522032017,1395.3396522032017
1991-11-06,1404.5,1404.5,235.45762822725598,235.45762822725598,1395.5408032622151,1395.5408032622151
1991-11-07,1404.5,1404.5,235.44676496983274,235.44676496983274,1395.851480989817,1395.851480989817
1991-11-08,1404.5,1404.5,235.43548644063102,235.43548644063102,1396.2233151346027,1396.2233151346027
1991-11-09,1404.5,1404.5,235.4237577321652,235.4237577321652,1396.8348036682835,1396.8348036682835
1991-11-10,1404.5,1404.5,235.4050295183332,235.4050295183332,1397.1383746809856,1397.1383746809856
1991-11-11,1404.5,1404.5,235.3854404937083,235.3854404937083,1397.3025852622259,1397.3025852622259
1991-11-12,1404.5,1404.5,235.36510639446786,235.36510639446786,1397.4341351754447,1397.4341351754447
1991-11-13,1404.5,1404.5,235.35296714798312,235.35296714798312,1397.5811081818185,1397.5811081818185
1991-11-14,1404.5,1404.5,235.33670340403492,235.33670340403492,1397.7929846438276,1397.7929846438276
1991-11-15,1404.5,1404.5,235.31613141942387,235.31613141942387,1397.8903480748884,1397.8903480748884
1991-11-16,1404.5,1404.5,235.2958811970523,235.2958811970523,1397.9084928905177,1397.9084928905177
1991-11-17,1404.5,1404.5,235.28692272513965,235.28692272513965,1397.9833402548488,1397.9833402548488
1991-11-18,1404.5,1404.5,235.3610897130696,235.3610897130696,1398.3036154947577,1398.3036154947577
1991-11-19,1404.5,1404.5,235.3812565967008,235.3812565967008,1398.418381453399,1398.418381453399
1991-11-20,1404.5,1404.5,235.36730519927195,235.36730519927195,1398.4555783254204,1398.4555783254204
1991-11-21,1404.5,1404.5,235.35122557437998,235.35122557437998,1398.5336010325145,1398.5336010325145
1991-11-22,1404.5,1404.5,235.33547752908083,235.33547752908083,1398.624325110475,1398.624325110475
1991-11-23,1404.5,1404.5,235.31788032352657,235.31788032352657,1398.710512984621,1398.710512984621
1991-11-24,1404.5,1404.5,235.3063719417234,235.3063719417234,1398.7573999213473,1398.7573999213473
1991-11-25,1404.5,1404.5,235.2986665639105,235.2986665639105,1398.8725837605814,1398.8725837605814
1991-11-26,1404.5,1404.5,235.28328282035037,235.28328282035037,1399.0177422854294,1399.0177422854294
1991-11-27,1404.5,1404.5,235.27547027716034,235.27547027716034,1399.1615399490404,1399.1615399490404
1991-11-28,1404.5,1404.5,235.2583178886503,235.2583178886503,1399.2641791227,1399.2641791227
1991-11-29,1404.5,1404.5,235.24666064476725,235.24666064476725,1399.305912198536,1399.305912198536
1991-11-30,1404.5,1404.5,235.23060708831449,235.23060708831449,1399.347191654083,1399.347191654083
1991-12-01,1404.5,1404.5,235.21187575009006,235.21187575009006,1399.3757697385784,1399.3757697385784
1991-12-02,1404.5,1404.5,235.19732401899265,235.19732401899265,1399.4211317776512,1399.4211317776512
1991-12-03,1404.5,1404.5,235.17376971140382,235.17376971140382,1399.471483641013,1399.471483641013
1991-12-04,1404.5,1404.5,235.1551787069455,235.1551787069455,1399.5227427451377,1399.5227427451377
1991-12-05,1404.5,1404.5,235.1367050932885,235.1367050932885,1399.6500608189554,1399.6500608189554
1991-12-06,1404.5,1404.5,235.12635140147424,235.12635140147424,1399.7725383243596,1399.7725383243596
1991-12-07,1404.5,1404.5,235.11377310974004,235.11377310974004,1399.8850361811863,1399.8850361811863
1991-12-08,1404.5,1404.5,235.10689810847921,235.10689810847921,1400.0515148644263,1400.0515148644263
1991-12-09,1404.5,1404.5,235.09993902140596,235.09993902140596,1400.1717242678305,1400.1717242678305
1991-12-10,1404.5,1404.5,235.22403213213727,235.22403213213727,1399.1950170560808,1399.1950170560808
1991-12-11,1404.5,1404.5,235.485902322941,235.485902322941,1397.1195670459608,1397.1195670459608
1991-12-12,1404.5,1404.5,236.02899369561703,236.02899369561703,1392.6146065007729,1392.6146065007729
1991-12-13,1404.5,1404.5,237.1364511155557,237.1364511155557,1382.461787012214,1382.461787012214
1991-12-14,1404.5,1404.5,237.56341313307985,237.56341313307985,1377.8801687763714,1377.8801687763714
1991-12-15,1404.5,1404.5,237.554045975696,237.554045975696,1377.8801687763714,1377.8801687763714
1991-12-16,1404.5,1404.5,237.54963453731457,237.54963453731457,1377.8801687763714,1377.8801687763714
1991-12-17,1404.5,1404.5,237.52844095874673,237.52844095874673,1377.9809222673755,1377.9809222673755
1991-12-18,1404.5,1404.5,237.52203248614995,237.52203248614995,1378.1738083255486,1378.1738083255486
1991-12-19,1404.5,1404.5,237.52859720987817,237.52859720987817,1378.4414104097723,1378.4414104097723
1991-12-20,1404.5,1404.5,237.51482796624325,237.51482796624325,1378.5591660521645,1378.5591660521645
1991-12-21,1404.5,1404.5,237.4936146990097,237.4936146990097,1378.6196181468185,1378.6196181468185
1991-12-22,1404.5,1404.5,237.4742779962869,237.4742779962869,1378.700220939519,1378.700220939519
1991-12-23,1404.5,1404.5,237.4538505767641,237.4538505767641,1378.8318301868987,1378.8318301868987
1991-12-24,1404.5,1404.5,237.43482052091835,237.43482052091835,1378.9313242590338,1378.9313242590338
1991-12-25,1404.5,1404.5,237.41818121427076,237.41818121427076,1379.0432865757089,1379.0432865757089
1991-12-26,1404.5,1404.5,237.40226273455926,237.40226273455926,1379.1402618106204,1379.1402618106204
1991-12-27,1404.5,1404.5,237.387076395679,237.387076395679,1379.2365585844852,1379.2365585844852
1991-12-28,1404.5,1404.5,237.45475277263486,237.45475277263486,1379.5155198122784,1379.5155198122784
1991-12-29,1404.5,1404.5,237.6354899970435,237.6354899970435,1379.9246683632953,1379.9246683632953
1991-12-30,1404.5,1404.5,237.7126354242178,237.7126354242178,1380.1019416928186,1380.1019416928186
1991-12-31,1404.5,1404.5,237.6999117428533,237.6999117428533,1380.157209857675,1380.157209857675
1992-01-01,1404.5,1404.5,237.68490606227013,237.68490606227013,1380.2164025334598,1380.2164025334598
1992-01-02,1404.5,1404.5,237.66968116602067,237.66968116602067,1380.2800031745148,1380.2800031745148
1992-01-03,1404.5,1404.5,237.66005915653994,237.66005915653994,1380.3604340437341,1380.3604340437341
1992-01-04,1404.5,1404.5,237.65274240581255,237.65274240581255,1380.4347397433755,1380.4347397433755
1992-01-05,1404.5,1404.5,237.71955586315184,237.71955586315184,1380.608658070325,1380.608658070325
1992-01-06,1404.5,1404.5,237.76444651027376,237.76444651027376,1380.7452466380591,1380.7452466380591
1992-01-07,1404.5,1404.5,237.7635415102391,237.7635415102391,1380.7949936741265,1380.7949936741265
1992-01-08,1404.5,1404.5,237.75771636843183,237.75771636843183,1380.8365544890887,1380.8365544890887
1992-01-09,1404.5,1404.5,237.74500756718996,237.74500756718996,1380.8781153040507,1380.8781153040507
1992-01-10,1404.5,1404.5,237.73363210697246,237.73363210697246,1380.924127295962,1380.924127295962
1992-01-11,1404.5,1404.5,237.72291664788298,237.72291664788298,1380.990876483675,1380.990876483675
1992-01-12,1404.5,1404.5,237.7070647948355,237.7070647948355,1381.0506988688944,1381.0506988688944
1992-01-13,1404.5,1404.5,237.6915048523364,237.6915048523364,1381.1067429982784,1381.1067429982784
1992-01-14,1404.5,1404.5,237.67557115081974,237.67557115081974,1381.1599240738733,1381.1599240738733
1992-01-15,1404.5,1404.5,237.65964288580878,237.65964288580878,1381.218487040481,1381.218487040481
1992-01-16,1404.5,1404.5,237.6434954927175,237.6434954927175,1381.2883847748524,1381.2883847748524
1992-01-17,1404.5,1404.5,237.62818390192936,237.62818390192936,1381.3715064047763,1381.3715064047763
1992-01-18,1404.5,1404.5,237.61492648268202,237.61492648268202,1381.4665925118986,1381.4665925118986
1992-01-19,1404.5,1404.5,237.60138408814203,237.60138408814203,1381.561678619021,1381.561678619021
1992-01-20,1404.5,1404.5,237.5901633334495,237.5901633334495,1381.6819530986372,1381.6819530986372
1992-01-21,1404.5,1404.5,237.57037017261916,237.57037017261916,1381.7864848454767,1381.7864848454767
1992-01-22,1404.5,1404.5,237.54811626141722,237.54811626141722,1381.8601844727975,1381.8601844727975
1992-01-23,1404.5,1404.5,237.52664786320832,237.52664786320832,1381.9527517424387,1381.9527517424387
1992-01-24,1404.5,1404.5,237.51084753874625,237.51084753874625,1382.068618257042,1382.068618257042
1992-01-25,1404.5,1404.5,237.49562787860035,237.49562787860035,1382.2034573038522,1382.2034573038522
1992-01-26,1404.5,1404.5,237.48136045662437,237.48136045662437,1382.3535255290717,1382.3535255290717
1992-01-27,1404.5,1404.5,237.46833735905355,237.46833735905355,1382.5159905330843,1382.5159905330843
1992-01-28,1404.5,1404.5,237.45292910267094,237.45292910267094,1382.6646019321097,1382.6646019321097
1992-01-29,1404.5,1404.5,237.4414176837775,237.4414176837775,1382.809248563038,1382.809248563038
1992-01-30,1404.5,1404.5,237.42761218512902,237.42761218512902,1382.9219665309831,1382.9219665309831
1992-01-31,1404.5,1404.5,237.41717228820713,237.41717228820713,1383.0757910368523,1383.0757910368523
1992-02-01,1404.5,1404.5,237.41005756354576,237.41005756354576,1383.2443810258987,1383.2443810258987
1992-02-02,1404.5,1404.5,237.3948259709055,237.3948259709055,1383.3272246759916,1383.3272246759916
1992-02-03,1404.5,1404.5,237.3741322530986,237.3741322530986,1383.3726772080759,1383.3726772080759
1992-02-04,1404.5,1404.5,237.3759483976936,237.3759483976936,1383.4488720355064,1383.4488720355064
1992-02-05,1404.5,1404.5,237.38346564035768,237.38346564035768,1383.5250668629367,1383.5250668629367
1992-02-06,1404.5,1404.5,237.39271935498718,237.39271935498718,1383.5812017610929,1383.5812017610929
1992-02-07,1404.5,1404.5,237.4056120887279,237.4056120887279,1383.6672847268733,1383.6672847268733
1992-02-08,1404.5,1404.5,237.42089186488627,237.42089186488627,1383.7698535958946,1383.7698535958946
1992-02-09,1404.5,1404.5,237.4310920735537,237.4310920735537,1383.8241367183518,1383.8241367183518
1992-02-10,1404.5,1404.5,237.47115068103614,237.47115068103614,1383.9169978524703,1383.9169978524703
1992-02-11,1404.5,1404.5,237.57775834808794,237.57775834808794,1384.077293857837,1384.077293857837
1992-02-12,1404.5,1404.5,237.69521023869925,237.69521023869925,1384.1933702754852,1384.1933702754852
1992-02-13,1404.5,1404.5,237.837263922168,237.837263922168,1384.3592285870889,1384.3592285870889
1992-02-14,1404.5,1404.5,237.89781586156042,237.89781586156042,1384.4412340116444,1384.4412340116444
1992-02-15,1404.5,1404.5,238.02182802863513,238.02182802863513,1384.5352703509777,1384.5352703509777
1992-02-16,1404.5,1404.5,238.19263344319626,238.19263344319626,1384.6885001857038,1384.6885001857038
1992-02-17,1404.5,1404.5,238.25712716359774,238.25712716359774,1384.7432219254038,1384.7432219254038
1992-02-18,1404.5,1404.5,238.2930890315017,238.2930890315017,1384.8145260106112,1384.8145260106112
1992-02-19,1404.5,1404.5,238.3316117993394,238.3316117993394,1384.8905159777778,1384.8905159777778
1992-02-20,1404.5,1404.5,238.4112250160491,238.4112250160491,1384.9905129980814,1384.9905129980814
1992-02-21,1404.5,1404.5,238.48356983571654,238.48356983571654,1385.1227186098592,1385.1227186098592
1992-02-22,1404.5,1404.5,238.54441524508562,238.54441524508562,1385.262418645037,1385.262418645037
1992-02-23,1404.5,1404.5,238.6011414491944,238.6011414491944,1385.392756875563,1385.392756875563
1992-02-24,1404.5,1404.5,238.66545346766716,238.66545346766716,1385.5337068111332,1385.5337068111332
1992-02-25,1404.5,1404.5,238.73726822198236,238.73726822198236,1385.7018557768888,1385.7018557768888
1992-02-26,1404.5,1404.5,238.81550550197497,238.81550550197497,1385.902800936952,1385.902800936952
1992-02-27,1404.5,1404.5,238.9010561263187,238.9010561263187,1386.1587218005,1386.1587218005
1992-02-28,1404.5,1404.5,238.99090635136292,238.99090635136292,1386.465684417889,1386.465684417889
1992-02-29,1404.5,1404.5,239.08580732253506,239.08580732253506,1386.9415977301333,1386.9415977301333
1992-03-01,1404.5,1404.5,239.16046814950732,239.16046814950732,1387.2443425558408,1387.2443425558408
1992-03-02,1404.5,1404.5,239.2160679675682,239.2160679675682,1387.4770481358594,1387.4770481358594
1992-03-03,1404.5,1404.5,239.27306784683367,239.27306784683367,1387.7131528536704,1387.7131528536704
1992-03-04,1404.5,1404.5,239.3176985574569,239.3176985574569,1387.967334435063,1387.967334435063
1992-03-05,1404.5,1404.5,239.36086982451508,239.36086982451508,1388.1781529401296,1388.1781529401296
1992-03-06,1404.5,1404.5,239.48872430632935,239.48872430632935,1388.477187901726,1388.477187901726
1992-03-07,1404.5,1404.5,239.60252491037662,239.60252491037662,1388.7397417035222,1388.7397417035222
1992-03-08,1404.5,1404.5,239.65630020639625,239.65630020639625,1388.9886603759408,1388.9886603759408
1992-03-09,1404.5,1404.5,239.7086860121007,239.7086860121007,1389.2390537911372,1389.2390537911372
1992-03-10,1404.5,1404.5,239.7681388656221,239.7681388656221,1389.483660729615,1389.483660729615
1992-03-11,1404.5,1404.5,239.8219115824593,239.8219115824593,1389.7191300339223,1389.7191300339223
1992-03-12,1404.5,1404.5,239.87435305198733,239.87435305198733,1389.9522338579031,1389.9522338579031
1992-03-13,1404.5,1404.5,239.91646246332667,239.91646246332667,1390.183832099689,1390.183832099689
1992-03-14,1404.5,1404.5,239.95634345311922,239.95634345311922,1390.4791640627993,1390.4791640627993
1992-03-15,1404.5,1404.5,240.01622212699698,240.01622212699698,1390.7427068896523,1390.7427068896523
1992-03-16,1404.5,1404.5,240.07417575088257,240.07417575088257,1390.9935617558797,1390.9935617558797
1992-03-17,1404.5,1404.5,240.1125323478188,240.1125323478188,1391.2132917295385,1391.2132917295385
1992-03-18,1404.5,1404.5,240.14133521152712,240.14133521152712,1391.4269211421606,1391.4269211421606
1992-03-19,1404.5,1404.5,240.17266654005533,240.17266654005533,1391.6340618109632,1391.6340618109632
1992-03-20,1404.5,1404.5,240.19566982833297,240.19566982833297,1391.8358548649867,1391.8358548649867
1992-03-21,1404.5,1404.5,240.20603511212568,240.20603511212568,1392.0325137169132,1392.0325137169132
1992-03-22,1404.5,1404.5,240.21745749062956,240.21745749062956,1392.2166942152307,1392.2166942152307
1992-03-23,1404.5,1404.5,240.2305839518819,240.2305839518819,1392.403370384311,1392.403370384311
1992-03-24,1404.5,1404.5,240.22862646264554,240.22862646264554,1392.579065602281,1392.579065602281
1992-03-25,1404.5,1404.5,240.22081497757108,240.22081497757108,1392.7492703446958,1392.7492703446958
1992-03-26,1404.5,1404.5,240.22133881862,240.22133881862,1392.926962099194,1392.926962099194
1992-03-27,1404.5,1404.5,240.2105982484143,240.2105982484143,1393.1130999059399,1393.1130999059399
1992-03-28,1404.5,1404.5,240.19070135620257,240.19070135620257,1393.2882959896756,1393.2882959896756
1992-03-29,1404.5,1404.5,240.1647925421353,240.1647925421353,1393.4776988069366,1393.4776988069366
1992-03-30,1404.5,1404.5,240.13638580696494,240.13638580696494,1393.6718619881003,1393.6718619881003
1992-03-31,1404.5,1404.5,240.12169213442942,240.12169213442942,1393.8984688883613,1393.8984688883613
1992-04-01,1404.5,1404.5,240.08798487006408,240.08798487006408,1394.0723956198328,1394.0723956198328
1992-04-02,1404.5,1404.5,240.05418350829336,240.05418350829336,1394.2711568851105,1394.2711568851105
1992-04-03,1404.5,1404.5,240.01641485133183,240.01641485133183,1394.5466789313377,1394.5466789313377
1992-04-04,1404.5,1404.5,239.9888557684475,239.9888557684475,1394.876606599087,1394.876606599087
1992-04-05,1404.5,1404.5,239.95334874203675,239.95334874203675,1395.2313094704916,1395.2313094704916
1992-04-06,1404.5,1404.5,239.91552108026212,239.91552108026212,1395.5519350927825,1395.5519350927825
1992-04-07,1404.5,1404.5,239.8676905012357,239.8676905012357,1395.8695734728528,1395.8695734728528
1992-04-08,1404.5,1404.5,239.8238468953184,239.8238468953184,1396.196285893076,1396.196285893076
1992-04-09,1404.5,1404.5,239.78706629889984,239.78706629889984,1396.5598282705653,1396.5598282705653
1992-04-10,1404.5,1404.5,239.75317625548988,239.75317625548988,1396.9696742931399,1396.9696742931399
1992-04-11,1404.5,1404.5,239.73125632824022,239.73125632824022,1397.4153906917477,1397.4153906917477
1992-04-12,1404.5,1404.5,239.7136215642707,239.7136215642707,1397.968938155532,1397.968938155532
1992-04-13,1404.5,1404.5,239.6898287571646,239.6898287571646,1398.3486184221367,1398.3486184221367
1992-04-14,1404.5,1404.5,239.64015932555316,239.64015932555316,1398.6842287805925,1398.6842287805925
1992-04-15,1404.5,1404.5,239.59381923541753,239.59381923541753,1399.0072064983099,1399.0072064983099
1992-04-16,1404.5,1404.5,239.543284062708,239.543284062708,1399.383587707477,1399.383587707477
1992-04-17,1404.5,1404.5,239.48876013859837,239.48876013859837,1399.698853878617,1399.698853878617
1992-04-18,1404.5,1404.5,239.41146878229685,239.41146878229685,1400.0484165004527,1400.0484165004527
1992-04-19,1404.5,1404.5,239.33442715710262,239.33442715710262,1400.4036012659026,1400.4036012659026
1992-04-20,1404.5,1404.5,239.24639062892086,239.24639062892086,1400.8107805503646,1400.8107805503646
1992-04-21,1404.5,1404.5,239.51980952544102,239.51980952544102,1398.5908873378905,1398.5908873378905
1992-04-22,1404.5,1404.5,240.14627396892166,240.14627396892166,1393.5627762790436,1393.5627762790436
1992-04-23,1404.5,1404.5,241.42060157401033,241.42060157401033,1381.0765923556798,1381.0765923556798
1992-04-24,1404.5,1404.5,241.67694471483375,241.67694471483375,1377.8801687763714,1377.8801687763714
1992-04-25,1404.5,1404.5,241.68151883650958,241.68151883650958,1377.8801687763714,1377.8801687763714
1992-04-26,1404.5,1404.5,241.6940981377456,241.6940981377456,1377.8801687763714,1377.8801687763714
1992-04-27,1404.5,1404.5,241.72300115160618,241.72300115160618,1377.8801687763714,1377.8801687763714
1992-04-28,1404.5,1404.5,241.67262482596902,241.67262482596902,1378.862858790249,1378.862858790249
1992-04-29,1404.5,1404.5,241.63024449177172,241.63024449177172,1380.0228692235908,1380.0228692235908
1992-04-30,1404.5,1404.5,241.6087657676116,241.6087657676116,1381.277879894329,1381.277879894329
1992-05-01,1404.5,1404.5,241.5859259229601,241.5859259229601,1382.4189131785106,1382.4189131785106
1992-05-02,1404.5,1404.5,241.54450073084226,241.54450073084226,1383.443230117709,1383.443230117709
1992-05-03,1404.5,1404.5,241.5016877058392,241.5016877058392,1384.4035660564036,1384.4035660564036
1992-05-04,1404.5,1404.5,241.457782845124,241.457782845124,1385.3441987062222,1385.3441987062222
1992-05-05,1404.5,1404.5,241.39738215170536,241.39738215170536,1386.2766792611408,1386.2766792611408
1992-05-06,1404.5,1404.5,241.32023744547664,241.32023744547664,1387.049967031163,1387.049967031163
1992-05-07,1404.5,1404.5,241.23972431370063,241.23972431370063,1387.7524049068409,1387.7524049068409
1992-05-08,1404.5,1404.5,241.16169867401118,241.16169867401118,1388.440572239863,1388.440572239863
1992-05-09,1404.5,1404.5,241.09176306987894,241.09176306987894,1389.0994440960555,1389.0994440960555
1992-05-10,1404.5,1404.5,241.0177961541479,241.0177961541479,1389.748036519174,1389.748036519174
1992-05-11,1404.5,1404.5,240.947090080098,240.947090080098,1390.314817812816,1390.314817812816
1992-05-12,1404.5,1404.5,240.87642131567569,240.87642131567569,1390.8155664557928,1390.8155664557928
1992-05-13,1404.5,1404.5,240.83047765112235,240.83047765112235,1391.2756931910737,1391.2756931910737
1992-05-14,1404.5,1404.5,240.80019496137325,240.80019496137325,1391.7109381626356,1391.7109381626356
1992-05-15,1404.5,1404.5,240.75567547348078,240.75567547348078,1392.116235085659,1392.116235085659
1992-05-16,1404.5,1404.5,240.70799134609564,240.70799134609564,1392.4969055205786,1392.4969055205786
1992-05-17,1404.5,1404.5,240.65133364421592,240.65133364421592,1392.8632699806856,1392.8632699806856
1992-05-18,1404.5,1404.5,240.60390307526526,240.60390307526526,1393.2151595506555,1393.2151595506555
1992-05-19,1404.5,1404.5,240.5535374830939,240.5535374830939,1393.5445880841705,1393.5445880841705
1992-05-20,1404.5,1404.5,240.48894300508474,240.48894300508474,1393.848886604164,1393.848886604164
1992-05-21,1404.5,1404.5,240.42229600165308,240.42229600165308,1394.1144259675452,1394.1144259675452
1992-05-22,1404.5,1404.5,240.34249518675335,240.34249518675335,1394.3661432672777,1394.3661432672777
1992-05-23,1404.5,1404.5,240.27065623706446,240.27065623706446,1394.6097877676423,1394.6097877676423
1992-05-24,1404.5,1404.5,240.19314587937004,240.19314587937004,1394.8334145004583,1394.8334145004583
1992-05-25,1404.5,1404.5,240.10470090765693,240.10470090765693,1395.046971897174,1395.046971897174
1992-05-26,1404.5,1404.5,240.01752150616468,240.01752150616468,1395.2468518475719,1395.2468518475719
1992-05-27,1404.5,1404.5,239.9327532552545,239.9327532552545,1395.429418429923,1395.429418429923
1992-05-28,1404.5,1404.5,239.8408386907058,239.8408386907058,1395.6027005317558,1395.6027005317558
1992-05-29,1404.5,1404.5,239.7473341212823,239.7473341212823,1395.76601839396,1395.76601839396
1992-05-30,1404.5,1404.5,239.6549509295022,239.6549509295022,1395.9132629656856,1395.9132629656856
1992-05-31,1404.5,1404.5,239.56180960107204,239.56180960107204,1396.042080708532,1396.042080708532
1992-06-01,1404.5,1404.5,239.4713153162769,239.4713153162769,1396.162100150149,1396.162100150149
1992-06-02,1404.5,1404.5,239.37708071184238,239.37708071184238,1396.216968757375,1396.216968757375
1992-06-03,1404.5,1404.5,239.26758301852647,239.26758301852647,1396.319940585913,1396.319940585913
1992-06-04,1404.5,1404.5,239.1590231522148,239.1590231522148,1396.3379543234582,1396.3379543234582
1992-06-05,1404.5,1404.5,239.0559725013094,239.0559725013094,1396.3485506803438,1396.3485506803438
1992-06-06,1404.5,1404.5,238.9475739421819,238.9475739421819,1396.3470779856882,1396.3470779856882
1992-06-07,1404.5,1404.5,238.83921658776327,238.83921658776327,1396.339084154264,1396.339084154264
1992-06-08,1404.5,1404.5,238.7271973518279,238.7271973518279,1396.321321813803,1396.321321813803
1992-06-09,1404.5,1404.5,238.5950857277088,238.5950857277088,1396.2979048890381,1396.2979048890381
1992-06-10,1404.5,1404.5,238.45232578955478,238.45232578955478,1396.2698514139754,1396.2698514139754
1992-06-11,1404.5,1404.5,238.31328304021704,238.31328304021704,1396.2374379598336,1396.2374379598336
1992-06-12,1404.5,1404.5,238.180560308037,238.180560308037,1396.2040413864913,1396.2040413864913
1992-06-13,1404.5,1404.5,238.04031912698574,238.04031912698574,1396.1652580023433,1396.1652580023433
1992-06-14,1404.5,1404.5,237.90952973682377,237.90952973682377,1396.1218817804236,1396.1218817804236
1992-06-15,1404.5,1404.5,237.77402936364211,237.77402936364211,1396.0789591789778,1396.0789591789778
1992-06-16,1404.5,1404.5,237.62214003990542,237.62214003990542,1396.0378510590579,1396.0378510590579
1992-06-17,1404.5,1404.5,237.45459789032586,237.45459789032586,1396.0668827640275,1396.0668827640275
1992-06-18,1404.5,1404.5,237.30405224292875,237.30405224292875,1396.020212983199,1396.020212983199
1992-06-19,1404.5,1404.5,237.14745116057782,237.14745116057782,1395.9675248124508,1395.9675248124508
1992-06-20,1404.5,1404.5,237.00058955293997,237.00058955293997,1395.9108120466594,1395.9108120466594
1992-06-21,1404.5,1404.5,236.85217331405892,236.85217331405892,1395.8740646465603,1395.8740646465603
1992-06-22,1404.5,1404.5,236.70040728022553,236.70040728022553,1395.8131500787688,1395.8131500787688
1992-06-23,1404.5,1404.5,236.54706572504074,236.54706572504074,1395.7494494351279,1395.7494494351279
1992-06-24,1404.5,1404.5,236.38767021147154,236.38767021147154,1395.6837522547546,1395.6837522547546
1992-06-25,1404.5,1404.5,236.24111402563744,236.24111402563744,1395.7872790938861,1395.7872790938861
1992-06-26,1404.5,1404.5,236.08322654258697,236.08322654258697,1395.7615810112084,1395.7615810112084
1992-06-27,1404.5,1404.5,235.9249870476207,235.9249870476207,1395.6897683788618,1395.6897683788618
1992-06-28,1404.5,1404.5,235.7764410846076,235.7764410846076,1395.616584186405,1395.616584186405
1992-06-29,1404.5,1404.5,235.6218665898233,235.6218665898233,1395.5413484013493,1395.5413484013493
1992-06-30,1404.5,1404.5,235.4927901536094,235.4927901536094,1395.6961087887619,1395.6961087887619
1992-07-01,1404.5,1404.5,235.33995092459708,235.33995092459708,1395.848913412357,1395.848913412357
1992-07-02,1404.5,1404.5,235.18350950656944,235.18350950656944,1395.8018466700037,1395.8018466700037
1992-07-03,1404.5,1404.5,235.03168096941508,235.03168096941508,1395.7515017433795,1395.7515017433795
1992-07-04,1404.5,1404.5,234.88617194129225,234.88617194129225,1395.700494183344,1395.700494183344
1992-07-05,1404.5,1404.5,234.7445466101458,234.7445466101458,1395.6487727590777,1395.6487727590777
1992-07-06,1404.5,1404.5,234.6065975203858,234.6065975203858,1395.595553932313,1395.595553932313
1992-07-07,1404.5,1404.5,234.44795362121485,234.44795362121485,1395.541336837284,1395.541336837284
1992-07-08,1404.5,1404.5,234.28660542503735,234.28660542503735,1395.486371041108,1395.486371041108
1992-07-09,1404.5,1404.5,234.11584508048836,234.11584508048836,1395.4297482951995,1395.4297482951995
1992-07-10,1404.5,1404.5,233.94328441058983,233.94328441058983,1395.37247008797,1395.37247008797
1992-07-11,1404.5,1404.5,233.76413534266345,233.76413534266345,1395.3135308813423,1395.3135308813423
1992-07-12,1404.5,1404.5,233.7200498387354,233.7200498387354,1395.9203196185342,1395.9203196185342
1992-07-13,1404.5,1404.5,233.73282558354563,233.73282558354563,1396.8792420390155,1396.8792420390155
1992-07-14,1404.5,1404.5,233.57077888106906,233.57077888106906,1396.950051248193,1396.950051248193
1992-07-15,1404.5,1404.5,233.4255266267305,233.4255266267305,1397.2292499424725,1397.2292499424725
1992-07-16,1404.5,1404.5,233.27353702967915,233.27353702967915,1397.306083123957,1397.306083123957
1992-07-17,1404.5,1404.5,233.10387547695393,233.10387547695393,1397.3093084820614,1397.3093084820614
1992-07-18,1404.5,1404.5,232.9325454467262,232.9325454467262,1397.3221811885549,1397.3221811885549
1992-07-19,1404.5,1404.5,232.75174097797338,232.75174097797338,1397.324167005708,1397.324167005708
1992-07-20,1404.5,1404.5,232.57283427011728,232.57283427011728,1397.323884720861,1397.323884720861
1992-07-21,1404.5,1404.5,232.39580515883554,232.39580515883554,1397.3190662321995,1397.3190662321995
1992-07-22,1404.5,1404.5,232.2217502153938,232.2217502153938,1397.3089724442552,1397.3089724442552
1992-07-23,1404.5,1404.5,232.04953045200233,232.04953045200233,1397.295081547779,1397.295081547779
1992-07-24,1404.5,1404.5,231.87913147443604,231.87913147443604,1397.277561688066,1397.277561688066
1992-07-25,1404.5,1404.5,231.70969789406433,231.70969789406433,1397.2555056245383,1397.2555056245383
1992-07-26,1404.5,1404.5,231.5420610535093,231.5420610535093,1397.2293686402445,1397.2293686402445
1992-07-27,1404.5,1404.5,231.37418208691702,231.37418208691702,1397.2005082709022,1397.2005082709022
1992-07-28,1404.5,1404.5,231.20461493827077,231.20461493827077,1397.169610733508,1397.169610733508
1992-07-29,1404.5,1404.5,231.02531659050055,231.02531659050055,1397.2081684665811,1397.2081684665811
1992-07-30,1404.5,1404.5,230.85550418532128,230.85550418532128,1397.1710081743267,1397.1710081743267
1992-07-31,1404.5,1404.5,230.68204411079319,230.68204411079319,1397.1315420004921,1397.1315420004921
1992-08-01,1404.5,1404.5,230.51042764606598,230.51042764606598,1397.089980260098,1397.089980260098
1992-08-02,1404.5,1404.5,230.35000908374624,230.35000908374624,1397.060553463853,1397.060553463853
1992-08-03,1404.5,1404.5,230.1913131320327,230.1913131320327,1397.0297678017569,1397.0297678017569
1992-08-04,1404.5,1404.5,230.02960683464894,230.02960683464894,1396.997541462612,1396.997541462612
1992-08-05,1404.5,1404.5,229.86964017963004,229.86964017963004,1396.9643740938957,1396.9643740938957
1992-08-06,1404.5,1404.5,229.7113995287405,229.7113995287405,1396.9314311410276,1396.9314311410276
1992-08-07,1404.5,1404.5,229.5521232333333,229.5521232333333,1396.8962200861592,1396.8962200861592
1992-08-08,1404.5,1404.5,229.39418868762246,229.39418868762246,1396.8601017905282,1396.8601017905282
1992-08-09,1404.5,1404.5,229.2340858285477,229.2340858285477,1396.8231746936722,1396.8231746936722
1992-08-10,1404.5,1404.5,229.07571322809284,229.07571322809284,1396.785695536804,1396.785695536804
1992-08-11,1404.5,1404.5,228.92076045795224,228.92076045795224,1396.747762759647,1396.747762759647
1992-08-12,1404.5,1404.5,228.75681311054683,228.75681311054683,1396.7813464987655,1396.7813464987655
1992-08-13,1404.5,1404.5,228.60358555478996,228.60358555478996,1396.7435830199704,1396.7435830199704
1992-08-14,1404.5,1404.5,228.4355896966535,228.4355896966535,1396.7033897897313,1396.7033897897313
1992-08-15,1404.5,1404.5,228.2690460773446,228.2690460773446,1396.670900457152,1396.670900457152
1992-08-16,1404.5,1404.5,228.10177172983842,228.10177172983842,1396.6297734474417,1396.6297734474417
1992-08-17,1404.5,1404.5,227.93631719783755,227.93631719783755,1396.5881278116526,1396.5881278116526
1992-08-18,1404.5,1404.5,227.77123630106342,227.77123630106342,1396.5456588304955,1396.5456588304955
1992-08-19,1404.5,1404.5,227.60795300388114,227.60795300388114,1396.5022826085758,1396.5022826085758
1992-08-20,1404.5,1404.5,227.44491878903858,227.44491878903858,1396.4579526930024,1396.4579526930024
1992-08-21,1404.5,1404.5,227.28824267057783,227.28824267057783,1396.4132156098453,1396.4132156098453
1992-08-22,1404.5,1404.5,227.13328231924547,227.13328231924547,1396.3680249063996,1396.3680249063996
1992-08-23,1404.5,1404.5,226.98309668302653,226.98309668302653,1396.3223805824798,1396.3223805824798
1992-08-24,1404.5,1404.5,226.84091964393872,226.84091964393872,1396.275829017797,1396.275829017797
1992-08-25,1404.5,1404.5,226.70898372962995,226.70898372962995,1396.2288238328254,1396.2288238328254
1992-08-26,1404.5,1404.5,226.5666391080665,226.5666391080665,1396.2533491318316,1396.2533491318316
1992-08-27,1404.5,1404.5,226.43763375626918,226.43763375626918,1396.2050964907414,1396.2050964907414
1992-08-28,1404.5,1404.5,226.31007118947701,226.31007118947701,1396.1562768240588,1396.1562768240588
1992-08-29,1404.5,1404.5,226.17569102587967,226.17569102587967,1396.106997303777,1396.106997303777
1992-08-30,1404.5,1404.5,226.03742414904553,226.03742414904553,1396.0604457390943,1396.0604457390943
1992-08-31,1404.5,1404.5,225.90069717663835,225.90069717663835,1396.0343070920408,1396.0343070920408
1992-09-01,1404.5,1404.5,225.76636303649386,225.76636303649386,1395.9968424238186,1395.9968424238186
1992-09-02,1404.5,1404.5,225.6329679505832,225.6329679505832,1395.9760673163548,1395.9760673163548
1992-09-03,1404.5,1404.5,225.51310259712864,225.51310259712864,1395.9498058927609,1395.9498058927609
1992-09-04,1404.5,1404.5,225.40240583971934,225.40240583971934,1395.9235403097418,1395.9235403097418
1992-09-05,1404.5,1404.5,225.29737260019073,225.29737260019073,1395.8964117791043,1395.8964117791043
1992-09-06,1404.5,1404.5,225.20440156308717,225.20440156308717,1395.8691479276172,1395.8691479276172
1992-09-07,1404.5,1404.5,225.1222855794317,225.1222855794317,1395.8413849421001,1395.8413849421001
1992-09-08,1404.5,1404.5,225.04993852326604,225.04993852326604,1395.8131228223488,1395.8131228223488
1992-09-09,1404.5,1404.5,224.9745017342358,224.9745017342358,1395.8639734995395,1395.8639734995395
1992-09-10,1404.5,1404.5,224.91885843540908,224.91885843540908,1395.8339644103767,1395.8339644103767
1992-09-11,1404.5,1404.5,224.8703354888589,224.8703354888589,1395.803206620067,1395.803206620067
1992-09-12,1404.5,1404.5,224.82822060821488,224.82822060821488,1395.7709514272588,1395.7709514272588
1992-09-13,1404.5,1404.5,224.79187315745148,224.79187315745148,1395.7381971002164,1395.7381971002164
1992-09-14,1404.5,1404.5,224.7560419932237,224.7560419932237,1395.7049436391442,1395.7049436391442
1992-09-15,1404.5,1404.5,224.7207220603013,224.7207220603013,1395.6709414769246,1395.6709414769246
1992-09-16,1404.5,1404.5,224.68590836479314,224.68590836479314,1395.635691479324,1395.635691479324
1992-09-17,1404.5,1404.5,224.65163520378647,224.65163520378647,1395.5999157270073,1395.5999157270073
1992-09-18,1404.5,1404.5,224.62165062626767,224.62165062626767,1395.5636674611424,1395.5636674611424
1992-09-19,1404.5,1404.5,224.59396697112777,224.59396697112777,1395.5269200610433,1395.5269200610433
1992-09-20,1404.5,1404.5,224.56923520640368,224.56923520640368,1395.4891743926798,1395.4891743926798
1992-09-21,1404.5,1404.5,224.54490401439867,224.54490401439867,1395.4504304560523,1395.4504304560523
1992-09-22,1404.5,1404.5,224.52159474264965,224.52159474264965,1395.4106882511605,1395.4106882511605
1992-09-23,1404.5,1404.5,224.4867902115148,224.4867902115148,1395.4496207142809,1395.4496207142809
1992-09-24,1404.5,1404.5,224.46453187687837,224.46453187687837,1395.4073828386265,1395.4073828386265
1992-09-25,1404.5,1404.5,224.4430850710354,224.4430850710354,1395.3646458287383,1395.3646458287383
1992-09-26,1404.5,1404.5,224.42288776575867,224.42288776575867,1395.3204114165555,1395.3204114165555
1992-09-27,1404.5,1404.5,224.4033152740064,224.4033152740064,1395.2759751323192,1395.2759751323192
1992-09-28,1404.5,1404.5,224.38409209726188,224.38409209726188,1395.2309104936114,1395.2309104936114
1992-09-29,1404.5,1404.5,224.36613837628252,224.36613837628252,1395.1851786789302,1395.1851786789302
1992-09-30,1404.5,1404.5,224.34851776044795,224.34851776044795,1395.138448595985,1395.138448595985
1992-10-01,1404.5,1404.5,224.32916136784092,224.32916136784092,1395.089860624819,1395.089860624819
1992-10-02,1404.5,1404.5,224.29230177138814,224.29230177138814,1395.0670889806229,1395.0670889806229
1992-10-03,1404.5,1404.5,224.2557243073477,224.2557243073477,1395.0253332597813,1395.0253332597813
1992-10-04,1404.5,1404.5,224.219630160036,224.219630160036,1394.9720413925552,1394.9720413925552
1992-10-05,1404.5,1404.5,224.18404133206448,224.18404133206448,1394.9183234315562,1394.9183234315562
1992-10-06,1404.5,1404.5,224.14895269201833,224.14895269201833,1394.8643777132866,1394.8643777132866
1992-10-07,1404.5,1404.5,224.10247775973764,224.10247775973764,1394.889833554534,1394.889833554534
1992-10-08,1404.5,1404.5,224.0683743250351,224.0683743250351,1394.835206686395,1394.835206686395
1992-10-09,1404.5,1404.5,224.0312499686357,224.0312499686357,1394.780490457132,1394.780490457132
1992-10-10,1404.5,1404.5,223.99729979528163,223.99729979528163,1394.7254954739858,1394.7254954739858
1992-10-11,1404.5,1404.5,223.97159026277097,223.97159026277097,1394.6702801106928,1394.6702801106928
1992-10-12,1404.5,1404.5,223.9495484716663,223.9495484716663,1394.6140664791355,1394.6140664791355
1992-10-13,1404.5,1404.5,223.92980484785647,223.92980484785647,1394.5574933537687,1394.5574933537687
1992-10-14,1404.5,1404.5,223.9096530482949,223.9096530482949,1394.5002814539473,1394.5002814539473
1992-10-15,1404.5,1404.5,223.8839450522485,223.8839450522485,1394.4420712858614,1394.4420712858614
1992-10-16,1404.5,1404.5,223.85995982500174,223.85995982500174,1394.3833619835416,1394.3833619835416
1992-10-17,1404.5,1404.5,223.83918243242394,223.83918243242394,1394.3241535469876,1394.3241535469876
1992-10-18,1404.5,1404.5,223.82285397308678,223.82285397308678,1394.2644865585407,1394.2644865585407
1992-10-19,1404.5,1404.5,223.80651018757752,223.80651018757752,1394.2046791611506,1394.2046791611506
1992-10-20,1404.5,1404.5,223.79429351350578,223.79429351350578,1394.1444724563326,1394.1444724563326
1992-10-21,1404.5,1404.5,223.78120229304642,223.78120229304642,1394.2338174677136,1394.2338174677136
1992-10-22,1404.5,1404.5,223.7619655174651,223.7619655174651,1394.2260622961364,1394.2260622961364
1992-10-23,1404.5,1404.5,223.74582650636992,223.74582650636992,1394.1921173659937,1394.1921173659937
1992-10-24,1404.5,1404.5,223.72762329003532,223.72762329003532,1394.131593498918,1394.131593498918
1992-10-25,1404.5,1404.5,223.71177101955706,223.71177101955706,1394.0713867941,1394.0713867941
1992-10-26,1404.5,1404.5,223.69649478920297,223.69649478920297,1394.0111800892817,1394.0111800892817
1992-10-27,1404.5,1404.5,223.68491491430038,223.68491491430038,1393.9509733844634,1393.9509733844634
1992-10-28,1404.5,1404.5,223.6860224784526,223.6860224784526,1394.0205415566452,1394.0205415566452
1992-10-29,1404.5,1404.5,223.69625620374768,223.69625620374768,1394.2428579496598,1394.2428579496598
1992-10-30,1404.5,1404.5,223.80319141179012,223.80319141179012,1394.6290580853533,1394.6290580853533
1992-10-31,1404.5,1404.5,223.94721136861554,223.94721136861554,1394.963058450515,1394.963058450515
1992-11-01,1404.5,1404.5,223.96952056428316,223.96952056428316,1395.0376510443791,1395.0376510443791
1992-11-02,1404.5,1404.5,223.979499450239,223.979499450239,1394.9696467200931,1394.9696467200931
1992-11-03,1404.5,1404.5,223.96605558617694,223.96605558617694,1395.108472562675,1395.108472562675
1992-11-04,1404.5,1404.5,223.95003591960233,223.95003591960233,1395.2537205978724,1395.2537205978724
1992-11-05,1404.5,1404.5,223.9282353494654,223.9282353494654,1395.3720153895279,1395.3720153895279
1992-11-06,1404.5,1404.5,223.9073709301465,223.9073709301465,1395.483821437364,1395.483821437364
1992-11-07,1404.5,1404.5,223.88096929185812,223.88096929185812,1395.6345448229727,1395.6345448229727
1992-11-08,1404.5,1404.5,223.85819550726703,223.85819550726703,1395.8469823637352,1395.8469823637352
1992-11-09,1404.5,1404.5,223.8366176239942,223.8366176239942,1396.0318361343063,1396.0318361343063
1992-11-10,1404.5,1404.5,223.81545277953714,223.81545277953714,1396.0690330063278,1396.0690330063278
1992-11-11,1404.5,1404.5,223.79576183148066,223.79576183148066,1396.0799198956681,1396.0799198956681
1992-11-12,1404.5,1404.5,223.77194097017744,223.77194097017744,1396.0917140257716,1396.0917140257716
1992-11-13,1404.5,1404.5,223.75386879683955,223.75386879683955,1396.1401180706926,1396.1401180706926
1992-11-14,1404.5,1404.5,223.73049943121154,223.73049943121154,1396.280348628589,1396.280348628589
1992-11-15,1404.5,1404.5,223.7095236399067,223.7095236399067,1396.431277754735,1396.431277754735
1992-11-16,1404.5,1404.5,223.69028603793203,223.69028603793203,1396.575075418346,1396.575075418346
1992-11-17,1404.5,1404.5,223.67283461372097,223.67283461372097,1396.710210307127,1396.710210307127
1992-11-18,1404.5,1404.5,223.65658032041833,223.65658032041833,1396.8304197105313,1396.8304197105313
1992-11-19,1404.5,1404.5,223.6329708856146,223.6329708856146,1396.879410712656,1396.879410712656
1992-11-20,1404.5,1404.5,223.6107220055435,223.6107220055435,1396.9102568991514,1396.9102568991514
1992-11-21,1404.5,1404.5,223.58852082216822,223.58852082216822,1396.9361929885436,1396.9361929885436
1992-11-22,1404.5,1404.5,223.56942074340103,223.56942074340103,1397.0055969082973,1397.0055969082973
1992-11-23,1404.5,1404.5,223.5511547264403,223.5511547264403,1397.0744351770907,1397.0744351770907
1992-11-24,1404.5,1404.5,223.5329099252472,223.5329099252472,1397.109817567586,1397.109817567586
1992-11-25,1404.5,1404.5,223.51482493605656,223.51482493605656,1397.1247870404522,1397.1247870404522
1992-11-26,1404.5,1404.5,223.49284008446097,223.49284008446097,1397.1478634885952,1397.1478634885952
1992-11-27,1404.5,1404.5,223.47185172522438,223.47185172522438,1397.1827922586165,1397.1827922586165
1992-11-28,1404.5,1404.5,223.4526339249868,223.4526339249868,1397.2063805188232,1397.2063805188232
1992-11-29,1404.5,1404.5,223.4364756754488,223.4364756754488,1397.2282436471148,1397.2282436471148
1992-11-30,1404.5,1404.5,223.41657530375508,223.41657530375508,1397.25047104627,1397.25047104627
1992-12-01,1404.5,1404.5,223.3943128852998,223.3943128852998,1397.269069482188,1397.269069482188
1992-12-02,1404.5,1404.5,223.3740231738751,223.3740231738751,1397.2935649833428,1397.2935649833428
1992-12-03,1404.5,1404.5,223.35194370181372,223.35194370181372,1397.33257633689,1397.33257633689
1992-12-04,1404.5,1404.5,223.32844955129536,223.32844955129536,1397.3486042572822,1397.3486042572822
1992-12-05,1404.5,1404.5,223.3041797208084,223.3041797208084,1397.3640507631271,1397.3640507631271
1992-12-06,1404.5,1404.5,223.2820278606204,223.2820278606204,1397.4145255429721,1397.4145255429721
1992-12-07,1404.5,1404.5,223.38739464437012,223.38739464437012,1397.6354386729142,1397.6354386729142
1992-12-08,1404.5,1404.5,223.51684462265285,223.51684462265285,1397.7801435774736,1397.7801435774736
1992-12-09,1404.5,1404.5,223.64307895081907,223.64307895081907,1397.836998308568,1397.836998308568
1992-12-10,1404.5,1404.5,223.82345328900118,223.82345328900118,1398.0579933828321,1398.0579933828321
1992-12-11,1404.5,1404.5,224.06828034908153,224.06828034908153,1398.280732700738,1398.280732700738
1992-12-12,1404.5,1404.5,224.22641106964144,224.22641106964144,1398.4515105345617,1398.4515105345617
1992-12-13,1404.5,1404.5,224.23270415641346,224.23270415641346,1398.4719234521908,1398.4719234521908
1992-12-14,1404.5,1404.5,224.21853107178154,224.21853107178154,1398.493243610583,1398.493243610583
1992-12-15,1404.5,1404.5,224.20503460234127,224.20503460234127,1398.514563768975,1398.514563768975
1992-12-16,1404.5,1404.5,224.19307032166603,224.19307032166603,1398.5364448557411,1398.5364448557411
1992-12-17,1404.5,1404.5,224.1773205116643,224.1773205116643,1398.558672254896,1398.558672254896
1992-12-18,1404.5,1404.5,224.18993817841542,224.18993817841542,1398.6076632570207,1398.6076632570207
1992-12-19,1404.5,1404.5,224.17779871200042,224.17779871200042,1398.6303442764645,1398.6303442764645
1992-12-20,1404.5,1404.5,224.16379957150872,224.16379957150872,1398.6530252959083,1398.6530252959083
1992-12-21,1404.5,1404.5,224.15002547680444,224.15002547680444,1398.675706315352,1398.675706315352
1992-12-22,1404.5,1404.5,224.14022807240127,224.14022807240127,1398.6983873347958,1398.6983873347958
1992-12-23,1404.5,1404.5,224.12748229254092,224.12748229254092,1398.7215219747136,1398.7215219747136
1992-12-24,1404.5,1404.5,224.11581159823086,224.11581159823086,1398.7453572385677,1398.7453572385677
1992-12-25,1404.5,1404.5,224.11041803425175,224.11041803425175,1398.8267016175982,1398.8267016175982
1992-12-26,1404.5,1404.5,224.10651463216075,224.10651463216075,1398.9255908626103,1398.9255908626103
1992-12-27,1404.5,1404.5,224.10276061640562,224.10276061640562,1399.016768561045,1399.016768561045
1992-12-28,1404.5,1404.5,224.0956921196293,224.0956921196293,1399.08118265651,1399.08118265651
1992-12-29,1404.5,1404.5,224.25105328627865,224.25105328627865,1399.2669592291088,1399.2669592291088
1992-12-30,1404.5,1404.5,224.47314496725608,224.47314496725608,1399.4452320424523,1399.4452320424523
1992-12-31,1404.5,1404.5,224.48236511123096,224.48236511123096,1399.4719956454219,1399.4719956454219
1993-01-01,1404.5,1404.5,224.476543726987,224.476543726987,1399.4992128688657,1399.4992128688657
1993-01-02,1404.5,1404.5,224.51428230463026,224.51428230463026,1399.5141823417318,1399.5141823417318
1993-01-03,1404.5,1404.5,224.51621287200427,224.51621287200427,1399.5291518145982,1399.5291518145982
1993-01-04,1404.5,1404.5,224.5074574052547,224.5074574052547,1399.544903483419,1399.544903483419
1993-01-05,1404.5,1404.5,225.29055563177226,225.29055563177226,1394.6051169823793,1394.6051169823793
1993-01-06,1404.5,1404.5,226.86571667087856,226.86571667087856,1383.3017721917186,1383.3017721917186
1993-01-07,1404.5,1404.5,227.5738549659398,227.5738549659398,1377.8801687763714,1377.8801687763714
1993-01-08,1404.5,1404.5,227.84346048452312,227.84346048452312,1377.8801687763714,1377.8801687763714
1993-01-09,1404.5,1404.5,228.0102028113612,228.0102028113612,1377.8801687763714,1377.8801687763714
1993-01-10,1404.5,1404.5,228.08690391482287,228.08690391482287,1377.8801687763714,1377.8801687763714
1993-01-11,1404.5,1404.5,228.12199378331596,228.12199378331596,1377.8801687763714,1377.8801687763714
1993-01-12,1404.5,1404.5,228.14320675954866,228.14320675954866,1377.9028383118987,1377.9028383118987
1993-01-13,1404.5,1404.5,228.21465878074514,228.21465878074514,1377.9255078474262,1377.9255078474262
1993-01-14,1404.5,1404.5,228.44834973123665,228.44834973123665,1378.0357069781478,1378.0357069781478
1993-01-15,1404.5,1404.5,228.70111754403806,228.70111754403806,1378.154146252173,1378.154146252173
1993-01-16,1404.5,1404.5,228.85094085371537,228.85094085371537,1378.2238168480253,1378.2238168480253
1993-01-17,1404.5,1404.5,229.0232496961867,229.0232496961867,1378.3396833626286,1378.3396833626286
1993-01-18,1404.5,1404.5,229.357538099308,229.357538099308,1378.4857759244305,1378.4857759244305
1993-01-19,1404.5,1404.5,229.61452104177013,229.61452104177013,1378.5688975543544,1378.5688975543544
1993-01-20,1404.5,1404.5,229.77813852842868,229.77813852842868,1378.6595756962067,1378.6595756962067
1993-01-21,1404.5,1404.5,230.01869858101014,230.01869858101014,1378.818262444384,1378.818262444384
1993-01-22,1404.5,1404.5,230.38570316828375,230.38570316828375,1379.1268200101983,1379.1268200101983
1993-01-23,1404.5,1404.5,230.60612725873764,230.60612725873764,1379.2912413603967,1379.2912413603967
1993-01-24,1404.5,1404.5,230.77686915917124,230.77686915917124,1379.4411121780338,1379.4411121780338
1993-01-25,1404.5,1404.5,230.9489510372394,230.9489510372394,1379.5919676321898,1379.5919676321898
1993-01-26,1404.5,1404.5,231.12030038255747,231.12030038255747,1379.7481355431435,1379.7481355431435
1993-01-27,1404.5,1404.5,231.30371265918228,231.30371265918228,1379.9301215360254,1379.9301215360254
1993-01-28,1404.5,1404.5,231.4949426874518,231.4949426874518,1380.1568168905274,1380.1568168905274
1993-01-29,1404.5,1404.5,231.69145397377133,231.69145397377133,1380.4367797439832,1380.4367797439832
1993-01-30,1404.5,1404.5,231.86978080313762,231.86978080313762,1380.7065054814345,1380.7065054814345
1993-01-31,1404.5,1404.5,232.01332891606683,232.01332891606683,1380.8973074048565,1380.8973074048565
1993-02-01,1404.5,1404.5,232.14792733280163,232.14792733280163,1381.0748854324684,1381.0748854324684
1993-02-02,1404.5,1404.5,232.3917441516698,232.3917441516698,1381.2134214823418,1381.2134214823418
1993-02-03,1404.5,1404.5,232.63568774574728,232.63568774574728,1381.3601437533207,1381.3601437533207
1993-02-04,1404.5,1404.5,232.87292124712647,232.87292124712647,1381.5266876852575,1381.5266876852575
1993-02-05,1404.5,1404.5,233.10917863584532,233.10917863584532,1381.7017468756455,1381.7017468756455
1993-02-06,1404.5,1404.5,233.36288040397824,233.36288040397824,1381.9116783468185,1381.9116783468185
1993-02-07,1404.5,1404.5,233.58506098847974,233.58506098847974,1382.0602897458439,1382.0602897458439
1993-02-08,1404.5,1404.5,233.82745186139186,233.82745186139186,1382.230311261785,1382.230311261785
1993-02-09,1404.5,1404.5,234.17846724198967,234.17846724198967,1382.5088299912024,1382.5088299912024
1993-02-10,1404.5,1404.5,234.48826533536862,234.48826533536862,1382.7128558101772,1382.7128558101772
1993-02-11,1404.5,1404.5,234.7531696323407,234.7531696323407,1382.886025872519,1382.886025872519
1993-02-12,1404.5,1404.5,235.000111005216,235.000111005216,1383.0749386678945,1383.0749386678945
1993-02-13,1404.5,1404.5,235.23480745041113,235.23480745041113,1383.238663090519,1383.238663090519
1993-02-14,1404.5,1404.5,235.46699319775044,235.46699319775044,1383.4041177956456,1383.4041177956456
1993-02-15,1404.5,1404.5,235.69776804074195,235.69776804074195,1383.577917567422,1383.577917567422
1993-02-16,1404.5,1404.5,235.9199119396415,235.9199119396415,1383.7479390833628,1383.7479390833628
1993-02-17,1404.5,1404.5,236.14534689548495,236.14534689548495,1383.8952520198554,1383.8952520198554
1993-02-18,1404.5,1404.5,236.3725533970099,236.3725533970099,1384.040071169385,1384.040071169385
1993-02-19,1404.5,1404.5,236.6602834009592,236.6602834009592,1384.2486601432038,1384.2486601432038
1993-02-20,1404.5,1404.5,237.06936966252127,237.06936966252127,1384.660425175185,1384.660425175185
1993-02-21,1404.5,1404.5,237.39620487014088,237.39620487014088,1384.8482687884593,1384.8482687884593
1993-02-22,1404.5,1404.5,237.6791668764268,237.6791668764268,1385.0262277303852,1385.0262277303852
1993-02-23,1404.5,1404.5,237.96497941945103,237.96497941945103,1385.2032056746036,1385.2032056746036
1993-02-24,1404.5,1404.5,238.2841165990291,238.2841165990291,1385.3806367702,1385.3806367702
1993-02-25,1404.5,1404.5,238.57785424892788,238.57785424892788,1385.5514349275481,1385.5514349275481
1993-02-26,1404.5,1404.5,238.86177620936505,238.86177620936505,1385.7194693606075,1385.7194693606075
1993-02-27,1404.5,1404.5,239.14589488905236,239.14589488905236,1385.884396471289,1385.884396471289
1993-02-28,1404.5,1404.5,239.41153560689546,239.41153560689546,1386.0435122915815,1386.0435122915815
1993-03-01,1404.5,1404.5,239.66696845777554,239.66696845777554,1386.1977281036482,1386.1977281036482
1993-03-02,1404.5,1404.5,239.8947083195744,239.8947083195744,1386.3337892461816,1386.3337892461816
1993-03-03,1404.5,1404.5,240.10688432650414,240.10688432650414,1386.471089444889,1386.471089444889
1993-03-04,1404.5,1404.5,240.316718431277,240.316718431277,1386.6148031047483,1386.6148031047483
1993-03-05,1404.5,1404.5,240.5246477834966,240.5246477834966,1386.7618332338445,1386.7618332338445
1993-03-06,1404.5,1404.5,240.73732383981314,240.73732383981314,1386.9237874736036,1386.9237874736036
1993-03-07,1404.5,1404.5,240.94235640896272,240.94235640896272,1387.1139317005222,1387.1139317005222
1993-03-08,1404.5,1404.5,241.16149394061355,241.16149394061355,1387.3510592394482,1387.3510592394482
1993-03-09,1404.5,1404.5,241.38782993802118,241.38782993802118,1387.6262042769445,1387.6262042769445
1993-03-10,1404.5,1404.5,241.62578058764245,241.62578058764245,1387.9629088807703,1387.9629088807703
1993-03-11,1404.5,1404.5,241.8713600954317,241.8713600954317,1388.3216402856963,1388.3216402856963
1993-03-12,1404.5,1404.5,242.10368001902836,242.10368001902836,1388.6599590342446,1388.6599590342446
1993-03-13,1404.5,1404.5,242.35674382520588,242.35674382520588,1389.1284921492038,1389.1284921492038
1993-03-14,1404.5,1404.5,242.6437224395653,242.6437224395653,1389.7123745225,1389.7123745225
1993-03-15,1404.5,1404.5,242.92453112404584,242.92453112404584,1390.2250491362377,1390.2250491362377
1993-03-16,1404.5,1404.5,243.10215044817332,243.10215044817332,1390.4551499755253,1390.4551499755253
1993-03-17,1404.5,1404.5,243.42105390907184,243.42105390907184,1391.0166840819097,1391.0166840819097
1993-03-18,1404.5,1404.5,243.7884470055368,243.7884470055368,1391.698649156903,1391.698649156903
1993-03-19,1404.5,1404.5,243.99032754441654,243.99032754441654,1392.0568064464749,1392.0568064464749
1993-03-20,1404.5,1404.5,244.1986067944016,244.1986067944016,1392.4541172231807,1392.4541172231807
1993-03-21,1404.5,1404.5,244.42011616514498,244.42011616514498,1392.9471265058462,1392.9471265058462
1993-03-22,1404.5,1404.5,244.6401380028789,244.6401380028789,1393.4654833133445,1393.4654833133445
1993-03-23,1404.5,1404.5,244.6767360053639,244.6767360053639,1394.0872771088361,1394.0872771088361
1993-03-24,1404.5,1404.5,244.9070207471586,244.9070207471586,1395.0631478820703,1395.0631478820703
1993-03-25,1404.5,1404.5,245.03432401145534,245.03432401145534,1396.267864416848,1396.267864416848
1993-03-26,1404.5,1404.5,245.1005124987018,245.1005124987018,1396.9699437358875,1396.9699437358875
1993-03-27,1404.5,1404.5,244.92888113042645,244.92888113042645,1397.3760848372463,1397.3760848372463
1993-03-28,1404.5,1404.5,244.69033638426134,244.69033638426134,1397.708134962778,1397.708134962778
1993-03-29,1404.5,1404.5,244.6804577288387,244.6804577288387,1398.0320199214436,1398.0320199214436
1993-03-30,1404.5,1404.5,244.72672727587107,244.72672727587107,1397.9075193260678,1397.9075193260678
1993-03-31,1404.5,1404.5,244.77744336010076,244.77744336010076,1397.3503883060866,1397.3503883060866
1993-04-01,1404.5,1404.5,244.95456349338025,244.95456349338025,1396.0007095261128,1396.0007095261128
1993-04-02,1404.5,1404.5,245.16856149011335,245.16856149011335,1392.5074651005211,1392.5074651005211
1993-04-03,1404.5,1404.5,245.78857659151777,245.78857659151777,1384.5646162885482,1384.5646162885482
1993-04-04,1404.5,1404.5,246.22389037471845,246.22389037471845,1377.8801687763714,1377.8801687763714
1993-04-05,1404.5,1404.5,246.06667004160713,246.06667004160713,1377.8801687763714,1377.8801687763714
1993-04-06,1404.5,1404.5,245.83031054795623,245.83031054795623,1378.3083711126244,1378.3083711126244
1993-04-07,1404.5,1404.5,245.57124283241,245.57124283241,1378.7041815832954,1378.7041815832954
1993-04-08,1404.5,1404.5,245.31516753245177,245.31516753245177,1379.1468672339704,1379.1468672339704
1993-04-09,1404.5,1404.5,245.0680464740772,245.0680464740772,1379.6904590321392,1379.6904590321392
1993-04-10,1404.5,1404.5,244.83852328042073,244.83852328042073,1380.3348329444684,1380.3348329444684
1993-04-11,1404.5,1404.5,244.60152510445783,244.60152510445783,1380.9428077498735,1380.9428077498735
1993-04-12,1404.5,1404.5,244.35647594783123,244.35647594783123,1381.5807032889832,1381.5807032889832
1993-04-13,1404.5,1404.5,244.10214638401854,244.10214638401854,1382.1946698739537,1382.1946698739537
1993-04-14,1404.5,1404.5,243.84966518428288,243.84966518428288,1382.896166054118,1382.896166054118
1993-04-15,1404.5,1404.5,243.6060465601026,243.6060465601026,1383.667865282405,1383.667865282405
1993-04-16,1404.5,1404.5,243.3709007628169,243.3709007628169,1384.4499603140036,1384.4499603140036
1993-04-17,1404.5,1404.5,243.1474454573297,243.1474454573297,1385.304855592252,1385.304855592252
1993-04-18,1404.5,1404.5,243.28971312816117,243.28971312816117,1386.0504748896444,1386.0504748896444
1993-04-19,1404.5,1404.5,243.3552068615347,243.3552068615347,1386.5829272996777,1386.5829272996777
1993-04-20,1404.5,1404.5,243.46419828458272,243.46419828458272,1386.578076571164,1386.578076571164
1993-04-21,1404.5,1404.5,243.64712359597135,243.64712359597135,1386.1542687276574,1386.1542687276574
1993-04-22,1404.5,1404.5,243.97949818692868,243.97949818692868,1384.8761653099004,1384.8761653099004
1993-04-23,1404.5,1404.5,244.5302534772669,244.5302534772669,1381.2106064423747,1381.2106064423747
1993-04-24,1404.5,1404.5,244.91273385641838,244.91273385641838,1377.8801687763714,1377.8801687763714
1993-04-25,1404.5,1404.5,244.63641792467777,244.63641792467777,1377.8801687763714,1377.8801687763714
1993-04-26,1404.5,1404.5,244.66176359227256,244.66176359227256,1377.8801687763714,1377.8801687763714
1993-04-27,1404.5,1404.5,244.61747215344352,244.61747215344352,1378.743233102,1378.743233102
1993-04-28,1404.5,1404.5,244.62572613067613,244.62572613067613,1379.6846485324768,1379.6846485324768
1993-04-29,1404.5,1404.5,244.74763938869557,244.74763938869557,1380.8425694756793,1380.8425694756793
1993-04-30,1404.5,1404.5,244.92881673047305,244.92881673047305,1382.2623731667848,1382.2623731667848
1993-05-01,1404.5,1404.5,245.10670596301168,245.10670596301168,1383.7575702372067,1383.7575702372067
1993-05-02,1404.5,1404.5,245.2632822957316,245.2632822957316,1384.9503950194112,1384.9503950194112
1993-05-03,1404.5,1404.5,245.4238355677766,245.4238355677766,1386.212674595889,1386.212674595889
1993-05-04,1404.5,1404.5,245.56403272986526,245.56403272986526,1387.426502277226,1387.426502277226
1993-05-05,1404.5,1404.5,245.63193279578775,245.63193279578775,1388.4454554676668,1388.4454554676668
1993-05-06,1404.5,1404.5,245.6670256012995,245.6670256012995,1389.3283128271335,1389.3283128271335
1993-05-07,1404.5,1404.5,245.71193256432386,245.71193256432386,1390.2248691074883,1390.2248691074883
1993-05-08,1404.5,1404.5,245.75615133367367,245.75615133367367,1391.0777140000637,1391.0777140000637
1993-05-09,1404.5,1404.5,245.8150835946738,245.8150835946738,1391.967486329418,1391.967486329418
1993-05-10,1404.5,1404.5,245.90281976287446,245.90281976287446,1392.9628786633546,1392.9628786633546
1993-05-11,1404.5,1404.5,246.09481856219506,246.09481856219506,1393.6334280323456,1393.6334280323456
1993-05-12,1404.5,1404.5,246.347888243311,246.347888243311,1393.969342333995,1393.969342333995
1993-05-13,1404.5,1404.5,246.62713750879917,246.62713750879917,1393.125618184228,1393.125618184228
1993-05-14,1404.5,1404.5,247.05812635824734,247.05812635824734,1390.2347211769927,1390.2347211769927
1993-05-15,1404.5,1404.5,247.88129839471586,247.88129839471586,1382.8893993063123,1382.8893993063123
1993-05-16,1404.5,1404.5,248.5065070669729,248.5065070669729,1377.8801687763714,1377.8801687763714
1993-05-17,1404.5,1404.5,248.79874577656597,248.79874577656597,1377.8801687763714,1377.8801687763714
1993-05-18,1404.5,1404.5,248.92785671099182,248.92785671099182,1380.0659452188397,1380.0659452188397
1993-05-19,1404.5,1404.5,249.0439392475671,249.0439392475671,1382.2573332762615,1382.2573332762615
1993-05-20,1404.5,1404.5,249.1561700274494,249.1561700274494,1384.315229811463,1384.315229811463
1993-05-21,1404.5,1404.5,249.26770844760517,249.26770844760517,1386.0733066017851,1386.0733066017851
1993-05-22,1404.5,1404.5,249.3486181858179,249.3486181858179,1387.3697522934,1387.3697522934
1993-05-23,1404.5,1404.5,249.42163653343542,249.42163653343542,1388.7174657989815,1388.7174657989815
1993-05-24,1404.5,1404.5,249.5038182832403,249.5038182832403,1390.0983231359398,1390.0983231359398
1993-05-25,1404.5,1404.5,249.62726969613882,249.62726969613882,1391.1723315856154,1391.1723315856154
1993-05-26,1404.5,1404.5,249.69682059956867,249.69682059956867,1392.1601180521304,1392.1601180521304
1993-05-27,1404.5,1404.5,249.71190843641097,249.71190843641097,1392.9637732018327,1392.9637732018327
1993-05-28,1404.5,1404.5,249.72777924527423,249.72777924527423,1393.7636021442843,1393.7636021442843
1993-05-29,1404.5,1404.5,249.73623047096822,249.73623047096822,1394.546347232719,1394.546347232719
1993-05-30,1404.5,1404.5,249.75276506702997,249.75276506702997,1395.4090454138795,1395.4090454138795
1993-05-31,1404.5,1404.5,249.7891403632949,249.7891403632949,1396.2427135487508,1396.2427135487508
1993-06-01,1404.5,1404.5,249.90556838697424,249.90556838697424,1397.2267462749758,1397.2267462749758
1993-06-02,1404.5,1404.5,249.92695256840187,249.92695256840187,1397.844070625606,1397.844070625606
1993-06-03,1404.5,1404.5,249.9438626872853,249.9438626872853,1398.4439281170173,1398.4439281170173
1993-06-04,1404.5,1404.5,249.95104719958601,249.95104719958601,1399.1076770186496,1399.1076770186496
1993-06-05,1404.5,1404.5,250.03292955130007,250.03292955130007,1399.8006729481826,1399.8006729481826
1993-06-06,1404.5,1404.5,250.10620504286825,250.10620504286825,1400.459922819822,1400.459922819822
1993-06-07,1404.5,1404.5,250.15944449553604,250.15944449553604,1401.0705451354947,1401.0705451354947
1993-06-08,1404.5,1404.5,250.19806974309012,250.19806974309012,1401.6654128026175,1401.6654128026175
1993-06-09,1404.5,1404.5,250.2339263298481,250.2339263298481,1402.2682439293271,1402.2682439293271
1993-06-10,1404.5,1404.5,250.27698847370644,250.27698847370644,1402.8924581174867,1402.8924581174867
1993-06-11,1404.5,1404.5,250.32761085581254,250.32761085581254,1403.5386152187903,1403.5386152187903
1993-06-12,1404.5,1404.5,250.39410637631337,250.39410637631337,1404.247234891604,1404.247234891604
1993-06-13,1404.5,1404.5,250.47189270399076,250.47189270399076,1404.987927261847,1404.987927261847
1993-06-14,1404.5,1404.5,250.55599963688348,250.55599963688348,1405.7978134975226,1405.7978134975226
1993-06-15,1404.5,1404.5,250.64620579762425,250.64620579762425,1406.5982659123276,1406.5982659123276
1993-06-16,1404.5,1404.5,250.72424547266758,250.72424547266758,1407.3712994603375,1407.3712994603375
1993-06-17,1404.5,1404.5,250.79975409845676,250.79975409845676,1408.1403240514308,1408.1403240514308
1993-06-18,1404.5,1404.5,250.85915069958054,250.85915069958054,1408.8829780389713,1408.8829780389713
1993-06-19,1404.5,1404.5,250.913483860451,250.913483860451,1409.5251397474299,1409.5251397474299
1993-06-20,1404.5,1404.5,250.95811921776607,250.95811921776607,1410.1683129091884,1410.1683129091884
1993-06-21,1404.5,1404.5,250.98665360031427,250.98665360031427,1410.798369710996,1410.798369710996
1993-06-22,1404.5,1404.5,251.00452566912986,251.00452566912986,1411.3989124847244,1411.3989124847244
1993-06-23,1404.5,1404.5,251.01579172969582,251.01579172969582,1411.9233892429297,1411.9233892429297
1993-06-24,1404.5,1404.5,251.0235082717416,251.0235082717416,1412.456322381105,1412.456322381105
1993-06-25,1404.5,1404.5,251.03425474934627,251.03425474934627,1412.9308017044902,1412.9308017044902
1993-06-26,1404.5,1404.5,251.0482661213543,251.0482661213543,1413.417308547633,1413.417308547633
1993-06-27,1404.5,1404.5,251.04965723375344,251.04965723375344,1413.8391065360918,1413.8391065360918
1993-06-28,1404.5,1404.5,251.10953894813542,251.10953894813542,1414.229968448349,1414.229968448349
1993-06-29,1404.5,1404.5,251.2094393922479,251.2094393922479,1414.57854335839,1414.57854335839
1993-06-30,1404.5,1404.5,251.28022297851726,251.28022297851726,1414.89333141727,1414.89333141727
1993-07-01,1404.5,1404.5,251.3496798203256,251.3496798203256,1415.2023834144127,1415.2023834144127
1993-07-02,1404.5,1404.5,251.38087905309422,251.38087905309422,1415.5231748689641,1415.5231748689641
1993-07-03,1404.5,1404.5,251.4102933106679,251.4102933106679,1415.7693723874986,1415.7693723874986
1993-07-04,1404.5,1404.5,251.43386778425594,251.43386778425594,1415.973153703345,1415.973153703345
1993-07-05,1404.5,1404.5,251.452821584089,251.452821584089,1416.1617735809723,1416.1617735809723
1993-07-06,1404.5,1404.5,251.45759810203333,251.45759810203333,1416.3475908731846,1416.3475908731846
1993-07-07,1404.5,1404.5,251.46224750726273,251.46224750726273,1416.540747721871,1416.540747721871
1993-07-08,1404.5,1404.5,251.46121609965203,251.46121609965203,1416.728794584364,1416.728794584364
1993-07-09,1404.5,1404.5,251.45630387698722,251.45630387698722,1416.9012488934966,1416.9012488934966
1993-07-10,1404.5,1404.5,251.44800803492132,251.44800803492132,1417.0706366694278,1417.0706366694278
1993-07-11,1404.5,1404.5,251.42346399927897,251.42346399927897,1417.2267880971788,1417.2267880971788
1993-07-12,1404.5,1404.5,251.39463804532548,251.39463804532548,1417.3708364231154,1417.3708364231154
1993-07-13,1404.5,1404.5,251.3514813639229,251.3514813639229,1417.5016090719075,1417.5016090719075
1993-07-14,1404.5,1404.5,251.2871066480598,251.2871066480598,1417.58259392679,1417.58259392679
1993-07-15,1404.5,1404.5,251.21942259725057,251.21942259725057,1417.657997073046,1417.657997073046
1993-07-16,1404.5,1404.5,251.1449565076055,251.1449565076055,1417.7869744270847,1417.7869744270847
1993-07-17,1404.5,1404.5,251.07929209257694,251.07929209257694,1417.844273679851,1417.844273679851
1993-07-18,1404.5,1404.5,251.01511275031402,251.01511275031402,1417.9105773913338,1417.9105773913338
1993-07-19,1404.5,1404.5,250.952389040638,250.952389040638,1417.9807275230617,1417.9807275230617
1993-07-20,1404.5,1404.5,250.82178282753134,250.82178282753134,1418.0512187567276,1418.0512187567276
1993-07-21,1404.5,1404.5,250.69239457711487,250.69239457711487,1418.1209842465094,1418.1209842465094
1993-07-22,1404.5,1404.5,250.5641534062212,250.5641534062212,1418.188201623696,1418.188201623696
1993-07-23,1404.5,1404.5,250.4321518374353,250.4321518374353,1418.2565066016402,1418.2565066016402
1993-07-24,1404.5,1404.5,250.3093163985119,250.3093163985119,1418.320043371989,1418.320043371989
1993-07-25,1404.5,1404.5,250.20591241812744,250.20591241812744,1418.3713291244849,1418.3713291244849
1993-07-26,1404.5,1404.5,250.10618559323788,250.10618559323788,1418.4237857227718,1418.4237857227718
1993-07-27,1404.5,1404.5,250.00579364533607,250.00579364533607,1418.4736265295924,1418.4736265295924
1993-07-28,1404.5,1404.5,249.90558055106663,249.90558055106663,1418.5211985124747,1418.5211985124747
1993-07-29,1404.5,1404.5,249.8072842744546,249.8072842744546,1418.5571155033158,1418.5571155033158
1993-07-30,1404.5,1404.5,249.69953868446743,249.69953868446743,1418.6478910228236,1418.6478910228236
1993-07-31,1404.5,1404.5,249.59763791428443,249.59763791428443,1418.665345196175,1418.665345196175
1993-08-01,1404.5,1404.5,249.49456463026235,249.49456463026235,1418.6800105455857,1418.6800105455857
1993-08-02,1404.5,1404.5,249.3846221724899,249.3846221724899,1418.6820790376435,1418.6820790376435
1993-08-03,1404.5,1404.5,249.27573932297855,249.27573932297855,1418.6828539594562,1418.6828539594562
1993-08-04,1404.5,1404.5,249.16783790152047,249.16783790152047,1418.6826145993668,1418.6826145993668
1993-08-05,1404.5,1404.5,249.0585119921338,249.0585119921338,1418.6812213131257,1418.6812213131257
1993-08-06,1404.5,1404.5,248.9482977409896,248.9482977409896,1418.6786741008893,1418.6786741008893
1993-08-07,1404.5,1404.5,248.8388036139512,248.8388036139512,1418.6734343944033,1418.6734343944033
1993-08-08,1404.5,1404.5,248.72866037721948,248.72866037721948,1418.6666561198192,1418.6666561198192
1993-08-09,1404.5,1404.5,248.61859588750679,248.61859588750679,1418.6564667508612,1418.6564667508612
1993-08-10,1404.5,1404.5,248.50969126535475,248.50969126535475,1418.6446881298803,1418.6446881298803
1993-08-11,1404.5,1404.5,248.40193886043642,248.40193886043642,1418.6317555827472,1418.6317555827472
1993-08-12,1404.5,1404.5,248.2952968455276,248.2952968455276,1418.6172844675161,1418.6172844675161
1993-08-13,1404.5,1404.5,248.1819479408327,248.1819479408327,1418.6622875852456,1418.6622875852456
1993-08-14,1404.5,1404.5,248.07757350895434,248.07757350895434,1418.6443546917155,1418.6443546917155
1993-08-15,1404.5,1404.5,247.97433405006416,247.97433405006416,1418.6248920282371,1418.6248920282371
1993-08-16,1404.5,1404.5,247.87214289063397,247.87214289063397,1418.602343430256,1418.602343430256
1993-08-17,1404.5,1404.5,247.77105066617398,247.77105066617398,1418.5786409062803,1418.5786409062803
1993-08-18,1404.5,1404.5,247.6710571889319,247.6710571889319,1418.553399814049,1418.553399814049
1993-08-19,1404.5,1404.5,247.57214979804544,247.57214979804544,1418.5263114023774,1418.5263114023774
1993-08-20,1404.5,1404.5,247.474317443969,247.474317443969,1418.4978812029478,1418.4978812029478
1993-08-21,1404.5,1404.5,247.3775481230187,247.3775481230187,1418.4672551223741,1418.4672551223741
1993-08-22,1404.5,1404.5,247.28037383468663,247.28037383468663,1418.4350904737023,1418.4350904737023
1993-08-23,1404.5,1404.5,247.18425774145192,247.18425774145192,1418.401579577827,1418.401579577827
1993-08-24,1404.5,1404.5,247.08918722977126,247.08918722977126,1418.366462171645,1418.366462171645
1993-08-25,1404.5,1404.5,246.9951523928428,246.9951523928428,1418.3300664606252,1418.3300664606252
1993-08-26,1404.5,1404.5,246.90214580188183,246.90214580188183,1418.2922603954896,1418.2922603954896
1993-08-27,1404.5,1404.5,246.79196500199038,246.79196500199038,1418.3153389174304,1418.3153389174304
1993-08-28,1404.5,1404.5,246.6913359127305,246.6913359127305,1418.2760842895395,1418.2760842895395
1993-08-29,1404.5,1404.5,246.59181606511112,246.59181606511112,1418.2358302766384,1418.2358302766384
1993-08-30,1404.5,1404.5,246.49339461787793,246.49339461787793,1418.1948099501367,1418.1948099501367
1993-08-31,1404.5,1404.5,246.39606166183674,246.39606166183674,1418.1529009935578,1418.1529009935578
1993-09-01,1404.5,1404.5,246.29980794412484,246.29980794412484,1418.1105304042287,1418.1105304042287
1993-09-02,1404.5,1404.5,246.20432778102528,246.20432778102528,1418.0906743004978,1418.0906743004978
1993-09-03,1404.5,1404.5,246.1081715113721,246.1081715113721,1418.0700027556843,1418.0700027556843
1993-09-04,1404.5,1404.5,246.01308159789588,246.01308159789588,1418.0485516697033,1418.0485516697033
1993-09-05,1404.5,1404.5,245.9190473366874,245.9190473366874,1418.0256774081295,1418.0256774081295
1993-09-06,1404.5,1404.5,245.8260589470837,245.8260589470837,1418.00137997112,1418.00137997112
1993-09-07,1404.5,1404.5,245.7341072462883,245.7341072462883,1417.976138878889,1417.976138878889
1993-09-08,1404.5,1404.5,245.64318285311805,245.64318285311805,1417.950088613797,1417.950088613797
1993-09-09,1404.5,1404.5,245.55327558380478,245.55327558380478,1417.9228696067853,1417.9228696067853
1993-09-10,1404.5,1404.5,245.45571547349812,245.45571547349812,1417.956118063976,1417.956118063976
1993-09-11,1404.5,1404.5,245.36781141505634,245.36781141505634,1417.9266125738402,1417.9266125738402
1993-09-12,1404.5,1404.5,245.2808942620441,245.2808942620441,1417.895907855305,1417.895907855305
1993-09-13,1404.5,1404.5,245.19495480268387,245.19495480268387,1417.8633585645302,1417.8633585645302
1993-09-14,1404.5,1404.5,245.10998420124892,245.10998420124892,1417.829827154418,1417.829827154418
1993-09-15,1404.5,1404.5,245.02989388752712,245.02989388752712,1417.795739295545,1417.795739295545
1993-09-16,1404.5,1404.5,244.95255016552267,244.95255016552267,1417.761117211564,1417.761117211564
1993-09-17,1404.5,1404.5,244.87609092180244,244.87609092180244,1417.7260036405212,1417.7260036405212
1993-09-18,1404.5,1404.5,244.80050784640076,244.80050784640076,1417.6906383427593,1417.6906383427593
1993-09-19,1404.5,1404.5,244.72579282024995,244.72579282024995,1417.6546272736853,1417.6546272736853
1993-09-20,1404.5,1404.5,244.65193716362285,244.65193716362285,1417.6183341338512,1417.6183341338512
1993-09-21,1404.5,1404.5,244.57893177407033,244.57893177407033,1417.5812922242053,1417.5812922242053
1993-09-22,1404.5,1404.5,244.5067679898388,244.5067679898388,1417.543550265982,1417.543550265982
1993-09-23,1404.5,1404.5,244.4354374602887,244.4354374602887,1417.5055604273412,1417.5055604273412
1993-09-24,1404.5,1404.5,244.3562724959568,244.3562724959568,1417.5282543071787,1417.5282543071787
1993-09-25,1404.5,1404.5,244.28658383878025,244.28658383878025,1417.4891661019092,1417.4891661019092
1993-09-26,1404.5,1404.5,244.2177036805681,244.2177036805681,1417.4493086125904,1417.4493086125904
1993-09-27,1404.5,1404.5,244.14962376441457,244.14962376441457,1417.4088023602872,1417.4088023602872
1993-09-28,1404.5,1404.5,244.08233599550204,244.08233599550204,1417.3674581013036,1417.3674581013036
1993-09-29,1404.5,1404.5,244.01587975417357,244.01587975417357,1417.3256405401758,1417.3256405401758
1993-09-30,1404.5,1404.5,243.95214631732534,243.95214631732534,1417.283090556607,1417.283090556607
1993-10-01,1404.5,1404.5,243.88916162924167,243.88916162924167,1417.24011951818,1417.24011951818
1993-10-02,1404.5,1404.5,243.82616319360852,243.82616319360852,1417.1944923982583,1417.1944923982583
1993-10-03,1404.5,1404.5,243.77052271081033,243.77052271081033,1417.1484806363908,1417.1484806363908
1993-10-04,1404.5,1404.5,243.71857167753913,243.71857167753913,1417.10208423242,1417.10208423242
1993-10-05,1404.5,1404.5,243.66730526945608,243.66730526945608,1417.0626278536322,1417.0626278536322
1993-10-06,1404.5,1404.5,243.61660216452407,243.61660216452407,1417.0200962787003,1417.0200962787003
1993-10-07,1404.5,1404.5,243.56651981734873,243.56651981734873,1416.9779309370774,1416.9779309370774
1993-10-08,1404.5,1404.5,243.50837039834545,243.50837039834545,1416.9925062756624,1416.9925062756624
1993-10-09,1404.5,1404.5,243.4559939216844,243.4559939216844,1416.9454650266996,1416.9454650266996
1993-10-10,1404.5,1404.5,243.40532230131936,243.40532230131936,1416.8982993386799,1416.8982993386799
1993-10-11,1404.5,1404.5,243.36720237097956,243.36720237097956,1416.9653723342117,1416.9653723342117
1993-10-12,1404.5,1404.5,243.3147543955445,243.3147543955445,1416.9760796682797,1416.9760796682797
1993-10-13,1404.5,1404.5,243.26432320481356,243.26432320481356,1416.931991116613,1416.931991116613
1993-10-14,1404.5,1404.5,243.21883966254177,243.21883966254177,1416.9544456363615,1416.9544456363615
1993-10-15,1404.5,1404.5,243.18293576925817,243.18293576925817,1417.0768667026769,1417.0768667026769
1993-10-16,1404.5,1404.5,243.15334645727654,243.15334645727654,1417.2152672201983,1417.2152672201983
1993-10-17,1404.5,1404.5,243.12012295586905,243.12012295586905,1417.2615695459365,1417.2615695459365
1993-10-18,1404.5,1404.5,243.07951074160468,243.07951074160468,1417.2637275246796,1417.2637275246796
1993-10-19,1404.5,1404.5,243.04118919467658,243.04118919467658,1417.2342553701005,1417.2342553701005
1993-10-20,1404.5,1404.5,243.00139511809226,243.00139511809226,1417.252094185555,1417.252094185555
1993-10-21,1404.5,1404.5,242.9627463551988,242.9627463551988,1417.2983949322106,1417.2983949322106
1993-10-22,1404.5,1404.5,242.92229875780404,242.92229875780404,1417.4178196280793,1417.4178196280793
1993-10-23,1404.5,1404.5,242.89337502619955,242.89337502619955,1417.4637551339333,1417.4637551339333
1993-10-24,1404.5,1404.5,242.87062982965398,242.87062982965398,1417.4976798822254,1417.4976798822254
1993-10-25,1404.5,1404.5,242.8488557502428,242.8488557502428,1417.5131961816362,1417.5131961816362
1993-10-26,1404.5,1404.5,242.82622357087993,242.82622357087993,1417.4698769140186,1417.4698769140186
1993-10-27,1404.5,1404.5,242.80230912175784,242.80230912175784,1417.423865152151,1417.423865152151
1993-10-28,1404.5,1404.5,242.7793400146516,242.7793400146516,1417.3770841062344,1417.3770841062344
1993-10-29,1404.5,1404.5,242.7580221665464,242.7580221665464,1417.3299184182147,1417.3299184182147
1993-10-30,1404.5,1404.5,242.7368360612386,242.7368360612386,1417.282752730195,1417.282752730195
1993-10-31,1404.5,1404.5,242.71659019756416,242.71659019756416,1417.2355870421752,1417.2355870421752
1993-11-01,1404.5,1404.5,242.69835702413184,242.69835702413184,1417.188341116988,1417.188341116988
1993-11-02,1404.5,1404.5,242.67300637379145,242.67300637379145,1417.1914182531839,1417.1914182531839
1993-11-03,1404.5,1404.5,242.64656749088692,242.64656749088692,1417.1947462809649,1417.1947462809649
1993-11-04,1404.5,1404.5,242.62088584722355,242.62088584722355,1417.1978234171609,1417.1978234171609
1993-11-05,1404.5,1404.5,242.59663777023997,242.59663777023997,1417.2009005533566,1417.2009005533566
1993-11-06,1404.5,1404.5,242.56941903976787,242.56941903976787,1417.2039776895526,1417.2039776895526
1993-11-07,1404.5,1404.5,242.5362299619859,242.5362299619859,1417.2069312741787,1417.2069312741787
1993-11-08,1404.5,1404.5,242.50428777658044,242.50428777658044,1417.209719346153,1417.209719346153
1993-11-09,1404.5,1404.5,242.47345940029368,242.47345940029368,1417.2126041614547,1417.2126041614547
1993-11-10,1404.5,1404.5,242.4419214708591,242.4419214708591,1417.2156812976505,1417.2156812976505
1993-11-11,1404.5,1404.5,242.4229201649792,242.4229201649792,1417.314918941854,1417.314918941854
1993-11-12,1404.5,1404.5,242.40949209608098,242.40949209608098,1417.4480050848413,1417.4480050848413
1993-11-13,1404.5,1404.5,242.38649468455782,242.38649468455782,1417.5033935374674,1417.5033935374674
1993-11-14,1404.5,1404.5,242.35488749441458,242.35488749441458,1417.5076245998155,1417.5076245998155
1993-11-15,1404.5,1404.5,242.32120416555392,242.32120416555392,1417.5114710200603,1417.5114710200603
1993-11-16,1404.5,1404.5,242.29019311183538,242.29019311183538,1417.5153174403051,1417.5153174403051
1993-11-17,1404.5,1404.5,242.2570022496779,242.2570022496779,1417.5398704232741,1417.5398704232741
1993-11-18,1404.5,1404.5,242.22290071470073,242.22290071470073,1417.5667044501479,1417.5667044501479
1993-11-19,1404.5,1404.5,242.1935923048084,242.1935923048084,1417.5932447503876,1417.5932447503876
1993-11-20,1404.5,1404.5,242.16313977972302,242.16313977972302,1417.635555373867,1417.635555373867
1993-11-21,1404.5,1404.5,242.1286894601691,242.1286894601691,1417.7017138033361,1417.7017138033361
1993-11-22,1404.5,1404.5,242.096010955672,242.096010955672,1417.7377815701607,1417.7377815701607
1993-11-23,1404.5,1404.5,242.06642297460945,242.06642297460945,1417.7839432762974,1417.7839432762974
1993-11-24,1404.5,1404.5,242.0383246686926,242.0383246686926,1417.801324822408,1417.801324822408
1993-11-25,1404.5,1404.5,242.00540806444374,242.00540806444374,1417.8056677806092,1417.8056677806092
1993-11-26,1404.5,1404.5,241.9745750125796,241.9745750125796,1417.8105608935655,1417.8105608935655
1993-11-27,1404.5,1404.5,241.94090417660263,241.94090417660263,1417.8144073138103,1417.8144073138103
1993-11-28,1404.5,1404.5,241.90511841621895,241.90511841621895,1417.821715512354,1417.821715512354
1993-11-29,1404.5,1404.5,241.87188700985524,241.87188700985524,1417.8479019418464,1417.8479019418464
1993-11-30,1404.5,1404.5,241.88453558714357,241.88453558714357,1418.080225729037,1418.080225729037
1993-12-01,1404.5,1404.5,241.87497821140335,241.87497821140335,1418.1994647589854,1418.1994647589854
1993-12-02,1404.5,1404.5,241.84312871024022,241.84312871024022,1418.2129272300783,1418.2129272300783
1993-12-03,1404.5,1404.5,241.81666330573012,241.81666330573012,1418.2544685695086,1418.2544685695086
1993-12-04,1404.5,1404.5,241.78498022373952,241.78498022373952,1418.3584658486066,1418.3584658486066
1993-12-05,1404.5,1404.5,241.7503142601573,241.7503142601573,1418.4242433583877,1418.4242433583877
1993-12-06,1404.5,1404.5,241.71503963951298,241.71503963951298,1418.4388597556324,1418.4388597556324
1993-12-07,1404.5,1404.5,241.68059935040318,241.68059935040318,1418.4465525962794,1418.4465525962794
1993-12-08,1404.5,1404.5,241.64737219335254,241.64737219335254,1418.4527068688283,1418.4527068688283
1993-12-09,1404.5,1404.5,241.624112651086,241.624112651086,1418.5165574461505,1418.5165574461505
1993-12-10,1404.5,1404.5,241.60048242394302,241.60048242394302,1418.5845242250216,1418.5845242250216
1993-12-11,1404.5,1404.5,241.59074465339842,241.59074465339842,1418.6479901602406,1418.6479901602406
1993-12-12,1404.5,1404.5,241.63140386865467,241.63140386865467,1418.8375988294933,1418.8375988294933
1993-12-13,1404.5,1404.5,241.64746599174353,241.64746599174353,1418.9736678094366,1418.9736678094366
1993-12-14,1404.5,1404.5,241.62251376038662,241.62251376038662,1418.9782835138876,1418.9782835138876
1993-12-15,1404.5,1404.5,241.6310681616034,241.6310681616034,1419.0662399795526,1419.0662399795526
1993-12-16,1404.5,1404.5,241.61487509965986,241.61487509965986,1419.0727788940474,1419.0727788940474
1993-12-17,1404.5,1404.5,241.59243354290635,241.59243354290635,1419.0773945984984,1419.0773945984984
1993-12-18,1404.5,1404.5,241.56574094573514,241.56574094573514,1419.083127005581,1419.083127005581
1993-12-19,1404.5,1404.5,241.53636396514074,241.53636396514074,1419.0908198462278,1419.0908198462278
1993-12-20,1404.5,1404.5,241.50770993813148,241.50770993813148,1419.1062055275215,1419.1062055275215
1993-12-21,1404.5,1404.5,241.47979158088566,241.47979158088566,1419.127368283934,1419.127368283934
1993-12-22,1404.5,1404.5,241.45658832471403,241.45658832471403,1419.1573703624726,1419.1573703624726
1993-12-23,1404.5,1404.5,241.43539753884443,241.43539753884443,1419.205450616398,1419.205450616398
1993-12-24,1404.5,1404.5,241.4195515266686,241.4195515266686,1419.2827636648128,1419.2827636648128
1993-12-25,1404.5,1404.5,241.40447282314,241.40447282314,1419.3900787917664,1419.3900787917664
1993-12-26,1404.5,1404.5,241.3900993515436,241.3900993515436,1419.4877778678722,1419.4877778678722
1993-12-27,1404.5,1404.5,241.37996348315792,241.37996348315792,1419.576630177179,1419.576630177179
1993-12-28,1404.5,1404.5,241.36514118995368,241.36514118995368,1419.6597128560397,1419.6597128560397
1993-12-29,1404.5,1404.5,241.34826483792872,241.34826483792872,1419.703562047617,1419.703562047617
1993-12-30,1404.5,1404.5,241.33164208642089,241.33164208642089,1419.7591167648618,1419.7591167648618
1993-12-31,1404.5,1404.5,241.3142537495327,241.3142537495327,1419.7933499057485,1419.7933499057485
1994-01-01,1404.5,1404.5,241.2971585838075,241.2971585838075,1419.8262231508386,1419.8262231508386
1994-01-02,1404.5,1404.5,241.28012209506232,241.28012209506232,1419.8366084857355,1419.8366084857355
1994-01-03,1404.5,1404.5,241.26434200090014,241.26434200090014,1419.8694287156943,1419.8694287156943
1994-01-04,1404.5,1404.5,241.33623817387505,241.33623817387505,1419.275077094814,1419.275077094814
1994-01-05,1404.5,1404.5,241.510668474775,241.510668474775,1418.0784511323732,1418.0784511323732
1994-01-06,1404.5,1404.5,241.8532524877186,241.8532524877186,1415.5658376842762,1415.5658376842762
1994-01-07,1404.5,1404.5,242.5555938240236,242.5555938240236,1410.2399015843935,1410.2399015843935
1994-01-08,1404.5,1404.5,243.97849078784827,243.97849078784827,1398.7332689714897,1398.7332689714897
1994-01-09,1404.5,1404.5,246.06056312496378,246.06056312496378,1377.8801687763714,1377.8801687763714
1994-01-10,1404.5,1404.5,245.57211170208862,245.57211170208862,1377.8801687763714,1377.8801687763714
1994-01-11,1404.5,1404.5,245.08038415388717,245.08038415388717,1377.9159033951098,1377.9159033951098
1994-01-12,1404.5,1404.5,244.58783323423492,244.58783323423492,1377.9599830472955,1377.9599830472955
1994-01-13,1404.5,1404.5,244.34973711319185,244.34973711319185,1378.0034329903037,1378.0034329903037
1994-01-14,1404.5,1404.5,244.32857378245546,244.32857378245546,1378.0670336313588,1378.0670336313588
1994-01-15,1404.5,1404.5,244.30571230408628,244.30571230408628,1378.1591004575148,1378.1591004575148
1994-01-16,1404.5,1404.5,244.28513351374525,244.28513351374525,1378.264525246671,1378.264525246671
1994-01-17,1404.5,1404.5,244.2634848615013,244.2634848615013,1378.3589816443587,1378.3589816443587
1994-01-18,1404.5,1404.5,244.24285792938613,244.24285792938613,1378.4502894953882,1378.4502894953882
1994-01-19,1404.5,1404.5,244.21963412776182,244.21963412776182,1378.5711936844389,1378.5711936844389
1994-01-20,1404.5,1404.5,244.19921972133855,244.19921972133855,1378.7468825842616,1378.7468825842616
1994-01-21,1404.5,1404.5,244.1782601587799,244.1782601587799,1378.9232011932615,1378.9232011932615
1994-01-22,1404.5,1404.5,244.16555502307594,244.16555502307594,1379.0585886967342,1379.0585886967342
1994-01-23,1404.5,1404.5,244.16079137109833,244.16079137109833,1379.1864196882784,1379.1864196882784
1994-01-24,1404.5,1404.5,244.1660000047342,244.1660000047342,1379.3766535804725,1379.3766535804725
1994-01-25,1404.5,1404.5,244.2154426282595,244.2154426282595,1379.5523424802955,1379.5523424802955
1994-01-26,1404.5,1404.5,244.2289606910761,244.2289606910761,1379.6140539935611,1379.6140539935611
1994-01-27,1404.5,1404.5,244.21094059646458,244.21094059646458,1379.6218128988567,1379.6218128988567
1994-01-28,1404.5,1404.5,244.19104387088765,244.19104387088765,1379.6394447596792,1379.6394447596792
1994-01-29,1404.5,1404.5,244.16918834763962,244.16918834763962,1379.6703005163122,1379.6703005163122
1994-01-30,1404.5,1404.5,244.1477079738177,244.1477079738177,1379.7273311286879,1379.7273311286879
1994-01-31,1404.5,1404.5,244.12705032792917,244.12705032792917,1379.7877832233419,1379.7877832233419
1994-02-01,1404.5,1404.5,244.10736489041136,244.10736489041136,1379.8570512482786,1379.8570512482786
1994-02-02,1404.5,1404.5,244.08397836963877,244.08397836963877,1379.9187627615443,1379.9187627615443
1994-02-03,1404.5,1404.5,244.05830189745353,244.05830189745353,1379.9798445653755,1379.9798445653755
1994-02-04,1404.5,1404.5,244.02961754951178,244.02961754951178,1380.039332240249,1380.039332240249
1994-02-05,1404.5,1404.5,243.9999174102943,243.9999174102943,1380.1098596837974,1380.1098596837974
1994-02-06,1404.5,1404.5,243.97186558968272,243.97186558968272,1380.176052911848,1380.176052911848
1994-02-07,1404.5,1404.5,243.98158991032778,243.98158991032778,1380.2922087522827,1380.2922087522827
1994-02-08,1404.5,1404.5,244.1326859980462,244.1326859980462,1380.4811215476582,1380.4811215476582
1994-02-09,1404.5,1404.5,244.20224989284628,244.20224989284628,1380.5774670733924,1380.5774670733924
1994-02-10,1404.5,1404.5,244.19721322515812,244.19721322515812,1380.609582248637,1380.609582248637
1994-02-11,1404.5,1404.5,244.20732054590775,244.20732054590775,1380.6864635160168,1380.6864635160168
1994-02-12,1404.5,1404.5,244.2061528256597,244.2061528256597,1380.7110221793334,1380.7110221793334
1994-02-13,1404.5,1404.5,244.1989247676835,244.1989247676835,1380.733243543228,1380.733243543228
1994-02-14,1404.5,1404.5,244.19307359912753,244.19307359912753,1380.7659884276497,1380.7659884276497
1994-02-15,1404.5,1404.5,244.18542051889963,244.18542051889963,1380.8186003575443,1380.8186003575443
1994-02-16,1404.5,1404.5,244.17879409888272,244.17879409888272,1380.9071227377763,1380.9071227377763
1994-02-17,1404.5,1404.5,244.22054758649847,244.22054758649847,1381.0601421020717,1381.0601421020717
1994-02-18,1404.5,1404.5,244.31283671031994,244.31283671031994,1381.301950480173,1381.301950480173
1994-02-19,1404.5,1404.5,244.32330733787614,244.32330733787614,1381.3317907595106,1381.3317907595106
1994-02-20,1404.5,1404.5,244.32422369767423,244.32422369767423,1381.344384945886,1381.344384945886
1994-02-21,1404.5,1404.5,244.3222985216712,244.3222985216712,1381.3569791322616,1381.3569791322616
1994-02-22,1404.5,1404.5,244.32835029870654,244.32835029870654,1381.3711334093375,1381.3711334093375
1994-02-23,1404.5,1404.5,244.32501165443193,244.32501165443193,1381.3876930626077,1381.3876930626077
1994-02-24,1404.5,1404.5,244.31737146475123,244.31737146475123,1381.4069247256455,1381.4069247256455
1994-02-25,1404.5,1404.5,244.31579633124565,244.31579633124565,1381.4483096758058,1381.4483096758058
1994-02-26,1404.5,1404.5,244.32273154591206,244.32273154591206,1381.5490631668101,1381.5490631668101
1994-02-27,1404.5,1404.5,244.33538560050826,244.33538560050826,1381.6894883447299,1381.6894883447299
1994-02-28,1404.5,1404.5,244.3363513748878,244.3363513748878,1381.8085034057342,1381.8085034057342
1994-03-01,1404.5,1404.5,244.33082638038167,244.33082638038167,1381.9061140230801,1381.9061140230801
1994-03-02,1404.5,1404.5,244.32757043474652,244.32757043474652,1382.0251290840843,1382.0251290840843
1994-03-03,1404.5,1404.5,244.3322192165485,244.3322192165485,1382.187594088097,1382.187594088097
1994-03-04,1404.5,1404.5,244.33883004663667,244.33883004663667,1382.366308177907,1382.366308177907
1994-03-05,1404.5,1404.5,244.34930590469702,244.34930590469702,1382.5401079496835,1382.5401079496835
1994-03-06,1404.5,1404.5,244.38232256882787,244.38232256882787,1382.830815749291,1382.830815749291
1994-03-07,1404.5,1404.5,244.37753125842912,244.37753125842912,1382.9315692402954,1382.9315692402954
1994-03-08,1404.5,1404.5,244.36370368374114,244.36370368374114,1383.0185481630083,1383.0185481630083
1994-03-09,1404.5,1404.5,244.35380005106802,244.35380005106802,1383.1659001434218,1383.1659001434218
1994-03-10,1404.5,1404.5,244.34408207606427,244.34408207606427,1383.330254275481,1383.330254275481
1994-03-11,1404.5,1404.5,244.32826304402047,244.32826304402047,1383.4447915679114,1383.4447915679114
1994-03-12,1404.5,1404.5,244.30635609039035,244.30635609039035,1383.5266537792236,1383.5266537792236
1994-03-13,1404.5,1404.5,244.2844034844532,244.2844034844532,1383.6614115732616,1383.6614115732616
1994-03-14,1404.5,1404.5,244.2660689365074,244.2660689365074,1383.8618614476482,1383.8618614476482
1994-03-15,1404.5,1404.5,244.25079576058295,244.25079576058295,1384.1112997975924,1384.1112997975924
1994-03-16,1404.5,1404.5,244.23787690627293,244.23787690627293,1384.403050846563,1384.403050846563
1994-03-17,1404.5,1404.5,244.22352245306655,244.22352245306655,1384.7290312279074,1384.7290312279074
1994-03-18,1404.5,1404.5,244.19603845631806,244.19603845631806,1384.8967495752333,1384.8967495752333
1994-03-19,1404.5,1404.5,244.1668086221247,244.1668086221247,1385.0213995354259,1385.0213995354259
1994-03-20,1404.5,1404.5,244.13266106412328,244.13266106412328,1385.1441088910963,1385.1441088910963
1994-03-21,1404.5,1404.5,244.097239785526,244.097239785526,1385.231833226285,1385.231833226285
1994-03-22,1404.5,1404.5,244.06362000866002,244.06362000866002,1385.3269053397444,1385.3269053397444
1994-03-23,1404.5,1404.5,244.02986457680973,244.02986457680973,1385.4175554945223,1385.4175554945223
1994-03-24,1404.5,1404.5,243.99238787779973,243.99238787779973,1385.5026782007221,1385.5026782007221
1994-03-25,1404.5,1404.5,243.96057876800944,243.96057876800944,1385.5977503141814,1385.5977503141814
1994-03-26,1404.5,1404.5,243.92357672768554,243.92357672768554,1385.7005608555592,1385.7005608555592
1994-03-27,1404.5,1404.5,243.88163584833256,243.88163584833256,1385.7943371794556,1385.7943371794556
1994-03-28,1404.5,1404.5,243.8401110042946,243.8401110042946,1385.9011556883297,1385.9011556883297
1994-03-29,1404.5,1404.5,243.80156673595337,243.80156673595337,1386.0875162876778,1386.0875162876778
1994-03-30,1404.5,1404.5,243.76256118926707,243.76256118926707,1386.319116378026,1386.319116378026
1994-03-31,1404.5,1404.5,243.72690887183992,243.72690887183992,1386.5996014820407,1386.5996014820407
1994-04-01,1404.5,1404.5,243.69083037800706,243.69083037800706,1386.955167166578,1386.955167166578
1994-04-02,1404.5,1404.5,243.62478087864739,243.62478087864739,1387.2735481977445,1387.2735481977445
1994-04-03,1404.5,1404.5,243.54021974561897,243.54021974561897,1387.4078819452147,1387.4078819452147
1994-04-04,1404.5,1404.5,243.4650782962641,243.4650782962641,1387.5817788237148,1387.5817788237148
1994-04-05,1404.5,1404.5,243.37477240842802,243.37477240842802,1387.6534346554815,1387.6534346554815
1994-04-06,1404.5,1404.5,243.29386104172735,243.29386104172735,1387.759863163115,1387.759863163115
1994-04-07,1404.5,1404.5,243.20236015256722,243.20236015256722,1387.8609652203334,1387.8609652203334
1994-04-08,1404.5,1404.5,243.1160571769823,243.1160571769823,1387.9333747952112,1387.9333747952112
1994-04-09,1404.5,1404.5,243.0653027184966,243.0653027184966,1388.1642630171407,1388.1642630171407
1994-04-10,1404.5,1404.5,242.9974095908117,242.9974095908117,1388.2853811376556,1388.2853811376556
1994-04-11,1404.5,1404.5,242.92309260919353,242.92309260919353,1388.383103913937,1388.383103913937
1994-04-12,1404.5,1404.5,242.84233770553908,242.84233770553908,1388.5000890106296,1388.5000890106296
1994-04-13,1404.5,1404.5,242.76327164395323,242.76327164395323,1388.674203636989,1388.674203636989
1994-04-14,1404.5,1404.5,242.68221608612805,242.68221608612805,1388.9569745002445,1388.9569745002445
1994-04-15,1404.5,1404.5,242.61418194842915,242.61418194842915,1389.3222383443372,1389.3222383443372
1994-04-16,1404.5,1404.5,242.54345605002646,242.54345605002646,1389.8037461043964,1389.8037461043964
1994-04-17,1404.5,1404.5,242.48164410244502,242.48164410244502,1390.3409388092844,1390.3409388092844
1994-04-18,1404.5,1404.5,242.39196295730022,242.39196295730022,1390.86802446299,1390.86802446299
1994-04-19,1404.5,1404.5,242.30669156257096,242.30669156257096,1391.4994291522441,1391.4994291522441
1994-04-20,1404.5,1404.5,242.206738483001,242.206738483001,1392.0529689154616,1392.0529689154616
1994-04-21,1404.5,1404.5,242.11266406963213,242.11266406963213,1392.6040130079164,1392.6040130079164
1994-04-22,1404.5,1404.5,242.00857885932948,242.00857885932948,1393.1736990043512,1393.1736990043512
1994-04-23,1404.5,1404.5,241.90829908230637,241.90829908230637,1393.7002855238227,1393.7002855238227
1994-04-24,1404.5,1404.5,241.83081354598136,241.83081354598136,1394.200054927067,1394.200054927067
1994-04-25,1404.5,1404.5,241.76498609878982,241.76498609878982,1394.6490563381103,1394.6490563381103
1994-04-26,1404.5,1404.5,241.73001536813047,241.73001536813047,1395.105847266766,1395.105847266766
1994-04-27,1404.5,1404.5,241.65666800088644,241.65666800088644,1395.5345127428295,1395.5345127428295
1994-04-28,1404.5,1404.5,241.56597291441938,241.56597291441938,1395.9492327134817,1395.9492327134817
1994-04-29,1404.5,1404.5,241.46085244060347,241.46085244060347,1396.314036539073,1396.314036539073
1994-04-30,1404.5,1404.5,241.3635553119735,241.3635553119735,1396.6755719900486,1396.6755719900486
1994-05-01,1404.5,1404.5,241.27828587051286,241.27828587051286,1397.0702835868572,1397.0702835868572
1994-05-02,1404.5,1404.5,241.1921012289181,241.1921012289181,1397.5227309492552,1397.5227309492552
1994-05-03,1404.5,1404.5,241.10178887137883,241.10178887137883,1398.0064696049512,1398.0064696049512
1994-05-04,1404.5,1404.5,241.01410961796714,241.01410961796714,1398.4915329385015,1398.4915329385015
1994-05-05,1404.5,1404.5,240.92377605702035,240.92377605702035,1399.0027631183252,1399.0027631183252
1994-05-06,1404.5,1404.5,240.82106455464168,240.82106455464168,1399.48909765331,1399.48909765331
1994-05-07,1404.5,1404.5,240.71891174958415,240.71891174958415,1399.9838700596474,1399.9838700596474
1994-05-08,1404.5,1404.5,240.61374049467523,240.61374049467523,1400.4383976905835,1400.4383976905835
1994-05-09,1404.5,1404.5,240.5119236950639,240.5119236950639,1400.887494381386,1400.887494381386
1994-05-10,1404.5,1404.5,240.85387820662112,240.85387820662112,1397.9199179485918,1397.9199179485918
1994-05-11,1404.5,1404.5,241.583648982857,241.583648982857,1391.0824124033054,1391.0824124033054
1994-05-12,1404.5,1404.5,242.79330364528596,242.79330364528596,1377.8801687763714,1377.8801687763714
1994-05-13,1404.5,1404.5,242.74886813420778,242.74886813420778,1377.8801687763714,1377.8801687763714
1994-05-14,1404.5,1404.5,242.70071049602493,242.70071049602493,1377.8801687763714,1377.8801687763714
1994-05-15,1404.5,1404.5,242.65033515662103,242.65033515662103,1377.8801687763714,1377.8801687763714
1994-05-16,1404.5,1404.5,242.6038256480183,242.6038256480183,1377.8801687763714,1377.8801687763714
1994-05-17,1404.5,1404.5,242.49689088824869,242.49689088824869,1378.435287640557,1378.435287640557
1994-05-18,1404.5,1404.5,242.4338772832607,242.4338772832607,1378.9582392540296,1378.9582392540296
1994-05-19,1404.5,1404.5,242.39042142152115,242.39042142152115,1379.4762536510464,1379.4762536510464
1994-05-20,1404.5,1404.5,242.3061392491313,242.3061392491313,1379.9411309228396,1379.9411309228396
1994-05-21,1404.5,1404.5,242.22102922812041,242.22102922812041,1380.3886644118438,1380.3886644118438
1994-05-22,1404.5,1404.5,242.13252174836776,242.13252174836776,1380.9188272126414,1380.9188272126414
1994-05-23,1404.5,1404.5,242.05356149468747,242.05356149468747,1381.5140986329197,1381.5140986329197
1994-05-24,1404.5,1404.5,241.96797443556474,241.96797443556474,1382.029039826772,1382.029039826772
1994-05-25,1404.5,1404.5,241.87386260160648,241.87386260160648,1382.5036903347932,1382.5036903347932
1994-05-26,1404.5,1404.5,241.78246254992465,241.78246254992465,1382.9784911604556,1382.9784911604556
1994-05-27,1404.5,1404.5,241.69346595773004,241.69346595773004,1383.4408237418354,1383.4408237418354
1994-05-28,1404.5,1404.5,241.59951127890844,241.59951127890844,1383.8738320919406,1383.8738320919406
1994-05-29,1404.5,1404.5,241.50385749271527,241.50385749271527,1384.242278514337,1384.242278514337
1994-05-30,1404.5,1404.5,241.41173375154295,241.41173375154295,1384.5922622863334,1384.5922622863334
1994-05-31,1404.5,1404.5,241.32434452087787,241.32434452087787,1384.9642595675296,1384.9642595675296
1994-06-01,1404.5,1404.5,241.23391016407365,241.23391016407365,1385.3046988462,1385.3046988462
1994-06-02,1404.5,1404.5,241.1372718865362,241.1372718865362,1385.6058936051718,1385.6058936051718
1994-06-03,1404.5,1404.5,241.08780029669762,241.08780029669762,1385.9167449840545,1385.9167449840545
1994-06-04,1404.5,1404.5,241.03349395672805,241.03349395672805,1386.2866190551954,1386.2866190551954
1994-06-05,1404.5,1404.5,240.98860722044077,240.98860722044077,1386.5229249191225,1386.5229249191225
1994-06-06,1404.5,1404.5,240.93959796956258,240.93959796956258,1386.7192576158943,1386.7192576158943
1994-06-07,1404.5,1404.5,240.8875745890859,240.8875745890859,1386.9062941492105,1386.9062941492105
1994-06-08,1404.5,1404.5,240.83021987365794,240.83021987365794,1387.0878032341748,1387.0878032341748
1994-06-09,1404.5,1404.5,240.74616062364208,240.74616062364208,1387.2611678749945,1387.2611678749945
1994-06-10,1404.5,1404.5,240.6508544089296,240.6508544089296,1387.4200144213773,1387.4200144213773
1994-06-11,1404.5,1404.5,240.55978575253184,240.55978575253184,1387.5777152784121,1387.5777152784121
1994-06-12,1404.5,1404.5,240.47178055841965,240.47178055841965,1387.7103670789543,1387.7103670789543
1994-06-13,1404.5,1404.5,240.37576313114735,240.37576313114735,1387.8172556097,1387.8172556097
1994-06-14,1404.5,1404.5,240.2861050691738,240.2861050691738,1387.9085607557902,1387.9085607557902
1994-06-15,1404.5,1404.5,240.18483903093446,240.18483903093446,1387.9861538097064,1387.9861538097064
1994-06-16,1404.5,1404.5,240.06215014565868,240.06215014565868,1388.04790955133,1388.04790955133
1994-06-17,1404.5,1404.5,239.92638601220426,239.92638601220426,1388.0956831933165,1388.0956831933165
1994-06-18,1404.5,1404.5,239.7859153730756,239.7859153730756,1388.221709018224,1388.221709018224
1994-06-19,1404.5,1404.5,239.64962333537835,239.64962333537835,1388.2471423884697,1388.2471423884697
1994-06-20,1404.5,1404.5,239.52050575001425,239.52050575001425,1388.2638624900228,1388.2638624900228
1994-06-21,1404.5,1404.5,239.38333354742502,239.38333354742502,1388.274080302224,1388.274080302224
1994-06-22,1404.5,1404.5,239.2399937060013,239.2399937060013,1388.2707059511886,1388.2707059511886
1994-06-23,1404.5,1404.5,239.09266947446184,239.09266947446184,1388.2609653195639,1388.2609653195639
1994-06-24,1404.5,1404.5,238.9368370845801,238.9368370845801,1388.2332172658541,1388.2332172658541
1994-06-25,1404.5,1404.5,238.7813228451799,238.7813228451799,1388.201070033122,1388.201070033122
1994-06-26,1404.5,1404.5,238.62327625614913,238.62327625614913,1388.1608145360235,1388.1608145360235
1994-06-27,1404.5,1404.5,238.46548045047567,238.46548045047567,1388.115145489321,1388.115145489321
1994-06-28,1404.5,1404.5,238.31735205800774,238.31735205800774,1388.065754627252,1388.065754627252
1994-06-29,1404.5,1404.5,238.16315584558538,238.16315584558538,1388.0128998975792,1388.0128998975792
1994-06-30,1404.5,1404.5,238.01584943522604,238.01584943522604,1387.955623209225,1387.955623209225
1994-07-01,1404.5,1404.5,237.86532562069968,237.86532562069968,1387.8933718172414,1387.8933718172414
1994-07-02,1404.5,1404.5,237.69962778159666,237.69962778159666,1387.9345994936782,1387.9345994936782
1994-07-03,1404.5,1404.5,237.54813200646342,237.54813200646342,1387.886166722687,1387.886166722687
1994-07-04,1404.5,1404.5,237.40293157670396,237.40293157670396,1387.8360757173032,1387.8360757173032
1994-07-05,1404.5,1404.5,237.26159882597648,237.26159882597648,1387.785188770138,1387.785188770138
1994-07-06,1404.5,1404.5,237.13326694939929,237.13326694939929,1387.733227401506,1387.733227401506
1994-07-07,1404.5,1404.5,236.99074828818127,236.99074828818127,1387.680463769459,1387.680463769459
1994-07-08,1404.5,1404.5,236.84578035882495,236.84578035882495,1387.6270562948382,1387.6270562948382
1994-07-09,1404.5,1404.5,236.69232555704866,236.69232555704866,1387.572543330547,1387.572543330547
1994-07-10,1404.5,1404.5,236.53723392612167,236.53723392612167,1387.5169248765853,1387.5169248765853
1994-07-11,1404.5,1404.5,236.37619572072506,236.37619572072506,1387.4601224248236,1387.4601224248236
1994-07-12,1404.5,1404.5,236.2168559475733,236.2168559475733,1387.4016891326398,1387.4016891326398
1994-07-13,1404.5,1404.5,236.0604689764064,236.0604689764064,1387.3416487199968,1387.3416487199968
1994-07-14,1404.5,1404.5,235.90689067543687,235.90689067543687,1387.2799500727351,1387.2799500727351
1994-07-15,1404.5,1404.5,235.75493976585676,235.75493976585676,1387.2165931910808,1387.2165931910808
1994-07-16,1404.5,1404.5,235.59430973732054,235.59430973732054,1387.2392557296623,1387.2392557296623
1994-07-17,1404.5,1404.5,235.4412107525915,235.4412107525915,1387.172582378771,1387.172582378771
1994-07-18,1404.5,1404.5,235.28563378878818,235.28563378878818,1387.1045011225763,1387.1045011225763
1994-07-19,1404.5,1404.5,235.12248497432626,235.12248497432626,1387.034647624796,1387.034647624796
1994-07-20,1404.5,1404.5,234.96106531340487,234.96106531340487,1386.962999570275,1386.962999570275
1994-07-21,1404.5,1404.5,234.8013596322845,234.8013596322845,1386.8885877916912,1386.8885877916912
1994-07-22,1404.5,1404.5,234.63817038413436,234.63817038413436,1386.813070523437,1386.813070523437
1994-07-23,1404.5,1404.5,234.4655768237635,234.4655768237635,1386.7358950205644,1386.7358950205644
1994-07-24,1404.5,1404.5,234.29482316365068,234.29482316365068,1386.657061283073,1386.657061283073
1994-07-25,1404.5,1404.5,234.1250509913674,234.1250509913674,1386.5771220559116,1386.5771220559116
1994-07-26,1404.5,1404.5,233.95709192382097,233.95709192382097,1386.4960773390794,1386.4960773390794
1994-07-27,1404.5,1404.5,233.78890770581623,233.78890770581623,1386.4143495528326,1386.4143495528326
1994-07-28,1404.5,1404.5,233.61905312633826,233.61905312633826,1386.331646601382,1386.331646601382
1994-07-29,1404.5,1404.5,233.45015789129744,233.45015789129744,1386.2478381602612,1386.2478381602612
1994-07-30,1404.5,1404.5,233.26941895657322,233.26941895657322,1386.2513295408983,1386.2513295408983
1994-07-31,1404.5,1404.5,233.09572010970865,233.09572010970865,1386.1662874468477,1386.1662874468477
1994-08-01,1404.5,1404.5,232.92387764055513,232.92387764055513,1386.0808207713344,1386.0808207713344
1994-08-02,1404.5,1404.5,232.76306976922106,232.76306976922106,1386.0127043043578,1386.0127043043578
1994-08-03,1404.5,1404.5,232.60400309763227,232.60400309763227,1385.9434294326961,1385.9434294326961
1994-08-04,1404.5,1404.5,232.44194314650616,232.44194314650616,1385.872647399242,1385.872647399242
1994-08-05,1404.5,1404.5,232.28163862572694,232.28163862572694,1385.8004465999988,1385.8004465999988
1994-08-06,1404.5,1404.5,232.1230726498289,232.1230726498289,1385.7271403110853,1385.7271403110853
1994-08-07,1404.5,1404.5,231.96348598341785,231.96348598341785,1385.6527285325017,1385.6527285325017
1994-08-08,1404.5,1404.5,231.80525324278634,231.80525324278634,1385.5772112642474,1385.5772112642474
1994-08-09,1404.5,1404.5,231.64486411790503,231.64486411790503,1385.5005885060968,1385.5005885060968
1994-08-10,1404.5,1404.5,231.48621723487943,231.48621723487943,1385.4231978487685,1385.4231978487685
1994-08-11,1404.5,1404.5,231.33100272554506,231.33100272554506,1385.345224999307,1385.345224999307
1994-08-12,1404.5,1404.5,231.17747969697635,231.17747969697635,1385.2664904640824,1385.2664904640824
1994-08-13,1404.5,1404.5,231.0133407679709,231.0133407679709,1385.2753343816712,1385.2753343816712
1994-08-14,1404.5,1404.5,230.86184342838183,230.86184342838183,1385.1959478994577,1385.1959478994577
1994-08-15,1404.5,1404.5,230.71200139112995,230.71200139112995,1385.1160086722962,1385.1160086722962
1994-08-16,1404.5,1404.5,230.5615399337718,230.5615399337718,1385.0355167004122,1385.0355167004122
1994-08-17,1404.5,1404.5,230.41272394690347,230.41272394690347,1384.9542507234767,1384.9542507234767
1994-08-18,1404.5,1404.5,230.26425496055018,230.26425496055018,1384.8721005169741,1384.8721005169741
1994-08-19,1404.5,1404.5,230.11741197547943,230.11741197547943,1384.7893975655238,1384.7893975655238
1994-08-20,1404.5,1404.5,229.97080375318896,229.97080375318896,1384.7066946140733,1384.7066946140733
1994-08-21,1404.5,1404.5,229.8299175554654,229.8299175554654,1384.6234389179006,1384.6234389179006
1994-08-22,1404.5,1404.5,229.6905820816347,229.6905820816347,1384.5396304767796,1384.5396304767796
1994-08-23,1404.5,1404.5,229.5555432781136,229.5555432781136,1384.4557201103069,1384.4557201103069
1994-08-24,1404.5,1404.5,229.42770430361068,229.42770430361068,1384.3713589244637,1384.3713589244637
1994-08-25,1404.5,1404.5,229.30907027681334,229.30907027681334,1384.2866182915095,1384.2866182915095
1994-08-26,1404.5,1404.5,229.1917647466592,229.1917647466592,1384.2017043607182,1384.2017043607182
1994-08-27,1404.5,1404.5,229.06510141619745,229.06510141619745,1384.2044680850072,1384.2044680850072
1994-08-28,1404.5,1404.5,228.95041321386947,228.95041321386947,1384.1190014094936,1384.1190014094936
1994-08-29,1404.5,1404.5,228.82960697802955,228.82960697802955,1384.03353473398,1384.03353473398
1994-08-30,1404.5,1404.5,228.70522421669514,228.70522421669514,1383.9480680584668,1383.9480680584668
1994-08-31,1404.5,1404.5,228.58021543002263,228.58021543002263,1383.862048638005,1383.862048638005
1994-09-01,1404.5,1404.5,228.44560327995933,228.44560327995933,1383.7720618044798,1383.7720618044798
1994-09-02,1404.5,1404.5,228.31208718137626,228.31208718137626,1383.6843930687683,1383.6843930687683
1994-09-03,1404.5,1404.5,228.19213831041318,228.19213831041318,1383.5964716097994,1383.5964716097994
1994-09-04,1404.5,1404.5,228.08136140951245,228.08136140951245,1383.507920441396,1383.507920441396
1994-09-05,1404.5,1404.5,227.9762506835419,227.9762506835419,1383.418739563815,1383.418739563815
1994-09-06,1404.5,1404.5,227.87943813261518,227.87943813261518,1383.3289289767997,1383.3289289767997
1994-09-07,1404.5,1404.5,227.78476450304947,227.78476450304947,1383.238788842046,1383.238788842046
1994-09-08,1404.5,1404.5,227.69318670495446,227.69318670495446,1383.1483485458534,1383.1483485458534
1994-09-09,1404.5,1404.5,227.60637910135128,227.60637910135128,1383.0577277329014,1383.0577277329014
1994-09-10,1404.5,1404.5,227.50871265145065,227.50871265145065,1383.0671733726188,1383.0671733726188
1994-09-11,1404.5,1404.5,227.42393993762835,227.42393993762835,1382.9761033669915,1382.9761033669915
1994-09-12,1404.5,1404.5,227.34206116388648,227.34206116388648,1382.8850333613643,1382.8850333613643
1994-09-13,1404.5,1404.5,227.26177962452508,227.26177962452508,1382.8043585971254,1382.8043585971254
1994-09-14,1404.5,1404.5,227.1817282034616,227.1817282034616,1382.719951032861,1382.719951032861
1994-09-15,1404.5,1404.5,227.09842079579747,227.09842079579747,1382.628881027234,1382.628881027234
1994-09-16,1404.5,1404.5,227.01610092508773,227.01610092508773,1382.5371813124295,1382.5371813124295
1994-09-17,1404.5,1404.5,226.9393744308888,226.9393744308888,1382.445166742908,1382.445166742908
1994-09-18,1404.5,1404.5,226.87055600720876,226.87055600720876,1382.3522076094916,1382.3522076094916
1994-09-19,1404.5,1404.5,226.80701694240517,226.80701694240517,1382.2611376038644,1382.2611376038644
1994-09-20,1404.5,1404.5,226.74938609054416,226.74938609054416,1382.1716418715664,1382.1716418715664
1994-09-21,1404.5,1404.5,226.69248531099583,226.69248531099583,1382.0793124473275,1382.0793124473275
1994-09-22,1404.5,1404.5,226.63770689059183,226.63770689059183,1381.984464185865,1381.984464185865
1994-09-23,1404.5,1404.5,226.5836306684125,226.5836306684125,1381.8896159244023,1381.8896159244023
1994-09-24,1404.5,1404.5,226.52635155338774,226.52635155338774,1382.0308849127482,1382.0308849127482
1994-09-25,1404.5,1404.5,226.4768396719794,226.4768396719794,1381.949890256273,1381.949890256273
1994-09-26,1404.5,1404.5,226.42830040699246,226.42830040699246,1381.853152866764,1381.853152866764
1994-09-27,1404.5,1404.5,226.3810136027791,226.3810136027791,1381.7557857680777,1381.7557857680777
1994-09-28,1404.5,1404.5,226.33570511524866,226.33570511524866,1381.7506752825054,1381.7506752825054
1994-09-29,1404.5,1404.5,226.300753946959,226.300753946959,1381.8315159208655,1381.8315159208655
1994-09-30,1404.5,1404.5,226.26315353719383,226.26315353719383,1381.8625087694325,1381.8625087694325
1994-10-01,1404.5,1404.5,226.20886664402485,226.20886664402485,1381.7651416707463,1381.7651416707463
1994-10-02,1404.5,1404.5,226.12009157721238,226.12009157721238,1381.6721825373302,1381.6721825373302
1994-10-03,1404.5,1404.5,226.03234862590008,226.03234862590008,1381.5788834346988,1381.5788834346988
1994-10-04,1404.5,1404.5,225.97545287278103,225.97545287278103,1381.7821059551939,1381.7821059551939
1994-10-05,1404.5,1404.5,226.01524965002176,226.01524965002176,1382.4515375550773,1382.4515375550773
1994-10-06,1404.5,1404.5,226.01027792052994,226.01027792052994,1382.668230315121,1382.668230315121
1994-10-07,1404.5,1404.5,225.9344238813547,225.9344238813547,1382.708769557131,1382.708769557131
1994-10-08,1404.5,1404.5,225.85169013792586,225.85169013792586,1383.0301617437808,1383.0301617437808
1994-10-09,1404.5,1404.5,225.77564926930202,225.77564926930202,1383.273833393103,1383.273833393103
1994-10-10,1404.5,1404.5,225.7031276148539,225.7031276148539,1383.4727749982014,1383.4727749982014
1994-10-11,1404.5,1404.5,225.6447660298428,225.6447660298428,1383.5391323221397,1383.5391323221397
1994-10-12,1404.5,1404.5,225.59351907082734,225.59351907082734,1383.5439513491328,1383.5439513491328
1994-10-13,1404.5,1404.5,225.5468236467179,225.5468236467179,1383.4705132045858,1383.4705132045858
1994-10-14,1404.5,1404.5,225.4985763559704,225.4985763559704,1383.398080822119,1383.398080822119
1994-10-15,1404.5,1404.5,225.44000302281526,225.44000302281526,1383.3321991892428,1383.3321991892428
1994-10-16,1404.5,1404.5,225.38486428455673,225.38486428455673,1383.2644284283203,1383.2644284283203
1994-10-17,1404.5,1404.5,225.36259996220633,225.36259996220633,1383.195398248786,1383.195398248786
1994-10-18,1404.5,1404.5,225.3463746636637,225.3463746636637,1383.1268398895809,1383.1268398895809
1994-10-19,1404.5,1404.5,225.33013751021053,225.33013751021053,1383.0586540007512,1383.0586540007512
1994-10-20,1404.5,1404.5,225.31803007720416,225.31803007720416,1382.9908832398287,1382.9908832398287
1994-10-21,1404.5,1404.5,225.3039441682006,225.3039441682006,1382.9243718977752,1382.9243718977752
1994-10-22,1404.5,1404.5,225.271717120428,225.271717120428,1382.9587867122773,1382.9587867122773
1994-10-23,1404.5,1404.5,225.25472617170445,225.25472617170445,1382.8929050794013,1382.8929050794013
1994-10-24,1404.5,1404.5,225.2366347339223,225.2366347339223,1382.8270234465251,1382.8270234465251
1994-10-25,1404.5,1404.5,225.22089076815647,225.22089076815647,1382.7607591869023,1382.7607591869023
1994-10-26,1404.5,1404.5,225.20569767688468,225.20569767688468,1382.693824960676,1382.693824960676
1994-10-27,1404.5,1404.5,225.19422690008687,225.19422690008687,1382.6260541997533,1382.6260541997533
1994-10-28,1404.5,1404.5,225.18487517375905,225.18487517375905,1382.5582834388308,1382.5582834388308
1994-10-29,1404.5,1404.5,225.1684467888786,225.1684467888786,1382.4905126779083,1382.4905126779083
1994-10-30,1404.5,1404.5,225.15065514632303,225.15065514632303,1382.4227419169858,1382.4227419169858
1994-10-31,1404.5,1404.5,225.138135850766,225.138135850766,1382.3548056960085,1382.3548056960085
1994-11-01,1404.5,1404.5,225.12786046984667,225.12786046984667,1382.286720080626,1382.286720080626
1994-11-02,1404.5,1404.5,225.15349532894695,225.15349532894695,1382.3943112352356,1382.3943112352356
1994-11-03,1404.5,1404.5,225.18583669469848,225.18583669469848,1382.124487612473,1382.124487612473
1994-11-04,1404.5,1404.5,225.25939044837193,225.25939044837193,1381.3354754787204,1381.3354754787204
1994-11-05,1404.5,1404.5,225.44053571469624,225.44053571469624,1379.8607578909352,1379.8607578909352
1994-11-06,1404.5,1404.5,225.8413746991921,225.8413746991921,1377.8801687763714,1377.8801687763714
1994-11-07,1404.5,1404.5,226.03993801130576,226.03993801130576,1377.8801687763714,1377.8801687763714
1994-11-08,1404.5,1404.5,226.05567143478513,226.05567143478513,1378.1156800614135,1378.1156800614135
1994-11-09,1404.5,1404.5,226.0252869831836,226.0252869831836,1378.1880966330084,1378.1880966330084
1994-11-10,1404.5,1404.5,226.0873516020922,226.0873516020922,1378.5642086511393,1378.5642086511393
1994-11-11,1404.5,1404.5,226.10762061881263,226.10762061881263,1378.7223916317173,1378.7223916317173
1994-11-12,1404.5,1404.5,226.0688367210245,226.0688367210245,1378.7431720391983,1378.7431720391983
1994-11-13,1404.5,1404.5,226.04299429060197,226.04299429060197,1378.7771763424894,1378.7771763424894
1994-11-14,1404.5,1404.5,226.0050105121845,226.0050105121845,1378.7994241633967,1378.7994241633967
1994-11-15,1404.5,1404.5,225.96871219110196,225.96871219110196,1378.8309096292069,1378.8309096292069
1994-11-16,1404.5,1404.5,225.9539236104454,225.9539236104454,1378.9215877710592,1378.9215877710592
1994-11-17,1404.5,1404.5,225.97070348211463,225.97070348211463,1379.0223412620633,1379.0223412620633
1994-11-18,1404.5,1404.5,226.00678738812354,226.00678738812354,1379.1018392011435,1379.1018392011435
1994-11-19,1404.5,1404.5,225.98009241547342,225.98009241547342,1379.1229001154516,1379.1229001154516
1994-11-20,1404.5,1404.5,225.94228280210413,225.94228280210413,1379.1443407635106,1379.1443407635106
1994-11-21,1404.5,1404.5,225.9087657777677,225.9087657777677,1379.1663672321476,1379.1663672321476
1994-11-22,1404.5,1404.5,225.87510895467284,225.87510895467284,1379.1884070582405,1379.1884070582405
1994-11-23,1404.5,1404.5,225.8415175418904,225.8415175418904,1379.2104468843334,1379.2104468843334
1994-11-24,1404.5,1404.5,225.81436059976755,225.81436059976755,1379.248336684806,1379.248336684806
1994-11-25,1404.5,1404.5,225.8195522178209,225.8195522178209,1379.3664892348945,1379.3664892348945
1994-11-26,1404.5,1404.5,225.92486497032576,225.92486497032576,1379.625084136848,1379.625084136848
1994-11-27,1404.5,1404.5,225.9245687731606,225.9245687731606,1379.6483833815528,1379.6483833815528
1994-11-28,1404.5,1404.5,225.89704168274613,225.89704168274613,1379.672762673211,1379.672762673211
1994-11-29,1404.5,1404.5,225.87652596876526,225.87652596876526,1379.6977793070253,1379.6977793070253
1994-11-30,1404.5,1404.5,225.84868903686097,225.84868903686097,1379.723043054156,1379.723043054156
1994-12-01,1404.5,1404.5,225.82764172647595,225.82764172647595,1379.812969361228,1379.812969361228
1994-12-02,1404.5,1404.5,225.810486177547,225.810486177547,1379.952764829713,1379.952764829713
1994-12-03,1404.5,1404.5,225.79064859685255,225.79064859685255,1380.1075555053164,1380.1075555053164
1994-12-04,1404.5,1404.5,225.82712647817877,225.82712647817877,1380.4265906215949,1380.4265906215949
1994-12-05,1404.5,1404.5,225.84071539537354,225.84071539537354,1380.6696421678566,1380.6696421678566
1994-12-06,1404.5,1404.5,225.8225026002091,225.8225026002091,1380.8421500198608,1380.8421500198608
1994-12-07,1404.5,1404.5,225.80161415481635,225.80161415481635,1380.9389302480674,1380.9389302480674
1994-12-08,1404.5,1404.5,225.77997758211603,225.77997758211603,1380.9981229238524,1380.9981229238524
1994-12-09,1404.5,1404.5,225.75734896405706,225.75734896405706,1381.0317656520886,1381.0317656520886
1994-12-10,1404.5,1404.5,225.72962629177897,225.72962629177897,1381.0667145192742,1381.0667145192742
1994-12-11,1404.5,1404.5,225.70313979821515,225.70313979821515,1381.1233883578354,1381.1233883578354
1994-12-12,1404.5,1404.5,225.6841600410643,225.6841600410643,1381.1990469167638,1381.1990469167638
1994-12-13,1404.5,1404.5,225.70927569881871,225.70927569881871,1381.3438800599536,1381.3438800599536
1994-12-14,1404.5,1404.5,225.7102455229508,225.7102455229508,1381.3955162240675,1381.3955162240675
1994-12-15,1404.5,1404.5,225.6997924607483,225.6997924607483,1381.4364473298524,1381.4364473298524
1994-12-16,1404.5,1404.5,225.68555077208615,225.68555077208615,1381.4717110517552,1381.4717110517552
1994-12-17,1404.5,1404.5,225.66528505172806,225.66528505172806,1381.51264215754,1381.51264215754
1994-12-18,1404.5,1404.5,225.6498440804252,225.6498440804252,1381.613147827422,1381.613147827422
1994-12-19,1404.5,1404.5,225.63172907403333,225.63172907403333,1381.7277549234134,1381.7277549234134
1994-12-20,1404.5,1404.5,225.6155589662035,225.6155589662035,1381.8241004491476,1381.8241004491476
1994-12-21,1404.5,1404.5,225.6012861414359,225.6012861414359,1381.9790089414894,1381.9790089414894
1994-12-22,1404.5,1404.5,225.5947603606837,225.5947603606837,1382.1785292919703,1382.1785292919703
1994-12-23,1404.5,1404.5,225.5843512252674,225.5843512252674,1382.3913710414852,1382.3913710414852
1994-12-24,1404.5,1404.5,225.61020508006357,225.61020508006357,1382.5275020080676,1382.5275020080676
1994-12-25,1404.5,1404.5,225.72429243165033,225.72429243165033,1382.844550493076,1382.844550493076
1994-12-26,1404.5,1404.5,225.75203112398418,225.75203112398418,1382.994421310713,1382.994421310713
1994-12-27,1404.5,1404.5,225.74146818403875,225.74146818403875,1383.0435386376034,1383.0435386376034
1994-12-28,1404.5,1404.5,225.74717825728374,225.74717825728374,1383.195956731076,1383.195956731076
1994-12-29,1404.5,1404.5,225.73956717364774,225.73956717364774,1383.3134902825063,1383.3134902825063
1994-12-30,1404.5,1404.5,225.726598316184,225.726598316184,1383.3638670280084,1383.3638670280084
1994-12-31,1404.5,1404.5,225.70866449091193,225.70866449091193,1383.409291414384,1383.409291414384
1995-01-01,1404.5,1404.5,225.69605257130337,225.69605257130337,1383.4519978940252,1383.4519978940252
1995-01-02,1404.5,1404.5,225.68058800296018,225.68058800296018,1383.4770923334684,1383.4770923334684
1995-01-03,1404.5,1404.5,225.6744382631939,225.6744382631939,1383.5022807062194,1383.5022807062194
1995-01-04,1404.5,1404.5,225.6681348038936,225.6681348038936,1383.5369147186877,1383.5369147186877
1995-01-05,1404.5,1404.5,225.8425851369398,225.8425851369398,1383.7163818743459,1383.7163818743459
1995-01-06,1404.5,1404.5,226.07523265616456,226.07523265616456,1383.8459947541407,1383.8459947541407
1995-01-07,1404.5,1404.5,226.12842166211598,226.12842166211598,1383.9405702076333,1383.9405702076333
1995-01-08,1404.5,1404.5,226.2107189319824,226.2107189319824,1384.0558750518703,1384.0558750518703
1995-01-09,1404.5,1404.5,226.41545861536838,226.41545861536838,1384.2218417977517,1384.2218417977517
1995-01-10,1404.5,1404.5,226.77597991994924,226.77597991994924,1384.5214295040703,1384.5214295040703
1995-01-11,1404.5,1404.5,227.28667690949692,227.28667690949692,1385.3501298638703,1385.3501298638703
1995-01-12,1404.5,1404.5,227.54464373087984,227.54464373087984,1385.661877957015,1385.661877957015
1995-01-13,1404.5,1404.5,227.89253375217305,227.89253375217305,1386.2504254318296,1386.2504254318296
1995-01-14,1404.5,1404.5,228.32528775582972,228.32528775582972,1387.067313585574,1387.067313585574
1995-01-15,1404.5,1404.5,229.05124814150565,229.05124814150565,1388.5432262891297,1388.5432262891297
1995-01-16,1404.5,1404.5,229.62628936568174,229.62628936568174,1389.2566636251631,1389.2566636251631
1995-01-17,1404.5,1404.5,229.91890968430673,229.91890968430673,1389.5729458469518,1389.5729458469518
1995-01-18,1404.5,1404.5,230.16105198607406,230.16105198607406,1389.8862338448816,1389.8862338448816
1995-01-19,1404.5,1404.5,230.40065571020196,230.40065571020196,1390.1717250661372,1390.1717250661372
1995-01-20,1404.5,1404.5,230.64073628220268,230.64073628220268,1390.4563644341138,1390.4563644341138
1995-01-21,1404.5,1404.5,230.87275635330965,230.87275635330965,1390.7378760901306,1390.7378760901306
1995-01-22,1404.5,1404.5,231.09471708741208,231.09471708741208,1391.0114015998295,1391.0114015998295
1995-01-23,1404.5,1404.5,231.34465836611446,231.34465836611446,1391.2749444266824,1391.2749444266824
1995-01-24,1404.5,1404.5,231.63691547052733,231.63691547052733,1391.5434785948562,1391.5434785948562
1995-01-25,1404.5,1404.5,232.06788151219047,232.06788151219047,1391.8354785082477,1391.8354785082477
1995-01-26,1404.5,1404.5,232.48253982446158,232.48253982446158,1392.1109821114617,1392.1109821114617
1995-01-27,1404.5,1404.5,232.97261278823714,232.97261278823714,1392.3821357824381,1392.3821357824381
1995-01-28,1404.5,1404.5,233.4330263839015,233.4330263839015,1392.642735327873,1392.642735327873
1995-01-29,1404.5,1404.5,233.73171994448305,233.73171994448305,1392.8878101915318,1392.8878101915318
1995-01-30,1404.5,1404.5,234.0074187426328,234.0074187426328,1393.1258971771372,1393.1258971771372
1995-01-31,1404.5,1404.5,234.2789511753711,234.2789511753711,1393.3633761265753,1393.3633761265753
1995-02-01,1404.5,1404.5,234.55388033662564,234.55388033662564,1393.6074951702174,1393.6074951702174
1995-02-02,1404.5,1404.5,234.7837894830269,234.7837894830269,1393.800803977629,1393.800803977629
1995-02-03,1404.5,1404.5,235.00365702195555,235.00365702195555,1394.0198384284715,1394.0198384284715
1995-02-04,1404.5,1404.5,235.21073968616915,235.21073968616915,1394.2839118663746,1394.2839118663746
1995-02-05,1404.5,1404.5,235.41669014657126,235.41669014657126,1394.5978672414883,1394.5978672414883
1995-02-06,1404.5,1404.5,235.60991985302874,235.60991985302874,1394.935956426883,1394.935956426883
1995-02-07,1404.5,1404.5,235.96049114652956,235.96049114652956,1395.3138009721304,1395.3138009721304
1995-02-08,1404.5,1404.5,236.29128819708666,236.29128819708666,1395.6202693351606,1395.6202693351606
1995-02-09,1404.5,1404.5,236.6049610702169,236.6049610702169,1395.8884302769766,1395.8884302769766
1995-02-10,1404.5,1404.5,236.90685140463825,236.90685140463825,1396.109610849383,1396.109610849383
1995-02-11,1404.5,1404.5,237.19776430621843,237.19776430621843,1396.327675570234,1396.327675570234
1995-02-12,1404.5,1404.5,237.47938059940017,237.47938059940017,1396.5490423206504,1396.5490423206504
1995-02-13,1404.5,1404.5,237.7555770906043,237.7555770906043,1396.7700371841033,1396.7700371841033
1995-02-14,1404.5,1404.5,238.06268198114557,238.06268198114557,1396.99652453224,1396.99652453224
1995-02-15,1404.5,1404.5,238.3407565933134,238.3407565933134,1397.1884059572128,1397.1884059572128
1995-02-16,1404.5,1404.5,238.59524190280104,238.59524190280104,1397.3752975578966,1397.3752975578966
1995-02-17,1404.5,1404.5,238.852263651821,238.852263651821,1397.559013816003,1397.559013816003
1995-02-18,1404.5,1404.5,239.1074487930288,239.1074487930288,1397.7500288670608,1397.7500288670608
1995-02-19,1404.5,1404.5,239.35734376439433,239.35734376439433,1397.97003475624,1397.97003475624
1995-02-20,1404.5,1404.5,239.61085146510916,239.61085146510916,1398.241900490152,1398.241900490152
1995-02-21,1404.5,1404.5,239.88072486029432,239.88072486029432,1398.6316870921366,1398.6316870921366
1995-02-22,1404.5,1404.5,240.16953405046908,240.16953405046908,1399.1977685591032,1399.1977685591032
1995-02-23,1404.5,1404.5,240.4517340507995,240.4517340507995,1399.688769721465,1399.688769721465
1995-02-24,1404.5,1404.5,240.73949124834843,240.73949124834843,1400.2267716775166,1400.2267716775166
1995-02-25,1404.5,1404.5,241.01307858537822,241.01307858537822,1400.866891348079,1400.866891348079
1995-02-26,1404.5,1404.5,241.2883405738948,241.2883405738948,1401.6527948040577,1401.6527948040577
1995-02-27,1404.5,1404.5,241.55893320241344,241.55893320241344,1402.5184492738442,1402.5184492738442
1995-02-28,1404.5,1404.5,241.83278050308144,241.83278050308144,1403.363490152751,1403.363490152751
1995-03-01,1404.5,1404.5,242.10348241659284,242.10348241659284,1403.8640834285336,1403.8640834285336
1995-03-02,1404.5,1404.5,242.3426438845308,242.3426438845308,1404.1133221602904,1404.1133221602904
1995-03-03,1404.5,1404.5,242.67979632022627,242.67979632022627,1404.449655826168,1404.449655826168
1995-03-04,1404.5,1404.5,243.06289399336654,243.06289399336654,1404.8100780727798,1404.8100780727798
1995-03-05,1404.5,1404.5,243.33098642130724,243.33098642130724,1404.765793080141,1404.765793080141
1995-03-06,1404.5,1404.5,243.6356832172004,243.6356832172004,1404.3977465538414,1404.3977465538414
1995-03-07,1404.5,1404.5,243.8593658285888,243.8593658285888,1404.6417126022307,1404.6417126022307
1995-03-08,1404.5,1404.5,244.0870773571237,244.0870773571237,1404.8684291829136,1404.8684291829136
1995-03-09,1404.5,1404.5,244.3601140359293,244.3601140359293,1405.1092429226508,1405.1092429226508
1995-03-10,1404.5,1404.5,244.9369987647563,244.9369987647563,1405.7305433404842,1405.7305433404842
1995-03-11,1404.5,1404.5,246.3575600263901,246.3575600263901,1407.471672062587,1407.471672062587
1995-03-12,1404.5,1404.5,247.18969852820553,247.18969852820553,1407.6905247783757,1407.6905247783757
1995-03-13,1404.5,1404.5,247.335512997519,247.335512997519,1407.1372819659641,1407.1372819659641
1995-03-14,1404.5,1404.5,247.27607406202108,247.27607406202108,1407.5063526149036,1407.5063526149036
1995-03-15,1404.5,1404.5,247.19502473991363,247.19502473991363,1407.864731058503,1407.864731058503
1995-03-16,1404.5,1404.5,247.09454307621093,247.09454307621093,1408.2066964565001,1408.2066964565001
1995-03-17,1404.5,1404.5,247.00063034827468,247.00063034827468,1408.5596699771404,1408.5596699771404
1995-03-18,1404.5,1404.5,246.889136306575,246.889136306575,1408.8975973915274,1408.8975973915274
1995-03-19,1404.5,1404.5,246.81566677410046,246.81566677410046,1409.3599291657915,1409.3599291657915
1995-03-20,1404.5,1404.5,246.69510950677954,246.69510950677954,1409.6980879302412,1409.6980879302412
1995-03-21,1404.5,1404.5,246.94150500949056,246.94150500949056,1410.1342632856833,1410.1342632856833
1995-03-22,1404.5,1404.5,247.04726923475917,247.04726923475917,1409.8337258296513,1409.8337258296513
1995-03-23,1404.5,1404.5,247.25700990380318,247.25700990380318,1408.6323245170317,1408.6323245170317
1995-03-24,1404.5,1404.5,247.6271438390346,247.6271438390346,1405.6601605912892,1405.6601605912892
1995-03-25,1404.5,1404.5,248.27760325012503,248.27760325012503,1399.1596225453998,1399.1596225453998
1995-03-26,1404.5,1404.5,249.67834983682678,249.67834983682678,1383.759584461724,1383.759584461724
1995-03-27,1404.5,1404.5,250.05236500339583,250.05236500339583,1377.8801687763714,1377.8801687763714
1995-03-28,1404.5,1404.5,249.93406727368776,249.93406727368776,1378.3617745254978,1378.3617745254978
1995-03-29,1404.5,1404.5,249.8137502586686,249.8137502586686,1378.8507835141436,1378.8507835141436
1995-03-30,1404.5,1404.5,249.68439528746282,249.68439528746282,1379.3191487476624,1379.3191487476624
1995-03-31,1404.5,1404.5,249.5489238842464,249.5489238842464,1379.8167476361098,1379.8167476361098
1995-04-01,1404.5,1404.5,249.40323878393457,249.40323878393457,1380.416860616093,1380.416860616093
1995-04-02,1404.5,1404.5,249.24797450587715,249.24797450587715,1380.9412176569535,1380.9412176569535
1995-04-03,1404.5,1404.5,249.1129197540942,249.1129197540942,1381.4833973797638,1381.4833973797638
1995-04-04,1404.5,1404.5,248.98986249531987,248.98986249531987,1382.132112469827,1382.132112469827
1995-04-05,1404.5,1404.5,248.86621694225198,248.86621694225198,1382.873967292654,1382.873967292654
1995-04-06,1404.5,1404.5,248.74152827440187,248.74152827440187,1383.7003462800549,1383.7003462800549
1995-04-07,1404.5,1404.5,248.61446109019099,248.61446109019099,1384.3450337811296,1384.3450337811296
1995-04-08,1404.5,1404.5,248.54309780621765,248.54309780621765,1385.1464635579703,1385.1464635579703
1995-04-09,1404.5,1404.5,248.34388118332853,248.34388118332853,1385.5941868830555,1385.5941868830555
1995-04-10,1404.5,1404.5,248.12599416430032,248.12599416430032,1386.024775117911,1386.024775117911
1995-04-11,1404.5,1404.5,247.90438219501488,247.90438219501488,1386.448914662985,1386.448914662985
1995-04-12,1404.5,1404.5,247.6852661651566,247.6852661651566,1386.9115620989594,1386.9115620989594
1995-04-13,1404.5,1404.5,247.49148275460473,247.49148275460473,1387.4315023756074,1387.4315023756074
1995-04-14,1404.5,1404.5,247.33581985151392,247.33581985151392,1388.0489183683703,1388.0489183683703
1995-04-15,1404.5,1404.5,247.11397789548502,247.11397789548502,1388.480059348174,1388.480059348174
1995-04-16,1404.5,1404.5,246.8830333086344,246.8830333086344,1388.915069541937,1388.915069541937
1995-04-17,1404.5,1404.5,246.62625340600061,246.62625340600061,1389.3473243862593,1389.3473243862593
1995-04-18,1404.5,1404.5,246.36877724662745,246.36877724662745,1389.7779628706558,1389.7779628706558
1995-04-19,1404.5,1404.5,246.10232857257836,246.10232857257836,1390.1666455247325,1390.1666455247325
1995-04-20,1404.5,1404.5,245.83825763927553,245.83825763927553,1390.535006521368,1390.535006521368
1995-04-21,1404.5,1404.5,245.5647498565896,245.5647498565896,1390.8933848351573,1390.8933848351573
1995-04-22,1404.5,1404.5,245.27330439267874,245.27330439267874,1391.2312986490201,1391.2312986490201
1995-04-23,1404.5,1404.5,244.97180036639313,244.97180036639313,1391.5607271825352,1391.5607271825352
1995-04-24,1404.5,1404.5,244.6161229670276,244.6161229670276,1391.9383448485853,1391.9383448485853
1995-04-25,1404.5,1404.5,244.568104654285,244.568104654285,1391.9288144351049,1391.9288144351049
1995-04-26,1404.5,1404.5,244.60825589219755,244.60825589219755,1391.5379289253463,1391.5379289253463
1995-04-27,1404.5,1404.5,244.80057849682998,244.80057849682998,1390.2527584403786,1390.2527584403786
1995-04-28,1404.5,1404.5,245.1646915407703,245.1646915407703,1386.9718200950736,1386.9718200950736
1995-04-29,1404.5,1404.5,245.97751335785145,245.97751335785145,1378.9306885285698,1378.9306885285698
1995-04-30,1404.5,1404.5,246.32913517491139,246.32913517491139,1377.8801687763714,1377.8801687763714
1995-05-01,1404.5,1404.5,246.76775891573806,246.76775891573806,1377.8801687763714,1377.8801687763714
1995-05-02,1404.5,1404.5,246.93391460576845,246.93391460576845,1379.3973335302194,1379.3973335302194
1995-05-03,1404.5,1404.5,246.77030146303184,246.77030146303184,1380.2335875044218,1380.2335875044218
1995-05-04,1404.5,1404.5,246.5727424363708,246.5727424363708,1381.0329586100422,1381.0329586100422
1995-05-05,1404.5,1404.5,246.54792936765006,246.54792936765006,1381.9114031086413,1381.9114031086413
1995-05-06,1404.5,1404.5,246.728364881686,246.728364881686,1382.8194439452616,1382.8194439452616
1995-05-07,1404.5,1404.5,246.84406459206448,246.84406459206448,1383.6015429181266,1383.6015429181266
1995-05-08,1404.5,1404.5,246.9380016491012,246.9380016491012,1384.3003497904704,1384.3003497904704
1995-05-09,1404.5,1404.5,247.04055310877388,247.04055310877388,1384.4415201478048,1384.4415201478048
1995-05-10,1404.5,1404.5,247.1982215501924,247.1982215501924,1384.0939288485092,1384.0939288485092
1995-05-11,1404.5,1404.5,247.46162994089795,247.46162994089795,1382.5380962611525,1382.5380962611525
1995-05-12,1404.5,1404.5,247.9282624271492,247.9282624271492,1378.5591198251047,1378.5591198251047
1995-05-13,1404.5,1404.5,248.13197715260173,248.13197715260173,1377.8801687763714,1377.8801687763714
1995-05-14,1404.5,1404.5,248.22267206068952,248.22267206068952,1377.8801687763714,1377.8801687763714
1995-05-15,1404.5,1404.5,248.27799570874998,248.27799570874998,1377.8801687763714,1377.8801687763714
1995-05-16,1404.5,1404.5,248.32670035991893,248.32670035991893,1378.0203867278494,1378.0203867278494
1995-05-17,1404.5,1404.5,248.3817463392996,248.3817463392996,1377.8801687763714,1377.8801687763714
1995-05-18,1404.5,1404.5,248.42971677357272,248.42971677357272,1377.8801687763714,1377.8801687763714
1995-05-19,1404.5,1404.5,248.4969984132758,248.4969984132758,1377.8801687763714,1377.8801687763714
1995-05-20,1404.5,1404.5,248.61381751289326,248.61381751289326,1377.8801687763714,1377.8801687763714
1995-05-21,1404.5,1404.5,248.7760192920936,248.7760192920936,1377.8801687763714,1377.8801687763714
1995-05-22,1404.5,1404.5,248.96493071631735,248.96493071631735,1377.8801687763714,1377.8801687763714
1995-05-23,1404.5,1404.5,249.11031282522833,249.11031282522833,1378.552070803014,1378.552070803014
1995-05-24,1404.5,1404.5,249.2488316115251,249.2488316115251,1378.3076253409304,1378.3076253409304
1995-05-25,1404.5,1404.5,249.41390978290616,249.41390978290616,1377.8801687763714,1377.8801687763714
1995-05-26,1404.5,1404.5,249.4943349922139,249.4943349922139,1377.8801687763714,1377.8801687763714
1995-05-27,1404.5,1404.5,249.58231301683946,249.58231301683946,1377.8801687763714,1377.8801687763714
1995-05-28,1404.5,1404.5,249.7097391925937,249.7097391925937,1377.8801687763714,1377.8801687763714
1995-05-29,1404.5,1404.5,249.85033591456352,249.85033591456352,1377.8801687763714,1377.8801687763714
1995-05-30,1404.5,1404.5,249.9890938798082,249.9890938798082,1378.5768835660772,1378.5768835660772
1995-05-31,1404.5,1404.5,250.21947504076945,250.21947504076945,1378.8670613148756,1378.8670613148756
1995-06-01,1404.5,1404.5,250.57050601895827,250.57050601895827,1378.1858357491822,1378.1858357491822
1995-06-02,1404.5,1404.5,250.73679293689992,250.73679293689992,1379.7221613167237,1379.7221613167237
1995-06-03,1404.5,1404.5,250.82645535400707,250.82645535400707,1380.927759734033,1380.927759734033
1995-06-04,1404.5,1404.5,250.97395695945443,250.97395695945443,1381.7310631486253,1381.7310631486253
1995-06-05,1404.5,1404.5,251.136093249834,251.136093249834,1382.63715573258,1382.63715573258
1995-06-06,1404.5,1404.5,251.23920642926703,251.23920642926703,1384.0098429959216,1384.0098429959216
1995-06-07,1404.5,1404.5,251.2627791103789,251.2627791103789,1384.3679697576226,1384.3679697576226
1995-06-08,1404.5,1404.5,251.2789748453927,251.2789748453927,1384.6973537874424,1384.6973537874424
1995-06-09,1404.5,1404.5,251.24719492748807,251.24719492748807,1385.4564812363585,1385.4564812363585
1995-06-10,1404.5,1404.5,251.2704288127861,251.2704288127861,1385.8389287712596,1385.8389287712596
1995-06-11,1404.5,1404.5,251.322083249282,251.322083249282,1386.3283944083903,1386.3283944083903
1995-06-12,1404.5,1404.5,251.38334313529595,251.38334313529595,1387.5614754376882,1387.5614754376882
1995-06-13,1404.5,1404.5,251.47740382724245,251.47740382724245,1388.8674223076302,1388.8674223076302
1995-06-14,1404.5,1404.5,251.62568475212143,251.62568475212143,1389.7791702668906,1389.7791702668906
1995-06-15,1404.5,1404.5,251.6816088706457,251.6816088706457,1390.8579062042202,1390.8579062042202
1995-06-16,1404.5,1404.5,251.77741912264284,251.77741912264284,1391.7808394808535,1391.7808394808535
1995-06-17,1404.5,1404.5,251.83701374778548,251.83701374778548,1392.0733233389312,1392.0733233389312
1995-06-18,1404.5,1404.5,251.8108276272722,251.8108276272722,1392.8387930386536,1392.8387930386536
1995-06-19,1404.5,1404.5,251.803285059489,251.803285059489,1393.5793372547687,1393.5793372547687
1995-06-20,1404.5,1404.5,251.8100821990592,251.8100821990592,1394.351212574666,1394.351212574666
1995-06-21,1404.5,1404.5,251.869324955155,251.869324955155,1394.782812680617,1394.782812680617
1995-06-22,1404.5,1404.5,251.91242418380708,251.91242418380708,1395.7559993875211,1395.7559993875211
1995-06-23,1404.5,1404.5,251.99634962034824,251.99634962034824,1396.8950123828486,1396.8950123828486
1995-06-24,1404.5,1404.5,252.12667955453128,252.12667955453128,1398.224691197333,1398.224691197333
1995-06-25,1404.5,1404.5,252.33935631372543,252.33935631372543,1399.434973788185,1399.434973788185
1995-06-26,1404.5,1404.5,252.52511212685553,252.52511212685553,1401.0068292572316,1401.0068292572316
1995-06-27,1404.5,1404.5,252.73937099573672,252.73937099573672,1402.5045347865146,1402.5045347865146
1995-06-28,1404.5,1404.5,252.9816603988565,252.9816603988565,1404.0334944237663,1404.0334944237663
1995-06-29,1411.7229301894033,1411.7229301894033,253.0,253.0,1405.3929862273612,1405.3929862273612
1995-06-30,1413.3943060578015,1413.3943060578015,253.0,253.0,1406.5781968425235,1406.5781968425235
1995-07-01,1414.5168088588691,1414.5168088588691,253.0,253.0,1407.741140305817,1407.741140305817
1995-07-02,1415.8622568293317,1415.8622568293317,253.0,253.0,1408.815796621936,1408.815796621936
1995-07-03,1416.9639970003157,1416.9639970003157,253.0,253.0,1409.446509056637,1409.446509056637
1995-07-04,1417.857763934682,1417.857763934682,253.0,253.0,1410.4602071048178,1410.4602071048178
1995-07-05,1418.6655165600077,1418.6655165600077,253.0,253.0,1411.5065246538848,1411.5065246538848
1995-07-06,1419.598211562357,1419.598211562357,253.0,253.0,1412.3440962353693,1412.3440962353693
1995-07-07,1420.4129103062894,1420.4129103062894,253.0,253.0,1413.5436209207342,1413.5436209207342
1995-07-08,1420.4955555555555,1420.4955555555555,253.0,253.0,1414.3325593944346,1414.3325593944346
1995-07-09,1420.4955555555555,1420.4955555555555,253.0,253.0,1415.4253261644221,1415.4253261644221
1995-07-10,1420.4955555555555,1420.4955555555555,253.0,253.0,1416.0309946259486,1416.0309946259486
1995-07-11,1420.4396499786305,1420.4396499786305,253.0,253.0,1416.9138882942545,1416.9138882942545
1995-07-12,1420.2738008438837,1420.2738008438837,253.0,253.0,1417.7477132736603,1417.7477132736603
1995-07-13,1420.403187601434,1420.403187601434,253.0,253.0,1418.1688914636652,1418.1688914636652
1995-07-14,1419.9289978826773,1419.9289978826773,253.0,253.0,1418.8140225216923,1418.8140225216923
1995-07-15,1419.390247793437,1419.390247793437,253.0,253.0,1419.471826318163,1419.471826318163
1995-07-16,1418.7317965595741,1418.7317965595741,253.0,253.0,1420.1068783090811,1420.1068783090811
1995-07-17,1418.8703613486894,1418.8703613486894,253.0,253.0,1420.3675257174118,1420.3675257174118
1995-07-18,1418.682522388619,1418.682522388619,253.0,253.0,1420.9113074728723,1420.9113074728723
1995-07-19,1418.0467941030374,1418.0467941030374,253.0,253.0,1421.393664788351,1421.393664788351
1995-07-20,1417.2009436584492,1417.2009436584492,253.0,253.0,1421.8271155276648,1421.8271155276648
1995-07-21,1416.3714216678102,1416.3714216678102,253.0,253.0,1422.2638467556287,1422.2638467556287
1995-07-22,1415.4583424984346,1415.4583424984346,253.0,253.0,1422.6956773008365,1422.6956773008365
1995-07-23,1414.3449352524804,1414.3449352524804,253.0,253.0,1423.1095507492807,1423.1095507492807
1995-07-24,1413.026548928976,1413.026548928976,253.0,253.0,1423.4959056921707,1423.4959056921707
1995-07-25,1411.5569465086312,1411.5569465086312,253.0,253.0,1423.8793654139968,1423.8793654139968
1995-07-26,1409.2856793127492,1409.2856793127492,253.0,253.0,1424.2390040791602,1424.2390040791602
1995-07-27,1404.5,1404.5,252.9290110546118,252.9290110546118,1424.5933408399271,1424.5933408399271
1995-07-28,1404.5,1404.5,252.86177063287246,252.86177063287246,1424.9686717797308,1424.9686717797308
1995-07-29,1404.5,1404.5,252.79748893294132,252.79748893294132,1425.329897653025,1425.329897653025
1995-07-30,1404.5,1404.5,252.70823368997245,252.70823368997245,1425.6807790797786,1425.6807790797786
1995-07-31,1404.5,1404.5,252.59398583155786,252.59398583155786,1425.9546886747328,1425.9546886747328
1995-08-01,1404.5,1404.5,252.47987325148563,252.47987325148563,1426.2147799438937,1426.2147799438937
1995-08-02,1404.5,1404.5,252.381403007366,252.381403007366,1426.5090090532644,1426.5090090532644
1995-08-03,1404.5,1404.5,252.2758833816475,252.2758833816475,1426.7780653650736,1426.7780653650736
1995-08-04,1404.5,1404.5,252.15595324867138,252.15595324867138,1427.0298035401518,1427.0298035401518
1995-08-05,1404.5,1404.5,252.01657828844733,252.01657828844733,1427.2638253923044,1427.2638253923044
1995-08-06,1404.5,1404.5,251.8758681590801,251.8758681590801,1427.4927436297164,1427.4927436297164
1995-08-07,1404.5,1404.5,251.72628809400726,251.72628809400726,1427.708940665028,1427.708940665028
1995-08-08,1404.5,1404.5,251.56582936565283,251.56582936565283,1427.8806299050523,1427.8806299050523
1995-08-09,1404.5,1404.5,251.40022538641287,251.40022538641287,1428.0210178604782,1428.0210178604782
1995-08-10,1404.5,1404.5,251.23394358444204,251.23394358444204,1428.1772610731543,1428.1772610731543
1995-08-11,1404.5,1404.5,251.06924367142415,251.06924367142415,1428.3124188204542,1428.3124188204542
1995-08-12,1404.5,1404.5,250.8992250272074,250.8992250272074,1428.4091388120603,1428.4091388120603
1995-08-13,1404.5,1404.5,250.72081228779058,250.72081228779058,1428.559692892107,1428.559692892107
1995-08-14,1404.5,1404.5,250.5520275703805,250.5520275703805,1428.6619341134326,1428.6619341134326
1995-08-15,1404.5,1404.5,250.3824463023713,250.3824463023713,1428.7655735883027,1428.7655735883027
1995-08-16,1404.5,1404.5,250.21399388841584,250.21399388841584,1428.872425139745,1428.872425139745
1995-08-17,1404.5,1404.5,250.04466837734395,250.04466837734395,1428.96464298844,1428.96464298844
1995-08-18,1404.5,1404.5,249.86885856509454,249.86885856509454,1429.0058494352047,1429.0058494352047
1995-08-19,1404.5,1404.5,249.691528645601,249.691528645601,1429.0372081857756,1429.0372081857756
1995-08-20,1404.5,1404.5,249.51867995450073,249.51867995450073,1429.0757095721478,1429.0757095721478
1995-08-21,1404.5,1404.5,249.3502791435347,249.3502791435347,1429.157161258053,1429.157161258053
1995-08-22,1404.5,1404.5,249.1822076156531,249.1822076156531,1429.2440916350142,1429.2440916350142
1995-08-23,1404.5,1404.5,249.01228976514963,249.01228976514963,1429.3233769177486,1429.3233769177486
1995-08-24,1404.5,1404.5,248.84825150237737,248.84825150237737,1429.3883657390859,1429.3883657390859
1995-08-25,1404.5,1404.5,248.6824537575868,248.6824537575868,1429.433016998089,1429.433016998089
1995-08-26,1404.5,1404.5,248.52174130861445,248.52174130861445,1429.4563887090992,1429.4563887090992
1995-08-27,1404.5,1404.5,248.35474341413794,248.35474341413794,1429.5310092632744,1429.5310092632744
1995-08-28,1404.5,1404.5,248.19584189457626,248.19584189457626,1429.549273064745,1429.549273064745
1995-08-29,1404.5,1404.5,248.03888116434476,248.03888116434476,1429.5663254692108,1429.5663254692108
1995-08-30,1404.5,1404.5,247.88673141614336,247.88673141614336,1429.5831753515388,1429.5831753515388
1995-08-31,1404.5,1404.5,247.7393833970634,247.7393833970634,1429.5996975227686,1429.5996975227686
1995-09-01,1404.5,1404.5,247.59449706927975,247.59449706927975,1429.615313498094,1429.615313498094
1995-09-02,1404.5,1404.5,247.45476471758232,247.45476471758232,1429.7276363919455,1429.7276363919455
1995-09-03,1404.5,1404.5,247.31580501237156,247.31580501237156,1429.8297890388483,1429.8297890388483
1995-09-04,1404.5,1404.5,247.17829003035226,247.17829003035226,1429.9192910609354,1429.9192910609354
1995-09-05,1404.5,1404.5,247.0421894369486,247.0421894369486,1429.99871582131,1429.99871582131
1995-09-06,1404.5,1404.5,246.90802338149936,246.90802338149936,1430.0713828885212,1430.0713828885212
1995-09-07,1404.5,1404.5,246.76415627218353,246.76415627218353,1430.1309413792603,1430.1309413792603
1995-09-08,1404.5,1404.5,246.6210787162614,246.6210787162614,1430.183014568266,1430.183014568266
1995-09-09,1404.5,1404.5,246.48533763042067,246.48533763042067,1430.231538050545,1430.231538050545
1995-09-10,1404.5,1404.5,246.34159318568936,246.34159318568936,1430.333384646213,1430.333384646213
1995-09-11,1404.5,1404.5,246.20903027910236,246.20903027910236,1430.3734395091813,1430.3734395091813
1995-09-12,1404.5,1404.5,246.08136856216234,246.08136856216234,1430.4070458544927,1430.4070458544927
1995-09-13,1404.5,1404.5,245.96098976007036,245.96098976007036,1430.4388482885638,1430.4388482885638
1995-09-14,1404.5,1404.5,245.8443330583596,245.8443330583596,1430.467663575866,1430.467663575866
1995-09-15,1404.5,1404.5,245.73594954631946,245.73594954631946,1430.4952956276402,1430.4952956276402
1995-09-16,1404.5,1404.5,245.6321043756598,245.6321043756598,1430.5200916333513,1430.5200916333513
1995-09-17,1404.5,1404.5,245.52933223117486,245.52933223117486,1430.5394015174081,1430.5394015174081
1995-09-18,1404.5,1404.5,245.4286228991951,245.4286228991951,1430.5552244596054,1430.5552244596054
1995-09-19,1404.5,1404.5,245.33087317384334,245.33087317384334,1430.5689552367721,1430.5689552367721
1995-09-20,1404.5,1404.5,245.23426137552477,245.23426137552477,1430.580798416114,1430.580798416114
1995-09-21,1404.5,1404.5,245.13872927939278,245.13872927939278,1430.5909787116545,1430.5909787116545
1995-09-22,1404.5,1404.5,245.04436459907618,245.04436459907618,1430.5993326245807,1430.5993326245807
1995-09-23,1404.5,1404.5,244.954789826071,244.954789826071,1430.6050434355839,1430.6050434355839
1995-09-24,1404.5,1404.5,244.85753844436542,244.85753844436542,1430.6650188342614,1430.6650188342614
1995-09-25,1404.5,1404.5,244.76992741378808,244.76992741378808,1430.6668475167576,1430.6668475167576
1995-09-26,1404.5,1404.5,244.68942131450316,244.68942131450316,1430.6676766093565,1430.6676766093565
1995-09-27,1404.5,1404.5,244.60901329661291,244.60901329661291,1430.665788211958,1430.665788211958
1995-09-28,1404.5,1404.5,244.53712074526635,244.53712074526635,1430.66347905694,1430.66347905694
1995-09-29,1404.5,1404.5,244.47083117401664,244.47083117401664,1430.6594659497282,1430.6594659497282
1995-09-30,1404.5,1404.5,244.40725514412327,244.40725514412327,1430.6526237704068,1430.6526237704068
1995-10-01,1404.5,1404.5,244.3444269993029,244.3444269993029,1430.645432896842,1430.645432896842
1995-10-02,1404.5,1404.5,244.2815439428322,244.2815439428322,1430.6427750475814,1430.6427750475814
1995-10-03,1404.5,1404.5,244.226017721147,244.226017721147,1430.6384947989934,1430.6384947989934
1995-10-04,1404.5,1404.5,244.17418109318973,244.17418109318973,1430.6337101197419,1430.6337101197419
1995-10-05,1404.5,1404.5,244.122964095508,244.122964095508,1430.6279140228642,1430.6279140228642
1995-10-06,1404.5,1404.5,244.07236189120778,244.07236189120778,1430.6210718435425,1430.6210718435425
1995-10-07,1404.5,1404.5,244.02237066091533,244.02237066091533,1430.6135748143986,1430.6135748143986
1995-10-08,1404.5,1404.5,243.9643241399457,243.9643241399457,1430.6603814348775,1430.6603814348775
1995-10-09,1404.5,1404.5,243.9120495810082,243.9120495810082,1430.650721683799,1430.650721683799
1995-10-10,1404.5,1404.5,243.86147935692733,243.86147935692733,1430.6404173086644,1430.6404173086644
1995-10-11,1404.5,1404.5,243.8095352832022,243.8095352832022,1430.6294683094736,1430.6294683094736
1995-10-12,1404.5,1404.5,243.75683388729757,243.75683388729757,1430.6178922743225,1430.6178922743225
1995-10-13,1404.5,1404.5,243.70647420168095,243.70647420168095,1430.6054709881107,1430.6054709881107
1995-10-14,1404.5,1404.5,243.70160745633123,243.70160745633123,1430.3097660364642,1430.3097660364642
1995-10-15,1404.5,1404.5,243.69737696880233,243.69737696880233,1430.0150867160141,1430.0150867160141
1995-10-16,1404.5,1404.5,243.6919486566358,243.6919486566358,1429.7165717596035,1429.7165717596035
1995-10-17,1404.5,1404.5,243.6893926266814,243.6893926266814,1429.4156159440622,1429.4156159440622
1995-10-18,1404.5,1404.5,243.6911496043237,243.6911496043237,1429.1142068259765,1429.1142068259765
1995-10-19,1404.5,1404.5,243.69653055941197,243.69653055941197,1428.812553621949,1428.812553621949
1995-10-20,1404.5,1404.5,243.6563947984096,243.6563947984096,1428.7928097579172,1428.7928097579172
1995-10-21,1404.5,1404.5,243.61684479490722,243.61684479490722,1428.7721769209322,1428.7721769209322
1995-10-22,1404.5,1404.5,243.57469775933302,243.57469775933302,1428.8054884632381,1428.8054884632381
1995-10-23,1404.5,1404.5,243.5451030135864,243.5451030135864,1428.782257657489,1428.782257657489
1995-10-24,1404.5,1404.5,243.52173009418505,243.52173009418505,1428.757632075053,1428.757632075053
1995-10-25,1404.5,1404.5,243.49994876912388,243.49994876912388,1428.7322322075024,1428.7322322075024
1995-10-26,1404.5,1404.5,243.47735927988407,243.47735927988407,1428.7056486202719,1428.7056486202719
1995-10-27,1404.5,1404.5,243.45349015508054,243.45349015508054,1428.6784167277494,1428.6784167277494
1995-10-28,1404.5,1404.5,243.4305663152439,243.4305663152439,1428.651001591797,1428.651001591797
1995-10-29,1404.5,1404.5,243.40929382723908,243.40929382723908,1428.622328907209,1428.622328907209
1995-10-30,1404.5,1404.5,243.38815051386158,243.38815051386158,1428.5931703004692,1428.5931703004692
1995-10-31,1404.5,1404.5,243.36794529357906,243.36794529357906,1428.5633143052435,1428.5633143052435
1995-11-01,1404.5,1404.5,243.3497509259935,243.3497509259935,1428.5327609216743,1428.5327609216743
1995-11-02,1404.5,1404.5,243.3417558473854,243.3417558473854,1428.431205630152,1428.431205630152
1995-11-03,1404.5,1404.5,243.3499904352147,243.3499904352147,1428.218331610655,1428.218331610655
1995-11-04,1404.5,1404.5,243.39361921569002,243.39361921569002,1427.782759378425,1427.782759378425
1995-11-05,1404.5,1404.5,243.5079564528945,243.5079564528945,1426.901624299474,1426.901624299474
1995-11-06,1404.5,1404.5,243.7578737542022,243.7578737542022,1425.0553320769072,1425.0553320769072
1995-11-07,1404.5,1404.5,243.724716837544,243.724716837544,1425.0645218003776,1425.0645218003776
1995-11-08,1404.5,1404.5,243.6928060797177,243.6928060797177,1425.0737115238483,1425.0737115238483
1995-11-09,1404.5,1404.5,243.6620083050869,243.6620083050869,1425.0825336583137,1425.0825336583137
1995-11-10,1404.5,1404.5,243.63050012896682,243.63050012896682,1425.0912529421216,1425.0912529421216
1995-11-11,1404.5,1404.5,243.59991279113245,243.59991279113245,1425.0993398987275,1425.0993398987275
1995-11-12,1404.5,1404.5,243.57125651788078,243.57125651788078,1425.1072580985328,1425.1072580985328
1995-11-13,1404.5,1404.5,243.54378380217824,243.54378380217824,1425.114977466134,1425.114977466134
1995-11-14,1404.5,1404.5,243.5121739646486,243.5121739646486,1425.1226968337348,1425.1226968337348
1995-11-15,1404.5,1404.5,243.4784919136567,243.4784919136567,1425.1300486124812,1425.1300486124812
1995-11-16,1404.5,1404.5,243.4474728808748,243.4474728808748,1425.1372372040576,1425.1372372040576
1995-11-17,1404.5,1404.5,243.4138147833729,243.4138147833729,1425.144221393799,1425.144221393799
1995-11-18,1404.5,1404.5,243.37926655738164,243.37926655738164,1425.1512055835403,1425.1512055835403
1995-11-19,1404.5,1404.5,243.3496063013928,243.3496063013928,1425.157822184427,1425.157822184427
1995-11-20,1404.5,1404.5,243.31890406205792,243.31890406205792,1425.1644387853137,1425.1644387853137
1995-11-21,1404.5,1404.5,243.28405632629068,243.28405632629068,1425.1706877971953,1425.1706877971953
1995-11-22,1404.5,1404.5,243.25000629247106,243.25000629247106,1425.1769368090772,1425.1769368090772
1995-11-23,1404.5,1404.5,243.21881762535602,243.21881762535602,1425.183185820959,1425.183185820959
1995-11-24,1404.5,1404.5,243.19001882923698,243.19001882923698,1425.1894348328408,1425.1894348328408
1995-11-25,1404.5,1404.5,243.15706760370352,243.15706760370352,1425.1956838447225,1425.1956838447225
1995-11-26,1404.5,1404.5,243.13008037976908,243.13008037976908,1425.2304432774492,1425.2304432774492
1995-11-27,1404.5,1404.5,243.09665562038393,243.09665562038393,1425.2503743952127,1425.2503743952127
1995-11-28,1404.5,1404.5,243.06075096597476,243.06075096597476,1425.2566779885724,1425.2566779885724
1995-11-29,1404.5,1404.5,243.0265216619802,243.0265216619802,1425.262927000454,1425.262927000454
1995-11-30,1404.5,1404.5,242.99622636743652,242.99622636743652,1425.2691760123357,1425.2691760123357
1995-12-01,1404.5,1404.5,242.96498116647368,242.96498116647368,1425.2754250242176,1425.2754250242176
1995-12-02,1404.5,1404.5,242.93272986066964,242.93272986066964,1425.2809388582398,1425.2809388582398
1995-12-03,1404.5,1404.5,242.89987783247037,242.89987783247037,1425.2860851034072,1425.2860851034072
1995-12-04,1404.5,1404.5,242.8683885184276,242.8683885184276,1425.3662194916067,1425.3662194916067
1995-12-05,1404.5,1404.5,242.83550333126212,242.83550333126212,1425.4478242355256,1425.4478242355256
1995-12-06,1404.5,1404.5,242.80052933037172,242.80052933037172,1425.4644288207571,1425.4644288207571
1995-12-07,1404.5,1404.5,242.7666767118278,242.7666767118278,1425.496041469321,1425.496041469321
1995-12-08,1404.5,1404.5,242.73355969225804,242.73355969225804,1425.5195671612792,1425.5195671612792
1995-12-09,1404.5,1404.5,242.7029535007744,242.7029535007744,1425.5281770427891,1425.5281770427891
1995-12-10,1404.5,1404.5,242.67661343847593,242.67661343847593,1425.5395722998383,1425.5395722998383
1995-12-11,1404.5,1404.5,242.66048714973692,242.66048714973692,1425.6399240795527,1425.6399240795527
1995-12-12,1404.5,1404.5,242.91331672811327,242.91331672811327,1426.4533140808317,1426.4533140808317
1995-12-13,1404.5,1404.5,243.80673104679977,243.80673104679977,1427.7867310068339,1427.7867310068339
1995-12-14,1404.5,1404.5,244.2292274698185,244.2292274698185,1426.7682353318633,1426.7682353318633
1995-12-15,1404.5,1404.5,244.65301857385464,244.65301857385464,1424.0136293082762,1424.0136293082762
1995-12-16,1404.5,1404.5,245.22913620102295,245.22913620102295,1418.2818239202716,1418.2818239202716
1995-12-17,1404.5,1404.5,246.4353845286639,246.4353845286639,1405.8080905773413,1405.8080905773413
1995-12-18,1404.5,1404.5,248.71739920308409,248.71739920308409,1377.8801687763714,1377.8801687763714
1995-12-19,1404.5,1404.5,248.2647783862047,248.2647783862047,1377.933610784228,1377.933610784228
1995-12-20,1404.5,1404.5,247.81250860832057,247.81250860832057,1377.9820984016835,1377.9820984016835
1995-12-21,1404.5,1404.5,247.36140970659628,247.36140970659628,1378.0394019496794,1378.0394019496794
1995-12-22,1404.5,1404.5,246.91446549675496,246.91446549675496,1378.0817427917173,1378.0817427917173
1995-12-23,1404.5,1404.5,246.42507107125513,246.42507107125513,1378.1302629103334,1378.1302629103334
1995-12-24,1404.5,1404.5,245.9349161953056,245.9349161953056,1378.1787505277891,1378.1787505277891
1995-12-25,1404.5,1404.5,245.44283668650854,245.44283668650854,1378.222352819713,1378.222352819713
1995-12-26,1404.5,1404.5,244.95393929035828,244.95393929035828,1378.284064332979,1378.284064332979
1995-12-27,1404.5,1404.5,244.46617764515628,244.46617764515628,1378.3634077070676,1378.3634077070676
1995-12-28,1404.5,1404.5,244.35427773400102,244.35427773400102,1378.4461799498397,1378.4461799498397
1995-12-29,1404.5,1404.5,244.3411308296423,244.3411308296423,1378.5374878008693,1378.5374878008693
1995-12-30,1404.5,1404.5,244.39522197491536,244.39522197491536,1378.791890365346,1378.791890365346
1995-12-31,1404.5,1404.5,244.40803793488504,244.40803793488504,1379.0929767348102,1379.0929767348102
1996-01-01,1404.5,1404.5,244.360013789709,244.360013789709,1379.3196720893122,1379.3196720893122
1996-01-02,1404.5,1404.5,244.3478589408693,244.3478589408693,1379.4223147081054,1379.4223147081054
1996-01-03,1404.5,1404.5,244.33670518434585,244.33670518434585,1379.5475256657426,1379.5475256657426
1996-01-04,1404.5,1404.5,244.3210172803893,244.3210172803893,1379.6728378200633,1379.6728378200633
1996-01-05,1404.5,1404.5,244.3053379025926,244.3053379025926,1379.7924825905022,1379.7924825905022
1996-01-06,1404.5,1404.5,244.2858050202473,244.2858050202473,1379.871196255156,1379.871196255156
1996-01-07,1404.5,1404.5,244.2670596022314,244.2670596022314,1379.9291295123292,1379.9291295123292
1996-01-08,1404.5,1404.5,244.24747898361065,244.24747898361065,1380.001546083924,1380.001546083924
1996-01-09,1404.5,1404.5,244.23257553541376,244.23257553541376,1380.1004104468818,1380.1004104468818
1996-01-10,1404.5,1404.5,244.21660949505505,244.21660949505505,1380.221944345367,1380.221944345367
1996-01-11,1404.5,1404.5,244.19957634858608,244.19957634858608,1380.3267793129114,1380.3267793129114
1996-01-12,1404.5,1404.5,244.18217181059774,244.18217181059774,1380.4470537925274,1380.4470537925274
1996-01-13,1404.5,1404.5,244.1676899254546,244.1676899254546,1380.5981840287764,1380.5981840287764
1996-01-14,1404.5,1404.5,244.1509060695798,244.1509060695798,1380.7353624181223,1380.7353624181223
1996-01-15,1404.5,1404.5,244.13013715213265,244.13013715213265,1380.8128166641645,1380.8128166641645
1996-01-16,1404.5,1404.5,244.14822512883316,244.14822512883316,1381.0319204204136,1381.0319204204136
1996-01-17,1404.5,1404.5,244.31933630477553,244.31933630477553,1381.9539939876202,1381.9539939876202
1996-01-18,1404.5,1404.5,244.38992286513823,244.38992286513823,1382.2002103309915,1382.2002103309915
1996-01-19,1404.5,1404.5,244.4470371763065,244.4470371763065,1382.4256462668818,1382.4256462668818
1996-01-20,1404.5,1404.5,244.39543933093083,244.39543933093083,1382.554736677038,1382.554736677038
1996-01-21,1404.5,1404.5,244.37224424371968,244.37224424371968,1382.633450341692,1382.633450341692
1996-01-22,1404.5,1404.5,244.3726220825658,244.3726220825658,1382.6932727269113,1382.6932727269113
1996-01-23,1404.5,1404.5,244.35543669735264,244.35543669735264,1382.741760344367,1382.741760344367
1996-01-24,1404.5,1404.5,244.34552900453627,244.34552900453627,1382.7902479618228,1382.7902479618228
1996-01-25,1404.5,1404.5,244.40668709601047,244.40668709601047,1382.8390504339957,1382.8390504339957
1996-01-26,1404.5,1404.5,244.42735812366945,244.42735812366945,1382.9076012181013,1382.9076012181013
1996-01-27,1404.5,1404.5,244.36110920489764,244.36110920489764,1382.9567185449914,1382.9567185449914
1996-01-28,1404.5,1404.5,244.39856656390452,244.39856656390452,1383.1065893626287,1383.1065893626287
1996-01-29,1404.5,1404.5,244.39692351902167,244.39692351902167,1383.1757499122573,1383.1757499122573
1996-01-30,1404.5,1404.5,244.37306089932005,244.37306089932005,1383.2399802627467,1383.2399802627467
1996-01-31,1404.5,1404.5,244.38706150957373,244.38706150957373,1383.3149156715654,1383.3149156715654
1996-02-01,1404.5,1404.5,244.4032943115658,244.4032943115658,1383.4474552636625,1383.4474552636625
1996-02-02,1404.5,1404.5,244.37684754804576,244.37684754804576,1383.5232473039746,1383.5232473039746
1996-02-03,1404.5,1404.5,244.38172198790573,244.38172198790573,1383.6114066086034,1383.6114066086034
1996-02-04,1404.5,1404.5,244.41447329240756,244.41447329240756,1383.726643413772,1383.726643413772
1996-02-05,1404.5,1404.5,244.64323896490498,244.64323896490498,1384.2273878020778,1384.2273878020778
1996-02-06,1404.5,1404.5,244.72592815547213,244.72592815547213,1384.7296087811037,1384.7296087811037
1996-02-07,1404.5,1404.5,244.59449582340483,244.59449582340483,1384.9075926214223,1384.9075926214223
1996-02-08,1404.5,1404.5,244.60806713640187,244.60806713640187,1385.1090656278147,1385.1090656278147
1996-02-09,1404.5,1404.5,244.62399869247358,244.62399869247358,1385.3666447259814,1385.3666447259814
1996-02-10,1404.5,1404.5,244.6320347506431,244.6320347506431,1385.678392819126,1385.678392819126
1996-02-11,1404.5,1404.5,244.63742566250403,244.63742566250403,1386.0543190705594,1386.0543190705594
1996-02-12,1404.5,1404.5,244.6379984892188,244.6379984892188,1386.4593067535704,1386.4593067535704
1996-02-13,1404.5,1404.5,244.65054546896658,244.65054546896658,1386.9943338861704,1386.9943338861704
1996-02-14,1404.5,1404.5,244.65266369404205,244.65266369404205,1387.6567014799816,1387.6567014799816
1996-02-15,1404.5,1404.5,244.6595761714133,244.6595761714133,1388.4102719735185,1388.4102719735185
1996-02-16,1404.5,1404.5,244.65863019791,244.65863019791,1389.2150784284038,1389.2150784284038
1996-02-17,1404.5,1404.5,244.65559808183343,244.65559808183343,1390.0012199107593,1390.0012199107593
1996-02-18,1404.5,1404.5,244.65374536677174,244.65374536677174,1390.6737244743313,1390.6737244743313
1996-02-19,1404.5,1404.5,244.75219672477607,244.75219672477607,1391.9879851397025,1391.9879851397025
1996-02-20,1404.5,1404.5,245.1551978120018,245.1551978120018,1395.0491433535485,1395.0491433535485
1996-02-21,1404.5,1404.5,245.34486980304294,245.34486980304294,1396.3950160767324,1396.3950160767324
1996-02-22,1404.5,1404.5,245.55824728721265,245.55824728721265,1397.4209582791125,1397.4209582791125
1996-02-23,1404.5,1404.5,245.52702087186987,245.52702087186987,1397.939013198082,1397.939013198082
1996-02-24,1404.5,1404.5,245.43286609418357,245.43286609418357,1398.4279056386504,1398.4279056386504
1996-02-25,1404.5,1404.5,245.34917763170094,245.34917763170094,1398.937685050468,1398.937685050468
1996-02-26,1404.5,1404.5,245.2572613638533,245.2572613638533,1399.4099324833344,1399.4099324833344
1996-02-27,1404.5,1404.5,245.15457165228878,245.15457165228878,1399.8642353474406,1399.8642353474406
1996-02-28,1404.5,1404.5,245.04157242431884,245.04157242431884,1400.3174593306899,1400.3174593306899
1996-02-29,1404.5,1404.5,244.9145457794338,244.9145457794338,1400.7486439015804,1400.7486439015804
1996-03-01,1404.5,1404.5,244.773396934201,244.773396934201,1401.14825894538,1401.14825894538
1996-03-02,1404.5,1404.5,244.6738846676138,244.6738846676138,1401.397750160003,1401.397750160003
1996-03-03,1404.5,1404.5,244.668912482343,244.668912482343,1401.6418543331702,1401.6418543331702
1996-03-04,1404.5,1404.5,244.69894271600592,244.69894271600592,1401.9151785768966,1401.9151785768966
1996-03-05,1404.5,1404.5,244.8626947400878,244.8626947400878,1402.3402324566484,1402.3402324566484
1996-03-06,1404.5,1404.5,244.7799608650401,244.7799608650401,1402.6386445473572,1402.6386445473572
1996-03-07,1404.5,1404.5,244.70854283230992,244.70854283230992,1402.8919673508644,1402.8919673508644
1996-03-08,1404.5,1404.5,244.70825913664194,244.70825913664194,1403.1451990913918,1403.1451990913918
1996-03-09,1404.5,1404.5,244.70676103757677,244.70676103757677,1403.4104534142102,1403.4104534142102
1996-03-10,1404.5,1404.5,244.70760480734089,244.70760480734089,1403.7185431526339,1403.7185431526339
1996-03-11,1404.5,1404.5,244.70251290324458,244.70251290324458,1404.0213262658472,1404.0213262658472
1996-03-12,1404.5,1404.5,244.79776349429918,244.79776349429918,1403.9910103472025,1403.9910103472025
1996-03-13,1404.5,1404.5,244.82633886867552,244.82633886867552,1403.4721895039495,1403.4721895039495
1996-03-14,1404.5,1404.5,244.89541337885365,244.89541337885365,1402.0947349454502,1402.0947349454502
1996-03-15,1404.5,1404.5,245.12079383954034,245.12079383954034,1398.8773184309903,1398.8773184309903
1996-03-16,1404.5,1404.5,245.76045807499315,245.76045807499315,1391.7641017684248,1391.7641017684248
1996-03-17,1404.5,1404.5,246.90366225235857,246.90366225235857,1377.8801687763714,1377.8801687763714
1996-03-18,1404.5,1404.5,246.74952470002575,246.74952470002575,1377.8801687763714,1377.8801687763714
1996-03-19,1404.5,1404.5,246.54149794654978,246.54149794654978,1378.5563137088945,1378.5563137088945
1996-03-20,1404.5,1404.5,246.3447481135879,246.3447481135879,1379.3678594408314,1379.3678594408314
1996-03-21,1404.5,1404.5,246.15361841844833,246.15361841844833,1380.2171559694261,1380.2171559694261
1996-03-22,1404.5,1404.5,245.95467540473393,245.95467540473393,1381.1166390378016,1381.1166390378016
1996-03-23,1404.5,1404.5,245.71961477779868,245.71961477779868,1381.8043813325357,1381.8043813325357
1996-03-24,1404.5,1404.5,245.45101000407828,245.45101000407828,1382.305629949561,1382.305629949561
1996-03-25,1404.5,1404.5,245.17977104266063,245.17977104266063,1382.8081017908355,1382.8081017908355
1996-03-26,1404.5,1404.5,244.89946880426024,244.89946880426024,1383.3250931408945,1383.3250931408945
1996-03-27,1404.5,1404.5,244.60837407859287,244.60837407859287,1383.8312603645481,1383.8312603645481
1996-03-28,1404.5,1404.5,244.62835805499358,244.62835805499358,1384.3801359963925,1384.3801359963925
1996-03-29,1404.5,1404.5,244.60893086394194,244.60893086394194,1384.876640594026,1384.876640594026
1996-03-30,1404.5,1404.5,244.58595492992893,244.58595492992893,1385.2945156975593,1385.2945156975593
1996-03-31,1404.5,1404.5,244.58460435351398,244.58460435351398,1385.7246957766704,1385.7246957766704
1996-04-01,1404.5,1404.5,244.6050094490655,244.6050094490655,1386.2000563439667,1386.2000563439667
1996-04-02,1404.5,1404.5,244.65362236707526,244.65362236707526,1386.7577758934,1386.7577758934
1996-04-03,1404.5,1404.5,244.61693283611604,244.61693283611604,1387.1764968640518,1387.1764968640518
1996-04-04,1404.5,1404.5,244.60120733838494,244.60120733838494,1387.5717596783186,1387.5717596783186
1996-04-05,1404.5,1404.5,244.54485457777366,244.54485457777366,1387.9763689053557,1387.9763689053557
1996-04-06,1404.5,1404.5,244.53971000948857,244.53971000948857,1388.417476042115,1388.417476042115
1996-04-07,1404.5,1404.5,244.50013408121276,244.50013408121276,1388.9308922546704,1388.9308922546704
1996-04-08,1404.5,1404.5,244.51489132551572,244.51489132551572,1389.5067853845408,1389.5067853845408
1996-04-09,1404.5,1404.5,244.55058790691064,244.55058790691064,1389.649341656453,1389.649341656453
1996-04-10,1404.5,1404.5,244.6726016054794,244.6726016054794,1389.2844011390798,1389.2844011390798
1996-04-11,1404.5,1404.5,244.82614814943312,244.82614814943312,1387.7754513738598,1387.7754513738598
1996-04-12,1404.5,1404.5,245.0369026171819,245.0369026171819,1384.1291312128772,1384.1291312128772
1996-04-13,1404.5,1404.5,245.34155900846883,245.34155900846883,1377.8801687763714,1377.8801687763714
1996-04-14,1404.5,1404.5,245.08248082540578,245.08248082540578,1377.8801687763714,1377.8801687763714
1996-04-15,1404.5,1404.5,244.84372828075948,244.84372828075948,1377.8801687763714,1377.8801687763714
1996-04-16,1404.5,1404.5,244.55232296501092,244.55232296501092,1378.6287977449451,1378.6287977449451
1996-04-17,1404.5,1404.5,244.31570884762704,244.31570884762704,1379.578313527059,1379.578313527059
1996-04-18,1404.5,1404.5,244.4139349369799,244.4139349369799,1380.2363597644726,1380.2363597644726
1996-04-19,1404.5,1404.5,244.47436577778203,244.47436577778203,1380.8583789959916,1380.8583789959916
1996-04-20,1404.5,1404.5,244.52697202932478,244.52697202932478,1381.4680330263839,1381.4680330263839
1996-04-21,1404.5,1404.5,244.581784708759,244.581784708759,1382.0752445477974,1382.0752445477974
1996-04-22,1404.5,1404.5,244.58752822665272,244.58752822665272,1382.6646524694515,1382.6646524694515
1996-04-23,1404.5,1404.5,244.58532659294735,244.58532659294735,1383.2545374435358,1383.2545374435358
1996-04-24,1404.5,1404.5,244.59224605288577,244.59224605288577,1383.9319713941445,1383.9319713941445
1996-04-25,1404.5,1404.5,244.59918996864016,244.59918996864016,1384.6356155827777,1384.6356155827777
1996-04-26,1404.5,1404.5,244.6220558909394,244.6220558909394,1385.5061552151815,1385.5061552151815
1996-04-27,1404.5,1404.5,244.64891435965808,244.64891435965808,1386.571118659637,1386.571118659637
1996-04-28,1404.5,1404.5,244.65720770819073,244.65720770819073,1387.7852478382185,1387.7852478382185
1996-04-29,1404.5,1404.5,244.79611847633691,244.79611847633691,1389.0832434847075,1389.0832434847075
1996-04-30,1404.5,1404.5,244.93631990926133,244.93631990926133,1390.3279388926187,1390.3279388926187
1996-05-01,1404.5,1404.5,245.09214736099986,245.09214736099986,1391.5932439418898,1391.5932439418898
1996-05-02,1404.5,1404.5,245.2410655987305,245.2410655987305,1392.8987276793846,1392.8987276793846
1996-05-03,1404.5,1404.5,245.37678180019276,245.37678180019276,1394.2449006565384,1394.2449006565384
1996-05-04,1404.5,1404.5,245.46760850855958,245.46760850855958,1395.4577708590268,1395.4577708590268
1996-05-05,1404.5,1404.5,245.53817634104786,245.53817634104786,1396.5655207260425,1396.5655207260425
1996-05-06,1404.5,1404.5,245.618857348456,245.618857348456,1397.718601143462,1397.718601143462
1996-05-07,1404.5,1404.5,245.70611240038625,245.70611240038625,1398.9920375593374,1398.9920375593374
1996-05-08,1404.5,1404.5,245.77947857368787,245.77947857368787,1400.2664932243981,1400.2664932243981
1996-05-09,1404.5,1404.5,245.8349110317418,245.8349110317418,1401.3878896542521,1401.3878896542521
1996-05-10,1404.5,1404.5,245.86409167296048,245.86409167296048,1402.4258199982478,1402.4258199982478
1996-05-11,1404.5,1404.5,245.92927600508534,245.92927600508534,1403.4789180905648,1403.4789180905648
1996-05-12,1404.5,1404.5,246.0311271399008,246.0311271399008,1404.7947926343688,1404.7947926343688
1996-05-13,1404.5,1404.5,246.158230002875,246.158230002875,1406.1535903775246,1406.1535903775246
1996-05-14,1404.5,1404.5,246.27163307698373,246.27163307698373,1407.4568939432363,1407.4568939432363
1996-05-15,1404.5,1404.5,246.37190324828245,246.37190324828245,1408.5950664267002,1408.5950664267002
1996-05-16,1404.5,1404.5,246.6421635970463,246.6421635970463,1410.0892405414306,1410.0892405414306
1996-05-17,1404.5,1404.5,246.95790091016096,246.95790091016096,1411.13252588885,1411.13252588885
1996-05-18,1404.5,1404.5,247.17836583392008,247.17836583392008,1411.9886256055859,1411.9886256055859
1996-05-19,1404.5,1404.5,247.2358109888895,247.2358109888895,1412.5967892934987,1412.5967892934987
1996-05-20,1404.5,1404.5,247.28791083293376,247.28791083293376,1413.1718734900353,1413.1718734900353
1996-05-21,1404.5,1404.5,247.3363494066261,247.3363494066261,1413.7594925707547,1413.7594925707547
1996-05-22,1404.5,1404.5,247.3899621396582,247.3899621396582,1414.3689641161366,1414.3689641161366
1996-05-23,1404.5,1404.5,247.43402589040952,247.43402589040952,1414.9111067954768,1414.9111067954768
1996-05-24,1404.5,1404.5,247.50259953573996,247.50259953573996,1415.5238415521933,1415.5238415521933
1996-05-25,1404.5,1404.5,247.55457593939647,247.55457593939647,1416.1061895884252,1416.1061895884252
1996-05-26,1404.5,1404.5,247.60253413851254,247.60253413851254,1416.6739212274124,1416.6739212274124
1996-05-27,1404.5,1404.5,247.65451700270322,247.65451700270322,1417.266225965219,1417.266225965219
1996-05-28,1404.5,1404.5,247.74651688923626,247.74651688923626,1417.4356926827663,1417.4356926827663
1996-05-29,1404.5,1404.5,247.87881701751525,247.87881701751525,1417.1994502471275,1417.1994502471275
1996-05-30,1404.5,1404.5,248.1092472793726,248.1092472793726,1416.2269307379308,1416.2269307379308
1996-05-31,1404.5,1404.5,248.52671890938416,248.52671890938416,1413.7260798482637,1413.7260798482637
1996-06-01,1404.5,1404.5,249.32391727042935,249.32391727042935,1407.9719341677062,1407.9719341677062
1996-06-02,1404.5,1404.5,249.3732291699864,249.37322916998642,1408.6128201292654,1408.6128201292654
1996-06-03,1404.5,1404.5,249.43459252200847,249.4345925220085,1409.3537564532464,1409.3537564532462
1996-06-04,1404.5,1404.5,249.50096208378855,249.50096208378855,1410.0996458460647,1410.0996458460647
1996-06-05,1404.5,1404.5,249.5564985034557,249.55649850345574,1410.8051392160303,1410.8051392160303
1996-06-06,1404.5,1404.5,249.78609442428126,249.7860944242813,1411.5120329460422,1411.5120329460422
1996-06-07,1404.5,1404.5,250.0435847348806,250.0435847348806,1412.1707392101303,1412.1707392101303
1996-06-08,1404.5,1404.5,250.25959213714737,250.2595921371474,1412.775873449205,1412.775873449205
1996-06-09,1404.5,1404.5,250.46096702652403,250.46096702652403,1413.3700251397427,1413.3700251397427
1996-06-10,1404.5,1404.5,250.63633948988658,250.63633948988658,1413.9518382838226,1413.9518382838226
1996-06-11,1404.5,1404.5,250.78852921780586,250.78852921780586,1414.4577841823357,1414.4577841823357
1996-06-12,1404.5,1404.5,250.900814906162,250.90081490616203,1414.904564602164,1414.9045646021639
1996-06-13,1404.5,1404.5,251.00939253796042,251.00939253796042,1415.2728123086056,1415.2728123086056
1996-06-14,1404.5,1404.5,251.09519943933208,251.0951994393321,1415.6180313801015,1415.6180313801015
1996-06-15,1404.5,1404.5,251.1523799043347,251.15237990433474,1415.951482270283,1415.9514822702827
1996-06-16,1404.5,1404.5,251.19237218890885,251.19237218890885,1416.2678033023972,1416.2678033023972
1996-06-17,1404.5,1404.5,251.21572213942642,251.21572213942642,1416.6268104581318,1416.6268104581316
1996-06-18,1404.5,1404.5,251.2382979877622,251.2382979877622,1416.9087165187357,1416.9087165187357
1996-06-19,1404.5,1404.5,251.2458553968385,251.2458553968385,1417.1657210871774,1417.1657210871774
1996-06-20,1404.5,1404.5,251.24886204796843,251.24886204796843,1417.4183733727505,1417.4183733727505
1996-06-21,1404.5,1404.5,251.23929349145226,251.23929349145226,1417.6641417316018,1417.6641417316018
1996-06-22,1404.5,1404.5,251.21242748169743,251.21242748169746,1417.8727629948169,1417.8727629948169
1996-06-23,1404.5,1404.5,251.17021448125104,251.17021448125104,1418.0526978883358,1418.0526978883358
1996-06-24,1404.5,1404.5,251.1311107653765,251.13111076537652,1418.2483084599785,1418.2483084599785
1996-06-25,1404.5,1404.5,251.08431527613982,251.08431527613982,1418.417681782683,1418.417681782683
1996-06-26,1404.5,1404.5,251.02957083365774,251.02957083365774,1418.583709885354,1418.583709885354
1996-06-27,1404.5,1404.5,250.9754994744235,250.97549947442351,1418.745231382074,1418.745231382074
1996-06-28,1404.5,1404.5,250.90116490460377,250.90116490460377,1418.875661214325,1418.875661214325
1996-06-29,1404.5,1404.5,250.82638341593872,250.82638341593872,1419.0052541588052,1419.0052541588052
1996-06-30,1404.5,1404.5,250.7510532069518,250.7510532069518,1419.133607390381,1419.133607390381
1996-07-01,1404.5,1404.5,250.66670305148395,250.66670305148395,1419.3267592331567,1419.3267592331567
1996-07-02,1404.5,1404.5,250.5594703895279,250.55947038952792,1419.421324320418,1419.421324320418
1996-07-03,1404.5,1404.5,250.47329404844749,250.47329404844749,1419.5368622119781,1419.5368622119781
1996-07-04,1404.5,1404.5,250.38737924421673,250.38737924421676,1419.6442928420977,1419.6442928420977
1996-07-05,1404.5,1404.5,250.29164022776146,250.2916402277615,1419.729838130243,1419.729838130243
1996-07-06,1404.5,1404.5,250.19376729598744,250.19376729598744,1419.8101089721074,1419.8101089721072
1996-07-07,1404.5,1404.5,250.10190260272262,250.10190260272265,1419.8718330746315,1419.8718330746315
1996-07-08,1404.5,1404.5,250.010045417894,250.01004541789402,1419.9283851517612,1419.9283851517612
1996-07-09,1404.5,1404.5,249.91552077774926,249.91552077774926,1419.9723796253525,1419.9723796253525
1996-07-10,1404.5,1404.5,249.81926263982942,249.81926263982942,1420.0150949668327,1420.0150949668327
1996-07-11,1404.5,1404.5,249.7175677020479,249.7175677020479,1420.0556351067976,1420.0556351067976
1996-07-12,1404.5,1404.5,249.61513769904832,249.61513769904832,1420.1016811548707,1420.1016811548707
1996-07-13,1404.5,1404.5,249.5019296907831,249.50192969078313,1420.1360250613614,1420.1360250613611
1996-07-14,1404.5,1404.5,249.39197823564908,249.39197823564908,1420.1802236997514,1420.1802236997514
1996-07-15,1404.5,1404.5,249.27380540679005,249.27380540679005,1420.2672792457256,1420.2672792457256
1996-07-16,1404.5,1404.5,249.1357030839066,249.1357030839066,1420.287560368804,1420.2875603688037
1996-07-17,1404.5,1404.5,249.00676451002687,249.00676451002687,1420.3011160090446,1420.3011160090446
1996-07-18,1404.5,1404.5,248.8812454998965,248.88124549989652,1420.311646625798,1420.311646625798
1996-07-19,1404.5,1404.5,248.7548400357937,248.75484003579373,1420.3187154642526,1420.3187154642526
1996-07-20,1404.5,1404.5,248.62889650723073,248.62889650723073,1420.3185169370602,1420.3185169370602
1996-07-21,1404.5,1404.5,248.5062833386413,248.50628333864134,1420.3154844666797,1420.3154844666797
1996-07-22,1404.5,1404.5,248.38456234467608,248.38456234467608,1420.3087061920955,1420.3087061920955
1996-07-23,1404.5,1404.5,248.25893557081795,248.25893557081798,1420.2992354232615,1420.2992354232613
1996-07-24,1404.5,1404.5,248.13335008906927,248.1333500890693,1420.2864034921695,1420.2864034921695
1996-07-25,1404.5,1404.5,248.00691334360107,248.0069133436011,1420.2699683338406,1420.2699683338406
1996-07-26,1404.5,1404.5,247.88028937090422,247.88028937090422,1420.2504968722126,1420.2504968722126
1996-07-27,1404.5,1404.5,247.75271715269633,247.75271715269633,1420.2272564449327,1420.2272564449327
1996-07-28,1404.5,1404.5,247.6260045624119,247.62600456241194,1420.2039385629027,1420.2039385629027
1996-07-29,1404.5,1404.5,247.4926432808901,247.4926432808901,1420.2394340665599,1420.2394340665599
1996-07-30,1404.5,1404.5,247.36843210006666,247.36843210006666,1420.2118842197592,1420.2118842197592
1996-07-31,1404.5,1404.5,247.2455439830862,247.24554398308624,1420.1835659913324,1420.1835659913324
1996-08-01,1404.5,1404.5,247.12395501607745,247.12395501607747,1420.1537091948076,1420.1537091948076
1996-08-02,1404.5,1404.5,247.0050186933155,247.00501869331552,1420.1311959027776,1420.1311959027776
1996-08-03,1404.5,1404.5,246.8859560876062,246.8859560876062,1420.1063394526495,1420.1063394526495
1996-08-04,1404.5,1404.5,246.7571340778252,246.75713407782524,1420.0804344299727,1420.0804344299727
1996-08-05,1404.5,1404.5,246.62969221595264,246.62969221595264,1420.0534554100097,1420.0534554100097
1996-08-06,1404.5,1404.5,246.50362008027037,246.5036200802704,1420.0259064656318,1420.0259064656318
1996-08-07,1404.5,1404.5,246.378648627218,246.378648627218,1419.9972035951018,1419.9972035951018
1996-08-08,1404.5,1404.5,246.25501777729107,246.25501777729107,1419.9669621564738,1419.9669621564738
1996-08-09,1404.5,1404.5,246.1327130996687,246.13271309966873,1419.935182149748,1419.935182149748
1996-08-10,1404.5,1404.5,246.01172041993522,246.01172041993522,1419.9018635749242,1419.9018635749242
1996-08-11,1404.5,1404.5,245.89202771192393,245.89202771192393,1419.8673910739483,1419.8673910739483
1996-08-12,1404.5,1404.5,245.76561469601225,245.76561469601228,1419.9069622790848,1419.9069622790848
1996-08-13,1404.5,1404.5,245.64849489181086,245.64849489181088,1419.8703036352688,1419.8703036352688
1996-08-14,1404.5,1404.5,245.53364743546143,245.53364743546146,1419.855832520038,1419.8558325200377
1996-08-15,1404.5,1404.5,245.41905897503202,245.41905897503202,1419.817898240763,1419.8178982407628
1996-08-16,1404.5,1404.5,245.30571780803706,245.3057178080371,1419.7791946774391,1419.7791946774391
1996-08-17,1404.5,1404.5,245.1936103764582,245.19361037645822,1419.739045040569,1419.739045040569
1996-08-18,1404.5,1404.5,245.082726126779,245.08272612677902,1419.698033625098,1419.698033625098
1996-08-19,1404.5,1404.5,244.97305495758133,244.97305495758133,1419.6562529255784,1419.6562529255784
1996-08-20,1404.5,1404.5,244.86458686274054,244.86458686274057,1419.6140875839558,1419.6140875839558
1996-08-21,1404.5,1404.5,244.7573111658031,244.75731116580312,1419.571195144815,1419.571195144815
1996-08-22,1404.5,1404.5,244.649602712153,244.64960271215304,1419.5277914396768,1419.5277914396765
1996-08-23,1404.5,1404.5,244.54308033305287,244.5430803330529,1419.4837028880102,1419.4837028880102
1996-08-24,1404.5,1404.5,244.43773208450494,244.43773208450497,1419.4388450522945,1419.4388450522945
1996-08-25,1404.5,1404.5,244.33354586597528,244.3335458659753,1419.3932179323729,1419.3932179323726
1996-08-26,1404.5,1404.5,244.22185083490484,244.22185083490487,1419.4078343296176,1419.4078343296176
1996-08-27,1404.5,1404.5,244.11995549627233,244.11995549627235,1419.3606686415978,1419.3606686415978
1996-08-28,1404.5,1404.5,244.0191902325099,244.0191902325099,1419.3131183116323,1419.3131183116323
1996-08-29,1404.5,1404.5,243.9195444241066,243.91954442410662,1419.2647986976178,1419.2647986976178
1996-08-30,1404.5,1404.5,243.821006932368,243.82100693236802,1419.2160944415002,1419.2160944415002
1996-08-31,1404.5,1404.5,243.72356662939436,243.72356662939438,1419.1662362592306,1419.1662362592306
1996-09-01,1404.5,1404.5,243.62721279196808,243.6272127919681,1419.11548057893,1419.11548057893
1996-09-02,1404.5,1404.5,243.53163809272303,243.53163809272303,1419.082546646052,1419.082546646052
1996-09-03,1404.5,1404.5,243.43539294359167,243.4353929435917,1419.0484587871792,1419.0484587871792
1996-09-04,1404.5,1404.5,243.34022073212014,243.34022073212017,1419.0136016442575,1419.0136016442575
1996-09-05,1404.5,1404.5,243.24611111105946,243.2461111110595,1418.9779752172867,1418.9779752172867
1996-09-06,1404.5,1404.5,243.15305393738544,243.15305393738547,1418.9411121660867,1418.9411121660867
1996-09-07,1404.5,1404.5,243.06103899051587,243.0610389905159,1418.9034080310078,1418.9034080310075
1996-09-08,1404.5,1404.5,242.9700558162039,242.97005581620394,1418.865089109787,1418.8650891097868
1996-09-09,1404.5,1404.5,242.87143452591621,242.87143452591624,1418.8872641503515,1418.8872641503513
1996-09-10,1404.5,1404.5,242.7824837784779,242.78248377847794,1418.847120377342,1418.847120377342
1996-09-11,1404.5,1404.5,242.69453400880596,242.694534008806,1418.8063653898353,1418.8063653898353
1996-09-12,1404.5,1404.5,242.6075753400056,242.60757534000564,1418.7645846903156,1418.7645846903156
1996-09-13,1404.5,1404.5,242.52169511817308,242.5216951181731,1418.7226451886154,1418.7226451886154
1996-09-14,1404.5,1404.5,242.43671666206845,242.43671666206848,1418.6881726876395,1418.6881726876395
1996-09-15,1404.5,1404.5,242.35673211420436,242.3567321142044,1418.6540848287668,1418.6540848287668
1996-09-16,1404.5,1404.5,242.27936702248707,242.27936702248707,1418.614611981394,1418.6146119813939
1996-09-17,1404.5,1404.5,242.20292163215404,242.20292163215407,1418.5739852080264,1418.5739852080262
1996-09-18,1404.5,1404.5,242.1273119705407,242.1273119705407,1418.530202703107,1418.530202703107
1996-09-19,1404.5,1404.5,242.0525708940627,242.0525708940627,1418.4861141514407,1418.4861141514405
1996-09-20,1404.5,1404.5,241.97868960511784,241.97868960511786,1418.442025599774,1418.442025599774
1996-09-21,1404.5,1404.5,241.90565945668553,241.90565945668553,1418.3975524060043,1418.3975524060043
1996-09-22,1404.5,1404.5,241.83347188404878,241.8334718840488,1418.3527973551315,1418.3527973551315
1996-09-23,1404.5,1404.5,241.75345894094005,241.75345894094008,1418.3689523204744,1418.3689523204744
1996-09-24,1404.5,1404.5,241.68293126733485,241.68293126733488,1418.3233252005525,1418.3233252005525
1996-09-25,1404.5,1404.5,241.61322118747992,241.61322118747995,1418.277313438685,1418.2773134386848
1996-09-26,1404.5,1404.5,241.54432055255018,241.5443205525502,1418.2309170347141,1418.2309170347141
1996-09-27,1404.5,1404.5,241.47622128010127,241.4762212801013,1418.1841359887976,1418.1841359887976
1996-09-28,1404.5,1404.5,241.40891536184188,241.4089153618419,1418.137338702417,1418.137338702417
1996-09-29,1404.5,1404.5,241.3424422173461,241.34244221734613,1418.0897883724515,1418.0897883724515
1996-09-30,1404.5,1404.5,241.2786930767165,241.27869307671654,1418.041853400383,1418.041853400383
1996-10-01,1404.5,1404.5,241.21569375687815,241.21569375687818,1417.9932983853246,1417.9932983853246
1996-10-02,1404.5,1404.5,241.15555951175267,241.15555951175267,1418.0165221891218,1418.0165221891218
1996-10-03,1404.5,1404.5,241.09994338696853,241.09994338696856,1417.9808957621512,1417.980895762151
1996-10-04,1404.5,1404.5,241.04798381712888,241.0479838171289,1417.9321915060336,1417.9321915060334
1996-10-05,1404.5,1404.5,240.99664904509314,240.99664904509314,1417.883487249916,1417.8834872499158
1996-10-06,1404.5,1404.5,240.94593280245823,240.94593280245826,1417.8343983518523,1417.8343983518523
1996-10-07,1404.5,1404.5,240.88716942361572,240.88716942361572,1417.8467068969503,1417.8467068969503
1996-10-08,1404.5,1404.5,240.8376717177781,240.83767171777814,1417.7968487146807,1417.7968487146807
1996-10-09,1404.5,1404.5,240.7836798161965,240.78367981619652,1417.746990532411,1417.746990532411
1996-10-10,1404.5,1404.5,240.72746258452025,240.72746258452025,1417.6967477081953,1417.6967477081953
1996-10-11,1404.5,1404.5,240.6697208919941,240.66972089199413,1417.6463125629282,1417.6463125629282
1996-10-12,1404.5,1404.5,240.6111389221319,240.61113892213191,1417.5954441145375,1417.5954441145375
1996-10-13,1404.5,1404.5,240.55515699845463,240.55515699845466,1417.5442044019096,1417.5442044019094
1996-10-14,1404.5,1404.5,240.50086783088474,240.50086783088477,1417.492683077122,1417.4926830771217
1996-10-15,1404.5,1404.5,240.44728049354512,240.44728049354515,1417.4409016848083,1417.4409016848083
1996-10-16,1404.5,1404.5,240.3923792832123,240.39237928321234,1417.3889889953402,1417.38898899534
1996-10-17,1404.5,1404.5,240.34067134792602,240.34067134792602,1417.3368229609237,1417.3368229609234
1996-10-18,1404.5,1404.5,240.29485218555317,240.2948521855532,1417.2869647786538,1417.2869647786538
1996-10-19,1404.5,1404.5,240.25325528230314,240.25325528230317,1417.2944182592114,1417.2944182592114
1996-10-20,1404.5,1404.5,240.21065092769092,240.21065092769095,1417.2768700076274,1417.2768700076274
1996-10-21,1404.5,1404.5,240.15709369069575,240.15709369069575,1417.2865872008774,1417.2865872008774
1996-10-22,1404.5,1404.5,240.11990699490283,240.11990699490286,1417.2342385234995,1417.2342385234995
1996-10-23,1404.5,1404.5,240.08705080116252,240.08705080116255,1417.1817188440982,1417.1817188440982
1996-10-24,1404.5,1404.5,240.0611863370944,240.06118633709443,1417.1326299460347,1417.1326299460347
1996-10-25,1404.5,1404.5,240.0447976368562,240.04479763685623,1417.1683226939585,1417.1683226939583
1996-10-26,1404.5,1404.5,240.02827030805946,240.0282703080595,1417.1875897607404,1417.1875897607404
1996-10-27,1404.5,1404.5,240.0039584443162,240.00395844431623,1417.1547590007156,1417.1547590007153
1996-10-28,1404.5,1404.5,239.97861488788837,239.9786148878884,1417.1081649290745,1417.1081649290745
1996-10-29,1404.5,1404.5,239.95661360425146,239.9566136042515,1417.1098487791864,1417.1098487791864
1996-10-30,1404.5,1404.5,239.97401610637544,239.97401610637547,1417.1634593036254,1417.1634593036254
1996-10-31,1404.5,1404.5,239.98233752525854,239.98233752525857,1417.2051671310594,1417.2051671310594
1996-11-01,1404.5,1404.5,239.96580798460033,239.96580798460036,1417.2059790506298,1417.2059790506298
1996-11-02,1404.5,1404.5,239.95740823823613,239.95740823823616,1417.0947234254738,1417.0947234254738
1996-11-03,1404.5,1404.5,239.96823378047085,239.96823378047088,1416.878751090364,1416.878751090364
1996-11-04,1404.5,1404.5,240.01871450398207,240.0187145039821,1416.4306514559014,1416.4306514559014
1996-11-05,1404.5,1404.5,240.05216125751804,240.05216125751807,1416.1082853183145,1416.1082853183145
1996-11-06,1404.5,1404.5,240.13975146791316,240.1397514679132,1415.3862399963975,1415.3862399963975
1996-11-07,1404.5,1404.5,240.33727276842254,240.33727276842257,1413.8944272367055,1413.8944272367053
1996-11-08,1404.5,1404.5,240.76996578201326,240.7699657820133,1410.777951198247,1410.7779511982467
1996-11-09,1404.5,1404.5,241.58798442491474,241.58798442491474,1404.3984300457198,1404.3984300457198
1996-11-10,1404.5,1404.5,243.24649111078136,243.2464911107814,1390.1353909985146,1390.1353909985146
1996-11-11,1404.5,1404.5,244.38900891724623,244.38900891724623,1377.8801687763714,1377.8801687763714
1996-11-12,1404.5,1404.5,244.35344140128967,244.35344140128967,1378.14023872473,1378.14023872473
1996-11-13,1404.5,1404.5,244.3297070084366,244.3297070084366,1378.358587568401,1378.358587568401
1996-11-14,1404.5,1404.5,244.30101259086774,244.30101259086774,1378.5710343184642,1378.5710343184642
1996-11-15,1404.5,1404.5,244.2682435996341,244.2682435996341,1378.7083109497257,1378.7083109497257
1996-11-16,1404.5,1404.5,244.23762346514903,244.23762346514903,1378.7290913572067,1378.7290913572067
1996-11-17,1404.5,1404.5,244.31375480489694,244.31375480489694,1379.2635065732743,1379.2635065732743
1996-11-18,1404.5,1404.5,244.59847855178856,244.59847855178856,1380.3835228320042,1380.3835228320042
1996-11-19,1404.5,1404.5,244.6196783244472,244.6196783244472,1381.5429703431898,1381.5429703431898
1996-11-20,1404.5,1404.5,244.4457318124474,244.4457318124474,1382.1023621207046,1382.1023621207046
1996-11-21,1404.5,1404.5,244.4090680171205,244.4090680171205,1382.5040708684937,1382.5040708684937
1996-11-22,1404.5,1404.5,244.61115724344003,244.61115724344003,1383.9217255144592,1383.9217255144592
1996-11-23,1404.5,1404.5,244.60485446509017,244.60485446509017,1384.995921472937,1384.995921472937
1996-11-24,1404.5,1404.5,244.39766074904443,244.39766074904443,1385.1773758809186,1385.1773758809186
1996-11-25,1404.5,1404.5,244.35589315484899,244.35589315484899,1385.2685787804185,1385.2685787804185
1996-11-26,1404.5,1404.5,244.32763977070394,244.32763977070394,1385.3598319294592,1385.3598319294592
1996-11-27,1404.5,1404.5,244.29727314672763,244.29727314672763,1385.4615369811665,1385.4615369811665
1996-11-28,1404.5,1404.5,244.26475823214327,244.26475823214327,1385.5488706667074,1385.5488706667074
1996-11-29,1404.5,1404.5,244.23590950446996,244.23590950446996,1385.6239618915038,1385.6239618915038
1996-11-30,1404.5,1404.5,244.2091029488092,244.2091029488092,1385.6707140555334,1385.6707140555334
1996-12-01,1404.5,1404.5,244.18864485200476,244.18864485200476,1385.7206997769222,1385.7206997769222
1996-12-02,1404.5,1404.5,244.1655247678874,244.1655247678874,1385.8277646704444,1385.8277646704444
1996-12-03,1404.5,1404.5,244.13597702510188,244.13597702510188,1385.8946646272705,1385.8946646272705
1996-12-04,1404.5,1404.5,244.10121062606177,244.10121062606177,1385.9427320321815,1385.9427320321815
1996-12-05,1404.5,1404.5,244.20808147007364,244.20808147007364,1386.2224209242074,1386.2224209242074
1996-12-06,1404.5,1404.5,244.35481701679774,244.35481701679774,1386.5244621045222,1386.5244621045222
1996-12-07,1404.5,1404.5,244.36925330812576,244.36925330812576,1386.6926677103593,1386.6926677103593
1996-12-08,1404.5,1404.5,244.3451171118495,244.3451171118495,1386.7993474656964,1386.7993474656964
1996-12-09,1404.5,1404.5,244.340953291276,244.340953291276,1387.0165761901037,1387.0165761901037
1996-12-10,1404.5,1404.5,244.61824642253399,244.61824642253399,1388.0969855301853,1388.0969855301853
1996-12-11,1404.5,1404.5,245.17794054888924,245.17794054888924,1389.3189082490555,1389.3189082490555
1996-12-12,1404.5,1404.5,245.09594684302994,245.09594684302994,1390.0161179138295,1390.0161179138295
1996-12-13,1404.5,1404.5,244.8007629791369,244.8007629791369,1390.74700808799,1390.74700808799
1996-12-14,1404.5,1404.5,244.46890066237123,244.46890066237123,1391.2415051125083,1391.2415051125083
1996-12-15,1404.5,1404.5,244.45529941884533,244.45529941884533,1391.6967154497627,1391.6967154497627
1996-12-16,1404.5,1404.5,244.45886796402894,244.45886796402894,1392.161512382786,1392.161512382786
1996-12-17,1404.5,1404.5,244.45718354404497,244.45718354404497,1392.616223585806,1392.616223585806
1996-12-18,1404.5,1404.5,244.4553870372676,244.4553870372676,1393.0694373865317,1393.0694373865317
1996-12-19,1404.5,1404.5,244.4512969948627,244.4512969948627,1393.5163524364048,1393.5163524364048
1996-12-20,1404.5,1404.5,244.44699233611462,244.44699233611462,1393.9515909674683,1393.9515909674683
1996-12-21,1404.5,1404.5,244.47230757108957,244.47230757108957,1394.3849939730335,1394.3849939730335
1996-12-22,1404.5,1404.5,244.5786107050975,244.5786107050975,1394.8833971247993,1394.8833971247993
1996-12-23,1404.5,1404.5,244.6262267373191,244.6262267373191,1395.2789689826654,1395.2789689826654
1996-12-24,1404.5,1404.5,244.54970192740151,244.54970192740151,1395.690168569465,1395.690168569465
1996-12-25,1404.5,1404.5,244.50890167956834,244.50890167956834,1396.0754433352583,1396.0754433352583
1996-12-26,1404.5,1404.5,244.51164773943543,244.51164773943543,1396.4252578207172,1396.4252578207172
1996-12-27,1404.5,1404.5,244.59038202344513,244.59038202344513,1396.805977024304,1396.805977024304
1996-12-28,1404.5,1404.5,244.56784960440987,244.56784960440987,1397.1426482246748,1397.1426482246748
1996-12-29,1404.5,1404.5,244.53919702621005,244.53919702621005,1397.4700304501732,1397.4700304501732
1996-12-30,1404.5,1404.5,244.70005746897112,244.70005746897112,1397.8614609482036,1397.8614609482036
1996-12-31,1404.5,1404.5,244.89386876599616,244.89386876599616,1398.382861004456,1398.382861004456
1997-01-01,1404.5,1404.5,245.20481369857114,245.20481369857114,1399.6156109971428,1399.6156109971428
1997-01-02,1404.5,1404.5,248.1667408294194,248.1667408294194,1404.7719794472334,1404.7719794472334
1997-01-03,1404.5,1404.5,252.83821969314357,252.83821969314357,1412.5359303557493,1412.5359303557493
1997-01-04,1410.6626181774825,1410.6626181774825,253.0,253.0,1413.7334155750436,1413.7334155750436
1997-01-05,1404.5,1404.5,252.9825712177102,252.9825712177102,1414.3290053174717,1414.3290053174717
1997-01-06,1404.5,1404.5,252.92200888454548,252.92200888454548,1414.8868274047397,1414.8868274047397
1997-01-07,1404.5,1404.5,252.85554738888945,252.85554738888945,1415.4276886959124,1415.4276886959124
1997-01-08,1404.5,1404.5,252.7849538473136,252.7849538473136,1415.9552303185644,1415.9552303185644
1997-01-09,1404.5,1404.5,252.71610671446535,252.71610671446535,1416.46946671083,1416.46946671083
1997-01-10,1404.5,1404.5,252.63803267357244,252.63803267357244,1416.981809897348,1416.981809897348
1997-01-11,1404.5,1404.5,252.54342477050648,252.54342477050648,1417.490083322969,1417.490083322969
1997-01-12,1404.5,1404.5,252.4272297311539,252.4272297311539,1417.9742217582166,1417.9742217582166
1997-01-13,1404.5,1404.5,252.31172258734992,252.31172258734992,1418.4657746480336,1418.4657746480336
1997-01-14,1404.5,1404.5,252.2089772113781,252.2089772113781,1418.4926386597585,1418.4926386597585
1997-01-15,1404.5,1404.5,252.12699433479787,252.12699433479787,1418.1283081716301,1418.1283081716301
1997-01-16,1404.5,1404.5,252.1274651137035,252.1274651137035,1416.9958066791344,1416.9958066791344
1997-01-17,1404.5,1404.5,252.29896191427392,252.29896191427392,1414.3526423793887,1414.3526423793887
1997-01-18,1404.5,1404.5,252.8375902633179,252.8375902633179,1408.3711039036323,1408.3711039036323
1997-01-19,1409.812590533112,1409.812590533112,253.0,253.0,1394.8896123074016,1394.8896123074016
1997-01-20,1410.1982835624297,1410.1982835624297,253.0,253.0,1377.8801687763714,1377.8801687763714
1997-01-21,1404.5,1404.5,252.9104432936652,252.9104432936652,1378.7076068202912,1378.7076068202912
1997-01-22,1404.5,1404.5,252.81438659289915,252.81438659289915,1379.3574125447974,1379.3574125447974
1997-01-23,1404.5,1404.5,252.93474125233936,252.93474125233936,1380.2566156604937,1380.2566156604937
1997-01-24,1404.5,1404.5,252.94879775046047,252.94879775046047,1381.2515552748355,1381.2515552748355
1997-01-25,1410.0864957280078,1410.0864957280078,253.0,253.0,1382.396243458439,1382.396243458439
1997-01-26,1411.0493710926712,1411.0493710926712,253.0,253.0,1384.2344019812888,1384.2344019812888
1997-01-27,1411.6121738738616,1411.6121738738616,253.0,253.0,1385.5076618907815,1385.5076618907815
1997-01-28,1410.0332974683802,1410.0332974683802,253.0,253.0,1386.2056282066444,1386.2056282066444
1997-01-29,1404.5,1404.5,252.92902999844745,252.92902999844745,1386.865772510637,1386.865772510637
1997-01-30,1404.5,1404.5,252.8440054849568,252.8440054849568,1387.4856439223927,1387.4856439223927
1997-01-31,1404.5,1404.5,252.75160630745114,252.75160630745114,1388.0777059467741,1388.0777059467741
1997-02-01,1404.5,1404.5,252.65871350991077,252.65871350991077,1388.7231410783481,1388.7231410783481
1997-02-02,1404.5,1404.5,252.48666175544162,252.48666175544162,1389.1441284838927,1389.1441284838927
1997-02-03,1404.5,1404.5,252.294269320196,252.294269320196,1389.5522334487741,1389.5522334487741
1997-02-04,1404.5,1404.5,252.18947020705184,252.18947020705184,1389.9117720017625,1389.9117720017625
1997-02-05,1404.5,1404.5,252.06890049442507,252.06890049442507,1390.2267256451405,1390.2267256451405
1997-02-06,1404.5,1404.5,251.9354352319004,251.9354352319004,1390.5247087278228,1390.5247087278228
1997-02-07,1404.5,1404.5,251.79112318658602,251.79112318658602,1390.8138872641139,1390.8138872641139
1997-02-08,1404.5,1404.5,251.63569775802628,251.63569775802628,1391.0881996968662,1391.0881996968662
1997-02-09,1404.5,1404.5,251.46564369198663,251.46564369198663,1391.3508971432843,1391.3508971432843
1997-02-10,1404.5,1404.5,251.28592588788692,251.28592588788692,1391.596313756281,1391.596313756281
1997-02-11,1404.5,1404.5,251.09537559647052,251.09537559647052,1391.8335103944548,1391.8335103944548
1997-02-12,1404.5,1404.5,250.8964302086446,250.8964302086446,1392.0666060385352,1392.0666060385352
1997-02-13,1404.5,1404.5,250.69071705604048,250.69071705604048,1392.2997016826155,1392.2997016826155
1997-02-14,1404.5,1404.5,250.47807447355402,250.47807447355402,1392.5278059853747,1392.5278059853747
1997-02-15,1404.5,1404.5,250.26110342461737,250.26110342461737,1392.7764917022107,1392.7764917022107
1997-02-16,1404.5,1404.5,250.04800382303776,250.04800382303776,1393.0906449323545,1393.0906449323545
1997-02-17,1404.5,1404.5,249.83876120293846,249.83876120293846,1393.4357579692776,1393.4357579692776
1997-02-18,1404.5,1404.5,249.61782254238383,249.61782254238383,1393.743224600572,1393.743224600572
1997-02-19,1404.5,1404.5,249.38919920095003,249.38919920095003,1394.0123163601572,1394.0123163601572
1997-02-20,1404.5,1404.5,249.16166374057357,249.16166374057357,1394.3037882153178,1394.3037882153178
1997-02-21,1404.5,1404.5,248.92729478294592,248.92729478294592,1394.5711217635385,1394.5711217635385
1997-02-22,1404.5,1404.5,248.69006309250483,248.69006309250483,1394.837659395184,1394.837659395184
1997-02-23,1404.5,1404.5,248.44731932394825,248.44731932394825,1395.093216075719,1395.093216075719
1997-02-24,1404.5,1404.5,248.20117608939012,248.20117608939012,1395.338156038184,1395.338156038184
1997-02-25,1404.5,1404.5,247.95151681847807,247.95151681847807,1395.568358053418,1395.568358053418
1997-02-26,1404.5,1404.5,247.6982983351827,247.6982983351827,1395.7849822708329,1395.7849822708329
1997-02-27,1404.5,1404.5,247.44416982731877,247.44416982731877,1396.0018768403982,1396.0018768403982
1997-02-28,1404.5,1404.5,247.1845598575015,247.1845598575015,1396.1855930985046,1396.1855930985046
1997-03-01,1404.5,1404.5,246.91914254965212,246.91914254965212,1396.361597809848,1396.361597809848
1997-03-02,1404.5,1404.5,246.6176489273543,246.6176489273543,1396.5063625761732,1396.5063625761732
1997-03-03,1404.5,1404.5,246.311708623039,246.311708623039,1396.6486317653798,1396.6486317653798
1997-03-04,1404.5,1404.5,246.00206810058665,246.00206810058665,1396.7869859844134,1396.7869859844134
1997-03-05,1404.5,1404.5,245.68985910417223,245.68985910417223,1396.9229302951733,1396.9229302951733
1997-03-06,1404.5,1404.5,245.37187307688328,245.37187307688328,1397.0581091714437,1397.0581091714437
1997-03-07,1404.5,1404.5,245.0539919592488,245.0539919592488,1397.2019068350546,1397.2019068350546
1997-03-08,1404.5,1404.5,244.73486753869236,244.73486753869236,1397.3520551841914,1397.3520551841914
1997-03-09,1404.5,1404.5,244.54365678232327,244.54365678232327,1397.5190603862432,1397.5190603862432
1997-03-10,1404.5,1404.5,244.55024647531602,244.55024647531602,1397.728179386082,1397.728179386082
1997-03-11,1404.5,1404.5,244.5645943210714,244.5645943210714,1398.027003747009,1398.027003747009
1997-03-12,1404.5,1404.5,244.5803312915468,244.5803312915468,1398.4300780551976,1398.4300780551976
1997-03-13,1404.5,1404.5,244.58043284602687,244.58043284602687,1398.8619917119938,1398.8619917119938
1997-03-14,1404.5,1404.5,244.58499043826313,244.58499043826313,1399.3101686574041,1399.3101686574041
1997-03-15,1404.5,1404.5,244.5978788111567,244.5978788111567,1399.8227128728997,1399.8227128728997
1997-03-16,1404.5,1404.5,244.61469576488693,244.61469576488693,1400.3907033348662,1400.3907033348662
1997-03-17,1404.5,1404.5,244.6208392472114,244.6208392472114,1400.8561910197295,1400.8561910197295
1997-03-18,1404.5,1404.5,244.63600525766364,244.63600525766364,1400.7530132431984,1400.7530132431984
1997-03-19,1404.5,1404.5,244.70525041755945,244.70525041755945,1400.3106157235547,1400.3106157235547
1997-03-20,1404.5,1404.5,244.87736642608505,244.87736642608505,1399.2101299128879,1399.2101299128879
1997-03-21,1404.5,1404.5,245.09496582337098,245.09496582337098,1396.3703799098566,1396.3703799098566
1997-03-22,1404.5,1404.5,245.7344432105948,245.7344432105948,1389.3972411204484,1389.3972411204484
1997-03-23,1404.5,1404.5,246.64143664472428,246.64143664472428,1377.8801687763714,1377.8801687763714
1997-03-24,1404.5,1404.5,246.47644880641428,246.47644880641428,1377.8801687763714,1377.8801687763714
1997-03-25,1404.5,1404.5,246.24708360761815,246.24708360761815,1378.766417238675,1378.766417238675
1997-03-26,1404.5,1404.5,246.05388999364123,246.05388999364123,1379.9307349944936,1379.9307349944936
1997-03-27,1404.5,1404.5,245.86905275910783,245.86905275910783,1381.1842306697467,1381.1842306697467
1997-03-28,1404.5,1404.5,245.66237592390456,245.66237592390456,1382.3705036747722,1382.3705036747722
1997-03-29,1404.5,1404.5,245.44057230325828,245.44057230325828,1383.5440931152953,1383.5440931152953
1997-03-30,1404.5,1404.5,245.20057535801942,245.20057535801942,1384.577004259185,1384.577004259185
1997-03-31,1404.5,1404.5,244.92012126400374,244.92012126400374,1385.3376229875555,1385.3376229875555
1997-04-01,1404.5,1404.5,244.6118938448936,244.6118938448936,1386.032013481837,1386.032013481837
1997-04-02,1404.5,1404.5,244.5812736443785,244.5812736443785,1386.588895539,1386.588895539
1997-04-03,1404.5,1404.5,244.2573354310599,244.2573354310599,1387.1380224185482,1387.1380224185482
1997-04-04,1404.5,1404.5,244.2257398430195,244.2257398430195,1387.677476263311,1387.677476263311
1997-04-05,1404.5,1404.5,243.9033194260975,243.9033194260975,1388.2650440345224,1388.2650440345224
1997-04-06,1404.5,1404.5,243.87734907955826,243.87734907955826,1388.8567155172482,1388.8567155172482
1997-04-07,1404.5,1404.5,243.5517072398028,243.5517072398028,1389.4393085848296,1389.4393085848296
1997-04-08,1404.5,1404.5,243.5744560326733,243.5744560326733,1389.4939114267902,1389.4939114267902
1997-04-09,1404.5,1404.5,243.35502333593593,243.35502333593593,1389.064324887228,1389.064324887228
1997-04-10,1404.5,1404.5,243.51918227843666,243.51918227843666,1387.4506550985338,1387.4506550985338
1997-04-11,1404.5,1404.5,243.59601779998258,243.59601779998258,1383.665143067708,1383.665143067708
1997-04-12,1404.5,1404.5,244.09044585202818,244.09044585202818,1377.8801687763714,1377.8801687763714
1997-04-13,1404.5,1404.5,243.80280219594735,243.80280219594735,1377.8801687763714,1377.8801687763714
1997-04-14,1404.5,1404.5,243.8090099232763,243.8090099232763,1377.8801687763714,1377.8801687763714
1997-04-15,1404.5,1404.5,243.47540679411625,243.47540679411625,1378.5765986589324,1378.5765986589324
1997-04-16,1404.5,1404.5,243.4423980785799,243.4423980785799,1379.3794780392784,1379.3794780392784
1997-04-17,1404.5,1404.5,243.14290629089544,243.14290629089544,1380.3734169514514,1380.3734169514514
1997-04-18,1404.5,1404.5,243.25710409379374,243.25710409379374,1381.5528815861267,1381.5528815861267
1997-04-19,1404.5,1404.5,243.42583453759082,243.42583453759082,1382.9080732847467,1382.9080732847467
1997-04-20,1404.5,1404.5,243.580388267967,243.580388267967,1384.0971499786815,1384.0971499786815
1997-04-21,1404.5,1404.5,243.68930352790073,243.68930352790073,1385.0112057054591,1385.0112057054591
1997-04-22,1404.5,1404.5,243.82934266520834,243.82934266520834,1386.2066671830444,1386.2066671830444
1997-04-23,1404.5,1404.5,243.91056738615282,243.91056738615282,1387.0575676237074,1387.0575676237074
1997-04-24,1404.5,1404.5,243.97168081644324,243.97168081644324,1387.8483947494851,1387.8483947494851
1997-04-25,1404.5,1404.5,244.01818066937386,244.01818066937386,1388.5713850079148,1388.5713850079148
1997-04-26,1404.5,1404.5,244.06781984119868,244.06781984119868,1389.3850756704371,1389.3850756704371
1997-04-27,1404.5,1404.5,244.13241756013554,244.13241756013554,1390.2824798728195,1390.2824798728195
1997-04-28,1404.5,1404.5,244.21384886466396,244.21384886466396,1391.2325817115955,1391.2325817115955
1997-04-29,1404.5,1404.5,244.34764274972616,244.34764274972616,1391.7202191537735,1391.7202191537735
1997-04-30,1404.5,1404.5,244.5145438694528,244.5145438694528,1391.6673155218411,1391.6673155218411
1997-05-01,1404.5,1404.5,244.78264332536904,244.78264332536904,1390.67993149085,1390.67993149085
1997-05-02,1404.5,1404.5,245.26408131023902,245.26408131023902,1387.5011079195438,1387.5011079195438
1997-05-03,1404.5,1404.5,246.16500103819945,246.16500103819945,1379.4339258083967,1379.4339258083967
1997-05-04,1404.5,1404.5,246.36931354341212,246.36931354341212,1377.8801687763714,1377.8801687763714
1997-05-05,1404.5,1404.5,246.50970026618,246.50970026618,1377.8801687763714,1377.8801687763714
1997-05-06,1404.5,1404.5,246.60426145728118,246.60426145728118,1379.3727294391476,1379.3727294391476
1997-05-07,1404.5,1404.5,246.68877725315866,246.68877725315866,1380.9022335409325,1380.9022335409325
1997-05-08,1404.5,1404.5,246.76784375057719,246.76784375057719,1382.4722868601898,1382.4722868601898
1997-05-09,1404.5,1404.5,246.85794180127564,246.85794180127564,1384.0855427694519,1384.0855427694519
1997-05-10,1404.5,1404.5,246.94645912265136,246.94645912265136,1385.6505553487075,1385.6505553487075
1997-05-11,1404.5,1404.5,247.04076128847862,247.04076128847862,1387.3537651619445,1387.3537651619445
1997-05-12,1404.5,1404.5,247.13480869180506,247.13480869180506,1388.9843410606038,1388.9843410606038
1997-05-13,1404.5,1404.5,247.21691598938435,247.21691598938435,1390.385356884281,1390.385356884281
1997-05-14,1404.5,1404.5,247.30137565463065,247.30137565463065,1391.7284510380168,1391.7284510380168
1997-05-15,1404.5,1404.5,247.38213453897657,247.38213453897657,1393.1355046212375,1393.1355046212375
1997-05-16,1404.5,1404.5,247.45884176681741,247.45884176681741,1394.3074715858663,1394.3074715858663
1997-05-17,1404.5,1404.5,247.53046871601467,247.53046871601467,1395.3921486252375,1395.3921486252375
1997-05-18,1404.5,1404.5,247.66228082052797,247.66228082052797,1396.4491696238115,1396.4491696238115
1997-05-19,1404.5,1404.5,247.79510521834362,247.79510521834362,1397.46011441069,1397.46011441069
1997-05-20,1404.5,1404.5,247.91443125567227,247.91443125567227,1398.4104491281093,1398.4104491281093
1997-05-21,1404.5,1404.5,248.02166913683538,248.02166913683538,1399.372180758465,1399.372180758465
1997-05-22,1404.5,1404.5,248.10807174586003,248.10807174586003,1400.2544724173677,1400.2544724173677
1997-05-23,1404.5,1404.5,248.18931259727984,248.18931259727984,1401.1172881974408,1401.1172881974408
1997-05-24,1404.5,1404.5,248.23002730751844,248.23002730751844,1401.75323125993,1401.75323125993
1997-05-25,1404.5,1404.5,248.25660100777844,248.25660100777844,1402.3087400103802,1402.3087400103802
1997-05-26,1404.5,1404.5,248.2859468229083,248.2859468229083,1402.838252008484,1402.838252008484
1997-05-27,1404.5,1404.5,248.32024385479843,248.32024385479843,1403.3854847091009,1403.3854847091009
1997-05-28,1404.5,1404.5,248.3615434470278,248.3615434470278,1403.9579340325388,1403.9579340325388
1997-05-29,1404.5,1404.5,248.4134940371354,248.4134940371354,1404.6108101203774,1404.6108101203774
1997-05-30,1404.5,1404.5,248.4718697274349,248.4718697274349,1405.3451181968906,1405.3451181968906
1997-05-31,1404.5,1404.5,248.53297474039692,248.53297474039692,1406.1042264283055,1406.1042264283055
1997-06-01,1404.5,1404.5,248.5903223933718,248.5903223933718,1406.8783877974265,1406.8783877974265
1997-06-02,1404.5,1404.5,248.64138482893682,248.64138482893682,1407.561480997831,1407.561480997831
1997-06-03,1404.5,1404.5,248.68704940844245,248.68704940844245,1408.2352246171681,1408.2352246171681
1997-06-04,1404.5,1404.5,248.72186648110653,248.72186648110653,1408.9482380295906,1408.9482380295906
1997-06-05,1404.5,1404.5,248.76476333552972,248.76476333552972,1409.5496596635617,1409.5496596635617
1997-06-06,1404.5,1404.5,248.79276530990606,248.79276530990606,1409.9789528556553,1409.9789528556553
1997-06-07,1404.5,1404.5,248.81732712370945,248.81732712370945,1410.3907575678143,1410.3907575678143
1997-06-08,1404.5,1404.5,248.84084198106675,248.84084198106675,1410.8409743361667,1410.8409743361667
1997-06-09,1404.5,1404.5,248.86766504774204,248.86766504774204,1411.3278824087208,1411.3278824087208
1997-06-10,1404.5,1404.5,248.89570689290917,248.89570689290917,1411.8001584202505,1411.8001584202505
1997-06-11,1404.5,1404.5,248.92375305792137,248.92375305792137,1412.285864776017,1412.285864776017
1997-06-12,1404.5,1404.5,248.95512271018166,248.95512271018166,1412.8119425089744,1412.8119425089744
1997-06-13,1404.5,1404.5,248.97812389694232,248.97812389694232,1413.1963034190326,1413.1963034190326
1997-06-14,1404.5,1404.5,248.99481192002742,248.99481192002742,1413.5626602641917,1413.5626602641917
1997-06-15,1404.5,1404.5,249.01406119962024,249.01406119962024,1413.9410120969937,1413.9410120969937
1997-06-16,1404.5,1404.5,249.02672279608737,249.02672279608737,1414.2973692580274,1414.2973692580274
1997-06-17,1404.5,1404.5,249.03958842665583,249.03958842665583,1414.6535226048773,1414.6535226048773
1997-06-18,1404.5,1404.5,249.04828710512348,249.04828710512348,1415.1416333433026,1415.1416333433026
1997-06-19,1404.5,1404.5,249.05933767681785,249.05933767681785,1415.5880412430483,1415.5880412430483
1997-06-20,1404.5,1404.5,249.06810444573983,249.06810444573983,1416.0597576560417,1416.0597576560417
1997-06-21,1404.5,1404.5,249.0721469269234,249.0721469269234,1416.4945484340556,1416.4945484340556
1997-06-22,1404.5,1404.5,249.07180129172002,249.07180129172002,1416.913138089693,1416.913138089693
1997-06-23,1404.5,1404.5,249.06696697387758,249.06696697387758,1417.3140803689232,1417.3140803689232
1997-06-24,1404.5,1404.5,249.08860526771983,249.08860526771983,1417.6848135621847,1417.6848135621847
1997-06-25,1404.5,1404.5,249.16350432965297,249.16350432965297,1418.0846019152627,1418.0846019152627
1997-06-26,1404.5,1404.5,249.24836991040715,249.24836991040715,1418.4982154685447,1418.4982154685447
1997-06-27,1404.5,1404.5,249.32912758720533,249.32912758720533,1418.9236862535508,1418.9236862535508
1997-06-28,1404.5,1404.5,249.4113219856696,249.4113219856696,1419.3240336197475,1419.3240336197475
1997-06-29,1404.5,1404.5,249.47613719614318,249.47613719614318,1419.6772802869984,1419.6772802869984
1997-06-30,1404.5,1404.5,249.5218435111854,249.5218435111854,1419.99131118385,1419.99131118385
1997-07-01,1404.5,1404.5,249.53508393831373,249.53508393831373,1420.152319358338,1420.152319358338
1997-07-02,1404.5,1404.5,249.51589290111588,249.51589290111588,1420.2936361640366,1420.2936361640366
1997-07-03,1404.5,1404.5,249.51296709107973,249.51296709107973,1420.373786988558,1420.373786988558
1997-07-04,1404.5,1404.5,249.50517234991779,249.50517234991779,1420.4508113036056,1420.4508113036056
1997-07-05,1404.5,1404.5,249.4923424906278,249.4923424906278,1420.5614534154981,1420.5614534154981
1997-07-06,1404.5,1404.5,249.47007909468488,249.47007909468488,1420.6818175541393,1420.6818175541393
1997-07-07,1404.5,1404.5,249.43641005540664,249.43641005540664,1420.7933791774778,1420.7933791774778
1997-07-08,1404.5,1404.5,249.399427067642,249.399427067642,1420.8621627190132,1420.8621627190132
1997-07-09,1404.5,1404.5,249.35789993171184,249.35789993171184,1420.9260535548194,1420.9260535548194
1997-07-10,1404.5,1404.5,249.31362157033405,249.31362157033405,1420.989417692887,1420.989417692887
1997-07-11,1404.5,1404.5,249.24885175971616,249.24885175971616,1421.049455204969,1421.049455204969
1997-07-12,1404.5,1404.5,249.1818275019175,249.1818275019175,1421.1028944417064,1421.1028944417064
1997-07-13,1404.5,1404.5,249.10975849214023,249.10975849214023,1421.1526099269831,1421.1526099269831
1997-07-14,1404.5,1404.5,249.03890745557814,249.03890745557814,1421.1942632491491,1421.1942632491491
1997-07-15,1404.5,1404.5,248.92954525980747,248.92954525980747,1421.2310611633297,1421.2310611633297
1997-07-16,1404.5,1404.5,248.8135868989512,248.8135868989512,1421.3208347898592,1421.3208347898592
1997-07-17,1404.5,1404.5,248.71922850983245,248.71922850983245,1421.3446573536237,1421.3446573536237
1997-07-18,1404.5,1404.5,248.61901179485847,248.61901179485847,1421.3636180416,1421.3636180416
1997-07-19,1404.5,1404.5,248.51497367302832,248.51497367302832,1421.3755197284431,1421.3755197284431
1997-07-20,1404.5,1404.5,248.4123208519274,248.4123208519274,1421.3859510595673,1421.3859510595673
1997-07-21,1404.5,1404.5,248.3110434086047,248.3110434086047,1421.3960148016863,1421.3960148016863
1997-07-22,1404.5,1404.5,248.20193329820015,248.20193329820015,1421.4038730102268,1421.4038730102268
1997-07-23,1404.5,1404.5,248.10354872824544,248.10354872824544,1421.4190829975132,1421.4190829975132
1997-07-24,1404.5,1404.5,247.988982640018,247.988982640018,1421.4199537822606,1421.4199537822606
1997-07-25,1404.5,1404.5,247.86678084128545,247.86678084128545,1421.4151301725349,1421.4151301725349
1997-07-26,1404.5,1404.5,247.7476656855753,247.7476656855753,1421.4016682226957,1421.4016682226957
1997-07-27,1404.5,1404.5,247.63077027787276,247.63077027787276,1421.3853821262583,1421.3853821262583
1997-07-28,1404.5,1404.5,247.5151654653565,247.5151654653565,1421.3663350883871,1421.3663350883871
1997-07-29,1404.5,1404.5,247.39639511610963,247.39639511610963,1421.343683415228,1421.343683415228
1997-07-30,1404.5,1404.5,247.2701613487926,247.2701613487926,1421.3788494234718,1421.3788494234718
1997-07-31,1404.5,1404.5,247.15424033832895,247.15424033832895,1421.3558301613077,1421.3558301613077
1997-08-01,1404.5,1404.5,247.0370479970918,247.0370479970918,1421.3287674208407,1421.3287674208407
1997-08-02,1404.5,1404.5,246.91870183402204,246.91870183402204,1421.310430390216,1421.310430390216
1997-08-03,1404.5,1404.5,246.79037166333515,246.79037166333515,1421.2904738660839,1421.2904738660839
1997-08-04,1404.5,1404.5,246.6615020451731,246.6615020451731,1421.2703013879786,1421.2703013879786
1997-08-05,1404.5,1404.5,246.5340051946497,246.5340051946497,1421.2495440375167,1421.2495440375167
1997-08-06,1404.5,1404.5,246.40789672073228,246.40789672073228,1421.2283627200766,1421.2283627200766
1997-08-07,1404.5,1404.5,246.28291107974076,246.28291107974076,1421.2070138855183,1421.2070138855183
1997-08-08,1404.5,1404.5,246.15928652357604,246.15928652357604,1421.1854649790735,1421.1854649790735
1997-08-09,1404.5,1404.5,246.03699694318928,246.03699694318928,1421.1631808947689,1421.1631808947689
1997-08-10,1404.5,1404.5,245.91600037534218,245.91600037534218,1421.1386912768855,1421.1386912768855
1997-08-11,1404.5,1404.5,245.79628856225588,245.79628856225588,1421.1119883639997,1421.1119883639997
1997-08-12,1404.5,1404.5,245.67786749394247,245.67786749394247,1421.083240679279,1421.083240679279
1997-08-13,1404.5,1404.5,245.55199684799598,245.55199684799598,1421.1063987822322,1421.1063987822322
1997-08-14,1404.5,1404.5,245.43606780384056,245.43606780384056,1421.070268848063,1421.070268848063
1997-08-15,1404.5,1404.5,245.3214083521125,245.3214083521125,1421.0337820614902,1421.0337820614902
1997-08-16,1404.5,1404.5,245.2080057395058,245.2080057395058,1420.996794419693,1420.996794419693
1997-08-17,1404.5,1404.5,245.09584388007823,245.09584388007823,1420.958591147359,1420.958591147359
1997-08-18,1404.5,1404.5,244.98490843456247,244.98490843456247,1420.919030382978,1420.919030382978
1997-08-19,1404.5,1404.5,244.875188143368,244.875188143368,1420.8787344407376,1420.8787344407376
1997-08-20,1404.5,1404.5,244.76667194026635,244.76667194026635,1420.8377033206375,1420.8377033206375
1997-08-21,1404.5,1404.5,244.65934858243386,244.65934858243386,1420.795569433823,1420.795569433823
1997-08-22,1404.5,1404.5,244.5515930384806,244.5515930384806,1420.752486678787,1420.752486678787
1997-08-23,1404.5,1404.5,244.44502440442162,244.44502440442162,1420.7085148472486,1420.7085148472486
1997-08-24,1404.5,1404.5,244.33963106450676,244.33963106450676,1420.6638078378503,1420.6638078378503
1997-08-25,1404.5,1404.5,244.23540190330814,244.23540190330814,1420.6183656505925,1420.6183656505925
1997-08-26,1404.5,1404.5,244.13232626619242,244.13232626619242,1420.572086678707,1420.572086678707
1997-08-27,1404.5,1404.5,244.02173378191196,244.02173378191196,1420.5835642929678,1420.5835642929678
1997-08-28,1404.5,1404.5,243.92093228864306,243.92093228864306,1420.5355489831265,1420.5355489831265
1997-08-29,1404.5,1404.5,243.82125137654984,243.82125137654984,1420.4869260124697,1420.4869260124697
1997-08-30,1404.5,1404.5,243.722680172815,243.722680172815,1420.4379623662785,1420.4379623662785
1997-08-31,1404.5,1404.5,243.62520773734485,243.62520773734485,1420.3879421146687,1420.3879421146687
1997-09-01,1404.5,1404.5,243.52982641678437,243.52982641678437,1420.335679149051,1420.335679149051
1997-09-02,1404.5,1404.5,243.43454255661365,243.43454255661365,1420.306458294034,1420.306458294034
1997-09-03,1404.5,1404.5,243.33969152102136,243.33969152102136,1420.28986395479,1420.28986395479
1997-09-04,1404.5,1404.5,243.2455025010351,243.2455025010351,1420.2946249410975,1420.2946249410975
1997-09-05,1404.5,1404.5,243.15137113711214,243.15137113711214,1420.2563060198768,1420.2563060198768
1997-09-06,1404.5,1404.5,243.058292039046,243.058292039046,1420.216627389004,1420.216627389004
1997-09-07,1404.5,1404.5,242.9662547783022,242.9662547783022,1420.1760006156364,1420.1760006156364
1997-09-08,1404.5,1404.5,242.8752490539221,242.8752490539221,1420.1346045580626,1420.1346045580626
1997-09-09,1404.5,1404.5,242.78526469312885,242.78526469312885,1420.09243921644,1420.09243921644
1997-09-10,1404.5,1404.5,242.68763216630677,242.68763216630677,1420.1109199839657,1420.1109199839657
1997-09-11,1404.5,1404.5,242.59966045406742,242.59966045406742,1420.0671199137191,1420.0671199137191
1997-09-12,1404.5,1404.5,242.51268027055693,242.51268027055693,1420.0229527240913,1420.0229527240913
1997-09-13,1404.5,1404.5,242.42668185324055,242.42668185324055,1419.9783169549453,1419.9783169549453
1997-09-14,1404.5,1404.5,242.3416554111213,242.3416554111213,1419.9333309050905,1419.9333309050905
1997-09-15,1404.5,1404.5,242.26151159050391,242.26151159050391,1419.8877037851687,1419.8877037851687
1997-09-16,1404.5,1404.5,242.18411631616925,242.18411631616925,1419.8416920233012,1419.8416920233012
1997-09-17,1404.5,1404.5,242.10760717503,242.10760717503,1419.7952956193303,1419.7952956193303
1997-09-18,1404.5,1404.5,242.0319753302717,242.0319753302717,1419.7487068944654,1419.7487068944654
1997-09-19,1404.5,1404.5,241.9572125087696,241.9572125087696,1419.7021181696002,1419.7021181696002
1997-09-20,1404.5,1404.5,241.88343534049116,241.88343534049116,1419.6555294447353,1419.6555294447353
1997-09-21,1404.5,1404.5,241.8104223853259,241.8104223853259,1419.608249646311,1419.608249646311
1997-09-22,1404.5,1404.5,241.73821298317162,241.73821298317162,1419.5605069952937,1419.5605069952937
1997-09-23,1404.5,1404.5,241.66683784412015,241.66683784412015,1419.512057244068,1419.512057244068
1997-09-24,1404.5,1404.5,241.58762911181464,241.58762911181464,1419.5247504311117,1419.5247504311117
1997-09-25,1404.5,1404.5,241.51891509658776,241.51891509658776,1419.5062303173086,1419.5062303173086
1997-09-26,1404.5,1404.5,241.45026840120556,241.45026840120556,1419.4881692097965,1419.4881692097965
1997-09-27,1404.5,1404.5,241.38252712301917,241.38252712301917,1419.473230540728,1419.473230540728
1997-09-28,1404.5,1404.5,241.3152000570284,241.3152000570284,1419.4233723584582,1419.4233723584582
1997-09-29,1404.5,1404.5,241.24870581856214,241.24870581856214,1419.3733218552943,1419.3733218552943
1997-09-30,1404.5,1404.5,241.18493561684804,241.18493561684804,1419.3230790310788,1419.3230790310788
1997-10-01,1404.5,1404.5,241.1219152697184,241.1219152697184,1419.2721951367962,1419.2721951367962
1997-10-02,1404.5,1404.5,241.06320349315837,241.06320349315837,1419.2808025435058,1419.2808025435058
1997-10-03,1404.5,1404.5,241.00754929101635,241.00754929101635,1419.2326062405195,1419.2326062405195
1997-10-04,1404.5,1404.5,240.95557573107394,240.95557573107394,1419.1822065815309,1419.1822065815309
1997-10-05,1404.5,1404.5,240.904225746944,240.904225746944,1419.1311944732663,1419.1311944732663
1997-10-06,1404.5,1404.5,240.85349436330554,240.85349436330554,1419.0797977228988,1419.0797977228988
1997-10-07,1404.5,1404.5,240.80337540564568,240.80337540564568,1419.0280163305852,1419.0280163305852
1997-10-08,1404.5,1404.5,240.73922451218263,240.73922451218263,1419.0376323814332,1419.0376323814332
1997-10-09,1404.5,1404.5,240.6820855373681,240.6820855373681,1419.0027752385115,1419.0027752385115
1997-10-10,1404.5,1404.5,240.63395033952742,240.63395033952742,1419.0269312070484,1419.0269312070484
1997-10-11,1404.5,1404.5,240.58945897275066,240.58945897275066,1419.0654398504926,1419.0654398504926
1997-10-12,1404.5,1404.5,240.5334433462414,240.5334433462414,1419.056898088076,1419.056898088076
1997-10-13,1404.5,1404.5,240.47808964991896,240.47808964991896,1419.0294937511158,1419.0294937511158
1997-10-14,1404.5,1404.5,240.42494665634433,240.42494665634433,1419.0446400723201,1419.0446400723201
1997-10-15,1404.5,1404.5,240.37290495756716,240.37290495756716,1419.1005584489062,1419.1005584489062
1997-10-16,1404.5,1404.5,240.3188168099939,240.3188168099939,1419.1489536333916,1419.1489536333916
1997-10-17,1404.5,1404.5,240.26712693313448,240.26712693313448,1419.1394828645575,1419.1394828645575
1997-10-18,1404.5,1404.5,240.22018886206632,240.22018886206632,1419.0870497916358,1419.0870497916358
1997-10-19,1404.5,1404.5,240.17727193605614,240.17727193605614,1419.0344991152733,1419.0344991152733
1997-10-20,1404.5,1404.5,240.13264016802538,240.13264016802538,1418.9819484389109,1418.9819484389109
1997-10-21,1404.5,1404.5,240.08866378958353,240.08866378958353,1418.929053502288,1418.929053502288
1997-10-22,1404.5,1404.5,240.04181229359938,240.04181229359938,1418.937515626984,1418.937515626984
1997-10-23,1404.5,1404.5,240.00888928416776,240.00888928416776,1418.8845674043457,1418.8845674043457
1997-10-24,1404.5,1404.5,239.98287136957694,239.98287136957694,1418.831383215313,1418.831383215313
1997-10-25,1404.5,1404.5,239.95862189373673,239.95862189373673,1418.7780632547444,1418.7780632547444
1997-10-26,1404.5,1404.5,239.93347857926486,239.93347857926486,1418.7247432941758,1418.7247432941758
1997-10-27,1404.5,1404.5,239.90691835574313,239.90691835574313,1418.6712466915994,1418.6712466915994
1997-10-28,1404.5,1404.5,239.8814093903742,239.8814093903742,1418.6176348092422,1418.6176348092422
1997-10-29,1404.5,1404.5,239.85773515096946,239.85773515096946,1418.5639302067275,1418.5639302067275
1997-10-30,1404.5,1404.5,239.83420693105433,239.83420693105433,1418.510225604213,1418.510225604213
1997-10-31,1404.5,1404.5,239.81172158674147,239.81172158674147,1418.4565210016985,1418.4565210016985
1997-11-01,1404.5,1404.5,239.7914687867196,239.7914687867196,1418.402816399184,1418.402816399184
1997-11-02,1404.5,1404.5,239.78253166088962,239.78253166088962,1418.282329365283,1418.282329365283
1997-11-03,1404.5,1404.5,239.79159872131072,239.79159872131072,1418.0390474458845,1418.0390474458845
1997-11-04,1404.5,1404.5,239.7630827343792,239.7630827343792,1418.0413552980312,1418.0413552980312
1997-11-05,1404.5,1404.5,239.73625839031115,239.73625839031115,1418.0436631501782,1418.0436631501782
1997-11-06,1404.5,1404.5,239.7060419088652,239.7060419088652,1418.0459710023251,1418.0459710023251
1997-11-07,1404.5,1404.5,239.6699810168394,239.6699810168394,1418.0725113025649,1418.0725113025649
1997-11-08,1404.5,1404.5,239.63468544668245,239.63468544668245,1418.0798195011087,1418.0798195011087
1997-11-09,1404.5,1404.5,239.60045987034488,239.60045987034488,1418.0821273532556,1418.0821273532556
1997-11-10,1404.5,1404.5,239.56657071515025,239.56657071515025,1418.1053228996086,1418.1053228996086
1997-11-11,1404.5,1404.5,239.54287689087235,239.54287689087235,1418.1891748625185,1418.1891748625185
1997-11-12,1404.5,1404.5,239.52478895856643,239.52478895856643,1418.2580257862376,1418.2580257862376
1997-11-13,1404.5,1404.5,239.502266302019,239.502266302019,1418.2868739386242,1418.2868739386242
1997-11-14,1404.5,1404.5,239.47445238343045,239.47445238343045,1418.3184145852608,1418.3184145852608
1997-11-15,1404.5,1404.5,239.4407625484778,239.4407625484778,1418.3407238231525,1418.3407238231525
1997-11-16,1404.5,1404.5,239.4090516930792,239.4090516930792,1418.3657599399567,1418.3657599399567
1997-11-17,1404.5,1404.5,239.37523965601363,239.37523965601363,1418.3765299167994,1418.3765299167994
1997-11-18,1404.5,1404.5,239.3380725094999,239.3380725094999,1418.3822995472453,1418.3822995472453
1997-11-19,1404.5,1404.5,239.31851574073102,239.31851574073102,1418.4599972377632,1418.4599972377632
1997-11-20,1404.5,1404.5,239.2972616860675,239.2972616860675,1418.5257710252865,1418.5257710252865
1997-11-21,1404.5,1404.5,239.25996885684006,239.25996885684006,1418.5426952746782,1418.5426952746782
1997-11-22,1404.5,1404.5,239.22346818177448,239.22346818177448,1418.571928069168,1418.571928069168
1997-11-23,1404.5,1404.5,239.19005440038023,239.19005440038023,1418.5861598243098,1418.5861598243098
1997-11-24,1404.5,1404.5,239.16063446784705,239.16063446784705,1418.62770116374,1418.62770116374
1997-11-25,1404.5,1404.5,239.1281065950588,239.1281065950588,1418.6806710338124,1418.6806710338124
1997-11-26,1404.5,1404.5,239.1872347865617,239.1872347865617,1418.8924526053277,1418.8924526053277
1997-11-27,1404.5,1404.5,239.31526038561367,239.31526038561367,1419.2319370798923,1419.2319370798923
1997-11-28,1404.5,1404.5,239.32083188864726,239.32083188864726,1419.3603002849875,1419.3603002849875
1997-11-29,1404.5,1404.5,239.28363910314343,239.28363910314343,1419.3733781141345,1419.3733781141345
1997-11-30,1404.5,1404.5,239.2561606772609,239.2561606772609,1419.3760706083845,1419.3760706083845
1997-12-01,1404.5,1404.5,239.22391108683428,239.22391108683428,1419.3818402388304,1419.3818402388304
1997-12-02,1404.5,1404.5,239.18940539481332,239.18940539481332,1419.3864559432814,1419.3864559432814
1997-12-03,1404.5,1404.5,239.1540721398337,239.1540721398337,1419.3923843936732,1419.3923843936732
1997-12-04,1404.5,1404.5,239.1140728553228,239.1140728553228,1419.398538666222,1419.398538666222
1997-12-05,1404.5,1404.5,239.0829688735869,239.0829688735869,1419.4082502570623,1419.4082502570623
1997-12-06,1404.5,1404.5,239.08439651802507,239.08439651802507,1419.5257447492686,1419.5257447492686
1997-12-07,1404.5,1404.5,239.18416994221752,239.18416994221752,1419.7544479383716,1419.7544479383716
1997-12-08,1404.5,1404.5,239.39909755598032,239.39909755598032,1420.1041644736988,1420.1041644736988
1997-12-09,1404.5,1404.5,239.43214217489052,239.43214217489052,1420.230327060088,1420.230327060088
1997-12-10,1404.5,1404.5,239.40605833598033,239.40605833598033,1420.2341734803329,1420.2341734803329
1997-12-11,1404.5,1404.5,239.37551607003263,239.37551607003263,1420.2384045426809,1420.2384045426809
1997-12-12,1404.5,1404.5,239.34695832214658,239.34695832214658,1420.2630216327195,1420.2630216327195
1997-12-13,1404.5,1404.5,239.3198471159322,239.3198471159322,1420.2999472678562,1420.2999472678562
1997-12-14,1404.5,1404.5,239.29100667710233,239.29100667710233,1420.3426425334387,1420.3426425334387
1997-12-15,1404.5,1404.5,239.2853610915407,239.2853610915407,1420.466162551732,1420.466162551732
1997-12-16,1404.5,1404.5,239.2619024825758,239.2619024825758,1420.5128700621212,1420.5128700621212
1997-12-17,1404.5,1404.5,239.23792928211472,239.23792928211472,1420.519119074003,1420.519119074003
1997-12-18,1404.5,1404.5,239.21183488374925,239.21183488374925,1420.5645554381458,1420.5645554381458
1997-12-19,1404.5,1404.5,239.1805071218136,239.1805071218136,1420.5884487191088,1420.5884487191088
1997-12-20,1404.5,1404.5,239.1495273422694,239.1495273422694,1420.6127095889265,1420.6127095889265
1997-12-21,1404.5,1404.5,239.1197735771912,239.1197735771912,1420.6410139370473,1420.6410139370473
1997-12-22,1404.5,1404.5,239.09401264810646,239.09401264810646,1420.6472250043748,1420.6472250043748
1997-12-23,1404.5,1404.5,239.0695821479995,239.0695821479995,1420.6520036605375,1420.6520036605375
1997-12-24,1404.5,1404.5,239.0489286875586,239.0489286875586,1420.6615609728626,1420.6615609728626
1997-12-25,1404.5,1404.5,239.02689269368142,239.02689269368142,1420.6792052417936,1420.6792052417936
1997-12-26,1404.5,1404.5,239.00702481095558,239.00702481095558,1420.683983897956,1420.683983897956
1997-12-27,1404.5,1404.5,238.98807462812528,238.98807462812528,1420.6953791550054,1420.6953791550054
1997-12-28,1404.5,1404.5,238.9679253954304,238.9679253954304,1420.7105982855496,1420.7105982855496
1997-12-29,1404.5,1404.5,238.94939652785402,238.94939652785402,1420.74956271286,1420.74956271286
1997-12-30,1404.5,1404.5,238.93312989682346,238.93312989682346,1420.8105824764093,1420.8105824764093
1997-12-31,1404.5,1404.5,238.9208871427022,238.9208871427022,1420.934092359227,1420.934092359227
1998-01-01,1404.5,1404.5,238.91196606305516,238.91196606305516,1421.0733065900276,1421.0733065900276
1998-01-02,1404.5,1404.5,238.90716890679627,238.90716890679627,1421.1543699757738,1421.1543699757738
1998-01-03,1404.5,1404.5,238.93673907454016,238.93673907454016,1421.2885494238822,1421.2885494238822
1998-01-04,1404.5,1404.5,238.9849419647555,238.9849419647555,1421.3872838123355,1421.3872838123355
1998-01-05,1404.5,1404.5,239.0082767813729,239.0082767813729,1421.4516118763281,1421.4516118763281
1998-01-06,1404.5,1404.5,239.0631589259924,239.0631589259924,1421.015621653128,1421.015621653128
1998-01-07,1404.5,1404.5,239.1904571192212,239.1904571192212,1420.129805889334,1420.129805889334
1998-01-08,1404.5,1404.5,239.45717474163175,239.45717474163175,1418.310631740943,1418.310631740943
1998-01-09,1404.5,1404.5,240.01534150412834,240.01534150412834,1414.6877681704734,1414.6877681704734
1998-01-10,1404.5,1404.5,241.15320742755452,241.15320742755452,1407.0079793212758,1407.0079793212758
1998-01-11,1404.5,1404.5,243.27141096061982,243.27141096061982,1389.4544248691006,1389.4544248691006
1998-01-12,1404.5,1404.5,244.49955847017466,244.49955847017466,1377.8801687763714,1377.8801687763714
1998-01-13,1404.5,1404.5,244.55178646457384,244.55178646457384,1378.1041307123799,1378.1041307123799
1998-01-14,1404.5,1404.5,244.39572436139596,244.39572436139596,1378.1985871100676,1378.1985871100676
1998-01-15,1404.5,1404.5,244.49338036139562,244.49338036139562,1378.3761651376794,1378.3761651376794
1998-01-16,1404.5,1404.5,244.7083952152918,244.7083952152918,1378.7640660775824,1378.7640660775824
1998-01-17,1404.5,1404.5,244.50873127867138,244.50873127867138,1379.118959538616,1379.118959538616
1998-01-18,1404.5,1404.5,244.4193744256817,244.4193744256817,1379.33686370773,1379.33686370773
1998-01-19,1404.5,1404.5,244.56672205035417,244.56672205035417,1379.9451185891012,1379.9451185891012
1998-01-20,1404.5,1404.5,244.49714373734443,244.49714373734443,1380.2666145578567,1380.2666145578567
1998-01-21,1404.5,1404.5,244.4488185978385,244.4488185978385,1380.522276540945,1380.522276540945
1998-01-22,1404.5,1404.5,244.45316117342702,244.45316117342702,1380.7809467248776,1380.7809467248776
1998-01-23,1404.5,1404.5,244.45193433267477,244.45193433267477,1381.033029152038,1381.033029152038
1998-01-24,1404.5,1404.5,244.45035931637852,244.45035931637852,1381.2899505537384,1381.2899505537384
1998-01-25,1404.5,1404.5,244.44924634608103,244.44924634608103,1381.560095851249,1381.560095851249
1998-01-26,1404.5,1404.5,244.44622407576082,244.44622407576082,1381.8359085326413,1381.8359085326413
1998-01-27,1404.5,1404.5,244.44552518566385,244.44552518566385,1382.1350204587384,1382.1350204587384
1998-01-28,1404.5,1404.5,244.44634047875638,244.44634047875638,1382.478561054827,1382.478561054827
1998-01-29,1404.5,1404.5,244.5269355991727,244.5269355991727,1383.0849711281267,1383.0849711281267
1998-01-30,1404.5,1404.5,244.51904560254695,244.51904560254695,1383.6084922499535,1383.6084922499535
1998-01-31,1404.5,1404.5,244.46760705318496,244.46760705318496,1383.9535962529148,1383.9535962529148
1998-02-01,1404.5,1404.5,244.4709793569804,244.4709793569804,1384.2790475552777,1384.2790475552777
1998-02-02,1404.5,1404.5,244.5189983907437,244.5189983907437,1384.573431492574,1384.573431492574
1998-02-03,1404.5,1404.5,244.93621651905653,244.93621651905653,1385.0731128332964,1385.0731128332964
1998-02-04,1404.5,1404.5,245.0213638207493,245.0213638207493,1385.612800949463,1385.612800949463
1998-02-05,1404.5,1404.5,244.90002322318298,244.90002322318298,1385.868721813011,1385.868721813011
1998-02-06,1404.5,1404.5,244.77642638495144,244.77642638495144,1386.1312756148075,1386.1312756148075
1998-02-07,1404.5,1404.5,244.87880900650453,244.87880900650453,1386.6017660519037,1386.6017660519037
1998-02-08,1404.5,1404.5,245.1001986918065,245.1001986918065,1387.170122204774,1387.170122204774
1998-02-09,1404.5,1404.5,245.16017835732745,245.16017835732745,1387.4630769730704,1387.4630769730704
1998-02-10,1404.5,1404.5,245.05912506097314,245.05912506097314,1387.718783710352,1387.718783710352
1998-02-11,1404.5,1404.5,244.95799894988562,244.95799894988562,1387.9840215614001,1387.9840215614001
1998-02-12,1404.5,1404.5,244.84449900209665,244.84449900209665,1388.2482286179556,1388.2482286179556
1998-02-13,1404.5,1404.5,244.73959329088058,244.73959329088058,1388.5240482960223,1388.5240482960223
1998-02-14,1404.5,1404.5,244.8043596845562,244.8043596845562,1388.8298855049816,1388.8298855049816
1998-02-15,1404.5,1404.5,244.84390802147718,244.84390802147718,1389.2368451426742,1389.2368451426742
1998-02-16,1404.5,1404.5,244.73942868770928,244.73942868770928,1389.4852118267704,1389.4852118267704
1998-02-17,1404.5,1404.5,244.73319868571866,244.73319868571866,1389.734634203752,1389.734634203752
1998-02-18,1404.5,1404.5,244.72042058350704,244.72042058350704,1389.961806768659,1389.961806768659
1998-02-19,1404.5,1404.5,244.7204730230804,244.7204730230804,1390.17094397399,1390.17094397399
1998-02-20,1404.5,1404.5,244.7779417326639,244.7779417326639,1390.3990482767492,1390.3990482767492
1998-02-21,1404.5,1404.5,244.7378927008981,244.7378927008981,1390.5912149213848,1390.5912149213848
1998-02-22,1404.5,1404.5,244.7799203954917,244.7799203954917,1390.7978564559533,1390.7978564559533
1998-02-23,1404.5,1404.5,244.76747514541506,244.76747514541506,1390.991021368853,1390.991021368853
1998-02-24,1404.5,1404.5,244.7534519434701,244.7534519434701,1391.1797885051137,1391.1797885051137
1998-02-25,1404.5,1404.5,244.7221160148998,244.7221160148998,1391.3554837230836,1391.3554837230836
1998-02-26,1404.5,1404.5,244.7022299836597,244.7022299836597,1391.5277884262007,1391.5277884262007
1998-02-27,1404.5,1404.5,244.69801729973733,244.69801729973733,1391.6989914368796,1391.6989914368796
1998-02-28,1404.5,1404.5,244.693292256769,244.693292256769,1391.8706935815887,1391.8706935815887
1998-03-01,1404.5,1404.5,244.68704438991608,244.68704438991608,1392.0364061167124,1392.0364061167124
1998-03-02,1404.5,1404.5,244.65610127545972,244.65610127545972,1392.1804187582843,1392.1804187582843
1998-03-03,1404.5,1404.5,244.64967740114167,244.64967740114167,1392.330765573144,1392.330765573144
1998-03-04,1404.5,1404.5,244.6408239346876,244.6408239346876,1392.483999754659,1392.483999754659
1998-03-05,1404.5,1404.5,244.62278148846036,244.62278148846036,1392.6262529850635,1392.6262529850635
1998-03-06,1404.5,1404.5,244.64474504719269,244.64474504719269,1392.7864750446322,1392.7864750446322
1998-03-07,1404.5,1404.5,244.62383147910086,244.62383147910086,1392.9337196163578,1392.9337196163578
1998-03-08,1404.5,1404.5,244.60631427753788,244.60631427753788,1393.0789676515553,1393.0789676515553
1998-03-09,1404.5,1404.5,244.60558437574616,244.60558437574616,1393.2227182844583,1393.2227182844583
1998-03-10,1404.5,1404.5,244.6008116110621,244.6008116110621,1393.3653330577827,1393.3653330577827
1998-03-11,1404.5,1404.5,244.6011406570016,244.6011406570016,1393.5170698367995,1393.5170698367995
1998-03-12,1404.5,1404.5,244.60498492274078,244.60498492274078,1393.6905372476556,1393.6905372476556
1998-03-13,1404.5,1404.5,244.60039227934902,244.60039227934902,1393.8682290021538,1393.8682290021538
1998-03-14,1404.5,1404.5,244.6067735452612,244.6067735452612,1394.075742923836,1394.075742923836
1998-03-15,1404.5,1404.5,244.59118272362542,244.59118272362542,1394.252016024796,1394.252016024796
1998-03-16,1404.5,1404.5,244.59445882483084,244.59445882483084,1394.4626506326254,1394.4626506326254
1998-03-17,1404.5,1404.5,244.59879545968886,244.59879545968886,1394.696744545174,1394.696744545174
1998-03-18,1404.5,1404.5,244.59899212955665,244.59899212955665,1394.9408305084548,1394.9408305084548
1998-03-19,1404.5,1404.5,244.59935538171084,244.59935538171084,1395.2208447619732,1395.2208447619732
1998-03-20,1404.5,1404.5,244.60585243105106,244.60585243105106,1395.5814180948662,1395.5814180948662
1998-03-21,1404.5,1404.5,244.60768475027373,244.60768475027373,1395.8916710949732,1395.8916710949732
1998-03-22,1404.5,1404.5,244.61240788831194,244.61240788831194,1396.214110054696,1396.214110054696
1998-03-23,1404.5,1404.5,244.6481172384289,244.6481172384289,1396.6177170009787,1396.6177170009787
1998-03-24,1404.5,1404.5,244.84529818952706,244.84529818952706,1397.290410764617,1397.290410764617
1998-03-25,1404.5,1404.5,245.3925863278425,245.3925863278425,1399.3520417408479,1399.3520417408479
1998-03-26,1404.5,1404.5,245.33296030429204,245.33296030429204,1399.883400427377,1399.883400427377
1998-03-27,1404.5,1404.5,245.1275900507037,245.1275900507037,1400.1818826441245,1400.1818826441245
1998-03-28,1404.5,1404.5,244.98497495129018,244.98497495129018,1400.5719961795958,1400.5719961795958
1998-03-29,1404.5,1404.5,244.79839442640477,244.79839442640477,1400.8437147933737,1400.8437147933737
1998-03-30,1404.5,1404.5,244.68767459629368,244.68767459629368,1401.1041506307781,1401.1041506307781
1998-03-31,1404.5,1404.5,244.69134683449235,244.69134683449235,1401.3637063648175,1401.3637063648175
1998-04-01,1404.5,1404.5,244.69547994084795,244.69547994084795,1401.6302012936565,1401.6302012936565
1998-04-02,1404.5,1404.5,244.6896894042892,244.6896894042892,1401.870022146389,1401.870022146389
1998-04-03,1404.5,1404.5,244.6918857317518,244.6918857317518,1402.1079965267406,1402.1079965267406
1998-04-04,1404.5,1404.5,244.7022093315365,244.7022093315365,1402.332242663288,1402.332242663288
1998-04-05,1404.5,1404.5,244.6848586967887,244.6848586967887,1402.5472874881123,1402.5472874881123
1998-04-06,1404.5,1404.5,244.68055900408316,244.68055900408316,1402.7577381733515,1402.7577381733515
1998-04-07,1404.5,1404.5,244.67686889683927,244.67686889683927,1402.9640763484576,1402.9640763484576
1998-04-08,1404.5,1404.5,244.66300957390018,244.66300957390018,1403.1472607716835,1403.1472607716835
1998-04-09,1404.5,1404.5,244.62388972651866,244.62388972651866,1403.3157232142923,1403.3157232142923
1998-04-10,1404.5,1404.5,244.58644667729462,244.58644667729462,1403.4662889512242,1403.4662889512242
1998-04-11,1404.5,1404.5,244.54060783190224,244.54060783190224,1403.5866133430507,1403.5866133430507
1998-04-12,1404.5,1404.5,244.5099750980266,244.5099750980266,1403.650925370731,1403.650925370731
1998-04-13,1404.5,1404.5,244.44990149640057,244.44990149640057,1403.589045777947,1403.589045777947
1998-04-14,1404.5,1404.5,244.31058951612349,244.31058951612349,1403.6988476188421,1403.6988476188421
1998-04-15,1404.5,1404.5,244.15784314062583,244.15784314062583,1403.7354677048306,1403.7354677048306
1998-04-16,1404.5,1404.5,244.01495692553095,244.01495692553095,1403.6367371826273,1403.6367371826273
1998-04-17,1404.5,1404.5,243.89227449297462,243.89227449297462,1403.2699185650936,1403.2699185650936
1998-04-18,1404.5,1404.5,243.97457022556034,243.97457022556034,1402.3691654374147,1402.3691654374147
1998-04-19,1404.5,1404.5,244.18969484011734,244.18969484011734,1400.3287809602748,1400.3287809602748
1998-04-20,1404.5,1404.5,244.68532536223293,244.68532536223293,1396.0925352709498,1396.0925352709498
1998-04-21,1404.5,1404.5,244.55830203052372,244.55830203052372,1396.3953749926611,1396.3953749926611
1998-04-22,1404.5,1404.5,244.66521982680575,244.66521982680575,1396.9075124132476,1396.9075124132476
1998-04-23,1404.5,1404.5,244.67869083057806,244.67869083057806,1397.4628606124209,1397.4628606124209
1998-04-24,1404.5,1404.5,244.6529656744002,244.6529656744002,1397.949767116965,1397.949767116965
1998-04-25,1404.5,1404.5,244.53370968860295,244.53370968860295,1398.2196712490318,1398.2196712490318
1998-04-26,1404.5,1404.5,244.4887648431172,244.4887648431172,1398.4786884917582,1398.4786884917582
1998-04-27,1404.5,1404.5,244.46246314249703,244.46246314249703,1398.7694591619286,1398.7694591619286
1998-04-28,1404.5,1404.5,244.5668748936855,244.5668748936855,1398.75565675206,1398.75565675206
1998-04-29,1404.5,1404.5,244.82348239582262,244.82348239582262,1398.4593574565167,1398.4593574565167
1998-04-30,1404.5,1404.5,245.23612924173602,245.23612924173602,1397.4466101655823,1397.4466101655823
1998-05-01,1404.5,1404.5,245.86678338104488,245.86678338104488,1394.6118669112218,1394.6118669112218
1998-05-02,1404.5,1404.5,246.59706186098805,246.59706186098805,1387.2999756450945,1387.2999756450945
1998-05-03,1404.5,1404.5,247.36439406460286,247.36439406460286,1377.8801687763714,1377.8801687763714
1998-05-04,1404.5,1404.5,247.35816473219427,247.35816473219427,1377.8801687763714,1377.8801687763714
1998-05-05,1404.5,1404.5,247.16384656381848,247.16384656381848,1378.685880925422,1378.685880925422
1998-05-06,1404.5,1404.5,246.92746961482533,246.92746961482533,1379.414430230578,1379.414430230578
1998-05-07,1404.5,1404.5,246.89215872200498,246.89215872200498,1380.0567307801898,1380.0567307801898
1998-05-08,1404.5,1404.5,246.9181601079608,246.9181601079608,1380.6544582514473,1380.6544582514473
1998-05-09,1404.5,1404.5,247.01592736303397,247.01592736303397,1381.4025529212786,1381.4025529212786
1998-05-10,1404.5,1404.5,247.05148435121154,247.05148435121154,1382.035410785941,1382.035410785941
1998-05-11,1404.5,1404.5,247.04834982397261,247.04834982397261,1382.5971114976203,1382.5971114976203
1998-05-12,1404.5,1404.5,247.12141113824376,247.12141113824376,1382.5692254995581,1382.5692254995581
1998-05-13,1404.5,1404.5,247.2415926682318,247.2415926682318,1381.9236167915801,1381.9236167915801
1998-05-14,1404.5,1404.5,247.42551135690567,247.42551135690567,1380.0136141345872,1380.0136141345872
1998-05-15,1404.5,1404.5,247.61561243714385,247.61561243714385,1377.8801687763714,1377.8801687763714
1998-05-16,1404.5,1404.5,247.63935595611977,247.63935595611977,1377.8801687763714,1377.8801687763714
1998-05-17,1404.5,1404.5,247.68144583673418,247.68144583673418,1377.8801687763714,1377.8801687763714
1998-05-18,1404.5,1404.5,247.69124389784312,247.69124389784312,1377.8801687763714,1377.8801687763714
1998-05-19,1404.5,1404.5,247.7029553576773,247.7029553576773,1377.8801687763714,1377.8801687763714
1998-05-20,1404.5,1404.5,247.7354246620434,247.7354246620434,1377.8801687763714,1377.8801687763714
1998-05-21,1404.5,1404.5,247.78189521037805,247.78189521037805,1377.8801687763714,1377.8801687763714
1998-05-22,1404.5,1404.5,247.7847481956952,247.7847481956952,1377.8801687763714,1377.8801687763714
1998-05-23,1404.5,1404.5,247.79707734768795,247.79707734768795,1377.8801687763714,1377.8801687763714
1998-05-24,1404.5,1404.5,247.8494249077149,247.8494249077149,1377.8801687763714,1377.8801687763714
1998-05-25,1404.5,1404.5,247.92763600509792,247.92763600509792,1377.8801687763714,1377.8801687763714
1998-05-26,1404.5,1404.5,248.07734092432958,248.07734092432958,1378.1735541939674,1378.1735541939674
1998-05-27,1404.5,1404.5,248.12109292479974,248.12109292479974,1377.8801687763714,1377.8801687763714
1998-05-28,1404.5,1404.5,248.12506710485553,248.12506710485553,1377.8801687763714,1377.8801687763714
1998-05-29,1404.5,1404.5,248.20297027793666,248.20297027793666,1377.8801687763714,1377.8801687763714
1998-05-30,1404.5,1404.5,248.2316254202041,248.2316254202041,1377.8801687763714,1377.8801687763714
1998-05-31,1404.5,1404.5,248.2334638782466,248.2334638782466,1377.8801687763714,1377.8801687763714
1998-06-01,1404.5,1404.5,248.2933849968377,248.2933849968377,1377.8801687763714,1377.8801687763714
1998-06-02,1404.5,1404.5,248.41418056386212,248.41418056386212,1378.2236989008748,1378.2236989008748
1998-06-03,1404.5,1404.5,248.5594026690578,248.5594026690578,1378.6416553238212,1378.6416553238212
1998-06-04,1404.5,1404.5,248.7021530622577,248.7021530622577,1379.0314534358731,1379.0314534358731
1998-06-05,1404.5,1404.5,248.78599281311244,248.78599281311244,1379.2184179785831,1379.2184179785831
1998-06-06,1404.5,1404.5,248.90562094785076,248.90562094785076,1379.5788777427194,1379.5788777427194
1998-06-07,1404.5,1404.5,249.1539851760599,249.1539851760599,1380.161917997227,1380.161917997227
1998-06-08,1404.5,1404.5,249.38738232613696,249.38738232613696,1380.7335708172916,1380.7335708172916
1998-06-09,1404.5,1404.5,249.53435945766762,249.53435945766762,1381.183885139888,1381.183885139888
1998-06-10,1404.5,1404.5,249.74008094947823,249.74008094947823,1381.7434559372984,1381.7434559372984
1998-06-11,1404.5,1404.5,250.00648122731812,250.00648122731812,1382.4169888555655,1382.4169888555655
1998-06-12,1404.5,1404.5,250.18458311602762,250.18458311602762,1382.9241701275373,1382.9241701275373
1998-06-13,1404.5,1404.5,250.32107432637213,250.32107432637213,1383.9002545847507,1383.9002545847507
1998-06-14,1404.5,1404.5,250.50673942086212,250.50673942086212,1384.3910401093815,1384.3910401093815
1998-06-15,1404.5,1404.5,250.67985338492863,250.67985338492863,1385.3768726742753,1385.3768726742753
1998-06-16,1404.5,1404.5,250.94166616430775,250.94166616430775,1386.0649847589914,1386.0649847589914
1998-06-17,1404.5,1404.5,251.20190480173414,251.20190480173414,1387.3936725568076,1387.3936725568076
1998-06-18,1404.5,1404.5,251.42686613332688,251.42686613332688,1388.7606829198705,1388.7606829198705
1998-06-19,1404.5,1404.5,251.68677688597248,251.68677688597248,1389.610199849427,1389.610199849427
1998-06-20,1404.5,1404.5,251.93905367711898,251.93905367711898,1390.9851962976745,1390.9851962976745
1998-06-21,1404.5,1404.5,252.18367536846552,252.18367536846552,1392.355607869823,1392.355607869823
1998-06-22,1404.5,1404.5,252.40380442629942,252.40380442629942,1393.7122397096703,1393.7122397096703
1998-06-23,1404.5,1404.5,252.628362042229,252.628362042229,1395.0968968727518,1395.0968968727518
1998-06-24,1404.5,1404.5,252.8499914069323,252.8499914069323,1396.4304211470703,1396.4304211470703
1998-06-25,1411.433841701956,1411.433841701956,253.0,253.0,1397.7243128868618,1397.7243128868618
1998-06-26,1413.0025967806923,1413.0025967806923,253.0,253.0,1399.034118729574,1399.034118729574
1998-06-27,1414.0196095620333,1414.0196095620333,253.0,253.0,1400.3720603179872,1400.3720603179872
1998-06-28,1415.0237092490293,1415.0237092490293,253.0,253.0,1401.4629023095542,1401.4629023095542
1998-06-29,1416.0757055352933,1416.0757055352933,253.0,253.0,1402.946440896513,1402.946440896513
1998-06-30,1417.0290666376727,1417.0290666376727,253.0,253.0,1404.3380678365138,1404.3380678365138
1998-07-01,1417.9357969713526,1417.9357969713526,253.0,253.0,1405.657333240001,1405.657333240001
1998-07-02,1419.1064505872966,1419.1064505872966,253.0,253.0,1406.74741608399,1406.74741608399
1998-07-03,1419.7567727740238,1419.7567727740238,253.0,253.0,1408.240971884885,1408.240971884885
1998-07-04,1420.3701219701284,1420.3701219701284,253.0,253.0,1409.5954006102625,1409.5954006102625
1998-07-05,1420.4955555555555,1420.4955555555555,253.0,253.0,1410.4651301336987,1410.4651301336987
1998-07-06,1420.4955555555555,1420.4955555555555,253.0,253.0,1411.7436819763589,1411.7436819763589
1998-07-07,1420.4955555555555,1420.4955555555555,253.0,253.0,1412.7758062137627,1412.7758062137627
1998-07-08,1420.49376473655,1420.49376473655,253.0,253.0,1414.229208384504,1414.229208384504
1998-07-09,1420.4955555555555,1420.4955555555555,253.0,253.0,1415.587728966198,1415.587728966198
1998-07-10,1420.4527006729518,1420.4527006729518,253.0,253.0,1416.7292653873226,1416.7292653873226
1998-07-11,1420.4955555555555,1420.4955555555555,253.0,253.0,1417.3599532865476,1417.3599532865476
1998-07-12,1420.4955555555555,1420.4955555555555,253.0,253.0,1417.9539265564213,1417.9539265564213
1998-07-13,1420.488723556919,1420.488723556919,253.0,253.0,1418.815763384769,1418.815763384769
1998-07-14,1420.4421048480906,1420.4421048480906,253.0,253.0,1419.649069358841,1419.649069358841
1998-07-15,1420.346498557486,1420.346498557486,253.0,253.0,1420.3358545105352,1420.3358545105352
1998-07-16,1420.0466711720778,1420.0466711720778,253.0,253.0,1420.971837680716,1420.971837680716
1998-07-17,1420.231445591143,1420.231445591143,253.0,253.0,1421.235714791919,1421.235714791919
1998-07-18,1419.6674972120472,1419.6674972120472,253.0,253.0,1421.844131117925,1421.844131117925
1998-07-19,1419.1467797399466,1419.1467797399466,253.0,253.0,1422.433195880707,1422.433195880707
1998-07-20,1418.979063337487,1418.979063337487,253.0,253.0,1422.6720496996536,1422.6720496996536
1998-07-21,1418.253011569531,1418.253011569531,253.0,253.0,1423.0898426593762,1423.0898426593762
1998-07-22,1417.3583422527656,1417.3583422527656,253.0,253.0,1423.4782168621284,1423.4782168621284
1998-07-23,1416.1753950386674,1416.1753950386674,253.0,253.0,1423.8589488800085,1423.8589488800085
1998-07-24,1414.6114600633155,1414.6114600633155,253.0,253.0,1424.2123406891744,1424.2123406891744
1998-07-25,1413.0059912563718,1413.0059912563718,253.0,253.0,1424.58575995103,1424.58575995103
1998-07-26,1410.636463782389,1410.636463782389,253.0,253.0,1424.8899629705359,1424.8899629705359
1998-07-27,1404.5,1404.5,252.9358375772747,252.9358375772747,1425.2010738594677,1425.2010738594677
1998-07-28,1404.5,1404.5,252.86418535878207,252.86418535878207,1425.2043476462788,1425.2043476462788
1998-07-29,1404.5,1404.5,252.75294579456386,252.75294579456386,1425.5051742375063,1425.5051742375063
1998-07-30,1404.5,1404.5,252.62486097767226,252.62486097767226,1425.8378422253636,1425.8378422253636
1998-07-31,1404.5,1404.5,252.49223708462077,252.49223708462077,1426.0655587187216,1426.0655587187216
1998-08-01,1404.5,1404.5,252.37762045837252,252.37762045837252,1425.9609269347543,1425.9609269347543
1998-08-02,1404.5,1404.5,252.2281210510961,252.2281210510961,1426.1925857926049,1426.1925857926049
1998-08-03,1404.5,1404.5,252.08923553212182,252.08923553212182,1426.430757334687,1426.430757334687
1998-08-04,1404.5,1404.5,251.96151580235423,251.96151580235423,1426.6689190009447,1426.6689190009447
1998-08-05,1404.5,1404.5,251.83279139554065,251.83279139554065,1426.9124852570062,1426.9124852570062
1998-08-06,1404.5,1404.5,251.6894881936166,251.6894881936166,1427.152042450402,1427.152042450402
1998-08-07,1404.5,1404.5,251.53525506992486,251.53525506992486,1427.3821607684636,1427.3821607684636
1998-08-08,1404.5,1404.5,251.37828166782745,251.37828166782745,1427.6047751059643,1427.6047751059643
1998-08-09,1404.5,1404.5,251.21358698904092,251.21358698904092,1427.7815441963835,1427.7815441963835
1998-08-10,1404.5,1404.5,251.04416220125836,251.04416220125836,1427.9247200691577,1427.9247200691577
1998-08-11,1404.5,1404.5,250.87626636255163,250.87626636255163,1428.063270273308,1428.063270273308
1998-08-12,1404.5,1404.5,250.71189590222096,250.71189590222096,1428.1761569950052,1428.1761569950052
1998-08-13,1404.5,1404.5,250.536143378388,250.536143378388,1428.3591651976524,1428.3591651976524
1998-08-14,1404.5,1404.5,250.4071328245732,250.4071328245732,1428.207430214375,1428.207430214375
1998-08-15,1404.5,1404.5,250.2415736588411,250.2415736588411,1428.3302005038292,1428.3302005038292
1998-08-16,1404.5,1404.5,250.07537427010743,250.07537427010743,1428.4422532226945,1428.4422532226945
1998-08-17,1404.5,1404.5,249.90586627462747,249.90586627462747,1428.538701621492,1428.538701621492
1998-08-18,1404.5,1404.5,249.73100594774007,249.73100594774007,1428.60224187925,1428.60224187925
1998-08-19,1404.5,1404.5,249.55540330131922,249.55540330131922,1428.6280415652789,1428.6280415652789
1998-08-20,1404.5,1404.5,249.37743483479986,249.37743483479986,1428.6470956039338,1428.6470956039338
1998-08-21,1404.5,1404.5,249.2004084560966,249.2004084560966,1428.6651863875982,1428.6651863875982
1998-08-22,1404.5,1404.5,249.02481594497422,249.02481594497422,1428.682374043174,1428.682374043174
1998-08-23,1404.5,1404.5,248.8505000635661,248.8505000635661,1428.6985880137565,1428.6985880137565
1998-08-24,1404.5,1404.5,248.68041496146193,248.68041496146193,1428.713888425963,1428.713888425963
1998-08-25,1404.5,1404.5,248.5115747395214,248.5115747395214,1428.7278521430314,1428.7278521430314
1998-08-26,1404.5,1404.5,248.3505222428595,248.3505222428595,1428.739548836717,1428.739548836717
1998-08-27,1404.5,1404.5,248.18323782589536,248.18323782589536,1428.804646256315,1428.804646256315
1998-08-28,1404.5,1404.5,248.06375237726823,248.06375237726823,1428.5285546875448,1428.5285546875448
1998-08-29,1404.5,1404.5,247.9055072862018,247.9055072862018,1428.5339145547161,1428.5339145547161
1998-08-30,1404.5,1404.5,247.75198960050028,247.75198960050028,1428.5340356243057,1428.5340356243057
1998-08-31,1404.5,1404.5,247.60312050641528,247.60312050641528,1428.533342528748,1428.533342528748
1998-09-01,1404.5,1404.5,247.45667289028026,247.45667289028026,1428.5315031394337,1428.5315031394337
1998-09-02,1404.5,1404.5,247.31527054896443,247.31527054896443,1428.5723344280746,1428.5723344280746
1998-09-03,1404.5,1404.5,247.17532533172417,247.17532533172417,1428.610838764253,1428.610838764253
1998-09-04,1404.5,1404.5,247.0398169317728,247.0398169317728,1428.6621856362353,1428.6621856362353
1998-09-05,1404.5,1404.5,246.9028123829217,246.9028123829217,1428.6923050398295,1428.6923050398295
1998-09-06,1404.5,1404.5,246.78208802991873,246.78208802991873,1428.8628648980616,1428.8628648980616
1998-09-07,1404.5,1404.5,246.63850672870686,246.63850672870686,1428.9353173246584,1428.9353173246584
1998-09-08,1404.5,1404.5,246.49428656294285,246.49428656294285,1428.961387226435,1428.961387226435
1998-09-09,1404.5,1404.5,246.3804925840542,246.3804925840542,1429.1481400548773,1429.1481400548773
1998-09-10,1404.5,1404.5,246.2418852679746,246.2418852679746,1429.2890973518258,1429.2890973518258
1998-09-11,1404.5,1404.5,246.10923539159734,246.10923539159734,1429.3154857276188,1429.3154857276188
1998-09-12,1404.5,1404.5,245.98141050158952,245.98141050158952,1429.3403747184234,1429.3403747184234
1998-09-13,1404.5,1404.5,245.86061874617087,245.86061874617087,1429.364245522312,1429.364245522312
1998-09-14,1404.5,1404.5,245.74337599705473,245.74337599705473,1429.386523956119,1429.386523956119
1998-09-15,1404.5,1404.5,245.63722354889364,245.63722354889364,1429.4337642438231,1429.4337642438231
1998-09-16,1404.5,1404.5,245.53271276796755,245.53271276796755,1429.4536332008613,1429.4536332008613
1998-09-17,1404.5,1404.5,245.42932946273515,245.42932946273515,1429.47252930111,1429.47252930111
1998-09-18,1404.5,1404.5,245.3716556202698,245.3716556202698,1429.2050481266247,1429.2050481266247
1998-09-19,1404.5,1404.5,245.27066965790502,245.27066965790502,1429.2173841271044,1429.2173841271044
1998-09-20,1404.5,1404.5,245.17069035759434,245.17069035759434,1429.2281114850398,1429.2281114850398
1998-09-21,1404.5,1404.5,245.0718104730438,245.0718104730438,1429.2379368874263,1429.2379368874263
1998-09-22,1404.5,1404.5,244.9737855096273,244.9737855096273,1429.2460885577027,1429.2460885577027
1998-09-23,1404.5,1404.5,244.88044528185222,244.88044528185222,1429.2536079292013,1429.2536079292013
1998-09-24,1404.5,1404.5,244.77947935285476,244.77947935285476,1429.3156754929091,1429.3156754929091
1998-09-25,1404.5,1404.5,244.7321664232889,244.7321664232889,1429.0387795755735,1429.0387795755735
1998-09-26,1404.5,1404.5,244.6561356529768,244.6561356529768,1429.1179172444365,1429.1179172444365
1998-09-27,1404.5,1404.5,244.57711444431857,244.57711444431857,1429.2313745565705,1429.2313745565705
1998-09-28,1404.5,1404.5,244.5032471700228,244.5032471700228,1429.2573096299616,1429.2573096299616
1998-09-29,1404.5,1404.5,244.43616924691722,244.43616924691722,1429.2856925364367,1429.2856925364367
1998-09-30,1404.5,1404.5,244.37663645027527,244.37663645027527,1429.3505837234259,1429.3505837234259
1998-10-01,1404.5,1404.5,244.35866170956933,244.35866170956933,1429.1135946924826,1429.1135946924826
1998-10-02,1404.5,1404.5,244.29594012421285,244.29594012421285,1429.1353454356704,1429.1353454356704
1998-10-03,1404.5,1404.5,244.24055043023347,244.24055043023347,1429.1524807360006,1429.1524807360006
1998-10-04,1404.5,1404.5,244.18881653898393,244.18881653898393,1429.1620243198122,1429.1620243198122
1998-10-05,1404.5,1404.5,244.18167226941975,244.18167226941975,1428.8889640384368,1428.8889640384368
1998-10-06,1404.5,1404.5,244.13117782332134,244.13117782332134,1428.8985104854003,1428.8985104854003
1998-10-07,1404.5,1404.5,244.08129251192815,244.08129251192815,1428.907722963207,1428.907722963207
1998-10-08,1404.5,1404.5,244.02334872186754,244.02334872186754,1428.971882692088,1428.971882692088
1998-10-09,1404.5,1404.5,243.97117218521214,243.97117218521214,1428.9800343623644,1428.9800343623644
1998-10-10,1404.5,1404.5,243.9206955414425,243.9206955414425,1428.9878373385407,1428.9878373385407
1998-10-11,1404.5,1404.5,243.86884088203425,243.86884088203425,1428.9952916204736,1428.9952916204736
1998-10-12,1404.5,1404.5,243.81622543526004,243.81622543526004,1429.0024501769722,1429.0024501769722
1998-10-13,1404.5,1404.5,243.76594943093414,243.76594943093414,1429.0092070705618,1429.0092070705618
1998-10-14,1404.5,1404.5,243.71719411762996,243.71719411762996,1429.0155130136702,1429.0155130136702
1998-10-15,1404.5,1404.5,243.71303499256823,243.71303499256823,1428.7389657905774,1428.7389657905774
1998-10-16,1404.5,1404.5,243.66372055795657,243.66372055795657,1428.7446766015805,1428.7446766015805
1998-10-17,1404.5,1404.5,243.61728316331374,243.61728316331374,1428.7500387184832,1428.7500387184832
1998-10-18,1404.5,1404.5,243.57515845988343,243.57515845988343,1428.7554008353861,1428.7554008353861
1998-10-19,1404.5,1404.5,243.53665701908187,243.53665701908187,1428.7604142580458,1428.7604142580458
1998-10-20,1404.5,1404.5,243.54057488473615,243.54057488473615,1428.4824722582662,1428.4824722582662
1998-10-21,1404.5,1404.5,243.50111198428698,243.50111198428698,1428.4865835071735,1428.4865835071735
1998-10-22,1404.5,1404.5,243.45905306478323,243.45905306478323,1428.5455128232645,1428.5455128232645
1998-10-23,1404.5,1404.5,243.42954638293946,243.42954638293946,1428.5480853866509,1428.5480853866509
1998-10-24,1404.5,1404.5,243.40657310598135,243.40657310598135,1428.5503092559368,1428.5503092559368
1998-10-25,1404.5,1404.5,243.39882899071483,243.39882899071483,1428.6410709740592,1428.6410709740592
1998-10-26,1404.5,1404.5,243.37882583539312,243.37882583539312,1428.6795590379174,1428.6795590379174
1998-10-27,1404.5,1404.5,243.35526253860425,243.35526253860425,1428.6856185431636,1428.6856185431636
1998-10-28,1404.5,1404.5,243.33243864192556,243.33243864192556,1428.6916780484098,1428.6916780484098
1998-10-29,1404.5,1404.5,243.31132649156416,243.31132649156416,1428.6959940827262,1428.6959940827262
1998-10-30,1404.5,1404.5,243.33445752618326,243.33445752618326,1428.4191542018716,1428.4191542018716
1998-10-31,1404.5,1404.5,243.31459805950297,243.31459805950297,1428.423818930431,1428.423818930431
1998-11-01,1404.5,1404.5,243.29671517678193,243.29671517678193,1428.4278059719366,1428.4278059719366
1998-11-02,1404.5,1404.5,243.28892762487718,243.28892762487718,1428.346474942802,1428.346474942802
1998-11-03,1404.5,1404.5,243.262620851796,243.262620851796,1428.3745120680871,1428.3745120680871
1998-11-04,1404.5,1404.5,243.2370689849337,243.2370689849337,1428.4023663930473,1428.4023663930473
1998-11-05,1404.5,1404.5,243.21295009379696,243.21295009379696,1428.4299132331128,1428.4299132331128
1998-11-06,1404.5,1404.5,243.18607697986198,243.18607697986198,1428.459203544108,1428.459203544108
1998-11-07,1404.5,1404.5,243.16620963488847,243.16620963488847,1428.5505614188114,1428.5505614188114
1998-11-08,1404.5,1404.5,243.1667677540459,243.1667677540459,1428.6866937393277,1428.6866937393277
1998-11-09,1404.5,1404.5,243.15432747352185,243.15432747352185,1428.7691356096034,1428.7691356096034
1998-11-10,1404.5,1404.5,243.1781231127027,243.1781231127027,1428.460857216242,1428.460857216242
1998-11-11,1404.5,1404.5,243.27068625483295,243.27068625483295,1427.8562152054387,1427.8562152054387
1998-11-12,1404.5,1404.5,243.4611473411089,243.4611473411089,1426.5676592636808,1426.5676592636808
1998-11-13,1404.5,1404.5,243.85578345951248,243.85578345951248,1423.7545830046233,1423.7545830046233
1998-11-14,1404.5,1404.5,244.6699534600782,244.6699534600782,1418.0248612145472,1418.0248612145472
1998-11-15,1404.5,1404.5,246.03975752679622,246.03975752679622,1405.5779682071566,1405.5779682071566
1998-11-16,1404.5,1404.5,248.34654900852465,248.34654900852465,1377.8801687763714,1377.8801687763714
1998-11-17,1404.5,1404.5,247.90607572564068,247.90607572564068,1378.1106423867088,1378.1106423867088
1998-11-18,1404.5,1404.5,247.4550403762942,247.4550403762942,1378.265031845751,1378.265031845751
1998-11-19,1404.5,1404.5,247.00245033552105,247.00245033552105,1378.3242245215358,1378.3242245215358
1998-11-20,1404.5,1404.5,246.51167758624567,246.51167758624567,1378.3960113836963,1378.3960113836963
1998-11-21,1404.5,1404.5,246.00643879178347,246.00643879178347,1378.4942460372195,1378.4942460372195
1998-11-22,1404.5,1404.5,245.5062991082317,245.5062991082317,1378.6169687505485,1378.6169687505485
1998-11-23,1404.5,1404.5,245.01647467742433,245.01647467742433,1378.7818743552955,1378.7818743552955
1998-11-24,1404.5,1404.5,244.5642768688354,244.5642768688354,1379.1535287948227,1379.1535287948227
1998-11-25,1404.5,1404.5,244.3656687229427,244.3656687229427,1379.3245273143039,1379.3245273143039
1998-11-26,1404.5,1404.5,244.33542679032763,244.33542679032763,1379.3900170834052,1379.3900170834052
1998-11-27,1404.5,1404.5,244.30330253886217,244.30330253886217,1379.4851031905275,1379.4851031905275
1998-11-28,1404.5,1404.5,244.28060246336048,244.28060246336048,1379.648827613152,1379.648827613152
1998-11-29,1404.5,1404.5,244.26134000720114,244.26134000720114,1379.8256805208946,1379.8256805208946
1998-11-30,1404.5,1404.5,244.30520275377293,244.30520275377293,1380.1770583202826,1380.1770583202826
1998-12-01,1404.5,1404.5,244.4078145700878,244.4078145700878,1380.5595055958522,1380.5595055958522
1998-12-02,1404.5,1404.5,244.40267596379218,244.40267596379218,1380.7710879267552,1380.7710879267552
1998-12-03,1404.5,1404.5,244.35787295593812,244.35787295593812,1380.8938812438523,1380.8938812438523
1998-12-04,1404.5,1404.5,244.37936470122915,244.37936470122915,1381.1781198421181,1381.1781198421181
1998-12-05,1404.5,1404.5,244.3608793593427,244.3608793593427,1381.3028997904853,1381.3028997904853
1998-12-06,1404.5,1404.5,244.3427793991967,244.3427793991967,1381.3954670601265,1381.3954670601265
1998-12-07,1404.5,1404.5,244.31737253352077,244.31737253352077,1381.4829966553207,1381.4829966553207
1998-12-08,1404.5,1404.5,244.28745298103368,244.28745298103368,1381.570607503287,1381.570607503287
1998-12-09,1404.5,1404.5,244.26161105096497,244.26161105096497,1381.6609768845021,1381.6609768845021
1998-12-10,1404.5,1404.5,244.24367154113534,244.24367154113534,1381.7787325268946,1381.7787325268946
1998-12-11,1404.5,1404.5,244.22045244102128,244.22045244102128,1381.9229359606497,1381.9229359606497
1998-12-12,1404.5,1404.5,244.19929023914193,244.19929023914193,1382.0937496915697,1382.0937496915697
1998-12-13,1404.5,1404.5,244.18043817818432,244.18043817818432,1382.2851122592995,1382.2851122592995
1998-12-14,1404.5,1404.5,244.17918116709313,244.17918116709313,1382.5466610087806,1382.5466610087806
1998-12-15,1404.5,1404.5,244.1591597400967,244.1591597400967,1382.7002897692532,1382.7002897692532
1998-12-16,1404.5,1404.5,244.133546388009,244.133546388009,1382.8237127955274,1382.8237127955274
1998-12-17,1404.5,1404.5,244.12025896569625,244.12025896569625,1383.0548161152994,1383.0548161152994
1998-12-18,1404.5,1404.5,244.1103729862869,244.1103729862869,1383.372189611654,1383.372189611654
1998-12-19,1404.5,1404.5,244.08982898917054,244.08982898917054,1383.6209247922488,1383.6209247922488
1998-12-20,1404.5,1404.5,244.0736751141059,244.0736751141059,1383.838879274037,1383.838879274037
1998-12-21,1404.5,1404.5,244.05078842210952,244.05078842210952,1383.9217910008963,1383.9217910008963
1998-12-22,1404.5,1404.5,244.02736047093038,244.02736047093038,1384.003044493137,1384.003044493137
1998-12-23,1404.5,1404.5,244.0062685141706,244.0062685141706,1384.0848507303258,1384.0848507303258
1998-12-24,1404.5,1404.5,243.98848969132064,243.98848969132064,1384.1666569675149,1384.1666569675149
1998-12-25,1404.5,1404.5,243.96972608375293,243.96972608375293,1384.258412611963,1384.258412611963
1998-12-26,1404.5,1404.5,243.95671687101674,243.95671687101674,1384.4093119547927,1384.4093119547927
1998-12-27,1404.5,1404.5,243.94432730409025,243.94432730409025,1384.5471165939036,1384.5471165939036
1998-12-28,1404.5,1404.5,243.9283565313644,243.9283565313644,1384.6754247200297,1384.6754247200297
1998-12-29,1404.5,1404.5,243.91261037076663,243.91261037076663,1384.7997923103185,1384.7997923103185
1998-12-30,1404.5,1404.5,243.89764125644393,243.89764125644393,1384.9363202872073,1384.9363202872073
1998-12-31,1404.5,1404.5,243.88329020301111,243.88329020301111,1385.0779174693778,1385.0779174693778
1999-01-01,1404.5,1404.5,243.8693679400983,243.8693679400983,1385.2221803079444,1385.2221803079444
1999-01-02,1404.5,1404.5,243.85341368769332,243.85341368769332,1385.2990118415037,1385.2990118415037
1999-01-03,1404.5,1404.5,243.83822057714653,243.83822057714653,1385.3920691109556,1385.3920691109556
1999-01-04,1404.5,1404.5,243.8195834039504,243.8195834039504,1385.4816137760629,1385.4816137760629
1999-01-05,1404.5,1404.5,243.8013680424151,243.8013680424151,1385.5601035442407,1385.5601035442407
1999-01-06,1404.5,1404.5,243.78345894263495,243.78345894263495,1385.6591810315667,1385.6591810315667
1999-01-07,1404.5,1404.5,243.76555092504603,243.76555092504603,1385.757569614037,1385.757569614037
1999-01-08,1404.5,1404.5,243.74539664566257,243.74539664566257,1385.8460378044629,1385.8460378044629
1999-01-09,1404.5,1404.5,243.7281554976032,243.7281554976032,1385.9272912967037,1385.9272912967037
1999-01-10,1404.5,1404.5,243.71068892864898,243.71068892864898,1386.028996348411,1386.028996348411
1999-01-11,1404.5,1404.5,243.69302575198378,243.69302575198378,1386.1273849308816,1386.1273849308816
1999-01-12,1404.5,1404.5,243.67529034714968,243.67529034714968,1386.2274803764926,1386.2274803764926
1999-01-13,1404.5,1404.5,243.65811975339074,243.65811975339074,1386.3269744486333,1386.3269744486333
1999-01-14,1404.5,1404.5,243.63838044437813,243.63838044437813,1386.4132026445038,1386.4132026445038
1999-01-15,1404.5,1404.5,243.62052502697634,243.62052502697634,1386.498878095652,1386.498878095652
1999-01-16,1404.5,1404.5,243.63409398605785,243.63409398605785,1386.6984189848815,1386.6984189848815
1999-01-17,1404.5,1404.5,243.64141280825683,243.64141280825683,1386.8813775288297,1386.8813775288297
1999-01-18,1404.5,1404.5,243.6464078025981,243.6464078025981,1387.034487851226,1387.034487851226
1999-01-19,1404.5,1404.5,243.89564414540294,243.89564414540294,1388.118629596726,1388.118629596726
1999-01-20,1404.5,1404.5,244.67482287937494,244.67482287937494,1389.9525649389734,1389.9525649389734
1999-01-21,1404.5,1404.5,244.5773795467801,244.5773795467801,1390.4222501663646,1390.4222501663646
1999-01-22,1404.5,1404.5,244.38869523634042,244.38869523634042,1390.56286284094,1390.56286284094
1999-01-23,1404.5,1404.5,244.3802275048901,244.3802275048901,1390.6966307909968,1390.6966307909968
1999-01-24,1404.5,1404.5,244.42184838024417,244.42184838024417,1390.9350131585954,1390.9350131585954
1999-01-25,1404.5,1404.5,244.4030034473114,244.4030034473114,1391.086250803582,1391.086250803582
1999-01-26,1404.5,1404.5,244.39852799958942,244.39852799958942,1391.2456748340169,1391.2456748340169
1999-01-27,1404.5,1404.5,244.3742884030759,244.3742884030759,1391.408392564144,1391.408392564144
1999-01-28,1404.5,1404.5,244.36856041892952,244.36856041892952,1391.5741050992676,1391.5741050992676
1999-01-29,1404.5,1404.5,244.3644683922271,244.3644683922271,1391.7418141709197,1391.7418141709197
1999-01-30,1404.5,1404.5,244.36233651193302,244.36233651193302,1391.9120189133346,1391.9120189133346
1999-01-31,1404.5,1404.5,244.36842571610876,244.36842571610876,1392.0875636591975,1392.0875636591975
1999-02-01,1404.5,1404.5,244.39513070982608,244.39513070982608,1392.265754547726,1392.265754547726
1999-02-02,1404.5,1404.5,244.47074871867,244.47074871867,1392.392035485495,1392.392035485495
1999-02-03,1404.5,1404.5,244.4631973936038,244.4631973936038,1392.5158702163612,1392.5158702163612
1999-02-04,1404.5,1404.5,244.46423183396777,244.46423183396777,1392.639655483572,1392.639655483572
1999-02-05,1404.5,1404.5,244.4664131914645,244.4664131914645,1392.7673124128262,1392.7673124128262
1999-02-06,1404.5,1404.5,244.46666442899289,244.46666442899289,1392.8879904575485,1392.8879904575485
1999-02-07,1404.5,1404.5,244.5188282921024,244.5188282921024,1393.0527047244082,1393.0527047244082
1999-02-08,1404.5,1404.5,244.63342755392466,244.63342755392466,1393.360652503097,1393.360652503097
1999-02-09,1404.5,1404.5,244.83647528668715,244.83647528668715,1393.9562409452408,1393.9562409452408
1999-02-10,1404.5,1404.5,244.70761363660733,244.70761363660733,1394.3835537310033,1394.3835537310033
1999-02-11,1404.5,1404.5,244.59471921181887,244.59471921181887,1394.6308094960402,1394.6308094960402
1999-02-12,1404.5,1404.5,244.58837656039503,244.58837656039503,1394.8828362638696,1394.8828362638696
1999-02-13,1404.5,1404.5,244.59042899866355,244.59042899866355,1395.1403894809332,1395.1403894809332
1999-02-14,1404.5,1404.5,244.58374808418796,244.58374808418796,1395.3848752763645,1395.3848752763645
1999-02-15,1404.5,1404.5,244.5753090041973,244.5753090041973,1395.6194683229432,1395.6194683229432
1999-02-16,1404.5,1404.5,244.56723974159817,244.56723974159817,1395.8395864793847,1395.8395864793847
1999-02-17,1404.5,1404.5,244.62053086774753,244.62053086774753,1396.0841421764771,1396.0841421764771
1999-02-18,1404.5,1404.5,244.61035703303492,244.61035703303492,1396.3191175385227,1396.3191175385227
1999-02-19,1404.5,1404.5,244.61336309747054,244.61336309747054,1396.596741390611,1396.596741390611
1999-02-20,1404.5,1404.5,244.596920675516,244.596920675516,1396.8249206202856,1396.8249206202856
1999-02-21,1404.5,1404.5,244.6413522205345,244.6413522205345,1397.1365578283737,1397.1365578283737
1999-02-22,1404.5,1404.5,244.6310453626924,244.6310453626924,1397.3855954225228,1397.3855954225228
1999-02-23,1404.5,1404.5,244.60610282327272,244.60610282327272,1397.6163901210152,1397.6163901210152
1999-02-24,1404.5,1404.5,244.60090138768436,244.60090138768436,1397.84196614176,1397.84196614176
1999-02-25,1404.5,1404.5,244.6126584418245,244.6126584418245,1398.0765185335135,1398.0765185335135
1999-02-26,1404.5,1404.5,244.59788095252668,244.59788095252668,1398.317390960611,1398.317390960611
1999-02-27,1404.5,1404.5,244.58284434801925,244.58284434801925,1398.525116405994,1398.525116405994
1999-02-28,1404.5,1404.5,244.57828341373818,244.57828341373818,1398.7405860913586,1398.7405860913586
1999-03-01,1404.5,1404.5,244.5727628686652,244.5727628686652,1398.9592311194863,1398.9592311194863
1999-03-02,1404.5,1404.5,244.5537762616551,244.5537762616551,1399.144783143298,1399.144783143298
1999-03-03,1404.5,1404.5,244.55526488320206,244.55526488320206,1399.345736976085,1399.345736976085
1999-03-04,1404.5,1404.5,244.554819830179,244.554819830179,1399.5643820042128,1399.5643820042128
1999-03-05,1404.5,1404.5,244.54006418899502,244.54006418899502,1399.7490842546383,1399.7490842546383
1999-03-06,1404.5,1404.5,244.53438058361726,244.53438058361726,1399.9320411973524,1399.9320411973524
1999-03-07,1404.5,1404.5,244.53149173737836,244.53149173737836,1400.1226056599512,1400.1226056599512
1999-03-08,1404.5,1404.5,244.52541225697462,244.52541225697462,1400.2934039799482,1400.2934039799482
1999-03-09,1404.5,1404.5,244.55045089588214,244.55045089588214,1400.4793883398693,1400.4793883398693
1999-03-10,1404.5,1404.5,244.53398276635437,244.53398276635437,1400.6499496066351,1400.6499496066351
1999-03-11,1404.5,1404.5,244.51934849630473,244.51934849630473,1400.8141601878754,1400.8141601878754
1999-03-12,1404.5,1404.5,244.5178825924288,244.5178825924288,1400.9756490468267,1400.9756490468267
1999-03-13,1404.5,1404.5,244.51622177865355,244.51622177865355,1401.131130162623,1401.131130162623
1999-03-14,1404.5,1404.5,244.5155923503116,244.5155923503116,1401.2926190215744,1401.2926190215744
1999-03-15,1404.5,1404.5,244.51671539733746,244.51671539733746,1401.4595513251033,1401.4595513251033
1999-03-16,1404.5,1404.5,244.51395824759197,244.51395824759197,1401.6251227675805,1401.6251227675805
1999-03-17,1404.5,1404.5,244.51166897980684,244.51166897980684,1401.7887613347627,1401.7887613347627
1999-03-18,1404.5,1404.5,244.5082961842746,244.5082961842746,1401.9488893324772,1401.9488893324772
1999-03-19,1404.5,1404.5,244.5161266411712,244.5161266411712,1402.1412363858644,1402.1412363858644
1999-03-20,1404.5,1404.5,244.52574742711454,244.52574742711454,1402.3328205140028,1402.3328205140028
1999-03-21,1404.5,1404.5,244.51159422701537,244.51159422701537,1402.4971147601095,1402.4971147601095
1999-03-22,1404.5,1404.5,244.50779370029528,244.50779370029528,1402.652807213216,1402.652807213216
1999-03-23,1404.5,1404.5,244.5114104065975,244.5114104065975,1402.8097899353343,1402.8097899353343
1999-03-24,1404.5,1404.5,244.5059043860133,244.5059043860133,1402.96591247817,1402.96591247817
1999-03-25,1404.5,1404.5,244.50390805285386,244.50390805285386,1403.1228952002882,1403.1228952002882
1999-03-26,1404.5,1404.5,244.49965868457068,244.49965868457068,1403.2691256811122,1403.2691256811122
1999-03-27,1404.5,1404.5,244.50147726082943,244.50147726082943,1403.4239579549364,1403.4239579549364
1999-03-28,1404.5,1404.5,244.50257294908903,244.50257294908903,1403.5848114839134,1403.5848114839134
1999-03-29,1404.5,1404.5,244.50215162922342,244.50215162922342,1403.7503959990315,1403.7503959990315
1999-03-30,1404.5,1404.5,244.49767839367556,244.49767839367556,1403.9079208105704,1403.9079208105704
1999-03-31,1404.5,1404.5,244.51808539320012,244.51808539320012,1404.0898487322304,1404.0898487322304
1999-04-01,1404.5,1404.5,244.50617691188955,244.50617691188955,1404.245111095608,1404.245111095608
1999-04-02,1404.5,1404.5,244.49815039725004,244.49815039725004,1404.3931336166772,1404.3931336166772
1999-04-03,1404.5,1404.5,244.45178506447064,244.45178506447064,1404.5350632010893,1404.5350632010893
1999-04-04,1404.5,1404.5,244.42947033028705,244.42947033028705,1404.6716296978473,1404.6716296978473
1999-04-05,1404.5,1404.5,244.37850343547393,244.37850343547393,1404.802696260219,1404.802696260219
1999-04-06,1404.5,1404.5,244.4458802001011,244.4458802001011,1404.5347621585859,1404.5347621585859
1999-04-07,1404.5,1404.5,244.51667004105414,244.51667004105414,1403.8241341965086,1403.8241341965086
1999-04-08,1404.5,1404.5,244.7311193313339,244.7311193313339,1402.2811889712425,1402.2811889712425
1999-04-09,1404.5,1404.5,244.97836276502545,244.97836276502545,1398.9031242646165,1398.9031242646165
1999-04-10,1404.5,1404.5,245.42198979843374,245.42198979843374,1391.5789430298362,1391.5789430298362
1999-04-11,1404.5,1404.5,246.3131361205949,246.3131361205949,1377.8801687763714,1377.8801687763714
1999-04-12,1404.5,1404.5,245.9184668750229,245.9184668750229,1377.8801687763714,1377.8801687763714
1999-04-13,1404.5,1404.5,245.51048543258042,245.51048543258042,1378.0471276151225,1378.0471276151225
1999-04-14,1404.5,1404.5,245.11229557240966,245.11229557240966,1378.24439837054,1378.24439837054
1999-04-15,1404.5,1404.5,244.73479620322615,244.73479620322615,1378.5301909903924,1378.5301909903924
1999-04-16,1404.5,1404.5,244.37158334331082,244.37158334331082,1378.9143804617383,1378.9143804617383
1999-04-17,1404.5,1404.5,244.03089947487211,244.03089947487211,1379.4175182068102,1379.4175182068102
1999-04-18,1404.5,1404.5,244.09546530012685,244.09546530012685,1380.0561579479788,1380.0561579479788
1999-04-19,1404.5,1404.5,244.20423681155143,244.20423681155143,1380.8819167669114,1380.8819167669114
1999-04-20,1404.5,1404.5,244.30347000612204,244.30347000612204,1381.7905873127088,1381.7905873127088
1999-04-21,1404.5,1404.5,244.39451543964938,244.39451543964938,1382.7715503965105,1382.7715503965105
1999-04-22,1404.5,1404.5,244.4839784261292,244.4839784261292,1383.7041498964472,1383.7041498964472
1999-04-23,1404.5,1404.5,244.55069185272012,244.55069185272012,1384.3887312599074,1384.3887312599074
1999-04-24,1404.5,1404.5,244.55530154858178,244.55530154858178,1384.7739441678334,1384.7739441678334
1999-04-25,1404.5,1404.5,244.54398602720434,244.54398602720434,1385.1413603668777,1385.1413603668777
1999-04-26,1404.5,1404.5,244.53475315010553,244.53475315010553,1385.5371256765518,1385.5371256765518
1999-04-27,1404.5,1404.5,244.52826595668378,244.52826595668378,1386.0135917337445,1386.0135917337445
1999-04-28,1404.5,1404.5,244.50803119199935,244.50803119199935,1386.4408634995889,1386.4408634995889
1999-04-29,1404.5,1404.5,244.46884806692927,244.46884806692927,1386.8078860771557,1386.8078860771557
1999-04-30,1404.5,1404.5,244.42609453135702,244.42609453135702,1387.1511406264704,1387.1511406264704
1999-05-01,1404.5,1404.5,244.39839179676272,244.39839179676272,1387.5147294860224,1387.5147294860224
1999-05-02,1404.5,1404.5,244.3576650108696,244.3576650108696,1387.9259716513075,1387.9259716513075
1999-05-03,1404.5,1404.5,244.35047900999257,244.35047900999257,1388.4369785879815,1388.4369785879815
1999-05-04,1404.5,1404.5,244.31513913071979,244.31513913071979,1388.8120676742853,1388.8120676742853
1999-05-05,1404.5,1404.5,244.261662724363,244.261662724363,1389.177560072726,1389.177560072726
1999-05-06,1404.5,1404.5,244.21126841168032,244.21126841168032,1389.5609351446371,1389.5609351446371
1999-05-07,1404.5,1404.5,244.17913036566964,244.17913036566964,1390.0605114560135,1390.0605114560135
1999-05-08,1404.5,1404.5,244.17592960384562,244.17592960384562,1390.6928830895217,1390.6928830895217
1999-05-09,1404.5,1404.5,244.15385372123595,244.15385372123595,1391.3245415905953,1391.3245415905953
1999-05-10,1404.5,1404.5,244.12920407282232,244.12920407282232,1391.9744142430436,1391.9744142430436
1999-05-11,1404.5,1404.5,244.1009062405289,244.1009062405289,1392.6489578813612,1392.6489578813612
1999-05-12,1404.5,1404.5,244.0959600833513,244.0959600833513,1393.462831375475,1393.462831375475
1999-05-13,1404.5,1404.5,244.10430580984863,244.10430580984863,1394.3600210430802,1394.3600210430802
1999-05-14,1404.5,1404.5,244.1211941006115,244.1211941006115,1395.3033845709197,1395.3033845709197
1999-05-15,1404.5,1404.5,244.1334645332584,244.1334645332584,1396.2292545916291,1396.2292545916291
1999-05-16,1404.5,1404.5,244.1245913930261,244.1245913930261,1397.0796616589969,1397.0796616589969
1999-05-17,1404.5,1404.5,244.12326920951574,244.12326920951574,1397.9833995853555,1397.9833995853555
1999-05-18,1404.5,1404.5,244.2172572487095,244.2172572487095,1399.0231783997508,1399.0231783997508
1999-05-19,1404.5,1404.5,244.3297262431849,244.3297262431849,1400.2879795330698,1400.2879795330698
1999-05-20,1404.5,1404.5,244.43828557068488,244.43828557068488,1401.6363250376746,1401.6363250376746
1999-05-21,1404.5,1404.5,244.55098283377959,244.55098283377959,1402.9706248997434,1402.9706248997434
1999-05-22,1404.5,1404.5,244.6537797920644,244.6537797920644,1404.2276689813257,1404.2276689813257
1999-05-23,1404.5,1404.5,244.78112471080325,244.78112471080325,1405.7498180526281,1405.7498180526281
1999-05-24,1404.5,1404.5,244.93934009541195,244.93934009541195,1407.3419731062709,1407.3419731062709
1999-05-25,1404.5,1404.5,245.04300741777766,245.04300741777766,1408.5403729434988,1408.5403729434988
1999-05-26,1404.5,1404.5,245.14892518291478,245.14892518291478,1409.383198078747,1409.383198078747
1999-05-27,1404.5,1404.5,245.3010630168129,245.3010630168129,1410.2355633333789,1410.2355633333789
1999-05-28,1404.5,1404.5,245.4925667188228,245.4925667188228,1410.8536871105678,1410.8536871105678
1999-05-29,1404.5,1404.5,245.72334416254984,245.72334416254986,1411.096362646736,1411.0963626467358
1999-05-30,1404.5,1404.5,246.03339294946485,246.03339294946488,1410.4143622158438,1410.4143622158435
1999-05-31,1404.5,1404.5,246.51975784801564,246.51975784801567,1407.9549660311727,1407.9549660311725
1999-06-01,1404.5,1404.5,246.55626834039307,246.5562683403931,1408.6138151096075,1408.6138151096072
1999-06-02,1404.5,1404.5,246.5999224990187,246.59992249901873,1409.2127697242352,1409.212769724235
1999-06-03,1404.5,1404.5,246.69702595604073,246.69702595604076,1409.8512666399554,1409.8512666399554
1999-06-04,1404.5,1404.5,246.6986833655506,246.69868336555064,1410.4309777119227,1410.4309777119227
1999-06-05,1404.5,1404.5,246.70091027022352,246.70091027022355,1410.936288614188,1410.9362886141878
1999-06-06,1404.5,1404.5,246.7024451948445,246.70244519484453,1411.4585827628075,1411.4585827628073
1999-06-07,1404.5,1404.5,246.70043148511795,246.70043148511797,1411.9918565025441,1411.9918565025441
1999-06-08,1404.5,1404.5,246.6950384101143,246.69503841011434,1412.5222836816024,1412.5222836816022
1999-06-09,1404.5,1404.5,246.68705732550504,246.68705732550507,1413.0706035275925,1413.0706035275923
1999-06-10,1404.5,1404.5,246.68146178074701,246.68146178074704,1413.6515052793156,1413.6515052793154
1999-06-11,1404.5,1404.5,246.68373240466744,246.68373240466747,1414.2654143188588,1414.2654143188586
1999-06-12,1404.5,1404.5,246.70400175796823,246.70400175796826,1414.876784210455,1414.8767842104548
1999-06-13,1404.5,1404.5,246.72495411266902,246.72495411266905,1415.4701608001517,1415.4701608001517
1999-06-14,1404.5,1404.5,246.74422291659218,246.7442229165922,1416.0152095661656,1416.0152095661654
1999-06-15,1404.5,1404.5,246.7705469059265,246.77054690592652,1416.5597128398367,1416.5597128398365
1999-06-16,1404.5,1404.5,246.9005869204097,246.90058692040972,1417.1322054652887,1417.1322054652885
1999-06-17,1404.5,1404.5,246.994421355167,246.99442135516702,1417.6590473756298,1417.6590473756296
1999-06-18,1404.5,1404.5,247.0734310668793,247.07343106687932,1418.2176706912949,1418.2176706912946
1999-06-19,1404.5,1404.5,247.15122740278102,247.15122740278105,1418.6624971295664,1418.6624971295662
1999-06-20,1404.5,1404.5,247.21812155020464,247.21812155020467,1419.098274922325,1419.098274922325
1999-06-21,1404.5,1404.5,247.26694316677813,247.26694316677816,1419.5282826183336,1419.5282826183336
1999-06-22,1404.5,1404.5,247.29915407676077,247.2991540767608,1419.953374822247,1419.9533748222468
1999-06-23,1404.5,1404.5,247.31951300887496,247.319513008875,1420.3566636508922,1420.3566636508922
1999-06-24,1404.5,1404.5,247.3367592026876,247.33675920268763,1420.7545845667157,1420.7545845667155
1999-06-25,1404.5,1404.5,247.34289739299538,247.3428973929954,1421.1377510798718,1421.1377510798716
1999-06-26,1404.5,1404.5,247.344650061088,247.34465006108803,1421.488703435183,1421.4887034351827
1999-06-27,1404.5,1404.5,247.32002673943316,247.3200267394332,1421.7746843345608,1421.7746843345606
1999-06-28,1404.5,1404.5,247.28917800476296,247.289178004763,1422.0427375872537,1422.0427375872534
1999-06-29,1404.5,1404.5,247.26229783595556,247.2622978359556,1422.3158617851216,1422.3158617851213
1999-06-30,1404.5,1404.5,247.24206847802157,247.2420684780216,1422.596262461593,1422.5962624615927
1999-07-01,1404.5,1404.5,247.21271492844647,247.2127149284465,1422.882017906473,1422.882017906473
1999-07-02,1404.5,1404.5,247.14604574730205,247.14604574730208,1423.178552656414,1423.1785526564138
1999-07-03,1404.5,1404.5,247.08559112228778,247.0855911222878,1423.3958570044813,1423.3958570044813
1999-07-04,1404.5,1404.5,247.01257086033533,247.01257086033536,1423.566126569497,1423.5661265694969
1999-07-05,1404.5,1404.5,246.9307825238012,246.93078252380124,1423.6809928280202,1423.68099282802
1999-07-06,1404.5,1404.5,246.8257072781209,246.82570727812092,1423.7822186265332,1423.7822186265332
1999-07-07,1404.5,1404.5,246.72208608713464,246.72208608713467,1423.901149922953,1423.9011499229528
1999-07-08,1404.5,1404.5,246.6272864799171,246.62728647991713,1424.0487318125079,1424.0487318125079
1999-07-09,1404.5,1404.5,246.52819089483157,246.5281908948316,1424.1709101803956,1424.1709101803954
1999-07-10,1404.5,1404.5,246.42027790413294,246.42027790413297,1424.287574714261,1424.287574714261
1999-07-11,1404.5,1404.5,246.31015954383713,246.31015954383716,1424.399655489518,1424.399655489518
1999-07-12,1404.5,1404.5,246.19595164634967,246.1959516463497,1424.4933378456321,1424.4933378456321
1999-07-13,1404.5,1404.5,246.08187118548335,246.08187118548338,1424.6024177584927,1424.6024177584925
1999-07-14,1404.5,1404.5,245.96009113850945,245.96009113850948,1424.679382687188,1424.679382687188
1999-07-15,1404.5,1404.5,245.83921514500005,245.83921514500008,1424.7362069760413,1424.736206976041
1999-07-16,1404.5,1404.5,245.71063321248454,245.71063321248457,1424.846116068231,1424.8461160682307
1999-07-17,1404.5,1404.5,245.59185062355502,245.59185062355505,1424.89441401853,1424.8944140185297
1999-07-18,1404.5,1404.5,245.47409772343823,245.47409772343823,1424.936457998218,1424.9364579982177
1999-07-19,1404.5,1404.5,245.3570341176201,245.35703411762012,1424.9663715429972,1424.966371542997
1999-07-20,1404.5,1404.5,245.23271472247416,245.23271472247416,1424.9877997122246,1424.9877997122246
1999-07-21,1404.5,1404.5,245.1096490669073,245.1096490669073,1425.0035577412402,1425.0035577412402
1999-07-22,1404.5,1404.5,244.98784423119645,244.98784423119645,1425.0157983428817,1425.0157983428815
1999-07-23,1404.5,1404.5,244.86727790836846,244.8672779083685,1425.0258620850007,1425.0258620850007
1999-07-24,1404.5,1404.5,244.74942917221145,244.74942917221145,1425.0326175266764,1425.0326175266764
1999-07-25,1404.5,1404.5,244.63277014581874,244.63277014581877,1425.0366487139113,1425.0366487139113
1999-07-26,1404.5,1404.5,244.51729997546346,244.5172999754635,1425.0361230919173,1425.036123091917
1999-07-27,1404.5,1404.5,244.40304280998188,244.40304280998188,1425.0303805098295,1425.0303805098292
1999-07-28,1404.5,1404.5,244.28997841673146,244.2899784167315,1425.0210993721307,1425.0210993721307
1999-07-29,1404.5,1404.5,244.17810541607417,244.17810541607417,1425.0074821941193,1425.0074821941193
1999-07-30,1404.5,1404.5,244.05874648801893,244.05874648801895,1425.0482845661538,1425.0482845661538
1999-07-31,1404.5,1404.5,243.94375027518868,243.9437502751887,1425.027103248714,1425.0271032487137
1999-08-01,1404.5,1404.5,243.82996516797965,243.82996516797968,1425.003599904673,1425.0035999046727
1999-08-02,1404.5,1404.5,243.71745002416816,243.7174500241682,1424.9890351881197,1424.9890351881195
1999-08-03,1404.5,1404.5,243.6039786143919,243.60397861439193,1424.9689619555122,1424.968961955512
1999-08-04,1404.5,1404.5,243.48696845421674,243.48696845421674,1424.9475968435697,1424.9475968435695
1999-08-05,1404.5,1404.5,243.3712094763389,243.37120947633892,1424.924453291051,1424.9244532910507
1999-08-06,1404.5,1404.5,243.2566929697552,243.25669296975522,1424.898860906303,1424.8988609063028
1999-08-07,1404.5,1404.5,243.14368666470497,243.143686664705,1424.871473264661,1424.8714732646608
1999-08-08,1404.5,1404.5,243.0318378120176,243.03183781201764,1424.8425725794698,1424.8425725794696
1999-08-09,1404.5,1404.5,242.92119709296813,242.92119709296816,1424.8122015385593,1424.812201538559
1999-08-10,1404.5,1404.5,242.8118856886268,242.81188568862683,1424.7825656755085,1424.7825656755083
1999-08-11,1404.5,1404.5,242.70081522839845,242.70081522839848,1424.756605701906,1424.7566057019058
1999-08-12,1404.5,1404.5,242.5906453166461,242.59064531664612,1424.7236615384118,1424.7236615384115
1999-08-13,1404.5,1404.5,242.47301795568245,242.47301795568248,1424.7484456205545,1424.7484456205545
1999-08-14,1404.5,1404.5,242.3626241511551,242.36262415115513,1424.7132959234816,1424.7132959234814
1999-08-15,1404.5,1404.5,242.25239277122174,242.25239277122174,1424.6771340093865,1424.6771340093862
1999-08-16,1404.5,1404.5,242.14169639255013,242.14169639255016,1424.6405139565943,1424.640513956594
1999-08-17,1404.5,1404.5,242.03038308993857,242.0303830899386,1424.6031587259424,1424.6031587259422
1999-08-18,1404.5,1404.5,241.9202858898989,241.92028588989893,1424.564700728426,1424.5647007284258
1999-08-19,1404.5,1404.5,241.8113920113506,241.81139201135062,1424.5255075530501,1424.52550755305
1999-08-20,1404.5,1404.5,241.7036900600708,241.70369006007084,1424.4855791998145,1424.4855791998143
1999-08-21,1404.5,1404.5,241.5971690774226,241.5971690774226,1424.4452436421307,1424.4452436421307
1999-08-22,1404.5,1404.5,241.49181766788635,241.49181766788635,1424.4042125220305,1424.4042125220305
1999-08-23,1404.5,1404.5,241.38762483131532,241.38762483131535,1424.3623716104034,1424.3623716104032
1999-08-24,1404.5,1404.5,241.28457912676254,241.28457912676257,1424.3199686408698,1424.3199686408698
1999-08-25,1404.5,1404.5,241.1826692929141,241.18266929291414,1424.2767275794151,1424.276727579415
1999-08-26,1404.5,1404.5,241.0818849577427,241.08188495774272,1424.2323948424282,1424.2323948424282
1999-08-27,1404.5,1404.5,240.97371503148457,240.9737150314846,1424.2647237504382,1424.264723750438
1999-08-28,1404.5,1404.5,240.875153450624,240.875153450624,1424.2196491520351,1424.219649152035
1999-08-29,1404.5,1404.5,240.7752493860613,240.77524938606132,1424.1740991674103,1424.1740991674103
1999-08-30,1404.5,1404.5,240.66833577523022,240.66833577523025,1424.1278046624604,1424.1278046624604
1999-08-31,1404.5,1404.5,240.56261394192322,240.56261394192322,1424.081097149949,1424.0810971499488
1999-09-01,1404.5,1404.5,240.45807321132847,240.4580732113285,1424.0335357387037,1424.0335357387034
1999-09-02,1404.5,1404.5,240.35437180903702,240.35437180903705,1424.0047273592834,1424.0047273592832
1999-09-03,1404.5,1404.5,240.25182960960964,240.25182960960967,1423.9754590852374,1423.9754590852374
1999-09-04,1404.5,1404.5,240.157082751868,240.15708275186802,1423.9455454882852,1423.945545488285
1999-09-05,1404.5,1404.5,240.06379447207152,240.06379447207155,1423.914793788594,1423.9147937885937
1999-09-06,1404.5,1404.5,239.97156071621703,239.97156071621703,1423.883319980819,1423.883319980819
1999-09-07,1404.5,1404.5,239.8803703875446,239.88037038754462,1423.8507434063297,1423.8507434063295
1999-09-08,1404.5,1404.5,239.78770813716005,239.78770813716008,1423.8174316539807,1423.8174316539807
1999-09-09,1404.5,1404.5,239.6960937250417,239.69609372504172,1423.7833847237723,1423.7833847237723
1999-09-10,1404.5,1404.5,239.59591422387862,239.59591422387865,1423.8065786054792,1423.8065786054792
1999-09-11,1404.5,1404.5,239.51351486688532,239.51351486688532,1423.7703261415418,1423.7703261415415
1999-09-12,1404.5,1404.5,239.43206193213823,239.43206193213825,1423.73297091089,1423.7329709108897
1999-09-13,1404.5,1404.5,239.35154616356124,239.35154616356127,1423.6948621228983,1423.694862122898
1999-09-14,1404.5,1404.5,239.2719583070923,239.27195830709232,1423.6560365365272,1423.656036536527
1999-09-15,1404.5,1404.5,239.19328924414205,239.19328924414208,1423.6163358434048,1423.6163358434048
1999-09-16,1404.5,1404.5,239.11552997503833,239.11552997503836,1423.5759059353984,1423.5759059353982
1999-09-17,1404.5,1404.5,239.03867149429817,239.03867149429817,1423.5348748152983,1423.534874815298
1999-09-18,1404.5,1404.5,238.9552859099166,238.9552859099166,1423.510593497841,1423.510593497841
1999-09-19,1404.5,1404.5,238.8720827763533,238.87208277635332,1423.4684596110267,1423.4684596110264
1999-09-20,1404.5,1404.5,238.78888123521145,238.78888123521148,1423.4259581352073,1423.4259581352073
1999-09-21,1404.5,1404.5,238.70659923799255,238.70659923799258,1423.3831170071812,1423.383117007181
1999-09-22,1404.5,1404.5,238.62526552723833,238.62526552723835,1423.3402479425072,1423.340247942507
1999-09-23,1404.5,1404.5,238.54588158184555,238.54588158184558,1423.3392006964416,1423.3392006964414
1999-09-24,1404.5,1404.5,238.45841943186176,238.45841943186176,1423.4013232267052,1423.401323226705
1999-09-25,1404.5,1404.5,238.38718323819492,238.38718323819495,1423.3737679170977,1423.3737679170974
1999-09-26,1404.5,1404.5,238.31660969381372,238.31660969381375,1423.3292961645666,1423.3292961645664
1999-09-27,1404.5,1404.5,238.24574082160737,238.24574082160737,1423.2845891551683,1423.2845891551683
1999-09-28,1404.5,1404.5,238.17570477765398,238.17570477765398,1423.2390417965487,1423.2390417965485
1999-09-29,1404.5,1404.5,238.10649330069586,238.1064933006959,1423.1931197014067,1423.1931197014064
1999-09-30,1404.5,1404.5,238.03809819681135,238.03809819681138,1423.1465747472844,1423.1465747472841
1999-10-01,1404.5,1404.5,237.9705113254807,237.97051132548071,1423.0996622043074,1423.0996622043074
1999-10-02,1404.5,1404.5,237.9028917649256,237.90289176492564,1423.0529883604906,1423.0529883604904
1999-10-03,1404.5,1404.5,237.84320707226414,237.84320707226416,1423.0060758175136,1423.0060758175134
1999-10-04,1404.5,1404.5,237.78423576737535,237.78423576737535,1422.9587956855319,1422.9587956855316
1999-10-05,1404.5,1404.5,237.72597076499278,237.7259707649928,1422.911147964545,1422.9111479645449
1999-10-06,1404.5,1404.5,237.66840501413776,237.6684050141378,1422.8635002435583,1422.863500243558
1999-10-07,1404.5,1404.5,237.6115315643965,237.61153156439653,1422.8155356254679,1422.8155356254679
1999-10-08,1404.5,1404.5,237.5457378430977,237.54573784309773,1422.8261957046575,1422.8261957046575
1999-10-09,1404.5,1404.5,237.4889125361029,237.48891253610293,1422.7781803948162,1422.778180394816
1999-10-10,1404.5,1404.5,237.43975171765905,237.43975171765908,1422.729981290472,1422.729981290472
1999-10-11,1404.5,1404.5,237.38425856308442,237.38425856308444,1422.6814758620076,1422.6814758620073
1999-10-12,1404.5,1404.5,237.3365815546912,237.33658155469124,1422.6323792909568,1422.6323792909566
1999-10-13,1404.5,1404.5,237.2883163725247,237.28831637252472,1422.582893625396,1422.5828936253959
1999-10-14,1404.5,1404.5,237.24177505248946,237.2417750524895,1422.5330403708303,1422.5330403708303
1999-10-15,1404.5,1404.5,237.19570556865276,237.19570556865278,1422.4831871162648,1422.4831871162646
1999-10-16,1404.5,1404.5,237.1549062230696,237.15490622306962,1422.4329662728446,1422.4329662728444
1999-10-17,1404.5,1404.5,237.1195417923017,237.11954179230173,1422.3827454294242,1422.3827454294242
1999-10-18,1404.5,1404.5,237.08444392191802,237.08444392191805,1422.332156996999,1422.332156996999
1999-10-19,1404.5,1404.5,237.0467002028327,237.04670020283274,1422.2815685645737,1422.2815685645737
1999-10-20,1404.5,1404.5,237.00907486029595,237.00907486029595,1422.230796337646,1422.230796337646
1999-10-21,1404.5,1404.5,236.96846004390622,236.96846004390625,1422.179840316216,1422.1798403162159
1999-10-22,1404.5,1404.5,236.9213408918849,236.92134089188494,1422.1871920949623,1422.1871920949623
1999-10-23,1404.5,1404.5,236.88842243009185,236.88842243009188,1422.1358684846775,1422.1358684846773
1999-10-24,1404.5,1404.5,236.85779254148943,236.85779254148946,1422.0843566910453,1422.0843566910453
1999-10-25,1404.5,1404.5,236.8239139948648,236.82391399486482,1422.0326654917556,1422.0326654917556
1999-10-26,1404.5,1404.5,236.78989582239143,236.78989582239143,1421.9809742924658,1421.9809742924658
1999-10-27,1404.5,1404.5,236.7555435755024,236.75554357550243,1421.9292827235702,1421.9292827235702
1999-10-28,1404.5,1404.5,236.7506910651537,236.7506910651537,1422.0593973474136,1422.0593973474133
1999-10-29,1404.5,1404.5,236.72584932794308,236.7258493279431,1422.1250558440745,1422.1250558440743
1999-10-30,1404.5,1404.5,236.69888580635228,236.69888580635228,1422.0836571351197,1422.0836571351194
1999-10-31,1404.5,1404.5,236.67177931569705,236.67177931569708,1422.0591675172363,1422.0591675172361
1999-11-01,1404.5,1404.5,236.64438022723846,236.64438022723849,1422.0643654670969,1422.0643654670966
1999-11-02,1404.5,1404.5,236.6097184675713,236.60971846757133,1422.0702468901238,1422.0702468901238
1999-11-03,1404.5,1404.5,236.5767943251551,236.57679432515513,1422.0724524237028,1422.0724524237025
1999-11-04,1404.5,1404.5,236.54551434434958,236.5455143443496,1422.0746579572815,1422.0746579572815
1999-11-05,1404.5,1404.5,236.51789300742246,236.5178930074225,1422.0768634908604,1422.0768634908602
1999-11-06,1404.5,1404.5,236.49271328806137,236.49271328806137,1422.0790690244391,1422.079069024439
1999-11-07,1404.5,1404.5,236.46496479077626,236.46496479077626,1422.081274558018,1422.0812745580179
1999-11-08,1404.5,1404.5,236.5013881810746,236.50138818107462,1422.5058197297594,1422.5058197297592
1999-11-09,1404.5,1404.5,236.5092568439643,236.50925684396432,1422.7941030244244,1422.7941030244242
1999-11-10,1404.5,1404.5,236.4707877679092,236.4707877679092,1422.822407372545,1422.8224073725448
1999-11-11,1404.5,1404.5,236.432245094942,236.43224509494203,1422.8672532228825,1422.8672532228825
1999-11-12,1404.5,1404.5,236.39539942083212,236.39539942083215,1422.963780963831,1422.9637809638307
1999-11-13,1404.5,1404.5,236.37411860573997,236.37411860574,1423.1159249108875,1423.1159249108873
1999-11-14,1404.5,1404.5,236.35093538134169,236.35093538134169,1423.2568585093234,1423.2568585093234
1999-11-15,1404.5,1404.5,236.3193598878496,236.31935988784963,1423.3476529767127,1423.3476529767124
1999-11-16,1404.5,1404.5,236.28249574558888,236.2824957455889,1423.3792656252765,1423.3792656252765
1999-11-17,1404.5,1404.5,236.31947141716273,236.31947141716276,1423.7925057663308,1423.7925057663306
1999-11-18,1404.5,1404.5,236.31425604075534,236.31425604075537,1423.9560828431731,1423.956082843173
1999-11-19,1404.5,1404.5,236.2916953043606,236.29169530436062,1423.9865927248727,1423.9865927248725
1999-11-20,1404.5,1404.5,236.32312313088536,236.3231231308854,1424.219035918188,1424.2190359181877
1999-11-21,1404.5,1404.5,236.32288650031657,236.3228865003166,1424.363307892471,1424.363307892471
1999-11-22,1404.5,1404.5,236.29046240948253,236.29046240948256,1424.393450185316,1424.393450185316
1999-11-23,1404.5,1404.5,236.2520184326374,236.25201843263744,1424.4063157980845,1424.4063157980843
1999-11-24,1404.5,1404.5,236.2146484289962,236.21464842899624,1424.4217545334368,1424.4217545334366
1999-11-25,1404.5,1404.5,236.18567809869933,236.18567809869936,1424.443074691816,1424.4430746918158
1999-11-26,1404.5,1404.5,236.15688729887452,236.15688729887455,1424.4585134271683,1424.458513427168
1999-11-27,1404.5,1404.5,236.1293114190497,236.12931141904974,1424.5278262198972,1424.5278262198972
1999-11-28,1404.5,1404.5,236.10747678857336,236.1074767885734,1424.6252372881731,1424.625237288173
1999-11-29,1404.5,1404.5,236.079766903659,236.07976690365902,1424.7175021112814,1424.7175021112814
1999-11-30,1404.5,1404.5,236.04795847885595,236.04795847885597,1424.8200594247248,1424.8200594247246
1999-12-01,1404.5,1404.5,236.03150085004532,236.03150085004532,1424.968197766215,1424.9681977662149
1999-12-02,1404.5,1404.5,236.00141799222078,236.0014179922208,1425.0483321544145,1425.0483321544143
1999-12-03,1404.5,1404.5,235.96195047837085,235.96195047837085,1425.0718412456583,1425.071841245658
1999-12-04,1404.5,1404.5,235.92455600297117,235.92455600297117,1425.0821313643555,1425.0821313643553
1999-12-05,1404.5,1404.5,235.8929277838787,235.89292778387872,1425.0916886766806,1425.0916886766804
1999-12-06,1404.5,1404.5,235.8560486645682,235.85604866456822,1425.1047993488357,1425.1047993488355
1999-12-07,1404.5,1404.5,235.81883537262152,235.81883537262155,1425.121655317471,1425.121655317471
1999-12-08,1404.5,1404.5,235.7896723673288,235.78967236732882,1425.1506948434514,1425.1506948434512
1999-12-09,1404.5,1404.5,235.7617844518419,235.76178445184192,1425.1657659897987,1425.1657659897985
1999-12-10,1404.5,1404.5,235.73360299367127,235.7336029936713,1425.1903944486214,1425.1903944486212
1999-12-11,1404.5,1404.5,235.7052419809443,235.7052419809443,1425.2043628282545,1425.2043628282543
1999-12-12,1404.5,1404.5,235.6759037634428,235.67590376344282,1425.2161873343407,1425.2161873343405
1999-12-13,1404.5,1404.5,235.63943640405623,235.63943640405626,1425.2327288365573,1425.2327288365573
1999-12-14,1404.5,1404.5,235.6598153707594,235.65981537075942,1424.8945125008956,1424.8945125008954
1999-12-15,1404.5,1404.5,235.7365404942837,235.73654049428373,1424.197862439805,1424.1978624398048
1999-12-16,1404.5,1404.5,235.93530676953623,235.93530676953625,1422.783444138698,1422.783444138698
1999-12-17,1404.5,1404.5,236.3700472758092,236.37004727580924,1419.9215032839566,1419.9215032839563
1999-12-18,1404.5,1404.5,237.27366369606585,237.27366369606585,1413.98703848493,1413.9870384849298
1999-12-19,1404.5,1404.5,239.11624827430626,239.1162482743063,1401.009139134758,1401.0091391347578
1999-12-20,1404.5,1404.5,241.63553959866346,241.63553959866346,1377.8801687763714,1377.8801687763714
1999-12-21,1404.5,1404.5,241.60697130265493,241.60697130265493,1378.1178454489368,1378.1178454489368
1999-12-22,1404.5,1404.5,241.5825933921161,241.5825933921161,1378.3375814997848,1378.3375814997848
1999-12-23,1404.5,1404.5,241.55945852986503,241.55945852986503,1378.551052958477,1378.551052958477
1999-12-24,1404.5,1404.5,241.53419203598636,241.53419203598636,1378.6171724367553,1378.6171724367553
1999-12-25,1404.5,1404.5,241.50713137377772,241.50713137377772,1378.7047020319494,1378.7047020319494
1999-12-26,1404.5,1404.5,241.47977705534637,241.47977705534637,1378.856461977633,1378.856461977633
1999-12-27,1404.5,1404.5,241.45312185239789,241.45312185239789,1378.948399538097,1378.948399538097
1999-12-28,1404.5,1404.5,241.42586479788656,241.42586479788656,1379.052301575502,1379.052301575502
1999-12-29,1404.5,1404.5,241.39781415814704,241.39781415814704,1379.1505362290254,1379.1505362290254
1999-12-30,1404.5,1404.5,241.36803148832806,241.36803148832806,1379.2889178987089,1379.2889178987089
1999-12-31,1404.5,1404.5,241.33839918067142,241.33839918067142,1379.366162241692,1379.366162241692
2000-01-01,1404.5,1404.5,241.3117964247339,241.3117964247339,1379.4001665449832,1379.4001665449832
2000-01-02,1404.5,1404.5,241.28748841243473,241.28748841243473,1379.447394743827,1379.447394743827
2000-01-03,1404.5,1404.5,241.266755890689,241.266755890689,1379.472583116578,1379.472583116578
2000-01-04,1404.5,1404.5,241.24281723381094,241.24281723381094,1379.488955558789,1379.488955558789
2000-01-05,1404.5,1404.5,241.21964302607716,241.21964302607716,1379.5052825732448,1379.5052825732448
2000-01-06,1404.5,1404.5,241.19556149035816,241.19556149035816,1379.5238890985022,1379.5238890985022
2000-01-07,1404.5,1404.5,241.16974399619903,241.16974399619903,1379.5421506687594,1379.5421506687594
2000-01-08,1404.5,1404.5,241.1424004161242,241.1424004161242,1379.5687070434683,1379.5687070434683
2000-01-09,1404.5,1404.5,241.11630240877452,241.11630240877452,1379.6003324857468,1379.6003324857468
2000-01-10,1404.5,1404.5,241.08949329863933,241.08949329863933,1379.6488201032025,1379.6488201032025
2000-01-11,1404.5,1404.5,241.0641202239001,241.0641202239001,1379.688617362865,1379.688617362865
2000-01-12,1404.5,1404.5,241.06278460013428,241.06278460013428,1379.8724924837932,1379.8724924837932
2000-01-13,1404.5,1404.5,241.0476531291289,241.0476531291289,1380.005361149785,1380.005361149785
2000-01-14,1404.5,1404.5,241.02056862357162,241.02056862357162,1380.0702212094516,1380.0702212094516
2000-01-15,1404.5,1404.5,241.00330641594888,241.00330641594888,1380.180420340173,1380.180420340173
2000-01-16,1404.5,1404.5,241.02059520494012,241.02059520494012,1380.4562544426033,1380.4562544426033
2000-01-17,1404.5,1404.5,241.0410912389452,241.0410912389452,1380.6765426433165,1380.6765426433165
2000-01-18,1404.5,1404.5,241.19126343844803,241.19126343844803,1381.1440624780928,1381.1440624780928
2000-01-19,1404.5,1404.5,241.40429386932553,241.40429386932553,1382.3277893153206,1382.3277893153206
2000-01-20,1404.5,1404.5,241.4592642095725,241.4592642095725,1382.7503951792912,1382.7503951792912
2000-01-21,1404.5,1404.5,241.48040693685374,241.48040693685374,1382.9997600693207,1382.9997600693207
2000-01-22,1404.5,1404.5,241.46339631803932,241.46339631803932,1383.1232215060338,1383.1232215060338
2000-01-23,1404.5,1404.5,241.44068544925287,241.44068544925287,1383.214678566924,1383.214678566924
2000-01-24,1404.5,1404.5,241.73034894534155,241.73034894534155,1384.2007411707223,1384.2007411707223
2000-01-25,1404.5,1404.5,243.74416736110737,243.74416736110737,1387.7035643617223,1387.7035643617223
2000-01-26,1404.5,1404.5,244.01504215068766,244.01504215068766,1388.4276108326667,1388.4276108326667
2000-01-27,1404.5,1404.5,244.0048368396739,244.0048368396739,1388.559164105926,1388.559164105926
2000-01-28,1404.5,1404.5,243.98780386727012,243.98780386727012,1388.6995612967742,1388.6995612967742
2000-01-29,1404.5,1404.5,243.97572354878542,243.97572354878542,1388.8454223947592,1388.8454223947592
2000-01-30,1404.5,1404.5,243.96710813552946,243.96710813552946,1388.9985327171555,1388.9985327171555
2000-01-31,1404.5,1404.5,244.00733063409552,244.00733063409552,1389.251436663715,1389.251436663715
2000-02-01,1404.5,1404.5,244.0228274187454,244.0228274187454,1389.4448973596445,1389.4448973596445
2000-02-02,1404.5,1404.5,244.01244424554125,244.01244424554125,1389.5808725918112,1389.5808725918112
2000-02-03,1404.5,1404.5,244.00560665942584,244.00560665942584,1389.7335994786001,1389.7335994786001
2000-02-04,1404.5,1404.5,244.00818537636,244.00818537636,1389.8972119529778,1389.8972119529778
2000-02-05,1404.5,1404.5,244.00272516497688,244.00272516497688,1390.0512156811105,1390.0512156811105
2000-02-06,1404.5,1404.5,243.99726974907776,243.99726974907776,1390.1959645822776,1390.1959645822776
2000-02-07,1404.5,1404.5,243.99147952353877,243.99147952353877,1390.350197032057,1390.350197032057
2000-02-08,1404.5,1404.5,244.06756923157857,244.06756923157857,1390.516907835445,1390.516907835445
2000-02-09,1404.5,1404.5,244.14886165280421,244.14886165280421,1390.697594394736,1390.697594394736
2000-02-10,1404.5,1404.5,244.25996890375913,244.25996890375913,1390.9293410276923,1390.9293410276923
2000-02-11,1404.5,1404.5,244.40283598175947,244.40283598175947,1391.1979786200402,1391.1979786200402
2000-02-12,1404.5,1404.5,244.5183688221768,244.5183688221768,1391.4276410307025,1391.4276410307025
2000-02-13,1404.5,1404.5,244.53566732944878,244.53566732944878,1391.6682236870704,1391.6682236870704
2000-02-14,1404.5,1404.5,244.7589457923955,244.7589457923955,1392.0500613053746,1392.0500613053746
2000-02-15,1404.5,1404.5,244.68161413230712,244.68161413230712,1392.4796134496924,1392.4796134496924
2000-02-16,1404.5,1404.5,244.57967830159774,244.57967830159774,1392.7915722882776,1392.7915722882776
2000-02-17,1404.5,1404.5,244.59446507546426,244.59446507546426,1393.1161803551406,1393.1161803551406
2000-02-18,1404.5,1404.5,244.57174200155268,244.57174200155268,1393.3976920111572,1393.3976920111572
2000-02-19,1404.5,1404.5,244.56700960318608,244.56700960318608,1393.6707183866222,1393.6707183866222
2000-02-20,1404.5,1404.5,244.56896612681018,244.56896612681018,1393.9455074701104,1393.9455074701104
2000-02-21,1404.5,1404.5,244.59169746662522,244.59169746662522,1394.231012199184,1394.231012199184
2000-02-22,1404.5,1404.5,244.58659815532184,244.58659815532184,1394.496016454856,1394.496016454856
2000-02-23,1404.5,1404.5,244.7043050800819,244.7043050800819,1394.8673632629666,1394.8673632629666
2000-02-24,1404.5,1404.5,244.67388457432816,244.67388457432816,1395.1857748716923,1395.1857748716923
2000-02-25,1404.5,1404.5,244.6208472857857,244.6208472857857,1395.462425590515,1395.462425590515
2000-02-26,1404.5,1404.5,244.6188931091489,244.6188931091489,1395.7291565805317,1395.7291565805317
2000-02-27,1404.5,1404.5,244.6906890489113,244.6906890489113,1396.1019969816048,1396.1019969816048
2000-02-28,1404.5,1404.5,244.910520545652,244.910520545652,1396.7897999199756,1396.7897999199756
2000-02-29,1404.5,1404.5,244.82571713331697,244.82571713331697,1397.0917680664559,1397.0917680664559
2000-03-01,1404.5,1404.5,244.70950166733536,244.70950166733536,1397.4071854443587,1397.4071854443587
2000-03-02,1404.5,1404.5,244.6563250070505,244.6563250070505,1397.627725834079,1397.627725834079
2000-03-03,1404.5,1404.5,244.6465949613915,244.6465949613915,1397.8427418989695,1397.8427418989695
2000-03-04,1404.5,1404.5,244.63906089135835,244.63906089135835,1398.0527681395713,1398.0527681395713
2000-03-05,1404.5,1404.5,244.64945128919445,244.64945128919445,1398.2623407598844,1398.2623407598844
2000-03-06,1404.5,1404.5,244.65803170107452,244.65803170107452,1398.4746351024862,1398.4746351024862
2000-03-07,1404.5,1404.5,244.6818890760739,244.6818890760739,1398.226462157624,1398.226462157624
2000-03-08,1404.5,1404.5,244.75925885305455,244.75925885305455,1397.5331848927797,1397.5331848927797
2000-03-09,1404.5,1404.5,244.87537308245598,244.87537308245598,1395.959325438161,1395.959325438161
2000-03-10,1404.5,1404.5,245.06580108199967,245.06580108199967,1392.2773371170497,1392.2773371170497
2000-03-11,1404.5,1404.5,245.66223754179208,245.66223754179208,1384.1572469933815,1384.1572469933815
2000-03-12,1404.5,1404.5,245.9759106634016,245.9759106634016,1377.8801687763714,1377.8801687763714
2000-03-13,1404.5,1404.5,245.73681287139448,245.73681287139448,1377.8801687763714,1377.8801687763714
2000-03-14,1404.5,1404.5,245.46733339142634,245.46733339142634,1378.172983609152,1378.172983609152
2000-03-15,1404.5,1404.5,245.19691900207954,245.19691900207954,1378.5186216359325,1378.5186216359325
2000-03-16,1404.5,1404.5,244.92321301313635,244.92321301313635,1378.9315938705402,1378.9315938705402
2000-03-17,1404.5,1404.5,244.65191526620976,244.65191526620976,1379.441509208502,1379.441509208502
2000-03-18,1404.5,1404.5,244.5994295653485,244.5994295653485,1379.9480292867215,1379.9480292867215
2000-03-19,1404.5,1404.5,244.60767280978976,244.60767280978976,1380.5494371412447,1380.5494371412447
2000-03-20,1404.5,1404.5,244.62410763379276,244.62410763379276,1381.300932610751,1381.300932610751
2000-03-21,1404.5,1404.5,244.60964154815977,244.60964154815977,1381.9678394675104,1381.9678394675104
2000-03-22,1404.5,1404.5,244.5912173140326,244.5912173140326,1382.5717159302617,1382.5717159302617
2000-03-23,1404.5,1404.5,244.62480136920965,244.62480136920965,1383.3632605431012,1383.3632605431012
2000-03-24,1404.5,1404.5,244.62786034740787,244.62786034740787,1384.1600151686778,1384.1600151686778
2000-03-25,1404.5,1404.5,244.62217857984777,244.62217857984777,1384.9442067628038,1384.9442067628038
2000-03-26,1404.5,1404.5,244.61406541795512,244.61406541795512,1385.7354426927334,1385.7354426927334
2000-03-27,1404.5,1404.5,244.62555361827387,244.62555361827387,1386.5988787705332,1386.5988787705332
2000-03-28,1404.5,1404.5,244.68322784181854,244.68322784181854,1387.0005491825677,1387.0005491825677
2000-03-29,1404.5,1404.5,244.71397888014556,244.71397888014556,1386.7582974349464,1386.7582974349464
2000-03-30,1404.5,1404.5,244.80727232721176,244.80727232721176,1385.4390986535932,1385.4390986535932
2000-03-31,1404.5,1404.5,245.03879914060235,245.03879914060235,1381.8736385865984,1381.8736385865984
2000-04-01,1404.5,1404.5,245.27039037724757,245.27039037724757,1377.8801687763714,1377.8801687763714
2000-04-02,1404.5,1404.5,245.08289077026458,245.08289077026458,1377.8801687763714,1377.8801687763714
2000-04-03,1404.5,1404.5,244.91451693303006,244.91451693303006,1377.8801687763714,1377.8801687763714
2000-04-04,1404.5,1404.5,244.65687435484375,244.65687435484375,1379.3519807326202,1379.3519807326202
2000-04-05,1404.5,1404.5,244.42364904783796,244.42364904783796,1380.8630731928229,1380.8630731928229
2000-04-06,1404.5,1404.5,244.1658159760789,244.1658159760789,1382.3598827006963,1382.3598827006963
2000-04-07,1404.5,1404.5,243.88829386569685,243.88829386569685,1383.8267070007962,1383.8267070007962
2000-04-08,1404.5,1404.5,243.59590741667768,243.59590741667768,1385.1432949739703,1385.1432949739703
2000-04-09,1404.5,1404.5,243.31395457698557,243.31395457698557,1386.664951284952,1386.664951284952
2000-04-10,1404.5,1404.5,242.99453949865483,242.99453949865483,1388.0329110291964,1388.0329110291964
2000-04-11,1404.5,1404.5,242.64916236786559,242.64916236786559,1389.3528657209224,1389.3528657209224
2000-04-12,1404.5,1404.5,242.364351922435,242.364351922435,1393.3006759633413,1393.3006759633413
2000-04-13,1404.5,1404.5,242.1113587841156,242.1113587841156,1395.0965606051404,1395.0965606051404
2000-04-14,1404.5,1404.5,241.99358195393762,241.99358195393762,1397.1544785162826,1397.1544785162826
2000-04-15,1404.5,1404.5,241.60541746627985,241.60541746627985,1397.834455481161,1397.834455481161
2000-04-16,1404.5,1404.5,241.20457129703487,241.20457129703487,1398.490720471158,1398.490720471158
2000-04-17,1404.5,1404.5,240.83997782419985,240.83997782419985,1399.1961001779543,1399.1961001779543
2000-04-18,1404.5,1404.5,240.9428886828142,240.9428886828142,1399.969419847705,1399.969419847705
2000-04-19,1404.5,1404.5,240.97813272812758,240.97813272812758,1400.6466063597964,1400.6466063597964
2000-04-20,1404.5,1404.5,240.97847633150488,240.97847633150488,1401.3184319037598,1401.3184319037598
2000-04-21,1404.5,1404.5,240.986301699821,240.986301699821,1402.0005807480516,1402.0005807480516
2000-04-22,1404.5,1404.5,240.99302113399312,240.99302113399312,1402.6889027683544,1402.6889027683544
2000-04-23,1404.5,1404.5,240.999037202459,240.999037202459,1403.3297363460633,1403.3297363460633
2000-04-24,1404.5,1404.5,241.00963753273786,241.00963753273786,1403.9547478378213,1403.9547478378213
2000-04-25,1404.5,1404.5,241.02526132973802,241.02526132973802,1404.3209188799738,1404.3209188799738
2000-04-26,1404.5,1404.5,241.06759557806245,241.06759557806245,1404.4930366144038,1404.4930366144038
2000-04-27,1404.5,1404.5,241.1730344346881,241.1730344346881,1404.1516114368653,1404.1516114368653
2000-04-28,1404.5,1404.5,241.4073622399099,241.4073622399099,1402.703540368913,1402.703540368913
2000-04-29,1404.5,1404.5,241.89297117146145,241.89297117146145,1398.9237200419511,1398.9237200419511
2000-04-30,1404.5,1404.5,242.89979150149762,242.89979150149762,1390.083104444791,1390.083104444791
2000-05-01,1404.5,1404.5,244.09904412927062,244.09904412927062,1377.8801687763714,1377.8801687763714
2000-05-02,1404.5,1404.5,244.21285678132713,244.21285678132713,1378.8928226126034,1378.8928226126034
2000-05-03,1404.5,1404.5,244.36460310198953,244.36460310198953,1379.9815900234937,1379.9815900234937
2000-05-04,1404.5,1404.5,244.5293949452158,244.5293949452158,1381.137669482481,1381.137669482481
2000-05-05,1404.5,1404.5,244.67769439623586,244.67769439623586,1382.414843705329,1382.414843705329
2000-05-06,1404.5,1404.5,244.802180484393,244.802180484393,1383.710584196523,1383.710584196523
2000-05-07,1404.5,1404.5,244.88626537941656,244.88626537941656,1384.637701803111,1384.637701803111
2000-05-08,1404.5,1404.5,245.1690575969458,245.1690575969458,1385.872948104252,1385.872948104252
2000-05-09,1404.5,1404.5,245.2839728184791,245.2839728184791,1386.8130390318222,1386.8130390318222
2000-05-10,1404.5,1404.5,245.2913222723244,245.2913222723244,1387.5901078357851,1387.5901078357851
2000-05-11,1404.5,1404.5,245.28794319442386,245.28794319442386,1388.3385363521704,1388.3385363521704
2000-05-12,1404.5,1404.5,245.27027104740392,245.27027104740392,1389.0361758840297,1389.0361758840297
2000-05-13,1404.5,1404.5,245.24624398465298,245.24624398465298,1389.7282124310111,1389.7282124310111
2000-05-14,1404.5,1404.5,245.22811158320766,245.22811158320766,1390.4062268393748,1390.4062268393748
2000-05-15,1404.5,1404.5,245.22077299333628,245.22077299333628,1391.0535789375485,1391.0535789375485
2000-05-16,1404.5,1404.5,245.21210352165494,245.21210352165494,1391.7203788241673,1391.7203788241673
2000-05-17,1404.5,1404.5,245.1978918547319,245.1978918547319,1392.345294769602,1392.345294769602
2000-05-18,1404.5,1404.5,245.21612482653597,245.21612482653597,1392.9407618007324,1392.9407618007324
2000-05-19,1404.5,1404.5,245.220160562289,245.220160562289,1393.5372271001272,1393.5372271001272
2000-05-20,1404.5,1404.5,245.22047795332432,245.22047795332432,1394.1620072108026,1394.1620072108026
2000-05-21,1404.5,1404.5,245.2340830654899,245.2340830654899,1394.8692802895653,1394.8692802895653
2000-05-22,1404.5,1404.5,245.28487281837596,245.28487281837596,1395.7654915957157,1395.7654915957157
2000-05-23,1404.5,1404.5,245.34836404099093,245.34836404099093,1396.717904187304,1396.717904187304
2000-05-24,1404.5,1404.5,245.4045504070667,245.4045504070667,1397.6251718389847,1397.6251718389847
2000-05-25,1404.5,1404.5,245.43335998266758,245.43335998266758,1398.3827178906686,1398.3827178906686
2000-05-26,1404.5,1404.5,245.4355389620998,245.4355389620998,1399.0882649447537,1399.0882649447537
2000-05-27,1404.5,1404.5,245.40731369791166,245.40731369791166,1399.6991979595925,1399.6991979595925
2000-05-28,1404.5,1404.5,245.3688511414904,245.3688511414904,1400.3256477183465,1400.3256477183465
2000-05-29,1404.5,1404.5,245.33255864224324,245.33255864224324,1400.951804818939,1400.951804818939
2000-05-30,1404.5,1404.5,245.30484012380543,245.30484012380543,1401.3368754350374,1401.3368754350374
2000-05-31,1404.5,1404.5,245.29001773423275,245.29001773423275,1401.4516754140393,1401.4516754140393
2000-06-01,1404.5,1404.5,245.30836872323485,245.30836872323485,1401.108518571966,1401.108518571966
2000-06-02,1404.5,1404.5,245.29068121182766,245.29068121182766,1401.2834545220119,1401.2834545220119
2000-06-03,1404.5,1404.5,245.2737631992951,245.2737631992951,1401.449227559102,1401.449227559102
2000-06-04,1404.5,1404.5,245.2496024803479,245.2496024803479,1401.5741297569996,1401.5741297569996
2000-06-05,1404.5,1404.5,245.23181785211517,245.23181785211517,1401.673351189378,1401.673351189378
2000-06-06,1404.5,1404.5,245.204648848323,245.204648848323,1401.7258435317704,1401.7258435317704
2000-06-07,1404.5,1404.5,245.15903427757053,245.15903427757053,1401.7124722166716,1401.7124722166716
2000-06-08,1404.5,1404.5,245.14756140959847,245.14756140959847,1401.7963280114723,1401.7963280114723
2000-06-09,1404.5,1404.5,245.11417673467545,245.11417673467545,1401.7126475468208,1401.7126475468208
2000-06-10,1404.5,1404.5,245.05071755771587,245.05071755771587,1401.518376215282,1401.518376215282
2000-06-11,1404.5,1404.5,244.98007122521238,244.98007122521238,1401.324885885845,1401.324885885845
2000-06-12,1404.5,1404.5,244.92230516886207,244.92230516886207,1401.1394886301575,1401.1394886301575
2000-06-13,1404.5,1404.5,244.8577209187636,244.8577209187636,1400.9654149411726,1400.9654149411726
2000-06-14,1404.5,1404.5,244.7917975989225,244.7917975989225,1400.7981848848399,1400.7981848848399
2000-06-15,1404.5,1404.5,244.73721079234252,244.73721079234252,1400.7276171649614,1400.7276171649614
2000-06-16,1404.5,1404.5,244.68352998482584,244.68352998482584,1400.6631167065402,1400.6631167065402
2000-06-17,1404.5,1404.5,244.63015080585456,244.63015080585456,1400.535834299504,1400.535834299504
2000-06-18,1404.5,1404.5,244.5687267601095,244.5687267601095,1400.3799859216226,1400.3799859216226
2000-06-19,1404.5,1404.5,244.50170393665798,244.50170393665798,1400.211340558135,1400.211340558135
2000-06-20,1404.5,1404.5,244.42364650902866,244.42364650902866,1400.0077482032175,1400.0077482032175
2000-06-21,1404.5,1404.5,244.33569011777212,244.33569011777212,1399.798046089302,1399.798046089302
2000-06-22,1404.5,1404.5,244.24363570544554,244.24363570544554,1399.6091251911637,1399.6091251911637
2000-06-23,1404.5,1404.5,244.14564954973588,244.14564954973588,1399.3687336737544,1399.3687336737544
2000-06-24,1404.5,1404.5,243.99514370363096,243.99514370363096,1399.5129610992144,1399.5129610992144
2000-06-25,1404.5,1404.5,243.89008456967747,243.89008456967747,1399.2720260855729,1399.2720260855729
2000-06-26,1404.5,1404.5,243.75025101757493,243.75025101757493,1399.3842416575528,1399.3842416575528
2000-06-27,1404.5,1404.5,243.59883356090754,243.59883356090754,1399.4869312012438,1399.4869312012438
2000-06-28,1404.5,1404.5,243.49836099288396,243.49836099288396,1399.155363224983,1399.155363224983
2000-06-29,1404.5,1404.5,243.34855274008137,243.34855274008137,1399.2463246196194,1399.2463246196194
2000-06-30,1404.5,1404.5,243.20668132109031,243.20668132109031,1399.3381789591401,1399.3381789591401
2000-07-01,1404.5,1404.5,243.0401841481687,243.0401841481687,1399.469034420733,1399.469034420733
2000-07-02,1404.5,1404.5,242.88683816681632,242.88683816681632,1399.4832977863146,1399.4832977863146
2000-07-03,1404.5,1404.5,242.7360699139973,242.7360699139973,1399.4946335045465,1399.4946335045465
2000-07-04,1404.5,1404.5,242.59304053557736,242.59304053557736,1399.5029700070402,1399.5029700070402
2000-07-05,1404.5,1404.5,242.45314179534753,242.45314179534753,1399.508131166956,1399.508131166956
2000-07-06,1404.5,1404.5,242.3212895571137,242.3212895571137,1399.5087651686715,1399.5087651686715
2000-07-07,1404.5,1404.5,242.1908004460761,242.1908004460761,1399.5055642822745,1399.5055642822745
2000-07-08,1404.5,1404.5,242.05902776623395,242.05902776623395,1399.4971937196706,1399.4971937196706
2000-07-09,1404.5,1404.5,241.92861782290657,241.92861782290657,1399.4851173047205,1399.4851173047205
2000-07-10,1404.5,1404.5,241.79466300467354,241.79466300467354,1399.4712264082443,1399.4712264082443
2000-07-11,1404.5,1404.5,241.6600808010853,241.6600808010853,1399.4540207571208,1399.4540207571208
2000-07-12,1404.5,1404.5,241.52581596447942,241.52581596447942,1399.4324183138817,1399.4324183138817
2000-07-13,1404.5,1404.5,241.39109350788013,241.39109350788013,1399.407314258348,1399.407314258348
2000-07-14,1404.5,1404.5,241.25774751159287,241.25774751159287,1399.3784538890054,1399.3784538890054
2000-07-15,1404.5,1404.5,241.11708552318123,241.11708552318123,1399.4179188630267,1399.4179188630267
2000-07-16,1404.5,1404.5,240.98646328824051,240.98646328824051,1399.3827078081586,1399.3827078081586
2000-07-17,1404.5,1404.5,240.85721036037438,240.85721036037438,1399.3452286512904,1399.3452286512904
2000-07-18,1404.5,1404.5,240.72159319891344,240.72159319891344,1399.3063886331852,1399.3063886331852
2000-07-19,1404.5,1404.5,240.5812189249324,240.5812189249324,1399.2656875212106,1399.2656875212106
2000-07-20,1404.5,1404.5,240.44232488069807,240.44232488069807,1399.2229161265277,1399.2229161265277
2000-07-21,1404.5,1404.5,240.3048971895329,240.3048971895329,1399.1786326638448,1399.1786326638448
2000-07-22,1404.5,1404.5,240.16892244877937,240.16892244877937,1399.1320810991622,1399.1320810991622
2000-07-23,1404.5,1404.5,240.03438859265194,240.03438859265194,1399.0832614324793,1399.0832614324793
2000-07-24,1404.5,1404.5,239.90294016336756,239.90294016336756,1399.0324301389455,1399.0324301389455
2000-07-25,1404.5,1404.5,239.7728940545389,239.7728940545389,1398.9795278889223,1398.9795278889223
2000-07-26,1404.5,1404.5,239.6442382440032,239.6442382440032,1398.9251635532607,1398.9251635532607
2000-07-27,1404.5,1404.5,239.51696102297495,239.51696102297495,1398.8695395807633,1398.8695395807633
2000-07-28,1404.5,1404.5,239.3910509970069,239.3910509970069,1398.8125547472143,1398.8125547472143
2000-07-29,1404.5,1404.5,239.25689101343062,239.25689101343062,1398.8266169793176,1398.8266169793176
2000-07-30,1404.5,1404.5,239.13368005522096,239.13368005522096,1398.7655495622428,1398.7655495622428
2000-07-31,1404.5,1404.5,239.00573448709147,239.00573448709147,1398.7031212839308,1398.7031212839308
2000-08-01,1404.5,1404.5,238.87916825726575,238.87916825726575,1398.640801023084,1398.640801023084
2000-08-02,1404.5,1404.5,238.7537757446604,238.7537757446604,1398.594455161711,1398.594455161711
2000-08-03,1404.5,1404.5,238.6274520242936,238.6274520242936,1398.5468451495026,1398.5468451495026
2000-08-04,1404.5,1404.5,238.497232976152,238.497232976152,1398.4980254828197,1398.4980254828197
2000-08-05,1404.5,1404.5,238.36855438313887,238.36855438313887,1398.475062178529,1398.475062178529
2000-08-06,1404.5,1404.5,238.24115558422142,238.24115558422142,1398.4250237451959,1398.4250237451959
2000-08-07,1404.5,1404.5,238.11536210316376,238.11536210316376,1398.3742755268017,1398.3742755268017
2000-08-08,1404.5,1404.5,237.9909431228977,237.9909431228977,1398.3222805175415,1398.3222805175415
2000-08-09,1404.5,1404.5,237.8678863979664,237.8678863979664,1398.2693986205668,1398.2693986205668
2000-08-10,1404.5,1404.5,237.7461797511899,237.7461797511899,1398.2158928513766,1398.2158928513766
2000-08-11,1404.5,1404.5,237.62231986310402,237.62231986310402,1398.161176119642,1398.161176119642
2000-08-12,1404.5,1404.5,237.49021457845336,237.49021457845336,1398.1780430826116,1398.1780430826116
2000-08-13,1404.5,1404.5,237.36906240979343,237.36906240979343,1398.1219654898255,1398.1219654898255
2000-08-14,1404.5,1404.5,237.24634414389715,237.24634414389715,1398.0649806562765,1398.0649806562765
2000-08-15,1404.5,1404.5,237.12382119912746,237.12382119912746,1398.0071178476878,1398.0071178476878
2000-08-16,1404.5,1404.5,237.00079529077277,237.00079529077277,1397.9478649121388,1397.9478649121388
2000-08-17,1404.5,1404.5,236.87709693248553,236.87709693248553,1397.887704735827,1397.887704735827
2000-08-18,1404.5,1404.5,236.75476003946707,236.75476003946707,1397.8266965345483,1397.8266965345483
2000-08-19,1404.5,1404.5,236.6337715067158,236.6337715067158,1397.7651754969993,1397.7651754969993
2000-08-20,1404.5,1404.5,236.51411848649695,236.51411848649695,1397.7027472186874,1397.7027472186874
2000-08-21,1404.5,1404.5,236.39578823950458,236.39578823950458,1397.6398653199012,1397.6398653199012
2000-08-22,1404.5,1404.5,236.27876787793508,236.27876787793508,1397.5765298008262,1397.5765298008262
2000-08-23,1404.5,1404.5,236.16304447447428,236.16304447447428,1397.5127406612771,1397.5127406612771
2000-08-24,1404.5,1404.5,236.0486051796897,236.0486051796897,1397.4484979014394,1397.4484979014394
2000-08-25,1404.5,1404.5,235.9354372976673,235.9354372976673,1397.3838015211275,1397.3838015211275
2000-08-26,1404.5,1404.5,235.8139225619829,235.8139225619829,1397.3910594474162,1397.3910594474162
2000-08-27,1404.5,1404.5,235.7032599271815,235.7032599271815,1397.3259094468156,1397.3259094468156
2000-08-28,1404.5,1404.5,235.59383126498537,235.59383126498537,1397.2603058257405,1397.2603058257405
2000-08-29,1404.5,1404.5,235.4856243237062,235.4856243237062,1397.1947022046656,1397.1947022046656
2000-08-30,1404.5,1404.5,235.37912738301657,235.37912738301657,1397.1508723622717,1397.1508723622717
2000-08-31,1404.5,1404.5,235.27374724561244,235.27374724561244,1397.1052292800448,1397.1052292800448
2000-09-01,1404.5,1404.5,235.16985930286762,235.16985930286762,1397.0750270721949,1397.0750270721949
2000-09-02,1404.5,1404.5,235.10793028817156,235.10793028817156,1397.30668089281,1397.30668089281
2000-09-03,1404.5,1404.5,235.02955141015707,235.02955141015707,1397.505205304346,1397.505205304346
2000-09-04,1404.5,1404.5,234.93494230346366,234.93494230346366,1397.5084128723288,1397.5084128723288
2000-09-05,1404.5,1404.5,234.8415965064993,234.8415965064993,1397.4550570018314,1397.4550570018314
2000-09-06,1404.5,1404.5,234.74930867031932,234.74930867031932,1397.401171907571,1397.401171907571
2000-09-07,1404.5,1404.5,234.65340973100507,234.65340973100507,1397.3469087963108,1397.3469087963108
2000-09-08,1404.5,1404.5,234.55040148374204,234.55040148374204,1397.2924433702997,1397.2924433702997
2000-09-09,1404.5,1404.5,234.43788898639056,234.43788898639056,1397.3101345654547,1397.3101345654547
2000-09-10,1404.5,1404.5,234.33720655012948,234.33720655012948,1397.2549642134315,1397.2549642134315
2000-09-11,1404.5,1404.5,234.24561363726124,234.24561363726124,1397.1992348498065,1397.1992348498065
2000-09-12,1404.5,1404.5,234.15507532640873,234.15507532640873,1397.1429304467833,1397.1429304467833
2000-09-13,1404.5,1404.5,234.0655810601305,234.0655810601305,1397.0859456132343,1397.0859456132343
2000-09-14,1404.5,1404.5,233.97712037969453,233.97712037969453,1397.0285071592111,1397.0285071592111
2000-09-15,1404.5,1404.5,233.88968293308474,233.88968293308474,1396.970615084899,1396.970615084899
2000-09-16,1404.5,1404.5,233.80325851668528,233.80325851668528,1396.9120425798758,1396.9120425798758
2000-09-17,1404.5,1404.5,233.71783706630794,233.71783706630794,1396.8532432646155,1396.8532432646157
2000-09-18,1404.5,1404.5,233.62505260568298,233.62505260568298,1396.7939903290664,1396.7939903290664
2000-09-19,1404.5,1404.5,233.53258487602437,233.53258487602437,1396.734291837466,1396.734291837466
2000-09-20,1404.5,1404.5,233.44011998003904,233.44011998003904,1396.6741316611538,1396.6741316611538
2000-09-21,1404.5,1404.5,233.348677914702,233.348677914702,1396.6139714848418,1396.6139714848418
2000-09-22,1404.5,1404.5,233.2584706906579,233.2584706906579,1396.5611666119555,1396.5611666119555
2000-09-23,1404.5,1404.5,233.15845339408986,233.15845339408986,1396.573414362533,1396.573414362533
2000-09-24,1404.5,1404.5,233.0701417358306,233.0701417358306,1396.513254186221,1396.513254186221
2000-09-25,1404.5,1404.5,232.9907810955057,232.9907810955057,1396.452186769146,1396.452186769146
2000-09-26,1404.5,1404.5,232.91235285750898,232.91235285750898,1396.390892541834,1396.390892541834
2000-09-27,1404.5,1404.5,232.8335974519578,232.8335974519578,1396.329371504285,1396.329371504285
2000-09-28,1404.5,1404.5,232.75576833994197,232.75576833994197,1396.267850466736,1396.267850466736
2000-09-29,1404.5,1404.5,232.6788562533906,232.6788562533906,1396.20610261895,1396.20610261895
2000-09-30,1404.5,1404.5,232.60285202996704,232.60285202996704,1396.144127961112,1396.144127961112
2000-10-01,1404.5,1404.5,232.52774659003487,232.52774659003487,1396.0818478655206,1396.0818478655206
2000-10-02,1404.5,1404.5,232.4526080265759,232.45260802657592,1396.0186635532084,1396.0186635532084
2000-10-03,1404.5,1404.5,232.3862863607758,232.3862863607758,1395.9508458970902,1395.9508458970902
2000-10-04,1404.5,1404.5,232.32075765703928,232.3207576570393,1395.8808184768707,1395.8808184768707
2000-10-05,1404.5,1404.5,232.25601399085238,232.25601399085238,1395.8106290892063,1395.8106290892063
2000-10-06,1404.5,1404.5,232.19204751308007,232.1920475130801,1395.7404397015418,1395.7404397015418
2000-10-07,1404.5,1404.5,232.11817741161468,232.1181774116147,1395.7495773483279,1395.7495773483279
2000-10-08,1404.5,1404.5,232.0557420486139,232.0557420486139,1395.6788888266335,1395.6788888266335
2000-10-09,1404.5,1404.5,231.9925986422422,231.9925986422422,1395.6079508843036,1395.6079508843036
2000-10-10,1404.5,1404.5,231.96895956999572,231.96895956999572,1395.7893251041176,1395.7893251041176
2000-10-11,1404.5,1404.5,231.92279630002312,231.92279630002312,1395.9467408851822,1395.9467408851822
2000-10-12,1404.5,1404.5,231.8749617370835,231.8749617370835,1395.956412960287,1395.956412960287
2000-10-13,1404.5,1404.5,231.82220281787866,231.8222028178787,1395.9088698693417,1395.9088698693417
2000-10-14,1404.5,1404.5,231.77057258243045,231.77057258243045,1395.8481640304935,1395.8481640304935
2000-10-15,1404.5,1404.5,231.71958987315443,231.71958987315443,1395.865323117682,1395.865323117682
2000-10-16,1404.5,1404.5,231.67444063007272,231.67444063007272,1395.882721086787,1395.882721086787
2000-10-17,1404.5,1404.5,231.63515049877898,231.63515049877898,1395.8371570163936,1395.8371570163936
2000-10-18,1404.5,1404.5,231.59616405353336,231.59616405353336,1395.7694632994917,1395.7694632994917
2000-10-19,1404.5,1404.5,231.55423127109927,231.55423127109927,1395.6996240654962,1395.6996240654962
2000-10-20,1404.5,1404.5,231.5124232213929,231.5124232213929,1395.6279372755375,1395.6279372755375
2000-10-21,1404.5,1404.5,231.45705047036134,231.45705047036134,1395.6521452814038,1395.6521452814038
2000-10-22,1404.5,1404.5,231.41600128112893,231.41600128112893,1395.6453459298432,1395.6453459298432
2000-10-23,1404.5,1404.5,231.38004859390412,231.38004859390412,1395.6292243332557,1395.6292243332557
2000-10-24,1404.5,1404.5,231.34607384433198,231.34607384433198,1395.557870299317,1395.557870299317
2000-10-25,1404.5,1404.5,231.3085759898803,231.3085759898803,1395.4955963595826,1395.4955963595826
2000-10-26,1404.5,1404.5,231.2857858524331,231.2857858524331,1395.577642885169,1395.577642885169
2000-10-27,1404.5,1404.5,231.2793210037791,231.2793210037791,1395.6372283745047,1395.6372283745047
2000-10-28,1404.5,1404.5,231.25246034328075,231.25246034328075,1395.6384151692619,1395.6384151692619
2000-10-29,1404.5,1404.5,231.32138610866247,231.32138610866247,1395.9404978821826,1395.9404978821826
2000-10-30,1404.5,1404.5,231.4259519947521,231.4259519947521,1396.1143881074195,1396.1143881074195
2000-10-31,1404.5,1404.5,231.42493487285125,231.42493487285125,1396.0959610069433,1396.0959610069433
2000-11-01,1404.5,1404.5,231.3965383680694,231.3965383680694,1396.0752658044673,1396.0752658044673
2000-11-02,1404.5,1404.5,231.38326748363667,231.38326748363667,1395.9849589613884,1395.9849589613884
2000-11-03,1404.5,1404.5,231.39273013012468,231.39273013012468,1395.7552930856605,1395.7552930856605
2000-11-04,1404.5,1404.5,231.44969418198565,231.44969418198565,1395.2138961201508,1395.2138961201508
2000-11-05,1404.5,1404.5,231.59632379904565,231.59632379904565,1394.0424499184348,1394.0424499184348
2000-11-06,1404.5,1404.5,231.9165189835861,231.9165189835861,1391.5937441077776,1391.5937441077776
2000-11-07,1404.5,1404.5,231.88919596676755,231.88919596676755,1391.69149423551,1391.69149423551
2000-11-08,1404.5,1404.5,231.85341219532185,231.85341219532185,1391.7858305882123,1391.7858305882123
2000-11-09,1404.5,1404.5,231.81386132815462,231.81386132815462,1391.8348435443127,1391.8348435443127
2000-11-10,1404.5,1404.5,231.78100272751624,231.78100272751624,1391.9246876897241,1391.9246876897241
2000-11-11,1404.5,1404.5,231.74251012512502,231.74251012512502,1391.960660438557,1391.960660438557
2000-11-12,1404.5,1404.5,231.70248447668789,231.70248447668789,1391.971142255433,1391.971142255433
2000-11-13,1404.5,1404.5,231.67793047348232,231.67793047348232,1391.9781637871254,1391.9781637871254
2000-11-14,1404.5,1404.5,231.65315434624455,231.65315434624455,1392.017096250246,1392.017096250246
2000-11-15,1404.5,1404.5,231.6175407124003,231.6175407124003,1392.049539969547,1392.049539969547
2000-11-16,1404.5,1404.5,231.57715383043907,231.57715383043907,1392.0572004180954,1392.0572004180954
2000-11-17,1404.5,1404.5,231.53608008285013,231.53608008285013,1392.0671831009415,1392.0671831009415
2000-11-18,1404.5,1404.5,231.4955164559131,231.4955164559131,1392.074170978995,1392.074170978995
2000-11-19,1404.5,1404.5,231.45729469937,231.45729469937,1392.083654527607,1392.083654527607
2000-11-20,1404.5,1404.5,231.4240989179738,231.4240989179738,1392.106614698092,1392.106614698092
2000-11-21,1404.5,1404.5,231.39609094080302,231.39609094080302,1392.1545315757944,1392.1545315757944
2000-11-22,1404.5,1404.5,231.36028485679583,231.36028485679583,1392.1859770266271,1392.1859770266271
2000-11-23,1404.5,1404.5,231.31823155670367,231.31823155670367,1392.1959597094733,1392.1959597094733
2000-11-24,1404.5,1404.5,231.27687589336998,231.27687589336998,1392.2024484532926,1392.2024484532926
2000-11-25,1404.5,1404.5,231.2446826321719,231.2446826321719,1392.2154259409315,1392.2154259409315
2000-11-26,1404.5,1404.5,231.212700029506,231.212700029506,1392.2443757212056,1392.2443757212056
2000-11-27,1404.5,1404.5,231.17987068743986,231.17987068743986,1392.3262337205033,1392.3262337205033
2000-11-28,1404.5,1404.5,231.1532983541348,231.1532983541348,1392.4060951832726,1392.4060951832726
2000-11-29,1404.5,1404.5,231.1296291521794,231.1296291521794,1392.5124107555534,1392.5124107555534
2000-11-30,1404.5,1404.5,231.142363544967,231.142363544967,1392.8578509073227,1392.8578509073227
2000-12-01,1404.5,1404.5,231.12301496707883,231.12301496707883,1393.0180729668914,1393.0180729668914
2000-12-02,1404.5,1404.5,231.08317050275696,231.08317050275696,1393.0490466555568,1393.0490466555568
2000-12-03,1404.5,1404.5,231.03951111882006,231.03951111882006,1393.1008084760786,1393.1008084760786
2000-12-04,1404.5,1404.5,230.99961077840177,230.99961077840177,1393.184846564373,1393.184846564373
2000-12-05,1404.5,1404.5,230.96631716394162,230.96631716394162,1393.2806803195735,1393.2806803195735
2000-12-06,1404.5,1404.5,230.926559064642,230.926559064642,1393.329096331306,1393.3290963313061
2000-12-07,1404.5,1404.5,230.88571804553757,230.88571804553757,1393.3969785744966,1393.3969785744966
2000-12-08,1404.5,1404.5,230.85307187677165,230.85307187677165,1393.4269266230351,1393.4269266230351
2000-12-09,1404.5,1404.5,230.82326975321826,230.82326975321826,1393.5047915490718,1393.5047915490718
2000-12-10,1404.5,1404.5,230.79124168684328,230.79124168684328,1393.5482162194833,1393.5482162194833
2000-12-11,1404.5,1404.5,230.75880124115858,230.75880124115858,1393.5570331825368,1393.5570331825368
2000-12-12,1404.5,1404.5,230.74929489487477,230.74929489487477,1393.691799400858,1393.691799400858
2000-12-13,1404.5,1404.5,230.7191394605962,230.7191394605962,1393.804104582724,1393.804104582724
2000-12-14,1404.5,1404.5,230.6974444219504,230.6974444219504,1393.9603335690317,1393.9603335690317
2000-12-15,1404.5,1404.5,230.68165161231755,230.68165161231755,1394.1053304270383,1394.1053304270383
2000-12-16,1404.5,1404.5,230.65192717246285,230.65192717246285,1394.1787031457843,1394.1787031457843
2000-12-17,1404.5,1404.5,230.61805476916675,230.61805476916675,1394.2216286819614,1394.2216286819614
2000-12-18,1404.5,1404.5,230.58731441270533,230.58731441270533,1394.3379720199648,1394.3379720199648
2000-12-19,1404.5,1404.5,230.56143498708533,230.56143498708533,1394.4228248240552,1394.4228248240552
2000-12-20,1404.5,1404.5,230.53071615118606,230.53071615118606,1394.5665239333796,1394.5665239333796
2000-12-21,1404.5,1404.5,230.50089700370464,230.50089700370464,1394.6972745370017,1394.6972745370017
2000-12-22,1404.5,1404.5,230.47332084182898,230.47332084182898,1394.7995970360216,1394.7995970360216
2000-12-23,1404.5,1404.5,230.4457050416137,230.4457050416137,1394.9069108765668,1394.9069108765668
2000-12-24,1404.5,1404.5,230.41466863754405,230.41466863754405,1394.954328620035,1394.954328620035
2000-12-25,1404.5,1404.5,230.38188277007828,230.38188277007828,1394.9961625016404,1394.9961625016404
2000-12-26,1404.5,1404.5,230.3484982442918,230.3484982442918,1395.0430811108745,1395.0430811108745
2000-12-27,1404.5,1404.5,230.31688728484457,230.31688728484457,1395.1134590248278,1395.1134590248278
2000-12-28,1404.5,1404.5,230.28425179900103,230.28425179900103,1395.1623741707942,1395.1623741707942
2000-12-29,1404.5,1404.5,230.25131030830696,230.25131030830696,1395.2322529507173,1395.2322529507173
2000-12-30,1404.5,1404.5,230.21703311195537,230.21703311195537,1395.3306983046305,1395.3306983046305
2000-12-31,1404.5,1404.5,230.18278219859897,230.18278219859897,1395.4509896328143,1395.4509896328143
2001-01-01,1404.5,1404.5,230.1521365781695,230.1521365781695,1395.518871876005,1395.518871876005
2001-01-02,1404.5,1404.5,230.12190023107692,230.12190023107692,1395.5737766315567,1395.5737766315567
2001-01-03,1404.5,1404.5,230.09585208444577,230.09585208444577,1395.6206952407908,1395.6206952407908
2001-01-04,1404.5,1404.5,230.0666828954237,230.0666828954237,1395.6426571430115,1395.6426571430115
2001-01-05,1404.5,1404.5,230.03874177561755,230.03874177561755,1395.7295064836303,1395.7295064836303
2001-01-06,1404.5,1404.5,230.00959860905198,230.00959860905198,1395.8123627511923,1395.8123627511923
2001-01-07,1404.5,1404.5,229.97821720731343,229.97821720731343,1395.862775299453,1395.862775299453
2001-01-08,1404.5,1404.5,229.95183325856607,229.95183325856607,1395.8877320064664,1395.8877320064664
2001-01-09,1404.5,1404.5,229.94075595211748,229.94075595211748,1395.9910527737509,1395.9910527737509
2001-01-10,1404.5,1404.5,229.9162206273752,229.9162206273752,1396.012281547877,1396.012281547877
2001-01-11,1404.5,1404.5,230.01173872862006,230.01173872862006,1396.1446312163357,1396.1446312163357
2001-01-12,1404.5,1404.5,230.1028160308582,230.1028160308582,1396.2430668410593,1396.2430668410593
2001-01-13,1404.5,1404.5,230.0826510067704,230.0826510067704,1396.248056665348,1396.248056665348
2001-01-14,1404.5,1404.5,230.05280592550983,230.05280592550983,1396.261665276977,1396.261665276977
2001-01-15,1404.5,1404.5,230.02579685109833,230.02579685109833,1396.2688965979953,1396.2688965979953
2001-01-16,1404.5,1404.5,229.99674745298907,229.99674745298907,1396.2814790431503,1396.2814790431503
2001-01-17,1404.5,1404.5,229.9661410789983,229.9661410789983,1396.289190589728,1396.289190589728
2001-01-18,1404.5,1404.5,229.9354297402266,229.9354297402266,1396.3028803476732,1396.3028803476732
2001-01-19,1404.5,1404.5,229.90866187483076,229.90866187483076,1396.3210251633025,1396.3210251633025
2001-01-20,1404.5,1404.5,229.88537431833535,229.88537431833535,1396.3845320180044,1396.3845320180044
2001-01-21,1404.5,1404.5,229.86532327599897,229.86532327599897,1396.4580185212842,1396.4580185212842
2001-01-22,1404.5,1404.5,229.8440409008745,229.8440409008745,1396.5310514040896,1396.5310514040896
2001-01-23,1404.5,1404.5,229.82436730594966,229.82436730594966,1396.6176928985242,1396.6176928985242
2001-01-24,1404.5,1404.5,229.92022751252415,229.92022751252415,1396.7859860632902,1396.7859860632902
2001-01-25,1404.5,1404.5,229.99685871707257,229.99685871707257,1396.9075563279316,1396.9075563279316
2001-01-26,1404.5,1404.5,230.00819454332068,230.00819454332068,1396.9166287357461,1396.9166287357461
2001-01-27,1404.5,1404.5,229.9940512020675,229.9940512020675,1396.9296360675942,1396.9296360675942
2001-01-28,1404.5,1404.5,229.96877645647896,229.96877645647896,1396.9455127812234,1396.9455127812234
2001-01-29,1404.5,1404.5,229.9491981489466,229.9491981489466,1396.988153097822,1396.988153097822
2001-01-30,1404.5,1404.5,229.92918815275675,229.92918815275675,1397.0312470348952,1397.0312470348952
2001-01-31,1404.5,1404.5,229.90455946776274,229.90455946776274,1397.0711414183236,1397.0711414183236
2001-02-01,1404.5,1404.5,229.8803849226641,229.8803849226641,1397.1192251796854,1397.1192251796854
2001-02-02,1404.5,1404.5,229.8572692134782,229.8572692134782,1397.171391524573,1397.171391524573
2001-02-03,1404.5,1404.5,229.83451041358654,229.83451041358654,1397.2117637393571,1397.2117637393571
2001-02-04,1404.5,1404.5,229.81539989542185,229.81539989542185,1397.273456112348,1397.273456112348
2001-02-05,1404.5,1404.5,229.79913122912964,229.79913122912964,1397.3519324399163,1397.3519324399163
2001-02-06,1404.5,1404.5,229.84262002011621,229.84262002011621,1397.4535434074025,1397.4535434074028
2001-02-07,1404.5,1404.5,229.87473218390056,229.87473218390056,1397.525215428971,1397.525215428971
2001-02-08,1404.5,1404.5,229.89829706169724,229.89829706169724,1397.542906624126,1397.542906624126
2001-02-09,1404.5,1404.5,229.92395054284688,229.92395054284688,1397.5480640018798,1397.5480640018798
2001-02-10,1404.5,1404.5,229.98661163432672,229.98661163432672,1397.6229113662112,1397.6229113662112
2001-02-11,1404.5,1404.5,230.0518276550618,230.0518276550618,1397.6737168498616,1397.6737168498616
2001-02-12,1404.5,1404.5,230.11116985912471,230.11116985912471,1397.6914080450167,1397.6914080450167
2001-02-13,1404.5,1404.5,230.14601927600611,230.14601927600611,1397.6963978693054,1397.6963978693054
2001-02-14,1404.5,1404.5,230.17756597713017,230.17756597713017,1397.7050820434542,1397.7050820434542
2001-02-15,1404.5,1404.5,230.21523874717346,230.21523874717346,1397.7236804793722,1397.7236804793722
2001-02-16,1404.5,1404.5,230.24998131304358,230.24998131304358,1397.7388338524056,1397.7388338524056
2001-02-17,1404.5,1404.5,230.28532779512142,230.28532779512142,1397.7772281188281,1397.7772281188281
2001-02-18,1404.5,1404.5,230.32186873336943,230.32186873336943,1397.8393741122932,1397.8393741122932
2001-02-19,1404.5,1404.5,230.3670680114194,230.3670680114194,1397.9137678563359,1397.9137678563359
2001-02-20,1404.5,1404.5,230.47080445934685,230.47080445934685,1397.99405866543,1397.99405866543
2001-02-21,1404.5,1404.5,230.5417022529266,230.5417022529266,1398.0549541377584,1398.0549541377584
2001-02-22,1404.5,1404.5,230.571737166011,230.571737166011,1398.0953263525425,1398.0953263525425
2001-02-23,1404.5,1404.5,230.6383658996625,230.6383658996625,1398.1565651052447,1398.1565651052447
2001-02-24,1404.5,1404.5,230.68866023810392,230.68866023810392,1398.1724418188737,1398.1724418188737
2001-02-25,1404.5,1404.5,230.7415948738261,230.7415948738261,1398.2332269511016,1398.2332269511016
2001-02-26,1404.5,1404.5,230.79871443365946,230.79871443365946,1398.258727773047,1398.258727773047
2001-02-27,1404.5,1404.5,230.84073407580772,230.84073407580772,1398.291036987436,1398.2910369874362
2001-02-28,1404.5,1404.5,230.86899049322244,230.86899049322244,1398.3268321315577,1398.3268321315577
2001-03-01,1404.5,1404.5,230.91255607541856,230.91255607541856,1398.383473380266,1398.383473380266
2001-03-02,1404.5,1404.5,230.95303162044863,230.95303162044863,1398.4156804279985,1398.4156804279985
2001-03-03,1404.5,1404.5,230.98932049887412,230.98932049887412,1398.4512093249193,1398.4512093249193
2001-03-04,1404.5,1404.5,231.02988249490818,231.02988249490818,1398.4838699929405,1398.4838699929408
2001-03-05,1404.5,1404.5,231.16147206689726,231.16147206689726,1398.5584395979438,1398.5584395979438
2001-03-06,1404.5,1404.5,231.30180229729933,231.30180229729933,1398.6459883333266,1398.6459883333266
2001-03-07,1404.5,1404.5,231.36149769885233,231.36149769885233,1398.7040517432658,1398.7040517432658
2001-03-08,1404.5,1404.5,231.42704075209795,231.42704075209795,1398.7779918668343,1398.7779918668343
2001-03-09,1404.5,1404.5,231.49376182075918,231.49376182075918,1398.8569218146913,1398.8569218146913
2001-03-10,1404.5,1404.5,231.56034399618994,231.56034399618994,1398.9528413759376,1398.9528413759376
2001-03-11,1404.5,1404.5,231.60818835945508,231.60818835945508,1399.0111335914999,1399.0111335914999
2001-03-12,1404.5,1404.5,231.6526183520407,231.6526183520407,1399.0698613357522,1399.0698613357522
2001-03-13,1404.5,1404.5,231.70110264200395,231.70110264200395,1399.1497245977005,1399.1497245977005
2001-03-14,1404.5,1404.5,231.7447431413992,231.7447431413992,1399.243902043816,1399.243902043816
2001-03-15,1404.5,1404.5,231.79264751596924,231.79264751596924,1399.3573071414057,1399.3573071414057
2001-03-16,1404.5,1404.5,231.8418970166974,231.8418970166974,1399.4864819992295,1399.4864819992295
2001-03-17,1404.5,1404.5,231.88319450528593,231.88319450528593,1399.6144029492111,1399.6144029492111
2001-03-18,1404.5,1404.5,231.92513650196037,231.92513650196037,1399.7740773266366,1399.7740773266366
2001-03-19,1404.5,1404.5,231.9761033412209,231.9761033412209,1399.9726138017338,1399.972613801734
2001-03-20,1404.5,1404.5,232.16841353967914,232.16841353967914,1399.50022916238,1399.50022916238
2001-03-21,1404.5,1404.5,232.48631968902882,232.48631968902882,1398.3420486541304,1398.3420486541304
2001-03-22,1404.5,1404.5,233.04258504452733,233.04258504452733,1395.5790176329497,1395.5790176329497
2001-03-23,1404.5,1404.5,234.05720761922052,234.05720761922052,1388.987127482843,1388.987127482843
2001-03-24,1404.5,1404.5,235.3594326509355,235.3594326509355,1377.8801687763714,1377.8801687763714
2001-03-25,1404.5,1404.5,235.4523800324441,235.4523800324441,1377.8801687763714,1377.8801687763714
2001-03-26,1404.5,1404.5,235.5258234606406,235.5258234606406,1377.8801687763714,1377.8801687763714
2001-03-27,1404.5,1404.5,235.54524236747164,235.54524236747164,1378.2095204149537,1378.2095204149537
2001-03-28,1404.5,1404.5,235.56400141003564,235.56400141003564,1378.6569652645233,1378.6569652645233
2001-03-29,1404.5,1404.5,235.58446341158916,235.58446341158916,1379.2942310944557,1379.2942310944557
2001-03-30,1404.5,1404.5,235.60233857218174,235.60233857218174,1379.961093262152,1379.961093262152
2001-03-31,1404.5,1404.5,235.62072612523076,235.62072612523076,1380.6709673462701,1380.6709673462701
2001-04-01,1404.5,1404.5,235.64706412676435,235.64706412676435,1381.5328237133501,1381.5328237133501
2001-04-02,1404.5,1404.5,235.65878943530515,235.65878943530515,1382.2118507203375,1382.2118507203375
2001-04-03,1404.5,1404.5,235.63790738836187,235.63790738836187,1382.7874050370042,1382.7874050370042
2001-04-04,1404.5,1404.5,235.60916383416992,235.60916383416992,1383.167749464979,1383.167749464979
2001-04-05,1404.5,1404.5,235.56603088126303,235.56603088126303,1383.535967218042,1383.535967218042
2001-04-06,1404.5,1404.5,235.5352389972483,235.5352389972483,1383.8855301828112,1383.8855301828112
2001-04-07,1404.5,1404.5,235.54765302359178,235.54765302359178,1384.2761365406147,1384.2761365406147
2001-04-08,1404.5,1404.5,235.54090333393216,235.54090333393216,1384.6117447862443,1384.6117447862443
2001-04-09,1404.5,1404.5,235.51218288055978,235.51218288055978,1384.9251511137816,1384.9251511137816
2001-04-10,1404.5,1404.5,235.47510541075843,235.47510541075843,1385.236899206926,1385.236899206926
2001-04-11,1404.5,1404.5,235.4505010351761,235.4505010351761,1385.5492000447925,1385.5492000447925
2001-04-12,1404.5,1404.5,235.42631291892167,235.42631291892167,1385.8769777382704,1385.8769777382704
2001-04-13,1404.5,1404.5,235.40945645168293,235.40945645168293,1386.1826456381148,1386.1826456381148
2001-04-14,1404.5,1404.5,235.37825603176194,235.37825603176194,1386.4883135379594,1386.4883135379594
2001-04-15,1404.5,1404.5,235.3497949342567,235.3497949342567,1386.8002291294222,1386.8002291294222
2001-04-16,1404.5,1404.5,235.3322831716808,235.3322831716808,1387.1180574158666,1387.1180574158666
2001-04-17,1404.5,1404.5,235.3039951727513,235.3039951727513,1387.5059837985407,1387.5059837985407
2001-04-18,1404.5,1404.5,235.25230149662815,235.25230149662815,1387.942099481974,1387.942099481974
2001-04-19,1404.5,1404.5,235.24440276317222,235.24440276317222,1388.419118283889,1388.419118283889
2001-04-20,1404.5,1404.5,235.29170668118343,235.29170668118343,1389.0415089802816,1389.0415089802816
2001-04-21,1404.5,1404.5,235.32561631346994,235.32561631346994,1389.5073221366445,1389.5073221366445
2001-04-22,1404.5,1404.5,235.34910500461373,235.34910500461373,1389.9646806286087,1389.9646806286087
2001-04-23,1404.5,1404.5,235.35542307611672,235.35542307611672,1390.3759520360736,1390.3759520360736
2001-04-24,1404.5,1404.5,235.35249659495963,235.35249659495963,1390.7992177882609,1390.7992177882609
2001-04-25,1404.5,1404.5,235.36805722273277,235.36805722273277,1391.3143620356557,1391.3143620356557
2001-04-26,1404.5,1404.5,235.38395187628,235.38395187628,1391.9619658965385,1391.9619658965385
2001-04-27,1404.5,1404.5,235.39938327226886,235.39938327226886,1392.674820202535,1392.674820202535
2001-04-28,1404.5,1404.5,235.41234942609063,235.41234942609063,1393.4930447509598,1393.4930447509598
2001-04-29,1404.5,1404.5,235.4113050899226,235.4113050899226,1394.3957969100268,1394.3957969100268
2001-04-30,1404.5,1404.5,235.40668708535316,235.40668708535316,1395.192203246321,1395.192203246321
2001-05-01,1404.5,1404.5,235.4016646406177,235.4016646406177,1396.1309578470334,1396.1309578470334
2001-05-02,1404.5,1404.5,235.40239965449558,235.40239965449558,1396.9838982712856,1396.9838982712856
2001-05-03,1404.5,1404.5,235.4116585521775,235.4116585521775,1397.8006020089422,1397.8006020089422
2001-05-04,1404.5,1404.5,235.40116843607802,235.40116843607802,1398.5915709705562,1398.5915709705562
2001-05-05,1404.5,1404.5,235.39201949173346,235.39201949173346,1399.391757338839,1399.391757338839
2001-05-06,1404.5,1404.5,235.3909928897075,235.3909928897075,1400.2214170600637,1400.2214170600637
2001-05-07,1404.5,1404.5,235.4031716768139,235.4031716768139,1401.11196035324,1401.11196035324
2001-05-08,1404.5,1404.5,235.60277310627754,235.60277310627754,1400.790476098753,1400.790476098753
2001-05-09,1404.5,1404.5,235.97272978238956,235.97272978238956,1399.2516576087548,1399.2516576087548
2001-05-10,1404.5,1404.5,236.65707610109308,236.65707610109308,1395.069623495093,1395.069623495093
2001-05-11,1404.5,1404.5,237.97801244996074,237.97801244996074,1384.3930244939966,1384.3930244939966
2001-05-12,1404.5,1404.5,238.71066834639467,238.71066834639467,1377.8801687763714,1377.8801687763714
2001-05-13,1404.5,1404.5,238.77610835228438,238.77610835228438,1377.8801687763714,1377.8801687763714
2001-05-14,1404.5,1404.5,238.80108891304445,238.80108891304445,1377.8801687763714,1377.8801687763714
2001-05-15,1404.5,1404.5,238.72254161880693,238.72254161880693,1378.7858030523164,1378.7858030523164
2001-05-16,1404.5,1404.5,238.64989376912212,238.64989376912212,1379.6886640219452,1379.6886640219452
2001-05-17,1404.5,1404.5,238.5631494530327,238.5631494530327,1380.489654274502,1380.489654274502
2001-05-18,1404.5,1404.5,238.50278143866052,238.50278143866052,1381.1697266727215,1381.1697266727215
2001-05-19,1404.5,1404.5,238.4370605477747,238.4370605477747,1381.8051632063418,1381.8051632063418
2001-05-20,1404.5,1404.5,238.3645134170169,238.3645134170169,1382.4226772154261,1382.4226772154261
2001-05-21,1404.5,1404.5,238.2964257392206,238.2964257392206,1383.039586629831,1383.039586629831
2001-05-22,1404.5,1404.5,238.21798246212248,238.21798246212248,1383.6299333909028,1383.6299333909028
2001-05-23,1404.5,1404.5,238.13560801503158,238.13560801503158,1384.1532026290333,1384.1532026290333
2001-05-24,1404.5,1404.5,238.05388671432203,238.05388671432203,1384.631275374263,1384.631275374263
2001-05-25,1404.5,1404.5,237.9668343538063,237.9668343538063,1385.0630219419593,1385.0630219419593
2001-05-26,1404.5,1404.5,237.87298207098857,237.87298207098857,1385.4629213291742,1385.4629213291742
2001-05-27,1404.5,1404.5,237.77767305596387,237.77767305596387,1385.8332341163814,1385.8332341163814
2001-05-28,1404.5,1404.5,237.68092512012217,237.68092512012217,1386.1360773441259,1386.1360773441259
2001-05-29,1404.5,1404.5,237.58271165289,237.58271165289,1386.4153616464223,1386.4153616464223
2001-05-30,1404.5,1404.5,237.4838890066693,237.4838890066693,1386.673810223452,1386.673810223452
2001-05-31,1404.5,1404.5,237.38071912903635,237.38071912903635,1386.9192289350185,1386.9192289350185
2001-06-01,1404.5,1404.5,237.276410838358,237.276410838358,1387.142537852726,1387.142537852726
2001-06-02,1404.5,1404.5,237.1857818146949,237.1857818146949,1387.3114604351383,1387.3114604351383
2001-06-03,1404.5,1404.5,237.0980903495844,237.0980903495844,1387.451184689773,1387.451184689773
2001-06-04,1404.5,1404.5,237.10904657303684,237.10904657303684,1387.6518853383398,1387.6518853383398
2001-06-05,1404.5,1404.5,237.12177646626668,237.12177646626668,1387.7557294176004,1387.7557294176004
2001-06-06,1404.5,1404.5,237.13080270550176,237.13080270550176,1387.8490693348165,1387.8490693348165
2001-06-07,1404.5,1404.5,237.1417796657152,237.1417796657152,1387.9289061978216,1387.9289061978216
2001-06-08,1404.5,1404.5,237.14527965928724,237.14527965928724,1388.0064992517378,1388.0064992517378
2001-06-09,1404.5,1404.5,237.16067574723996,237.16067574723996,1388.0658517257539,1388.0658517257539
2001-06-10,1404.5,1404.5,237.16947600116316,237.16947600116316,1388.100465350418,1388.100465350418
2001-06-11,1404.5,1404.5,237.16380235237216,237.16380235237216,1388.1209675667417,1388.1209675667417
2001-06-12,1404.5,1404.5,237.1329710030593,237.1329710030593,1388.1349574438505,1388.1349574438505
2001-06-13,1404.5,1404.5,237.07073522845414,237.07073522845414,1388.1347776230518,1388.1347776230518
2001-06-14,1404.5,1404.5,237.0011012379076,237.0011012379076,1388.128210751842,1388.128210751842
2001-06-15,1404.5,1404.5,236.9304865431097,236.9304865431097,1388.1173646305472,1388.1173646305472
2001-06-16,1404.5,1404.5,236.85379904244937,236.85379904244937,1388.1015438056224,1388.1015438056224
2001-06-17,1404.5,1404.5,236.7689321405694,236.7689321405694,1388.073562594098,1388.073562594098
2001-06-18,1404.5,1404.5,236.66138826514734,236.66138826514734,1388.1293898234683,1388.1293898234683
2001-06-19,1404.5,1404.5,236.5490347549144,236.5490347549144,1388.0848430163585,1388.0848430163585
2001-06-20,1404.5,1404.5,236.43333533422657,236.43333533422657,1388.0353047556969,1388.0353047556969
2001-06-21,1404.5,1404.5,236.31914474260606,236.31914474260606,1387.9824500260243,1387.9824500260243
2001-06-22,1404.5,1404.5,236.2020391275458,236.2020391275458,1387.9261086488625,1387.9261086488625
2001-06-23,1404.5,1404.5,236.08195481671038,236.08195481671038,1387.8654672517935,1387.8654672517935
2001-06-24,1404.5,1404.5,235.95198473497794,235.95198473497794,1387.8021579395208,1387.8021579395208
2001-06-25,1404.5,1404.5,235.81855796270767,235.81855796270767,1387.7354845886296,1387.7354845886296
2001-06-26,1404.5,1404.5,235.67751617788008,235.67751617788008,1387.6667871867976,1387.6667871867976
2001-06-27,1404.5,1404.5,235.53921998398292,235.53921998398292,1387.5948691248136,1387.5948691248136
2001-06-28,1404.5,1404.5,235.39334938461923,235.39334938461923,1387.5200044304927,1387.5200044304927
2001-06-29,1404.5,1404.5,235.24252225571067,235.24252225571067,1387.4439344172904,1387.4439344172904
2001-06-30,1404.5,1404.5,235.09754238784674,235.09754238784674,1387.3645479350769,1387.3645479350769
2001-07-01,1404.5,1404.5,234.9472045195715,234.9472045195715,1387.2829504735228,1387.2829504735228
2001-07-02,1404.5,1404.5,234.79386551083414,234.79386551083414,1387.3171804543042,1387.3171804543042
2001-07-03,1404.5,1404.5,234.64631386674478,234.64631386674478,1387.2820135598092,1387.2820135598092
2001-07-04,1404.5,1404.5,234.48556047144908,234.48556047144908,1387.2252896161772,1387.2252896161772
2001-07-05,1404.5,1404.5,234.33432894671552,234.33432894671552,1387.2818783659045,1387.2818783659045
2001-07-06,1404.5,1404.5,234.18459946574293,234.18459946574293,1387.2610828373504,1387.2610828373504
2001-07-07,1404.5,1404.5,234.0339094256253,234.0339094256253,1387.2364180948368,1387.2364180948368
2001-07-08,1404.5,1404.5,233.88115769616775,233.88115769616775,1387.1997949364975,1387.1997949364975
2001-07-09,1404.5,1404.5,233.72500514241733,233.72500514241733,1387.1434213348432,1387.1434213348432
2001-07-10,1404.5,1404.5,233.56805356189366,233.56805356189366,1387.1115709093594,1387.1115709093594
2001-07-11,1404.5,1404.5,233.40653470006808,233.40653470006808,1387.0520832414386,1387.0520832414386
2001-07-12,1404.5,1404.5,233.2467238824378,233.2467238824378,1386.996464787477,1386.996464787477
2001-07-13,1404.5,1404.5,233.0797514400904,233.0797514400904,1386.931449671204,1386.931449671204
2001-07-14,1404.5,1404.5,232.91418014219192,232.91418014219192,1386.865329065261,1386.865329065261
2001-07-15,1404.5,1404.5,232.75037474415194,232.75037474415194,1386.798426673829,1386.798426673829
2001-07-16,1404.5,1404.5,232.57764495348076,232.57764495348076,1386.8183254883475,1386.8183254883475
2001-07-17,1404.5,1404.5,232.4173213068793,232.4173213068793,1386.7489367177118,1386.7489367177118
2001-07-18,1404.5,1404.5,232.26373316874856,232.26373316874856,1386.6783941530873,1386.6783941530873
2001-07-19,1404.5,1404.5,232.10758329762174,232.10758329762174,1386.6067460985664,1386.6067460985664
2001-07-20,1404.5,1404.5,231.9531110837865,231.9531110837865,1386.5328870647047,1386.5328870647047
2001-07-21,1404.5,1404.5,231.79513443326002,231.79513443326002,1386.457571442795,1386.457571442795
2001-07-22,1404.5,1404.5,231.63885325547844,231.63885325547844,1386.380622873252,1386.380622873252
2001-07-23,1404.5,1404.5,231.47461625021614,231.47461625021614,1386.302629653857,1386.302629653857
2001-07-24,1404.5,1404.5,231.31217823387007,231.31217823387007,1386.2320870892322,1386.2320870892322
2001-07-25,1404.5,1404.5,231.14662946154212,231.14662946154212,1386.1521478620707,1386.1521478620707
2001-07-26,1404.5,1404.5,230.98285418085956,230.98285418085956,1386.0711031452388,1386.0711031452388
2001-07-27,1404.5,1404.5,230.82083405259758,230.82083405259758,1385.9895056836845,1385.9895056836845
2001-07-28,1404.5,1404.5,230.65694364941658,230.65694364941658,1385.906802732234,1385.906802732234
2001-07-29,1404.5,1404.5,230.49481067456682,230.49481067456682,1385.822994291113,1385.822994291113
2001-07-30,1404.5,1404.5,230.32423405530182,230.32423405530182,1385.8266478750427,1385.8266478750427
2001-07-31,1404.5,1404.5,230.1660498019753,230.1660498019753,1385.7417339442516,1385.7417339442516
2001-08-01,1404.5,1404.5,230.0095690930385,230.0095690930385,1385.656267268738,1385.656267268738
2001-08-02,1404.5,1404.5,229.85643247916872,229.85643247916872,1385.5890411731245,1385.5890411731245
2001-08-03,1404.5,1404.5,229.7067722668593,229.7067722668593,1385.5210780843222,1385.5210780843222
2001-08-04,1404.5,1404.5,229.55434066461135,229.55434066461135,1385.45219375409,1385.45219375409
2001-08-05,1404.5,1404.5,229.4035693044315,229.4035693044315,1385.3822039341878,1385.3822039341878
2001-08-06,1404.5,1404.5,229.24703958153697,229.24703958153697,1385.310555879667,1385.310555879667
2001-08-07,1404.5,1404.5,229.09221268872903,229.09221268872903,1385.237618087235,1385.237618087235
2001-08-08,1404.5,1404.5,228.93907158398068,228.93907158398068,1385.163943301614,1385.163943301614
2001-08-09,1404.5,1404.5,228.7823862356996,228.7823862356996,1385.088978778082,1385.088978778082
2001-08-10,1404.5,1404.5,228.62740605540478,228.62740605540478,1385.0129087648797,1385.0129087648797
2001-08-11,1404.5,1404.5,228.46112941002374,228.46112941002374,1384.9362521984958,1384.9362521984958
2001-08-12,1404.5,1404.5,228.29359907582474,228.29359907582474,1384.858523950675,1384.858523950675
2001-08-13,1404.5,1404.5,228.1198546708651,228.1198546708651,1384.8684733579341,1384.8684733579341
2001-08-14,1404.5,1404.5,227.95976659520264,227.95976659520264,1384.789559005102,1384.789559005102
2001-08-15,1404.5,1404.5,227.801436057857,227.801436057857,1384.7101725228888,1384.7101725228888
2001-08-16,1404.5,1404.5,227.64484578974438,227.64484578974438,1384.630296096131,1384.630296096131
2001-08-17,1404.5,1404.5,227.48997864233152,227.48997864233152,1384.5503568689692,1384.5503568689692
2001-08-18,1404.5,1404.5,227.32462729823735,227.32462729823735,1384.4698648970852,1384.4698648970852
2001-08-19,1404.5,1404.5,227.1610869414225,227.1610869414225,1384.3882674355311,1384.3882674355311
2001-08-20,1404.5,1404.5,226.9993396838481,226.9993396838481,1384.3061172290288,1384.3061172290288
2001-08-21,1404.5,1404.5,226.84057298921687,226.84057298921687,1384.2234142775783,1384.2234142775783
2001-08-22,1404.5,1404.5,226.687471109873,226.687471109873,1384.1407113261278,1384.1407113261278
2001-08-23,1404.5,1404.5,226.53682611057545,226.53682611057545,1384.057455629955,1384.057455629955
2001-08-24,1404.5,1404.5,226.390241926578,226.390241926578,1383.9741999337823,1383.9741999337823
2001-08-25,1404.5,1404.5,226.24528190044626,226.24528190044626,1383.8903914926614,1383.8903914926614
2001-08-26,1404.5,1404.5,226.10192978832478,226.10192978832478,1383.8065830515404,1383.8065830515404
2001-08-27,1404.5,1404.5,225.9537840303665,225.9537840303665,1383.8104522654996,1383.8104522654996
2001-08-28,1404.5,1404.5,225.81904068294043,225.81904068294043,1383.7152918877016,1383.7152918877016
2001-08-29,1404.5,1404.5,225.68039375880204,225.68039375880204,1383.6184072480535,1383.6184072480535
2001-08-30,1404.5,1404.5,225.54329171307694,225.54329171307694,1383.521040149367,1383.521040149367
2001-08-31,1404.5,1404.5,225.40816252930335,225.40816252930335,1383.423673050681,1383.423673050681
2001-09-01,1404.5,1404.5,225.27901093959684,225.27901093959684,1383.3263059519948,1383.3263059519948
2001-09-02,1404.5,1404.5,225.1639606645092,225.1639606645092,1383.2402736210722,1383.2402736210722
2001-09-03,1404.5,1404.5,225.06196960781335,225.06196960781335,1383.153611580715,1383.153611580715
2001-09-04,1404.5,1404.5,224.97173172920438,224.97173172920438,1383.0663198309232,1383.0663198309232
2001-09-05,1404.5,1404.5,224.8920716531772,224.8920716531772,1382.9790280811317,1382.9790280811317
2001-09-06,1404.5,1404.5,224.82193152506488,224.82193152506488,1382.8911066221626,1382.8911066221626
2001-09-07,1404.5,1404.5,224.76035926970022,224.76035926970022,1382.8025554537592,1382.8025554537592
2001-09-08,1404.5,1404.5,224.7064980163527,224.7064980163527,1382.7133745761785,1382.7133745761785
2001-09-09,1404.5,1404.5,224.6595765744387,224.6595765744387,1382.623563989163,1382.623563989163
2001-09-10,1404.5,1404.5,224.6028933645467,224.6028933645467,1382.6342690474921,1382.6342690474921
2001-09-11,1404.5,1404.5,224.55869410317496,224.55869410317496,1382.5438287512995,1382.5438287512995
2001-09-12,1404.5,1404.5,224.51509136261495,224.51509136261495,1382.453388455107,1382.453388455107
2001-09-13,1404.5,1404.5,224.47207917728807,224.47207917728807,1382.3629481589144,1382.3629481589144
2001-09-14,1404.5,1404.5,224.42990543168574,224.42990543168574,1382.2718781532872,1382.2718781532872
2001-09-15,1404.5,1404.5,224.39160706853497,224.39160706853497,1382.1808081476602,1382.1808081476602
2001-09-16,1404.5,1404.5,224.35384619261038,224.35384619261038,1382.089738142033,1382.089738142033
2001-09-17,1404.5,1404.5,224.31661742010624,224.31661742010624,1381.9986681364057,1381.9986681364057
2001-09-18,1404.5,1404.5,224.27991542295126,224.27991542295126,1381.9075981307785,1381.9075981307785
2001-09-19,1404.5,1404.5,224.2437349257512,224.2437349257512,1381.8158984159743,1381.8158984159743
2001-09-20,1404.5,1404.5,224.20807070352856,224.20807070352856,1381.7235689917352,1381.7235689917352
2001-09-21,1404.5,1404.5,224.17291758486155,224.17291758486155,1381.630609858319,1381.630609858319
2001-09-22,1404.5,1404.5,224.14041161336647,224.14041161336647,1381.5370210154683,1381.5370210154683
2001-09-23,1404.5,1404.5,224.1083851503263,224.1083851503263,1381.442802463183,1381.442802463183
2001-09-24,1404.5,1404.5,224.06626198926105,224.06626198926105,1381.4484698470646,1381.4484698470646
2001-09-25,1404.5,1404.5,224.0652564911577,224.0652564911577,1381.5988052056655,1381.5988052056655
2001-09-26,1404.5,1404.5,224.03620854161395,224.03620854161395,1381.6116372374433,1381.6116372374433
2001-09-27,1404.5,1404.5,224.00732368462647,224.00732368462647,1381.516159266546,1381.516159266546
2001-09-28,1404.5,1404.5,223.97888209438614,223.97888209438614,1381.4200515864716,1381.4200515864716
2001-09-29,1404.5,1404.5,223.95080616439367,223.95080616439367,1381.3233141969627,1381.3233141969627
2001-09-30,1404.5,1404.5,223.92316539583766,223.92316539583766,1381.2259470982765,1381.2259470982765
2001-10-01,1404.5,1404.5,223.89595542943252,223.89595542943252,1381.12857999959,1381.12857999959
2001-10-02,1404.5,1404.5,223.84821475512976,223.84821475512976,1381.035620866174,1381.035620866174
2001-10-03,1404.5,1404.5,223.8010958742205,223.8010958742205,1380.9426617327579,1380.9426617327579
2001-10-04,1404.5,1404.5,223.75459256262442,223.75459256262442,1380.8497025993415,1380.8497025993415
2001-10-05,1404.5,1404.5,223.70869865892797,223.70869865892797,1380.7561137564908,1380.7561137564908
2001-10-06,1404.5,1404.5,223.66340806394666,223.66340806394666,1380.6618952042054,1380.6618952042054
2001-10-07,1404.5,1404.5,223.618714740489,223.618714740489,1380.56767665192,1380.56767665192
2001-10-08,1404.5,1404.5,223.56273131119082,223.56273131119082,1380.573344035802,1380.573344035802
2001-10-09,1404.5,1404.5,223.5165991643775,223.5165991643775,1380.4782353959679,1380.4782353959679
2001-10-10,1404.5,1404.5,223.4697603952249,223.4697603952249,1380.3827574250708,1380.3827574250708
2001-10-11,1404.5,1404.5,223.4246972026433,223.4246972026433,1380.2869296979331,1380.2869296979331
2001-10-12,1404.5,1404.5,223.3833481596565,223.3833481596565,1380.1908220178586,1380.1908220178586
2001-10-13,1404.5,1404.5,223.34127712411222,223.34127712411222,1380.0946061237842,1380.0946061237842
2001-10-14,1404.5,1404.5,223.29931018497106,223.29931018497106,1379.9978687342752,1379.9978687342752
2001-10-15,1404.5,1404.5,223.26020242355432,223.26020242355432,1379.901131344766,1379.901131344766
2001-10-16,1404.5,1404.5,223.22242646894594,223.22242646894594,1379.80376424608,1379.80376424608
2001-10-17,1404.5,1404.5,223.18663449598552,223.18663449598552,1379.7063971473938,1379.7063971473938
2001-10-18,1404.5,1404.5,223.15256981376854,223.15256981376854,1379.6090300487074,1379.6090300487074
2001-10-19,1404.5,1404.5,223.12130968582167,223.12130968582167,1379.5116629500212,1379.5116629500212
2001-10-20,1404.5,1404.5,223.0874206007425,223.0874206007425,1379.414295851335,1379.414295851335
2001-10-21,1404.5,1404.5,223.0582525078046,223.0582525078046,1379.3169287526487,1379.3169287526487
2001-10-22,1404.5,1404.5,223.02148031883686,223.02148031883686,1379.320077299307,1379.320077299307
2001-10-23,1404.5,1404.5,223.00355317086076,223.00355317086076,1379.2227102006207,1379.2227102006207
2001-10-24,1404.5,1404.5,222.98439136053972,222.98439136053972,1379.1253431019345,1379.1253431019345
2001-10-25,1404.5,1404.5,222.96997356396773,222.96997356396773,1379.0279760032483,1379.0279760032483
2001-10-26,1404.5,1404.5,222.95568855815932,222.95568855815932,1378.930608904562,1378.930608904562
2001-10-27,1404.5,1404.5,222.9402989999651,222.9402989999651,1378.8332418058758,1378.8332418058758
2001-10-28,1404.5,1404.5,222.9246618967842,222.9246618967842,1378.7358747071896,1378.7358747071896
2001-10-29,1404.5,1404.5,222.91018960362862,222.91018960362862,1378.638152681419,1378.638152681419
2001-10-30,1404.5,1404.5,222.91412572805487,222.91412572805487,1378.742120086855,1378.742120086855
2001-10-31,1404.5,1404.5,222.94336057644458,222.94336057644458,1379.0343691011055,1379.0343691011055
2001-11-01,1404.5,1404.5,222.95058491923152,222.95058491923152,1379.1051343903139,1379.1051343903139
2001-11-02,1404.5,1404.5,222.95394262802387,222.95394262802387,1378.9929894325605,1378.9929894325605
2001-11-03,1404.5,1404.5,222.97872206911802,222.97872206911802,1378.7363897053508,1378.7363897053508
2001-11-04,1404.5,1404.5,223.05318986944232,223.05318986944232,1378.0544281556613,1378.0544281556613
2001-11-05,1404.5,1404.5,223.07417341324873,223.07417341324873,1377.8801687763714,1377.8801687763714
2001-11-06,1404.5,1404.5,223.05892402110703,223.05892402110703,1378.022065184207,1378.022065184207
2001-11-07,1404.5,1404.5,223.03749233428317,223.03749233428317,1378.149896175751,1378.149896175751
2001-11-08,1404.5,1404.5,223.01592729895415,223.01592729895415,1378.2013415187384,1378.2013415187384
2001-11-09,1404.5,1404.5,222.9945640018837,222.9945640018837,1378.2233813448313,1378.2233813448313
2001-11-10,1404.5,1404.5,222.97427662192783,222.97427662192783,1378.2723879953292,1378.2723879953292
2001-11-11,1404.5,1404.5,222.97940534760554,222.97940534760554,1378.516715210654,1378.516715210654
2001-11-12,1404.5,1404.5,222.96555562100417,222.96555562100417,1378.7046309661773,1378.7046309661773
2001-11-13,1404.5,1404.5,223.09926367514169,223.09926367514169,1379.6536601546372,1379.6536601546372
2001-11-14,1404.5,1404.5,223.15570175753484,223.15570175753484,1380.0795440157594,1380.0795440157594
2001-11-15,1404.5,1404.5,223.13649319053852,223.13649319053852,1380.1097700629578,1380.1097700629578
2001-11-16,1404.5,1404.5,223.1196997228485,223.1196997228485,1380.236971345325,1380.236971345325
2001-11-17,1404.5,1404.5,223.1044443867748,223.1044443867748,1380.453562727519,1380.453562727519
2001-11-18,1404.5,1404.5,223.08761051270486,223.08761051270486,1380.6515242549156,1380.6515242549156
2001-11-19,1404.5,1404.5,223.0698881908708,223.0698881908708,1380.789392431232,1380.789392431232
2001-11-20,1404.5,1404.5,223.05420719000332,223.05420719000332,1380.9940479596414,1380.9940479596414
2001-11-21,1404.5,1404.5,223.04064027880187,223.04064027880187,1381.1212492420084,1381.1212492420084
2001-11-22,1404.5,1404.5,223.16618153692602,223.16618153692602,1382.3044387026962,1382.3044387026962
2001-11-23,1404.5,1404.5,223.24505267428358,223.24505267428358,1382.923145281599,1382.923145281599
2001-11-24,1404.5,1404.5,223.2984561685734,223.2984561685734,1383.249407220249,1383.249407220249
2001-11-25,1404.5,1404.5,223.53292922732447,223.53292922732447,1384.0214884215075,1384.0214884215075
2001-11-26,1404.5,1404.5,223.59429165072746,223.59429165072746,1384.2213391830555,1384.2213391830555
2001-11-27,1404.5,1404.5,223.57914705946482,223.57914705946482,1384.2545038738444,1384.2545038738444
2001-11-28,1404.5,1404.5,223.56129153471628,223.56129153471628,1384.292643268263,1384.292643268263
2001-11-29,1404.5,1404.5,223.60231321529764,223.60231321529764,1384.4087196859111,1384.4087196859111
2001-11-30,1404.5,1404.5,223.63650020023377,223.63650020023377,1384.5170576756407,1384.5170576756407
2001-12-01,1404.5,1404.5,223.64275756366118,223.64275756366118,1384.5629932848592,1384.5629932848592
2001-12-02,1404.5,1404.5,223.77468449760462,223.77468449760462,1384.834936616711,1384.834936616711
2001-12-03,1404.5,1404.5,224.10626121605154,224.10626121605154,1385.1986763484667,1385.1986763484667
2001-12-04,1404.5,1404.5,224.1889041516596,224.1889041516596,1385.303145124237,1385.303145124237
2001-12-05,1404.5,1404.5,224.174553048619,224.174553048619,1385.3404256838407,1385.3404256838407
2001-12-06,1404.5,1404.5,224.1641627374334,224.1641627374334,1385.3794851308667,1385.3794851308667
2001-12-07,1404.5,1404.5,224.15032500235205,224.15032500235205,1385.4217790267555,1385.4217790267555
2001-12-08,1404.5,1404.5,224.13868796084097,224.13868796084097,1385.508007222626,1385.508007222626
2001-12-09,1404.5,1404.5,224.14807648341662,224.14807648341662,1385.664102366974,1385.664102366974
2001-12-10,1404.5,1404.5,224.14269367581588,224.14269367581588,1385.7850393730666,1385.7850393730666
2001-12-11,1404.5,1404.5,224.12651439847022,224.12651439847022,1385.8290307306406,1385.8290307306406
2001-12-12,1404.5,1404.5,224.11063520020278,224.11063520020278,1385.8765667873704,1385.8765667873704
2001-12-13,1404.5,1404.5,224.09687712756462,224.09687712756462,1385.9385597964297,1385.9385597964297
2001-12-14,1404.5,1404.5,224.14205906029568,224.14205906029568,1386.0629273867185,1386.0629273867185
2001-12-15,1404.5,1404.5,224.16666273760688,224.16666273760688,1386.1701598867778,1386.1701598867778
2001-12-16,1404.5,1404.5,224.15697273367834,224.15697273367834,1386.213273984826,1386.213273984826
2001-12-17,1404.5,1404.5,224.14134505269033,224.14134505269033,1386.2574935725445,1386.2574935725445
2001-12-18,1404.5,1404.5,224.15042469000107,224.15042469000107,1386.338194320063,1386.338194320063
2001-12-19,1404.5,1404.5,224.14441353460194,224.14441353460194,1386.3890468458037,1386.3890468458037
2001-12-20,1404.5,1404.5,224.16382722992972,224.16382722992972,1386.5139671810407,1386.5139671810407
2001-12-21,1404.5,1404.5,224.21797169647937,224.21797169647937,1386.6681829931074,1386.6681829931074
2001-12-22,1404.5,1404.5,224.22753659681905,224.22753659681905,1386.742803547326,1386.742803547326
2001-12-23,1404.5,1404.5,224.24828877157168,224.24828877157168,1386.8553709266444,1386.8553709266444
2001-12-24,1404.5,1404.5,224.25025385023554,224.25025385023554,1386.958275375263,1386.958275375263
2001-12-25,1404.5,1404.5,224.23829397660467,224.23829397660467,1387.0511365093814,1387.0511365093814
2001-12-26,1404.5,1404.5,224.22735023637222,224.22735023637222,1387.1701620881556,1387.1701620881556
2001-12-27,1404.5,1404.5,224.21689907114754,224.21689907114754,1387.2950824233926,1387.2950824233926
2001-12-28,1404.5,1404.5,224.215876941836,224.215876941836,1387.4432180421593,1387.4432180421593
2001-12-29,1404.5,1404.5,224.44171822018959,224.44171822018959,1387.8284562370704,1387.8284562370704
2001-12-30,1404.5,1404.5,224.66204567018875,224.66204567018875,1388.1984351080187,1388.1984351080187
2001-12-31,1404.5,1404.5,224.8594580690447,224.8594580690447,1388.589225714063,1388.589225714063
2002-01-01,1404.5,1404.5,224.96567636161814,224.96567636161814,1388.9273201226852,1388.9273201226852
2002-01-02,1404.5,1404.5,225.01324092740515,225.01324092740515,1389.1041984733333,1389.1041984733333
2002-01-03,1404.5,1404.5,225.19108209721585,225.19108209721585,1389.439185839952,1389.439185839952
2002-01-04,1404.5,1404.5,225.28897716087008,225.28897716087008,1389.6461993209075,1389.6461993209075
2002-01-05,1404.5,1404.5,225.33552450977652,225.33552450977652,1389.802626112315,1389.802626112315
2002-01-06,1404.5,1404.5,225.3896310039128,225.3896310039128,1389.956320169358,1389.956320169358
2002-01-07,1404.5,1404.5,225.45067300574544,225.45067300574544,1390.1123609192543,1390.1123609192543
2002-01-08,1404.5,1404.5,225.5114057571515,225.5114057571515,1390.2768011745218,1390.2768011745218
2002-01-09,1404.5,1404.5,225.57650170554135,225.57650170554135,1390.4561612957493,1390.4561612957493
2002-01-10,1404.5,1404.5,225.6348557422106,225.6348557422106,1390.6248686356657,1390.6248686356657
2002-01-11,1404.5,1404.5,225.69212329223262,225.69212329223262,1390.8045569266924,1390.8045569266924
2002-01-12,1404.5,1404.5,225.7457491958086,225.7457491958086,1391.0000339576823,1391.0000339576823
2002-01-13,1404.5,1404.5,225.79961059008096,225.79961059008096,1391.203181553428,1391.203181553428
2002-01-14,1404.5,1404.5,225.85488220427803,225.85488220427803,1391.430221719756,1391.430221719756
2002-01-15,1404.5,1404.5,225.89892428683126,225.89892428683126,1391.6324495034382,1391.6324495034382
2002-01-16,1404.5,1404.5,225.9370344378937,225.9370344378937,1391.8256363722576,1391.8256363722576
2002-01-17,1404.5,1404.5,225.9729231805857,225.9729231805857,1392.0145207341973,1392.0145207341973
2002-01-18,1404.5,1404.5,226.007202525451,226.007202525451,1392.2009726587091,1392.2009726587091
2002-01-19,1404.5,1404.5,226.038978190354,226.038978190354,1392.3846194786356,1392.3846194786356
2002-01-20,1404.5,1404.5,226.069653538433,226.069653538433,1392.5644155005587,1392.5644155005587
2002-01-21,1404.5,1404.5,226.09031648341855,226.09031648341855,1392.742107255057,1392.742107255057
2002-01-22,1404.5,1404.5,226.11198828746294,226.11198828746294,1392.9124599812274,1392.9124599812274
2002-01-23,1404.5,1404.5,226.12988722290638,226.12988722290638,1393.0792167459733,1393.0792167459733
2002-01-24,1404.5,1404.5,226.14819831306767,226.14819831306767,1393.2394388055418,1393.2394388055418
2002-01-25,1404.5,1404.5,226.16091915854867,226.16091915854867,1393.3996608651105,1393.3996608651105
2002-01-26,1404.5,1404.5,226.17249619001188,226.17249619001188,1393.5561691324715,1393.5561691324715
2002-01-27,1404.5,1404.5,226.2427198887017,226.2427198887017,1393.7616853465886,1393.7616853465886
2002-01-28,1404.5,1404.5,226.2944781617343,226.2944781617343,1393.9424322118261,1393.9424322118261
2002-01-29,1404.5,1404.5,226.3200785702669,226.3200785702669,1394.1046613468461,1394.1046613468461
2002-01-30,1404.5,1404.5,226.34431047612748,226.34431047612748,1394.2673790769732,1394.2673790769732
2002-01-31,1404.5,1404.5,226.37090327518396,226.37090327518396,1394.4286415602944,1394.4286415602944
2002-02-01,1404.5,1404.5,226.4015074161211,226.4015074161211,1394.5872991781605,1394.5872991781605
2002-02-02,1404.5,1404.5,226.42292569374524,226.42292569374524,1394.7065922380802,1394.7065922380802
2002-02-03,1404.5,1404.5,226.43964564612017,226.43964564612017,1394.8253861637659,1394.8253861637659
2002-02-04,1404.5,1404.5,226.44749948330855,226.44749948330855,1394.9434965905718,1394.9434965905718
2002-02-05,1404.5,1404.5,226.5605201248095,226.5605201248095,1395.060293979729,1395.060293979729
2002-02-06,1404.5,1404.5,226.67541940511634,226.67541940511634,1395.1758367884147,1395.1758367884147
2002-02-07,1404.5,1404.5,226.79003738719777,226.79003738719777,1395.28817794396,1395.28817794396
2002-02-08,1404.5,1404.5,226.94435779944976,226.94435779944976,1395.4375179797291,1395.4375179797291
2002-02-09,1404.5,1404.5,227.0806438015315,227.0806438015315,1395.5860171319264,1395.5860171319264
2002-02-10,1404.5,1404.5,227.20251467596952,227.20251467596952,1395.7108006674014,1395.7108006674014
2002-02-11,1404.5,1404.5,227.32655367824967,227.32655367824967,1395.8525547635718,1395.8525547635718
2002-02-12,1404.5,1404.5,227.4535390596617,227.4535390596617,1396.0007248737538,1396.0007248737538
2002-02-13,1404.5,1404.5,227.58512887875182,227.58512887875182,1396.1467906393648,1396.1467906393648
2002-02-14,1404.5,1404.5,227.7228951188979,227.7228951188979,1396.303743294316,1396.303743294316
2002-02-15,1404.5,1404.5,227.86047925914238,227.86047925914238,1396.4619669037356,1396.4619669037356
2002-02-16,1404.5,1404.5,228.00421416486984,228.00421416486984,1396.628629487143,1396.628629487143
2002-02-17,1404.5,1404.5,228.2127236602354,228.2127236602354,1396.8209032325958,1396.8209032325958
2002-02-18,1404.5,1404.5,228.40462825351216,228.40462825351216,1397.0077866600213,1397.0077866600213
2002-02-19,1404.5,1404.5,228.5578340568872,228.5578340568872,1397.1677021509788,1397.1677021509788
2002-02-20,1404.5,1404.5,228.72515987115125,228.72515987115125,1397.3364489360333,1397.3364489360333
2002-02-21,1404.5,1404.5,228.8752059063197,228.8752059063197,1397.509715578386,1397.509715578386
2002-02-22,1404.5,1404.5,229.02028917188835,229.02028917188835,1397.6920709752553,1397.6920709752553
2002-02-23,1404.5,1404.5,229.16960250674677,229.16960250674677,1397.8794161964133,1397.8794161964133
2002-02-24,1404.5,1404.5,229.3344454000948,229.3344454000948,1398.113083824143,1398.113083824143
2002-02-25,1404.5,1404.5,229.4874869455727,229.4874869455727,1398.2958928413009,1398.2958928413009
2002-02-26,1404.5,1404.5,229.64623157236352,229.64623157236352,1398.5053878149179,1398.5053878149179
2002-02-27,1404.5,1404.5,229.81514863041906,229.81514863041906,1398.7603183874894,1398.7603183874894
2002-02-28,1404.5,1404.5,229.9979057326201,229.9979057326201,1399.1344285225289,1399.1344285225289
2002-03-01,1404.5,1404.5,230.18256652343345,230.18256652343345,1399.5700961706839,1399.5700961706839
2002-03-02,1404.5,1404.5,230.33131796320143,230.33131796320143,1399.8091541162553,1399.8091541162553
2002-03-03,1404.5,1404.5,230.4553159557489,230.4553159557489,1400.0059484762219,1400.0059484762219
2002-03-04,1404.5,1404.5,230.56664711246856,230.56664711246856,1400.2243835885167,1400.2243835885167
2002-03-05,1404.5,1404.5,231.2202103834979,231.2202103834979,1396.8157333018555,1396.8157333018555
2002-03-06,1404.5,1404.5,232.3962078994187,232.3962078994187,1389.0171503751324,1389.0171503751324
2002-03-07,1404.5,1404.5,233.88895782124058,233.88895782124058,1377.8801687763714,1377.8801687763714
2002-03-08,1404.5,1404.5,234.09665423760728,234.09665423760728,1377.8801687763714,1377.8801687763714
2002-03-09,1404.5,1404.5,234.238123041895,234.238123041895,1377.8801687763714,1377.8801687763714
2002-03-10,1404.5,1404.5,234.38678680877484,234.38678680877484,1377.8801687763714,1377.8801687763714
2002-03-11,1404.5,1404.5,234.54508152225796,234.54508152225796,1377.8801687763714,1377.8801687763714
2002-03-12,1404.5,1404.5,234.6669780178834,234.6669780178834,1378.1431782300506,1378.1431782300506
2002-03-13,1404.5,1404.5,234.76768084053458,234.76768084053458,1378.408593505713,1378.408593505713
2002-03-14,1404.5,1404.5,234.8565059565328,234.8565059565328,1378.6504018838143,1378.6504018838143
2002-03-15,1404.5,1404.5,234.9435488470998,234.9435488470998,1378.8858134492996,1378.8858134492996
2002-03-16,1404.5,1404.5,235.03027342139774,235.03027342139774,1379.1206950249073,1379.1206950249073
2002-03-17,1404.5,1404.5,235.12313995703687,235.12313995703687,1379.3511686352447,1379.3511686352447
2002-03-18,1404.5,1404.5,235.20807520486898,235.20807520486898,1379.5715668964303,1379.5715668964303
2002-03-19,1404.5,1404.5,235.28884882451268,235.28884882451268,1379.7837789365105,1379.7837789365105
2002-03-20,1404.5,1404.5,235.36258283148547,235.36258283148547,1379.999139523249,1379.999139523249
2002-03-21,1404.5,1404.5,235.42514907090106,235.42514907090106,1380.2182783658227,1380.2182783658227
2002-03-22,1404.5,1404.5,235.48451931599303,235.48451931599303,1380.4908483211898,1380.4908483211898
2002-03-23,1404.5,1404.5,235.61776542948732,235.61776542948732,1380.9322745529958,1380.9322745529958
2002-03-24,1404.5,1404.5,235.7738117044557,235.7738117044557,1381.3194896451898,1381.3194896451898
2002-03-25,1404.5,1404.5,235.87314960028294,235.87314960028294,1381.6190403365654,1381.6190403365654
2002-03-26,1404.5,1404.5,235.96897334838454,235.96897334838454,1381.9132501325316,1381.9132501325316
2002-03-27,1404.5,1404.5,236.05737125885327,236.05737125885327,1382.208618889118,1382.208618889118
2002-03-28,1404.5,1404.5,236.14175432639118,236.14175432639118,1382.5548363960802,1382.5548363960802
2002-03-29,1404.5,1404.5,236.2344813681138,236.2344813681138,1383.0712530671983,1383.0712530671983
2002-03-30,1404.5,1404.5,236.33844110124477,236.33844110124477,1383.7345840614894,1383.7345840614894
2002-03-31,1404.5,1404.5,236.4533926679114,236.4533926679114,1384.3845663839186,1384.3845663839186
2002-04-01,1404.5,1404.5,236.57908260420828,236.57908260420828,1385.1641645223815,1385.1641645223815
2002-04-02,1404.5,1404.5,236.7014213015999,236.7014213015999,1385.8463270364148,1385.8463270364148
2002-04-03,1404.5,1404.5,236.82588849626006,236.82588849626006,1386.5969545370556,1386.5969545370556
2002-04-04,1404.5,1404.5,236.95720477054803,236.95720477054803,1387.4545967898964,1387.4545967898964
2002-04-05,1404.5,1404.5,237.08774822320478,237.08774822320478,1388.3705787486927,1388.3705787486927
2002-04-06,1404.5,1404.5,237.20156730543675,237.20156730543675,1389.1941685689335,1389.1941685689335
2002-04-07,1404.5,1404.5,237.27510929596835,237.27510929596835,1389.8823359019557,1389.8823359019557
2002-04-08,1404.5,1404.5,237.33716181160023,237.33716181160023,1390.4922970322978,1390.4922970322978
2002-04-09,1404.5,1404.5,237.43396895428052,237.43396895428052,1391.2509658024414,1391.2509658024414
2002-04-10,1404.5,1404.5,237.4874506437048,237.4874506437048,1391.8030081631605,1391.8030081631605
2002-04-11,1404.5,1404.5,237.55929744279447,237.55929744279447,1392.398301253505,1392.398301253505
2002-04-12,1404.5,1404.5,237.64075992539733,237.64075992539733,1393.2003644433646,1393.2003644433646
2002-04-13,1404.5,1404.5,237.7234661433852,237.7234661433852,1393.9207511372842,1393.9207511372842
2002-04-14,1404.5,1404.5,237.80062477217635,237.80062477217635,1394.7450031085618,1394.7450031085618
2002-04-15,1404.5,1404.5,237.8805620697603,237.8805620697603,1395.6321308563613,1395.6321308563613
2002-04-16,1404.5,1404.5,237.92481232012645,237.92481232012645,1396.154073108605,1396.154073108605
2002-04-17,1404.5,1404.5,237.9517309201442,237.9517309201442,1396.6128070377417,1396.6128070377417
2002-04-18,1404.5,1404.5,237.94001754537229,237.94001754537229,1397.0678982576899,1397.0678982576899
2002-04-19,1404.5,1404.5,237.91236790335745,237.91236790335745,1397.511868905085,1397.511868905085
2002-04-20,1404.5,1404.5,237.8773262325724,237.8773262325724,1397.9506022988419,1397.9506022988419
2002-04-21,1404.5,1404.5,237.84530225737342,237.84530225737342,1398.3855142843738,1398.3855142843738
2002-04-22,1404.5,1404.5,237.80997939650197,237.80997939650197,1398.8135463608023,1398.8135463608023
2002-04-23,1404.5,1404.5,237.77432287617853,237.77432287617853,1399.271008778313,1399.271008778313
2002-04-24,1404.5,1404.5,237.74044477800882,237.74044477800882,1399.8058272183434,1399.8058272183434
2002-04-25,1404.5,1404.5,237.70915891318378,237.70915891318378,1400.3197241360942,1400.3197241360942
2002-04-26,1404.5,1404.5,237.69090042676078,237.69090042676078,1400.8866946394953,1400.8866946394953
2002-04-27,1404.5,1404.5,237.67203636423997,237.67203636423997,1401.4612529749847,1401.4612529749847
2002-04-28,1404.5,1404.5,237.63385043179466,237.63385043179466,1401.9284819767872,1401.9284819767872
2002-04-29,1404.5,1404.5,237.5899223832554,237.5899223832554,1402.3803715041959,1402.3803715041959
2002-04-30,1404.5,1404.5,237.7204782503835,237.7204782503835,1401.8175737380118,1401.8175737380118
2002-05-01,1404.5,1404.5,237.965812324576,237.965812324576,1400.160048730346,1400.160048730346
2002-05-02,1404.5,1404.5,238.4823115456553,238.4823115456553,1396.402145499751,1396.402145499751
2002-05-03,1404.5,1404.5,239.5648679796184,239.5648679796184,1387.3953596339863,1387.3953596339863
2002-05-04,1404.5,1404.5,240.53600547682368,240.53600547682368,1377.8801687763714,1377.8801687763714
2002-05-05,1404.5,1404.5,240.5591204920391,240.5591204920391,1377.8801687763714,1377.8801687763714
2002-05-06,1404.5,1404.5,240.59467513658657,240.59467513658657,1377.8801687763714,1377.8801687763714
2002-05-07,1404.5,1404.5,240.565881328129,240.565881328129,1378.7666462236666,1378.7666462236666
2002-05-08,1404.5,1404.5,240.53684755766977,240.53684755766977,1379.8247181676497,1379.8247181676497
2002-05-09,1404.5,1404.5,240.50578278714605,240.50578278714605,1380.8643682516497,1380.8643682516497
2002-05-10,1404.5,1404.5,240.4746216452237,240.4746216452237,1381.851122752924,1381.851122752924
2002-05-11,1404.5,1404.5,240.4427964309599,240.4427964309599,1382.8766739962361,1382.8766739962361
2002-05-12,1404.5,1404.5,240.40964370949828,240.40964370949828,1383.839083730448,1383.839083730448
2002-05-13,1404.5,1404.5,240.3885223808132,240.3885223808132,1384.7759862440482,1384.7759862440482
2002-05-14,1404.5,1404.5,240.38281967775055,240.38281967775055,1385.7956866937518,1385.7956866937518
2002-05-15,1404.5,1404.5,240.38773636691496,240.38773636691496,1386.8569567976408,1386.8569567976408
2002-05-16,1404.5,1404.5,240.41024897033796,240.41024897033796,1387.9963192122334,1387.9963192122334
2002-05-17,1404.5,1404.5,240.428275067333,240.428275067333,1389.1736242375039,1389.1736242375039
2002-05-18,1404.5,1404.5,240.46661339610597,240.46661339610597,1390.325526069853,1390.325526069853
2002-05-19,1404.5,1404.5,240.5065747436339,240.5065747436339,1391.4203365569365,1391.4203365569365
2002-05-20,1404.5,1404.5,240.6000654671142,240.6000654671142,1392.408262078358,1392.408262078358
2002-05-21,1404.5,1404.5,240.70790256473373,240.70790256473373,1393.2778585567257,1393.2778585567257
2002-05-22,1404.5,1404.5,240.70637672930195,240.70637672930195,1393.9021594399767,1393.9021594399767
2002-05-23,1404.5,1404.5,240.6926456139402,240.6926456139402,1394.528896273562,1394.528896273562
2002-05-24,1404.5,1404.5,240.6871790712373,240.6871790712373,1395.192744682117,1395.192744682117
2002-05-25,1404.5,1404.5,240.67926570604237,240.67926570604237,1395.8970229560869,1395.8970229560869
2002-05-26,1404.5,1404.5,240.6751400121034,240.6751400121034,1396.6260198517052,1396.6260198517052
2002-05-27,1404.5,1404.5,240.68545692180595,240.68545692180595,1397.463856712298,1397.463856712298
2002-05-28,1404.5,1404.5,240.6898918932861,240.6898918932861,1398.2882600242158,1398.2882600242158
2002-05-29,1404.5,1404.5,240.6835197304924,240.6835197304924,1399.119292578994,1399.119292578994
2002-05-30,1404.5,1404.5,240.67044457391577,240.67044457391577,1399.9176016772826,1399.9176016772826
2002-05-31,1404.5,1404.5,240.65407882764455,240.65407882764455,1400.6213531396322,1400.6213531396322
2002-06-01,1404.5,1404.5,240.63905163718695,240.63905163718695,1401.3534985777233,1401.3534985777233
2002-06-02,1404.5,1404.5,240.80625932062708,240.80625932062708,1400.6078504691661,1400.6078504691661
2002-06-03,1404.5,1404.5,240.96079579264702,240.96079579264702,1399.715197879409,1399.715197879409
2002-06-04,1404.5,1404.5,241.11211965801024,241.11211965801024,1398.8120246933242,1398.8120246933242
2002-06-05,1404.5,1404.5,241.08808713136798,241.08808713136798,1399.2944241952312,1399.2944241952312
2002-06-06,1404.5,1404.5,241.06210279696768,241.06210279696768,1399.7691423917277,1399.7691423917277
2002-06-07,1404.5,1404.5,241.25691806456769,241.25691806456769,1398.8298471259113,1398.8298471259113
2002-06-08,1404.5,1404.5,241.33306113020146,241.33306113020146,1399.2595100957208,1399.2595100957208
2002-06-09,1404.5,1404.5,241.41626008519293,241.41626008519293,1399.6619739868984,1399.6619739868984
2002-06-10,1404.5,1404.5,241.63978832982954,241.63978832982954,1398.5647673389856,1398.5647673389856
2002-06-11,1404.5,1404.5,241.6860301224604,241.6860301224604,1398.8770295029897,1398.8770295029897
2002-06-12,1404.5,1404.5,241.7292582758261,241.7292582758261,1399.2069256784496,1399.2069256784496
2002-06-13,1404.5,1404.5,241.74644374739464,241.74644374739464,1399.5433688333565,1399.5433688333565
2002-06-14,1404.5,1404.5,241.93770378867384,241.93770378867384,1398.4670131072944,1398.4670131072944
2002-06-15,1404.5,1404.5,241.96109875364334,241.96109875364334,1398.7597695944323,1398.7597695944323
2002-06-16,1404.5,1404.5,241.97014258356683,241.97014258356683,1399.008850410859,1399.008850410859
2002-06-17,1404.5,1404.5,241.96601286513675,241.96601286513675,1399.2448845548872,1399.2448845548872
2002-06-18,1404.5,1404.5,241.9353947187871,241.9353947187871,1399.5632551391395,1399.5632551391395
2002-06-19,1404.5,1404.5,242.0629408332007,242.0629408332007,1398.4560891669355,1398.4560891669355
2002-06-20,1404.5,1404.5,242.02438976613814,242.02438976613814,1398.6567123287118,1398.6567123287118
2002-06-21,1404.5,1404.5,241.97876970628536,241.97876970628536,1398.8537807562782,1398.8537807562782
2002-06-22,1404.5,1404.5,241.93216460998548,241.93216460998548,1399.0096093169268,1399.0096093169268
2002-06-23,1404.5,1404.5,241.87363133258734,241.87363133258734,1399.140810414323,1399.140810414323
2002-06-24,1404.5,1404.5,241.81050627177592,241.81050627177592,1399.275091731564,1399.275091731564
2002-06-25,1404.5,1404.5,241.7468158173312,241.7468158173312,1399.3886104311548,1399.3886104311548
2002-06-26,1404.5,1404.5,241.6700214730814,241.6700214730814,1399.4946463187791,1399.4946463187791
2002-06-27,1404.5,1404.5,241.76401795731027,241.76401795731027,1398.1986234189912,1398.1986234189912
2002-06-28,1404.5,1404.5,241.68372601070084,241.68372601070084,1398.2873738955122,1398.2873738955122
2002-06-29,1404.5,1404.5,241.59671110441553,241.59671110441553,1398.3703631180117,1398.3703631180117
2002-06-30,1404.5,1404.5,241.51467217949488,241.51467217949488,1398.4434122807484,1398.4434122807484
2002-07-01,1404.5,1404.5,241.42277372107642,241.42277372107642,1398.5031992326858,1398.5031992326858
2002-07-02,1404.5,1404.5,241.3030288093861,241.3030288093861,1398.5860617101873,1398.5860617101873
2002-07-03,1404.5,1404.5,241.18841486554436,241.18841486554436,1398.5934909719178,1398.5934909719178
2002-07-04,1404.5,1404.5,241.06413638797784,241.06413638797784,1398.5961674625905,1398.5961674625905
2002-07-05,1404.5,1404.5,240.93708870390262,240.93708870390262,1398.5950782389657,1398.5950782389657
2002-07-06,1404.5,1404.5,240.8163842851868,240.8163842851868,1398.587990317985,1398.587990317985
2002-07-07,1404.5,1404.5,240.67972763898828,240.67972763898828,1398.5772747640863,1398.5772747640863
2002-07-08,1404.5,1404.5,240.5422195582721,240.5422195582721,1398.5611157656103,1398.5611157656103
2002-07-09,1404.5,1404.5,240.40215469691657,240.40215469691657,1398.5399669428455,1398.5399669428455
2002-07-10,1404.5,1404.5,240.2609761146115,240.2609761146115,1398.5151891568435,1398.5151891568435
2002-07-11,1404.5,1404.5,240.11606336955856,240.11606336955856,1398.4882542130088,1398.4882542130088
2002-07-12,1404.5,1404.5,239.97254421886987,239.97254421886987,1398.4552171438152,1398.4552171438152
2002-07-13,1404.5,1404.5,239.82255740159803,239.82255740159803,1398.4186631420564,1398.4186631420564
2002-07-14,1404.5,1404.5,239.67380738381422,239.67380738381422,1398.3802767444254,1398.3802767444254
2002-07-15,1404.5,1404.5,239.52662393124078,239.52662393124078,1398.3396222447943,1398.3396222447943
2002-07-16,1404.5,1404.5,239.37138610281934,239.37138610281934,1398.3695611905268,1398.3695611905268
2002-07-17,1404.5,1404.5,239.2272929498926,239.2272929498926,1398.3259581583698,1398.3259581583698
2002-07-18,1404.5,1404.5,239.08924297980266,239.08924297980266,1398.28031383445,1398.28031383445
2002-07-19,1404.5,1404.5,238.94887085294138,238.94887085294138,1398.2335621536122,1398.2335621536122
2002-07-20,1404.5,1404.5,238.80999527058216,238.80999527058216,1398.1847526857955,1398.1847526857955
2002-07-21,1404.5,1404.5,238.6679545488353,238.6679545488353,1398.1345561947876,1398.1345561947876
2002-07-22,1404.5,1404.5,238.5274286969603,238.5274286969603,1398.0823060406974,1398.0823060406974
2002-07-23,1404.5,1404.5,238.3797316054115,238.3797316054115,1398.0282697396742,1398.0282697396742
2002-07-24,1404.5,1404.5,238.23360880013695,238.23360880013695,1397.9726457671768,1397.9726457671768
2002-07-25,1404.5,1404.5,238.0847125543127,238.0847125543127,1397.9161145539165,1397.9161145539165
2002-07-26,1404.5,1404.5,237.9374044666286,237.9374044666286,1397.8577688591304,1397.8577688591304
2002-07-27,1404.5,1404.5,237.79166941209027,237.79166941209027,1397.797260951484,1397.797260951484
2002-07-28,1404.5,1404.5,237.64424527489646,237.64424527489646,1397.7352862936464,1397.7352862936464
2002-07-29,1404.5,1404.5,237.49839717458872,237.49839717458872,1397.6717485742188,1397.6717485742188
2002-07-30,1404.5,1404.5,237.34494435210937,237.34494435210937,1397.6790065005075,1397.6790065005075
2002-07-31,1404.5,1404.5,237.2026392311884,237.2026392311884,1397.612949259144,1397.612949259144
2002-08-01,1404.5,1404.5,237.06186132403815,237.06186132403815,1397.5461950032272,1397.5461950032272
2002-08-02,1404.5,1404.5,236.9241425309462,236.9241425309462,1397.5019115405444,1397.5019115405444
2002-08-03,1404.5,1404.5,236.78953036452654,236.78953036452654,1397.4512773923357,1397.4512773923357
2002-08-04,1404.5,1404.5,236.65241771944147,236.65241771944147,1397.399736003364,1397.399736003364
2002-08-05,1404.5,1404.5,236.51679389199546,236.51679389199546,1397.3475494802467,1397.3475494802467
2002-08-06,1404.5,1404.5,236.37598292703134,236.37598292703134,1397.2942678385914,1397.2942678385914
2002-08-07,1404.5,1404.5,236.2367010509431,236.2367010509431,1397.2400769416897,1397.2400769416897
2002-08-08,1404.5,1404.5,236.09893396059402,236.09893396059402,1397.1853602099552,1397.1853602099552
2002-08-09,1404.5,1404.5,235.95797459935002,235.95797459935002,1397.129936282786,1397.129936282786
2002-08-10,1404.5,1404.5,235.81854637688392,235.81854637688392,1397.074071768933,1397.074071768933
2002-08-11,1404.5,1404.5,235.68165780012984,235.68165780012984,1397.0173137454358,1397.0173137454358
2002-08-12,1404.5,1404.5,235.54625920281876,235.54625920281876,1396.95928826023,1396.95928826023
2002-08-13,1404.5,1404.5,235.40583209272447,235.40583209272447,1396.9723554008167,1396.9723554008167
2002-08-14,1404.5,1404.5,235.2764413628503,235.2764413628503,1396.9121952245048,1396.9121952245048
2002-08-15,1404.5,1404.5,235.1484675791939,235.1484675791939,1396.85112780743,1396.85112780743
2002-08-16,1404.5,1404.5,235.02189723828613,235.02189723828613,1396.789153149592,1396.789153149592
2002-08-17,1404.5,1404.5,234.89671690051304,234.89671690051304,1396.726271250806,1396.726271250806
2002-08-18,1404.5,1404.5,234.76305773414416,234.76305773414416,1396.6628145825791,1396.6628145825791
2002-08-19,1404.5,1404.5,234.62317826719573,234.62317826719573,1396.5987986329783,1396.5987986329783
2002-08-20,1404.5,1404.5,234.47790102594206,234.47790102594206,1396.5341022526663,1396.5341022526663
2002-08-21,1404.5,1404.5,234.33529942814653,234.33529942814653,1396.4689522520657,1396.4689522520657
2002-08-22,1404.5,1404.5,234.19778516771245,234.19778516771245,1396.4038022514649,1396.4038022514649
2002-08-23,1404.5,1404.5,234.06247685887234,234.06247685887234,1396.338376885925,1396.338376885925
2002-08-24,1404.5,1404.5,233.93081538115186,233.93081538115186,1396.2727732648502,1396.2727732648502
2002-08-25,1404.5,1404.5,233.80061198130352,233.80061198130352,1396.20683417307,1396.20683417307
2002-08-26,1404.5,1404.5,233.671852099575,233.671852099575,1396.1403233112324,1396.1403233112324
2002-08-27,1404.5,1404.5,233.53878523758192,233.53878523758192,1396.1457667559953,1396.1457667559953
2002-08-28,1404.5,1404.5,233.4177569532891,233.4177569532891,1396.0783486533944,1396.0783486533944
2002-08-29,1404.5,1404.5,233.29323048537054,233.29323048537054,1396.0131986527938,1396.0131986527938
2002-08-30,1404.5,1404.5,233.17008223820778,233.17008223820778,1395.9401722256605,1395.9401722256605
2002-08-31,1404.5,1404.5,233.04870544802876,233.04870544802876,1395.8654906307052,1395.8654906307052
2002-09-01,1404.5,1404.5,232.92782242034983,232.92782242034983,1395.7903099017199,1395.7903099017199
2002-09-02,1404.5,1404.5,232.80792264388128,232.80792264388128,1395.7261101238448,1395.7261101238448
2002-09-03,1404.5,1404.5,232.68936024819047,232.68936024819047,1395.6614112117356,1395.6614112117356
2002-09-04,1404.5,1404.5,232.57430859697857,232.57430859697857,1395.5964627327135,1395.5964627327135
2002-09-05,1404.5,1404.5,232.46061507524476,232.46061507524476,1395.53026641831,1395.53026641831
2002-09-06,1404.5,1404.5,232.3562579302183,232.3562579302183,1395.5389402251506,1395.5389402251506
2002-09-07,1404.5,1404.5,232.25763071968504,232.25763071968504,1395.477236118038,1395.477236118038
2002-09-08,1404.5,1404.5,232.1599081612446,232.1599081612446,1395.4377939482767,1395.4377939482767
2002-09-09,1404.5,1404.5,232.0697261566893,232.0697261566893,1395.3710984996392,1395.3710984996392
2002-09-10,1404.5,1404.5,231.96750406509352,231.96750406509352,1395.3839561951108,1395.3839561951108
2002-09-11,1404.5,1404.5,231.8770092099506,231.8770092099506,1395.316761612443,1395.316761612443
2002-09-12,1404.5,1404.5,231.78755797187608,231.78755797187608,1395.2490678955412,1395.2490678955412
2002-09-13,1404.5,1404.5,231.69983370071432,231.69983370071432,1395.1813741786395,1395.1813741786395
2002-09-14,1404.5,1404.5,231.61679722996917,231.61679722996917,1395.1131813277077,1395.1131813277077
2002-09-15,1404.5,1404.5,231.5406534288336,231.5406534288336,1395.0444893425415,1395.0444893425415
2002-09-16,1404.5,1404.5,231.46540973514152,231.46540973514152,1394.9752982231414,1394.9752982231414
2002-09-17,1404.5,1404.5,231.38507067201735,231.38507067201735,1394.9061071037413,1394.9061071037413
2002-09-18,1404.5,1404.5,231.30567372278747,231.30567372278747,1394.836416850311,1394.836416850311
2002-09-19,1404.5,1404.5,231.2272094754912,231.2272094754912,1394.7662274626468,1394.7662274626468
2002-09-20,1404.5,1404.5,231.14966859662675,231.14966859662675,1394.6955389409522,1394.6955389409522
2002-09-21,1404.5,1404.5,231.07304184820865,231.07304184820865,1394.6248504192579,1394.6248504192579
2002-09-22,1404.5,1404.5,231.00547280096376,231.00547280096376,1394.5536627633294,1394.5536627633294
2002-09-23,1404.5,1404.5,230.93871814999156,230.93871814999156,1394.4819759733707,1394.4819759733707
2002-09-24,1404.5,1404.5,230.86592632615043,230.86592632615043,1394.4899621196885,1394.4899621196885
2002-09-25,1404.5,1404.5,230.80456741712496,230.80456741712496,1394.4177761954957,1394.4177761954957
2002-09-26,1404.5,1404.5,230.74100512713244,230.74100512713244,1394.3455902713029,1394.3455902713029
2002-09-27,1404.5,1404.5,230.6782171676278,230.6782171676278,1394.27340434711,1394.27340434711
2002-09-28,1404.5,1404.5,230.61619580473598,230.61619580473598,1394.2012184229172,1394.2012184229172
2002-09-29,1404.5,1404.5,230.5587410647338,230.5587410647338,1394.1285333646945,1394.1285333646945
2002-09-30,1404.5,1404.5,230.5018125925232,230.5018125925232,1394.055686919649,1394.055686919649
2002-10-01,1404.5,1404.5,230.44643414902694,230.44643414902694,1394.038405751008,1394.038405751008
2002-10-02,1404.5,1404.5,230.34786768130235,230.34786768130235,1393.9903041469188,1393.9903041469188
2002-10-03,1404.5,1404.5,230.25024492772178,230.25024492772178,1393.9198739328865,1393.9198739328865
2002-10-04,1404.5,1404.5,230.15367483322936,230.15367483322936,1393.8472862131187,1393.8472862131187
2002-10-05,1404.5,1404.5,230.05867911223535,230.05867911223535,1393.7746011548957,1393.7746011548957
2002-10-06,1404.5,1404.5,229.96476305843714,229.96476305843714,1393.701916096673,1393.701916096673
2002-10-07,1404.5,1404.5,229.87191586760184,229.87191586760184,1393.62923103845,1393.62923103845
2002-10-08,1404.5,1404.5,229.76945381030384,229.76945381030384,1393.6362189165036,1393.6362189165036
2002-10-09,1404.5,1404.5,229.68587750755944,229.68587750755944,1393.5635333898658,1393.5635333898658
2002-10-10,1404.5,1404.5,229.60103223166502,229.60103223166502,1393.490349197409,1393.490349197409
2002-10-11,1404.5,1404.5,229.51937748847257,229.51937748847257,1393.417165004952,1393.417165004952
2002-10-12,1404.5,1404.5,229.44439611187119,229.44439611187119,1393.343980812495,1393.343980812495
2002-10-13,1404.5,1404.5,229.368118154855,229.368118154855,1393.270796620038,1393.270796620038
2002-10-14,1404.5,1404.5,229.2920277649658,229.2920277649658,1393.197612427581,1393.197612427581
2002-10-15,1404.5,1404.5,229.2210747065549,229.2210747065549,1393.124428235124,1393.124428235124
2002-10-16,1404.5,1404.5,229.1525149134211,229.1525149134211,1393.0507836974964,1393.0507836974964
2002-10-17,1404.5,1404.5,229.08752008104312,229.08752008104312,1392.9771003710093,1392.9771003710093
2002-10-18,1404.5,1404.5,229.02527023348148,229.02527023348148,1392.9034170445223,1392.9034170445223
2002-10-19,1404.5,1404.5,228.9680595859442,228.9680595859442,1392.8296614093697,1392.8296614093697
2002-10-20,1404.5,1404.5,228.9061263195075,228.9061263195075,1392.7554789486485,1392.7554789486485
2002-10-21,1404.5,1404.5,228.85267531601713,228.85267531601713,1392.6811094809004,1392.6811094809004
2002-10-22,1404.5,1404.5,228.79623641564342,228.79623641564342,1392.6861008222215,1392.6861008222215
2002-10-23,1404.5,1404.5,228.76298194077134,228.76298194077134,1392.6114192272662,1392.6114192272662
2002-10-24,1404.5,1404.5,228.7275098292718,228.7275098292718,1392.536238498281,1392.536238498281
2002-10-25,1404.5,1404.5,228.70056134044987,228.70056134044987,1392.4607694424928,1392.4607694424928
2002-10-26,1404.5,1404.5,228.67385197470503,228.67385197470503,1392.3850895792732,1392.3850895792732
2002-10-27,1404.5,1404.5,228.6451587282538,228.6451587282538,1392.309035365582,1392.309035365582
2002-10-28,1404.5,1404.5,228.6160212964904,228.6160212964904,1392.2328563683325,1392.2328563683325
2002-10-29,1404.5,1404.5,228.5877291305124,228.5877291305124,1392.1566773710829,1392.1566773710829
2002-10-30,1404.5,1404.5,228.55705212555876,228.55705212555876,1392.0799992395991,1392.0799992395991
2002-10-31,1404.5,1404.5,228.5269022513142,228.5269022513142,1392.0033211081154,1392.0033211081154
2002-11-01,1404.5,1404.5,228.5028696765401,228.5028696765401,1391.9263934097187,1391.9263934097187
2002-11-02,1404.5,1404.5,228.49230940041653,228.49230940041653,1391.7695432082853,1391.7695432082853
2002-11-03,1404.5,1404.5,228.50237485117856,228.50237485117856,1391.45334713537,1391.45334713537
2002-11-04,1404.5,1404.5,228.5653731891988,228.5653731891988,1390.8184593202047,1390.8184593202047
2002-11-05,1404.5,1404.5,228.53836939371007,228.53836939371007,1390.8209549909673,1390.8209549909673
2002-11-06,1404.5,1404.5,228.51706187226523,228.51706187226523,1390.8234506617298,1390.8234506617298
2002-11-07,1404.5,1404.5,228.49511307435088,228.49511307435088,1390.9478530402348,1390.9478530402348
2002-11-08,1404.5,1404.5,228.6784056398285,228.6784056398285,1392.174936514469,1392.174936514469
2002-11-09,1404.5,1404.5,229.9857928486439,229.9857928486439,1396.397191010414,1396.397191010414
2002-11-10,1404.5,1404.5,230.42870779409833,230.42870779409833,1398.1847192722287,1398.1847192722287
2002-11-11,1404.5,1404.5,230.41355189929604,230.41355189929604,1398.3019567747301,1398.3019567747301
2002-11-12,1404.5,1404.5,230.39042228434178,230.39042228434178,1398.3545767399064,1398.3545767399064
2002-11-13,1404.5,1404.5,230.37598779745775,230.37598779745775,1398.427156002423,1398.427156002423
2002-11-14,1404.5,1404.5,230.35720992529,230.35720992529,1398.640239369642,1398.640239369642
2002-11-15,1404.5,1404.5,230.33302589370678,230.33302589370678,1398.7817689314384,1398.7817689314384
2002-11-16,1404.5,1404.5,230.30931016365685,230.30931016365685,1398.9260202155233,1398.9260202155233
2002-11-17,1404.5,1404.5,230.28667943545935,230.28667943545935,1399.0743540831343,1399.0743540831343
2002-11-18,1404.5,1404.5,230.2651123635132,230.2651123635132,1399.1979573917454,1399.1979573917454
2002-11-19,1404.5,1404.5,230.24305961150296,230.24305961150296,1399.305565770581,1399.305565770581
2002-11-20,1404.5,1404.5,230.22393361091662,230.22393361091662,1399.4362166906449,1399.4362166906449
2002-11-21,1404.5,1404.5,230.20009732541968,230.20009732541968,1399.549870592031,1399.549870592031
2002-11-22,1404.5,1404.5,230.1765587577924,230.1765587577924,1399.6306150214139,1399.6306150214139
2002-11-23,1404.5,1404.5,230.15401884465973,230.15401884465973,1399.731318747952,1399.731318747952
2002-11-24,1404.5,1404.5,230.13841677402928,230.13841677402928,1399.7980009452317,1399.7980009452317
2002-11-25,1404.5,1404.5,230.121960822787,230.121960822787,1399.8515281513562,1399.8515281513562
2002-11-26,1404.5,1404.5,230.097675416195,230.097675416195,1399.8991582922438,1399.8991582922438
2002-11-27,1404.5,1404.5,230.0779833702777,230.0779833702777,1399.9406398150188,1399.9406398150188
2002-11-28,1404.5,1404.5,230.05364772291236,230.05364772291236,1400.0130802420917,1400.0130802420917
2002-11-29,1404.5,1404.5,230.03786115133215,230.03786115133215,1400.0634472260372,1400.0634472260372
2002-11-30,1404.5,1404.5,230.01868812419292,230.01868812419292,1400.126954080739,1400.126954080739
2002-12-01,1404.5,1404.5,229.9968236752779,229.9968236752779,1400.1805458932802,1400.1805458932802
2002-12-02,1404.5,1404.5,229.9792864408043,229.9792864408043,1400.2426918867452,1400.2426918867452
2002-12-03,1404.5,1404.5,229.9513970301254,229.9513970301254,1400.312095806499,1400.312095806499
2002-12-04,1404.5,1404.5,229.92900879739483,229.92900879739483,1400.376963522253,1400.376963522253
2002-12-05,1404.5,1404.5,229.9050546064096,229.9050546064096,1400.4443802919154,1400.4443802919154
2002-12-06,1404.5,1404.5,229.88641880939483,229.88641880939483,1400.5155430880795,1400.5155430880795
2002-12-07,1404.5,1404.5,229.8656065471702,229.8656065471702,1400.5767818407817,1400.5767818407817
2002-12-08,1404.5,1404.5,229.84375887147303,229.84375887147303,1400.634845250721,1400.634845250721
2002-12-09,1404.5,1404.5,229.82747582383806,229.82747582383806,1400.6987764599885,1400.6987764599885
2002-12-10,1404.5,1404.5,229.8059692156126,229.8059692156126,1400.7690876205052,1400.7690876205052
2002-12-11,1404.5,1404.5,229.78268903396165,229.78268903396165,1400.8376369779094,1400.8376369779094
2002-12-12,1404.5,1404.5,229.7614942333253,229.7614942333253,1400.9070408976631,1400.9070408976631
2002-12-13,1404.5,1404.5,229.75900791563623,229.75900791563623,1401.0585384015994,1401.0585384015994
2002-12-14,1404.5,1404.5,229.86879081871905,229.86879081871905,1401.4891558480736,1401.4891558480736
2002-12-15,1404.5,1404.5,230.09559540241244,230.09559540241244,1401.9567243336023,1401.9567243336023
2002-12-16,1404.5,1404.5,230.48561248790185,230.48561248790185,1402.7599388926806,1402.7599388926806
2002-12-17,1404.5,1404.5,230.91715222849305,230.91715222849305,1403.2519337039257,1403.2519337039257
2002-12-18,1404.5,1404.5,231.0512648051877,231.0512648051877,1403.4330680408998,1403.4330680408998
2002-12-19,1404.5,1404.5,231.03901296863643,231.03901296863643,1403.5001620261592,1403.5001620261592
2002-12-20,1404.5,1404.5,231.0961375180525,231.0961375180525,1403.609404797136,1403.609404797136
2002-12-21,1404.5,1404.5,231.18089747967505,231.18089747967505,1403.776709670819,1403.776709670819
2002-12-22,1404.5,1404.5,231.18274554807365,231.18274554807365,1403.8881667098017,1403.8881667098017
2002-12-23,1404.5,1404.5,231.16236444519356,231.16236444519356,1403.957411143355,1403.957411143355
2002-12-24,1404.5,1404.5,231.14183410747478,231.14183410747478,1404.0270856666375,1404.0270856666375
2002-12-25,1404.5,1404.5,231.12308078495533,231.12308078495533,1404.09676018992,1404.09676018992
2002-12-26,1404.5,1404.5,231.10617091405118,231.10617091405118,1404.1666677940266,1404.1666677940266
2002-12-27,1404.5,1404.5,231.0902235040088,231.0902235040088,1404.242793662015,1404.242793662015
2002-12-28,1404.5,1404.5,231.08455887054447,231.08455887054447,1404.3365532055568,1404.3365532055568
2002-12-29,1404.5,1404.5,231.22979108722885,231.22979108722885,1404.6190915826921,1404.6190915826921
2002-12-30,1404.5,1404.5,231.3043867501969,231.3043867501969,1404.7970515805712,1404.7970515805712
2002-12-31,1404.5,1404.5,231.3377935943615,231.3377935943615,1404.9183368616777,1404.9183368616777
2003-01-01,1404.5,1404.5,231.3526420547638,231.3526420547638,1405.038761963502,1405.038761963502
2003-01-02,1404.5,1404.5,231.34148548495918,231.34148548495918,1405.1088665763377,1405.1088665763377
2003-01-03,1404.5,1404.5,231.33881467057557,231.33881467057557,1405.1871534871073,1405.1871534871073
2003-01-04,1404.5,1404.5,231.34109568523252,231.34109568523252,1405.2761820445078,1405.2761820445078
2003-01-05,1404.5,1404.5,231.35071263288637,231.35071263288637,1405.3983275048968,1405.3983275048968
2003-01-06,1404.5,1404.5,231.36759177544778,231.36759177544778,1405.5247738618739,1405.5247738618739
2003-01-07,1404.5,1404.5,231.5206933622873,231.5206933622873,1404.7357364874583,1404.7357364874583
2003-01-08,1404.5,1404.5,231.80742200876767,231.80742200876767,1403.0127560892438,1403.0127560892438
2003-01-09,1404.5,1404.5,232.38509886523914,232.38509886523914,1399.3488169466848,1399.3488169466848
2003-01-10,1404.5,1404.5,233.58847263970992,233.58847263970992,1391.4593657577054,1391.4593657577054
2003-01-11,1404.5,1404.5,235.22293807654268,235.22293807654268,1377.8801687763714,1377.8801687763714
2003-01-12,1404.5,1404.5,235.2607049415506,235.2607049415506,1377.8801687763714,1377.8801687763714
2003-01-13,1404.5,1404.5,235.30703814417043,235.30703814417043,1377.8801687763714,1377.8801687763714
2003-01-14,1404.5,1404.5,235.3285433173284,235.3285433173284,1378.1280027892954,1378.1280027892954
2003-01-15,1404.5,1404.5,235.34974295078018,235.34974295078018,1378.3723300046204,1378.3723300046204
2003-01-16,1404.5,1404.5,235.3676408027868,235.3676408027868,1378.6021739057805,1378.6021739057805
2003-01-17,1404.5,1404.5,235.38746554622082,235.38746554622082,1378.8410608757426,1378.8410608757426
2003-01-18,1404.5,1404.5,235.40980404217675,235.40980404217675,1379.0943628339494,1379.0943628339494
2003-01-19,1404.5,1404.5,235.43304997994065,235.43304997994065,1379.3607597913629,1379.3607597913629
2003-01-20,1404.5,1404.5,235.4600065165485,235.4600065165485,1379.6624662675233,1379.6624662675233
2003-01-21,1404.5,1404.5,235.4788398101377,235.4788398101377,1379.9546513911266,1379.9546513911266
2003-01-22,1404.5,1404.5,235.49880858153037,235.49880858153037,1380.2679548601518,1380.2679548601518
2003-01-23,1404.5,1404.5,235.51815390756445,235.51815390756445,1380.566969282768,1380.566969282768
2003-01-24,1404.5,1404.5,235.54478664284375,235.54478664284375,1380.9007152213333,1380.9007152213333
2003-01-25,1404.5,1404.5,235.56896498749708,235.56896498749708,1381.2514633115443,1381.2514633115443
2003-01-26,1404.5,1404.5,235.5886673435879,235.5886673435879,1381.590582646422,1381.590582646422
2003-01-27,1404.5,1404.5,235.61105768133226,235.61105768133226,1381.9321210992237,1381.9321210992237
2003-01-28,1404.5,1404.5,235.63781754240208,235.63781754240208,1382.3176424396793,1382.3176424396793
2003-01-29,1404.5,1404.5,235.6609373240924,235.6609373240924,1382.6530433504556,1382.6530433504556
2003-01-30,1404.5,1404.5,235.6811559412205,235.6811559412205,1382.9508958579408,1382.9508958579408
2003-01-31,1404.5,1404.5,235.7041054718609,235.7041054718609,1383.277085284578,1383.277085284578
2003-02-01,1404.5,1404.5,235.73312700020156,235.73312700020156,1383.6532765857214,1383.6532765857214
2003-02-02,1404.5,1404.5,235.74810232278162,235.74810232278162,1383.8716516595925,1383.8716516595925
2003-02-03,1404.5,1404.5,235.7519734876579,235.7519734876579,1384.0425892480296,1384.0425892480296
2003-02-04,1404.5,1404.5,235.84124462432482,235.84124462432482,1384.2122819157073,1384.2122819157073
2003-02-05,1404.5,1404.5,235.9346889502692,235.9346889502692,1384.3808690937149,1384.3808690937149
2003-02-06,1404.5,1404.5,236.02926301782526,236.02926301782526,1384.5477980371036,1384.5477980371036
2003-02-07,1404.5,1404.5,236.12320446936494,236.12320446936494,1384.7091995321407,1384.7091995321407
2003-02-08,1404.5,1404.5,236.21718919487552,236.21718919487552,1384.8693710453185,1384.8693710453185
2003-02-09,1404.5,1404.5,236.31043717012153,236.31043717012153,1385.0274560711184,1385.0274560711184
2003-02-10,1404.5,1404.5,236.40528566389688,236.40528566389688,1385.1805663935147,1385.1805663935147
2003-02-11,1404.5,1404.5,236.49794116021687,236.49794116021687,1385.3325712260148,1385.3325712260148
2003-02-12,1404.5,1404.5,236.58952017626527,236.58952017626527,1385.481812334452,1385.481812334452
2003-02-13,1404.5,1404.5,236.71152160990422,236.71152160990422,1385.6645766706667,1385.6645766706667
2003-02-14,1404.5,1404.5,236.83880940097274,236.83880940097274,1385.8558413263816,1385.8558413263816
2003-02-15,1404.5,1404.5,236.93435107787644,236.93435107787644,1386.0150318420779,1386.0150318420779
2003-02-16,1404.5,1404.5,237.05901264923585,237.05901264923585,1386.2007640695815,1386.2007640695815
2003-02-17,1404.5,1404.5,237.16593519604584,237.16593519604584,1386.370750538563,1386.370750538563
2003-02-18,1404.5,1404.5,237.26318357767556,237.26318357767556,1386.531599288652,1386.531599288652
2003-02-19,1404.5,1404.5,237.3641335390332,237.3641335390332,1386.6952117630296,1386.6952117630296
2003-02-20,1404.5,1404.5,237.46890612786333,237.46890612786333,1386.8621407064186,1386.8621407064186
2003-02-21,1404.5,1404.5,237.56387689254294,237.56387689254294,1387.0235422014555,1387.0235422014555
2003-02-22,1404.5,1404.5,237.65437451127158,237.65437451127158,1387.1834497913555,1387.1834497913555
2003-02-23,1404.5,1404.5,237.74467867818652,237.74467867818652,1387.3426403070519,1387.3426403070519
2003-02-24,1404.5,1404.5,237.83873314844843,237.83873314844843,1387.5001725881298,1387.5001725881298
2003-02-25,1404.5,1404.5,237.94295394845432,237.94295394845432,1387.664890552178,1387.664890552178
2003-02-26,1404.5,1404.5,238.04470983991627,238.04470983991627,1387.8196591089668,1387.8196591089668
2003-02-27,1404.5,1404.5,238.14638925430825,238.14638925430825,1387.976085900374,1387.976085900374
2003-02-28,1404.5,1404.5,238.24591541240636,238.24591541240636,1388.1264324984816,1388.1264324984816
2003-03-01,1404.5,1404.5,238.34082089773267,238.34082089773267,1388.2684879239482,1388.2684879239482
2003-03-02,1404.5,1404.5,238.4284559459117,238.4284559459117,1388.3994981781445,1388.3994981781445
2003-03-03,1404.5,1404.5,238.50362056453517,238.50362056453517,1388.5304987066816,1388.5304987066816
2003-03-04,1404.5,1404.5,238.56920467527314,238.56920467527314,1388.6652679500964,1388.6652679500964
2003-03-05,1404.5,1404.5,238.6424604434377,238.6424604434377,1388.7962684786335,1388.7962684786335
2003-03-06,1404.5,1404.5,238.7043469652997,238.7043469652997,1388.9245052828815,1388.9245052828815
2003-03-07,1404.5,1404.5,238.7601032861639,238.7601032861639,1389.0516365974593,1389.0516365974593
2003-03-08,1404.5,1404.5,238.81395054979117,238.81395054979117,1389.1800264195297,1389.1800264195297
2003-03-09,1404.5,1404.5,238.86272221036043,238.86272221036043,1389.3126851824593,1389.3126851824593
2003-03-10,1404.5,1404.5,238.9223376468893,238.9223376468893,1389.4646900149594,1389.4646900149594
2003-03-11,1404.5,1404.5,238.98031445932324,238.98031445932324,1389.6382518965963,1389.6382518965963
2003-03-12,1404.5,1404.5,239.0425239668598,239.0425239668598,1389.8388982757224,1389.8388982757224
2003-03-13,1404.5,1404.5,239.0981090241961,239.0981090241961,1390.0652178687826,1390.0652178687826
2003-03-14,1404.5,1404.5,239.14747735956163,239.14747735956163,1390.2579454171907,1390.2579454171907
2003-03-15,1404.5,1404.5,239.31839143640505,239.31839143640505,1390.809244785261,1390.809244785261
2003-03-16,1404.5,1404.5,239.5184071492525,239.5184071492525,1391.3812525116723,1391.3812525116723
2003-03-17,1404.5,1404.5,239.61382875761936,239.61382875761936,1391.6218351680402,1391.6218351680402
2003-03-18,1404.5,1404.5,239.69654099305393,239.69654099305393,1391.854079795816,1391.854079795816
2003-03-19,1404.5,1404.5,239.7857917453693,239.7857917453693,1392.0881737083646,1392.0881737083646
2003-03-20,1404.5,1404.5,239.86852858351943,239.86852858351943,1392.3227667549431,1392.3227667549431
2003-03-21,1404.5,1404.5,239.93924915135577,239.93924915135577,1392.5533667284649,1392.5533667284649
2003-03-22,1404.5,1404.5,240.0011753091975,240.0011753091975,1392.7805289704816,1392.7805289704816
2003-03-23,1404.5,1404.5,240.06637331927666,240.06637331927666,1393.0051393342142,1393.0051393342142
2003-03-24,1404.5,1404.5,240.13421425762675,240.13421425762675,1393.2646890878061,1393.2646890878061
2003-03-25,1404.5,1404.5,240.18998134593997,240.18998134593997,1393.4693340858462,1393.4693340858462
2003-03-26,1404.5,1404.5,240.2492588173858,240.2492588173858,1393.677473022913,1393.677473022913
2003-03-27,1404.5,1404.5,240.30355610913932,240.30355610913932,1393.9173554276388,1393.9173554276388
2003-03-28,1404.5,1404.5,240.3410972596281,240.3410972596281,1394.1086851075954,1394.1086851075954
2003-03-29,1404.5,1404.5,240.37385805696292,240.37385805696292,1394.3114366162642,1394.3114366162642
2003-03-30,1404.5,1404.5,240.40550419378232,240.40550419378232,1394.544160471465,1394.544160471465
2003-03-31,1404.5,1404.5,240.44587111471856,240.44587111471856,1394.8685976636589,1394.8685976636589
2003-04-01,1404.5,1404.5,240.49103776922678,240.49103776922678,1395.384164296679,1395.384164296679
2003-04-02,1404.5,1404.5,240.590321825384,240.590321825384,1395.8154161951838,1395.8154161951838
2003-04-03,1404.5,1404.5,240.68325173512386,240.68325173512386,1396.1010519914832,1396.1010519914832
2003-04-04,1404.5,1404.5,240.7394481863641,240.7394481863641,1396.3509968263952,1396.3509968263952
2003-04-05,1404.5,1404.5,240.8091077926872,240.8091077926872,1396.6074091885318,1396.6074091885318
2003-04-06,1404.5,1404.5,240.8567630177743,240.8567630177743,1396.858714884681,1396.858714884681
2003-04-07,1404.5,1404.5,240.90468879417767,240.90468879417767,1397.1105566777537,1397.1105566777537
2003-04-08,1404.5,1404.5,240.9544835659378,240.9544835659378,1397.3663985779026,1397.3663985779026
2003-04-09,1404.5,1404.5,241.00745944744097,241.00745944744097,1397.634034608155,1397.634034608155
2003-04-10,1404.5,1404.5,241.06219645807457,241.06219645807457,1397.9732464375745,1397.9732464375745
2003-04-11,1404.5,1404.5,241.11791952583016,241.11791952583016,1398.3606245048054,1398.3606245048054
2003-04-12,1404.5,1404.5,241.164079145996,241.164079145996,1398.6953826066747,1398.6953826066747
2003-04-13,1404.5,1404.5,241.34185759387432,241.34185759387432,1399.2162212910516,1399.2162212910516
2003-04-14,1404.5,1404.5,241.66188533563383,241.66188533563383,1399.8455714711306,1399.8455714711306
2003-04-15,1404.5,1404.5,241.88586270766095,241.88586270766095,1399.8680586925207,1399.8680586925207
2003-04-16,1404.5,1404.5,242.1330256185058,242.1330256185058,1399.4447456877583,1399.4447456877583
2003-04-17,1404.5,1404.5,242.4907441411329,242.4907441411329,1398.131722317663,1398.131722317663
2003-04-18,1404.5,1404.5,242.97905245342656,242.97905245342656,1394.955680715578,1394.955680715578
2003-04-19,1404.5,1404.5,243.87660692287352,243.87660692287352,1387.4257162474519,1387.4257162474519
2003-04-20,1404.5,1404.5,244.8361339697897,244.8361339697897,1377.8801687763714,1377.8801687763714
2003-04-21,1404.5,1404.5,244.63138649393437,244.63138649393437,1377.8801687763714,1377.8801687763714
2003-04-22,1404.5,1404.5,244.5833358000371,244.5833358000371,1378.4227635349453,1378.4227635349453
2003-04-23,1404.5,1404.5,244.56349817073274,244.56349817073274,1378.9170853494768,1378.9170853494768
2003-04-24,1404.5,1404.5,244.5544765873352,244.5544765873352,1379.3918003059282,1379.3918003059282
2003-04-25,1404.5,1404.5,244.58303815807093,244.58303815807093,1379.906978856443,1379.906978856443
2003-04-26,1404.5,1404.5,244.58861257717874,244.58861257717874,1380.4019303804093,1380.4019303804093
2003-04-27,1404.5,1404.5,244.56211268009972,244.56211268009972,1380.8703291613544,1380.8703291613544
2003-04-28,1404.5,1404.5,244.5874839609937,244.5874839609937,1381.3570944642152,1381.3570944642152
2003-04-29,1404.5,1404.5,244.59910687253833,244.59910687253833,1381.8347194408523,1381.8347194408523
2003-04-30,1404.5,1404.5,244.59148335388932,244.59148335388932,1382.2874804404219,1382.2874804404219
2003-05-01,1404.5,1404.5,244.57570309421178,244.57570309421178,1382.7251284163924,1382.7251284163924
2003-05-02,1404.5,1404.5,244.56105352558893,244.56105352558893,1383.1825614528059,1383.1825614528059
2003-05-03,1404.5,1404.5,244.5727533320337,244.5727533320337,1383.7192828330717,1383.7192828330717
2003-05-04,1404.5,1404.5,244.6358659591269,244.6358659591269,1384.279922032074,1384.279922032074
2003-05-05,1404.5,1404.5,244.6635880575611,244.6635880575611,1384.7840305185111,1384.7840305185111
2003-05-06,1404.5,1404.5,244.6688483492914,244.6688483492914,1385.2488889338258,1385.2488889338258
2003-05-07,1404.5,1404.5,244.67511920181192,244.67511920181192,1385.7345347698629,1385.7345347698629
2003-05-08,1404.5,1404.5,244.69095512261052,244.69095512261052,1386.258134239052,1386.258134239052
2003-05-09,1404.5,1404.5,244.709210621371,244.709210621371,1386.7522719216888,1386.7522719216888
2003-05-10,1404.5,1404.5,244.71438415831227,244.71438415831227,1387.2214106245408,1387.2214106245408
2003-05-11,1404.5,1404.5,244.71376756605815,244.71376756605815,1387.693535446385,1387.693535446385
2003-05-12,1404.5,1404.5,244.70536168754896,244.70536168754896,1388.1954880658518,1388.1954880658518
2003-05-13,1404.5,1404.5,244.6893088278872,244.6893088278872,1388.7505515223334,1388.7505515223334
2003-05-14,1404.5,1404.5,244.67125008205997,244.67125008205997,1389.3254061619964,1389.3254061619964
2003-05-15,1404.5,1404.5,244.6485219675381,244.6485219675381,1389.9486515182475,1389.9486515182475
2003-05-16,1404.5,1404.5,244.6169088624651,244.6169088624651,1390.488714659592,1390.488714659592
2003-05-17,1404.5,1404.5,244.59125163925916,244.59125163925916,1391.1622799362508,1391.1622799362508
2003-05-18,1404.5,1404.5,244.64122043624394,244.64122043624394,1391.9803517192543,1391.9803517192543
2003-05-19,1404.5,1404.5,244.6847251227185,244.6847251227185,1392.8813473945418,1392.8813473945418
2003-05-20,1404.5,1404.5,244.7311235210458,244.7311235210458,1393.8752028051204,1393.8752028051204
2003-05-21,1404.5,1404.5,244.7965952324822,244.7965952324822,1394.9766165001772,1394.9766165001772
2003-05-22,1404.5,1404.5,244.86323693418066,244.86323693418066,1396.106831338772,1396.106831338772
2003-05-23,1404.5,1404.5,244.96219681312522,244.96219681312522,1397.5599509150607,1397.5599509150607
2003-05-24,1404.5,1404.5,245.06896470696572,245.06896470696572,1399.0832417080394,1399.0832417080394
2003-05-25,1404.5,1404.5,245.17866499080276,245.17866499080276,1400.6536590034711,1400.6536590034711
2003-05-26,1404.5,1404.5,245.27752859963945,245.27752859963945,1402.0503341024041,1402.0503341024041
2003-05-27,1404.5,1404.5,245.3532156306572,245.3532156306572,1403.1172571968846,1403.1172571968846
2003-05-28,1404.5,1404.5,245.44120753946657,245.44120753946657,1404.2247380443603,1404.2247380443603
2003-05-29,1404.5,1404.5,245.58351363781463,245.58351363781463,1405.6779224295158,1405.6779224295158
2003-05-30,1404.5,1404.5,245.72063062837958,245.72063062837958,1407.1856780019943,1407.1856780019943
2003-05-31,1404.5,1404.5,245.79791080968,245.79791080968,1408.5020358678883,1408.5020358678883
2003-06-01,1404.5,1404.5,245.84237601019748,245.84237601019748,1409.5384689583216,1409.5384689583216
2003-06-02,1404.5,1404.5,245.88766019044093,245.88766019044093,1410.4422776494805,1410.4422776494805
2003-06-03,1404.5,1404.5,245.9276069607505,245.9276069607505,1411.316541259073,1411.316541259073
2003-06-04,1404.5,1404.5,245.93921267485695,245.93921267485695,1412.2027813188113,1412.2027813188113
2003-06-05,1404.5,1404.5,245.9435163583849,245.9435163583849,1412.9396395974716,1412.9396395974716
2003-06-06,1404.5,1404.5,245.93913477379775,245.93913477379775,1413.592558101279,1413.592558101279
2003-06-07,1404.5,1404.5,245.92707256787327,245.92707256787327,1414.2122243406016,1414.2122243406016
2003-06-08,1404.5,1404.5,246.02066464569427,246.02066464569427,1414.7590763276087,1414.7590763276087
2003-06-09,1404.5,1404.5,246.14128928515387,246.14128928515387,1415.25098388304,1415.25098388304
2003-06-10,1404.5,1404.5,246.22539542629966,246.22539542629966,1415.6801290484816,1415.6801290484816
2003-06-11,1404.5,1404.5,246.2819146254156,246.2819146254156,1416.0846151629594,1416.0846151629594
2003-06-12,1404.5,1404.5,246.32232831948554,246.32232831948554,1416.4615576443236,1416.4615576443236
2003-06-13,1404.5,1404.5,246.34596060647345,246.34596060647345,1416.815069131755,1416.815069131755
2003-06-14,1404.5,1404.5,246.36271520047157,246.36271520047157,1417.158220460939,1417.158220460939
2003-06-15,1404.5,1404.5,246.37538707262019,246.37538707262019,1417.4872346800971,1417.4872346800971
2003-06-16,1404.5,1404.5,246.38280693881345,246.38280693881345,1417.813822623941,1417.813822623941
2003-06-17,1404.5,1404.5,246.3834168307698,246.3834168307698,1418.1301250067202,1418.1301250067202
2003-06-18,1404.5,1404.5,246.36530147942943,246.36530147942943,1418.4897709013155,1418.4897709013155
2003-06-19,1404.5,1404.5,246.3536454183525,246.3536454183525,1418.7709197998913,1418.7709197998913
2003-06-20,1404.5,1404.5,246.3205353369618,246.3205353369618,1418.9982593762659,1418.9982593762659
2003-06-21,1404.5,1404.5,246.27031129155694,246.27031129155694,1419.2023982777282,1419.2023982777282
2003-06-22,1404.5,1404.5,246.2127556441165,246.2127556441165,1419.3706358574689,1419.3706358574689
2003-06-23,1404.5,1404.5,246.14298189410204,246.14298189410204,1419.5263802639774,1419.5263802639774
2003-06-24,1404.5,1404.5,246.0735992365613,246.0735992365613,1419.680382358615,1419.680382358615
2003-06-25,1404.5,1404.5,245.98895686156382,245.98895686156382,1419.8215719105901,1419.8215719105901
2003-06-26,1404.5,1404.5,245.90318098312486,245.90318098312486,1419.971823162707,1419.971823162707
2003-06-27,1404.5,1404.5,245.82062109528292,245.82062109528292,1420.1589086681875,1420.1589086681875
2003-06-28,1404.5,1404.5,245.74376522049093,245.74376522049093,1420.3332967905155,1420.3332967905155
2003-06-29,1404.5,1404.5,245.66376041662176,245.66376041662176,1420.4583099139345,1420.4583099139345
2003-06-30,1404.5,1404.5,245.57942313280483,245.57942313280483,1420.5759074554207,1420.5759074554207
2003-07-01,1404.5,1404.5,245.48784129687388,245.48784129687388,1420.6620621075865,1420.6620621075865
2003-07-02,1404.5,1404.5,245.35578185580482,245.35578185580482,1420.760575942727,1420.760575942727
2003-07-03,1404.5,1404.5,245.22653004950692,245.22653004950692,1420.7986375293017,1420.7986375293017
2003-07-04,1404.5,1404.5,245.0989282652895,245.0989282652895,1420.8337124107386,1420.8337124107386
2003-07-05,1404.5,1404.5,244.97171524896996,244.97171524896996,1420.865463900242,1420.865463900242
2003-07-06,1404.5,1404.5,244.84792144482498,244.84792144482498,1420.8921316670237,1420.8921316670237
2003-07-07,1404.5,1404.5,244.72355080796612,244.72355080796612,1420.9106499547536,1420.9106499547536
2003-07-08,1404.5,1404.5,244.59475766440173,244.59475766440173,1420.9184393886485,1420.9184393886485
2003-07-09,1404.5,1404.5,244.46404252144035,244.46404252144035,1420.92409206361,1420.92409206361
2003-07-10,1404.5,1404.5,244.33470523849886,244.33470523849886,1420.9277662261086,1420.9277662261086
2003-07-11,1404.5,1404.5,244.20628665676915,244.20628665676915,1420.927933525501,1420.927933525501
2003-07-12,1404.5,1404.5,244.07862597740402,244.07862597740402,1420.9245928837704,1420.9245928837704
2003-07-13,1404.5,1404.5,243.95199248198685,243.95199248198685,1420.9162771790989,1420.9162771790989
2003-07-14,1404.5,1404.5,243.82665202086454,243.82665202086454,1420.9047176368608,1420.9047176368608
2003-07-15,1404.5,1404.5,243.70233026112524,243.70233026112524,1420.8893876668938,1420.8893876668938
2003-07-16,1404.5,1404.5,243.5706495294686,243.5706495294686,1420.929876348682,1420.929876348682
2003-07-17,1404.5,1404.5,243.44892105602418,243.44892105602418,1420.908695031242,1420.908695031242
2003-07-18,1404.5,1404.5,243.3275990540578,243.3275990540578,1420.8827065990358,1420.8827065990358
2003-07-19,1404.5,1404.5,243.20760642518047,243.20760642518047,1420.8549086807093,1420.8549086807093
2003-07-20,1404.5,1404.5,243.08892288151654,243.08892288151654,1420.8252728176583,1420.8252728176583
2003-07-21,1404.5,1404.5,242.97194402019852,242.97194402019852,1420.803792686009,1420.803792686009
2003-07-22,1404.5,1404.5,242.85573796341905,242.85573796341905,1420.7715837003745,1420.7715837003745
2003-07-23,1404.5,1404.5,242.7407661467043,242.7407661467043,1420.7386395368803,1420.7386395368803
2003-07-24,1404.5,1404.5,242.62701597300804,242.62701597300804,1420.7038574288122,1420.7038574288122
2003-07-25,1404.5,1404.5,242.5145003655922,242.5145003655922,1420.6767946883451,1420.6767946883451
2003-07-26,1404.5,1404.5,242.40317657147685,242.40317657147685,1420.640174635553,1420.640174635553
2003-07-27,1404.5,1404.5,242.29304689925078,242.29304689925078,1420.604657349475,1420.604657349475
2003-07-28,1404.5,1404.5,242.1841003136009,242.1841003136009,1420.5650965850941,1420.5650965850941
2003-07-29,1404.5,1404.5,242.07635584762926,242.07635584762926,1420.534174340521,1420.534174340521
2003-07-30,1404.5,1404.5,241.96155522803394,241.96155522803394,1420.5569648546195,1420.5569648546195
2003-07-31,1404.5,1404.5,241.86178300736748,241.86178300736748,1420.5868783993988,1420.5868783993988
2003-08-01,1404.5,1404.5,241.76938022855848,241.76938022855848,1420.6399049878135,1420.6399049878135
2003-08-02,1404.5,1404.5,241.68999679291312,241.68999679291312,1420.6773225212135,1420.6773225212135
2003-08-03,1404.5,1404.5,241.63198758306663,241.63198758306663,1420.7524341261233,1420.7524341261233
2003-08-04,1404.5,1404.5,241.53518768775825,241.53518768775825,1420.7525729670624,1420.7525729670624
2003-08-05,1404.5,1404.5,241.43611110413266,241.43611110413266,1420.723285343396,1420.723285343396
2003-08-06,1404.5,1404.5,241.33808120292613,241.33808120292613,1420.6936494803451,1420.6936494803451
2003-08-07,1404.5,1404.5,241.23946863549764,241.23946863549764,1420.6633574189593,1420.6633574189593
2003-08-08,1404.5,1404.5,241.14029187260593,241.14029187260593,1420.632618789194,1420.632618789194
2003-08-09,1404.5,1404.5,241.03754643226037,241.03754643226037,1420.6014992036112,1420.6014992036112
2003-08-10,1404.5,1404.5,240.93451235888872,240.93451235888872,1420.5695352773635,1420.5695352773635
2003-08-11,1404.5,1404.5,240.83185420911937,240.83185420911937,1420.5369587028742,1420.5369587028742
2003-08-12,1404.5,1404.5,240.7218602470955,240.7218602470955,1420.5036469505253,1420.5036469505253
2003-08-13,1404.5,1404.5,240.5983360034155,240.5983360034155,1420.528275409348,1420.528275409348
2003-08-14,1404.5,1404.5,240.48467848907484,240.48467848907484,1420.4934933012798,1420.4934933012798
2003-08-15,1404.5,1404.5,240.3722720238307,240.3722720238307,1420.4576631873695,1420.4576631873695
2003-08-16,1404.5,1404.5,240.26086207446053,240.26086207446053,1420.4214855109344,1420.4214855109344
2003-08-17,1404.5,1404.5,240.15068144666168,240.15068144666168,1420.384163340221,1420.384163340221
2003-08-18,1404.5,1404.5,240.0411847382132,240.0411847382132,1420.3450175627424,1420.3450175627424
2003-08-19,1404.5,1404.5,239.93289951484812,239.93289951484812,1420.3047754313206,1420.3047754313206
2003-08-20,1404.5,1404.5,239.82581404318506,239.82581404318506,1420.2638237425535,1420.2638237425535
2003-08-21,1404.5,1404.5,239.72003163935568,239.72003163935568,1420.2282726647325,1420.2282726647325
2003-08-22,1404.5,1404.5,239.61602311203484,239.61602311203484,1420.191343041937,1420.191343041937
2003-08-23,1404.5,1404.5,239.513027008787,239.513027008787,1420.174179432456,1420.174179432456
2003-08-24,1404.5,1404.5,239.4106394416006,239.4106394416006,1420.1316294488872,1420.1316294488872
2003-08-25,1404.5,1404.5,239.309398592134,239.309398592134,1420.0886168683598,1420.0886168683598
2003-08-26,1404.5,1404.5,239.21062630738697,239.21062630738697,1420.0691454067319,1420.0691454067319
2003-08-27,1404.5,1404.5,239.10203865158445,239.10203865158445,1420.0864542982267,1420.0864542982267
2003-08-28,1404.5,1404.5,239.00416998759437,239.00416998759437,1420.042019810372,1420.042019810372
2003-08-29,1404.5,1404.5,238.90740423028416,238.90740423028416,1419.9969994322955,1419.9969994322955
2003-08-30,1404.5,1404.5,238.81057524255434,238.81057524255434,1419.951372312374,1419.951372312374
2003-08-31,1404.5,1404.5,238.71483817415157,238.71483817415157,1419.9049759084032,1419.9049759084032
2003-09-01,1404.5,1404.5,238.61975613137105,238.61975613137105,1419.8581948624865,1419.8581948624865
2003-09-02,1404.5,1404.5,238.52542136893203,238.52542136893203,1419.8321844862066,1419.8321844862066
2003-09-03,1404.5,1404.5,238.43219460498162,238.43219460498162,1419.8081716843158,1419.8081716843158
2003-09-04,1404.5,1404.5,238.34173464443018,238.34173464443018,1419.8259207499043,1419.8259207499043
2003-09-05,1404.5,1404.5,238.2506463393052,238.2506463393052,1419.825109555377,1419.825109555377
2003-09-06,1404.5,1404.5,238.16050960377703,238.16050960377703,1419.7962143639525,1419.7962143639525
2003-09-07,1404.5,1404.5,238.0713963622066,238.0713963622066,1419.766112251211,1419.766112251211
2003-09-08,1404.5,1404.5,237.9832968422408,237.9832968422408,1419.735222904542,1419.735222904542
2003-09-09,1404.5,1404.5,237.89620134982601,237.89620134982601,1419.703399305141,1419.703399305141
2003-09-10,1404.5,1404.5,237.80049465469588,237.80049465469588,1419.73194487253,1419.73194487253
2003-09-11,1404.5,1404.5,237.7153787957504,237.7153787957504,1419.6986262977064,1419.6986262977064
2003-09-12,1404.5,1404.5,237.63123823186248,237.63123823186248,1419.6647358884443,1419.6647358884443
2003-09-13,1404.5,1404.5,237.54806277258197,237.54806277258197,1419.6302633874684,1419.6302633874684
2003-09-14,1404.5,1404.5,237.465842458711,237.465842458711,1419.5954062445467,1419.5954062445467
2003-09-15,1404.5,1404.5,237.38456773152947,237.38456773152947,1419.559839650715,1419.559839650715
2003-09-16,1404.5,1404.5,237.30422922620716,237.30422922620716,1419.5230592975925,1419.5230592975925
2003-09-17,1404.5,1404.5,237.224817801476,237.224817801476,1419.485225666431,1419.485225666431
2003-09-18,1404.5,1404.5,237.14632445334473,237.14632445334473,1419.4469067452103,1419.4469067452103
2003-09-19,1404.5,1404.5,237.06874027001157,237.06874027001157,1419.4082031818864,1419.4082031818864
2003-09-20,1404.5,1404.5,236.9920561853921,236.9920561853921,1419.3684367245341,1419.3684367245341
2003-09-21,1404.5,1404.5,236.91626306199905,236.91626306199905,1419.3281945931126,1419.3281945931126
2003-09-22,1404.5,1404.5,236.841351966733,236.841351966733,1419.2874396056056,1419.2874396056056
2003-09-23,1404.5,1404.5,236.76731403883372,236.76731403883372,1419.2457962232174,1419.2457962232174
2003-09-24,1404.5,1404.5,236.6845347842227,236.6845347842227,1419.264851104506,1419.264851104506
2003-09-25,1404.5,1404.5,236.61221705895923,236.61221705895923,1419.2219164788344,1419.2219164788344
2003-09-26,1404.5,1404.5,236.54074667734128,236.54074667734128,1419.1782125691136,1419.1782125691136
2003-09-27,1404.5,1404.5,236.47011525201262,236.47011525201262,1419.134124017447,1419.134124017447
2003-09-28,1404.5,1404.5,236.4003144595684,236.4003144595684,1419.0895145749892,1419.0895145749892
2003-09-29,1404.5,1404.5,236.33133604996056,236.33133604996056,1419.0444857872453,1419.0444857872453
2003-09-30,1404.5,1404.5,236.26317182675348,236.26317182675348,1418.9988586673235,1418.9988586673235
2003-10-01,1404.5,1404.5,236.19581370546464,236.19581370546464,1418.952846905456,1418.952846905456
2003-10-02,1404.5,1404.5,236.1284202573393,236.1284202573393,1418.9056812174363,1418.9056812174363
2003-10-03,1404.5,1404.5,236.06415318065586,236.06415318065586,1418.8582438924861,1418.8582438924861
2003-10-04,1404.5,1404.5,236.00400116993396,236.00400116993396,1418.8106935625206,1418.8106935625206
2003-10-05,1404.5,1404.5,235.944567373866,235.944567373866,1418.7629509115034,1418.7629509115034
2003-10-06,1404.5,1404.5,235.88647208738408,235.88647208738408,1418.7152043124656,1418.7152043124656
2003-10-07,1404.5,1404.5,235.8294292087411,235.8294292087411,1418.667269340397,1418.667269340397
2003-10-08,1404.5,1404.5,235.76346769654282,235.76346769654282,1418.680347169544,1418.680347169544
2003-10-09,1404.5,1404.5,235.70659318807395,235.70659318807395,1418.6320275555295,1418.6320275555295
2003-10-10,1404.5,1404.5,235.65235520419483,235.65235520419483,1418.5837079415148,1418.5837079415148
2003-10-11,1404.5,1404.5,235.6018173276769,235.6018173276769,1418.5352049550545,1418.5352049550545
2003-10-12,1404.5,1404.5,235.55155006986203,235.55155006986203,1418.4865006989369,1418.4865006989369
2003-10-13,1404.5,1404.5,235.50436151310086,235.50436151310086,1418.4377964428193,1418.4377964428193
2003-10-14,1404.5,1404.5,235.45443231136008,235.45443231136008,1418.3890921867016,1418.3890921867016
2003-10-15,1404.5,1404.5,235.40348816051244,235.40348816051244,1418.340010823553,1418.340010823553
2003-10-16,1404.5,1404.5,235.35499965804556,235.35499965804556,1418.2909219254896,1418.2909219254896
2003-10-17,1404.5,1404.5,235.30890368147064,235.30890368147064,1418.2417188755162,1418.2417188755162
2003-10-18,1404.5,1404.5,235.27223739860796,235.27223739860796,1418.1920541423265,1418.1920541423265
2003-10-19,1404.5,1404.5,235.2398094025659,235.2398094025659,1418.1421959600568,1418.1421959600568
2003-10-20,1404.5,1404.5,235.2098582479146,235.2098582479146,1418.0923377777872,1418.0923377777872
2003-10-21,1404.5,1404.5,235.17936397816533,235.17936397816533,1418.0422955990794,1418.0422955990794
2003-10-22,1404.5,1404.5,235.1394638792759,235.1394638792759,1418.053450218025,1418.053450218025
2003-10-23,1404.5,1404.5,235.10642283287015,235.10642283287015,1418.0030759010776,1418.0030759010776
2003-10-24,1404.5,1404.5,235.07151671540836,235.07151671540836,1417.952448434759,1417.952448434759
2003-10-25,1404.5,1404.5,235.0376433506893,235.0376433506893,1417.9014846943062,1417.9014846943062
2003-10-26,1404.5,1404.5,235.0094913106991,235.0094913106991,1417.8502833668717,1417.8502833668717
2003-10-27,1404.5,1404.5,234.97847974529057,234.97847974529057,1417.7988509722231,1417.7988509722231
2003-10-28,1404.5,1404.5,234.94674704129767,234.94674704129767,1417.7470695799095,1417.7470695799095
2003-10-29,1404.5,1404.5,234.91732173637703,234.91732173637703,1417.695022446127,1417.695022446127
2003-10-30,1404.5,1404.5,234.89038841049222,234.89038841049222,1417.6428564117105,1417.6428564117105
2003-10-31,1404.5,1404.5,234.8634637445865,234.8634637445865,1417.6022296383428,1417.6022296383428
2003-11-01,1404.5,1404.5,234.8358455726561,234.8358455726561,1417.5946820797096,1417.5946820797096
2003-11-02,1404.5,1404.5,234.82540827719325,234.82540827719325,1417.477387574667,1417.477387574667
2003-11-03,1404.5,1404.5,234.83800778914554,234.83800778914554,1417.2675479487632,1417.2675479487632
2003-11-04,1404.5,1404.5,234.80796283479833,234.80796283479833,1417.281010419856,1417.281010419856
2003-11-05,1404.5,1404.5,234.77516748880873,234.77516748880873,1417.283702914106,1417.283702914106
2003-11-06,1404.5,1404.5,234.7441027475408,234.7441027475408,1417.287933976454,1417.287933976454
2003-11-07,1404.5,1404.5,234.71608344431692,234.71608344431692,1417.3123080426499,1417.3123080426499
2003-11-08,1404.5,1404.5,234.6858381666444,234.6858381666444,1417.3376944167376,1417.3376944167376
2003-11-09,1404.5,1404.5,234.72012606665348,234.72012606665348,1417.5345891761215,1417.5345891761215
2003-11-10,1404.5,1404.5,234.7780235284526,234.7780235284526,1417.8149932173947,1417.8149932173947
2003-11-11,1404.5,1404.5,234.7645087774749,234.7645087774749,1417.8938448339077,1417.8938448339077
2003-11-12,1404.5,1404.5,234.7366729218151,234.7366729218151,1417.9097730935364,1417.9097730935364
2003-11-13,1404.5,1404.5,234.7135921814612,234.7135921814612,1417.9724685791034,1417.9724685791034
2003-11-14,1404.5,1404.5,234.68668996995737,234.68668996995737,1418.0455505651705,1418.0455505651705
2003-11-15,1404.5,1404.5,234.68313653847764,234.68313653847764,1418.1255141469103,1418.1255141469103
2003-11-16,1404.5,1404.5,234.6696837089034,234.6696837089034,1418.2051350474721,1418.2051350474721
2003-11-17,1404.5,1404.5,234.6407740495844,234.6407740495844,1418.2161154118999,1418.2161154118999
2003-11-18,1404.5,1404.5,234.61292573942362,234.61292573942362,1418.2276546727917,1418.2276546727917
2003-11-19,1404.5,1404.5,234.58820732446,234.58820732446,1418.2661841485417,1418.2661841485417
2003-11-20,1404.5,1404.5,234.56605314953583,234.56605314953583,1418.326572947565,1418.326572947565
2003-11-21,1404.5,1404.5,234.5457156852871,234.5457156852871,1418.3962112218665,1418.3962112218665
2003-11-22,1404.5,1404.5,234.5269799441599,234.5269799441599,1418.4692932079333,1418.4692932079333
2003-11-23,1404.5,1404.5,234.50542623873898,234.50542623873898,1418.4916024458253,1418.4916024458253
2003-11-24,1404.5,1404.5,234.48293775090175,234.48293775090175,1418.5031417067169,1418.5031417067169
2003-11-25,1404.5,1404.5,234.46224065890564,234.46224065890564,1418.5327591431526,1418.5327591431526
2003-11-26,1404.5,1404.5,234.43810487656228,234.43810487656228,1418.566607641936,1418.566607641936
2003-11-27,1404.5,1404.5,234.41532713213368,234.41532713213368,1418.590002036498,1418.590002036498
2003-11-28,1404.5,1404.5,234.3923810186363,234.3923810186363,1418.6119266322864,1418.6119266322864
2003-11-29,1404.5,1404.5,234.37303178633385,234.37303178633385,1418.6611608123637,1418.6611608123637
2003-11-30,1404.5,1404.5,234.35058118773574,234.35058118773574,1418.6680843689617,1418.6680843689617
2003-12-01,1404.5,1404.5,234.33062188498872,234.33062188498872,1418.7384738607789,1418.7384738607789
2003-12-02,1404.5,1404.5,234.30982060938567,234.30982060938567,1418.7680912972144,1418.7680912972144
2003-12-03,1404.5,1404.5,234.282604565386,234.282604565386,1418.80309372215,1418.80309372215
2003-12-04,1404.5,1404.5,234.25485534111655,234.25485534111655,1418.8465582717813,1418.8465582717813
2003-12-05,1404.5,1404.5,234.24165524080706,234.24165524080706,1418.9637934407247,1418.9637934407247
2003-12-06,1404.5,1404.5,234.25115187140548,234.25115187140548,1419.173606983704,1419.173606983704
2003-12-07,1404.5,1404.5,234.45731297018853,234.45731297018853,1420.1766367694825,1420.1766367694825
2003-12-08,1404.5,1404.5,234.54388030237874,234.54388030237874,1420.497949062466,1420.497949062466
2003-12-09,1404.5,1404.5,234.51302849504904,234.51302849504904,1420.5257506437788,1420.5257506437788
2003-12-10,1404.5,1404.5,234.60562369670632,234.60562369670632,1420.7051862189094,1420.7051862189094
2003-12-11,1404.5,1404.5,234.7766521236324,234.7766521236324,1420.9262660632837,1420.9262660632837
2003-12-12,1404.5,1404.5,234.80554469270203,234.80554469270203,1421.0155925464414,1421.0155925464414
2003-12-13,1404.5,1404.5,234.82366084799082,234.82366084799082,1421.0391182383994,1421.0391182383994
2003-12-14,1404.5,1404.5,234.8672182788196,234.8672182788196,1421.1317506505127,1421.1317506505127
2003-12-15,1404.5,1404.5,234.8755540805712,234.8755540805712,1421.2240154736212,1421.2240154736212
2003-12-16,1404.5,1404.5,234.85527018154474,234.85527018154474,1421.2335727859463,1421.2335727859463
2003-12-17,1404.5,1404.5,234.83144393121262,234.83144393121262,1421.2465451180644,1421.2465451180644
2003-12-18,1404.5,1404.5,234.8097990848264,234.8097990848264,1421.273011521461,1421.273011521461
2003-12-19,1404.5,1404.5,234.7874575694316,234.7874575694316,1421.2961696244142,1421.2961696244142
2003-12-20,1404.5,1404.5,234.79840353095634,234.79840353095634,1421.3808478862368,1421.3808478862368
2003-12-21,1404.5,1404.5,234.82307685849946,234.82307685849946,1421.542131682503,1421.542131682503
2003-12-22,1404.5,1404.5,234.80889979961339,234.80889979961339,1421.5989229875029,1421.5989229875029
2003-12-23,1404.5,1404.5,234.79361607518572,234.79361607518572,1421.6489150828575,1421.6489150828575
2003-12-24,1404.5,1404.5,234.82383708106678,234.82383708106678,1421.801931685397,1421.801931685397
2003-12-25,1404.5,1404.5,235.01481672950183,235.01481672950183,1422.2468399907245,1422.2468399907245
2003-12-26,1404.5,1404.5,235.09993594725046,235.09993594725046,1422.4306036291407,1422.4306036291407
2003-12-27,1404.5,1404.5,235.0881273359004,235.0881273359004,1422.4471451313575,1422.4471451313575
2003-12-28,1404.5,1404.5,235.06915426174132,235.06915426174132,1422.464421811434,1422.464421811434
2003-12-29,1404.5,1404.5,235.04838613058342,235.04838613058342,1422.4823805467836,1422.4823805467836
2003-12-30,1404.5,1404.5,235.07509132457034,235.07509132457034,1422.5710003105348,1422.5710003105348
2003-12-31,1404.5,1404.5,235.18790872463003,235.18790872463003,1422.6323876629388,1422.6323876629388
2004-01-01,1404.5,1404.5,235.30375057265383,235.30375057265383,1422.7441346997023,1422.7441346997023
2004-01-02,1404.5,1404.5,235.38891495307539,235.38891495307539,1422.8408105901187,1422.8408105901187
2004-01-03,1404.5,1404.5,235.4401419730944,235.4401419730944,1422.8789587759782,1422.8789587759782
2004-01-04,1404.5,1404.5,235.4321349273396,235.4321349273396,1422.9215990925866,1422.9215990925866
2004-01-05,1404.5,1404.5,235.416226033836,235.416226033836,1422.9671889600743,1422.9671889600743
2004-01-06,1404.5,1404.5,235.51861218686213,235.51861218686213,1422.2998493826567,1422.2998493826567
2004-01-07,1404.5,1404.5,235.73910969285905,235.73910969285905,1420.9203864719198,1420.9203864719198
2004-01-08,1404.5,1404.5,236.20048100756864,236.20048100756864,1418.0114476834285,1418.0114476834285
2004-01-09,1404.5,1404.5,237.13124233602207,237.13124233602207,1411.9723207184447,1411.9723207184447
2004-01-10,1404.5,1404.5,239.00551583842932,239.00551583842932,1398.7382439282048,1398.7382439282048
2004-01-11,1404.5,1404.5,241.297186536577,241.297186536577,1377.8801687763714,1377.8801687763714
2004-01-12,1404.5,1404.5,241.31880233367485,241.31880233367485,1377.8801687763714,1377.8801687763714
2004-01-13,1404.5,1404.5,241.33162770473234,241.33162770473234,1378.0596359320296,1378.0596359320296
2004-01-14,1404.5,1404.5,241.34117835608856,241.34117835608856,1378.2472893087934,1378.2472893087934
2004-01-15,1404.5,1404.5,241.34812771430174,241.34812771430174,1378.4122731500295,1378.4122731500295
2004-01-16,1404.5,1404.5,241.35843858810426,241.35843858810426,1378.5885707070802,1378.5885707070802
2004-01-17,1404.5,1404.5,241.36548781870633,241.36548781870633,1378.7601496917512,1378.7601496917512
2004-01-18,1404.5,1404.5,241.36982617331103,241.36982617331103,1378.9339494635274,1378.9339494635274
2004-01-19,1404.5,1404.5,241.3751502605249,241.3751502605249,1379.1159354564093,1379.1159354564093
2004-01-20,1404.5,1404.5,241.37925435079754,241.37925435079754,1379.2922540654092,1379.2922540654092
2004-01-21,1404.5,1404.5,241.37939661035756,241.37939661035756,1379.4656025146583,1379.4656025146583
2004-01-22,1404.5,1404.5,241.3785475067865,241.3785475067865,1379.637771320941,1379.637771320941
2004-01-23,1404.5,1404.5,241.3787629050485,241.3787629050485,1379.8203375326962,1379.8203375326962
2004-01-24,1404.5,1404.5,241.37759056199897,241.37759056199897,1379.9971451359704,1379.9971451359704
2004-01-25,1404.5,1404.5,241.37463897512754,241.37463897512754,1380.1766122916288,1380.1766122916288
2004-01-26,1404.5,1404.5,241.3708413296734,241.3708413296734,1380.350412063405,1380.350412063405
2004-01-27,1404.5,1404.5,241.36866223783287,241.36866223783287,1380.525510033578,1380.525510033578
2004-01-28,1404.5,1404.5,241.38284541827102,241.38284541827102,1380.710644573118,1380.710644573118
2004-01-29,1404.5,1404.5,241.38724648412804,241.38724648412804,1380.889181753405,1380.889181753405
2004-01-30,1404.5,1404.5,241.3837863850478,241.3837863850478,1381.0661300718396,1381.0661300718396
2004-01-31,1404.5,1404.5,241.38183740167582,241.38183740167582,1381.245597227498,1381.245597227498
2004-02-01,1404.5,1404.5,241.38202064708366,241.38202064708366,1381.4219158364979,1381.4219158364979
2004-02-02,1404.5,1404.5,241.38258157319288,241.38258157319288,1381.5560439213587,1381.5560439213587
2004-02-03,1404.5,1404.5,241.4520166714867,241.4520166714867,1381.7078038670422,1381.7078038670422
2004-02-04,1404.5,1404.5,241.52239296503362,241.52239296503362,1381.8486431780802,1381.8486431780802
2004-02-05,1404.5,1404.5,241.56943748040425,241.56943748040425,1381.983400972118,1381.983400972118
2004-02-06,1404.5,1404.5,241.61347624359144,241.61347624359144,1382.1182495351857,1382.1182495351857
2004-02-07,1404.5,1404.5,241.66105074487683,241.66105074487683,1382.2561558758819,1382.2561558758819
2004-02-08,1404.5,1404.5,241.70947338652613,241.70947338652613,1382.3921730885315,1382.3921730885315
2004-02-09,1404.5,1404.5,241.75881970854448,241.75881970854448,1382.5287973183586,1382.5287973183586
2004-02-10,1404.5,1404.5,241.80640079318903,241.80640079318903,1382.6622956937847,1382.6622956937847
2004-02-11,1404.5,1404.5,241.85176121426636,241.85176121426636,1382.7939049411646,1382.7939049411646
2004-02-12,1404.5,1404.5,241.89862702868163,241.89862702868163,1382.9274033165907,1382.9274033165907
2004-02-13,1404.5,1404.5,241.94425987909128,241.94425987909128,1383.0615314014515,1383.0615314014515
2004-02-14,1404.5,1404.5,241.98610748074807,241.98610748074807,1383.1893623929957,1383.1893623929957
2004-02-15,1404.5,1404.5,242.02776050765647,242.02776050765647,1383.3165636753629,1383.3165636753629
2004-02-16,1404.5,1404.5,242.07063815089273,242.07063815089273,1383.4481729227425,1383.4481729227425
2004-02-17,1404.5,1404.5,242.15440021776092,242.15440021776092,1383.6584958350338,1383.6584958350338
2004-02-18,1404.5,1404.5,242.31175173732157,242.31175173732157,1383.9554348634038,1383.9554348634038
2004-02-19,1404.5,1404.5,242.4513694213871,242.4513694213871,1384.2257270931184,1384.2257270931184
2004-02-20,1404.5,1404.5,242.53369175074639,242.53369175074639,1384.4060015878147,1384.4060015878147
2004-02-21,1404.5,1404.5,242.61931925199661,242.61931925199661,1384.586196407474,1384.586196407474
2004-02-22,1404.5,1404.5,242.71347869715945,242.71347869715945,1384.7641802477926,1384.7641802477926
2004-02-23,1404.5,1404.5,242.80659771167055,242.80659771167055,1384.9425425440852,1384.9425425440852
2004-02-24,1404.5,1404.5,242.89298600818492,242.89298600818492,1385.1133407014333,1385.1133407014333
2004-02-25,1404.5,1404.5,242.98649977850934,242.98649977850934,1385.283033369111,1385.283033369111
2004-02-26,1404.5,1404.5,243.18398649301966,243.18398649301966,1385.5265548214,1385.5265548214
2004-02-27,1404.5,1404.5,243.41716026598687,243.41716026598687,1385.7730790226371,1385.7730790226371
2004-02-28,1404.5,1404.5,243.57133109885203,243.57133109885203,1385.9836797886555,1385.9836797886555
2004-02-29,1404.5,1404.5,243.70411256004022,243.70411256004022,1386.1893008711852,1386.1893008711852
2004-03-01,1404.5,1404.5,243.83836049413904,243.83836049413904,1386.3943692089927,1386.3943692089927
2004-03-02,1404.5,1404.5,243.9824265552243,243.9824265552243,1386.5695893250222,1386.5695893250222
2004-03-03,1404.5,1404.5,244.1002200036673,244.1002200036673,1386.7619445312814,1386.7619445312814
2004-03-04,1404.5,1404.5,244.2152400360558,244.2152400360558,1386.9399283716,1386.9399283716
2004-03-05,1404.5,1404.5,244.3194819002901,244.3194819002901,1387.1158182653703,1387.1158182653703
2004-03-06,1404.5,1404.5,244.4130788273981,244.4130788273981,1387.2904856366779,1387.2904856366779
2004-03-07,1404.5,1404.5,244.492264986708,244.492264986708,1387.4721581167223,1387.4721581167223
2004-03-08,1404.5,1404.5,244.49358356353267,244.49358356353267,1387.6794374338704,1387.6794374338704
2004-03-09,1404.5,1404.5,244.49938125283035,244.49938125283035,1387.9403086869002,1387.9403086869002
2004-03-10,1404.5,1404.5,244.50904460774572,244.50904460774572,1388.262523270974,1388.262523270974
2004-03-11,1404.5,1404.5,244.51835772022812,244.51835772022812,1388.6910671604148,1388.6910671604148
2004-03-12,1404.5,1404.5,244.5219095529616,244.5219095529616,1389.1834114211372,1389.1834114211372
2004-03-13,1404.5,1404.5,244.51805817549854,244.51805817549854,1389.7123973159407,1389.7123973159407
2004-03-14,1404.5,1404.5,244.5337236864181,244.5337236864181,1390.3318086036825,1390.3318086036825
2004-03-15,1404.5,1404.5,244.55271897272368,244.55271897272368,1390.9778386551807,1390.9778386551807
2004-03-16,1404.5,1404.5,244.55880133147375,244.55880133147375,1391.6475727480904,1391.6475727480904
2004-03-17,1404.5,1404.5,244.57486246744728,244.57486246744728,1392.399063842455,1392.399063842455
2004-03-18,1404.5,1404.5,244.61210845822723,244.61210845822723,1393.3543890249332,1393.3543890249332
2004-03-19,1404.5,1404.5,244.59133695646887,244.59133695646887,1394.3026827100737,1394.3026827100737
2004-03-20,1404.5,1404.5,244.61646007121576,244.61646007121576,1395.4504374241337,1395.4504374241337
2004-03-21,1404.5,1404.5,244.60061099401344,244.60061099401344,1396.3790065499727,1396.3790065499727
2004-03-22,1404.5,1404.5,244.58328279912263,244.58328279912263,1397.3773571852582,1397.3773571852582
2004-03-23,1404.5,1404.5,244.60579970536182,244.60579970536182,1398.997517880918,1398.997517880918
2004-03-24,1404.5,1404.5,244.5807298100424,244.5807298100424,1400.1526375945289,1400.1526375945289
2004-03-25,1404.5,1404.5,244.50781187607646,244.50781187607646,1400.7335531779574,1400.7335531779574
2004-03-26,1404.5,1404.5,244.58077847768755,244.58077847768755,1401.4440091762644,1401.4440091762644
2004-03-27,1404.5,1404.5,244.5121409171046,244.5121409171046,1402.0009954195623,1402.0009954195623
2004-03-28,1404.5,1404.5,244.4846992791715,244.4846992791715,1402.5213785038645,1402.5213785038645
2004-03-29,1404.5,1404.5,244.4954057368295,244.4954057368295,1403.0632914621613,1403.0632914621613
2004-03-30,1404.5,1404.5,244.51009000662316,244.51009000662316,1403.6930816998963,1403.6930816998963
2004-03-31,1404.5,1404.5,244.52155663028262,244.52155663028262,1404.4160545807924,1404.4160545807924
2004-04-01,1404.5,1404.5,244.51557903514694,244.51557903514694,1405.177279710853,1405.177279710853
2004-04-02,1404.5,1404.5,244.50836115281894,244.50836115281894,1405.7978990749855,1405.7978990749855
2004-04-03,1404.5,1404.5,244.45217946274195,244.45217946274195,1406.36960551634,1406.36960551634
2004-04-04,1404.5,1404.5,244.42834123081172,244.42834123081172,1407.0141795706284,1407.0141795706284
2004-04-05,1404.5,1404.5,244.3686774030532,244.3686774030532,1407.7549633762017,1407.7549633762017
2004-04-06,1404.5,1404.5,244.34959345046434,244.34959345046434,1408.4849949381828,1408.4849949381828
2004-04-07,1404.5,1404.5,244.2944291750245,244.2944291750245,1409.1558369619192,1409.1558369619192
2004-04-08,1404.5,1404.5,244.2795587883278,244.2795587883278,1409.7685180596022,1409.7685180596022
2004-04-09,1404.5,1404.5,244.25380603912907,244.25380603912907,1410.0043615535549,1410.0043615535549
2004-04-10,1404.5,1404.5,244.288778761322,244.288778761322,1409.9371551790184,1409.9371551790184
2004-04-11,1404.5,1404.5,244.4051117079452,244.4051117079452,1409.3060360835866,1409.3060360835866
2004-04-12,1404.5,1404.5,244.72457802525952,244.72457802525952,1407.4378500116318,1407.4378500116318
2004-04-13,1404.5,1404.5,244.49731415010842,244.49731415010842,1408.2188318325768,1408.2188318325768
2004-04-14,1404.5,1404.5,244.46437271746714,244.46437271746714,1408.8800743740671,1408.8800743740671
2004-04-15,1404.5,1404.5,244.2142537500883,244.2142537500883,1409.3912465425333,1409.3912465425333
2004-04-16,1404.5,1404.5,244.19531418649802,244.19531418649802,1409.6129125184937,1409.6129125184937
2004-04-17,1404.5,1404.5,243.9919025512261,243.9919025512261,1409.5001177095721,1409.5001177095721
2004-04-18,1404.5,1404.5,244.12766757927702,244.12766757927702,1408.7206872064573,1408.7206872064573
2004-04-19,1404.5,1404.5,244.42694814936166,244.42694814936166,1406.5325373710334,1406.5325373710334
2004-04-20,1404.5,1404.5,244.3884998296234,244.3884998296234,1406.8837612096825,1406.8837612096825
2004-04-21,1404.5,1404.5,244.3745503671024,244.3745503671024,1407.0439831369638,1407.0439831369638
2004-04-22,1404.5,1404.5,244.40214349051624,244.40214349051624,1406.8177960816133,1406.8177960816133
2004-04-23,1404.5,1404.5,244.52364532987178,244.52364532987178,1405.8487670081042,1405.8487670081042
2004-04-24,1404.5,1404.5,244.79498426410063,244.79498426410063,1403.4374147577635,1403.4374147577635
2004-04-25,1404.5,1404.5,245.1620732817375,245.1620732817375,1397.9300881049528,1397.9300881049528
2004-04-26,1404.5,1404.5,246.1074577437823,246.1074577437823,1384.8410076003254,1384.8410076003254
2004-04-27,1404.5,1404.5,245.6031579188741,245.6031579188741,1385.6673025204661,1385.6673025204661
2004-04-28,1404.5,1404.5,245.1168604881061,245.1168604881061,1386.6683569359218,1386.6683569359218
2004-04-29,1404.5,1404.5,244.72201453192486,244.72201453192486,1387.8150344935589,1387.8150344935589
2004-04-30,1404.5,1404.5,244.7027071318553,244.7027071318553,1388.896731032144,1388.896731032144
2004-05-01,1404.5,1404.5,244.6687624962434,244.6687624962434,1389.9639464448123,1389.9639464448123
2004-05-02,1404.5,1404.5,244.6279261952482,244.6279261952482,1390.8438654855815,1390.8438654855815
2004-05-03,1404.5,1404.5,244.5905694277648,244.5905694277648,1391.7213187160062,1391.7213187160062
2004-05-04,1404.5,1404.5,244.54551269697606,244.54551269697606,1392.6234300510998,1392.6234300510998
2004-05-05,1404.5,1404.5,244.49307199228548,244.49307199228548,1393.4920581214176,1393.4920581214176
2004-05-06,1404.5,1404.5,244.5948921735556,244.5948921735556,1394.2799429741701,1394.2799429741701
2004-05-07,1404.5,1404.5,244.66611719658408,244.66611719658408,1394.9812264433474,1394.9812264433474
2004-05-08,1404.5,1404.5,244.7211923108181,244.7211923108181,1395.6026484497554,1395.6026484497554
2004-05-09,1404.5,1404.5,244.7620848881349,244.7620848881349,1396.1742545404707,1396.1742545404707
2004-05-10,1404.5,1404.5,244.77198473833297,244.77198473833297,1396.6001777475194,1396.6001777475194
2004-05-11,1404.5,1404.5,244.75003394233886,244.75003394233886,1397.008557951033,1397.008557951033
2004-05-12,1404.5,1404.5,244.72137372448717,244.72137372448717,1397.3846499606834,1397.3846499606834
2004-05-13,1404.5,1404.5,244.68284608921923,244.68284608921923,1397.7467688659053,1397.7467688659053
2004-05-14,1404.5,1404.5,244.64451274390393,244.64451274390393,1398.0992156799146,1398.0992156799146
2004-05-15,1404.5,1404.5,244.60085178068564,244.60085178068564,1398.4384697230025,1398.4384697230025
2004-05-16,1404.5,1404.5,244.55537215595612,244.55537215595612,1398.7659828465285,1398.7659828465285
2004-05-17,1404.5,1404.5,244.4960674927907,244.4960674927907,1399.0760024521667,1399.0760024521667
2004-05-18,1404.5,1404.5,244.44781794565753,244.44781794565753,1399.3667526361637,1399.3667526361637
2004-05-19,1404.5,1404.5,244.39324056426523,244.39324056426523,1399.6392843078172,1399.6392843078172
2004-05-20,1404.5,1404.5,244.3346307672732,244.3346307672732,1399.8976111430877,1399.8976111430877
2004-05-21,1404.5,1404.5,244.2782787550221,244.2782787550221,1400.148018910337,1400.148018910337
2004-05-22,1404.5,1404.5,244.21255813875595,244.21255813875595,1400.3897985783824,1400.3897985783824
2004-05-23,1404.5,1404.5,244.14028121593793,244.14028121593793,1400.6196681171302,1400.6196681171302
2004-05-24,1404.5,1404.5,244.0658467697512,244.0658467697512,1400.843273437574,1400.843273437574
2004-05-25,1404.5,1404.5,244.10675613499777,244.10675613499777,1400.036320345131,1400.036320345131
2004-05-26,1404.5,1404.5,244.26222265311674,244.26222265311674,1398.2055705816324,1398.2055705816324
2004-05-27,1404.5,1404.5,244.65780147242754,244.65780147242754,1394.1637161142316,1394.1637161142316
2004-05-28,1404.5,1404.5,245.58339158598136,245.58339158598136,1385.0545997073039,1385.0545997073039
2004-05-29,1404.5,1404.5,246.1995754944699,246.1995754944699,1377.8801687763714,1377.8801687763714
2004-05-30,1404.5,1404.5,246.13515298331663,246.13515298331663,1377.8801687763714,1377.8801687763714
2004-05-31,1404.5,1404.5,246.0675915620446,246.0675915620446,1377.8801687763714,1377.8801687763714
2004-06-01,1404.5,1404.5,245.97425257766216,245.97425257766216,1378.1567692405908,1378.1567692405908
2004-06-02,1404.5,1404.5,245.8988644886246,245.8988644886246,1378.3737079997356,1378.3737079997356
2004-06-03,1404.5,1404.5,245.81579421352586,245.81579421352586,1378.6700896587483,1378.6700896587483
2004-06-04,1404.5,1404.5,245.74353631742278,245.74353631742278,1378.8665754591846,1378.8665754591846
2004-06-05,1404.5,1404.5,245.66543986239216,245.66543986239216,1379.0604202967936,1379.0604202967936
2004-06-06,1404.5,1404.5,245.59075380244076,245.59075380244076,1379.2413221273775,1379.2413221273775
2004-06-07,1404.5,1404.5,245.51755734010388,245.51755734010388,1379.398357593168,1379.398357593168
2004-06-08,1404.5,1404.5,245.43308079015026,245.43308079015026,1379.5240190324268,1379.5240190324268
2004-06-09,1404.5,1404.5,245.3500241647872,245.3500241647872,1379.6320539538967,1379.6320539538967
2004-06-10,1404.5,1404.5,245.2593576296721,245.2593576296721,1379.7236271288982,1379.7236271288982
2004-06-11,1404.5,1404.5,245.16396618713145,245.16396618713145,1379.811394569752,1379.811394569752
2004-06-12,1404.5,1404.5,245.06187620930012,245.06187620930012,1379.8960325458802,1379.8960325458802
2004-06-13,1404.5,1404.5,244.95665853671417,244.95665853671417,1379.965440716097,1379.965440716097
2004-06-14,1404.5,1404.5,244.8525343818114,244.8525343818114,1380.0248712375414,1380.0248712375414
2004-06-15,1404.5,1404.5,244.75716499854497,244.75716499854497,1380.0791173429902,1380.0791173429902
2004-06-16,1404.5,1404.5,244.6598427546978,244.6598427546978,1380.1196565850003,1380.1196565850003
2004-06-17,1404.5,1404.5,244.55006411386657,244.55006411386657,1380.2628021070805,1380.2628021070805
2004-06-18,1404.5,1404.5,244.4418390739314,244.4418390739314,1380.3008225116093,1380.3008225116093
2004-06-19,1404.5,1404.5,244.32619895259387,244.32619895259387,1380.322339952459,1380.322339952459
2004-06-20,1404.5,1404.5,244.2075995375328,244.2075995375328,1380.3322188385955,1380.3322188385955
2004-06-21,1404.5,1404.5,244.09197572805917,244.09197572805917,1380.3382813045168,1380.3382813045168
2004-06-22,1404.5,1404.5,243.97515470553924,243.97515470553924,1380.3347408940838,1380.3347408940838
2004-06-23,1404.5,1404.5,243.8598720865894,243.8598720865894,1380.3296891813682,1380.3296891813682
2004-06-24,1404.5,1404.5,243.74079729027534,243.74079729027534,1380.323000224534,1380.323000224534
2004-06-25,1404.5,1404.5,243.62361588724147,243.62361588724147,1380.2810475457973,1380.2810475457973
2004-06-26,1404.5,1404.5,243.49807147044956,243.49807147044956,1380.2340571923557,1380.2340571923557
2004-06-27,1404.5,1404.5,243.37804938011,243.37804938011,1380.1839182925135,1380.1839182925135
2004-06-28,1404.5,1404.5,243.25374463748452,243.25374463748452,1380.136867639671,1380.136867639671
2004-06-29,1404.5,1404.5,243.12396326281507,243.12396326281507,1380.081691065124,1380.081691065124
2004-06-30,1404.5,1404.5,242.9977635305286,242.9977635305286,1380.0246253627881,1380.0246253627881
2004-07-01,1404.5,1404.5,242.8557587694596,242.8557587694596,1380.06280406621,1380.06280406621
2004-07-02,1404.5,1404.5,242.72607977831356,242.72607977831356,1380.0145542941566,1380.0145542941566
2004-07-03,1404.5,1404.5,242.59784906882024,242.59784906882024,1379.9677615328417,1379.9677615328417
2004-07-04,1404.5,1404.5,242.4673335605573,242.4673335605573,1379.9151037957758,1379.9151037957758
2004-07-05,1404.5,1404.5,242.33819126675067,242.33819126675067,1379.858667802617,1379.858667802617
2004-07-06,1404.5,1404.5,242.21607488336653,242.21607488336653,1379.8030826251038,1379.8030826251038
2004-07-07,1404.5,1404.5,242.09014705845755,242.09014705845755,1379.7434980855442,1379.7434980855442
2004-07-08,1404.5,1404.5,241.96557669943164,241.96557669943164,1379.6851729645962,1379.6851729645962
2004-07-09,1404.5,1404.5,241.83873418119524,241.83873418119524,1379.6211804597665,1379.6211804597665
2004-07-10,1404.5,1404.5,241.71091272581518,241.71091272581518,1379.5544331151477,1379.5544331151477
2004-07-11,1404.5,1404.5,241.57973677338677,241.57973677338677,1379.4844540013391,1379.4844540013391
2004-07-12,1404.5,1404.5,241.4499628644001,241.4499628644001,1379.4108059534758,1379.4108059534758
2004-07-13,1404.5,1404.5,241.31439070936082,241.31439070936082,1379.3348489714476,1379.3348489714476
2004-07-14,1404.5,1404.5,241.17995817218372,241.17995817218372,1379.256085935884,1379.256085935884
2004-07-15,1404.5,1404.5,241.0383023596866,241.0383023596866,1379.2737177967067,1379.2737177967067
2004-07-16,1404.5,1404.5,240.90672899336133,240.90672899336133,1379.1875115107714,1379.1875115107714
2004-07-17,1404.5,1404.5,240.77400444545108,240.77400444545108,1379.0981404277265,1379.0981404277265
2004-07-18,1404.5,1404.5,240.6356815784367,240.6356815784367,1379.0070704220993,1379.0070704220993
2004-07-19,1404.5,1404.5,240.49506233778732,240.49506233778732,1378.921667800354,1378.921667800354
2004-07-20,1404.5,1404.5,240.3559486448316,240.3559486448316,1378.8280789575033,1378.8280789575033
2004-07-21,1404.5,1404.5,240.2136852278255,240.2136852278255,1378.7332306960407,1378.7332306960407
2004-07-22,1404.5,1404.5,240.07295228233897,240.07295228233897,1378.6372339384177,1378.6372339384177
2004-07-23,1404.5,1404.5,239.92506326565993,239.92506326565993,1378.5404965489088,1378.5404965489088
2004-07-24,1404.5,1404.5,239.77876178035902,239.77876178035902,1378.443269303404,1378.443269303404
2004-07-25,1404.5,1404.5,239.6296989693274,239.6296989693274,1378.3459022047177,1378.3459022047177
2004-07-26,1404.5,1404.5,239.4822368628392,239.4822368628392,1378.247905396597,1378.247905396597
2004-07-27,1404.5,1404.5,239.3363597787679,239.3363597787679,1378.1499085884761,1378.1499085884761
2004-07-28,1404.5,1404.5,239.1888048347618,239.1888048347618,1378.051282071178,1378.051282071178
2004-07-29,1404.5,1404.5,239.03323105970844,239.03323105970844,1378.0531711992244,1378.0531711992244
2004-07-30,1404.5,1404.5,238.88927430931494,238.88927430931494,1377.9541031466815,1377.9541031466815
2004-07-31,1404.5,1404.5,238.74443050177555,238.74443050177555,1377.8801687763714,1377.8801687763714
2004-08-01,1404.5,1404.5,238.59401644780414,238.59401644780414,1377.8801687763714,1377.8801687763714
2004-08-02,1404.5,1404.5,238.44779037850913,238.44779037850913,1377.8801687763714,1377.8801687763714
2004-08-03,1404.5,1404.5,238.3045778799142,238.3045778799142,1377.8801687763714,1377.8801687763714
2004-08-04,1404.5,1404.5,238.1588165395332,238.1588165395332,1377.8801687763714,1377.8801687763714
2004-08-05,1404.5,1404.5,238.01449425003102,238.01449425003102,1377.8801687763714,1377.8801687763714
2004-08-06,1404.5,1404.5,237.8649618201435,237.8649618201435,1377.8801687763714,1377.8801687763714
2004-08-07,1404.5,1404.5,237.71693715493998,237.71693715493998,1377.8801687763714,1377.8801687763714
2004-08-08,1404.5,1404.5,237.5704035023665,237.5704035023665,1377.8801687763714,1377.8801687763714
2004-08-09,1404.5,1404.5,237.4206535716011,237.4206535716011,1377.8801687763714,1377.8801687763714
2004-08-10,1404.5,1404.5,237.27238119514627,237.27238119514627,1377.8801687763714,1377.8801687763714
2004-08-11,1404.5,1404.5,237.12653533473238,237.12653533473238,1377.8801687763714,1377.8801687763714
2004-08-12,1404.5,1404.5,236.98146441234147,236.98146441234147,1377.887095578865,1377.887095578865
2004-08-13,1404.5,1404.5,236.84224084762317,236.84224084762317,1377.8801687763714,1377.8801687763714
2004-08-14,1404.5,1404.5,236.70379182134798,236.70379182134798,1377.8801687763714,1377.8801687763714
2004-08-15,1404.5,1404.5,236.56670485824765,236.56670485824765,1377.8801687763714,1377.8801687763714
2004-08-16,1404.5,1404.5,236.43096584065384,236.43096584065384,1377.8801687763714,1377.8801687763714
2004-08-17,1404.5,1404.5,236.29662094071773,236.29662094071773,1377.8801687763714,1377.8801687763714
2004-08-18,1404.5,1404.5,236.15374075785158,236.15374075785158,1377.8801687763714,1377.8801687763714
2004-08-19,1404.5,1404.5,236.0123039257669,236.0123039257669,1377.8801687763714,1377.8801687763714
2004-08-20,1404.5,1404.5,235.87227878715075,235.87227878715075,1377.8801687763714,1377.8801687763714
2004-08-21,1404.5,1404.5,235.7372467213877,235.7372467213877,1377.8801687763714,1377.8801687763714
2004-08-22,1404.5,1404.5,235.60415176937892,235.60415176937892,1377.8801687763714,1377.8801687763714
2004-08-23,1404.5,1404.5,235.47512233021303,235.47512233021303,1377.8801687763714,1377.8801687763714
2004-08-24,1404.5,1404.5,235.34729727199823,235.34729727199823,1377.8801687763714,1377.8801687763714
2004-08-25,1404.5,1404.5,235.22078555858985,235.22078555858985,1377.8801687763714,1377.8801687763714
2004-08-26,1404.5,1404.5,235.09527316182968,235.09527316182968,1377.8833173230296,1377.8833173230296
2004-08-27,1404.5,1404.5,234.97603281596852,234.97603281596852,1377.8801687763714,1377.8801687763714
2004-08-28,1404.5,1404.5,234.85766129339032,234.85766129339032,1377.8801687763714,1377.8801687763714
2004-08-29,1404.5,1404.5,234.7361340306985,234.7361340306985,1377.8801687763714,1377.8801687763714
2004-08-30,1404.5,1404.5,234.60650655255392,234.60650655255392,1377.8801687763714,1377.8801687763714
2004-08-31,1404.5,1404.5,234.47456966752011,234.47456966752011,1377.8801687763714,1377.8801687763714
2004-09-01,1404.5,1404.5,234.3431271752284,234.3431271752284,1377.8801687763714,1377.8801687763714
2004-09-02,1404.5,1404.5,234.21363940520516,234.21363940520516,1377.8801687763714,1377.8801687763714
2004-09-03,1404.5,1404.5,234.08545614578802,234.08545614578802,1377.8801687763714,1377.8801687763714
2004-09-04,1404.5,1404.5,233.96084965946804,233.96084965946804,1377.8801687763714,1377.8801687763714
2004-09-05,1404.5,1404.5,233.83739877854984,233.83739877854984,1377.8801687763714,1377.8801687763714
2004-09-06,1404.5,1404.5,233.7208705967219,233.7208705967219,1377.8801687763714,1377.8801687763714
2004-09-07,1404.5,1404.5,233.61252855283595,233.61252855283595,1377.8801687763714,1377.8801687763714
2004-09-08,1404.5,1404.5,233.505708383873,233.505708383873,1377.8801687763714,1377.8801687763714
2004-09-09,1404.5,1404.5,233.4048372513969,233.4048372513969,1377.8889847069115,1377.8889847069115
2004-09-10,1404.5,1404.5,233.30435415267914,233.30435415267914,1377.8801687763714,1377.8801687763714
2004-09-11,1404.5,1404.5,233.20390664405988,233.20390664405988,1377.8801687763714,1377.8801687763714
2004-09-12,1404.5,1404.5,233.10443543485883,233.10443543485883,1377.8801687763714,1377.8801687763714
2004-09-13,1404.5,1404.5,233.00662453155599,233.00662453155599,1377.8801687763714,1377.8801687763714
2004-09-14,1404.5,1404.5,232.91343475347043,232.91343475347043,1377.8801687763714,1377.8801687763714
2004-09-15,1404.5,1404.5,232.82707096675998,232.82707096675998,1377.8801687763714,1377.8801687763714
2004-09-16,1404.5,1404.5,232.7415406083756,232.7415406083756,1377.8801687763714,1377.8801687763714
2004-09-17,1404.5,1404.5,232.65084817669515,232.65084817669515,1377.8801687763714,1377.8801687763714
2004-09-18,1404.5,1404.5,232.56109797429184,232.56109797429184,1377.8801687763714,1377.8801687763714
2004-09-19,1404.5,1404.5,232.47383947630206,232.47383947630206,1377.8801687763714,1377.8801687763714
2004-09-20,1404.5,1404.5,232.39756294280997,232.39756294280997,1377.8801687763714,1377.8801687763714
2004-09-21,1404.5,1404.5,232.3186365254747,232.3186365254747,1377.8801687763714,1377.8801687763714
2004-09-22,1404.5,1404.5,232.2407210053032,232.2407210053032,1377.8801687763714,1377.8801687763714
2004-09-23,1404.5,1404.5,232.16327928448706,232.16327928448706,1377.8833173230296,1377.8833173230296
2004-09-24,1404.5,1404.5,232.0910752943877,232.0910752943877,1377.8801687763714,1377.8801687763714
2004-09-25,1404.5,1404.5,232.0192300889706,232.0192300889706,1377.8801687763714,1377.8801687763714
2004-09-26,1404.5,1404.5,231.94511471605068,231.94511471605068,1377.8801687763714,1377.8801687763714
2004-09-27,1404.5,1404.5,231.87177373131058,231.87177373131058,1377.8801687763714,1377.8801687763714
2004-09-28,1404.5,1404.5,231.7991993844574,231.7991993844574,1377.8801687763714,1377.8801687763714
2004-09-29,1404.5,1404.5,231.73089240071818,231.73089240071818,1377.8801687763714,1377.8801687763714
2004-09-30,1404.5,1404.5,231.6632904419664,231.6632904419664,1377.8801687763714,1377.8801687763714
2004-10-01,1404.5,1404.5,231.5927724996169,231.5927724996169,1377.8801687763714,1377.8801687763714
2004-10-02,1404.5,1404.5,231.48369662877863,231.48369662877863,1377.8801687763714,1377.8801687763714
2004-10-03,1404.5,1404.5,231.37567911324615,231.37567911324615,1377.8801687763714,1377.8801687763714
2004-10-04,1404.5,1404.5,231.2687855767541,231.2687855767541,1377.8801687763714,1377.8801687763714
2004-10-05,1404.5,1404.5,231.16859278755643,231.16859278755643,1377.8801687763714,1377.8801687763714
2004-10-06,1404.5,1404.5,231.06782807821946,231.06782807821946,1377.8801687763714,1377.8801687763714
2004-10-07,1404.5,1404.5,230.96709273777137,230.96709273777137,1377.8833173230296,1377.8833173230296
2004-10-08,1404.5,1404.5,230.86805627514508,230.86805627514508,1377.8801687763714,1377.8801687763714
2004-10-09,1404.5,1404.5,230.77698291728328,230.77698291728328,1377.8801687763714,1377.8801687763714
2004-10-10,1404.5,1404.5,230.68464060214467,230.68464060214467,1377.8801687763714,1377.8801687763714
2004-10-11,1404.5,1404.5,230.59662656490403,230.59662656490403,1377.8801687763714,1377.8801687763714
2004-10-12,1404.5,1404.5,230.51481743913973,230.51481743913973,1377.8801687763714,1377.8801687763714
2004-10-13,1404.5,1404.5,230.43104248358836,230.43104248358836,1377.8801687763714,1377.8801687763714
2004-10-14,1404.5,1404.5,230.34745510437648,230.34745510437648,1377.8801687763714,1377.8801687763714
2004-10-15,1404.5,1404.5,230.26967468769982,230.26967468769982,1377.8801687763714,1377.8801687763714
2004-10-16,1404.5,1404.5,230.19447196578815,230.19447196578815,1377.8801687763714,1377.8801687763714
2004-10-17,1404.5,1404.5,230.15118410893547,230.15118410893547,1378.0310567280521,1378.0310567280521
2004-10-18,1404.5,1404.5,230.26695686101303,230.26695686101303,1379.000754043809,1379.000754043809
2004-10-19,1404.5,1404.5,230.480969002152,230.480969002152,1379.898527106359,1379.898527106359
2004-10-20,1404.5,1404.5,231.06850237675496,231.06850237675496,1382.3428440940863,1382.3428440940863
2004-10-21,1404.5,1404.5,231.2837344420266,231.2837344420266,1382.9095304047444,1382.9095304047444
2004-10-22,1404.5,1404.5,231.25935124724555,231.25935124724555,1382.9702203448007,1382.9702203448007
2004-10-23,1404.5,1404.5,231.2328933426784,231.2328933426784,1383.0095001679417,1383.0095001679417
2004-10-24,1404.5,1404.5,231.22801355986866,231.22801355986866,1383.087533521441,1383.087533521441
2004-10-25,1404.5,1404.5,231.2299816897481,231.2299816897481,1383.235098602105,1383.235098602105
2004-10-26,1404.5,1404.5,231.30017803550584,231.30017803550584,1383.5004156319587,1383.5004156319587
2004-10-27,1404.5,1404.5,231.47052922809107,231.47052922809107,1383.893489676932,1383.893489676932
2004-10-28,1404.5,1404.5,231.50176016963349,231.50176016963349,1383.9473147025963,1383.9473147025963
2004-10-29,1404.5,1404.5,231.4812586347157,231.4812586347157,1383.9491817126234,1383.9491817126234
2004-10-30,1404.5,1404.5,231.4592446285139,231.4592446285139,1383.9482849983617,1383.9482849983617
2004-10-31,1404.5,1404.5,231.44093818593885,231.44093818593885,1383.9719408536853,1383.9719408536853
2004-11-01,1404.5,1404.5,231.427691337128,231.427691337128,1384.0064198095533,1384.0064198095533
2004-11-02,1404.5,1404.5,231.40584074487563,231.40584074487563,1384.1285764205015,1384.1285764205015
2004-11-03,1404.5,1404.5,231.37900739464664,231.37900739464664,1384.2486811755793,1384.2486811755793
2004-11-04,1404.5,1404.5,231.40564164534908,231.40564164534908,1384.3885256214794,1384.3885256214794
2004-11-05,1404.5,1404.5,231.4078345302538,231.4078345302538,1384.454855003057,1384.454855003057
2004-11-06,1404.5,1404.5,231.3933671291694,231.3933671291694,1384.5068130184682,1384.5068130184682
2004-11-07,1404.5,1404.5,231.37055916202416,231.37055916202416,1384.60740001812,1384.60740001812
2004-11-08,1404.5,1404.5,231.35320553932667,231.35320553932667,1384.7290038841202,1384.7290038841202
2004-11-09,1404.5,1404.5,231.3365178302522,231.3365178302522,1384.855100058294,1384.855100058294
2004-11-10,1404.5,1404.5,231.31784463780824,231.31784463780824,1384.9380117851533,1384.9380117851533
2004-11-11,1404.5,1404.5,231.30675261137077,231.30675261137077,1385.0749970327274,1385.0749970327274
2004-11-12,1404.5,1404.5,231.3256101519227,231.3256101519227,1385.2661194506757,1385.2661194506757
2004-11-13,1404.5,1404.5,231.3271581959501,231.3271581959501,1385.3683772471052,1385.3683772471052
2004-11-14,1404.5,1404.5,231.31030158402123,231.31030158402123,1385.4269682007646,1385.4269682007646
2004-11-15,1404.5,1404.5,231.28896648620074,231.28896648620074,1385.477211032183,1385.477211032183
2004-11-16,1404.5,1404.5,231.26861562560336,231.26861562560336,1385.5297217925422,1385.5297217925422
2004-11-17,1404.5,1404.5,231.2512150481346,231.2512150481346,1385.6093773497942,1385.6093773497942
2004-11-18,1404.5,1404.5,231.23515173894316,231.23515173894316,1385.6930009450718,1385.6930009450718
2004-11-19,1404.5,1404.5,231.21820188515423,231.21820188515423,1385.775912671931,1385.775912671931
2004-11-20,1404.5,1404.5,231.204224576914,231.204224576914,1385.8615881230794,1385.8615881230794
2004-11-21,1404.5,1404.5,231.18407134173893,231.18407134173893,1385.9386591794646,1385.9386591794646
2004-11-22,1404.5,1404.5,231.16351500454095,231.16351500454095,1386.0112563526127,1386.0112563526127
2004-11-23,1404.5,1404.5,231.1421083778479,231.1421083778479,1386.0615561336313,1386.0615561336313
2004-11-24,1404.5,1404.5,231.1284896893534,231.1284896893534,1386.1183515039422,1386.1183515039422
2004-11-25,1404.5,1404.5,231.11383275402696,231.11383275402696,1386.1774952025498,1386.1774952025498
2004-11-26,1404.5,1404.5,231.09224431149502,231.09224431149502,1386.231114802609,1386.231114802609
2004-11-27,1404.5,1404.5,231.11933297246395,231.11933297246395,1386.407708405935,1386.407708405935
2004-11-28,1404.5,1404.5,231.15214486740396,231.15214486740396,1386.5685571560239,1386.5685571560239
2004-11-29,1404.5,1404.5,231.149494347485,231.149494347485,1386.621067916383,1386.621067916383
2004-11-30,1404.5,1404.5,231.13385196639626,231.13385196639626,1386.6686039731128,1386.6686039731128
2004-12-01,1404.5,1404.5,231.11453272462163,231.11453272462163,1386.715034540172,1386.715034540172
2004-12-02,1404.5,1404.5,231.10005747122094,231.10005747122094,1386.797393522309,1386.797393522309
2004-12-03,1404.5,1404.5,231.07511133379572,231.07511133379572,1386.8598536899276,1386.8598536899276
2004-12-04,1404.5,1404.5,231.05592699472464,231.05592699472464,1386.9228666022682,1386.9228666022682
2004-12-05,1404.5,1404.5,231.03538230396907,231.03538230396907,1386.9914069631868,1386.9914069631868
2004-12-06,1404.5,1404.5,231.0196698811887,231.0196698811887,1387.0632637931164,1387.0632637931164
2004-12-07,1404.5,1404.5,231.06695207293484,231.06695207293484,1387.2817299526794,1387.2817299526794
2004-12-08,1404.5,1404.5,231.2041359412355,231.2041359412355,1387.5986506675683,1387.5986506675683
2004-12-09,1404.5,1404.5,231.287479401115,231.287479401115,1387.813668412635,1387.813668412635
2004-12-10,1404.5,1404.5,231.29137496196265,231.29137496196265,1388.0123284763238,1388.0123284763238
2004-12-11,1404.5,1404.5,231.28807554782483,231.28807554782483,1388.1947342755498,1388.1947342755498
2004-12-12,1404.5,1404.5,231.28418305012377,231.28418305012377,1388.4224651519387,1388.4224651519387
2004-12-13,1404.5,1404.5,231.28377985408667,231.28377985408667,1388.6852650144053,1388.6852650144053
2004-12-14,1404.5,1404.5,231.2800715437158,231.2800715437158,1388.9024937388128,1388.9024937388128
2004-12-15,1404.5,1404.5,231.27181792176907,231.27181792176907,1389.1324355947684,1389.1324355947684
2004-12-16,1404.5,1404.5,231.2717465087136,231.2717465087136,1389.3824652680942,1389.3824652680942
2004-12-17,1404.5,1404.5,231.25904716783847,231.25904716783847,1389.6057741858017,1389.6057741858017
2004-12-18,1404.5,1404.5,231.24355868292503,231.24355868292503,1389.8125007582275,1389.8125007582275
2004-12-19,1404.5,1404.5,231.22932279185403,231.22932279185403,1390.0181452927172,1390.0181452927172
2004-12-20,1404.5,1404.5,231.21636107141043,231.21636107141043,1390.2143050104096,1390.2143050104096
2004-12-21,1404.5,1404.5,231.19934543665798,231.19934543665798,1390.4041176740216,1390.4041176740216
2004-12-22,1404.5,1404.5,231.18382857007367,231.18382857007367,1390.5877314135869,1390.5877314135869
2004-12-23,1404.5,1404.5,231.16817444157684,231.16817444157684,1390.7823293244096,1390.7823293244096
2004-12-24,1404.5,1404.5,231.1534987559994,231.1534987559994,1390.9686383883493,1390.9686383883493
2004-12-25,1404.5,1404.5,231.14212118413246,231.14212118413246,1391.1588084962523,1391.1588084962523
2004-12-26,1404.5,1404.5,231.13239086762792,231.13239086762792,1391.3484794701253,1391.3484794701253
2004-12-27,1404.5,1404.5,231.12598076300898,231.12598076300898,1391.5354325779815,1391.5354325779815
2004-12-28,1404.5,1404.5,231.1855224502432,231.1855224502432,1391.7872860052323,1391.7872860052323
2004-12-29,1404.5,1404.5,231.28296891675575,231.28296891675575,1392.052335895229,1392.052335895229
2004-12-30,1404.5,1404.5,231.45073144193384,231.45073144193384,1392.3343466852757,1392.3343466852757
2004-12-31,1404.5,1404.5,231.82331733780376,231.82331733780376,1392.8121050047941,1392.8121050047941
2005-01-01,1404.5,1404.5,232.0637900679435,232.0637900679435,1393.1923550546437,1393.1923550546437
2005-01-02,1404.5,1404.5,232.13397745383716,232.13397745383716,1393.3826577771586,1393.3826577771586
2005-01-03,1404.5,1404.5,232.21813261875525,232.21813261875525,1393.579316629085,1393.579316629085
2005-01-04,1404.5,1404.5,232.30394692381864,232.30394692381864,1393.7786444580784,1393.7786444580784
2005-01-05,1404.5,1404.5,232.35965942661514,232.35965942661514,1393.9753033100048,1393.9753033100048
2005-01-06,1404.5,1404.5,232.41211438594527,232.41211438594527,1394.1699656251988,1394.1699656251988
2005-01-07,1404.5,1404.5,232.47515082315093,232.47515082315093,1394.3601357331017,1394.3601357331017
2005-01-08,1404.5,1404.5,232.65858528087566,232.65858528087566,1394.5834802574764,1394.5834802574764
2005-01-09,1404.5,1404.5,233.11422676826749,233.11422676826749,1394.9347846254764,1394.9347846254764
2005-01-10,1404.5,1404.5,233.65139964005945,233.65139964005945,1395.5527419675532,1395.5527419675532
2005-01-11,1404.5,1404.5,234.2388090283679,234.2388090283679,1396.2886213342658,1396.2886213342658
2005-01-12,1404.5,1404.5,234.62023525140543,234.62023525140543,1396.591719570825,1396.591719570825
2005-01-13,1404.5,1404.5,234.85747053471715,234.85747053471715,1396.8818639521412,1396.8818639521412
2005-01-14,1404.5,1404.5,235.07831938824566,235.07831938824566,1397.1678821173173,1397.1678821173173
2005-01-15,1404.5,1404.5,235.29436555460822,235.29436555460822,1397.4445240420225,1397.4445240420225
2005-01-16,1404.5,1404.5,235.5039474202096,235.5039474202096,1397.710761963585,1397.710761963585
2005-01-17,1404.5,1404.5,235.71236154623787,235.71236154623787,1397.9770371326001,1397.9770371326001
2005-01-18,1404.5,1404.5,235.91276425763016,235.91276425763016,1398.2309472217094,1398.2309472217094
2005-01-19,1404.5,1404.5,236.1037785028051,236.1037785028051,1398.4822074227975,1398.4822074227975
2005-01-20,1404.5,1404.5,236.29456353517642,236.29456353517642,1398.7656911668341,1398.7656911668341
2005-01-21,1404.5,1404.5,236.46421155008557,236.46421155008557,1399.0288889006822,1399.0288889006822
2005-01-22,1404.5,1404.5,236.62212450776187,236.62212450776187,1399.2849377899618,1399.2849377899618
2005-01-23,1404.5,1404.5,236.77525472238744,236.77525472238744,1399.5515862313264,1399.5515862313264
2005-01-24,1404.5,1404.5,236.9250289504466,236.9250289504466,1399.8178614003416,1399.8178614003416
2005-01-25,1404.5,1404.5,237.07796785611254,237.07796785611254,1400.0972096723974,1400.0972096723974
2005-01-26,1404.5,1404.5,237.27413945601896,237.27413945601896,1400.5030332184137,1400.5030332184137
2005-01-27,1404.5,1404.5,237.54739227297605,237.54739227297605,1401.185254032382,1401.185254032382
2005-01-28,1404.5,1404.5,237.79742733315723,237.79742733315723,1401.5616040294528,1401.5616040294528
2005-01-29,1404.5,1404.5,238.04316176028138,238.04316176028138,1401.8529092986387,1401.8529092986387
2005-01-30,1404.5,1404.5,238.27323816735444,238.27323816735444,1401.978220998479,1401.978220998479
2005-01-31,1404.5,1404.5,238.52801705989935,238.52801705989935,1401.8635711693423,1401.8635711693423
2005-02-01,1404.5,1404.5,238.7192677671995,238.7192677671995,1402.204153430578,1402.204153430578
2005-02-02,1404.5,1404.5,238.87345705844874,238.87345705844874,1402.4157432548259,1402.4157432548259
2005-02-03,1404.5,1404.5,239.0151383673764,239.0151383673764,1402.6007811020115,1402.6007811020115
2005-02-04,1404.5,1404.5,239.1450199577679,239.1450199577679,1402.7560095805493,1402.7560095805493
2005-02-05,1404.5,1404.5,239.28206363435825,239.28206363435825,1402.8653356943528,1402.8653356943528
2005-02-06,1404.5,1404.5,239.4273585838094,239.4273585838094,1402.8811134723032,1402.8811134723032
2005-02-07,1404.5,1404.5,239.59617350355185,239.59617350355185,1402.6968957642025,1402.6968957642025
2005-02-08,1404.5,1404.5,239.87437947274015,239.87437947274015,1402.8680638613798,1402.8680638613798
2005-02-09,1404.5,1404.5,240.14338254146813,240.14338254146813,1403.026321685987,1403.026321685987
2005-02-10,1404.5,1404.5,240.4105300386139,240.4105300386139,1403.1665005788514,1403.1665005788514
2005-02-11,1404.5,1404.5,240.67346850372493,240.67346850372493,1403.2732803818099,1403.2732803818099
2005-02-12,1404.5,1404.5,240.9325262711936,240.9325262711936,1403.3299773810088,1403.3299773810088
2005-02-13,1404.5,1404.5,241.18625102183174,241.18625102183174,1403.2742531553495,1403.2742531553495
2005-02-14,1404.5,1404.5,241.46569703002234,241.46569703002234,1403.0018891810564,1403.0018891810564
2005-02-15,1404.5,1404.5,241.69724278933762,241.69724278933762,1403.17267352266,1403.17267352266
2005-02-16,1404.5,1404.5,242.0200031997825,242.0200031997825,1403.5128124485148,1403.5128124485148
2005-02-17,1404.5,1404.5,242.3313197727041,242.3313197727041,1403.7847531128045,1403.7847531128045
2005-02-18,1404.5,1404.5,242.61139926231874,242.61139926231874,1403.96957157929,1403.96957157929
2005-02-19,1404.5,1404.5,242.91468335235882,242.91468335235882,1404.1314752116245,1404.1314752116245
2005-02-20,1404.5,1404.5,243.28839339433316,243.28839339433316,1404.2200234384666,1404.2200234384666
2005-02-21,1404.5,1404.5,243.68394866721022,243.68394866721022,1404.1542277318777,1404.1542277318777
2005-02-22,1404.5,1404.5,244.02593097287567,244.02593097287567,1404.570564638233,1404.570564638233
2005-02-23,1404.5,1404.5,244.34326286266895,244.34326286266895,1404.821912232099,1404.821912232099
2005-02-24,1404.5,1404.5,244.6586140606479,244.6586140606479,1405.0371138000546,1405.0371138000546
2005-02-25,1404.5,1404.5,244.68037678181923,244.68037678181923,1405.2092345404267,1405.2092345404267
2005-02-26,1404.5,1404.5,244.67850253128384,244.67850253128384,1405.3176745276207,1405.3176745276207
2005-02-27,1404.5,1404.5,244.68249386465828,244.68249386465828,1405.2909920216234,1405.2909920216234
2005-02-28,1404.5,1404.5,244.7521209317221,244.7521209317221,1405.0712171886246,1405.0712171886246
2005-03-01,1404.5,1404.5,244.66136469918015,244.66136469918015,1405.30470162276,1405.30470162276
2005-03-02,1404.5,1404.5,244.63773423759596,244.63773423759596,1405.4857693651375,1405.4857693651375
2005-03-03,1404.5,1404.5,244.6313560569966,244.6313560569966,1405.6625362111029,1405.6625362111029
2005-03-04,1404.5,1404.5,244.62578753089707,244.62578753089707,1405.832421622633,1405.832421622633
2005-03-05,1404.5,1404.5,244.62483050464425,244.62483050464425,1406.006705299936,1406.006705299936
2005-03-06,1404.5,1404.5,244.61510984523161,244.61510984523161,1406.1666820008493,1406.1666820008493
2005-03-07,1404.5,1404.5,244.61321078826768,244.61321078826768,1406.3318364262384,1406.3318364262384
2005-03-08,1404.5,1404.5,244.61097153792025,244.61097153792025,1406.501594954956,1406.501594954956
2005-03-09,1404.5,1404.5,244.6118790903923,244.6118790903923,1406.6886024751202,1406.6886024751202
2005-03-10,1404.5,1404.5,244.62006197391847,244.62006197391847,1406.8907446103565,1406.8907446103565
2005-03-11,1404.5,1404.5,244.62297027797698,244.62297027797698,1407.1140047780627,1407.1140047780627
2005-03-12,1404.5,1404.5,244.6305312059517,244.6305312059517,1407.365607223005,1407.365607223005
2005-03-13,1404.5,1404.5,244.62540678645485,244.62540678645485,1407.6202202955237,1407.6202202955237
2005-03-14,1404.5,1404.5,244.6377536393354,244.6377536393354,1407.9424954248552,1407.9424954248552
2005-03-15,1404.5,1404.5,244.62082037175037,244.62082037175037,1408.2094656180238,1408.2094656180238
2005-03-16,1404.5,1404.5,244.61028253145344,244.61028253145344,1408.4306859537105,1408.4306859537105
2005-03-17,1404.5,1404.5,244.61143468686254,244.61143468686254,1408.6730502604844,1408.6730502604844
2005-03-18,1404.5,1404.5,244.60852831447752,244.60852831447752,1408.9219209916423,1408.9219209916423
2005-03-19,1404.5,1404.5,244.63278781308102,244.63278781308102,1409.187871086705,1409.187871086705
2005-03-20,1404.5,1404.5,244.74627692203686,244.74627692203686,1409.6646102500183,1409.6646102500183
2005-03-21,1404.5,1404.5,244.70173796537034,244.70173796537034,1409.9834250428494,1409.9834250428494
2005-03-22,1404.5,1404.5,244.733328821305,244.733328821305,1410.2894631072745,1410.2894631072745
2005-03-23,1404.5,1404.5,244.95750899930468,244.95750899930468,1410.7703851763833,1410.7703851763833
2005-03-24,1404.5,1404.5,244.93260983733725,244.93260983733725,1411.1196988333181,1411.1196988333181
2005-03-25,1404.5,1404.5,244.7839993894722,244.7839993894722,1411.3975214832062,1411.3975214832062
2005-03-26,1404.5,1404.5,244.7485290578501,244.7485290578501,1411.6685770224678,1411.6685770224678
2005-03-27,1404.5,1404.5,244.74647517675024,244.74647517675024,1411.9468697662799,1411.9468697662799
2005-03-28,1404.5,1404.5,244.80883907773276,244.80883907773276,1412.2845305317157,1412.2845305317157
2005-03-29,1404.5,1404.5,244.84162350429838,244.84162350429838,1412.222358859891,1412.222358859891
2005-03-30,1404.5,1404.5,244.853481585344,244.853481585344,1411.7139680970688,1411.7139680970688
2005-03-31,1404.5,1404.5,244.95349516913157,244.95349516913157,1410.4056174342884,1410.4056174342884
2005-04-01,1404.5,1404.5,245.17877546420357,245.17877546420357,1407.4916855029064,1407.4916855029064
2005-04-02,1404.5,1404.5,245.8260926157753,245.8260926157753,1401.0279533642636,1401.0279533642636
2005-04-03,1404.5,1404.5,247.28683288051508,247.28683288051508,1385.980093945403,1385.980093945403
2005-04-04,1404.5,1404.5,247.82100527097265,247.82100527097265,1377.8801687763714,1377.8801687763714
2005-04-05,1404.5,1404.5,247.6250944356811,247.6250944356811,1378.250685922633,1378.250685922633
2005-04-06,1404.5,1404.5,247.4162454170248,247.4162454170248,1378.6164611669747,1378.6164611669747
2005-04-07,1404.5,1404.5,247.18979780803735,247.18979780803735,1378.9999541416075,1378.9999541416075
2005-04-08,1404.5,1404.5,246.89700650826396,246.89700650826396,1379.4531731116751,1379.4531731116751
2005-04-09,1404.5,1404.5,246.54568484770812,246.54568484770812,1379.8184045160506,1379.8184045160506
2005-04-10,1404.5,1404.5,246.17540346454788,246.17540346454788,1380.1697823154389,1380.1697823154389
2005-04-11,1404.5,1404.5,245.79537180137754,245.79537180137754,1380.5226962240338,1380.5226962240338
2005-04-12,1404.5,1404.5,245.40936683762047,245.40936683762047,1380.8784819886919,1380.8784819886919
2005-04-13,1404.5,1404.5,245.03502549333504,245.03502549333504,1381.2687681912616,1381.2687681912616
2005-04-14,1404.5,1404.5,244.63954657441423,244.63954657441423,1381.613219188156,1381.613219188156
2005-04-15,1404.5,1404.5,244.22864899114944,244.22864899114944,1381.9347525823418,1381.9347525823418
2005-04-16,1404.5,1404.5,243.81009934160156,243.81009934160156,1382.2527557878734,1382.2527557878734
2005-04-17,1404.5,1404.5,243.40782662023244,243.40782662023244,1382.626803122789,1382.626803122789
2005-04-18,1404.5,1404.5,243.33972650475496,243.33972650475496,1383.0707481920758,1383.0707481920758
2005-04-19,1404.5,1404.5,243.24335177980757,243.24335177980757,1383.4346629315273,1383.4346629315273
2005-04-20,1404.5,1404.5,243.12802650018378,243.12802650018378,1383.7710803640632,1383.7710803640632
2005-04-21,1404.5,1404.5,243.00412433489976,243.00412433489976,1384.0576203472704,1384.0576203472704
2005-04-22,1404.5,1404.5,242.8810093554977,242.8810093554977,1384.3444949222667,1384.3444949222667
2005-04-23,1404.5,1404.5,242.76014080543206,242.76014080543206,1384.646846352874,1384.646846352874
2005-04-24,1404.5,1404.5,242.64351867606106,242.64351867606106,1384.9563834664518,1384.9563834664518
2005-04-25,1404.5,1404.5,242.5137065129685,242.5137065129685,1385.2509964693666,1385.2509964693666
2005-04-26,1404.5,1404.5,242.37049874034912,242.37049874034912,1385.5284408822074,1385.5284408822074
2005-04-27,1404.5,1404.5,242.24282608166783,242.24282608166783,1385.8328357938371,1385.8328357938371
2005-04-28,1404.5,1404.5,242.17428759017275,242.17428759017275,1386.246288938463,1386.246288938463
2005-04-29,1404.5,1404.5,242.08321439492127,242.08321439492127,1386.618537467363,1386.618537467363
2005-04-30,1404.5,1404.5,241.94574178327392,241.94574178327392,1386.9236526222594,1386.9236526222594
2005-05-01,1404.5,1404.5,241.82672121913757,241.82672121913757,1387.260341232789,1387.260341232789
2005-05-02,1404.5,1404.5,241.74822138385437,241.74822138385437,1387.6467306282852,1387.6467306282852
2005-05-03,1404.5,1404.5,241.6994951264258,241.6994951264258,1387.4642729307827,1387.4642729307827
2005-05-04,1404.5,1404.5,241.74376798486725,241.74376798486725,1386.8287239359722,1386.8287239359722
2005-05-05,1404.5,1404.5,241.97166315579585,241.97166315579585,1385.2232198580562,1385.2232198580562
2005-05-06,1404.5,1404.5,242.50934488864826,242.50934488864826,1381.3177101481722,1381.3177101481722
2005-05-07,1404.5,1404.5,242.77681931530978,242.77681931530978,1377.8801687763714,1377.8801687763714
2005-05-08,1404.5,1404.5,242.70507283654916,242.70507283654916,1377.8801687763714,1377.8801687763714
2005-05-09,1404.5,1404.5,242.95655619777366,242.95655619777366,1377.9838111762515,1377.9838111762515
2005-05-10,1404.5,1404.5,243.10670345445098,243.10670345445098,1378.1115830431768,1378.1115830431768
2005-05-11,1404.5,1404.5,243.10003170802347,243.10003170802347,1377.8801687763714,1377.8801687763714
2005-05-12,1404.5,1404.5,243.0729677534351,243.0729677534351,1377.8801687763714,1377.8801687763714
2005-05-13,1404.5,1404.5,243.08341742874921,243.08341742874921,1377.8801687763714,1377.8801687763714
2005-05-14,1404.5,1404.5,243.17582194859799,243.17582194859799,1377.8801687763714,1377.8801687763714
2005-05-15,1404.5,1404.5,243.37318794649673,243.37318794649673,1377.8801687763714,1377.8801687763714
2005-05-16,1404.5,1404.5,243.96860833907957,243.96860833907957,1377.8801687763714,1377.8801687763714
2005-05-17,1404.5,1404.5,244.43895675987147,244.43895675987147,1378.5689244834907,1378.5689244834907
2005-05-18,1404.5,1404.5,244.64644778789554,244.64644778789554,1378.0024811320402,1378.0024811320402
2005-05-19,1404.5,1404.5,244.8560255634174,244.8560255634174,1377.8801687763714,1377.8801687763714
2005-05-20,1404.5,1404.5,245.10440508110548,245.10440508110548,1377.8801687763714,1377.8801687763714
2005-05-21,1404.5,1404.5,245.39789598161894,245.39789598161894,1377.8801687763714,1377.8801687763714
2005-05-22,1404.5,1404.5,245.65062807349491,245.65062807349491,1377.8801687763714,1377.8801687763714
2005-05-23,1404.5,1404.5,245.9630024248638,245.9630024248638,1377.8801687763714,1377.8801687763714
2005-05-24,1404.5,1404.5,246.25994834168822,246.25994834168822,1378.602541358537,1378.602541358537
2005-05-25,1404.5,1404.5,246.61812943624835,246.61812943624835,1378.8885903565676,1378.8885903565676
2005-05-26,1404.5,1404.5,247.0939733237744,247.0939733237744,1378.1534830945027,1378.1534830945027
2005-05-27,1404.5,1404.5,247.51358470783862,247.51358470783862,1377.8801687763714,1377.8801687763714
2005-05-28,1404.5,1404.5,247.90560184824275,247.90560184824275,1377.8801687763714,1377.8801687763714
2005-05-29,1404.5,1404.5,248.3085013946115,248.3085013946115,1377.8801687763714,1377.8801687763714
2005-05-30,1404.5,1404.5,248.5969195083772,248.5969195083772,1377.8801687763714,1377.8801687763714
2005-05-31,1404.5,1404.5,248.73851128885872,248.73851128885872,1379.4985217236963,1379.4985217236963
2005-06-01,1404.5,1404.5,248.93356238877763,248.93356238877763,1381.5689760454177,1381.5689760454177
2005-06-02,1404.5,1404.5,249.17727079613155,249.17727079613155,1383.4259305156174,1383.4259305156174
2005-06-03,1404.5,1404.5,249.41103393194786,249.41103393194786,1385.1054463721434,1385.1054463721434
2005-06-04,1404.5,1404.5,249.59853538625768,249.59853538625768,1386.801769384336,1386.801769384336
2005-06-05,1404.5,1404.5,249.77966560457946,249.77966560457946,1388.3852678660337,1388.3852678660337
2005-06-06,1404.5,1404.5,249.94180519297723,249.94180519297723,1389.958695329724,1389.958695329724
2005-06-07,1404.5,1404.5,250.03109890036453,250.03109890036453,1391.1223504151499,1391.1223504151499
2005-06-08,1404.5,1404.5,250.07226103528168,250.07226103528168,1391.8309107203752,1391.8309107203752
2005-06-09,1404.5,1404.5,250.1257565098705,250.1257565098705,1392.6032773093832,1392.6032773093832
2005-06-10,1404.5,1404.5,250.18582054438883,250.18582054438883,1393.4480135088593,1393.4480135088593
2005-06-11,1404.5,1404.5,250.2531143884348,250.2531143884348,1394.2708827927033,1394.2708827927033
2005-06-12,1404.5,1404.5,250.3386586984087,250.3386586984087,1395.1556114345506,1395.1556114345506
2005-06-13,1404.5,1404.5,250.4469892822289,250.4469892822289,1396.1299639413312,1396.1299639413312
2005-06-14,1404.5,1404.5,250.59776236676498,250.59776236676498,1397.2717207496212,1397.2717207496212
2005-06-15,1404.5,1404.5,250.76863858612455,250.76863858612455,1398.4883771573395,1398.4883771573395
2005-06-16,1404.5,1404.5,250.93734028838202,250.93734028838202,1399.6828485037965,1399.6828485037965
2005-06-17,1404.5,1404.5,251.1231885534644,251.1231885534644,1400.8155274057428,1400.8155274057428
2005-06-18,1404.5,1404.5,251.2056159156726,251.2056159156726,1401.5804188085817,1401.5804188085817
2005-06-19,1404.5,1404.5,251.27317875866115,251.27317875866115,1402.2008628585324,1402.2008628585324
2005-06-20,1404.5,1404.5,251.34711780641854,251.34711780641854,1402.8225236174558,1402.8225236174558
2005-06-21,1404.5,1404.5,251.4364058866599,251.4364058866599,1403.487174573771,1403.487174573771
2005-06-22,1404.5,1404.5,251.57147076753262,251.57147076753262,1404.2913231529621,1404.2913231529621
2005-06-23,1404.5,1404.5,251.72604465119065,251.72604465119065,1405.1736484760438,1405.1736484760438
2005-06-24,1404.5,1404.5,251.89258942179515,251.89258942179515,1406.0892356293245,1406.0892356293245
2005-06-25,1404.5,1404.5,252.0522928946426,252.0522928946426,1407.0291893161066,1407.0291893161066
2005-06-26,1404.5,1404.5,252.20911897016092,252.20911897016092,1407.9123258143757,1407.9123258143757
2005-06-27,1404.5,1404.5,252.3521269119645,252.3521269119645,1408.717467079852,1408.717467079852
2005-06-28,1404.5,1404.5,252.51039218061442,252.51039218061442,1409.5647551527632,1409.5647551527632
2005-06-29,1404.5,1404.5,252.67644450350028,252.67644450350028,1410.452684718012,1410.452684718012
2005-06-30,1404.5,1404.5,252.8456560354884,252.8456560354884,1411.3621081574952,1411.3621081574952
2005-07-01,1410.3069752084425,1410.3069752084425,253.0,253.0,1412.2936490035725,1412.2936490035725
2005-07-02,1411.6396385707349,1411.6396385707349,253.0,253.0,1413.3013877609894,1413.3013877609894
2005-07-03,1412.3524031363672,1412.3524031363672,253.0,253.0,1414.2276912693992,1414.2276912693992
2005-07-04,1412.985330172546,1412.985330172546,253.0,253.0,1415.0764315149095,1415.0764315149095
2005-07-05,1413.4906746007148,1413.4906746007148,253.0,253.0,1415.8923190757016,1415.8923190757016
2005-07-06,1413.7484577822927,1413.7484577822927,253.0,253.0,1416.6826521930993,1416.6826521930993
2005-07-07,1413.681112624956,1413.681112624956,253.0,253.0,1417.4720829244484,1417.4720829244484
2005-07-08,1413.5978167125968,1413.5978167125968,253.0,253.0,1418.215148386372,1418.215148386372
2005-07-09,1413.1965537453113,1413.1965537453113,253.0,253.0,1418.8111583188704,1418.8111583188704
2005-07-10,1412.7297419535155,1412.7297419535155,253.0,253.0,1419.3708751889048,1419.3708751889048
2005-07-11,1412.143400953849,1412.143400953849,253.0,253.0,1419.9073817886326,1419.9073817886326
2005-07-12,1411.5629003683698,1411.5629003683698,253.0,253.0,1420.434641483704,1420.434641483704
2005-07-13,1410.9812675302446,1410.9812675302446,253.0,253.0,1420.9512199277935,1420.9512199277935
2005-07-14,1410.5776083771825,1410.5776083771825,253.0,253.0,1421.4447032225826,1421.4447032225826
2005-07-15,1409.7117182672166,1409.7117182672166,253.0,253.0,1421.8908606813839,1421.8908606813839
2005-07-16,1404.5,1404.5,252.96948274461172,252.96948274461172,1422.2967855870488,1422.2967855870488
2005-07-17,1404.5,1404.5,252.9407978233295,252.9407978233295,1422.6222932420867,1422.6222932420867
2005-07-18,1404.5,1404.5,252.91271911943923,252.91271911943923,1422.9448075805483,1422.9448075805483
2005-07-19,1404.5,1404.5,252.79618938495372,252.79618938495372,1423.2653595762042,1423.2653595762042
2005-07-20,1404.5,1404.5,252.71414819306733,252.71414819306733,1423.5794193692052,1423.5794193692052
2005-07-21,1404.5,1404.5,252.6192631319618,252.6192631319618,1423.8700826114548,1423.8700826114548
2005-07-22,1404.5,1404.5,252.5188506108122,252.5188506108122,1424.1519176824927,1424.1519176824927
2005-07-23,1404.5,1404.5,252.40944464292335,252.40944464292335,1424.3972389910034,1424.3972389910034
2005-07-24,1404.5,1404.5,252.2959891857764,252.2959891857764,1424.6153908418196,1424.6153908418196
2005-07-25,1404.5,1404.5,252.1777524982536,252.1777524982536,1424.8382535442934,1424.8382535442934
2005-07-26,1404.5,1404.5,252.05280317751948,252.05280317751948,1425.0437672346636,1425.0437672346636
2005-07-27,1404.5,1404.5,251.91675330571428,251.91675330571428,1425.2418435553247,1425.2418435553247
2005-07-28,1404.5,1404.5,251.78218046118113,251.78218046118113,1425.447021349195,1425.447021349195
2005-07-29,1404.5,1404.5,251.648414868841,251.648414868841,1425.648231338568,1425.648231338568
2005-07-30,1404.5,1404.5,251.49606934763628,251.49606934763628,1425.86075358309,1425.86075358309
2005-07-31,1404.5,1404.5,251.3554830577881,251.3554830577881,1426.0020174703643,1426.0020174703643
2005-08-01,1404.5,1404.5,251.20898232924034,251.20898232924034,1426.1366938621657,1426.1366938621657
2005-08-02,1404.5,1404.5,251.04340988105588,251.04340988105588,1426.2534179001789,1426.2534179001789
2005-08-03,1404.5,1404.5,250.88495779213795,250.88495779213795,1426.3580962319827,1426.3580962319827
2005-08-04,1404.5,1404.5,250.72776415721668,250.72776415721668,1426.461394542156,1426.461394542156
2005-08-05,1404.5,1404.5,250.56690455954794,250.56690455954794,1426.495234712827,1426.495234712827
2005-08-06,1404.5,1404.5,250.4079959161966,250.4079959161966,1426.5255823421007,1426.5255823421007
2005-08-07,1404.5,1404.5,250.24934326985584,250.24934326985584,1426.554792669536,1426.554792669536
2005-08-08,1404.5,1404.5,250.0892290292686,250.0892290292686,1426.5771514290836,1426.5771514290836
2005-08-09,1404.5,1404.5,249.92723533312503,249.92723533312503,1426.5937400260354,1426.5937400260354
2005-08-10,1404.5,1404.5,249.7675442028893,249.7675442028893,1426.6095629682325,1426.6095629682325
2005-08-11,1404.5,1404.5,249.60849626578343,249.60849626578343,1426.6239001255908,1426.6239001255908
2005-08-12,1404.5,1404.5,249.4506519823096,249.4506519823096,1426.6348413492412,1426.6348413492412
2005-08-13,1404.5,1404.5,249.28420005622758,249.28420005622758,1426.6992910771103,1426.6992910771103
2005-08-14,1404.5,1404.5,249.12312024018686,249.12312024018686,1426.70515854495,1426.70515854495
2005-08-15,1404.5,1404.5,248.96744233664492,248.96744233664492,1426.707033719993,1426.707033719993
2005-08-16,1404.5,1404.5,248.82625996108638,248.82625996108638,1426.7284357690803,1426.7284357690803
2005-08-17,1404.5,1404.5,248.67415791926192,248.67415791926192,1426.7282187790927,1426.7282187790927
2005-08-18,1404.5,1404.5,248.52286592446308,248.52286592446308,1426.727850586068,1426.727850586068
2005-08-19,1404.5,1404.5,248.376495886003,248.376495886003,1426.7268419273912,1426.7268419273912
2005-08-20,1404.5,1404.5,248.23163704679385,248.23163704679385,1426.7252301607168,1426.7252301607168
2005-08-21,1404.5,1404.5,248.08822072379633,248.08822072379633,1426.7227524189443,1426.7227524189443
2005-08-22,1404.5,1404.5,247.94628219385254,247.94628219385254,1426.71939718134,1426.71939718134
2005-08-23,1404.5,1404.5,247.80583192120048,247.80583192120048,1426.7149958611492,1426.7149958611492
2005-08-24,1404.5,1404.5,247.6681822291019,247.6681822291019,1426.7101002337295,1426.7101002337295
2005-08-25,1404.5,1404.5,247.53167891886835,247.53167891886835,1426.7044769793542,1426.7044769793542
2005-08-26,1404.5,1404.5,247.402811940867,247.402811940867,1426.6981353959625,1426.6981353959625
2005-08-27,1404.5,1404.5,247.2674844751778,247.2674844751778,1426.7469525810022,1426.7469525810022
2005-08-28,1404.5,1404.5,247.14022566105686,247.14022566105686,1426.7394130131947,1426.7394130131947
2005-08-29,1404.5,1404.5,247.01485155828917,247.01485155828917,1426.73222213963,1426.73222213963
2005-08-30,1404.5,1404.5,246.89364354519392,246.89364354519392,1426.7193703541845,1426.7193703541845
2005-08-31,1404.5,1404.5,246.76525739463554,246.76525739463554,1426.7031134320125,1426.7031134320125
2005-09-01,1404.5,1404.5,246.6393974484224,246.6393974484224,1426.686159121497,1426.686159121497
2005-09-02,1404.5,1404.5,246.51901332809229,246.51901332809229,1426.6991925103202,1426.6991925103202
2005-09-03,1404.5,1404.5,246.3999606383085,246.3999606383085,1426.7128558732231,1426.7128558732231
2005-09-04,1404.5,1404.5,246.28218191151907,246.28218191151907,1426.7241457911164,1426.7241457911164
2005-09-05,1404.5,1404.5,246.16566720033757,246.16566720033757,1426.733394685781,1426.733394685781
2005-09-06,1404.5,1404.5,246.04943891898114,246.04943891898114,1426.7408489677139,1426.7408489677139
2005-09-07,1404.5,1404.5,245.93639169464583,245.93639169464583,1426.7472571670605,1426.7472571670605
2005-09-08,1404.5,1404.5,245.8246395676803,245.8246395676803,1426.7533166723067,1426.7533166723067
2005-09-09,1404.5,1404.5,245.71988096179786,245.71988096179786,1426.7583300949664,1426.7583300949664
2005-09-10,1404.5,1404.5,245.60675401562202,245.60675401562202,1426.8172594110576,1426.8172594110576
2005-09-11,1404.5,1404.5,245.50441909522527,245.50441909522527,1426.818437197757,1426.818437197757
2005-09-12,1404.5,1404.5,245.40661331415936,245.40661331415936,1426.819030340503,1426.819030340503
2005-09-13,1404.5,1404.5,245.31572704723243,245.31572704723243,1426.8188133505157,1426.8188133505157
2005-09-14,1404.5,1404.5,245.22818029353732,245.22818029353732,1426.8168528895983,1426.8168528895983
2005-09-15,1404.5,1404.5,245.14820233070833,245.14820233070833,1426.8131582564029,1426.8131582564029
2005-09-16,1404.5,1404.5,245.0709695224797,245.0709695224797,1426.8067205622378,1426.8067205622378
2005-09-17,1404.5,1404.5,244.99461898571846,244.99461898571846,1426.7991809944303,1426.7991809944303
2005-09-18,1404.5,1404.5,244.91914216013288,244.91914216013288,1426.7898979558354,1426.7898979558354
2005-09-19,1404.5,1404.5,244.84452997097037,244.84452997097037,1426.779568834654,1426.779568834654
2005-09-20,1404.5,1404.5,244.77284880456233,244.77284880456233,1426.7799562479165,1426.7799562479165
2005-09-21,1404.5,1404.5,244.71671592340925,244.71671592340925,1426.8543598121043,1426.8543598121043
2005-09-22,1404.5,1404.5,244.64812990762837,244.64812990762837,1426.876807943778,1426.876807943778
2005-09-23,1404.5,1404.5,244.57688578481054,244.57688578481054,1426.8640379633232,1426.8640379633232
2005-09-24,1404.5,1404.5,244.4978018244737,244.4978018244737,1426.9058812647859,1426.9058812647859
2005-09-25,1404.5,1404.5,244.42818862287152,244.42818862287152,1426.8910876958428,1426.8910876958428
2005-09-26,1404.5,1404.5,244.35960309893733,244.35960309893733,1426.8755281620142,1426.8755281620142
2005-09-27,1404.5,1404.5,244.29199480859896,244.29199480859896,1426.8650151369495,1426.8650151369495
2005-09-28,1404.5,1404.5,244.22524988375955,244.22524988375955,1426.8531889554786,1426.8531889554786
2005-09-29,1404.5,1404.5,244.15887964747122,244.15887964747122,1426.837280727407,1426.837280727407
2005-09-30,1404.5,1404.5,244.0952087033748,244.0952087033748,1426.819629028548,1426.819629028548
2005-10-01,1404.5,1404.5,244.03228287300968,244.03228287300968,1426.80109164646,1426.80109164646
2005-10-02,1404.5,1404.5,243.96932434523225,243.96932434523225,1426.7771634523674,1426.7771634523674
2005-10-03,1404.5,1404.5,243.9137213874718,243.9137213874718,1426.751146774338,1426.751146774338
2005-10-04,1404.5,1404.5,243.86180653015066,243.86180653015066,1426.7240803326283,1426.7240803326283
2005-10-05,1404.5,1404.5,243.8105154543014,243.8105154543014,1426.6969834185686,1426.6969834185686
2005-10-06,1404.5,1404.5,243.7598421713618,243.7598421713618,1426.6695682826162,1426.6695682826162
2005-10-07,1404.5,1404.5,243.70978031203126,243.70978031203126,1426.6421531466638,1426.6421531466638
2005-10-08,1404.5,1404.5,243.65166391100698,243.65166391100698,1426.669699986729,1426.669699986729
2005-10-09,1404.5,1404.5,243.599318995621,243.599318995621,1426.6408900740898,1426.6408900740898
2005-10-10,1404.5,1404.5,243.54867790359103,243.54867790359103,1426.6116092368898,1426.6116092368898
2005-10-11,1404.5,1404.5,243.49666183673537,243.49666183673537,1426.5820266070355,1426.5820266070355
2005-10-12,1404.5,1404.5,243.44388735059567,243.44388735059567,1426.551799353125,1426.551799353125
2005-10-13,1404.5,1404.5,243.3934556737789,243.3934556737789,1426.5206391803222,1426.5206391803222
2005-10-14,1404.5,1404.5,243.34454880447035,243.34454880447035,1426.4884458072024,1426.4884458072024
2005-10-15,1404.5,1404.5,243.29650498641868,243.29650498641868,1426.4551340548537,1426.4551340548537
2005-10-16,1404.5,1404.5,243.24727607641339,243.24727607641339,1426.4288064922462,1426.4288064922462
2005-10-17,1404.5,1404.5,243.20116486706144,243.20116486706144,1426.398067862481,1426.398067862481
2005-10-18,1404.5,1404.5,243.1588954440168,243.1588954440168,1426.363903505019,1426.363903505019
2005-10-19,1404.5,1404.5,243.12025020208907,243.12025020208907,1426.3294889858055,1426.3294889858055
2005-10-20,1404.5,1404.5,243.08005843203028,243.08005843203028,1426.2947068777373,1426.2947068777373
2005-10-21,1404.5,1404.5,243.04045716864226,243.04045716864226,1426.2597409751668,1426.2597409751668
2005-10-22,1404.5,1404.5,242.99830361236621,242.99830361236621,1426.2843694339895,1426.2843694339895
2005-10-23,1404.5,1404.5,242.96866938706404,242.96866938706404,1426.2499549147763,1426.2499549147763
2005-10-24,1404.5,1404.5,242.94732633023762,242.94732633023762,1426.2510613446268,1426.2510613446268
2005-10-25,1404.5,1404.5,242.92821401375545,242.92821401375545,1426.2939502398222,1426.2939502398222
2005-10-26,1404.5,1404.5,242.91017578713794,242.91017578713794,1426.308792638104,1426.308792638104
2005-10-27,1404.5,1404.5,242.94428252425493,242.94428252425493,1426.1003351971417,1426.1003351971417
2005-10-28,1404.5,1404.5,242.98004671208182,242.98004671208182,1425.932048220199,1425.932048220199
2005-10-29,1404.5,1404.5,242.96262660318078,242.96262660318078,1425.9516692747936,1425.9516692747936
2005-10-30,1404.5,1404.5,242.98596411528266,242.98596411528266,1425.666385746075,1425.666385746075
2005-10-31,1404.5,1404.5,243.0097125994328,243.0097125994328,1425.342505379051,1425.342505379051
2005-11-01,1404.5,1404.5,243.035746737558,243.035746737558,1425.0675143405174,1425.0675143405174
2005-11-02,1404.5,1404.5,243.1160168451514,243.1160168451514,1424.434089576555,1424.434089576555
2005-11-03,1404.5,1404.5,243.3002921015465,243.3002921015465,1423.0815918294531,1423.0815918294531
2005-11-04,1404.5,1404.5,243.69577681875384,243.69577681875384,1420.2364733891795,1420.2364733891795
2005-11-05,1404.5,1404.5,244.5136568767728,244.5136568767728,1414.2785529474925,1414.2785529474925
2005-11-06,1404.5,1404.5,246.03345313852398,246.03345313852398,1401.2525932728263,1401.2525932728263
2005-11-07,1404.5,1404.5,247.83293443547578,247.83293443547578,1377.8801687763714,1377.8801687763714
2005-11-08,1404.5,1404.5,247.3811502186803,247.3811502186803,1378.0785272114642,1378.0785272114642
2005-11-09,1404.5,1404.5,246.92892639784395,246.92892639784395,1378.217933405232,1378.217933405232
2005-11-10,1404.5,1404.5,246.4288013689386,246.4288013689386,1378.29158363465,1378.29158363465
2005-11-11,1404.5,1404.5,245.92654881577167,245.92654881577167,1378.3952204309282,1378.3952204309282
2005-11-12,1404.5,1404.5,245.42592196108828,245.42592196108828,1378.4216682222911,1378.4216682222911
2005-11-13,1404.5,1404.5,244.92640391106644,244.92640391106644,1378.4393516049495,1378.4393516049495
2005-11-14,1404.5,1404.5,244.42275207575574,244.42275207575574,1378.4601320124304,1378.4601320124304
2005-11-15,1404.5,1404.5,244.34933326364373,244.34933326364373,1378.5016928273924,1378.5016928273924
2005-11-16,1404.5,1404.5,244.31831374243382,244.31831374243382,1378.54703189819,1378.54703189819
2005-11-17,1404.5,1404.5,244.28465476356217,244.28465476356217,1378.5913424438693,1378.5913424438693
2005-11-18,1404.5,1404.5,244.25011495260242,244.25011495260242,1378.6454974452067,1378.6454974452067
2005-11-19,1404.5,1404.5,244.22046326456956,244.22046326456956,1378.697763318498,1378.697763318498
2005-11-20,1404.5,1404.5,244.18977385534032,244.18977385534032,1378.7499700374894,1378.7499700374894
2005-11-21,1404.5,1404.5,244.15492730249366,244.15492730249366,1378.769184440616,1378.769184440616
2005-11-22,1404.5,1404.5,244.1208727353804,244.1208727353804,1378.7880757200508,1378.7880757200508
2005-11-23,1404.5,1404.5,244.08967876981205,244.08967876981205,1378.806337290308,1378.806337290308
2005-11-24,1404.5,1404.5,244.0608751249918,244.0608751249918,1378.8245988605654,1378.8245988605654
2005-11-25,1404.5,1404.5,244.0300826830635,244.0300826830635,1378.9196849676878,1378.9196849676878
2005-11-26,1404.5,1404.5,244.0072130437515,244.0072130437515,1379.2306277961688,1379.2306277961688
2005-11-27,1404.5,1404.5,243.97601248526828,243.97601248526828,1379.2992661119283,1379.2992661119283
2005-11-28,1404.5,1404.5,243.94095759952924,243.94095759952924,1379.3400044883417,1379.3400044883417
2005-11-29,1404.5,1404.5,243.92823065886932,243.92823065886932,1379.4987732894979,1379.4987732894979
2005-11-30,1404.5,1404.5,243.93149490792953,243.93149490792953,1379.6769810265444,1379.6769810265444
2005-12-01,1404.5,1404.5,243.92668782380557,243.92668782380557,1379.8572648960169,1379.8572648960169
2005-12-02,1404.5,1404.5,244.28289517799908,244.28289517799908,1382.580383933485,1382.580383933485
2005-12-03,1404.5,1404.5,244.48381522982555,244.48381522982555,1383.6251935712194,1383.6251935712194
2005-12-04,1404.5,1404.5,244.35110041101805,244.35110041101805,1383.666124677004,1383.666124677004
2005-12-05,1404.5,1404.5,244.3156835205067,244.3156835205067,1383.7076854919662,1383.7076854919662
2005-12-06,1404.5,1404.5,244.28091896143172,244.28091896143172,1383.7675078771856,1383.7675078771856
2005-12-07,1404.5,1404.5,244.24731001368826,244.24731001368826,1383.8403119173258,1383.8403119173258
2005-12-08,1404.5,1404.5,244.22273705966597,244.22273705966597,1383.9486499070556,1383.9486499070556
2005-12-09,1404.5,1404.5,244.19723056841795,244.19723056841795,1384.0702537730556,1384.0702537730556
2005-12-10,1404.5,1404.5,244.17337070617688,244.17337070617688,1384.188833589811,1384.188833589811
2005-12-11,1404.5,1404.5,244.1472950675522,244.1472950675522,1384.2590321851221,1384.2590321851221
2005-12-12,1404.5,1404.5,244.12049692694964,244.12049692694964,1384.3507165076926,1384.3507165076926
2005-12-13,1404.5,1404.5,244.0947829103225,244.0947829103225,1384.430996455974,1384.430996455974
2005-12-14,1404.5,1404.5,244.06608747049773,244.06608747049773,1384.4669248710518,1384.4669248710518
2005-12-15,1404.5,1404.5,244.03828605297142,244.03828605297142,1384.5255158247112,1384.5255158247112
2005-12-16,1404.5,1404.5,244.01221300352006,244.01221300352006,1384.612696168226,1384.612696168226
2005-12-17,1404.5,1404.5,243.99132686421453,243.99132686421453,1384.6547047766037,1384.6547047766037
2005-12-18,1404.5,1404.5,244.03202933567374,244.03202933567374,1384.9436619514704,1384.9436619514704
2005-12-19,1404.5,1404.5,244.22726482254998,244.22726482254998,1385.5021410792297,1385.5021410792297
2005-12-20,1404.5,1404.5,244.36036187596014,244.36036187596014,1385.8547922908556,1385.8547922908556
2005-12-21,1404.5,1404.5,244.39747261274377,244.39747261274377,1386.122549026426,1386.122549026426
2005-12-22,1404.5,1404.5,244.51296615891886,244.51296615891886,1386.739422972737,1386.739422972737
2005-12-23,1404.5,1404.5,244.54754788557264,244.54754788557264,1387.7685268928037,1387.7685268928037
2005-12-24,1404.5,1404.5,244.4048776081453,244.4048776081453,1388.1443505948778,1388.1443505948778
2005-12-25,1404.5,1404.5,244.3655588797065,244.3655588797065,1388.4094077957816,1388.4094077957816
2005-12-26,1404.5,1404.5,244.58664016903447,244.58664016903447,1389.3994201737853,1389.3994201737853
2005-12-27,1404.5,1404.5,244.56308586057813,244.56308586057813,1389.8323391070335,1389.8323391070335
2005-12-28,1404.5,1404.5,244.44080460901705,244.44080460901705,1390.0729535843948,1390.0729535843948
2005-12-29,1404.5,1404.5,244.48097652507153,244.48097652507153,1390.5213917983513,1390.5213917983513
2005-12-30,1404.5,1404.5,244.42185878562887,244.42185878562887,1390.8369089803346,1390.8369089803346
2005-12-31,1404.5,1404.5,244.72164820286002,244.72164820286002,1392.0885763967024,1392.0885763967024
2006-01-01,1404.5,1404.5,245.2247839095323,245.2247839095323,1394.6371585449633,1394.6371585449633
2006-01-02,1404.5,1404.5,245.0730116472052,245.0730116472052,1395.4330918992944,1395.4330918992944
2006-01-03,1404.5,1404.5,245.0326984421053,245.0326984421053,1396.3603246143252,1396.3603246143252
2006-01-04,1404.5,1404.5,244.77301887921666,244.77301887921666,1396.783100148322,1396.783100148322
2006-01-05,1404.5,1404.5,244.53907492203334,244.53907492203334,1397.1913829763678,1397.1913829763678
2006-01-06,1404.5,1404.5,244.5460413745285,244.5460413745285,1397.6205506999938,1397.6205506999938
2006-01-07,1404.5,1404.5,244.53772906215178,244.53772906215178,1398.0074888928875,1398.0074888928875
2006-01-08,1404.5,1404.5,244.52634410860034,244.52634410860034,1398.3923414961519,1398.3923414961519
2006-01-09,1404.5,1404.5,244.51801318917262,244.51801318917262,1398.7582157397385,1398.7582157397385
2006-01-10,1404.5,1404.5,244.50787197779937,244.50787197779937,1399.121037024918,1399.121037024918
2006-01-11,1404.5,1404.5,244.49755466441334,244.49755466441334,1399.4527492632917,1399.4527492632917
2006-01-12,1404.5,1404.5,244.49038539525847,244.49038539525847,1399.7746316409057,1399.7746316409057
2006-01-13,1404.5,1404.5,244.4795431291283,244.4795431291283,1400.0720562969452,1400.0720562969452
2006-01-14,1404.5,1404.5,244.50685754407849,244.50685754407849,1400.4103618610454,1400.4103618610454
2006-01-15,1404.5,1404.5,244.56218811584822,244.56218811584822,1400.8280443420667,1400.8280443420667
2006-01-16,1404.5,1404.5,244.5104782451176,244.5104782451176,1401.1459939239726,1401.1459939239726
2006-01-17,1404.5,1404.5,244.50540007450115,244.50540007450115,1401.4522033845076,1401.4522033845076
2006-01-18,1404.5,1404.5,244.5257493462626,244.5257493462626,1401.7558063235713,1401.7558063235713
2006-01-19,1404.5,1404.5,244.570985219927,244.570985219927,1402.0755161122065,1402.0755161122065
2006-01-20,1404.5,1404.5,244.5302576998698,244.5302576998698,1402.3417213938703,1402.3417213938703
2006-01-21,1404.5,1404.5,244.519022101373,244.519022101373,1402.5999792554148,1402.5999792554148
2006-01-22,1404.5,1404.5,244.51452773445195,244.51452773445195,1402.8456613460605,1402.8456613460605
2006-01-23,1404.5,1404.5,244.50838144809197,244.50838144809197,1403.0792000257204,1403.0792000257204
2006-01-24,1404.5,1404.5,244.49718445602713,244.49718445602713,1403.3033619942219,1403.3033619942219
2006-01-25,1404.5,1404.5,244.49231871069443,244.49231871069443,1403.520049736265,1403.520049736265
2006-01-26,1404.5,1404.5,244.48381659077916,244.48381659077916,1403.7267200470576,1403.7267200470576
2006-01-27,1404.5,1404.5,244.47663943217424,244.47663943217424,1403.9241311961528,1403.9241311961528
2006-01-28,1404.5,1404.5,244.4684363509225,244.4684363509225,1404.110940950801,1404.110940950801
2006-01-29,1404.5,1404.5,244.46434215337283,244.46434215337283,1404.2935106016023,1404.2935106016023
2006-01-30,1404.5,1404.5,244.45780638799386,244.45780638799386,1404.4633735626714,1404.4633735626714
2006-01-31,1404.5,1404.5,244.47544450376685,244.47544450376685,1404.6233622249767,1404.6233622249767
2006-02-01,1404.5,1404.5,244.46231077080557,244.46231077080557,1404.7523797452775,1404.7523797452775
2006-02-02,1404.5,1404.5,244.44027403241935,244.44027403241935,1404.8052620232243,1404.8052620232243
2006-02-03,1404.5,1404.5,244.45119070955,244.45119070955,1404.7979478737334,1404.7979478737334
2006-02-04,1404.5,1404.5,244.46617375109668,244.46617375109668,1404.6483915405597,1404.6483915405597
2006-02-05,1404.5,1404.5,244.50044819756073,244.50044819756073,1404.2246071227648,1404.2246071227648
2006-02-06,1404.5,1404.5,244.56677944533195,244.56677944533195,1403.232950507888,1403.232950507888
2006-02-07,1404.5,1404.5,244.5897939524636,244.5897939524636,1403.3589629594085,1403.3589629594085
2006-02-08,1404.5,1404.5,244.5948326149724,244.5948326149724,1403.4750795333052,1403.4750795333052
2006-02-09,1404.5,1404.5,244.60474697721648,244.60474697721648,1403.5718344417999,1403.5718344417999
2006-02-10,1404.5,1404.5,244.62273863525098,244.62273863525098,1403.5950287581682,1403.5950287581682
2006-02-11,1404.5,1404.5,244.65353135331202,244.65353135331202,1403.4474469600402,1403.4474469600402
2006-02-12,1404.5,1404.5,244.71027686213122,244.71027686213122,1402.925385889928,1402.925385889928
2006-02-13,1404.5,1404.5,244.81901391831443,244.81901391831443,1401.5801032054014,1401.5801032054014
2006-02-14,1404.5,1404.5,244.6143825166174,244.6143825166174,1401.982063997897,1401.982063997897
2006-02-15,1404.5,1404.5,244.61535892555906,244.61535892555906,1402.3841625435305,1402.3841625435305
2006-02-16,1404.5,1404.5,244.59365310861534,244.59365310861534,1402.6254583356545,1402.6254583356545
2006-02-17,1404.5,1404.5,244.59085853776645,244.59085853776645,1402.8593806088043,1402.8593806088043
2006-02-18,1404.5,1404.5,244.58884524010406,244.58884524010406,1403.0865144398217,1403.0865144398217
2006-02-19,1404.5,1404.5,244.5937649714321,244.5937649714321,1403.2968282785046,1403.2968282785046
2006-02-20,1404.5,1404.5,244.585036618248,244.585036618248,1403.4984473317093,1403.4984473317093
2006-02-21,1404.5,1404.5,244.57610896421903,244.57610896421903,1403.6851062395103,1403.6851062395103
2006-02-22,1404.5,1404.5,244.57373399973915,244.57373399973915,1403.863083923346,1403.863083923346
2006-02-23,1404.5,1404.5,244.57055515637495,244.57055515637495,1404.0351701540521,1404.0351701540521
2006-02-24,1404.5,1404.5,244.56999024535392,244.56999024535392,1404.202044938006,1404.202044938006
2006-02-25,1404.5,1404.5,244.56861013121468,244.56861013121468,1404.3752470768707,1404.3752470768707
2006-02-26,1404.5,1404.5,244.56760128092895,244.56760128092895,1404.555570880476,1404.555570880476
2006-02-27,1404.5,1404.5,244.58967127112888,244.58967127112888,1404.785238753277,1404.785238753277
2006-02-28,1404.5,1404.5,244.87942904800119,244.87942904800119,1406.02576066562,1406.02576066562
2006-03-01,1404.5,1404.5,244.75333495636337,244.75333495636337,1406.5422208410896,1406.5422208410896
2006-03-02,1404.5,1404.5,244.62323481591145,244.62323481591145,1406.7718887138908,1406.7718887138908
2006-03-03,1404.5,1404.5,244.675936918197,244.675936918197,1407.053081831306,1407.053081831306
2006-03-04,1404.5,1404.5,244.68792554329755,244.68792554329755,1407.3098017125076,1407.3098017125076
2006-03-05,1404.5,1404.5,244.65516143398983,244.65516143398983,1407.5515120954385,1407.5515120954385
2006-03-06,1404.5,1404.5,244.67576543933123,244.67576543933123,1407.7876313129457,1407.7876313129457
2006-03-07,1404.5,1404.5,244.68631718942785,244.68631718942785,1408.0249055923491,1408.0249055923491
2006-03-08,1404.5,1404.5,244.67100530404454,244.67100530404454,1408.2483226102565,1408.2483226102565
2006-03-09,1404.5,1404.5,244.66321644573114,244.66321644573114,1408.446768552728,1408.446768552728
2006-03-10,1404.5,1404.5,244.6662063193073,244.6662063193073,1408.6433267258724,1408.6433267258724
2006-03-11,1404.5,1404.5,244.66880487454057,244.66880487454057,1408.8311997288233,1408.8311997288233
2006-03-12,1404.5,1404.5,244.65955678338895,244.65955678338895,1409.0080931406571,1409.0080931406571
2006-03-13,1404.5,1404.5,244.65112156301203,244.65112156301203,1409.175197341303,1409.175197341303
2006-03-14,1404.5,1404.5,244.65433777183668,244.65433777183668,1409.3325714801501,1409.3325714801501
2006-03-15,1404.5,1404.5,244.66606143332447,244.66606143332447,1409.4842524976407,1409.4842524976407
2006-03-16,1404.5,1404.5,244.64847064624033,244.64847064624033,1409.6298337423436,1409.6298337423436
2006-03-17,1404.5,1404.5,244.65574488073025,244.65574488073025,1409.7713484717442,1409.7713484717442
2006-03-18,1404.5,1404.5,244.67279394582457,244.67279394582457,1409.911487264202,1409.911487264202
2006-03-19,1404.5,1404.5,244.65875344336973,244.65875344336973,1410.0428001682756,1410.0428001682756
2006-03-20,1404.5,1404.5,244.65061492938875,244.65061492938875,1410.1704887460467,1410.1704887460467
2006-03-21,1404.5,1404.5,244.72337603958414,244.72337603958414,1409.9028738636362,1409.9028738636362
2006-03-22,1404.5,1404.5,244.76074276954304,244.76074276954304,1409.2375156135631,1409.2375156135631
2006-03-23,1404.5,1404.5,244.8547321336159,244.8547321336159,1407.7570022291018,1407.7570022291018
2006-03-24,1404.5,1404.5,245.06828592672807,245.06828592672807,1404.551250803608,1404.551250803608
2006-03-25,1404.5,1404.5,245.70432849123486,245.70432849123486,1397.8096097575535,1397.8096097575535
2006-03-26,1404.5,1404.5,247.192938263903,247.192938263903,1381.711413453773,1381.711413453773
2006-03-27,1404.5,1404.5,247.31743775940308,247.31743775940308,1377.8801687763714,1377.8801687763714
2006-03-28,1404.5,1404.5,247.1397912899364,247.1397912899364,1378.1275466655275,1378.1275466655275
2006-03-29,1404.5,1404.5,247.0513419962737,247.0513419962737,1378.4801838835274,1378.4801838835274
2006-03-30,1404.5,1404.5,246.9220540781623,246.9220540781623,1378.7496994716034,1378.7496994716034
2006-03-31,1404.5,1404.5,246.76051228249165,246.76051228249165,1379.027401280785,1379.027401280785
2006-04-01,1404.5,1404.5,246.6652708971653,246.6652708971653,1379.3460341957511,1379.3460341957511
2006-04-02,1404.5,1404.5,246.5371355689476,246.5371355689476,1379.612763797232,1379.612763797232
2006-04-03,1404.5,1404.5,246.47545332974462,246.47545332974462,1379.9414720613502,1379.9414720613502
2006-04-04,1404.5,1404.5,246.80846530829734,246.80846530829734,1380.3846347644558,1380.3846347644558
2006-04-05,1404.5,1404.5,247.38882439437901,247.38882439437901,1381.0376433271645,1381.0376433271645
2006-04-06,1404.5,1404.5,247.43883133526273,247.43883133526273,1381.4242848484557,1381.4242848484557
2006-04-07,1404.5,1404.5,247.33803844249246,247.33803844249246,1381.776588129806,1381.776588129806
2006-04-08,1404.5,1404.5,247.2586130752831,247.2586130752831,1382.1537840113797,1382.1537840113797
2006-04-09,1404.5,1404.5,247.17014013835248,247.17014013835248,1382.5410457008818,1382.5410457008818
2006-04-10,1404.5,1404.5,247.09021666856304,247.09021666856304,1382.9350529129747,1382.9350529129747
2006-04-11,1404.5,1404.5,247.0382891005979,247.0382891005979,1383.3468828070168,1383.3468828070168
2006-04-12,1404.5,1404.5,246.96204989217833,246.96204989217833,1383.7236875053713,1383.7236875053713
2006-04-13,1404.5,1404.5,246.71908875771763,246.71908875771763,1384.0546283390665,1384.0546283390665
2006-04-14,1404.5,1404.5,246.48083036466357,246.48083036466357,1384.4042143293852,1384.4042143293852
2006-04-15,1404.5,1404.5,246.32206390921735,246.32206390921735,1384.9171615463777,1384.9171615463777
2006-04-16,1404.5,1404.5,246.11974373506004,246.11974373506004,1385.3856798026407,1385.3856798026407
2006-04-17,1404.5,1404.5,246.01326225480636,246.01326225480636,1385.8914413366629,1385.8914413366629
2006-04-18,1404.5,1404.5,245.83047404787766,245.83047404787766,1385.7023507011381,1385.7023507011381
2006-04-19,1404.5,1404.5,245.67016350105573,245.67016350105573,1384.9770456692167,1384.9770456692167
2006-04-20,1404.5,1404.5,245.61021594408388,245.61021594408388,1383.0928869141947,1383.0928869141947
2006-04-21,1404.5,1404.5,245.7799700773262,245.7799700773262,1378.6760144347377,1378.6760144347377
2006-04-22,1404.5,1404.5,245.68948144995147,245.68948144995147,1377.8801687763714,1377.8801687763714
2006-04-23,1404.5,1404.5,245.495420998305,245.495420998305,1377.8801687763714,1377.8801687763714
2006-04-24,1404.5,1404.5,245.2285705813428,245.2285705813428,1377.8801687763714,1377.8801687763714
2006-04-25,1404.5,1404.5,244.93464899557566,244.93464899557566,1377.8801687763714,1377.8801687763714
2006-04-26,1404.5,1404.5,244.67348939506766,244.67348939506766,1377.8801687763714,1377.8801687763714
2006-04-27,1404.5,1404.5,244.62605100206977,244.62605100206977,1377.8801687763714,1377.8801687763714
2006-04-28,1404.5,1404.5,244.59464014769216,244.59464014769216,1377.8801687763714,1377.8801687763714
2006-04-29,1404.5,1404.5,244.6427017368178,244.6427017368178,1377.8801687763714,1377.8801687763714
2006-04-30,1404.5,1404.5,244.77958682866822,244.77958682866822,1377.8801687763714,1377.8801687763714
2006-05-01,1404.5,1404.5,244.9829244607003,244.9829244607003,1377.8801687763714,1377.8801687763714
2006-05-02,1404.5,1404.5,245.18710745077072,245.18710745077072,1378.3218468602713,1378.3218468602713
2006-05-03,1404.5,1404.5,245.4567324921707,245.4567324921707,1378.2142082403946,1378.2142082403946
2006-05-04,1404.5,1404.5,245.75599782326157,245.75599782326157,1377.8801687763714,1377.8801687763714
2006-05-05,1404.5,1404.5,245.943991403427,245.943991403427,1377.8801687763714,1377.8801687763714
2006-05-06,1404.5,1404.5,246.0393776734769,246.0393776734769,1377.8801687763714,1377.8801687763714
2006-05-07,1404.5,1404.5,246.17262012365882,246.17262012365882,1377.8801687763714,1377.8801687763714
2006-05-08,1404.5,1404.5,246.34278646018146,246.34278646018146,1377.8801687763714,1377.8801687763714
2006-05-09,1404.5,1404.5,246.48520927116684,246.48520927116684,1378.3958157300096,1378.3958157300096
2006-05-10,1404.5,1404.5,246.69913406987897,246.69913406987897,1378.3867168313482,1378.3867168313482
2006-05-11,1404.5,1404.5,246.9533532122404,246.9533532122404,1377.8801687763714,1377.8801687763714
2006-05-12,1404.5,1404.5,247.19803981638876,247.19803981638876,1377.8801687763714,1377.8801687763714
2006-05-13,1404.5,1404.5,247.4337461921401,247.4337461921401,1377.8801687763714,1377.8801687763714
2006-05-14,1404.5,1404.5,247.67088355062995,247.67088355062995,1377.8801687763714,1377.8801687763714
2006-05-15,1404.5,1404.5,247.93552819571877,247.93552819571877,1377.8801687763714,1377.8801687763714
2006-05-16,1404.5,1404.5,248.10338452673548,248.10338452673548,1380.0953029688735,1380.0953029688735
2006-05-17,1404.5,1404.5,248.308282556316,248.308282556316,1382.6282937427256,1382.6282937427256
2006-05-18,1404.5,1404.5,248.50964459380995,248.50964459380995,1385.1130331934296,1385.1130331934296
2006-05-19,1404.5,1404.5,248.72844939648277,248.72844939648277,1387.5960570559853,1387.5960570559853
2006-05-20,1404.5,1404.5,248.90489550899568,248.90489550899568,1389.660435538411,1389.660435538411
2006-05-21,1404.5,1404.5,248.97545387320508,248.97545387320508,1390.8396655597257,1390.8396655597257
2006-05-22,1404.5,1404.5,249.21345969717882,249.21345969717882,1392.6209131295252,1392.6209131295252
2006-05-23,1404.5,1404.5,249.3010235006928,249.3010235006928,1393.0471435082986,1393.0471435082986
2006-05-24,1404.5,1404.5,249.3403864352996,249.3403864352996,1392.8654510211154,1392.8654510211154
2006-05-25,1404.5,1404.5,249.51099783058658,249.51099783058658,1391.8194952820006,1391.8194952820006
2006-05-26,1404.5,1404.5,249.90501775324276,249.90501775324276,1388.877918983614,1388.877918983614
2006-05-27,1404.5,1404.5,250.64146563065475,250.64146563065475,1380.9577797005022,1380.9577797005022
2006-05-28,1404.5,1404.5,250.8724638542651,250.8724638542651,1377.8801687763714,1377.8801687763714
2006-05-29,1404.5,1404.5,250.83813692509293,250.83813692509293,1377.8801687763714,1377.8801687763714
2006-05-30,1404.5,1404.5,250.73974201996788,250.73974201996788,1378.9307547506794,1378.9307547506794
2006-05-31,1404.5,1404.5,250.65387172646825,250.65387172646825,1380.0793445467891,1380.0793445467891
2006-06-01,1404.5,1404.5,250.59721044220169,250.59721044220169,1381.471631848789,1381.471631848789
2006-06-02,1404.5,1404.5,250.60944973322464,250.60944973322464,1383.1752089745205,1383.1752089745205
2006-06-03,1404.5,1404.5,250.6398611868809,250.6398611868809,1384.8893965773398,1384.8893965773398
2006-06-04,1404.5,1404.5,250.6660083586526,250.6660083586526,1386.7464162512583,1386.7464162512583
2006-06-05,1404.5,1404.5,250.7041226242692,250.7041226242692,1388.460789302593,1388.460789302593
2006-06-06,1404.5,1404.5,250.75278435600134,250.75278435600134,1390.2185128692356,1390.2185128692356
2006-06-07,1404.5,1404.5,250.80848463728978,250.80848463728978,1391.8100045655813,1391.8100045655813
2006-06-08,1404.5,1404.5,250.8478610881999,250.8478610881999,1393.0717579626594,1393.0717579626594
2006-06-09,1404.5,1404.5,250.88164757300677,250.88164757300677,1394.3409868766873,1394.3409868766873
2006-06-10,1404.5,1404.5,250.91556303112284,250.91556303112284,1395.6364708515148,1395.6364708515148
2006-06-11,1404.5,1404.5,250.93773789406114,250.93773789406114,1396.7185830774172,1396.7185830774172
2006-06-12,1404.5,1404.5,250.97416682778174,250.97416682778174,1397.8304454772056,1397.8304454772056
2006-06-13,1404.5,1404.5,250.99063104782883,250.99063104782883,1398.8929253866959,1398.8929253866959
2006-06-14,1404.5,1404.5,250.96749957257373,250.96749957257373,1399.6868240859524,1399.6868240859524
2006-06-15,1404.5,1404.5,250.90823652187802,250.90823652187802,1400.302558290993,1400.302558290993
2006-06-16,1404.5,1404.5,250.86700733021635,250.86700733021635,1400.9813457302614,1400.9813457302614
2006-06-17,1404.5,1404.5,250.8765181426016,250.8765181426016,1401.8765601314176,1401.8765601314176
2006-06-18,1404.5,1404.5,250.90473447707302,250.90473447707302,1402.8552815372461,1402.8552815372461
2006-06-19,1404.5,1404.5,250.94985915265494,250.94985915265494,1403.7482371125209,1403.7482371125209
2006-06-20,1404.5,1404.5,251.1446829858375,251.1446829858375,1404.6222807335105,1404.6222807335105
2006-06-21,1404.5,1404.5,251.31842362544555,251.31842362544555,1405.4705799700505,1405.4705799700505
2006-06-22,1404.5,1404.5,251.47918450604735,251.47918450604735,1406.307407542723,1406.307407542723
2006-06-23,1404.5,1404.5,251.65089552267048,251.65089552267048,1407.1751259786088,1407.1751259786088
2006-06-24,1404.5,1404.5,251.80762722493833,251.80762722493833,1407.9732606012005,1407.9732606012005
2006-06-25,1404.5,1404.5,251.9295817080857,251.9295817080857,1408.7169438037765,1408.7169438037765
2006-06-26,1404.5,1404.5,252.04610123164346,252.04610123164346,1409.3856325001263,1409.3856325001263
2006-06-27,1404.5,1404.5,252.15671227606896,252.15671227606896,1410.0469368976558,1410.0469368976558
2006-06-28,1404.5,1404.5,252.2519920761173,252.2519920761173,1410.6653304409565,1410.6653304409565
2006-06-29,1404.5,1404.5,252.32147066999028,252.32147066999028,1411.2582784429276,1411.2582784429276
2006-06-30,1404.5,1404.5,252.36744279070948,252.36744279070948,1411.8290385520565,1411.8290385520565
2006-07-01,1404.5,1404.5,252.41178451721424,252.41178451721424,1412.3019735854798,1412.3019735854798
2006-07-02,1404.5,1404.5,252.4215930746622,252.4215930746622,1412.7780031956297,1412.7780031956297
2006-07-03,1404.5,1404.5,252.43142210865827,252.43142210865827,1413.133528959075,1413.133528959075
2006-07-04,1404.5,1404.5,252.42781741165916,252.42781741165916,1413.4809629535118,1413.4809629535118
2006-07-05,1404.5,1404.5,252.41929954265999,252.41929954265999,1413.814225202066,1413.814225202066
2006-07-06,1404.5,1404.5,252.4059799760572,252.4059799760572,1414.1253436652657,1414.1253436652657
2006-07-07,1404.5,1404.5,252.3833202347951,252.3833202347951,1414.3990225515797,1414.3990225515797
2006-07-08,1404.5,1404.5,252.3552042443737,252.3552042443737,1414.652477058372,1414.652477058372
2006-07-09,1404.5,1404.5,252.32590162000136,252.32590162000136,1414.9003318088703,1414.9003318088703
2006-07-10,1404.5,1404.5,252.29835736307348,252.29835736307348,1415.1487487457448,1415.1487487457448
2006-07-11,1404.5,1404.5,252.26123237803577,252.26123237803577,1415.3830124351066,1415.3830124351066
2006-07-12,1404.5,1404.5,252.21546859548576,252.21546859548576,1415.5977879708705,1415.5977879708705
2006-07-13,1404.5,1404.5,252.15142153098154,252.15142153098154,1415.7868242995853,1415.7868242995853
2006-07-14,1404.5,1404.5,252.08837241876068,252.08837241876068,1415.9585424874444,1415.9585424874444
2006-07-15,1404.5,1404.5,252.0266899842659,252.0266899842659,1416.1481288204584,1416.1481288204584
2006-07-16,1404.5,1404.5,251.95828271468164,251.95828271468164,1416.4012232774428,1416.4012232774428
2006-07-17,1404.5,1404.5,251.89902447101633,251.89902447101633,1416.5982042125133,1416.5982042125133
2006-07-18,1404.5,1404.5,251.78943004137975,251.78943004137975,1416.7757800134139,1416.7757800134139
2006-07-19,1404.5,1404.5,251.7188285483902,251.7188285483902,1416.964399891041,1416.964399891041
2006-07-20,1404.5,1404.5,251.62998153673806,251.62998153673806,1417.128184301145,1417.128184301145
2006-07-21,1404.5,1404.5,251.543868845302,251.543868845302,1417.3040672259579,1417.3040672259579
2006-07-22,1404.5,1404.5,251.45838166649546,251.45838166649546,1417.4719164337912,1417.4719164337912
2006-07-23,1404.5,1404.5,251.36095078090617,251.36095078090617,1417.590104858519,1417.590104858519
2006-07-24,1404.5,1404.5,251.26912579725365,251.26912579725365,1417.7334529329116,1417.7334529329116
2006-07-25,1404.5,1404.5,251.1671840859655,251.1671840859655,1417.8357417675388,1417.8357417675388
2006-07-26,1404.5,1404.5,251.0622152000875,251.0622152000875,1417.8978144166738,1417.8978144166738
2006-07-27,1404.5,1404.5,250.9566244423554,250.9566244423554,1417.9563147451336,1417.9563147451336
2006-07-28,1404.5,1404.5,250.8496557106047,250.8496557106047,1418.0123687052246,1418.0123687052246
2006-07-29,1404.5,1404.5,250.7423569025891,250.7423569025891,1418.0525167584137,1418.0525167584137
2006-07-30,1404.5,1404.5,250.62606992589966,250.62606992589966,1418.1513697606715,1418.1513697606715
2006-07-31,1404.5,1404.5,250.51489348991478,250.51489348991478,1418.182671047219,1418.182671047219
2006-08-01,1404.5,1404.5,250.3985151761706,250.3985151761706,1418.2036210639105,1418.2036210639105
2006-08-02,1404.5,1404.5,250.28041370601284,250.28041370601284,1418.2076617205557,1418.2076617205557
2006-08-03,1404.5,1404.5,250.1635341153534,250.1635341153534,1418.2097302126133,1418.2097302126133
2006-08-04,1404.5,1404.5,250.04786468500905,250.04786468500905,1418.2116912456247,1418.2116912456247
2006-08-05,1404.5,1404.5,249.93336972707084,249.93336972707084,1418.2122211695844,1418.2122211695844
2006-08-06,1404.5,1404.5,249.8200444665232,249.8200444665232,1418.211988351745,1418.211988351745
2006-08-07,1404.5,1404.5,249.707635678952,249.707635678952,1418.2113643495527,1418.2113643495527
2006-08-08,1404.5,1404.5,249.59639229621914,249.59639229621914,1418.2097146353474,1418.2097146353474
2006-08-09,1404.5,1404.5,249.4861967617522,249.4861967617522,1418.2054364210803,1418.2054364210803
2006-08-10,1404.5,1404.5,249.3771727381252,249.3771727381252,1418.1994274305453,1418.1994274305453
2006-08-11,1404.5,1404.5,249.2693439828784,249.2693439828784,1418.1891873776622,1418.1891873776622
2006-08-12,1404.5,1404.5,249.16264087580942,249.16264087580942,1418.177355966998,1418.177355966998
2006-08-13,1404.5,1404.5,249.0492379852973,249.0492379852973,1418.2262055049723,1418.2262055049723
2006-08-14,1404.5,1404.5,248.94480381438373,248.94480381438373,1418.2129499035686,1418.2129499035686
2006-08-15,1404.5,1404.5,248.8414777990343,248.8414777990343,1418.1980941462346,1418.1980941462346
2006-08-16,1404.5,1404.5,248.7392443995351,248.7392443995351,1418.1809305367535,1418.1809305367535
2006-08-17,1404.5,1404.5,248.63811307162663,248.63811307162663,1418.1610069044502,1418.1610069044502
2006-08-18,1404.5,1404.5,248.53806030427452,248.53806030427452,1418.1392275905182,1418.1392275905182
2006-08-19,1404.5,1404.5,248.43911052352794,248.43911052352794,1418.1166789925371,1418.1166789925371
2006-08-20,1404.5,1404.5,248.3412645675079,248.3412645675079,1418.0940286506438,1418.0940286506438
2006-08-21,1404.5,1404.5,248.24448001352417,248.24448001352417,1418.0699763393045,1418.0699763393045
2006-08-22,1404.5,1404.5,248.14728064729564,248.14728064729564,1418.0439659630244,1418.0439659630244
2006-08-23,1404.5,1404.5,248.0511568181092,248.0511568181092,1418.0171863026956,1418.0171863026956
2006-08-24,1404.5,1404.5,247.95611950281165,247.95611950281165,1417.9911759264155,1417.9911759264155
2006-08-25,1404.5,1404.5,247.86211427154186,247.86211427154186,1417.9636269820376,1417.9636269820376
2006-08-26,1404.5,1404.5,247.7691195114234,247.7691195114234,1417.9326162593607,1417.9326162593607
2006-08-27,1404.5,1404.5,247.66932575883513,247.66932575883513,1417.9622336957964,1417.9622336957964
2006-08-28,1404.5,1404.5,247.5783876249751,247.5783876249751,1417.9301705654311,1417.9301705654311
2006-08-29,1404.5,1404.5,247.48848021540604,247.48848021540604,1417.8991598427544,1417.8991598427544
2006-08-30,1404.5,1404.5,247.3995105764931,247.3995105764931,1417.862571810683,1417.862571810683
2006-08-31,1404.5,1404.5,247.31150627704272,247.31150627704272,1417.8230989633103,1417.8230989633103
2006-09-01,1404.5,1404.5,247.224481727927,247.224481727927,1417.7827286179065,1417.7827286179065
2006-09-02,1404.5,1404.5,247.13815728920304,247.13815728920304,1417.7652137020364,1417.7652137020364
2006-09-03,1404.5,1404.5,247.05122391154694,247.05122391154694,1417.7472808085065,1417.7472808085065
2006-09-04,1404.5,1404.5,246.96525367031498,246.96525367031498,1417.7280170534507,1417.7280170534507
2006-09-05,1404.5,1404.5,246.87813827343598,246.87813827343598,1417.7074514988099,1417.7074514988099
2006-09-06,1404.5,1404.5,246.7851404983739,246.7851404983739,1417.6855696136922,1417.6855696136922
2006-09-07,1404.5,1404.5,246.69317684825535,246.69317684825535,1417.6614824476133,1417.6614824476133
2006-09-08,1404.5,1404.5,246.6022380219524,246.6022380219524,1417.635741320774,1417.635741320774
2006-09-09,1404.5,1404.5,246.51231501264655,246.51231501264655,1417.607937657847,1417.607937657847
2006-09-10,1404.5,1404.5,246.41473945430204,246.41473945430204,1417.6402869074348,1417.6402869074348
2006-09-11,1404.5,1404.5,246.32682128963586,246.32682128963586,1417.6097527562192,1417.6097527562192
2006-09-12,1404.5,1404.5,246.23989159368182,246.23989159368182,1417.5779727494933,1417.5779727494933
2006-09-13,1404.5,1404.5,246.15394046298232,246.15394046298232,1417.5443678299787,1417.5443678299787
2006-09-14,1404.5,1404.5,246.0689580109656,246.0689580109656,1417.509715544552,1417.509715544552
2006-09-15,1404.5,1404.5,245.9854824866098,245.9854824866098,1417.473704475478,1417.473704475478
2006-09-16,1404.5,1404.5,245.9024108751578,245.9024108751578,1417.4370549006953,1417.4370549006953
2006-09-17,1404.5,1404.5,245.8202810301519,245.8202810301519,1417.3991206214205,1417.3991206214205
2006-09-18,1404.5,1404.5,245.73908467291858,245.73908467291858,1417.3608017001998,1417.3608017001998
2006-09-19,1404.5,1404.5,245.65881194911066,245.65881194911066,1417.3219635122343,1417.3219635122343
2006-09-20,1404.5,1404.5,245.5794532024415,245.5794532024415,1417.2821060229157,1417.2821060229157
2006-09-21,1404.5,1404.5,245.50099934377823,245.50099934377823,1417.241479249548,1417.241479249548
2006-09-22,1404.5,1404.5,245.42344158990466,245.42344158990466,1417.2000831919743,1417.2000831919743
2006-09-23,1404.5,1404.5,245.3467711231539,245.3467711231539,1417.1580127287766,1417.1580127287766
2006-09-24,1404.5,1404.5,245.26231979906075,245.26231979906075,1417.1771166163335,1417.1771166163335
2006-09-25,1404.5,1404.5,245.18739782760622,245.18739782760622,1417.134403031708,1417.134403031708
2006-09-26,1404.5,1404.5,245.11333691682339,245.11333691682339,1417.0910837640904,1417.0910837640904
2006-09-27,1404.5,1404.5,245.04012834267675,245.04012834267675,1417.0469952124238,1417.0469952124238
2006-09-28,1404.5,1404.5,244.96776350677428,244.96776350677428,1417.0026271541979,1417.0026271541979
2006-09-29,1404.5,1404.5,244.8962339569084,244.8962339569084,1416.9577693184824,1416.9577693184824
2006-09-30,1404.5,1404.5,244.82553140832516,244.82553140832516,1416.9121421985606,1416.9121421985606
2006-10-01,1404.5,1404.5,244.75579556332295,244.75579556332295,1416.8703614990409,1416.8703614990409
2006-10-02,1404.5,1404.5,244.68816974709813,244.68816974709813,1416.8943545868872,1416.8943545868872
2006-10-03,1404.5,1404.5,244.6209744575481,244.6209744575481,1416.9025773514938,1416.9025773514938
2006-10-04,1404.5,1404.5,244.5530985094096,244.5530985094096,1416.8561809475232,1416.8561809475232
2006-10-05,1404.5,1404.5,244.50082990711013,244.50082990711013,1416.8763276151246,1416.8763276151246
2006-10-06,1404.5,1404.5,244.44889695842855,244.44889695842855,1416.956836235775,1416.956836235775
2006-10-07,1404.5,1404.5,244.3855177547721,244.3855177547721,1416.97260610574,1416.97260610574
2006-10-08,1404.5,1404.5,244.31206016545033,244.31206016545033,1417.032994904763,1417.032994904763
2006-10-09,1404.5,1404.5,244.2599481165864,244.2599481165864,1417.0485258679134,1417.0485258679134
2006-10-10,1404.5,1404.5,244.2094352883152,244.2094352883152,1417.0646609785226,1417.0646609785226
2006-10-11,1404.5,1404.5,244.15740585998702,244.15740585998702,1417.0553887346603,1417.0553887346603
2006-10-12,1404.5,1404.5,244.10460153950305,244.10460153950305,1417.0101462568416,1417.0101462568416
2006-10-13,1404.5,1404.5,244.0541465490977,244.0541465490977,1416.9740915348784,1416.9740915348784
2006-10-14,1404.5,1404.5,244.00521264687575,244.00521264687575,1416.926925846859,1416.926925846859
2006-10-15,1404.5,1404.5,243.95690928370564,243.95690928370564,1416.8791831958417,1416.8791831958417
2006-10-16,1404.5,1404.5,243.9074214689983,243.9074214689983,1416.8312539764818,1416.8312539764818
2006-10-17,1404.5,1404.5,243.86081234178235,243.86081234178235,1416.7833190044132,1416.7833190044132
2006-10-18,1404.5,1404.5,243.81851722251383,243.81851722251383,1416.7353840323444,1416.7353840323444
2006-10-19,1404.5,1404.5,243.7798471953197,243.7798471953197,1416.6874490602759,1416.6874490602759
2006-10-20,1404.5,1404.5,243.73963130278813,243.73963130278813,1416.6395140882073,1416.6395140882073
2006-10-21,1404.5,1404.5,243.70000623880745,243.70000623880745,1416.591453176922,1416.591453176922
2006-10-22,1404.5,1404.5,243.65778922212556,243.65778922212556,1416.604531006069,1416.604531006069
2006-10-23,1404.5,1404.5,243.6281284908746,243.6281284908746,1416.5562113920544,1416.5562113920544
2006-10-24,1404.5,1404.5,243.60469251108572,243.60469251108572,1416.50789177804,1416.50789177804
2006-10-25,1404.5,1404.5,243.58285062400648,243.58285062400648,1416.4595721640253,1416.4595721640253
2006-10-26,1404.5,1404.5,243.5602028295088,243.5602028295088,1416.4112525500109,1416.4112525500109
2006-10-27,1404.5,1404.5,243.53627764513962,243.53627764513962,1416.362816152125,1416.362816152125
2006-10-28,1404.5,1404.5,243.51330011939257,243.51330011939257,1416.314304217059,1416.314304217059
2006-10-29,1404.5,1404.5,243.49197651876605,243.49197651876605,1416.2656462082173,1416.2656462082173
2006-10-30,1404.5,1404.5,243.47078447487502,243.47078447487502,1416.2169419520997,1416.2169419520997
2006-10-31,1404.5,1404.5,243.45053251974943,243.45053251974943,1416.168237695982,1416.168237695982
2006-11-01,1404.5,1404.5,243.43229316796595,243.43229316796595,1416.1195334398644,1416.1195334398644
2006-11-02,1404.5,1404.5,243.42570882611858,243.42570882611858,1416.0159706553552,1416.0159706553552
2006-11-03,1404.5,1404.5,243.4342915828072,243.4342915828072,1415.7946133317453,1415.7946133317453
2006-11-04,1404.5,1404.5,243.4808597932823,243.4808597932823,1415.362067222435,1415.362067222435
2006-11-05,1404.5,1404.5,243.59550744754733,243.59550744754733,1414.402594341543,1414.402594341543
2006-11-06,1404.5,1404.5,243.84540585073773,243.84540585073773,1412.345556941548,1412.345556941548
2006-11-07,1404.5,1404.5,243.8122298253299,243.8122298253299,1412.3756491540548,1412.3756491540548
2006-11-08,1404.5,1404.5,243.78054803344534,243.78054803344534,1412.380935623815,1412.380935623815
2006-11-09,1404.5,1404.5,243.75104352878984,243.75104352878984,1412.407142589251,1412.407142589251
2006-11-10,1404.5,1404.5,243.71995668360466,243.71995668360466,1412.4234086501285,1412.4234086501285
2006-11-11,1404.5,1404.5,243.68973850855429,243.68973850855429,1412.4424682837932,1412.4424682837932
2006-11-12,1404.5,1404.5,243.662788302914,243.662788302914,1412.4861537477686,1412.4861537477686
2006-11-13,1404.5,1404.5,243.63683717966984,243.63683717966984,1412.5020131570493,1412.5020131570493
2006-11-14,1404.5,1404.5,243.65573755628316,243.65573755628316,1412.70024961239,1412.70024961239
2006-11-15,1404.5,1404.5,243.66110722259359,243.66110722259359,1412.8905625244226,1412.8905625244226
2006-11-16,1404.5,1404.5,243.63133037026427,243.63133037026427,1412.9135383353164,1412.9135383353164
2006-11-17,1404.5,1404.5,243.60016837188874,243.60016837188874,1412.996384340777,1412.996384340777
2006-11-18,1404.5,1404.5,243.56811359215334,243.56811359215334,1413.0968272665534,1413.0968272665534
2006-11-19,1404.5,1404.5,243.54135606020412,243.54135606020412,1413.202963313687,1413.202963313687
2006-11-20,1404.5,1404.5,243.51355030966909,243.51355030966909,1413.3111326184717,1413.3111326184717
2006-11-21,1404.5,1404.5,243.48131273040786,243.48131273040786,1413.4599116227932,1413.4599116227932
2006-11-22,1404.5,1404.5,243.44806556588958,243.44806556588958,1413.6064688310958,1413.6064688310958
2006-11-23,1404.5,1404.5,243.41727374756732,243.41727374756732,1413.6646199986244,1413.6646199986244
2006-11-24,1404.5,1404.5,243.38880720773696,243.38880720773696,1413.726024378428,1413.726024378428
2006-11-25,1404.5,1404.5,243.3558898963934,243.3558898963934,1413.7504234697442,1413.7504234697442
2006-11-26,1404.5,1404.5,243.32554898595032,243.32554898595032,1413.7720551742266,1413.7720551742266
2006-11-27,1404.5,1404.5,243.30311864989628,243.30311864989628,1413.8074338566598,1413.8074338566598
2006-11-28,1404.5,1404.5,243.2774035858505,243.2774035858505,1413.8392179861094,1413.8392179861094
2006-11-29,1404.5,1404.5,243.24460444432543,243.24460444432543,1413.8440978044391,1413.8440978044391
2006-11-30,1404.5,1404.5,243.2145019288758,243.2145019288758,1413.8477373355317,1413.8477373355317
2006-12-01,1404.5,1404.5,243.1834343618613,243.1834343618613,1413.8534304568886,1413.8534304568886
2006-12-02,1404.5,1404.5,243.15235010842684,243.15235010842684,1413.8847426240195,1413.8847426240195
2006-12-03,1404.5,1404.5,243.1221536060137,243.1221536060137,1413.9599731554526,1413.9599731554526
2006-12-04,1404.5,1404.5,243.08864448584734,243.08864448584734,1414.040896808243,1414.040896808243
2006-12-05,1404.5,1404.5,243.05535042198585,243.05535042198585,1414.1111924267116,1414.1111924267116
2006-12-06,1404.5,1404.5,243.02195504872662,243.02195504872662,1414.2150590959975,1414.2150590959975
2006-12-07,1404.5,1404.5,242.98955957272878,242.98955957272878,1414.3265868978174,1414.3265868978174
2006-12-08,1404.5,1404.5,242.95767397531006,242.95767397531006,1414.4442873595106,1414.4442873595106
2006-12-09,1404.5,1404.5,242.94248342213268,242.94248342213268,1414.5555841518844,1414.5555841518844
2006-12-10,1404.5,1404.5,242.98878459730042,242.98878459730042,1414.8704570823793,1414.8704570823793
2006-12-11,1404.5,1404.5,243.02784720826676,243.02784720826676,1415.0559910275674,1415.0559910275674
2006-12-12,1404.5,1404.5,243.02919880830686,243.02919880830686,1415.0940705886987,1415.0940705886987
2006-12-13,1404.5,1404.5,243.03206027670595,243.03206027670595,1415.1606136602709,1415.1606136602709
2006-12-14,1404.5,1404.5,243.01934034229814,243.01934034229814,1415.2575434523276,1415.2575434523276
2006-12-15,1404.5,1404.5,242.99865111923043,242.99865111923043,1415.375243914021,1415.375243914021
2006-12-16,1404.5,1404.5,242.98184115143954,242.98184115143954,1415.4814051148226,1415.4814051148226
2006-12-17,1404.5,1404.5,242.9672887210604,242.9672887210604,1415.591787451794,1415.591787451794
2006-12-18,1404.5,1404.5,242.94512951315545,242.94512951315545,1415.6071359097245,1415.6071359097245
2006-12-19,1404.5,1404.5,242.9166020070744,242.9166020070744,1415.6121362561214,1415.6121362561214
2006-12-20,1404.5,1404.5,242.88830864655003,242.88830864655003,1415.6329069259152,1415.6329069259152
2006-12-21,1404.5,1404.5,242.86295423413645,242.86295423413645,1415.6440143951627,1415.6440143951627
2006-12-22,1404.5,1404.5,242.86918784618692,242.86918784618692,1415.7486370278664,1415.7486370278664
2006-12-23,1404.5,1404.5,242.8754021646856,242.8754021646856,1415.8345089818793,1415.8345089818793
2006-12-24,1404.5,1404.5,242.8626602814814,242.8626602814814,1415.86191534707,1415.86191534707
2006-12-25,1404.5,1404.5,242.8497928076313,242.8497928076313,1415.953996168003,1415.953996168003
2006-12-26,1404.5,1404.5,242.84534149701864,242.84534149701864,1416.0743891239463,1416.0743891239463
2006-12-27,1404.5,1404.5,242.90326462461505,242.90326462461505,1416.3277429040365,1416.3277429040365
2006-12-28,1404.5,1404.5,242.92482931196918,242.92482931196918,1416.4796765066164,1416.4796765066164
2006-12-29,1404.5,1404.5,242.91074182129105,242.91074182129105,1416.4969853981113,1416.4969853981113
2006-12-30,1404.5,1404.5,242.89399847322355,242.89399847322355,1416.504678238758,1416.504678238758
2006-12-31,1404.5,1404.5,242.8829566379864,242.8829566379864,1416.5404499477427,1416.5404499477427
2007-01-01,1404.5,1404.5,242.87044526369664,242.87044526369664,1416.5762216567273,1416.5762216567273
2007-01-02,1404.5,1404.5,242.95495545966529,242.95495545966529,1415.8711025391647,1415.8711025391647
2007-01-03,1404.5,1404.5,243.1415389337773,243.1415389337773,1414.4758682041693,1414.4758682041693
2007-01-04,1404.5,1404.5,243.55752792313925,243.55752792313925,1411.5588968811448,1411.5588968811448
2007-01-05,1404.5,1404.5,244.4212788307409,244.4212788307409,1405.5000943123075,1405.5000943123075
2007-01-06,1404.5,1404.5,245.99114571723345,245.99114571723345,1391.82926092199,1391.82926092199
2007-01-07,1404.5,1404.5,246.8225161726377,246.8225161726377,1377.8801687763714,1377.8801687763714
2007-01-08,1404.5,1404.5,246.33204003170565,246.33204003170565,1377.8801687763714,1377.8801687763714
2007-01-09,1404.5,1404.5,245.84413818376663,245.84413818376663,1377.9544744760126,1377.9544744760126
2007-01-10,1404.5,1404.5,245.3551618036001,245.3551618036001,1378.053140508152,1378.053140508152
2007-01-11,1404.5,1404.5,244.86655108879106,244.86655108879106,1378.1507454524979,1378.1507454524979
2007-01-12,1404.5,1404.5,244.37501373104007,244.37501373104007,1378.2099381282828,1378.2099381282828
2007-01-13,1404.5,1404.5,244.349790656744,244.349790656744,1378.2206431866118,1378.2206431866118
2007-01-14,1404.5,1404.5,244.3281578015697,244.3281578015697,1378.231348244941,1378.231348244941
2007-01-15,1404.5,1404.5,244.3045864147043,244.3045864147043,1378.24205330327,1378.24205330327
2007-01-16,1404.5,1404.5,244.2828748122956,244.2828748122956,1378.2531915869451,1378.2531915869451
2007-01-17,1404.5,1404.5,244.2603880800986,244.2603880800986,1378.2783799596962,1378.2783799596962
2007-01-18,1404.5,1404.5,244.23889492640384,244.23889492640384,1378.337980746329,1378.337980746329
2007-01-19,1404.5,1404.5,244.21413788520297,244.21413788520297,1378.389616910443,1378.389616910443
2007-01-20,1404.5,1404.5,244.1914526682095,244.1914526682095,1378.4693059782237,1378.4693059782237
2007-01-21,1404.5,1404.5,244.16895200182773,244.16895200182773,1378.5278689448312,1378.5278689448312
2007-01-22,1404.5,1404.5,244.14627409527372,244.14627409527372,1378.5650217945233,1378.5650217945233
2007-01-23,1404.5,1404.5,244.12625822122558,244.12625822122558,1378.5883210392278,1378.5883210392278
2007-01-24,1404.5,1404.5,244.10523143282848,244.10523143282848,1378.6185470864261,1378.6185470864261
2007-01-25,1404.5,1404.5,244.08555831359516,244.08555831359516,1378.6852962741393,1378.6852962741393
2007-01-26,1404.5,1404.5,244.06642993915366,244.06642993915366,1378.7803823812617,1378.7803823812617
2007-01-27,1404.5,1404.5,244.0504776814578,244.0504776814578,1378.8855438372784,1378.8855438372784
2007-01-28,1404.5,1404.5,244.03229341982654,244.03229341982654,1378.9088430819832,1378.9088430819832
2007-01-29,1404.5,1404.5,244.01146652213615,244.01146652213615,1378.9340314547342,1378.9340314547342
2007-01-30,1404.5,1404.5,243.9893803005275,243.9893803005275,1378.9579604088735,1378.9579604088735
2007-01-31,1404.5,1404.5,243.9678723576674,243.9678723576674,1378.9762219791307,1378.9762219791307
2007-02-01,1404.5,1404.5,243.94686492397705,243.94686492397705,1378.9913494067089,1378.9913494067089
2007-02-02,1404.5,1404.5,243.92179485059125,243.92179485059125,1378.994497953367,1378.994497953367
2007-02-03,1404.5,1404.5,243.89489959237895,243.89489959237895,1378.9976465000254,1378.9976465000254
2007-02-04,1404.5,1404.5,243.8656665918683,243.8656665918683,1379.010790972806,1379.010790972806
2007-02-05,1404.5,1404.5,243.83641164415823,243.83641164415823,1379.067464811367,1379.067464811367
2007-02-06,1404.5,1404.5,243.8275141377455,243.8275141377455,1379.172626267384,1379.172626267384
2007-02-07,1404.5,1404.5,243.82048967804303,243.82048967804303,1379.272120339519,1379.272120339519
2007-02-08,1404.5,1404.5,243.814869350173,243.814869350173,1379.376022376924,1379.376022376924
2007-02-09,1404.5,1404.5,243.82480973402969,243.82480973402969,1379.4998028058017,1379.4998028058017
2007-02-10,1404.5,1404.5,243.87365114828327,243.87365114828327,1379.7345425551223,1379.7345425551223
2007-02-11,1404.5,1404.5,244.08341022816407,244.08341022816407,1380.494692470924,1380.494692470924
2007-02-12,1404.5,1404.5,244.19363774857715,244.19363774857715,1380.712571894886,1380.712571894886
2007-02-13,1404.5,1404.5,244.19036067974724,244.19036067974724,1380.7748960980716,1380.7748960980716
2007-02-14,1404.5,1404.5,244.18020297857458,244.18020297857458,1380.8070112733164,1380.8070112733164
2007-02-15,1404.5,1404.5,244.16686910424144,244.16686910424144,1380.8391264485613,1380.8391264485613
2007-02-16,1404.5,1404.5,244.15348674573647,244.15348674573647,1380.912802438768,1380.912802438768
2007-02-17,1404.5,1404.5,244.14200076048982,244.14200076048982,1381.0041102897974,1381.0041102897974
2007-02-18,1404.5,1404.5,244.1321887574985,244.1321887574985,1381.1246514032448,1381.1246514032448
2007-02-19,1404.5,1404.5,244.12860667822443,244.12860667822443,1381.2906507217763,1381.2906507217763
2007-02-20,1404.5,1404.5,244.11508413464378,244.11508413464378,1381.327854628983,1381.327854628983
2007-02-21,1404.5,1404.5,244.10186711996073,244.10186711996073,1381.3847610628607,1381.3847610628607
2007-02-22,1404.5,1404.5,244.09732691031184,244.09732691031184,1381.460326181114,1381.460326181114
2007-02-23,1404.5,1404.5,244.14443577869886,244.14443577869886,1381.6399351630591,1381.6399351630591
2007-02-24,1404.5,1404.5,244.15298633434338,244.15298633434338,1381.6940901643966,1381.6940901643966
2007-02-25,1404.5,1404.5,244.1542661424673,244.1542661424673,1381.7891479060042,1381.7891479060042
2007-02-26,1404.5,1404.5,244.20461496426958,244.20461496426958,1381.9194977347722,1381.9194977347722
2007-02-27,1404.5,1404.5,244.29360071716732,244.29360071716732,1381.981220594038,1381.981220594038
2007-02-28,1404.5,1404.5,244.334789467365,244.334789467365,1382.0253002462237,1382.0253002462237
2007-03-01,1404.5,1404.5,244.33648475165404,244.33648475165404,1382.0580451306455,1382.0580451306455
2007-03-02,1404.5,1404.5,244.3294745363653,244.3294745363653,1382.0655514133207,1382.0655514133207
2007-03-03,1404.5,1404.5,244.32587957317196,244.32587957317196,1382.0869615302363,1382.0869615302363
2007-03-04,1404.5,1404.5,244.32633580127074,244.32633580127074,1382.1591915895697,1382.1591915895697
2007-03-05,1404.5,1404.5,244.33413880338273,244.33413880338273,1382.292937786118,1382.292937786118
2007-03-06,1404.5,1404.5,244.34585062640954,244.34585062640954,1382.4566751353375,1382.4566751353375
2007-03-07,1404.5,1404.5,244.35064264730437,244.35064264730437,1382.6053352859747,1382.6053352859747
2007-03-08,1404.5,1404.5,244.35612518362672,244.35612518362672,1382.77272531854,1382.77272531854
2007-03-09,1404.5,1404.5,244.36023047526368,244.36023047526368,1382.947849511249,1382.947849511249
2007-03-10,1404.5,1404.5,244.3643978365592,244.3643978365592,1383.131724632177,1383.131724632177
2007-03-11,1404.5,1404.5,244.3677183996312,244.3677183996312,1383.3218968461645,1383.3218968461645
2007-03-12,1404.5,1404.5,244.37413612149746,244.37413612149746,1383.5586675498184,1383.5586675498184
2007-03-13,1404.5,1404.5,244.38697924216387,244.38697924216387,1383.8904736725149,1383.8904736725149
2007-03-14,1404.5,1404.5,244.40551407546832,244.40551407546832,1384.3233623633184,1384.3233623633184
2007-03-15,1404.5,1404.5,244.42045386690424,244.42045386690424,1384.8348322439037,1384.8348322439037
2007-03-16,1404.5,1404.5,244.41703626179535,244.41703626179535,1385.3461212262778,1385.3461212262778
2007-03-17,1404.5,1404.5,244.42261627122124,244.42261627122124,1385.953127461274,1385.953127461274
2007-03-18,1404.5,1404.5,244.42961175052346,244.42961175052346,1386.6704058066741,1386.6704058066741
2007-03-19,1404.5,1404.5,244.41879859571344,244.41879859571344,1387.3327011148074,1387.3327011148074
2007-03-20,1404.5,1404.5,244.4053315482403,244.4053315482403,1387.694668265411,1387.694668265411
2007-03-21,1404.5,1404.5,244.4143217976701,244.4143217976701,1388.0169185105372,1388.0169185105372
2007-03-22,1404.5,1404.5,244.3965756346901,244.3965756346901,1388.2026407787741,1388.2026407787741
2007-03-23,1404.5,1404.5,244.38323752458672,244.38323752458672,1388.3833883433815,1388.3833883433815
2007-03-24,1404.5,1404.5,244.36948086252235,244.36948086252235,1388.6171994130705,1388.6171994130705
2007-03-25,1404.5,1404.5,244.36085178804353,244.36085178804353,1388.9433188721557,1388.9433188721557
2007-03-26,1404.5,1404.5,244.3522656922958,244.3522656922958,1389.2252187435222,1389.2252187435222
2007-03-27,1404.5,1404.5,244.36200208624894,244.36200208624894,1389.5479818581223,1389.5479818581223
2007-03-28,1404.5,1404.5,244.34909195234994,244.34909195234994,1389.7729490104482,1389.7729490104482
2007-03-29,1404.5,1404.5,244.32456327320796,244.32456327320796,1389.9679547774952,1389.9679547774952
2007-03-30,1404.5,1404.5,244.29773701660514,244.29773701660514,1390.1556292148396,1390.1556292148396
2007-03-31,1404.5,1404.5,244.27274898553068,244.27274898553068,1390.3697577616958,1390.3697577616958
2007-04-01,1404.5,1404.5,244.24900944928285,244.24900944928285,1390.687921964622,1390.687921964622
2007-04-02,1404.5,1404.5,244.19050429679365,244.19050429679365,1391.0108617543178,1391.0108617543178
2007-04-03,1404.5,1404.5,244.11881718911224,244.11881718911224,1391.3630916428797,1391.3630916428797
2007-04-04,1404.5,1404.5,244.0506374616314,244.0506374616314,1391.7628980903478,1391.7628980903478
2007-04-05,1404.5,1404.5,243.9787057201012,243.9787057201012,1392.2618658540334,1392.2618658540334
2007-04-06,1404.5,1404.5,243.9152203688414,243.9152203688414,1392.773115342622,1392.773115342622
2007-04-07,1404.5,1404.5,243.83893009684505,243.83893009684505,1393.260270264943,1393.260270264943
2007-04-08,1404.5,1404.5,243.7647149366653,243.7647149366653,1393.755411333582,1393.755411333582
2007-04-09,1404.5,1404.5,243.69706893956544,243.69706893956544,1394.2500683933345,1394.2500683933345
2007-04-10,1404.5,1404.5,243.61729904689017,243.61729904689017,1394.7516982057928,1394.7516982057928
2007-04-11,1404.5,1404.5,243.54658235422025,243.54658235422025,1395.2218825672142,1395.2218825672142
2007-04-12,1404.5,1404.5,243.4799346476359,243.4799346476359,1395.6676093558563,1395.6676093558563
2007-04-13,1404.5,1404.5,243.41825814512652,243.41825814512652,1396.057364581146,1396.057364581146
2007-04-14,1404.5,1404.5,243.34025431955033,243.34025431955033,1396.4157246893587,1396.4157246893587
2007-04-15,1404.5,1404.5,243.26673217396066,243.26673217396066,1396.7867861684376,1396.7867861684376
2007-04-16,1404.5,1404.5,243.19717765372374,243.19717765372374,1397.1237573879453,1397.1237573879453
2007-04-17,1404.5,1404.5,243.11107201778321,243.11107201778321,1397.4630654397658,1397.4630654397658
2007-04-18,1404.5,1404.5,243.0090523380057,243.0090523380057,1397.7956310431093,1397.7956310431093
2007-04-19,1404.5,1404.5,242.8966922930409,242.8966922930409,1398.1064572328357,1398.1064572328357
2007-04-20,1404.5,1404.5,242.77891619358667,242.77891619358667,1398.405784833009,1398.405784833009
2007-04-21,1404.5,1404.5,242.6649400876979,242.6649400876979,1398.6957857230425,1398.6957857230425
2007-04-22,1404.5,1404.5,242.58688784382352,242.58688784382352,1398.9974432825531,1398.9974432825531
2007-04-23,1404.5,1404.5,242.5343919259177,242.5343919259177,1399.3208746207447,1399.3208746207447
2007-04-24,1404.5,1404.5,242.42936508490666,242.42936508490666,1399.5892391927234,1399.5892391927234
2007-04-25,1404.5,1404.5,242.32411153337503,242.32411153337503,1399.882745331319,1399.882745331319
2007-04-26,1404.5,1404.5,242.2206800593961,242.2206800593961,1400.2365692357173,1400.2365692357173
2007-04-27,1404.5,1404.5,242.11293553400185,242.11293553400185,1400.6325798364255,1400.6325798364255
2007-04-28,1404.5,1404.5,242.01160827991828,242.01160827991828,1401.0594366236292,1401.0594366236292
2007-04-29,1404.5,1404.5,241.9155941855805,241.9155941855805,1401.6237403891032,1401.6237403891032
2007-04-30,1404.5,1404.5,241.83007546261092,241.83007546261092,1402.2511183946513,1402.2511183946513
2007-05-01,1404.5,1404.5,242.0843719559609,242.0843719559609,1399.990723388012,1399.990723388012
2007-05-02,1404.5,1404.5,242.689106834035,242.689106834035,1394.7676490348942,1394.7676490348942
2007-05-03,1404.5,1404.5,244.02827945245778,244.02827945245778,1381.6739255248926,1381.6739255248926
2007-05-04,1404.5,1404.5,244.3423004668619,244.3423004668619,1377.8801687763714,1377.8801687763714
2007-05-05,1404.5,1404.5,244.3093073296282,244.3093073296282,1377.8801687763714,1377.8801687763714
2007-05-06,1404.5,1404.5,244.26826464054122,244.26826464054122,1377.8801687763714,1377.8801687763714
2007-05-07,1404.5,1404.5,244.23988897159813,244.23988897159813,1377.8801687763714,1377.8801687763714
2007-05-08,1404.5,1404.5,244.14379434200586,244.14379434200586,1378.7006800177976,1378.7006800177976
2007-05-09,1404.5,1404.5,244.04328541410283,244.04328541410283,1379.4972623050844,1379.4972623050844
2007-05-10,1404.5,1404.5,243.9395821082927,243.9395821082927,1380.3806916639705,1380.3806916639705
2007-05-11,1404.5,1404.5,243.83044311439136,243.83044311439136,1381.2924849032363,1381.2924849032363
2007-05-12,1404.5,1404.5,243.730294377154,243.730294377154,1382.2584977768142,1382.2584977768142
2007-05-13,1404.5,1404.5,243.70361218881783,243.70361218881783,1383.0966408790632,1383.0966408790632
2007-05-14,1404.5,1404.5,243.6777509910947,243.6777509910947,1383.8887597688445,1383.8887597688445
2007-05-15,1404.5,1404.5,243.64806795732545,243.64806795732545,1384.5669776946074,1384.5669776946074
2007-05-16,1404.5,1404.5,243.62304891979707,243.62304891979707,1385.2230858265111,1385.2230858265111
2007-05-17,1404.5,1404.5,243.56621385095653,243.56621385095653,1385.8254554885593,1385.8254554885593
2007-05-18,1404.5,1404.5,243.5198977384761,243.5198977384761,1386.3273478086223,1386.3273478086223
2007-05-19,1404.5,1404.5,243.46235413601707,243.46235413601707,1386.8138381609667,1386.8138381609667
2007-05-20,1404.5,1404.5,243.40025255631116,243.40025255631116,1387.262114231,1387.262114231
2007-05-21,1404.5,1404.5,243.3420167569823,243.3420167569823,1387.6891328039185,1387.6891328039185
2007-05-22,1404.5,1404.5,243.2726257915085,243.2726257915085,1388.0898277547149,1388.0898277547149
2007-05-23,1404.5,1404.5,243.1955354140952,243.1955354140952,1388.4585085669,1388.4585085669
2007-05-24,1404.5,1404.5,243.11660726161617,243.11660726161617,1388.8153496168445,1388.8153496168445
2007-05-25,1404.5,1404.5,243.03163032460267,243.03163032460267,1389.156850295289,1389.156850295289
2007-05-26,1404.5,1404.5,242.93796551110222,242.93796551110222,1389.496508274889,1389.496508274889
2007-05-27,1404.5,1404.5,242.84276314545556,242.84276314545556,1389.8324072652704,1389.8324072652704
2007-05-28,1404.5,1404.5,242.74598491678165,242.74598491678165,1390.096648914027,1390.096648914027
2007-05-29,1404.5,1404.5,242.64642038666366,242.64642038666366,1390.333737631368,1390.333737631368
2007-05-30,1404.5,1404.5,242.5461302380098,242.5461302380098,1390.5628402023915,1390.5628402023915
2007-05-31,1404.5,1404.5,242.43986071382844,242.43986071382844,1390.7646923913244,1390.7646923913244
2007-06-01,1404.5,1404.5,242.33188070871068,242.33188070871068,1390.9633477797793,1390.9633477797793
2007-06-02,1404.5,1404.5,242.2269835618384,242.2269835618384,1391.1027947316802,1391.1027947316802
2007-06-03,1404.5,1404.5,242.11944187700553,242.11944187700553,1391.2235553114172,1391.2235553114172
2007-06-04,1404.5,1404.5,242.00520818232118,242.00520818232118,1391.4097141960092,1391.4097141960092
2007-06-05,1404.5,1404.5,241.8930767131874,241.8930767131874,1391.505602770191,1391.505602770191
2007-06-06,1404.5,1404.5,241.77686504788477,241.77686504788477,1391.581659686192,1391.581659686192
2007-06-07,1404.5,1404.5,241.66175964402603,241.66175964402603,1391.65072872414,1391.65072872414
2007-06-08,1404.5,1404.5,241.54109209468342,241.54109209468342,1391.707461586218,1391.707461586218
2007-06-09,1404.5,1404.5,241.4291169253753,241.4291169253753,1391.7587850441892,1391.7587850441892
2007-06-10,1404.5,1404.5,241.3127914115243,241.3127914115243,1391.8004591804379,1391.8004591804379
2007-06-11,1404.5,1404.5,241.19267599397696,241.19267599397696,1391.8325922919976,1391.8325922919976
2007-06-12,1404.5,1404.5,241.06705983958645,241.06705983958645,1391.850622595263,1391.850622595263
2007-06-13,1404.5,1404.5,240.93871315352797,240.93871315352797,1391.861292938632,1391.861292938632
2007-06-14,1404.5,1404.5,240.81255958657292,240.81255958657292,1391.8594849283925,1391.8594849283925
2007-06-15,1404.5,1404.5,240.68339339119535,240.68339339119535,1391.8506890403035,1391.8506890403035
2007-06-16,1404.5,1404.5,240.54924226866214,240.54924226866214,1391.834044948318,1391.834044948318
2007-06-17,1404.5,1404.5,240.413383541578,240.413383541578,1391.802083790811,1391.802083790811
2007-06-18,1404.5,1404.5,240.26056740228017,240.26056740228017,1391.8445101927541,1391.8445101927541
2007-06-19,1404.5,1404.5,240.11128661624988,240.11128661624988,1391.8017731828656,1391.8017731828656
2007-06-20,1404.5,1404.5,239.96233661260217,239.96233661260217,1391.755887090412,1391.755887090412
2007-06-21,1404.5,1404.5,239.81610937133277,239.81610937133277,1391.7066613367042,1391.7066613367042
2007-06-22,1404.5,1404.5,239.67032522756938,239.67032522756938,1391.6548412956352,1391.6548412956352
2007-06-23,1404.5,1404.5,239.52585858471198,239.52585858471198,1391.5986234289642,1391.5986234289642
2007-06-24,1404.5,1404.5,239.3787658759378,239.3787658759378,1391.5389485288783,1391.5389485288783
2007-06-25,1404.5,1404.5,239.2335381863818,239.2335381863818,1391.4760163701737,1391.4760163701737
2007-06-26,1404.5,1404.5,239.08225562668378,239.08225562668378,1391.4108183240346,1391.4108183240346
2007-06-27,1404.5,1404.5,238.9378787414894,238.9378787414894,1391.3426254731028,1391.3426254731028
2007-06-28,1404.5,1404.5,238.7912235612535,238.7912235612535,1391.2732770508196,1391.2732770508196
2007-06-29,1404.5,1404.5,238.64034591380727,238.64034591380727,1391.20048974558,1391.20048974558
2007-06-30,1404.5,1404.5,238.4953114032909,238.4953114032909,1391.1257452296347,1391.1257452296347
2007-07-01,1404.5,1404.5,238.34492234896916,238.34492234896916,1391.0498687379136,1391.0498687379136
2007-07-02,1404.5,1404.5,238.1915422648041,238.1915422648041,1391.0790453388333,1391.0790453388333
2007-07-03,1404.5,1404.5,238.04929071822298,238.04929071822298,1391.027823048597,1391.027823048597
2007-07-04,1404.5,1404.5,237.90458237874242,237.90458237874242,1390.9751033560665,1390.9751033560665
2007-07-05,1404.5,1404.5,237.76140671768457,237.76140671768457,1390.9208862610376,1390.9208862610376
2007-07-06,1404.5,1404.5,237.6260045561491,237.6260045561491,1390.8651717635103,1390.8651717635103
2007-07-07,1404.5,1404.5,237.4863701397168,237.4863701397168,1390.8074404323677,1390.8074404323677
2007-07-08,1404.5,1404.5,237.3482182002725,237.3482182002725,1390.7482319958137,1390.7482319958137
2007-07-09,1404.5,1404.5,237.20754982141952,237.20754982141952,1390.6873695371194,1390.6873695371194
2007-07-10,1404.5,1404.5,237.0657894314384,237.0657894314384,1390.6251662957727,1390.6251662957727
2007-07-11,1404.5,1404.5,236.9220685666557,236.9220685666557,1390.6108799321285,1390.6108799321285
2007-07-12,1404.5,1404.5,236.77813754599927,236.77813754599927,1390.5454865258387,1390.5454865258387
2007-07-13,1404.5,1404.5,236.6277757448907,236.6277757448907,1390.478242761462,1390.478242761462
2007-07-14,1404.5,1404.5,236.47867760040634,236.47867760040634,1390.41004991053,1390.41004991053
2007-07-15,1404.5,1404.5,236.33117141546285,236.33117141546285,1390.3403596571,1390.3403596571
2007-07-16,1404.5,1404.5,236.17563559343216,236.17563559343216,1390.3488449374477,1390.3488449374477
2007-07-17,1404.5,1404.5,236.0312665343854,236.0312665343854,1390.2766590132549,1390.2766590132549
2007-07-18,1404.5,1404.5,235.89295952945858,235.89295952945858,1390.203474820798,1390.203474820798
2007-07-19,1404.5,1404.5,235.75234726049803,235.75234726049803,1390.1294839875984,1390.1294839875984
2007-07-20,1404.5,1404.5,235.6132479842847,235.6132479842847,1390.054802392643,1390.054802392643
2007-07-21,1404.5,1404.5,235.4709995020132,235.4709995020132,1389.9796216636578,1389.9796216636578
2007-07-22,1404.5,1404.5,235.330281121659,235.330281121659,1389.9038721998463,1389.9038721998463
2007-07-23,1404.5,1404.5,235.18240569798039,235.18240569798039,1389.819473892994,1389.819473892994
2007-07-24,1404.5,1404.5,235.0361220912141,235.0361220912141,1389.7345599622029,1389.7345599622029
2007-07-25,1404.5,1404.5,234.8870712169997,234.8870712169997,1389.6490932866893,1389.6490932866893
2007-07-26,1404.5,1404.5,234.73962711354753,234.73962711354753,1389.5680103154018,1389.5680103154018
2007-07-27,1404.5,1404.5,234.58195554208675,234.58195554208675,1389.48199089494,1389.48199089494
2007-07-28,1404.5,1404.5,234.41801528042856,234.41801528042856,1389.3959714744785,1389.3959714744785
2007-07-29,1404.5,1404.5,234.25583696745662,234.25583696745662,1389.3093993092946,1389.3093993092946
2007-07-30,1404.5,1404.5,234.08521919522624,234.08521919522624,1389.3110575439132,1389.3110575439132
2007-07-31,1404.5,1404.5,233.9269975419261,233.9269975419261,1389.2239326337813,1389.2239326337813
2007-08-01,1404.5,1404.5,233.77048228206155,233.77048228206155,1389.136254978927,1389.136254978927
2007-08-02,1404.5,1404.5,233.6172919521815,233.6172919521815,1389.067370648695,1389.067370648695
2007-08-03,1404.5,1404.5,233.46757452463132,233.46757452463132,1388.9896424008741,1388.9896424008741
2007-08-04,1404.5,1404.5,233.3150911092481,233.3150911092481,1388.911361408331,1388.911361408331
2007-08-05,1404.5,1404.5,233.16427275539445,233.16427275539445,1388.8322772568026,1388.8322772568026
2007-08-06,1404.5,1404.5,233.00769996287863,233.00769996287863,1388.752890774589,1388.752890774589
2007-08-07,1404.5,1404.5,232.85283400169286,232.85283400169286,1388.6729515474276,1388.6729515474276
2007-08-08,1404.5,1404.5,232.69965828554504,232.69965828554504,1388.5930123202659,1388.5930123202659
2007-08-09,1404.5,1404.5,232.5429426943935,232.5429426943935,1388.5125203483822,1388.5125203483822
2007-08-10,1404.5,1404.5,232.38793605992853,232.38793605992853,1388.43147563155,1388.43147563155
2007-08-11,1404.5,1404.5,232.23575958099835,232.23575958099835,1388.349878169996,1388.349878169996
2007-08-12,1404.5,1404.5,232.0852467123981,232.0852467123981,1388.2677279634936,1388.2677279634936
2007-08-13,1404.5,1404.5,231.9291538535739,231.9291538535739,1388.2732554118454,1388.2732554118454
2007-08-14,1404.5,1404.5,231.78533021285594,231.78533021285594,1388.1905524603949,1388.1905524603949
2007-08-15,1404.5,1404.5,231.64308678833052,231.64308678833052,1388.1072967642222,1388.1072967642222
2007-08-16,1404.5,1404.5,231.50240779391783,231.50240779391783,1388.0234883231012,1388.0234883231012
2007-08-17,1404.5,1404.5,231.3632776858121,231.3632776858121,1387.9394035097323,1387.9394035097323
2007-08-18,1404.5,1404.5,231.21473059938893,231.21473059938893,1387.8550423238892,1387.8550423238892
2007-08-19,1404.5,1404.5,231.06781121451206,231.06781121451206,1387.7701283930978,1387.7701283930978
2007-08-20,1404.5,1404.5,230.92250328744717,230.92250328744717,1387.6850592021697,1387.6850592021697
2007-08-21,1404.5,1404.5,230.7798733345764,230.7798733345764,1387.5995925266561,1387.5995925266561
2007-08-22,1404.5,1404.5,230.64233246557367,230.64233246557367,1387.5141258511426,1387.5141258511426
2007-08-23,1404.5,1404.5,230.50699886545354,230.50699886545354,1387.428659175629,1387.428659175629
2007-08-24,1404.5,1404.5,230.3753132786056,230.3753132786056,1387.3428749013565,1387.3428749013565
2007-08-25,1404.5,1404.5,230.24508685879178,230.24508685879178,1387.2563027361725,1387.2563027361725
2007-08-26,1404.5,1404.5,230.11630502724523,230.11630502724523,1387.1697305709888,1387.1697305709888
2007-08-27,1404.5,1404.5,229.98321726530628,229.98321726530628,1387.1713888056072,1387.1713888056072
2007-08-28,1404.5,1404.5,229.8621812093697,229.8621812093697,1387.0936605577863,1387.0936605577863
2007-08-29,1404.5,1404.5,229.73764089461957,229.73764089461957,1387.0059829029321,1387.0059829029321
2007-08-30,1404.5,1404.5,229.61770918022276,229.61770918022276,1386.9708160084372,1386.9708160084372
2007-08-31,1404.5,1404.5,229.49934216536857,229.49934216536857,1386.9406238173458,1386.9406238173458
2007-09-01,1404.5,1404.5,229.37885265249116,229.37885265249116,1386.89120923554,1386.89120923554
2007-09-02,1404.5,1404.5,229.25902632045324,229.25902632045324,1386.819561181019,1386.819561181019
2007-09-03,1404.5,1404.5,229.14044913284792,229.14044913284792,1386.7396219538573,1386.7396219538573
2007-09-04,1404.5,1404.5,229.0253817135378,229.0253817135378,1386.6596827266958,1386.6596827266958
2007-09-05,1404.5,1404.5,228.91160376631407,228.91160376631407,1386.5791907548119,1386.5791907548119
2007-09-06,1404.5,1404.5,228.80474851767048,228.80474851767048,1386.4979498136317,1386.4979498136317
2007-09-07,1404.5,1404.5,228.70607941768606,228.70607941768606,1386.4160759796034,1386.4160759796034
2007-09-08,1404.5,1404.5,228.60799767020154,228.60799767020154,1386.3338447038752,1386.3338447038752
2007-09-09,1404.5,1404.5,228.5084963226261,228.5084963226261,1386.2511417524247,1386.2511417524247
2007-09-10,1404.5,1404.5,228.39468642928037,228.39468642928037,1386.2561164560543,1386.2561164560543
2007-09-11,1404.5,1404.5,228.2939317021741,228.2939317021741,1386.1728607598816,1386.1728607598816
2007-09-12,1404.5,1404.5,228.1943389959552,228.1943389959552,1386.0885843281162,1386.0885843281162
2007-09-13,1404.5,1404.5,228.0966690129399,228.0966690129399,1386.0042203785213,1386.0042203785213
2007-09-14,1404.5,1404.5,228.00421778661047,228.00421778661047,1385.9189637458892,1385.9189637458892
2007-09-15,1404.5,1404.5,227.9194398117714,227.9194398117714,1385.8334970703756,1385.8334970703756
2007-09-16,1404.5,1404.5,227.83566406705145,227.83566406705145,1385.7480303948623,1385.7480303948623
2007-09-17,1404.5,1404.5,227.74621625720482,227.74621625720482,1385.6625637193488,1385.6625637193488
2007-09-18,1404.5,1404.5,227.65781735878136,227.65781735878136,1385.5770970438352,1385.5770970438352
2007-09-19,1404.5,1404.5,227.5704744197306,227.5704744197306,1385.491630368322,1385.491630368322
2007-09-20,1404.5,1404.5,227.4882882995115,227.4882882995115,1385.5244216100787,1385.5244216100787
2007-09-21,1404.5,1404.5,227.40498346390888,227.40498346390888,1385.507311047017,1385.507311047017
2007-09-22,1404.5,1404.5,227.33242162078818,227.33242162078818,1385.5196875791814,1385.5196875791814
2007-09-23,1404.5,1404.5,227.26698287904983,227.26698287904983,1385.5987546194754,1385.5987546194754
2007-09-24,1404.5,1404.5,227.18720623953638,227.18720623953638,1385.6829081798162,1385.6829081798162
2007-09-25,1404.5,1404.5,227.11902987506036,227.11902987506036,1385.6521632440026,1385.6521632440026
2007-09-26,1404.5,1404.5,227.04845281561074,227.04845281561074,1385.6786310847817,1385.6786310847817
2007-09-27,1404.5,1404.5,226.9785949954518,226.9785949954518,1385.6816674573533,1385.6816674573533
2007-09-28,1404.5,1404.5,226.90953989240973,226.90953989240973,1385.5945425472214,1385.5945425472214
2007-09-29,1404.5,1404.5,226.845297819266,226.845297819266,1385.5074176370895,1385.5074176370895
2007-09-30,1404.5,1404.5,226.78185250437397,226.78185250437397,1385.419996701413,1385.419996701413
2007-10-01,1404.5,1404.5,226.71516106905432,226.71516106905432,1385.3323190465587,1385.3323190465587
2007-10-02,1404.5,1404.5,226.60517343413377,226.60517343413377,1385.2474051157676,1385.2474051157676
2007-10-03,1404.5,1404.5,226.49643001996841,226.49643001996841,1385.1624911849763,1385.1624911849763
2007-10-04,1404.5,1404.5,226.38891837821012,226.38891837821012,1385.0770245094627,1385.0770245094627
2007-10-05,1404.5,1404.5,226.28741483728516,226.28741483728516,1385.0353258242085,1385.0353258242085
2007-10-06,1404.5,1404.5,226.18989714115287,226.18989714115287,1385.053222434795,1385.053222434795
2007-10-07,1404.5,1404.5,226.0906036081094,226.0906036081094,1384.993239160626,1384.993239160626
2007-10-08,1404.5,1404.5,225.97973977529907,225.97973977529907,1385.026956596137,1385.026956596137
2007-10-09,1404.5,1404.5,225.89010345437285,225.89010345437285,1385.000839318009,1385.000839318009
2007-10-10,1404.5,1404.5,225.79914111195706,225.79914111195706,1384.9302967533843,1384.9302967533843
2007-10-11,1404.5,1404.5,225.7124809944067,225.7124809944067,1384.8525685055633,1384.8525685055633
2007-10-12,1404.5,1404.5,225.63239417335402,225.63239417335402,1384.7809204510424,1384.7809204510424
2007-10-13,1404.5,1404.5,225.56092836270543,225.56092836270543,1384.806150899592,1384.806150899592
2007-10-14,1404.5,1404.5,225.4802892210456,225.4802892210456,1384.8030432059898,1384.8030432059898
2007-10-15,1404.5,1404.5,225.40447175624112,225.40447175624112,1384.7219984891576,1384.7219984891576
2007-10-16,1404.5,1404.5,225.33132419764937,225.33132419764937,1384.6409537723257,1384.6409537723257
2007-10-17,1404.5,1404.5,225.30110195677045,225.30110195677045,1384.6560866586233,1384.6560866586233
2007-10-18,1404.5,1404.5,225.26978861075696,225.26978861075696,1384.6369493644618,1384.6369493644618
2007-10-19,1404.5,1404.5,225.24070758237917,225.24070758237917,1384.5691705239,1384.5691705239
2007-10-20,1404.5,1404.5,225.21156496055812,225.21156496055812,1384.5688265545866,1384.5688265545866
2007-10-21,1404.5,1404.5,225.18518402841332,225.18518402841332,1384.535955530873,1384.535955530873
2007-10-22,1404.5,1404.5,225.15048269374577,225.15048269374577,1384.5381665102138,1384.5381665102138
2007-10-23,1404.5,1404.5,225.1346264030715,225.1346264030715,1384.452058585756,1384.452058585756
2007-10-24,1404.5,1404.5,225.11753545278106,225.11753545278106,1384.365486420572,1384.365486420572
2007-10-25,1404.5,1404.5,225.1051885185908,225.1051885185908,1384.2789142553881,1384.2789142553881
2007-10-26,1404.5,1404.5,225.09297437721997,225.09297437721997,1384.1917893452562,1384.1917893452562
2007-10-27,1404.5,1404.5,225.0796556856618,225.0796556856618,1384.1046644351243,1384.1046644351243
2007-10-28,1404.5,1404.5,225.06692327695578,225.06692327695578,1384.0247252079625,1384.0247252079625
2007-10-29,1404.5,1404.5,225.05477143321116,225.05477143321116,1383.9654915973604,1383.9654915973604
2007-10-30,1404.5,1404.5,225.05674719474098,225.05674719474098,1384.032582499295,1384.032582499295
2007-10-31,1404.5,1404.5,225.04514100570972,225.04514100570972,1384.051584599552,1384.051584599552
2007-11-01,1404.5,1404.5,225.0357767644951,225.0357767644951,1383.966572439105,1383.966572439105
2007-11-02,1404.5,1404.5,225.03911602144439,225.03911602144439,1383.791883326286,1383.791883326286
2007-11-03,1404.5,1404.5,225.06464923254242,225.06464923254242,1383.3929692933677,1383.3929692933677
2007-11-04,1404.5,1404.5,225.14041137860912,225.14041137860912,1382.591992682674,1382.591992682674
2007-11-05,1404.5,1404.5,225.31374895302974,225.31374895302974,1380.9868909182308,1380.9868909182308
2007-11-06,1404.5,1404.5,225.29983194962898,225.29983194962898,1380.990039464889,1380.990039464889
2007-11-07,1404.5,1404.5,225.28019712640216,225.28019712640216,1380.993188011547,1380.993188011547
2007-11-08,1404.5,1404.5,225.2606604462439,225.2606604462439,1380.9963365582053,1380.9963365582053
2007-11-09,1404.5,1404.5,225.24135398134607,225.24135398134607,1380.998914549986,1380.998914549986
2007-11-10,1404.5,1404.5,225.22318701629354,225.22318701629354,1381.003322515256,1381.003322515256
2007-11-11,1404.5,1404.5,225.23518927550154,225.23518927550154,1381.246390311969,1381.246390311969
2007-11-12,1404.5,1404.5,225.2292963110728,225.2292963110728,1381.4288419080704,1381.4288419080704
2007-11-13,1404.5,1404.5,225.21683532592976,225.21683532592976,1381.4455511492981,1381.4455511492981
2007-11-14,1404.5,1404.5,225.20155261419575,225.20155261419575,1381.577160396678,1381.577160396678
2007-11-15,1404.5,1404.5,225.18485484525118,225.18485484525118,1381.7293096170788,1381.7293096170788
2007-11-16,1404.5,1404.5,225.16833608954587,225.16833608954587,1381.9206343900323,1381.9206343900323
2007-11-17,1404.5,1404.5,225.1517870137851,225.1517870137851,1382.0744380287538,1382.0744380287538
2007-11-18,1404.5,1404.5,225.13574182747246,225.13574182747246,1382.166375589218,1382.166375589218
2007-11-19,1404.5,1404.5,225.11946123924136,225.11946123924136,1382.2469783819183,1382.2469783819183
2007-11-20,1404.5,1404.5,225.10473421134563,225.10473421134563,1382.2979848365978,1382.2979848365978
2007-11-21,1404.5,1404.5,225.08722184452327,225.08722184452327,1382.3023317390662,1382.3023317390662
2007-11-22,1404.5,1404.5,225.06971464583,225.06971464583,1382.3061099949016,1382.3061099949016
2007-11-23,1404.5,1404.5,225.052175471494,225.052175471494,1382.309888250737,1382.309888250737
2007-11-24,1404.5,1404.5,225.0388779294063,225.0388779294063,1382.3130367973952,1382.3130367973952
2007-11-25,1404.5,1404.5,225.02507332866475,225.02507332866475,1382.3161853440533,1382.3161853440533
2007-11-26,1404.5,1404.5,225.0072624107226,225.0072624107226,1382.3193338907117,1382.3193338907117
2007-11-27,1404.5,1404.5,224.99213007910802,224.99213007910802,1382.32248243737,1382.32248243737
2007-11-28,1404.5,1404.5,224.97408284881914,224.97408284881914,1382.325630984028,1382.325630984028
2007-11-29,1404.5,1404.5,224.9608299263857,224.9608299263857,1382.3287795306865,1382.3287795306865
2007-11-30,1404.5,1404.5,224.9457629871346,224.9457629871346,1382.3319280773446,1382.3319280773446
2007-12-01,1404.5,1404.5,224.92924630635738,224.92924630635738,1382.3350766240028,1382.3350766240028
2007-12-02,1404.5,1404.5,224.91546119449004,224.91546119449004,1382.3369657520493,1382.3369657520493
2007-12-03,1404.5,1404.5,224.89589730632053,224.89589730632053,1382.339313958374,1382.339313958374
2007-12-04,1404.5,1404.5,224.87959808778692,224.87959808778692,1382.3424625050322,1382.3424625050322
2007-12-05,1404.5,1404.5,224.86264275465066,224.86264275465066,1382.3507096656526,1382.3507096656526
2007-12-06,1404.5,1404.5,224.85292786635307,224.85292786635307,1382.5276579840872,1382.5276579840872
2007-12-07,1404.5,1404.5,224.9585377054753,224.9585377054753,1383.4738876436948,1383.4738876436948
2007-12-08,1404.5,1404.5,225.0176982756486,225.0176982756486,1383.7655243106358,1383.7655243106358
2007-12-09,1404.5,1404.5,225.00863956926747,225.00863956926747,1383.768672857294,1383.768672857294
2007-12-10,1404.5,1404.5,224.99324585138373,224.99324585138373,1383.773080822564,1383.773080822564
2007-12-11,1404.5,1404.5,224.9769057252911,224.9769057252911,1383.779377915623,1383.779377915623
2007-12-12,1404.5,1404.5,224.96060600879153,224.96060600879153,1383.7856750086821,1383.7856750086821
2007-12-13,1404.5,1404.5,224.94594335684738,224.94594335684738,1383.795750357834,1383.795750357834
2007-12-14,1404.5,1404.5,224.93162220705412,224.93162220705412,1383.816721317784,1383.816721317784
2007-12-15,1404.5,1404.5,224.91609729869552,224.91609729869552,1383.8367235489914,1383.8367235489914
2007-12-16,1404.5,1404.5,224.9044734246708,224.9044734246708,1383.8725865856247,1383.8725865856247
2007-12-17,1404.5,1404.5,224.88881167495305,224.88881167495305,1383.8974601037728,1383.8974601037728
2007-12-18,1404.5,1404.5,224.91044838858352,224.91044838858352,1384.0549923848505,1384.0549923848505
2007-12-19,1404.5,1404.5,225.0925194180491,225.0925194180491,1384.3184769375246,1384.3184769375246
2007-12-20,1404.5,1404.5,225.31702360204264,225.31702360204264,1384.5260415424098,1384.5260415424098
2007-12-21,1404.5,1404.5,225.37054981060174,225.37054981060174,1384.6648018951803,1384.6648018951803
2007-12-22,1404.5,1404.5,225.35944724794064,225.35944724794064,1384.6681183641913,1384.6681183641913
2007-12-23,1404.5,1404.5,225.34183434848714,225.34183434848714,1384.6722799979173,1384.6722799979173
2007-12-24,1404.5,1404.5,225.327587896679,225.327587896679,1384.6932843021061,1384.6932843021061
2007-12-25,1404.5,1404.5,225.32641543946033,225.32641543946033,1384.7850399465542,1384.7850399465542
2007-12-26,1404.5,1404.5,225.32004022006382,225.32004022006382,1384.7938838641433,1384.7938838641433
2007-12-27,1404.5,1404.5,225.3071512243974,225.3071512243974,1384.7985340529692,1384.7985340529692
2007-12-28,1404.5,1404.5,225.3028583790071,225.3028583790071,1384.807319129958,1384.807319129958
2007-12-29,1404.5,1404.5,225.2956348024199,225.2956348024199,1384.8117410886396,1384.8117410886396
2007-12-30,1404.5,1404.5,225.2857602636884,225.2857602636884,1384.8205850062284,1384.8205850062284
2007-12-31,1404.5,1404.5,225.27644681111295,225.27644681111295,1384.8338508824988,1384.8338508824988
2008-01-01,1404.5,1404.5,225.26357827470014,225.26357827470014,1384.8415893104172,1384.8415893104172
2008-01-02,1404.5,1404.5,225.24818946862493,225.24818946862493,1384.8421420553655,1384.8421420553655
2008-01-03,1404.5,1404.5,225.2370795702912,225.2370795702912,1384.8426948003137,1384.8426948003137
2008-01-04,1404.5,1404.5,225.30031187797363,225.30031187797363,1384.9615349422506,1384.9615349422506
2008-01-05,1404.5,1404.5,225.7290004956779,225.7290004956779,1385.461200721647,1385.461200721647
2008-01-06,1404.5,1404.5,226.20039709939954,226.20039709939954,1385.7925746606359,1385.7925746606359
2008-01-07,1404.5,1404.5,226.2343279887826,226.2343279887826,1385.7975493642655,1385.7975493642655
2008-01-08,1404.5,1404.5,226.216566885066,226.216566885066,1385.7996202932543,1385.7996202932543
2008-01-09,1404.5,1404.5,226.21136143774638,226.21136143774638,1385.8022089545468,1385.8022089545468
2008-01-10,1404.5,1404.5,226.20478849418666,226.20478849418666,1385.805525423558,1385.805525423558
2008-01-11,1404.5,1404.5,226.19455523643492,226.19455523643492,1385.808841892569,1385.808841892569
2008-01-12,1404.5,1404.5,226.17721833283028,226.17721833283028,1385.8121583615803,1385.8121583615803
2008-01-13,1404.5,1404.5,226.16354802194206,226.16354802194206,1385.8425593280804,1385.8425593280804
2008-01-14,1404.5,1404.5,226.1495958035235,226.1495958035235,1385.899492047121,1385.899492047121
2008-01-15,1404.5,1404.5,226.13380074420292,226.13380074420292,1385.9586357457283,1385.9586357457283
2008-01-16,1404.5,1404.5,226.11819352475794,226.11819352475794,1386.0382310035766,1386.0382310035766
2008-01-17,1404.5,1404.5,226.100025204623,226.100025204623,1386.0957164675654,1386.0957164675654
2008-01-18,1404.5,1404.5,226.07972121314612,226.07972121314612,1386.1288811583543,1386.1288811583543
2008-01-19,1404.5,1404.5,226.06166723208574,226.06166723208574,1386.1871576472988,1386.1871576472988
2008-01-20,1404.5,1404.5,226.04502601424642,226.04502601424642,1386.215435490047,1386.215435490047
2008-01-21,1404.5,1404.5,226.02546630307722,226.02546630307722,1386.2325705802766,1386.2325705802766
2008-01-22,1404.5,1404.5,226.00493409466367,226.00493409466367,1386.2380980286284,1386.2380980286284
2008-01-23,1404.5,1404.5,226.0269255507523,226.0269255507523,1386.2624188018285,1386.2624188018285
2008-01-24,1404.5,1404.5,226.10568324640388,226.10568324640388,1386.3210097554877,1386.3210097554877
2008-01-25,1404.5,1404.5,226.11184360304105,226.11184360304105,1386.327642693736,1386.327642693736
2008-01-26,1404.5,1404.5,226.09277044023838,226.09277044023838,1386.3329701165358,1386.3329701165358
2008-01-27,1404.5,1404.5,226.1077633680337,226.1077633680337,1386.3998522428358,1386.3998522428358
2008-01-28,1404.5,1404.5,226.18876048886912,226.18876048886912,1386.5826824073135,1386.5826824073135
2008-01-29,1404.5,1404.5,226.25799669047015,226.25799669047015,1386.6213745464543,1386.6213745464543
2008-01-30,1404.5,1404.5,226.27923261381105,226.27923261381105,1386.6471337529729,1386.6471337529729
2008-01-31,1404.5,1404.5,226.276991664194,226.276991664194,1386.6847204024432,1386.6847204024432
2008-02-01,1404.5,1404.5,226.29917612334063,226.29917612334063,1386.7338326734173,1386.7338326734173
2008-02-02,1404.5,1404.5,226.30631816225392,226.30631816225392,1386.7628443082099,1386.7628443082099
2008-02-03,1404.5,1404.5,226.34339277121745,226.34339277121745,1386.8339865536395,1386.8339865536395
2008-02-04,1404.5,1404.5,226.36583545671817,226.36583545671817,1386.864004084532,1386.864004084532
2008-02-05,1404.5,1404.5,226.43191844685649,226.43191844685649,1386.9018646165468,1386.9018646165468
2008-02-06,1404.5,1404.5,226.50034533240816,226.50034533240816,1386.9471896939358,1386.9471896939358
2008-02-07,1404.5,1404.5,226.57398289024403,226.57398289024403,1386.9945016649062,1386.9945016649062
2008-02-08,1404.5,1404.5,226.65931555116845,226.65931555116845,1387.0442487009766,1387.0442487009766
2008-02-09,1404.5,1404.5,226.75368137621814,226.75368137621814,1387.1150000412358,1387.1150000412358
2008-02-10,1404.5,1404.5,226.86257160007054,226.86257160007054,1387.1962535334767,1387.1962535334767
2008-02-11,1404.5,1404.5,226.9824249634621,226.9824249634621,1387.2947417097432,1387.2947417097432
2008-02-12,1404.5,1404.5,227.11541581597214,227.11541581597214,1387.4202147897024,1387.4202147897024
2008-02-13,1404.5,1404.5,227.25393550919412,227.25393550919412,1387.5768656668693,1387.5768656668693
2008-02-14,1404.5,1404.5,227.39911512482067,227.39911512482067,1387.7446112782582,1387.7446112782582
2008-02-15,1404.5,1404.5,227.52321064118684,227.52321064118684,1387.8684261238247,1387.8684261238247
2008-02-16,1404.5,1404.5,227.64181324460793,227.64181324460793,1387.978975092895,1387.978975092895
2008-02-17,1404.5,1404.5,227.76631362457277,227.76631362457277,1388.103895428132,1388.103895428132
2008-02-18,1404.5,1404.5,227.89380071538787,227.89380071538787,1388.2476090879913,1388.2476090879913
2008-02-19,1404.5,1404.5,228.02916555952064,228.02916555952064,1388.408059463347,1388.408059463347
2008-02-20,1404.5,1404.5,228.1800402006874,228.1800402006874,1388.566697234095,1388.566697234095
2008-02-21,1404.5,1404.5,228.29683963722715,228.29683963722715,1388.6758020950397,1388.6758020950397
2008-02-22,1404.5,1404.5,228.4437759649812,228.4437759649812,1388.8023806646693,1388.8023806646693
2008-02-23,1404.5,1404.5,228.5891873256303,228.5891873256303,1388.9118241440692,1388.9118241440692
2008-02-24,1404.5,1404.5,228.7551779568234,228.7551779568234,1389.0218203684174,1389.0218203684174
2008-02-25,1404.5,1404.5,228.97889292637538,228.97889292637538,1389.142318744747,1389.142318744747
2008-02-26,1404.5,1404.5,229.15609130768672,229.15609130768672,1389.2536893616766,1389.2536893616766
2008-02-27,1404.5,1404.5,229.33033649447407,229.33033649447407,1389.3681075447062,1389.3681075447062
2008-02-28,1404.5,1404.5,229.51835962658495,229.51835962658495,1389.501319052584,1389.501319052584
2008-02-29,1404.5,1404.5,229.71580778794848,229.71580778794848,1389.6825994433802,1389.6825994433802
2008-03-01,1404.5,1404.5,229.9165115597763,229.9165115597763,1389.895212001373,1389.895212001373
2008-03-02,1404.5,1404.5,230.0860142489627,230.0860142489627,1390.0653819973802,1390.0653819973802
2008-03-03,1404.5,1404.5,230.2359530459483,230.2359530459483,1390.2191299504773,1390.2191299504773
2008-03-04,1404.5,1404.5,230.37035043592,230.37035043592,1390.3770416483067,1390.3770416483067
2008-03-05,1404.5,1404.5,230.5109013159229,230.5109013159229,1390.5487437930158,1390.5487437930158
2008-03-06,1404.5,1404.5,230.64000670481295,230.64000670481295,1390.7329242913333,1390.7329242913333
2008-03-07,1404.5,1404.5,230.75738588512786,230.75738588512786,1390.9245918017348,1390.9245918017348
2008-03-08,1404.5,1404.5,230.87240318402635,230.87240318402635,1391.1447099581762,1391.1447099581762
2008-03-09,1404.5,1404.5,230.9789253538554,230.9789253538554,1391.375309931698,1391.375309931698
2008-03-10,1404.5,1404.5,231.08836659551505,231.08836659551505,1391.6183882586245,1391.6183882586245
2008-03-11,1404.5,1404.5,231.19624594788934,231.19624594788934,1391.9199899906512,1391.9199899906512
2008-03-12,1404.5,1404.5,231.29375463247106,231.29375463247106,1392.161071781049,1392.161071781049
2008-03-13,1404.5,1404.5,231.397533509354,231.397533509354,1392.4026527056812,1392.4026527056812
2008-03-14,1404.5,1404.5,231.49492630096833,231.49492630096833,1392.6666946665641,1392.6666946665641
2008-03-15,1404.5,1404.5,231.56516558230277,231.56516558230277,1392.8443864210624,1392.8443864210624
2008-03-16,1404.5,1404.5,231.62610993561228,231.62610993561228,1393.013592895009,1393.013592895009
2008-03-17,1404.5,1404.5,231.68774133845343,231.68774133845343,1393.1793054301327,1393.1793054301327
2008-03-18,1404.5,1404.5,231.74036103205677,231.74036103205677,1393.3423890943634,1393.3423890943634
2008-03-19,1404.5,1404.5,231.79829617194827,231.79829617194827,1393.5177435542967,1393.5177435542967
2008-03-20,1404.5,1404.5,231.858092960177,231.858092960177,1393.7395944820423,1393.7395944820423
2008-03-21,1404.5,1404.5,231.90547394010852,231.90547394010852,1393.9635777810759,1393.9635777810759
2008-03-22,1404.5,1404.5,231.94449047352987,231.94449047352987,1394.1944544008184,1394.1944544008184
2008-03-23,1404.5,1404.5,231.99979365376174,231.99979365376174,1394.5174606441997,1394.5174606441997
2008-03-24,1404.5,1404.5,232.06372853816907,232.06372853816907,1394.908282677086,1394.908282677086
2008-03-25,1404.5,1404.5,232.13266095085555,232.13266095085555,1395.354508599758,1395.354508599758
2008-03-26,1404.5,1404.5,232.2165287570978,232.2165287570978,1395.862517375825,1395.862517375825
2008-03-27,1404.5,1404.5,232.25703987965503,232.25703987965503,1396.1005031192665,1396.1005031192665
2008-03-28,1404.5,1404.5,232.27944905056617,232.27944905056617,1396.3073540171054,1396.3073540171054
2008-03-29,1404.5,1404.5,232.2955419578553,232.2955419578553,1396.5164730169442,1396.5164730169442
2008-03-30,1404.5,1404.5,232.3110870124482,232.3110870124482,1396.7278601187832,1396.7278601187832
2008-03-31,1404.5,1404.5,232.32443186824833,232.32443186824833,1396.9201951642299,1396.9201951642299
2008-04-01,1404.5,1404.5,232.32757399634175,232.32757399634175,1397.1048186630992,1397.1048186630992
2008-04-02,1404.5,1404.5,232.33167045311814,232.33167045311814,1397.2917102637832,1397.2917102637832
2008-04-03,1404.5,1404.5,232.32594157105902,232.32594157105902,1397.5117161529624,1397.5117161529624
2008-04-04,1404.5,1404.5,232.32679977243,232.32679977243,1397.7439697927193,1397.7439697927193
2008-04-05,1404.5,1404.5,232.3267788541209,232.3267788541209,1398.0272625993393,1398.0272625993393
2008-04-06,1404.5,1404.5,232.33018428918146,232.33018428918146,1398.3121362044578,1398.3121362044578
2008-04-07,1404.5,1404.5,232.32904534545423,232.32904534545423,1398.623319792072,1398.623319792072
2008-04-08,1404.5,1404.5,232.32735455232924,232.32735455232924,1398.9208122916068,1398.9208122916068
2008-04-09,1404.5,1404.5,232.32464594228097,232.32464594228097,1399.2063732002268,1399.2063732002268
2008-04-10,1404.5,1404.5,232.3114131006431,232.3114131006431,1399.4486064885612,1399.4486064885612
2008-04-11,1404.5,1404.5,232.31476173931148,232.31476173931148,1399.7311088961176,1399.7311088961176
2008-04-12,1404.5,1404.5,232.3369034933286,232.3369034933286,1400.1579656833212,1400.1579656833212
2008-04-13,1404.5,1404.5,232.3842669818401,232.3842669818401,1400.7122073237679,1400.7122073237679
2008-04-14,1404.5,1404.5,232.44342922219826,232.44342922219826,1401.3348219283455,1401.3348219283455
2008-04-15,1404.5,1404.5,232.89966038979907,232.89966038979907,1399.3279581185172,1399.3279581185172
2008-04-16,1404.5,1404.5,233.70217767075306,233.70217767075306,1394.4335447127548,1394.4335447127548
2008-04-17,1404.5,1404.5,235.20549233169757,235.20549233169757,1382.3367038428032,1382.3367038428032
2008-04-18,1404.5,1404.5,235.6808136136782,235.6808136136782,1377.8801687763714,1377.8801687763714
2008-04-19,1404.5,1404.5,235.75673334901307,235.75673334901307,1377.8801687763714,1377.8801687763714
2008-04-20,1404.5,1404.5,235.82500310214402,235.82500310214402,1377.8801687763714,1377.8801687763714
2008-04-21,1404.5,1404.5,235.87232123974434,235.87232123974434,1377.8801687763714,1377.8801687763714
2008-04-22,1404.5,1404.5,235.80119185731635,235.80119185731635,1378.4706739189241,1378.4706739189241
2008-04-23,1404.5,1404.5,235.73638633800374,235.73638633800374,1379.0713021157173,1379.0713021157173
2008-04-24,1404.5,1404.5,235.6726601925516,235.6726601925516,1379.6624083442912,1379.6624083442912
2008-04-25,1404.5,1404.5,235.60988057139951,235.60988057139951,1380.2392220795696,1380.2392220795696
2008-04-26,1404.5,1404.5,235.55199206027882,235.55199206027882,1380.8247372527637,1380.8247372527637
2008-04-27,1404.5,1404.5,235.4974161608643,235.4974161608643,1381.5193257126245,1381.5193257126245
2008-04-28,1404.5,1404.5,235.45803248415064,235.45803248415064,1382.319972487308,1382.319972487308
2008-04-29,1404.5,1404.5,235.4211574782505,235.4211574782505,1383.4447859860252,1383.4447859860252
2008-04-30,1404.5,1404.5,235.39514321580336,235.39514321580336,1384.5205274060222,1384.5205274060222
2008-05-01,1404.5,1404.5,235.36602131220502,235.36602131220502,1385.4289551851407,1385.4289551851407
2008-05-02,1404.5,1404.5,235.3289807086231,235.3289807086231,1386.226077442463,1386.226077442463
2008-05-03,1404.5,1404.5,235.28519195376649,235.28519195376649,1386.9512786802334,1386.9512786802334
2008-05-04,1404.5,1404.5,235.2454873173202,235.2454873173202,1387.6885955663001,1387.6885955663001
2008-05-05,1404.5,1404.5,235.19913257629943,235.19913257629943,1388.408717386937,1388.408717386937
2008-05-06,1404.5,1404.5,235.13598013645083,235.13598013645083,1389.1125544690926,1389.1125544690926
2008-05-07,1404.5,1404.5,235.079329195912,235.079329195912,1389.8176458443186,1389.8176458443186
2008-05-08,1404.5,1404.5,235.028752566313,235.028752566313,1390.489481779679,1390.489481779679
2008-05-09,1404.5,1404.5,234.9825448105407,234.9825448105407,1391.1255429074015,1391.1255429074015
2008-05-10,1404.5,1404.5,234.93947253248606,234.93947253248606,1391.791886986515,1391.791886986515
2008-05-11,1404.5,1404.5,234.9125313113109,234.9125313113109,1392.4940671405955,1392.4940671405955
2008-05-12,1404.5,1404.5,234.90015826766637,234.90015826766637,1393.2739766787124,1393.2739766787124
2008-05-13,1404.5,1404.5,234.87654404574647,234.87654404574647,1394.1198114445551,1394.1198114445551
2008-05-14,1404.5,1404.5,234.8354416514794,234.8354416514794,1394.9154192637156,1394.9154192637156
2008-05-15,1404.5,1404.5,234.80130827031417,234.80130827031417,1395.8234306279564,1395.8234306279564
2008-05-16,1404.5,1404.5,234.79461269998305,234.79461269998305,1396.7381688686291,1396.7381688686291
2008-05-17,1404.5,1404.5,234.79278203712155,234.79278203712155,1397.6382600064012,1397.6382600064012
2008-05-18,1404.5,1404.5,234.7950877047193,234.7950877047193,1398.4348174116321,1398.4348174116321
2008-05-19,1404.5,1404.5,234.79089029951203,234.79089029951203,1399.1937243243676,1399.1937243243676
2008-05-20,1404.5,1404.5,234.77722197731447,234.77722197731447,1399.9469422254376,1399.9469422254376
2008-05-21,1404.5,1404.5,234.75113303763166,234.75113303763166,1400.5383591874772,1400.5383591874772
2008-05-22,1404.5,1404.5,234.70102765659271,234.70102765659271,1401.0414058425865,1401.0414058425865
2008-05-23,1404.5,1404.5,234.64954393258841,234.64954393258841,1401.4706629601367,1401.4706629601367
2008-05-24,1404.5,1404.5,234.59934779593294,234.59934779593294,1401.9144971223495,1401.9144971223495
2008-05-25,1404.5,1404.5,234.5519806490377,234.5519806490377,1402.3619661482305,1402.3619661482305
2008-05-26,1404.5,1404.5,234.49556468179983,234.49556468179983,1402.7438857570085,1402.7438857570085
2008-05-27,1404.5,1404.5,234.96002312564582,234.96002312564582,1399.4059756446734,1399.4059756446734
2008-05-28,1404.5,1404.5,235.90512953191123,235.90512953191123,1391.9188344939357,1391.9188344939357
2008-05-29,1404.5,1404.5,237.3690439279557,237.3690439279557,1377.8801687763714,1377.8801687763714
2008-05-30,1404.5,1404.5,237.36072785296182,237.36072785296182,1377.8801687763714,1377.8801687763714
2008-05-31,1404.5,1404.5,237.35444376319063,237.35444376319063,1377.8801687763714,1377.8801687763714
2008-06-01,1404.5,1404.5,237.35211596817524,237.35211596817524,1377.8801687763714,1377.8801687763714
2008-06-02,1404.5,1404.5,237.2883174755476,237.2883174755476,1378.4129285118622,1378.4129285118622
2008-06-03,1404.5,1404.5,237.2066751884318,237.2066751884318,1378.990956632052,1378.990956632052
2008-06-04,1404.5,1404.5,237.12910558437605,237.12910558437605,1379.4598516302055,1379.4598516302055
2008-06-05,1404.5,1404.5,237.05726097118446,237.05726097118446,1379.9046642543294,1379.9046642543294
2008-06-06,1404.5,1404.5,236.9871579140589,236.9871579140589,1380.3127110135335,1380.3127110135335
2008-06-07,1404.5,1404.5,236.9437085808925,236.9437085808925,1380.688644887438,1380.688644887438
2008-06-08,1404.5,1404.5,236.95041637228948,236.95041637228948,1381.0360670499078,1381.0360670499078
2008-06-09,1404.5,1404.5,236.93174080796257,236.93174080796257,1381.3575367924916,1381.3575367924916
2008-06-10,1404.5,1404.5,236.8961257829651,236.8961257829651,1381.6663322039658,1381.6663322039658
2008-06-11,1404.5,1404.5,236.86362262033984,236.86362262033984,1381.9696060187268,1381.9696060187268
2008-06-12,1404.5,1404.5,236.82508146825646,236.82508146825646,1382.2288787994921,1382.2288787994921
2008-06-13,1404.5,1404.5,236.7688540913788,236.7688540913788,1382.4817071732277,1382.4817071732277
2008-06-14,1404.5,1404.5,236.71685457294006,236.71685457294006,1382.7373009250816,1382.7373009250816
2008-06-15,1404.5,1404.5,236.6579999459059,236.6579999459059,1383.0360141178257,1383.0360141178257
2008-06-16,1404.5,1404.5,236.57978161123603,236.57978161123603,1383.3435501104307,1383.3435501104307
2008-06-17,1404.5,1404.5,236.48132080764097,236.48132080764097,1383.7062626775826,1383.7062626775826
2008-06-18,1404.5,1404.5,236.39858331072386,236.39858331072386,1383.9445536237868,1383.9445536237868
2008-06-19,1404.5,1404.5,236.30771828838073,236.30771828838073,1384.1508156278658,1384.1508156278658
2008-06-20,1404.5,1404.5,236.22166529846479,236.22166529846479,1384.3658431602412,1384.3658431602412
2008-06-21,1404.5,1404.5,236.13632964244943,236.13632964244943,1384.5939623705092,1384.5939623705092
2008-06-22,1404.5,1404.5,236.04872867054252,236.04872867054252,1384.8199315709364,1384.8199315709364
2008-06-23,1404.5,1404.5,235.94871553699704,235.94871553699704,1384.9949021867712,1384.9949021867712
2008-06-24,1404.5,1404.5,235.83760921522318,235.83760921522318,1385.1393773669874,1385.1393773669874
2008-06-25,1404.5,1404.5,235.73339269182378,235.73339269182378,1385.258395464648,1385.258395464648
2008-06-26,1404.5,1404.5,235.62901896510155,235.62901896510155,1385.374686687668,1385.374686687668
2008-06-27,1404.5,1404.5,235.52305392688518,235.52305392688518,1385.482680708084,1385.482680708084
2008-06-28,1404.5,1404.5,235.42075703085584,235.42075703085584,1385.5823835558595,1385.5823835558595
2008-06-29,1404.5,1404.5,235.30311733316833,235.30311733316833,1385.6666075379608,1385.6666075379608
2008-06-30,1404.5,1404.5,235.1959879884056,235.1959879884056,1385.7443031010214,1385.7443031010214
2008-07-01,1404.5,1404.5,235.06955616311734,235.06955616311734,1385.8973209641363,1385.8973209641363
2008-07-02,1404.5,1404.5,234.91875026239344,234.91875026239344,1385.9126807837633,1385.9126807837633
2008-07-03,1404.5,1404.5,234.77301723957567,234.77301723957567,1385.9267081803907,1385.9267081803907
2008-07-04,1404.5,1404.5,234.62558672029624,234.62558672029624,1385.935895736707,1385.935895736707
2008-07-05,1404.5,1404.5,234.4696452413009,234.4696452413009,1385.9297819866008,1385.9297819866008
2008-07-06,1404.5,1404.5,234.32716138218905,234.32716138218905,1385.916724885739,1385.916724885739
2008-07-07,1404.5,1404.5,234.16891526301077,234.16891526301077,1385.900352936885,1385.900352936885
2008-07-08,1404.5,1404.5,234.00793584167772,234.00793584167772,1385.8795574083308,1385.8795574083308
2008-07-09,1404.5,1404.5,233.83751684229023,233.83751684229023,1385.8528136319617,1385.8528136319617
2008-07-10,1404.5,1404.5,233.6652411627391,233.6652411627391,1385.8193049718593,1385.8193049718593
2008-07-11,1404.5,1404.5,233.48627534514273,233.48627534514273,1385.779716118457,1385.779716118457
2008-07-12,1404.5,1404.5,233.30918912959567,233.30918912959567,1385.7357006595287,1385.7357006595287
2008-07-13,1404.5,1404.5,233.13538037811205,233.13538037811205,1385.6889091355597,1385.6889091355597
2008-07-14,1404.5,1404.5,232.9646923194684,232.9646923194684,1385.639370874898,1385.639370874898
2008-07-15,1404.5,1404.5,232.78513921563402,232.78513921563402,1385.6752992899758,1385.6752992899758
2008-07-16,1404.5,1404.5,232.61729002387574,232.61729002387574,1385.6202335809623,1385.6202335809623
2008-07-17,1404.5,1404.5,232.4471378305093,232.4471378305093,1385.5627179641933,1385.5627179641933
2008-07-18,1404.5,1404.5,232.27423481257458,232.27423481257458,1385.502124806602,1385.502124806602
2008-07-19,1404.5,1404.5,232.09292125932072,232.09292125932072,1385.4379209772255,1385.4379209772255
2008-07-20,1404.5,1404.5,231.9135322250935,231.9135322250935,1385.3712476263343,1385.3712476263343
2008-07-21,1404.5,1404.5,231.73605049034012,231.73605049034012,1385.3023632961024,1385.3023632961024
2008-07-22,1404.5,1404.5,231.56157176395598,231.56157176395598,1385.2312679865297,1385.2312679865297
2008-07-23,1404.5,1404.5,231.3889541706752,231.3889541706752,1385.1563034629976,1385.1563034629976
2008-07-24,1404.5,1404.5,231.21817866062653,231.21817866062653,1385.0794773294915,1385.0794773294915
2008-07-25,1404.5,1404.5,231.04838644562244,231.04838644562244,1385.0006435920004,1385.0006435920004
2008-07-26,1404.5,1404.5,230.88040861795548,230.88040861795548,1384.9201516201165,1384.9201516201165
2008-07-27,1404.5,1404.5,230.7122068740521,230.7122068740521,1384.8385541585621,1384.8385541585621
2008-07-28,1404.5,1404.5,230.54233634143614,230.54233634143614,1384.7564039520598,1384.7564039520598
2008-07-29,1404.5,1404.5,230.36275434612386,230.36275434612386,1384.7613786556894,1384.7613786556894
2008-07-30,1404.5,1404.5,230.19267705601635,230.19267705601635,1384.6770174698463,1384.6770174698463
2008-07-31,1404.5,1404.5,230.01896909029819,230.01896909029819,1384.5921035390552,1384.5921035390552
2008-08-01,1404.5,1404.5,229.84711952319387,229.84711952319387,1384.5066368635416,1384.5066368635416
2008-08-02,1404.5,1404.5,229.6863040023781,229.6863040023781,1384.4392214406466,1384.4392214406466
2008-08-03,1404.5,1404.5,229.52723040649468,229.52723040649468,1384.370999972111,1384.370999972111
2008-08-04,1404.5,1404.5,229.3651638634042,229.3651638634042,1384.3014247109197,1384.3014247109197
2008-08-05,1404.5,1404.5,229.20485331866655,229.20485331866655,1384.230329401347,1384.230329401347
2008-08-06,1404.5,1404.5,229.0462819499562,229.0462819499562,1384.1577601053966,1384.1577601053966
2008-08-07,1404.5,1404.5,228.88669057647428,228.88669057647428,1384.0844538164831,1384.0844538164831
2008-08-08,1404.5,1404.5,228.72845391101467,228.72845391101467,1384.0100420378992,1384.0100420378992
2008-08-09,1404.5,1404.5,228.56444558622553,228.56444558622553,1383.934801141893,1383.934801141893
2008-08-10,1404.5,1404.5,228.38783414693927,228.38783414693927,1383.8587311286908,1383.8587311286908
2008-08-11,1404.5,1404.5,228.21504426197296,228.21504426197296,1383.7791813204847,1383.7791813204847
2008-08-12,1404.5,1404.5,228.0322565632735,228.0322565632735,1383.7911457974255,1383.7911457974255
2008-08-13,1404.5,1404.5,227.8614141816207,227.8614141816207,1383.7019649198448,1383.7019649198448
2008-08-14,1404.5,1404.5,227.6927633989918,227.6927633989918,1383.6121543328295,1383.6121543328295
2008-08-15,1404.5,1404.5,227.52595543682023,227.52595543682023,1383.521714036637,1383.521714036637
2008-08-16,1404.5,1404.5,227.3584579696011,227.3584579696011,1383.4312737404443,1383.4312737404443
2008-08-17,1404.5,1404.5,227.19279229878842,227.19279229878842,1383.3402037348171,1383.3402037348171
2008-08-18,1404.5,1404.5,227.02754387587478,227.02754387587478,1383.2690072445234,1383.2690072445234
2008-08-19,1404.5,1404.5,226.86407485035068,226.86407485035068,1383.1766778202843,1383.1766778202843
2008-08-20,1404.5,1404.5,226.7008673805319,226.7008673805319,1383.0837186868682,1383.0837186868682
2008-08-21,1404.5,1404.5,226.5440299739874,226.5440299739874,1382.9901298440175,1382.9901298440175
2008-08-22,1404.5,1404.5,226.3889189899037,226.3889189899037,1382.8961603264197,1382.8961603264197
2008-08-23,1404.5,1404.5,226.23859111057365,226.23859111057365,1382.8019417741343,1382.8019417741343
2008-08-24,1404.5,1404.5,226.09627809013986,226.09627809013986,1382.707723221849,1382.707723221849
2008-08-25,1404.5,1404.5,225.96421202339718,225.96421202339718,1382.6128749603863,1382.6128749603863
2008-08-26,1404.5,1404.5,225.8217433209278,225.8217433209278,1382.6179126348336,1382.6179126348336
2008-08-27,1404.5,1404.5,225.69262003311215,225.69262003311215,1382.522141989797,1382.522141989797
2008-08-28,1404.5,1404.5,225.56494617361665,225.56494617361665,1382.4260343097228,1382.4260343097228
2008-08-29,1404.5,1404.5,225.43046153192972,225.43046153192972,1382.3292969202137,1382.3292969202137
2008-08-30,1404.5,1404.5,225.29747997622803,225.29747997622803,1382.232277256422,1382.232277256422
2008-08-31,1404.5,1404.5,225.1793911689206,225.1793911689206,1382.1349101577357,1382.1349101577357
2008-09-01,1404.5,1404.5,225.0747057679477,225.0747057679477,1382.0375430590495,1382.0375430590495
2008-09-02,1404.5,1404.5,224.98167518230125,224.98167518230125,1381.951510728127,1381.951510728127
2008-09-03,1404.5,1404.5,224.8995013709966,224.8995013709966,1381.8648626812214,1381.8648626812214
2008-09-04,1404.5,1404.5,224.82709854790673,224.82709854790673,1381.7782006408643,1381.7782006408643
2008-09-05,1404.5,1404.5,224.76348950049248,224.76348950049248,1381.6909088910725,1381.6909088910725
2008-09-06,1404.5,1404.5,224.70779475628768,224.70779475628768,1381.6029874321036,1381.6029874321036
2008-09-07,1404.5,1404.5,224.65922279796894,224.65922279796894,1381.5144362637,1381.5144362637
2008-09-08,1404.5,1404.5,224.61706125600415,224.61706125600415,1381.4252553861193,1381.4252553861193
2008-09-09,1404.5,1404.5,224.5658232830059,224.5658232830059,1381.4359604444485,1381.4359604444485
2008-09-10,1404.5,1404.5,224.52701470705352,224.52701470705352,1381.345520148256,1381.345520148256
2008-09-11,1404.5,1404.5,224.4887486585652,224.4887486585652,1381.2550798520633,1381.2550798520633
2008-09-12,1404.5,1404.5,224.4518550312732,224.4518550312732,1381.1643247011534,1381.1643247011534
2008-09-13,1404.5,1404.5,224.41617086047793,224.41617086047793,1381.0732546955262,1381.0732546955262
2008-09-14,1404.5,1404.5,224.38099797031555,224.38099797031555,1380.9821846898992,1380.9821846898992
2008-09-15,1404.5,1404.5,224.3463312393258,224.3463312393258,1380.891114684272,1380.891114684272
2008-09-16,1404.5,1404.5,224.3121655979775,224.3121655979775,1380.7994625474084,1380.7994625474084
2008-09-17,1404.5,1404.5,224.27849602550864,224.27849602550864,1380.7072618637983,1380.7072618637983
2008-09-18,1404.5,1404.5,224.24812971777223,224.24812971777223,1380.614302730382,1380.614302730382
2008-09-19,1404.5,1404.5,224.2204025401207,224.2204025401207,1380.5203990328139,1380.5203990328139
2008-09-20,1404.5,1404.5,224.195628694433,224.195628694433,1380.4261804805285,1380.4261804805285
2008-09-21,1404.5,1404.5,224.17125699874617,224.17125699874617,1380.3313322190659,1380.3313322190659
2008-09-22,1404.5,1404.5,224.1479088932632,224.1479088932632,1380.2364839576032,1380.2364839576032
2008-09-23,1404.5,1404.5,224.11306727076155,224.11306727076155,1380.2415216320505,1380.2415216320505
2008-09-24,1404.5,1404.5,224.09077351580754,224.09077351580754,1380.1454139519763,1380.1454139519763
2008-09-25,1404.5,1404.5,224.06929265817442,224.06929265817442,1380.0491593396316,1380.0491593396316
2008-09-26,1404.5,1404.5,224.04906235732057,224.04906235732057,1379.9517922409455,1379.9517922409455
2008-09-27,1404.5,1404.5,224.02945783967613,224.02945783967613,1379.8544251422593,1379.8544251422593
2008-09-28,1404.5,1404.5,224.01020372220256,224.01020372220256,1379.757058043573,1379.757058043573
2008-09-29,1404.5,1404.5,223.99222017555743,223.99222017555743,1379.6596909448867,1379.6596909448867
2008-09-30,1404.5,1404.5,223.97457280078697,223.97457280078697,1379.5623238462006,1379.5623238462006
2008-10-01,1404.5,1404.5,223.95518866126957,223.95518866126957,1379.4643270380798,1379.4643270380798
2008-10-02,1404.5,1404.5,223.918049279027,223.918049279027,1379.3701084857944,1379.3701084857944
2008-10-03,1404.5,1404.5,223.881425636631,223.881425636631,1379.2758899335088,1379.2758899335088
2008-10-04,1404.5,1404.5,223.88691099257554,223.88691099257554,1379.6336320407172,1379.6336320407172
2008-10-05,1404.5,1404.5,223.8736618961804,223.8736618961804,1379.910021244145,1379.910021244145
2008-10-06,1404.5,1404.5,223.83951250497947,223.83951250497947,1379.8846818114248,1379.8846818114248
2008-10-07,1404.5,1404.5,223.79303926982018,223.79303926982018,1379.9876272815768,1379.9876272815768
2008-10-08,1404.5,1404.5,223.7589288298245,223.7589288298245,1379.931191288418,1379.931191288418
2008-10-09,1404.5,1404.5,223.71941470989634,223.71941470989634,1379.8350836083434,1379.8350836083434
2008-10-10,1404.5,1404.5,223.68307513524886,223.68307513524886,1379.7386683986995,1379.7386683986995
2008-10-11,1404.5,1404.5,223.65498152965515,223.65498152965515,1379.6532657769542,1379.6532657769542
2008-10-12,1404.5,1404.5,223.63055229959738,223.63055229959738,1379.558807836732,1379.558807836732
2008-10-13,1404.5,1404.5,223.60842140405916,223.60842140405916,1379.465389255434,1379.465389255434
2008-10-14,1404.5,1404.5,223.58588181882737,223.58588181882737,1379.368651865925,1379.368651865925
2008-10-15,1404.5,1404.5,223.55780035611977,223.55780035611977,1379.3410794581966,1379.3410794581966
2008-10-16,1404.5,1404.5,223.53142900589322,223.53142900589322,1379.255047127274,1379.255047127274
2008-10-17,1404.5,1404.5,223.5082647391697,223.5082647391697,1379.1576800285877,1379.1576800285877
2008-10-18,1404.5,1404.5,223.4919219248742,223.4919219248742,1379.0603129299016,1379.0603129299016
2008-10-19,1404.5,1404.5,223.47556398519137,223.47556398519137,1378.9629458312154,1378.9629458312154
2008-10-20,1404.5,1404.5,223.463333343068,223.463333343068,1378.865578732529,1378.865578732529
2008-10-21,1404.5,1404.5,223.43724126633995,223.43724126633995,1378.8687272791874,1378.8687272791874
2008-10-22,1404.5,1404.5,223.41676999955996,223.41676999955996,1378.771360180501,1378.771360180501
2008-10-23,1404.5,1404.5,223.39965319635292,223.39965319635292,1378.6739930818148,1378.6739930818148
2008-10-24,1404.5,1404.5,223.3814363761006,223.3814363761006,1378.5766259831287,1378.5766259831287
2008-10-25,1404.5,1404.5,223.36556788996856,223.36556788996856,1378.4792588844423,1378.4792588844423
2008-10-26,1404.5,1404.5,223.35025107890584,223.35025107890584,1378.3818917857561,1378.3818917857561
2008-10-27,1404.5,1404.5,223.33865727851844,223.33865727851844,1378.28452468707,1378.28452468707
2008-10-28,1404.5,1404.5,223.32918325966423,223.32918325966423,1378.1871575883836,1378.1871575883836
2008-10-29,1404.5,1404.5,223.31263353623908,223.31263353623908,1378.0897904896974,1378.0897904896974
2008-10-30,1404.5,1404.5,223.2947373735133,223.2947373735133,1377.9980907748932,1377.9980907748932
2008-10-31,1404.5,1404.5,223.29760779451763,223.29760779451763,1378.1809443226118,1378.1809443226118
2008-11-01,1404.5,1404.5,223.31896380004312,223.31896380004312,1378.5340391381283,1378.5340391381283
2008-11-02,1404.5,1404.5,223.5015772212556,223.5015772212556,1379.8077870706363,1379.8077870706363
2008-11-03,1404.5,1404.5,223.6701503331617,223.6701503331617,1380.4310858982537,1380.4310858982537
2008-11-04,1404.5,1404.5,223.780223930901,223.780223930901,1380.9524165180596,1380.9524165180596
2008-11-05,1404.5,1404.5,223.81201290691084,223.81201290691084,1381.187927803102,1381.187927803102
2008-11-06,1404.5,1404.5,223.7909312636763,223.7909312636763,1381.2357857113805,1381.2357857113805
2008-11-07,1404.5,1404.5,223.76586174083502,223.76586174083502,1381.294348677988,1381.294348677988
2008-11-08,1404.5,1404.5,223.7613329080882,223.7613329080882,1381.4662593217179,1381.4662593217179
2008-11-09,1404.5,1404.5,223.78388207697517,223.78388207697517,1381.8992073763804,1381.8992073763804
2008-11-10,1404.5,1404.5,223.77392649887705,223.77392649887705,1382.0800331775745,1382.0800331775745
2008-11-11,1404.5,1404.5,223.75482024035009,223.75482024035009,1382.1215939925364,1382.1215939925364
2008-11-12,1404.5,1404.5,223.73215319743036,223.73215319743036,1382.1700816099922,1382.1700816099922
2008-11-13,1404.5,1404.5,223.717665425208,223.717665425208,1382.2758727754438,1382.2758727754438
2008-11-14,1404.5,1404.5,223.7015217555067,223.7015217555067,1382.5733474571653,1382.5733474571653
2008-11-15,1404.5,1404.5,223.68239428035258,223.68239428035258,1382.9190578726716,1382.9190578726716
2008-11-16,1404.5,1404.5,223.6656856501437,223.6656856501437,1383.3589098314058,1383.3589098314058
2008-11-17,1404.5,1404.5,223.6508598445288,223.6508598445288,1383.8563600662264,1383.8563600662264
2008-11-18,1404.5,1404.5,223.6372433826631,223.6372433826631,1384.1702487892192,1384.1702487892192
2008-11-19,1404.5,1404.5,223.61625088017752,223.61625088017752,1384.434460825408,1384.434460825408
2008-11-20,1404.5,1404.5,223.59463237081889,223.59463237081889,1384.668327169682,1384.668327169682
2008-11-21,1404.5,1404.5,223.5728458246214,223.5728458246214,1384.869605017871,1384.869605017871
2008-11-22,1404.5,1404.5,223.55094468864306,223.55094468864306,1385.030194145408,1385.030194145408
2008-11-23,1404.5,1404.5,223.52930649371893,223.52930649371893,1385.141491832545,1385.141491832545
2008-11-24,1404.5,1404.5,223.50968546453578,223.50968546453578,1385.239327670293,1385.239327670293
2008-11-25,1404.5,1404.5,223.49203334856495,223.49203334856495,1385.326661355834,1385.326661355834
2008-11-26,1404.5,1404.5,223.49718373744736,223.49718373744736,1385.540231914308,1385.540231914308
2008-11-27,1404.5,1404.5,223.4911799095111,223.4911799095111,1385.7206964066079,1385.7206964066079
2008-11-28,1404.5,1404.5,223.47343295139902,223.47343295139902,1385.7848307210338,1385.7848307210338
2008-11-29,1404.5,1404.5,223.45809770745495,223.45809770745495,1385.8351305020524,1385.8351305020524
2008-11-30,1404.5,1404.5,223.43878431801497,223.43878431801497,1385.8799028344931,1385.8799028344931
2008-12-01,1404.5,1404.5,223.41754473473415,223.41754473473415,1385.9843716102635,1385.9843716102635
2008-12-02,1404.5,1404.5,223.39805403487512,223.39805403487512,1386.1371538518413,1386.1371538518413
2008-12-03,1404.5,1404.5,223.3763289902964,223.3763289902964,1386.2687071251005,1386.2687071251005
2008-12-04,1404.5,1404.5,223.35324094630732,223.35324094630732,1386.3378002307413,1386.3378002307413
2008-12-05,1404.5,1404.5,223.32941480916276,223.32941480916276,1386.3892055014303,1386.3892055014303
2008-12-06,1404.5,1404.5,223.30607638328271,223.30607638328271,1386.440610772119,1386.440610772119
2008-12-07,1404.5,1404.5,223.28493906670502,223.28493906670502,1386.4925687875302,1386.4925687875302
2008-12-08,1404.5,1404.5,223.2663451801634,223.2663451801634,1386.5489487618488,1386.5489487618488
2008-12-09,1404.5,1404.5,223.2500109337245,223.2500109337245,1386.601459522208,1386.601459522208
2008-12-10,1404.5,1404.5,223.2315631867608,223.2315631867608,1386.6539702825673,1386.6539702825673
2008-12-11,1404.5,1404.5,223.21315274793224,223.21315274793224,1386.7064810429265,1386.7064810429265
2008-12-12,1404.5,1404.5,223.1952040221817,223.1952040221817,1386.762861017245,1386.762861017245
2008-12-13,1404.5,1404.5,223.19760989134537,223.19760989134537,1387.0071492763598,1387.0071492763598
2008-12-14,1404.5,1404.5,223.20563756572466,223.20563756572466,1387.2620680671525,1387.2620680671525
2008-12-15,1404.5,1404.5,223.20342970319334,223.20342970319334,1387.31513157246,1387.31513157246
2008-12-16,1404.5,1404.5,223.19993246393562,223.19993246393562,1387.3681950777673,1387.3681950777673
2008-12-17,1404.5,1404.5,223.1842972434617,223.1842972434617,1387.4218113277968,1387.4218113277968
2008-12-18,1404.5,1404.5,223.1672068167286,223.1672068167286,1387.4754810691784,1387.4754810691784
2008-12-19,1404.5,1404.5,223.15121080965653,223.15121080965653,1387.5296500641562,1387.5296500641562
2008-12-20,1404.5,1404.5,223.1383736008593,223.1383736008593,1387.583819059134,1387.583819059134
2008-12-21,1404.5,1404.5,223.12432671089516,223.12432671089516,1387.6379880541117,1387.6379880541117
2008-12-22,1404.5,1404.5,223.17353605623364,223.17353605623364,1387.7706468170413,1387.7706468170413
2008-12-23,1404.5,1404.5,223.2710405093131,223.2710405093131,1387.9259681187784,1387.9259681187784
2008-12-24,1404.5,1404.5,223.2757202656976,223.2757202656976,1387.9812426034266,1387.9812426034266
2008-12-25,1404.5,1404.5,223.33801033652102,223.33801033652102,1388.0510097012302,1388.0510097012302
2008-12-26,1404.5,1404.5,223.42552107720473,223.42552107720473,1388.1294210152746,1388.1294210152746
2008-12-27,1404.5,1404.5,223.42420084922315,223.42420084922315,1388.1863180734895,1388.1863180734895
2008-12-28,1404.5,1404.5,223.41329684280464,223.41329684280464,1388.2432507925303,1388.2432507925303
2008-12-29,1404.5,1404.5,223.40045430211967,223.40045430211967,1388.3007362565193,1388.3007362565193
2008-12-30,1404.5,1404.5,223.39199920789537,223.39199920789537,1388.358524838545,1388.358524838545
2008-12-31,1404.5,1404.5,223.39721741882036,223.39721741882036,1388.4555618709007,1388.4555618709007
2009-01-01,1404.5,1404.5,223.40129987167398,223.40129987167398,1388.5799294611895,1388.5799294611895
2009-01-02,1404.5,1404.5,223.4013686739248,223.4013686739248,1388.6679264406228,1388.6679264406228
2009-01-03,1404.5,1404.5,223.4151347787739,223.4151347787739,1388.7707369820007,1388.7707369820007
2009-01-04,1404.5,1404.5,223.41170513232106,223.41170513232106,1388.8171675490598,1388.8171675490598
2009-01-05,1404.5,1404.5,223.401038458665,223.401038458665,1388.8580706675414,1388.8580706675414
2009-01-06,1404.5,1404.5,223.39159459767515,223.39159459767515,1388.8995265309711,1388.8995265309711
2009-01-07,1404.5,1404.5,223.38087070710634,223.38087070710634,1388.9409823944006,1388.9409823944006
2009-01-08,1404.5,1404.5,223.37355663986145,223.37355663986145,1388.9945986444302,1388.9945986444302
2009-01-09,1404.5,1404.5,223.37161504208183,223.37161504208183,1389.0775103712895,1389.0775103712895
2009-01-10,1404.5,1404.5,223.3733913596002,223.3733913596002,1389.1781099333266,1389.1781099333266
2009-01-11,1404.5,1404.5,223.3788746412907,223.3788746412907,1389.2952918406452,1389.2952918406452
2009-01-12,1404.5,1404.5,223.39417200921332,223.39417200921332,1389.450060397434,1389.450060397434
2009-01-13,1404.5,1404.5,223.43573438726904,223.43573438726904,1389.6889781164637,1389.6889781164637
2009-01-14,1404.5,1404.5,223.4728599444582,223.4728599444582,1389.9155875224287,1389.9155875224287
2009-01-15,1404.5,1404.5,223.4954712652751,223.4954712652751,1390.0754790701244,1390.0754790701244
2009-01-16,1404.5,1404.5,223.52354037453912,223.52354037453912,1390.2600609249805,1390.2600609249805
2009-01-17,1404.5,1404.5,223.54907945929668,223.54907945929668,1390.438953528743,1390.438953528743
2009-01-18,1404.5,1404.5,223.5693771470638,223.5693771470638,1390.6171444172714,1390.6171444172714
2009-01-19,1404.5,1404.5,223.58536755361482,223.58536755361482,1390.7903439644788,1390.7903439644788
2009-01-20,1404.5,1404.5,223.60188309274886,223.60188309274886,1390.959213193703,1390.959213193703
2009-01-21,1404.5,1404.5,223.60399281074538,223.60399281074538,1391.0909846070274,1391.0909846070274
2009-01-22,1404.5,1404.5,223.66055104671997,223.66055104671997,1391.3553441987865,1391.3553441987865
2009-01-23,1404.5,1404.5,223.86462011078814,223.86462011078814,1392.1785291062447,1392.1785291062447
2009-01-24,1404.5,1404.5,224.49278567106322,224.49278567106322,1394.0228268323885,1394.0228268323885
2009-01-25,1404.5,1404.5,224.85372810034897,224.85372810034897,1394.8239134173484,1394.8239134173484
2009-01-26,1404.5,1404.5,224.89248843861273,224.89248843861273,1394.973266647887,1394.973266647887
2009-01-27,1404.5,1404.5,224.89193965329667,224.89193965329667,1395.113024207529,1395.113024207529
2009-01-28,1404.5,1404.5,224.8878825734603,224.8878825734603,1395.2603100566694,1395.2603100566694
2009-01-29,1404.5,1404.5,224.8883583794117,224.8883583794117,1395.4145425064487,1395.4145425064487
2009-01-30,1404.5,1404.5,224.8902183409681,224.8902183409681,1395.5805592059337,1395.5805592059337
2009-01-31,1404.5,1404.5,224.8896721662574,224.8896721662574,1395.7484775918433,1395.7484775918433
2009-02-01,1404.5,1404.5,224.89307838286658,224.89307838286658,1395.9179446110707,1395.9179446110707
2009-02-02,1404.5,1404.5,224.89220333004795,224.89220333004795,1396.0408793847694,1396.0408793847694
2009-02-03,1404.5,1404.5,224.9858499833057,224.9858499833057,1396.155919150347,1396.155919150347
2009-02-04,1404.5,1404.5,225.07493893885552,225.07493893885552,1396.2796471767026,1396.2796471767026
2009-02-05,1404.5,1404.5,225.16860620131476,225.16860620131476,1396.416640534499,1396.416640534499
2009-02-06,1404.5,1404.5,225.27914250297434,225.27914250297434,1396.563801527669,1396.563801527669
2009-02-07,1404.5,1404.5,225.39175682618065,225.39175682618065,1396.6985267834655,1396.6985267834655
2009-02-08,1404.5,1404.5,225.48585303243843,225.48585303243843,1396.8232723906845,1396.8232723906845
2009-02-09,1404.5,1404.5,225.6376515995412,225.6376515995412,1396.9852312166265,1396.9852312166265
2009-02-10,1404.5,1404.5,225.75587211191225,225.75587211191225,1397.12358543566,1397.12358543566
2009-02-11,1404.5,1404.5,225.85607121127538,225.85607121127538,1397.2601251731676,1397.2601251731676
2009-02-12,1404.5,1404.5,225.9726357168655,225.9726357168655,1397.399296726195,1397.399296726195
2009-02-13,1404.5,1404.5,226.0913536556189,226.0913536556189,1397.5380555255963,1397.5380555255963
2009-02-14,1404.5,1404.5,226.2470583974241,226.2470583974241,1397.680945948444,1397.680945948444
2009-02-15,1404.5,1404.5,226.37574797427519,226.37574797427519,1397.8179393062405,1397.8179393062405
2009-02-16,1404.5,1404.5,226.48813560706765,226.48813560706765,1397.954479043748,1397.954479043748
2009-02-17,1404.5,1404.5,226.67600188632008,226.67600188632008,1398.099637568596,1398.099637568596
2009-02-18,1404.5,1404.5,226.85097133668094,226.85097133668094,1398.2366309263925,1398.2366309263925
2009-02-19,1404.5,1404.5,226.97681754445668,226.97681754445668,1398.3690880803742,1398.3690880803742
2009-02-20,1404.5,1404.5,227.10331144588585,227.10331144588585,1398.500637993593,1398.500637993593
2009-02-21,1404.5,1404.5,227.23592020586045,227.23592020586045,1398.6353632493895,1398.6353632493895
2009-02-22,1404.5,1404.5,227.38672097093914,227.38672097093914,1398.7785806059092,1398.7785806059092
2009-02-23,1404.5,1404.5,227.6080145427908,227.6080145427908,1398.966379447356,1398.966379447356
2009-02-24,1404.5,1404.5,227.86984514739882,227.86984514739882,1399.2172315232162,1399.2172315232162
2009-02-25,1404.5,1404.5,228.0604487311591,228.0604487311591,1399.3958026634564,1399.3958026634564
2009-02-26,1404.5,1404.5,228.27225350459912,228.27225350459912,1399.6035608022435,1399.6035608022435
2009-02-27,1404.5,1404.5,228.4751076964217,228.4751076964217,1399.7866313664504,1399.7866313664504
2009-02-28,1404.5,1404.5,228.66810308080179,228.66810308080179,1399.978966411897,1399.978966411897
2009-03-01,1404.5,1404.5,228.85572041915074,228.85572041915074,1400.2003331623134,1400.2003331623134
2009-03-02,1404.5,1404.5,229.0998815699714,229.0998815699714,1400.5133312314533,1400.5133312314533
2009-03-03,1404.5,1404.5,230.16042208230334,230.16042208230334,1396.435403654025,1396.435403654025
2009-03-04,1404.5,1404.5,232.22303591132817,232.22303591132817,1386.8324660424105,1386.8324660424105
2009-03-05,1404.5,1404.5,233.61256152503407,233.61256152503407,1377.8801687763714,1377.8801687763714
2009-03-06,1404.5,1404.5,233.92433629619146,233.92433629619146,1377.8801687763714,1377.8801687763714
2009-03-07,1404.5,1404.5,234.23073015424055,234.23073015424055,1377.8801687763714,1377.8801687763714
2009-03-08,1404.5,1404.5,234.53735870269296,234.53735870269296,1377.8801687763714,1377.8801687763714
2009-03-09,1404.5,1404.5,234.81970553538576,234.81970553538576,1377.8801687763714,1377.8801687763714
2009-03-10,1404.5,1404.5,235.03941220780732,235.03941220780732,1378.2131354265528,1378.2131354265528
2009-03-11,1404.5,1404.5,235.23881842894835,235.23881842894835,1378.5311386320843,1378.5311386320843
2009-03-12,1404.5,1404.5,235.41966822358503,235.41966822358503,1378.8433858142996,1378.8433858142996
2009-03-13,1404.5,1404.5,235.59756581832858,235.59756581832858,1379.1562375914516,1379.1562375914516
2009-03-14,1404.5,1404.5,235.76166889474322,235.76166889474322,1379.48191143219,1379.48191143219
2009-03-15,1404.5,1404.5,235.92021886690293,235.92021886690293,1379.8175464988017,1379.8175464988017
2009-03-16,1404.5,1404.5,236.06460382531864,236.06460382531864,1380.163256914308,1380.163256914308
2009-03-17,1404.5,1404.5,236.20443054829033,236.20443054829033,1380.5701580863376,1380.5701580863376
2009-03-18,1404.5,1404.5,236.34300795126575,236.34300795126575,1381.0877791458313,1381.0877791458313
2009-03-19,1404.5,1404.5,236.49316134366663,236.49316134366663,1381.6718565135063,1381.6718565135063
2009-03-20,1404.5,1404.5,236.66339274350386,236.66339274350386,1382.4289104142026,1382.4289104142026
2009-03-21,1404.5,1404.5,236.79107259615733,236.79107259615733,1382.9377155431562,1382.9377155431562
2009-03-22,1404.5,1404.5,237.00383217674195,237.00383217674195,1383.7624862786836,1383.7624862786836
2009-03-23,1404.5,1404.5,237.1384452675426,237.1384452675426,1384.194698367711,1384.194698367711
2009-03-24,1404.5,1404.5,237.2335292091813,237.2335292091813,1384.5813733749221,1384.5813733749221
2009-03-25,1404.5,1404.5,237.32957047643686,237.32957047643686,1384.9731219638259,1384.9731219638259
2009-03-26,1404.5,1404.5,237.4238641138993,237.4238641138993,1385.3669405093333,1385.3669405093333
2009-03-27,1404.5,1404.5,237.51606951529956,237.51606951529956,1385.7655904663075,1385.7655904663075
2009-03-28,1404.5,1404.5,237.61571970987168,237.61571970987168,1386.2269852300037,1386.2269852300037
2009-03-29,1404.5,1404.5,237.71896867602646,237.71896867602646,1386.7608641324925,1386.7608641324925
2009-03-30,1404.5,1404.5,237.82293648014033,237.82293648014033,1387.346858282863,1387.346858282863
2009-03-31,1404.5,1404.5,237.91822516543152,237.91822516543152,1387.8640024704296,1387.8640024704296
2009-04-01,1404.5,1404.5,238.0047607706527,238.0047607706527,1388.4108762257372,1388.4108762257372
2009-04-02,1404.5,1404.5,238.08626374496788,238.08626374496788,1388.914041533789,1388.914041533789
2009-04-03,1404.5,1404.5,238.1675931566763,238.1675931566763,1389.4269385012408,1389.4269385012408
2009-04-04,1404.5,1404.5,238.2356454924571,238.2356454924571,1389.9096084700836,1389.9096084700836
2009-04-05,1404.5,1404.5,238.28068678851469,238.28068678851469,1390.2672305199499,1390.2672305199499
2009-04-06,1404.5,1404.5,238.33706016876997,238.33706016876997,1390.7004789549833,1390.7004789549833
2009-04-07,1404.5,1404.5,238.39661313420658,238.39661313420658,1391.2215749988998,1391.2215749988998
2009-04-08,1404.5,1404.5,238.49029532355715,238.49029532355715,1391.7501883055954,1391.7501883055954
2009-04-09,1404.5,1404.5,238.58084065902747,238.58084065902747,1392.220176038515,1392.220176038515
2009-04-10,1404.5,1404.5,238.63923857943644,238.63923857943644,1392.6372706775553,1392.6372706775553
2009-04-11,1404.5,1404.5,238.69375150511996,238.69375150511996,1393.0465606738396,1393.0465606738396
2009-04-12,1404.5,1404.5,238.72818065177773,238.72818065177773,1393.4468662555419,1393.4468662555419
2009-04-13,1404.5,1404.5,238.7838587910324,238.7838587910324,1393.8446761664816,1393.8446761664816
2009-04-14,1404.5,1404.5,238.82756690011053,238.82756690011053,1394.253966162766,1394.253966162766
2009-04-15,1404.5,1404.5,238.8700753848883,238.8700753848883,1394.6971216543145,1394.6971216543145
2009-04-16,1404.5,1404.5,238.91156996780322,238.91156996780322,1395.0674791874783,1395.0674791874783
2009-04-17,1404.5,1404.5,238.9343674247783,238.9343674247783,1395.4313479768227,1395.4313479768227
2009-04-18,1404.5,1404.5,238.9252025184499,238.9252025184499,1395.8611856619364,1395.8611856619364
2009-04-19,1404.5,1404.5,238.91403571260005,238.91403571260005,1396.3580626516323,1396.3580626516323
2009-04-20,1404.5,1404.5,238.92116514403025,238.92116514403025,1396.9964714935745,1396.9964714935745
2009-04-21,1404.5,1404.5,238.98516476115313,238.98516476115313,1397.8744468857385,1397.8744468857385
2009-04-22,1404.5,1404.5,239.09566181816237,239.09566181816237,1399.0140444014041,1399.0140444014041
2009-04-23,1404.5,1404.5,239.2128002606399,239.2128002606399,1400.187924621629,1400.187924621629
2009-04-24,1404.5,1404.5,239.27490152576738,239.27490152576738,1401.1386304830728,1401.1386304830728
2009-04-25,1404.5,1404.5,239.28459119586614,239.28459119586614,1401.7824002931427,1401.7824002931427
2009-04-26,1404.5,1404.5,239.2575723672742,239.2575723672742,1402.32100404034,1402.32100404034
2009-04-27,1404.5,1404.5,239.23116237877235,239.23116237877235,1402.8444231438011,1402.8444231438011
2009-04-28,1404.5,1404.5,239.24786282926422,239.24786282926422,1403.151443155593,1403.151443155593
2009-04-29,1404.5,1404.5,239.28999608720218,239.28999608720218,1403.2091557020995,1403.2091557020995
2009-04-30,1404.5,1404.5,239.4122751690021,239.4122751690021,1402.7410077915226,1402.7410077915226
2009-05-01,1404.5,1404.5,239.66807172814273,239.66807172814273,1401.1936401305009,1401.1936401305009
2009-05-02,1404.5,1404.5,240.55813938075337,240.55813938075337,1397.9947426184015,1397.9947426184015
2009-05-03,1404.5,1404.5,241.88692055846622,241.88692055846622,1389.9372892095973,1389.9372892095973
2009-05-04,1404.5,1404.5,243.13135452797698,243.13135452797698,1377.8801687763714,1377.8801687763714
2009-05-05,1404.5,1404.5,243.16477919965885,243.16477919965885,1378.841194204498,1378.841194204498
2009-05-06,1404.5,1404.5,243.204982556865,243.204982556865,1379.8831149355105,1379.8831149355105
2009-05-07,1404.5,1404.5,243.25952628527992,243.25952628527992,1380.9840108062701,1380.9840108062701
2009-05-08,1404.5,1404.5,243.3289497541044,243.3289497541044,1382.2673583964176,1382.2673583964176
2009-05-09,1404.5,1404.5,243.40523918472198,243.40523918472198,1383.5292951309577,1383.5292951309577
2009-05-10,1404.5,1404.5,243.48041124593638,243.48041124593638,1384.742968411663,1384.742968411663
2009-05-11,1404.5,1404.5,243.55403397382983,243.55403397382983,1385.9762442826705,1385.9762442826705
2009-05-12,1404.5,1404.5,243.63357453562108,243.63357453562108,1387.2211504886852,1387.2211504886852
2009-05-13,1404.5,1404.5,243.6894408248519,243.6894408248519,1388.4165900835371,1388.4165900835371
2009-05-14,1404.5,1404.5,243.7286265565268,243.7286265565268,1389.583501884752,1389.583501884752
2009-05-15,1404.5,1404.5,243.76739407561712,243.76739407561712,1390.677853882388,1390.677853882388
2009-05-16,1404.5,1404.5,243.81885899473326,243.81885899473326,1391.81787626195,1391.81787626195
2009-05-17,1404.5,1404.5,243.8813377403871,243.8813377403871,1393.130099920455,1393.130099920455
2009-05-18,1404.5,1404.5,243.9963767106187,243.9963767106187,1394.5447605421339,1394.5447605421339
2009-05-19,1404.5,1404.5,244.19257319103585,244.19257319103585,1395.794271874739,1395.794271874739
2009-05-20,1404.5,1404.5,244.44129721602994,244.44129721602994,1396.7713090085167,1396.7713090085167
2009-05-21,1404.5,1404.5,244.64491233780674,244.64491233780674,1397.6561199234773,1397.6561199234773
2009-05-22,1404.5,1404.5,244.8155301249954,244.8155301249954,1398.5171680472188,1398.5171680472188
2009-05-23,1404.5,1404.5,244.97138703408075,244.97138703408075,1399.3659761360486,1399.3659761360486
2009-05-24,1404.5,1404.5,245.08669886560907,245.08669886560907,1400.1426548581276,1400.1426548581276
2009-05-25,1404.5,1404.5,245.18650591294968,245.18650591294968,1400.8277943156747,1400.8277943156747
2009-05-26,1404.5,1404.5,245.26482252388521,245.26482252388521,1401.4773787143465,1401.4773787143465
2009-05-27,1404.5,1404.5,245.3385869385111,245.3385869385111,1402.1092878902361,1402.1092878902361
2009-05-28,1404.5,1404.5,245.3970372752816,245.3970372752816,1402.6787265860978,1402.6787265860978
2009-05-29,1404.5,1404.5,245.40992902222155,245.40992902222155,1403.1372021524178,1403.1372021524178
2009-05-30,1404.5,1404.5,245.416735029143,245.416735029143,1403.5591200986196,1403.5591200986196
2009-05-31,1404.5,1404.5,245.4770820782486,245.4770820782486,1404.083301255392,1404.083301255392
2009-06-01,1404.5,1404.5,245.49798425416887,245.49798425416887,1404.5252154693774,1404.5252154693774
2009-06-02,1404.5,1404.5,245.5279687964201,245.5279687964201,1404.9227807533152,1404.9227807533152
2009-06-03,1404.5,1404.5,245.55382326149058,245.55382326149058,1405.2990511257024,1405.2990511257024
2009-06-04,1404.5,1404.5,245.57904206555386,245.57904206555386,1405.6464358334383,1405.6464358334383
2009-06-05,1404.5,1404.5,245.61550839838938,245.61550839838938,1405.9627205643528,1405.9627205643528
2009-06-06,1404.5,1404.5,245.65195902139124,245.65195902139124,1406.1976956128162,1406.1976956128162
2009-06-07,1404.5,1404.5,245.6753980213895,245.6753980213895,1406.3708657599088,1406.3708657599088
2009-06-08,1404.5,1404.5,245.68993953303846,245.68993953303846,1406.4979665915241,1406.4979665915241
2009-06-09,1404.5,1404.5,245.70992074738587,245.70992074738587,1406.5960315567047,1406.5960315567047
2009-06-10,1404.5,1404.5,245.7237463308493,245.7237463308493,1406.6552116052508,1406.6552116052508
2009-06-11,1404.5,1404.5,245.7318596597635,245.7318596597635,1406.6741123035351,1406.6741123035351
2009-06-12,1404.5,1404.5,245.72691417653644,245.72691417653644,1406.6547902360494,1406.6547902360494
2009-06-13,1404.5,1404.5,245.7173763729288,245.7173763729288,1406.6225456748268,1406.6225456748268
2009-06-14,1404.5,1404.5,245.70750521919015,245.70750521919015,1406.5677339774556,1406.5677339774556
2009-06-15,1404.5,1404.5,245.69930498547978,245.69930498547978,1406.4723621529706,1406.4723621529706
2009-06-16,1404.5,1404.5,245.6836000027283,245.6836000027283,1406.369653584777,1406.369653584777
2009-06-17,1404.5,1404.5,245.66272176646137,245.66272176646137,1406.2464296258784,1406.2464296258784
2009-06-18,1404.5,1404.5,245.63139640618587,245.63139640618587,1406.1154442542218,1406.1154442542218
2009-06-19,1404.5,1404.5,245.5916309254312,245.5916309254312,1405.9775195331206,1405.9775195331206
2009-06-20,1404.5,1404.5,245.55183741971058,245.55183741971058,1405.8426485884547,1405.8426485884547
2009-06-21,1404.5,1404.5,245.50978125490485,245.50978125490485,1405.6928429358704,1405.6928429358704
2009-06-22,1404.5,1404.5,245.46273380879302,245.46273380879302,1405.5311967856594,1405.5311967856594
2009-06-23,1404.5,1404.5,245.41587345663729,245.41587345663729,1405.3637358995331,1405.3637358995331
2009-06-24,1404.5,1404.5,245.36920147058808,245.36920147058808,1405.1889249543954,1405.1889249543954
2009-06-25,1404.5,1404.5,245.31950227932253,245.31950227932253,1404.99753384612,1404.99753384612
2009-06-26,1404.5,1404.5,245.25737069498095,245.25737069498095,1404.8057616377516,1404.8057616377516
2009-06-27,1404.5,1404.5,245.19760494244557,245.19760494244557,1404.5986399756448,1404.5986399756448
2009-06-28,1404.5,1404.5,245.13947324585732,245.13947324585732,1404.3905095407072,1404.3905095407072
2009-06-29,1404.5,1404.5,245.08622114739399,245.08622114739399,1404.1772919267673,1404.1772919267673
2009-06-30,1404.5,1404.5,245.03721382152017,245.03721382152017,1403.9484695439908,1403.9484695439908
2009-07-01,1404.5,1404.5,244.9801779606604,244.9801779606604,1403.716236857154,1403.716236857154
2009-07-02,1404.5,1404.5,244.84845464869332,244.84845464869332,1403.80010433886,1403.80010433886
2009-07-03,1404.5,1404.5,244.72635184019427,244.72635184019427,1403.8131694761723,1403.8131694761723
2009-07-04,1404.5,1404.5,244.59977617270837,244.59977617270837,1403.821890329548,1403.821890329548
2009-07-05,1404.5,1404.5,244.47266670530266,244.47266670530266,1403.8286337796758,1403.8286337796758
2009-07-06,1404.5,1404.5,244.3520215047934,244.3520215047934,1403.827183328158,1403.827183328158
2009-07-07,1404.5,1404.5,244.22705718280653,244.22705718280653,1403.8174537140467,1403.8174537140467
2009-07-08,1404.5,1404.5,244.10337925534185,244.10337925534185,1403.804713472359,1403.804713472359
2009-07-09,1404.5,1404.5,243.97739093922698,243.97739093922698,1403.788962603095,1403.788962603095
2009-07-10,1404.5,1404.5,243.8503827367862,243.8503827367862,1403.7715637715428,1403.7715637715428
2009-07-11,1404.5,1404.5,243.71998361418906,243.71998361418906,1403.750651826584,1403.750651826584
2009-07-12,1404.5,1404.5,243.5909638688395,243.5909638688395,1403.7271593436024,1403.7271593436024
2009-07-13,1404.5,1404.5,243.4561154218784,243.4561154218784,1403.701946502056,1403.701946502056
2009-07-14,1404.5,1404.5,243.3223691029631,243.3223691029631,1403.6750133019445,1403.6750133019445
2009-07-15,1404.5,1404.5,243.19002574215685,243.19002574215685,1403.6472199225507,1403.6472199225507
2009-07-16,1404.5,1404.5,243.05041932223648,243.05041932223648,1403.6867881702453,1403.6867881702453
2009-07-17,1404.5,1404.5,242.92086187987707,242.92086187987707,1403.65711273869,1403.65711273869
2009-07-18,1404.5,1404.5,242.79667357884418,242.79667357884418,1403.6225856605326,1403.6225856605326
2009-07-19,1404.5,1404.5,242.6703467591291,242.6703467591291,1403.5857603984098,1403.5857603984098
2009-07-20,1404.5,1404.5,242.54535445520898,242.54535445520898,1403.5480029812236,1403.5480029812236
2009-07-21,1404.5,1404.5,242.41749512271633,242.41749512271633,1403.5090272709824,1403.5090272709824
2009-07-22,1404.5,1404.5,242.29098847898928,242.29098847898928,1403.4687612917298,1403.4687612917298
2009-07-23,1404.5,1404.5,242.158003343875,242.158003343875,1403.427635133195,1403.427635133195
2009-07-24,1404.5,1404.5,242.02642410918992,242.02642410918992,1403.3852187056484,1403.3852187056484
2009-07-25,1404.5,1404.5,241.8923321443433,241.8923321443433,1403.3410819195371,1403.3410819195371
2009-07-26,1404.5,1404.5,241.7596613876981,241.7596613876981,1403.2952247748608,1403.2952247748608
2009-07-27,1404.5,1404.5,241.62839925684824,241.62839925684824,1403.2480375054959,1403.2480375054959
2009-07-28,1404.5,1404.5,241.49560514722359,241.49560514722359,1403.1989546883788,1403.1989546883788
2009-07-29,1404.5,1404.5,241.3642232568816,241.3642232568816,1403.1479364678323,1403.1479364678323
2009-07-30,1404.5,1404.5,241.22597812526146,241.22597812526146,1403.1644617482473,1403.1644617482473
2009-07-31,1404.5,1404.5,241.0977758594863,241.0977758594863,1403.1108629898536,1403.1108629898536
2009-08-01,1404.5,1404.5,240.97098232360457,240.97098232360457,1403.0731775484483,1403.0731775484483
2009-08-02,1404.5,1404.5,240.8469610523691,240.8469610523691,1403.0325878541496,1403.0325878541496
2009-08-03,1404.5,1404.5,240.71762667979365,240.71762667979365,1402.9904555633725,1402.9904555633725
2009-08-04,1404.5,1404.5,240.58064920898823,240.58064920898823,1402.947881882045,1402.947881882045
2009-08-05,1404.5,1404.5,240.44515059995308,240.44515059995308,1402.9043902305273,1402.9043902305273
2009-08-06,1404.5,1404.5,240.30445448902813,240.30445448902813,1402.8593932651336,1402.8593932651336
2009-08-07,1404.5,1404.5,240.1652779344338,240.1652779344338,1402.8135361204575,1402.8135361204575
2009-08-08,1404.5,1404.5,240.0276109688085,240.0276109688085,1402.767175127735,1402.767175127735
2009-08-09,1404.5,1404.5,239.8867495400581,239.8867495400581,1402.7202456417333,1402.7202456417333
2009-08-10,1404.5,1404.5,239.7474153776973,239.7474153776973,1402.6730982280455,1402.6730982280455
2009-08-11,1404.5,1404.5,239.61061516820362,239.61061516820362,1402.6250906350754,1402.6250906350754
2009-08-12,1404.5,1404.5,239.4752982888337,239.4752982888337,1402.5760735926585,1402.5760735926585
2009-08-13,1404.5,1404.5,239.33494583993175,239.33494583993175,1402.5949824021916,1402.5949824021916
2009-08-14,1404.5,1404.5,239.20562320551932,239.20562320551932,1402.5439835042303,1402.5439835042303
2009-08-15,1404.5,1404.5,239.07771208940582,239.07771208940582,1402.4921051044012,1402.4921051044012
2009-08-16,1404.5,1404.5,238.95120017109434,238.95120017109434,1402.4393665252899,1402.4393665252899
2009-08-17,1404.5,1404.5,238.82607478037136,238.82607478037136,1402.3861978566254,1402.3861978566254
2009-08-18,1404.5,1404.5,238.69246693266896,238.69246693266896,1402.3321690086782,1402.3321690086782
2009-08-19,1404.5,1404.5,238.56031664575667,238.56031664575667,1402.2768498917196,1402.2768498917196
2009-08-20,1404.5,1404.5,238.42960921551918,238.42960921551918,1402.2205363133835,1402.2205363133835
2009-08-21,1404.5,1404.5,238.3013047861079,238.3013047861079,1402.16349683786,1402.16349683786
2009-08-22,1404.5,1404.5,238.17761047476694,238.17761047476694,1402.1219405895959,1402.1219405895959
2009-08-23,1404.5,1404.5,238.06532710544715,238.06532710544715,1402.1203826787555,1402.1203826787555
2009-08-24,1404.5,1404.5,237.94774374882735,237.94774374882735,1402.1080725267968,1402.1080725267968
2009-08-25,1404.5,1404.5,237.83169316763838,237.83169316763838,1402.068313305641,1402.068313305641
2009-08-26,1404.5,1404.5,237.7158339883323,237.7158339883323,1402.0054314068548,1402.0054314068548
2009-08-27,1404.5,1404.5,237.59609662307588,237.59609662307588,1402.0144065500767,1402.0144065500767
2009-08-28,1404.5,1404.5,237.48719203598034,237.48719203598034,1401.9506174105277,1401.9506174105277
2009-08-29,1404.5,1404.5,237.37512905024147,237.37512905024147,1401.8862697371792,1401.8862697371792
2009-08-30,1404.5,1404.5,237.2643127555487,237.2643127555487,1401.821405300013,1401.821405300013
2009-08-31,1404.5,1404.5,237.15508932530014,237.15508932530014,1401.7562552994123,1401.7562552994123
2009-09-01,1404.5,1404.5,237.04630890527616,237.04630890527616,1401.6908784885745,1401.6908784885745
2009-09-02,1404.5,1404.5,236.93841129196448,236.93841129196448,1401.6386032427185,1401.6386032427185
2009-09-03,1404.5,1404.5,236.83171659051374,236.83171659051374,1401.5857009926954,1401.5857009926954
2009-09-04,1404.5,1404.5,236.72817953654504,236.72817953654504,1401.5318915017237,1401.5318915017237
2009-09-05,1404.5,1404.5,236.62580196352673,236.62580196352673,1401.4771747699892,1401.4771747699892
2009-09-06,1404.5,1404.5,236.52965391461456,236.52965391461456,1401.422004417966,1401.422004417966
2009-09-07,1404.5,1404.5,236.44087265142315,236.44087265142315,1401.365775618417,1401.365775618417
2009-09-08,1404.5,1404.5,236.35261941253555,236.35261941253555,1401.308941991631,1401.308941991631
2009-09-09,1404.5,1404.5,236.2714635915725,236.2714635915725,1401.2515035376077,1401.2515035376077
2009-09-10,1404.5,1404.5,236.17947138257333,236.17947138257333,1401.2660193901852,1401.2660193901852
2009-09-11,1404.5,1404.5,236.0980334120636,236.0980334120636,1401.207462005931,1401.207462005931
2009-09-12,1404.5,1404.5,236.0175344614085,236.0175344614085,1401.148435880619,1401.148435880619
2009-09-13,1404.5,1404.5,235.93866542809653,235.93866542809653,1401.1386275674834,1401.1386275674834
2009-09-14,1404.5,1404.5,235.86393945299892,235.86393945299892,1401.0784683992474,1401.0784683992474
2009-09-15,1404.5,1404.5,235.79766675041571,235.79766675041571,1401.045525446379,1401.045525446379
2009-09-16,1404.5,1404.5,235.7299542871814,235.7299542871814,1400.9853652700672,1400.9853652700672
2009-09-17,1404.5,1404.5,235.65765600124914,235.65765600124914,1400.924751473281,1400.924751473281
2009-09-18,1404.5,1404.5,235.58620555221748,235.58620555221748,1400.864137676495,1400.864137676495
2009-09-19,1404.5,1404.5,235.51559443588064,235.51559443588064,1400.80307025942,1400.80307025942
2009-09-20,1404.5,1404.5,235.44581424566056,235.44581424566056,1400.7415492218709,1400.7415492218709
2009-09-21,1404.5,1404.5,235.37685668005997,235.37685668005997,1400.6798013740847,1400.6798013740847
2009-09-22,1404.5,1404.5,235.3160509936984,235.3160509936984,1400.617826716247,1400.617826716247
2009-09-23,1404.5,1404.5,235.25597822897174,235.25597822897174,1400.555398437935,1400.555398437935
2009-09-24,1404.5,1404.5,235.19047197024457,235.19047197024457,1400.5649244660383,1400.5649244660383
2009-09-25,1404.5,1404.5,235.1352553005508,235.1352553005508,1400.501617172164,1400.501617172164
2009-09-26,1404.5,1404.5,235.07805555400682,235.07805555400682,1400.4379580705238,1400.4379580705238
2009-09-27,1404.5,1404.5,235.0215526548726,235.0215526548726,1400.373715310686,1400.373715310686
2009-09-28,1404.5,1404.5,234.96573962705523,234.96573962705523,1400.3094011055716,1400.3094011055716
2009-09-29,1404.5,1404.5,234.91381768510573,234.91381768510573,1400.2447047252597,1400.2447047252597
2009-09-30,1404.5,1404.5,234.8625398306798,234.8625398306798,1400.179554724659,1400.179554724659
2009-10-01,1404.5,1404.5,234.8086375622466,234.8086375622466,1400.1144047240582,1400.1144047240582
2009-10-02,1404.5,1404.5,234.71972691488327,234.71972691488327,1400.0492547234576,1400.0492547234576
2009-10-03,1404.5,1404.5,234.62424685417827,234.62424685417827,1399.9841047228567,1399.9841047228567
2009-10-04,1404.5,1404.5,234.52968855766323,234.52968855766323,1399.9910803642986,1399.9910803642986
2009-10-05,1404.5,1404.5,234.43476784103555,234.43476784103555,1399.9615917107162,1399.9615917107162
2009-10-06,1404.5,1404.5,234.34060623761852,234.34060623761852,1399.8991634324043,1399.8991634324043
2009-10-07,1404.5,1404.5,234.24748658693284,234.24748658693284,1399.8335598113292,1399.8335598113292
2009-10-08,1404.5,1404.5,234.14475484978487,234.14475484978487,1399.840364117144,1399.840364117144
2009-10-09,1404.5,1404.5,234.06090047865106,234.06090047865106,1399.774760496069,1399.774760496069
2009-10-10,1404.5,1404.5,233.975777141256,233.975777141256,1399.709156874994,1399.709156874994
2009-10-11,1404.5,1404.5,233.8938443411619,233.8938443411619,1399.6435532539192,1399.6435532539192
2009-10-12,1404.5,1404.5,233.8185849086827,233.8185849086827,1399.5779496328444,1399.5779496328444
2009-10-13,1404.5,1404.5,233.76361808338382,233.76361808338382,1399.6552364348029,1399.6552364348029
2009-10-14,1404.5,1404.5,233.96399754980996,233.96399754980996,1400.666147430254,1400.666147430254
2009-10-15,1404.5,1404.5,234.21369954944075,234.21369954944075,1402.1380423534692,1402.1380423534692
2009-10-16,1404.5,1404.5,234.14768654799647,234.14768654799647,1402.3018822912427,1402.3018822912427
2009-10-17,1404.5,1404.5,234.08680386477482,234.08680386477482,1402.5081522757134,1402.5081522757134
2009-10-18,1404.5,1404.5,234.0303519554156,234.0303519554156,1402.7664063510172,1402.7664063510172
2009-10-19,1404.5,1404.5,233.97923281774823,233.97923281774823,1403.0618093252401,1403.0618093252401
2009-10-20,1404.5,1404.5,233.92608138061738,233.92608138061738,1403.2397678070624,1403.2397678070624
2009-10-21,1404.5,1404.5,233.87486860576956,233.87486860576956,1403.2643182298762,1403.2643182298762
2009-10-22,1404.5,1404.5,233.81917356354805,233.81917356354805,1403.3460352632883,1403.3460352632883
2009-10-23,1404.5,1404.5,233.7868419612318,233.7868419612318,1403.3831854210357,1403.3831854210357
2009-10-24,1404.5,1404.5,233.75245140295053,233.75245140295053,1403.4250665649245,1403.4250665649245
2009-10-25,1404.5,1404.5,233.72649700017135,233.72649700017135,1403.4659293674297,1403.4659293674297
2009-10-26,1404.5,1404.5,233.70052705027115,233.70052705027115,1403.5009290768833,1403.5009290768833
2009-10-27,1404.5,1404.5,233.67252161900308,233.67252161900308,1403.5354986966076,1403.5354986966076
2009-10-28,1404.5,1404.5,233.64405913458356,233.64405913458356,1403.564047061355,1403.564047061355
2009-10-29,1404.5,1404.5,233.61761417307505,233.61761417307505,1403.5490822094368,1403.5490822094368
2009-10-30,1404.5,1404.5,233.59065734672933,233.59065734672933,1403.5341915194551,1403.5341915194551
2009-10-31,1404.5,1404.5,233.56417522683523,233.56417522683523,1403.520591098485,1403.520591098485
2009-11-01,1404.5,1404.5,233.54323298937882,233.54323298937882,1403.5431182080797,1403.5431182080797
2009-11-02,1404.5,1404.5,233.53445658287197,233.53445658287197,1403.5103262010234,1403.5103262010234
2009-11-03,1404.5,1404.5,233.50152261821046,233.50152261821046,1403.6234397788592,1403.6234397788592
2009-11-04,1404.5,1404.5,233.4733694189986,233.4733694189986,1403.7189639933347,1403.7189639933347
2009-11-05,1404.5,1404.5,233.4497017175964,233.4497017175964,1403.7490702687467,1403.7490702687467
2009-11-06,1404.5,1404.5,233.43113235253728,233.43113235253728,1403.777886275323,1403.777886275323
2009-11-07,1404.5,1404.5,233.4022834134443,233.4022834134443,1403.8065693449687,1403.8065693449687
2009-11-08,1404.5,1404.5,233.3736067960629,233.3736067960629,1403.835385351545,1403.835385351545
2009-11-09,1404.5,1404.5,233.3453412118762,233.3453412118762,1403.8643049705768,1403.8643049705768
2009-11-10,1404.5,1404.5,233.31897166858568,233.31897166858568,1403.8934246464037,1403.8934246464037
2009-11-11,1404.5,1404.5,233.29351368031374,233.29351368031374,1403.9226707425335,1403.9226707425335
2009-11-12,1404.5,1404.5,233.28579813693688,233.28579813693688,1404.1164222196574,1404.1164222196574
2009-11-13,1404.5,1404.5,233.2787276780305,233.2787276780305,1404.296301350666,1404.296301350666
2009-11-14,1404.5,1404.5,233.25889166617745,233.25889166617745,1404.3360755201213,1404.3360755201213
2009-11-15,1404.5,1404.5,233.23389678002047,233.23389678002047,1404.372763470519,1404.372763470519
2009-11-16,1404.5,1404.5,233.20908226792815,233.20908226792815,1404.4028697459312,1404.4028697459312
2009-11-17,1404.5,1404.5,233.1852621900903,233.1852621900903,1404.4364167386486,1404.4364167386486
2009-11-18,1404.5,1404.5,233.16466701701444,233.16466701701444,1404.503510723908,1404.503510723908
2009-11-19,1404.5,1404.5,233.14241941137388,233.14241941137388,1404.5693144403317,1404.5693144403317
2009-11-20,1404.5,1404.5,233.12320259918735,233.12320259918735,1404.605226926032,1404.605226926032
2009-11-21,1404.5,1404.5,233.12138079669245,233.12138079669245,1404.7268171798908,1404.7268171798908
2009-11-22,1404.5,1404.5,233.10606985166115,233.10606985166115,1404.806813854738,1404.806813854738
2009-11-23,1404.5,1404.5,233.0813348801569,233.0813348801569,1404.838954584571,1404.838954584571
2009-11-24,1404.5,1404.5,233.06393060528757,233.06393060528757,1404.873736455839,1404.873736455839
2009-11-25,1404.5,1404.5,233.04569975136116,233.04569975136116,1404.9107241656861,1404.9107241656861
2009-11-26,1404.5,1404.5,233.0203660183457,233.0203660183457,1404.9945916473923,1404.9945916473923
2009-11-27,1404.5,1404.5,233.00126041669452,233.00126041669452,1405.0556643776747,1405.0556643776747
2009-11-28,1404.5,1404.5,232.97894657996886,232.97894657996886,1405.1457864054298,1405.1457864054298
2009-11-29,1404.5,1404.5,232.9636848429703,232.9636848429703,1405.194562916035,1405.194562916035
2009-11-30,1404.5,1404.5,232.94312261069715,232.94312261069715,1405.2268978378736,1405.2268978378736
2009-12-01,1404.5,1404.5,232.91988170500895,232.91988170500895,1405.2582099282367,1405.2582099282367
2009-12-02,1404.5,1404.5,232.90137023945564,232.90137023945564,1405.309020626937,1405.309020626937
2009-12-03,1404.5,1404.5,232.8724906981463,232.8724906981463,1405.349879143643,1405.349879143643
2009-12-04,1404.5,1404.5,232.84910467517463,232.84910467517463,1405.3941783774787,1405.3941783774787
2009-12-05,1404.5,1404.5,232.82414059431247,232.82414059431247,1405.43331653562,1405.43331653562
2009-12-06,1404.5,1404.5,232.80439638827144,232.80439638827144,1405.4737449625968,1405.4737449625968
2009-12-07,1404.5,1404.5,232.82107262196214,232.82107262196214,1405.6036348115883,1405.6036348115883
2009-12-08,1404.5,1404.5,232.81964621362255,232.81964621362255,1405.6535252108476,1405.6535252108476
2009-12-09,1404.5,1404.5,232.80333409172894,232.80333409172894,1405.6905129206948,1405.6905129206948
2009-12-10,1404.5,1404.5,232.78053310470008,232.78053310470008,1405.7275006305422,1405.7275006305422
2009-12-11,1404.5,1404.5,232.76518159711574,232.76518159711574,1405.774380402401,1405.774380402401
2009-12-12,1404.5,1404.5,232.87746923698404,232.87746923698404,1406.0182800804298,1406.0182800804298
2009-12-13,1404.5,1404.5,233.38304118879557,233.38304118879557,1407.0632147937786,1407.0632147937786
2009-12-14,1404.5,1404.5,233.5816145410314,233.5816145410314,1407.330300466156,1407.330300466156
2009-12-15,1404.5,1404.5,233.57782115128052,233.57782115128052,1407.3776103275682,1407.3776103275682
2009-12-16,1404.5,1404.5,233.5644243223213,233.5644243223213,1407.430511354404,1407.430511354404
2009-12-17,1404.5,1404.5,233.54498636498383,233.54498636498383,1407.518679732522,1407.518679732522
2009-12-18,1404.5,1404.5,233.5284745229689,233.5284745229689,1407.6141596346285,1407.6141596346285
2009-12-19,1404.5,1404.5,233.51566711770604,233.51566711770604,1407.7268431227353,1407.7268431227353
2009-12-20,1404.5,1404.5,233.5063136462263,233.5063136462263,1407.8713005242944,1407.8713005242944
2009-12-21,1404.5,1404.5,233.49675386039254,233.49675386039254,1408.0239823498246,1408.0239823498246
2009-12-22,1404.5,1404.5,233.53865435679953,233.53865435679953,1408.2573352479296,1408.2573352479296
2009-12-23,1404.5,1404.5,233.54240532595608,233.54240532595608,1408.3606247343846,1408.3606247343846
2009-12-24,1404.5,1404.5,233.52090709685461,233.52090709685461,1408.407998324845,1408.407998324845
2009-12-25,1404.5,1404.5,233.5018132877943,233.5018132877943,1408.4832288562784,1408.4832288562784
2009-12-26,1404.5,1404.5,233.48498917943354,233.48498917943354,1408.5564261300603,1408.5564261300603
2009-12-27,1404.5,1404.5,233.48246219034596,233.48246219034596,1408.6559954110112,1408.6559954110112
2009-12-28,1404.5,1404.5,233.47315443578998,233.47315443578998,1408.725126169657,1408.725126169657
2009-12-29,1404.5,1404.5,233.45492945030992,233.45492945030992,1408.783156653589,1408.783156653589
2009-12-30,1404.5,1404.5,233.45518750394257,233.45518750394257,1408.8801154940577,1408.8801154940577
2009-12-31,1404.5,1404.5,233.44269216076825,233.44269216076825,1408.9569726315453,1408.9569726315453
2010-01-01,1404.5,1404.5,233.4246837651838,233.4246837651838,1409.0057708141776,1409.0057708141776
2010-01-02,1404.5,1404.5,233.4047710206746,233.4047710206746,1409.0439946261993,1409.0439946261993
2010-01-03,1404.5,1404.5,233.39065506697165,233.39065506697165,1409.0847632895752,1409.0847632895752
2010-01-04,1404.5,1404.5,233.3762735064751,233.3762735064751,1409.127461699254,1409.127461699254
2010-01-05,1404.5,1404.5,233.52547257968857,233.52547257968857,1408.1630054035538,1408.1630054035538
2010-01-06,1404.5,1404.5,233.84720472111707,233.84720472111707,1406.0824514818228,1406.0824514818228
2010-01-07,1404.5,1404.5,234.50370604144427,234.50370604144427,1401.820391438158,1401.820391438158
2010-01-08,1404.5,1404.5,235.72188315209712,235.72188315209712,1392.4491688758173,1392.4491688758173
2010-01-09,1404.5,1404.5,237.2597313725293,237.2597313725293,1377.8801687763714,1377.8801687763714
2010-01-10,1404.5,1404.5,237.26552262571758,237.26552262571758,1377.8801687763714,1377.8801687763714
2010-01-11,1404.5,1404.5,237.26980957951824,237.26980957951824,1377.8801687763714,1377.8801687763714
2010-01-12,1404.5,1404.5,237.25894907722434,237.25894907722434,1378.0086294773503,1378.0086294773503
2010-01-13,1404.5,1404.5,237.32415158179103,237.32415158179103,1378.351327629464,1378.351327629464
2010-01-14,1404.5,1404.5,237.34031272333524,237.34031272333524,1378.5124767072448,1378.5124767072448
2010-01-15,1404.5,1404.5,237.32257417096272,237.32257417096272,1378.573558511076,1378.573558511076
2010-01-16,1404.5,1404.5,237.30273118607414,237.30273118607414,1378.6365294429536,1378.6365294429536
2010-01-17,1404.5,1404.5,237.28567254570544,237.28567254570544,1378.712724270384,1378.712724270384
2010-01-18,1404.5,1404.5,237.31727524117483,237.31727524117483,1378.8745595652194,1378.8745595652194
2010-01-19,1404.5,1404.5,237.42946309569948,237.42946309569948,1379.1787091657638,1379.1787091657638
2010-01-20,1404.5,1404.5,237.5446325399356,237.5446325399356,1379.3911653337636,1379.3911653337636
2010-01-21,1404.5,1404.5,237.65114778833313,237.65114778833313,1379.5215151625316,1379.5215151625316
2010-01-22,1404.5,1404.5,237.737856167386,237.737856167386,1379.639270804924,1379.639270804924
2010-01-23,1404.5,1404.5,237.77387723128695,237.77387723128695,1379.75954528454,1379.75954528454
2010-01-24,1404.5,1404.5,237.76898121824303,237.76898121824303,1379.8835980202489,1379.8835980202489
2010-01-25,1404.5,1404.5,237.758436490896,237.758436490896,1380.0089101745696,1380.0089101745696
2010-01-26,1404.5,1404.5,237.75207957409407,237.75207957409407,1380.135720335232,1380.135720335232
2010-01-27,1404.5,1404.5,237.75173715690687,237.75173715690687,1380.264810745388,1380.264810745388
2010-01-28,1404.5,1404.5,237.748301380997,237.748301380997,1380.3976794113798,1380.3976794113798
2010-01-29,1404.5,1404.5,237.75137576976599,237.75137576976599,1380.535585752076,1380.535585752076
2010-01-30,1404.5,1404.5,237.75743597663035,237.75743597663035,1380.6797891858312,1380.6797891858312
2010-01-31,1404.5,1404.5,237.76342807648885,237.76342807648885,1380.8195846543165,1380.8195846543165
2010-02-01,1404.5,1404.5,237.769139739763,237.769139739763,1380.9593801228016,1380.9593801228016
2010-02-02,1404.5,1404.5,237.86509702812037,237.86509702812037,1381.0682574311393,1381.0682574311393
2010-02-03,1404.5,1404.5,237.96017922813036,237.96017922813036,1381.1872724921434,1381.1872724921434
2010-02-04,1404.5,1404.5,238.0512027563052,238.0512027563052,1381.3100658092405,1381.3100658092405
2010-02-05,1404.5,1404.5,238.1679147360761,238.1679147360761,1381.442934475232,1381.442934475232
2010-02-06,1404.5,1404.5,238.30241846435587,238.30241846435587,1381.5915458742575,1381.5915458742575
2010-02-07,1404.5,1404.5,238.4488701583491,238.4488701583491,1381.7416719794683,1381.7416719794683
2010-02-08,1404.5,1404.5,238.56994840987176,238.56994840987176,1381.8764297735063,1381.8764297735063
2010-02-09,1404.5,1404.5,238.6866487986946,238.6866487986946,1382.0111875675443,1382.0111875675443
2010-02-10,1404.5,1404.5,238.80923523046738,238.80923523046738,1382.1466374745316,1382.1466374745316
2010-02-11,1404.5,1404.5,238.92798030185315,238.92798030185315,1382.2810548852235,1382.2810548852235
2010-02-12,1404.5,1404.5,239.04594891233086,239.04594891233086,1382.4139235512152,1382.4139235512152
2010-02-13,1404.5,1404.5,239.16503612060703,239.16503612060703,1382.544273379983,1382.544273379983
2010-02-14,1404.5,1404.5,239.28835221006133,239.28835221006133,1382.680296265633,1382.680296265633
2010-02-15,1404.5,1404.5,239.4151653434181,239.4151653434181,1382.8370938857636,1382.8370938857636
2010-02-16,1404.5,1404.5,239.5495448332979,239.5495448332979,1383.025376971962,1383.025376971962
2010-02-17,1404.5,1404.5,239.69015703677258,239.69015703677258,1383.2485153196878,1383.2485153196878
2010-02-18,1404.5,1404.5,239.8361672127848,239.8361672127848,1383.5087980077342,1383.5087980077342
2010-02-19,1404.5,1404.5,239.9884974492224,239.9884974492224,1383.8272254142666,1383.8272254142666
2010-02-20,1404.5,1404.5,240.12743906305477,240.12743906305477,1384.041137669663,1384.041137669663
2010-02-21,1404.5,1404.5,240.25929020135118,240.25929020135118,1384.2583663940704,1384.2583663940704
2010-02-22,1404.5,1404.5,240.4035499144225,240.4035499144225,1384.467303945837,1384.467303945837
2010-02-23,1404.5,1404.5,240.5290743954794,240.5290743954794,1384.6640811110037,1384.6640811110037
2010-02-24,1404.5,1404.5,240.73253188478222,240.73253188478222,1384.9244239334591,1384.9244239334591
2010-02-25,1404.5,1404.5,240.93171156730943,240.93171156730943,1385.1941883166185,1385.1941883166185
2010-02-26,1404.5,1404.5,241.07935109549933,241.07935109549933,1385.4125225306964,1385.4125225306964
2010-02-27,1404.5,1404.5,241.3417087139263,241.3417087139263,1385.7911178922557,1385.7911178922557
2010-02-28,1404.5,1404.5,241.59048956237237,241.59048956237237,1386.1723773843073,1386.1723773843073
2010-03-01,1404.5,1404.5,241.78318193991942,241.78318193991942,1386.4320828071445,1386.4320828071445
2010-03-02,1404.5,1404.5,241.96560716851684,241.96560716851684,1386.6504170212222,1386.6504170212222
2010-03-03,1404.5,1404.5,242.1642822544818,242.1642822544818,1386.9256839543407,1386.9256839543407
2010-03-04,1404.5,1404.5,242.37999267661678,242.37999267661678,1387.1818670880666,1387.1818670880666
2010-03-05,1404.5,1404.5,242.5731395847344,242.5731395847344,1387.4068342403925,1387.4068342403925
2010-03-06,1404.5,1404.5,242.74272320991435,242.74272320991435,1387.6279321787592,1387.6279321787592
2010-03-07,1404.5,1404.5,242.90599747840562,242.90599747840562,1387.8487788694222,1387.8487788694222
2010-03-08,1404.5,1404.5,243.06053735489863,243.06053735489863,1388.063268183915,1388.063268183915
2010-03-09,1404.5,1404.5,243.20458853459937,243.20458853459937,1388.2711002460112,1388.2711002460112
2010-03-10,1404.5,1404.5,243.3511903442949,243.3511903442949,1388.4722993698592,1388.4722993698592
2010-03-11,1404.5,1404.5,243.48470909839457,243.48470909839457,1388.6668655556853,1388.6668655556853
2010-03-12,1404.5,1404.5,243.6120142912852,243.6120142912852,1388.8517001903297,1388.8517001903297
2010-03-13,1404.5,1404.5,243.77775054226407,243.77775054226407,1389.0730775809927,1389.0730775809927
2010-03-14,1404.5,1404.5,243.9205154374265,243.9205154374265,1389.2781459188002,1389.2781459188002
2010-03-15,1404.5,1404.5,244.04293006240124,244.04293006240124,1389.4682901457186,1389.4682901457186
2010-03-16,1404.5,1404.5,244.17121617761956,244.17121617761956,1389.6640380059223,1389.6640380059223
2010-03-17,1404.5,1404.5,244.30823517489046,244.30823517489046,1389.8932144478854,1389.8932144478854
2010-03-18,1404.5,1404.5,244.4477267077009,244.4477267077009,1390.1587146176892,1390.1587146176892
2010-03-19,1404.5,1404.5,244.55029438237048,244.55029438237048,1390.44678615495,1390.44678615495
2010-03-20,1404.5,1404.5,244.54025692862652,244.54025692862652,1390.7193133963847,1390.7193133963847
2010-03-21,1404.5,1404.5,244.55022593555864,244.55022593555864,1391.0973880409767,1391.0973880409767
2010-03-22,1404.5,1404.5,244.5478250486486,244.5478250486486,1391.4946988176823,1391.4946988176823
2010-03-23,1404.5,1404.5,244.5436370774521,244.5436370774521,1391.8924899928495,1391.8924899928495
2010-03-24,1404.5,1404.5,244.54052146632338,244.54052146632338,1392.313536720495,1392.313536720495
2010-03-25,1404.5,1404.5,244.5243809212653,244.5243809212653,1392.5775786813779,1392.5775786813779
2010-03-26,1404.5,1404.5,244.5228206572819,244.5228206572819,1392.8456857312242,1392.8456857312242
2010-03-27,1404.5,1404.5,244.50938121055432,244.50938121055432,1393.0546373347727,1393.0546373347727
2010-03-28,1404.5,1404.5,244.50857606794054,244.50857606794054,1393.283240771766,1393.283240771766
2010-03-29,1404.5,1404.5,244.5147899872946,244.5147899872946,1393.5613044501138,1393.5613044501138
2010-03-30,1404.5,1404.5,244.52374777249466,244.52374777249466,1393.8672736789097,1393.8672736789097
2010-03-31,1404.5,1404.5,244.56034500288916,244.56034500288916,1394.3642063610034,1394.3642063610034
2010-04-01,1404.5,1404.5,244.51766406781292,244.51766406781292,1394.5978886708494,1394.5978886708494
2010-04-02,1404.5,1404.5,244.50955877548947,244.50955877548947,1394.8181127043179,1394.8181127043179
2010-04-03,1404.5,1404.5,244.4842685292881,244.4842685292881,1395.0519041113378,1395.0519041113378
2010-04-04,1404.5,1404.5,244.47266345711847,244.47266345711847,1395.2794412163078,1395.2794412163078
2010-04-05,1404.5,1404.5,244.49940914496187,244.49940914496187,1395.5314056435652,1395.5314056435652
2010-04-06,1404.5,1404.5,244.5302462501904,244.5302462501904,1395.773266385806,1395.773266385806
2010-04-07,1404.5,1404.5,244.50830043243755,244.50830043243755,1395.9983531958528,1395.9983531958528
2010-04-08,1404.5,1404.5,244.51853193693768,244.51853193693768,1396.2071687399148,1396.2071687399148
2010-04-09,1404.5,1404.5,244.50683365362178,244.50683365362178,1396.4317108330943,1396.4317108330943
2010-04-10,1404.5,1404.5,244.53281341229138,244.53281341229138,1396.689882692395,1396.689882692395
2010-04-11,1404.5,1404.5,244.50750367381917,244.50750367381917,1396.926672536152,1396.926672536152
2010-04-12,1404.5,1404.5,244.58726490999848,244.58726490999848,1397.19158684393,1397.19158684393
2010-04-13,1404.5,1404.5,244.60432896857483,244.60432896857483,1397.4306447895015,1397.4306447895015
2010-04-14,1404.5,1404.5,244.5671305439979,244.5671305439979,1397.6610839477325,1397.6610839477325
2010-04-15,1404.5,1404.5,244.54930765156305,244.54930765156305,1397.8933375874894,1397.8933375874894
2010-04-16,1404.5,1404.5,244.50671569350416,244.50671569350416,1398.1251376069574,1398.1251376069574
2010-04-17,1404.5,1404.5,244.49476848462925,244.49476848462925,1398.410011212076,1398.410011212076
2010-04-18,1404.5,1404.5,244.5212265265146,244.5212265265146,1398.731607449629,1398.731607449629
2010-04-19,1404.5,1404.5,244.55727274777496,244.55727274777496,1399.1357007407537,1399.1357007407537
2010-04-20,1404.5,1404.5,244.64528011519667,244.64528011519667,1399.0658006092349,1399.0658006092349
2010-04-21,1404.5,1404.5,244.7673881346886,244.7673881346886,1398.6887568843085,1398.6887568843085
2010-04-22,1404.5,1404.5,244.7994581548695,244.7994581548695,1397.2206709440763,1397.2206709440763
2010-04-23,1404.5,1404.5,244.98637669106955,244.98637669106955,1393.7749908033807,1393.7749908033807
2010-04-24,1404.5,1404.5,245.46121674236113,245.46121674236113,1385.9533595300852,1385.9533595300852
2010-04-25,1404.5,1404.5,245.84323006779087,245.84323006779087,1377.8801687763714,1377.8801687763714
2010-04-26,1404.5,1404.5,245.52442548725975,245.52442548725975,1377.8801687763714,1377.8801687763714
2010-04-27,1404.5,1404.5,245.17727939956742,245.17727939956742,1378.630572380367,1378.630572380367
2010-04-28,1404.5,1404.5,244.90203905490836,244.90203905490836,1379.5769014517005,1379.5769014517005
2010-04-29,1404.5,1404.5,244.83503428098368,244.83503428098368,1380.112154372017,1380.112154372017
2010-04-30,1404.5,1404.5,244.83341112729315,244.83341112729315,1380.6052167679368,1380.6052167679368
2010-05-01,1404.5,1404.5,244.8409541562749,244.8409541562749,1381.0995385824683,1381.0995385824683
2010-05-02,1404.5,1404.5,244.83408202262038,244.83408202262038,1381.6322726655612,1381.6322726655612
2010-05-03,1404.5,1404.5,244.8332773835317,244.8332773835317,1382.230738060253,1382.230738060253
2010-05-04,1404.5,1404.5,244.84605748507042,244.84605748507042,1382.96904878308,1382.96904878308
2010-05-05,1404.5,1404.5,244.88302297613419,244.88302297613419,1383.845557761211,1383.845557761211
2010-05-06,1404.5,1404.5,244.9288907614293,244.9288907614293,1384.6903762255668,1384.6903762255668
2010-05-07,1404.5,1404.5,244.95337440320034,244.95337440320034,1385.484780145311,1385.484780145311
2010-05-08,1404.5,1404.5,244.98666094312568,244.98666094312568,1386.3332665012592,1386.3332665012592
2010-05-09,1404.5,1404.5,244.97063992090156,244.97063992090156,1387.0182613058407,1387.0182613058407
2010-05-10,1404.5,1404.5,244.9465516175848,244.9465516175848,1387.6805193321297,1387.6805193321297
2010-05-11,1404.5,1404.5,244.92871190542056,244.92871190542056,1388.2948286070925,1388.2948286070925
2010-05-12,1404.5,1404.5,244.8955224405889,244.8955224405889,1388.8967677442445,1388.8967677442445
2010-05-13,1404.5,1404.5,244.84894251311354,244.84894251311354,1389.4899060810926,1389.4899060810926
2010-05-14,1404.5,1404.5,244.8068364538588,244.8068364538588,1390.070681887475,1390.070681887475
2010-05-15,1404.5,1404.5,244.7799222045912,244.7799222045912,1390.6416913456221,1390.6416913456221
2010-05-16,1404.5,1404.5,244.7526953739723,244.7526953739723,1391.2790856446657,1391.2790856446657
2010-05-17,1404.5,1404.5,244.7775073560222,244.7775073560222,1392.125118014806,1392.125118014806
2010-05-18,1404.5,1404.5,244.89181144948083,244.89181144948083,1393.1028998423512,1393.1028998423512
2010-05-19,1404.5,1404.5,244.92387255450657,244.92387255450657,1393.7622475538028,1393.7622475538028
2010-05-20,1404.5,1404.5,244.95984703476955,244.95984703476955,1394.4722048324984,1394.4722048324984
2010-05-21,1404.5,1404.5,245.0180021929087,245.0180021929087,1395.302487690776,1395.302487690776
2010-05-22,1404.5,1404.5,245.0515380391662,245.0515380391662,1395.9912928063445,1395.9912928063445
2010-05-23,1404.5,1404.5,245.05664011288596,245.05664011288596,1396.555495538462,1396.555495538462
2010-05-24,1404.5,1404.5,245.05368191243667,245.05368191243667,1397.1105148517781,1397.1105148517781
2010-05-25,1404.5,1404.5,245.05235539806503,245.05235539806503,1397.658488283149,1397.658488283149
2010-05-26,1404.5,1404.5,245.06010816531906,245.06010816531906,1398.203551892705,1398.203551892705
2010-05-27,1404.5,1404.5,245.08631191343218,245.08631191343218,1398.7996090854376,1398.7996090854376
2010-05-28,1404.5,1404.5,245.11743224894815,245.11743224894815,1399.3564822562432,1399.3564822562432
2010-05-29,1404.5,1404.5,245.12700305775076,245.12700305775076,1399.8848148558845,1399.8848148558845
2010-05-30,1404.5,1404.5,245.13422804210649,245.13422804210649,1400.4037842518114,1400.4037842518114
2010-05-31,1404.5,1404.5,245.1524357729993,245.1524357729993,1400.9791784371123,1400.9791784371123
2010-06-01,1404.5,1404.5,245.22813311400233,245.22813311400233,1401.3287962613922,1401.3287962613922
2010-06-02,1404.5,1404.5,245.349080600277,245.349080600277,1401.770238603,1401.770238603
2010-06-03,1404.5,1404.5,245.48475092539803,245.48475092539803,1402.3147439062477,1402.3147439062477
2010-06-04,1404.5,1404.5,245.63878416211168,245.63878416211168,1403.0679336031499,1403.0679336031499
2010-06-05,1404.5,1404.5,245.803671719283,245.803671719283,1404.0276954836895,1404.0276954836895
2010-06-06,1404.5,1404.5,245.97977776665135,245.97977776665135,1405.249069147337,1405.249069147337
2010-06-07,1404.5,1404.5,246.14984222974877,246.14984222974877,1406.6164972979109,1406.6164972979109
2010-06-08,1404.5,1404.5,246.29651397644105,246.29651397644105,1407.8046016580572,1407.8046016580572
2010-06-09,1404.5,1404.5,246.42907249671867,246.42907249671867,1408.8945714643958,1408.8945714643958
2010-06-10,1404.5,1404.5,246.5535434519788,246.5535434519788,1409.9720898555547,1409.9720898555547
2010-06-11,1404.5,1404.5,246.62237797797104,246.62237797797104,1410.8724762660406,1410.8724762660406
2010-06-12,1404.5,1404.5,246.69121283091448,246.69121283091448,1411.7404774422732,1411.7404774422732
2010-06-13,1404.5,1404.5,246.7549387330733,246.7549387330733,1412.5994346886966,1412.5994346886966
2010-06-14,1404.5,1404.5,246.83183380687584,246.83183380687584,1413.4543101395668,1413.4543101395668
2010-06-15,1404.5,1404.5,246.90573586933658,246.90573586933658,1414.3217051847741,1414.3217051847741
2010-06-16,1404.5,1404.5,246.95845220394528,246.95845220394528,1415.0672610817494,1415.0672610817494
2010-06-17,1404.5,1404.5,246.9992131064566,246.9992131064566,1415.7544203922218,1415.7544203922218
2010-06-18,1404.5,1404.5,247.00538599758158,247.00538599758158,1416.438084538392,1416.438084538392
2010-06-19,1404.5,1404.5,247.0249517902454,247.0249517902454,1417.0451949466765,1417.0451949466765
2010-06-20,1404.5,1404.5,247.03091925714483,247.03091925714483,1417.624611128569,1417.624611128569
2010-06-21,1404.5,1404.5,247.01772844149377,247.01772844149377,1418.1726642986553,1418.1726642986553
2010-06-22,1404.5,1404.5,247.00059279865738,247.00059279865738,1418.7079417584448,1418.7079417584448
2010-06-23,1404.5,1404.5,246.97702106101133,246.97702106101133,1419.2299693492782,1419.2299693492782
2010-06-24,1404.5,1404.5,246.9452327525507,246.9452327525507,1419.7045237210832,1419.7045237210832
2010-06-25,1404.5,1404.5,246.90922884199486,246.90922884199486,1420.1601560361125,1420.1601560361125
2010-06-26,1404.5,1404.5,246.87552207165416,246.87552207165416,1420.579687251037,1420.579687251037
2010-06-27,1404.5,1404.5,246.90585058160147,246.90585058160147,1420.9888042064517,1420.9888042064517
2010-06-28,1404.5,1404.5,246.93454654614436,246.93454654614436,1421.404686134886,1421.404686134886
2010-06-29,1404.5,1404.5,246.9618347120504,246.9618347120504,1421.7845309806357,1421.7845309806357
2010-06-30,1404.5,1404.5,246.98528210780037,246.98528210780037,1422.136394065346,1422.136394065346
2010-07-01,1404.5,1404.5,246.98708983689437,246.98708983689437,1422.4649226044528,1422.4649226044528
2010-07-02,1404.5,1404.5,246.94861497109653,246.94861497109653,1422.7899436644627,1422.7899436644627
2010-07-03,1404.5,1404.5,246.9011305944025,246.9011305944025,1423.0367346820324,1423.0367346820324
2010-07-04,1404.5,1404.5,246.84952218039112,246.84952218039112,1423.26659332426,1423.26659332426
2010-07-05,1404.5,1404.5,246.79042655014283,246.79042655014283,1423.4711536549455,1423.4711536549455
2010-07-06,1404.5,1404.5,246.73148001516842,246.73148001516842,1423.6802505290377,1423.6802505290377
2010-07-07,1404.5,1404.5,246.67220476683968,246.67220476683968,1423.8934202022997,1423.8934202022997
2010-07-08,1404.5,1404.5,246.60084582770517,246.60084582770517,1424.0877076619631,1424.0877076619631
2010-07-09,1404.5,1404.5,246.52703125693577,246.52703125693577,1424.2500276042101,1424.2500276042101
2010-07-10,1404.5,1404.5,246.45048798764344,246.45048798764344,1424.3880597272603,1424.3880597272603
2010-07-11,1404.5,1404.5,246.36617955095517,246.36617955095517,1424.5212657633426,1424.5212657633426
2010-07-12,1404.5,1404.5,246.28019634364517,246.28019634364517,1424.6575444547645,1424.6575444547645
2010-07-13,1404.5,1404.5,246.18624283613428,246.18624283613428,1424.7904330635242,1424.7904330635242
2010-07-14,1404.5,1404.5,246.0889365339058,246.0889365339058,1424.8537972015915,1424.8537972015915
2010-07-15,1404.5,1404.5,245.98719506646322,245.98719506646322,1424.914181174292,1424.914181174292
2010-07-16,1404.5,1404.5,245.8769548188739,245.8769548188739,1425.0222150238633,1425.0222150238633
2010-07-17,1404.5,1404.5,245.77641759403943,245.77641759403943,1425.0675673039948,1425.0675673039948
2010-07-18,1404.5,1404.5,245.6770265458987,245.6770265458987,1425.1066705722444,1425.1066705722444
2010-07-19,1404.5,1404.5,245.5788759431963,245.5788759431963,1425.144943154063,1425.144943154063
2010-07-20,1404.5,1404.5,245.45515027875248,245.45515027875248,1425.1788460627831,1425.1788460627831
2010-07-21,1404.5,1404.5,245.3325840593116,245.3325840593116,1425.2083920185576,1425.2083920185576
2010-07-22,1404.5,1404.5,245.21118573380596,245.21118573380596,1425.2287702416618,1425.2287702416618
2010-07-23,1404.5,1404.5,245.0909490443856,245.0909490443856,1425.2436126399434,1425.2436126399434
2010-07-24,1404.5,1404.5,244.97333881136683,244.97333881136683,1425.2503680816192,1425.2503680816192
2010-07-25,1404.5,1404.5,244.85692870495632,244.85692870495632,1425.2519772782778,1425.2519772782778
2010-07-26,1404.5,1404.5,244.74176265657408,244.74176265657408,1425.2568947753796,1425.2568947753796
2010-07-27,1404.5,1404.5,244.627723543842,244.627723543842,1425.252022010021,1425.252022010021
2010-07-28,1404.5,1404.5,244.5148568713307,244.5148568713307,1425.243472600677,1425.243472600677
2010-07-29,1404.5,1404.5,244.40316179374656,244.40316179374656,1425.231848595562,1425.231848595562
2010-07-30,1404.5,1404.5,244.28398458887324,244.28398458887324,1425.2752240901802,1425.2752240901802
2010-07-31,1404.5,1404.5,244.1691610743023,244.1691610743023,1425.2564416947994,1425.2564416947994
2010-08-01,1404.5,1404.5,244.05554448671722,244.05554448671722,1425.2339538734998,1425.2339538734998
2010-08-02,1404.5,1404.5,243.94330732775063,243.94330732775063,1425.220719921077,1425.220719921077
2010-08-03,1404.5,1404.5,243.83019755504387,243.83019755504387,1425.2065227933786,1425.2065227933786
2010-08-04,1404.5,1404.5,243.71343005411234,243.71343005411234,1425.1880980695444,1425.1880980695444
2010-08-05,1404.5,1404.5,243.5978936733265,243.5978936733265,1425.167651929964,1425.167651929964
2010-08-06,1404.5,1404.5,243.48358858130723,243.48358858130723,1425.1464706125241,1425.1464706125241
2010-08-07,1404.5,1404.5,243.37070096054754,243.37070096054754,1425.1245541172245,1425.1245541172245
2010-08-08,1404.5,1404.5,243.25902400061193,243.25902400061193,1425.1011672662057,1425.1011672662057
2010-08-09,1404.5,1404.5,243.1490829668137,243.1490829668137,1425.0825590713494,1425.0825590713494
2010-08-10,1404.5,1404.5,243.0398023322734,243.0398023322734,1425.0573342756063,1425.0573342756063
2010-08-11,1404.5,1404.5,242.9285588983593,242.9285588983593,1425.031006712999,1425.031006712999
2010-08-12,1404.5,1404.5,242.8185173308633,242.8185173308633,1425.0034507997018,1425.0034507997018
2010-08-13,1404.5,1404.5,242.70100943900323,242.70100943900323,1425.0332523811032,1425.0332523811032
2010-08-14,1404.5,1404.5,242.59072964042744,242.59072964042744,1425.0032489291978,1425.0032489291978
2010-08-15,1404.5,1404.5,242.48060532206037,242.48060532206037,1424.9723265049302,1424.9723265049302
2010-08-16,1404.5,1404.5,242.37000706022906,242.37000706022906,1424.940340516064,1424.940340516064
2010-08-17,1404.5,1404.5,242.2587823834821,242.2587823834821,1424.9073963525698,1424.9073963525698
2010-08-18,1404.5,1404.5,242.14876483976622,242.14876483976622,1424.873717011216,1424.873717011216
2010-08-19,1404.5,1404.5,242.03994276138647,242.03994276138647,1424.8389349031481,1424.8389349031481
2010-08-20,1404.5,1404.5,241.9323058543909,241.9323058543909,1424.8028509049839,1424.8028509049839
2010-08-21,1404.5,1404.5,241.8258441027497,241.8258441027497,1424.7665984410464,1424.7665984410464
2010-08-22,1404.5,1404.5,241.72054712235905,241.72054712235905,1424.7296107992493,1424.7296107992493
2010-08-23,1404.5,1404.5,241.6164052889984,241.6164052889984,1424.6915203907379,1424.6915203907379
2010-08-24,1404.5,1404.5,241.51340908986552,241.51340908986552,1424.6526948043668,1424.6526948043668
2010-08-25,1404.5,1404.5,241.41154655837758,241.41154655837758,1424.6131340399859,1424.6131340399859
2010-08-26,1404.5,1404.5,241.31080464731073,241.31080464731073,1424.5729116155164,1424.5729116155164
2010-08-27,1404.5,1404.5,241.20251254599626,241.20251254599626,1424.5905558844474,1424.5905558844474
2010-08-28,1404.5,1404.5,241.1039794198111,241.1039794198111,1424.548510251261,1424.548510251261
2010-08-29,1404.5,1404.5,241.00653714105226,241.00653714105226,1424.505733083688,1424.505733083688
2010-08-30,1404.5,1404.5,240.91017962273366,240.91017962273366,1424.4628309096865,1424.4628309096865
2010-08-31,1404.5,1404.5,240.81489803085668,240.81489803085668,1424.4195503286455,1424.4195503286455
2010-09-01,1404.5,1404.5,240.71201370422446,240.71201370422446,1424.375553344373,1424.375553344373
2010-09-02,1404.5,1404.5,240.60833508777878,240.60833508777878,1424.3517989043492,1424.3517989043492
2010-09-03,1404.5,1404.5,240.50581272346307,240.50581272346307,1424.3276151204832,1424.3276151204832
2010-09-04,1404.5,1404.5,240.41108175628625,240.41108175628625,1424.302265752974,1424.302265752974
2010-09-05,1404.5,1404.5,240.31780567406201,240.31780567406201,1424.2755820375096,1424.2755820375096
2010-09-06,1404.5,1404.5,240.22558160118732,240.22558160118732,1424.2479201270967,1424.2479201270967
2010-09-07,1404.5,1404.5,240.13439989984445,240.13439989984445,1424.2190194419054,1424.2190194419054
2010-09-08,1404.5,1404.5,240.04174598958448,240.04174598958448,1424.1886637172536,1424.1886637172536
2010-09-09,1404.5,1404.5,239.95014017329996,239.95014017329996,1424.157459474789,1424.157459474789
2010-09-10,1404.5,1404.5,239.84997160307253,239.84997160307253,1424.1857638229096,1424.1857638229096
2010-09-11,1404.5,1404.5,239.76758471477504,239.76758471477504,1424.153543809647,1424.153543809647
2010-09-12,1404.5,1404.5,239.68614494365,239.68614494365,1424.1209672351579,1424.1209672351579
2010-09-13,1404.5,1404.5,239.60564231531993,239.60564231531993,1424.087655482809,1424.087655482809
2010-09-14,1404.5,1404.5,239.52606725871405,239.52606725871405,1424.053889758093,1424.053889758093
2010-09-15,1404.5,1404.5,239.44741078535165,239.44741078535165,1424.01874006102,1424.01874006102
2010-09-16,1404.5,1404.5,239.36966406964325,239.36966406964325,1423.9826677156589,1423.9826677156589
2010-09-17,1404.5,1404.5,239.29281817170215,239.29281817170215,1423.945790554778,1423.945790554778
2010-09-18,1404.5,1404.5,239.20934378390558,239.20934378390558,1423.9079354031335,1423.9079354031335
2010-09-19,1404.5,1404.5,239.1261528132795,239.1261528132795,1423.8694774056173,1423.8694774056173
2010-09-20,1404.5,1404.5,239.04296296501093,239.04296296501093,1423.8303322618817,1423.8303322618817
2010-09-21,1404.5,1404.5,238.9606925629282,238.9606925629282,1423.7906879323086,1423.7906879323086
2010-09-22,1404.5,1404.5,238.92814152838577,238.92814152838577,1423.4524715966468,1423.4524715966468
2010-09-23,1404.5,1404.5,238.84775551498356,238.84775551498356,1423.4118080655517,1423.4118080655517
2010-09-24,1404.5,1404.5,238.75869203873526,238.75869203873526,1423.429636128985,1423.429636128985
2010-09-25,1404.5,1404.5,238.6872914870928,238.6872914870928,1423.3882374200305,1423.3882374200305
2010-09-26,1404.5,1404.5,238.61672906156173,238.61672906156173,1423.346103533216,1423.346103533216
2010-09-27,1404.5,1404.5,238.54587097085673,238.54587097085673,1423.3036020573968,1423.3036020573968
2010-09-28,1404.5,1404.5,238.4758453030141,238.4758453030141,1423.2606194485847,1423.2606194485847
2010-09-29,1404.5,1404.5,238.40664379267787,238.40664379267787,1423.217015205901,1423.217015205901
2010-09-30,1404.5,1404.5,238.3382582681683,238.3382582681683,1423.1726757853576,1423.1726757853576
2010-10-01,1404.5,1404.5,238.27068068652775,238.27068068652775,1423.1279687759593,1423.1279687759593
2010-10-02,1404.5,1404.5,238.2030677709192,238.2030677709192,1423.0821589996967,1423.0821589996967
2010-10-03,1404.5,1404.5,238.14563680161305,238.14563680161305,1423.1273614414415,1423.1273614414415
2010-10-04,1404.5,1404.5,238.17700508855035,238.17700508855035,1423.1531454691367,1423.1531454691367
2010-10-05,1404.5,1404.5,238.15923579137967,238.15923579137967,1423.524826606608,1423.524826606608
2010-10-06,1404.5,1404.5,238.0952205082562,238.0952205082562,1423.5484911395056,1423.5484911395056
2010-10-07,1404.5,1404.5,238.08967265189386,238.08967265189386,1423.267618678095,1423.267618678095
2010-10-08,1404.5,1404.5,238.01862134297994,238.01862134297994,1423.3341522756664,1423.3341522756664
2010-10-09,1404.5,1404.5,238.0110192074744,238.0110192074744,1423.0277197707953,1423.0277197707953
2010-10-10,1404.5,1404.5,237.96214928278113,237.96214928278113,1423.05653054871,1423.05653054871
2010-10-11,1404.5,1404.5,237.95557611447367,237.95557611447367,1422.7822746881861,1422.7822746881861
2010-10-12,1404.5,1404.5,237.90793289232494,237.90793289232494,1422.7438166906697,1422.7438166906697
2010-10-13,1404.5,1404.5,237.90846746223704,237.90846746223704,1422.4050810233946,1422.4050810233946
2010-10-14,1404.5,1404.5,237.8619541218015,237.8619541218015,1422.3644174922995,1422.3644174922995
2010-10-15,1404.5,1404.5,237.81591292980815,237.81591292980815,1422.3235010685762,1422.3235010685762
2010-10-16,1404.5,1404.5,237.82391444827414,237.82391444827414,1421.9845495550549,1421.9845495550549
2010-10-17,1404.5,1404.5,237.83735083400012,237.83735083400012,1421.6455710923042,1421.6455710923042
2010-10-18,1404.5,1404.5,237.81244750613476,237.81244750613476,1421.6968047954629,1421.6968047954629
2010-10-19,1404.5,1404.5,237.82383116813764,237.82383116813764,1421.40968332202,1421.40968332202
2010-10-20,1404.5,1404.5,237.83500788770667,237.83500788770667,1421.0710347909915,1421.0710347909915
2010-10-21,1404.5,1404.5,237.8432054383463,237.8432054383463,1420.7320832774699,1420.7320832774699
2010-10-22,1404.5,1404.5,237.85449684675524,237.85449684675524,1420.392813134441,1420.392813134441
2010-10-23,1404.5,1404.5,237.88339088648462,237.88339088648462,1420.1442317159701,1420.1442317159701
2010-10-24,1404.5,1404.5,238.000687276514,238.000687276514,1420.318337374409,1420.318337374409
2010-10-25,1404.5,1404.5,238.7266207299967,238.7266207299967,1422.5965637132142,1422.5965637132142
2010-10-26,1404.5,1404.5,239.0853144847379,239.0853144847379,1423.0504387984786,1423.0504387984786
2010-10-27,1404.5,1404.5,239.10489006644102,239.10489006644102,1422.7805940051123,1422.7805940051123
2010-10-28,1404.5,1404.5,239.12285270805376,239.12285270805376,1422.496184497315,1422.496184497315
2010-10-29,1404.5,1404.5,239.14415398190715,239.14415398190715,1422.226659215338,1422.226659215338
2010-10-30,1404.5,1404.5,239.19067283000723,239.19067283000723,1422.0452188067427,1422.0452188067427
2010-10-31,1404.5,1404.5,239.22231794148405,239.22231794148405,1421.8615743736425,1421.8615743736425
2010-11-01,1404.5,1404.5,239.2469360891522,239.2469360891522,1421.572247366621,1421.572247366621
2010-11-02,1404.5,1404.5,239.27348996567812,239.27348996567812,1421.3262958542177,1421.3262958542177
2010-11-03,1404.5,1404.5,239.3594894432584,239.3594894432584,1420.7949962081814,1420.7949962081814
2010-11-04,1404.5,1404.5,239.56503597130805,239.56503597130805,1419.5573200877172,1419.5573200877172
2010-11-05,1404.5,1404.5,240.0089541612924,240.0089541612924,1416.8335674544508,1416.8335674544508
2010-11-06,1404.5,1404.5,240.90936266286707,240.90936266286707,1410.9194326739703,1410.9194326739703
2010-11-07,1404.5,1404.5,242.5722002131315,242.5722002131315,1397.655637851803,1397.655637851803
2010-11-08,1404.5,1404.5,244.7118292954235,244.7118292954235,1377.8801687763714,1377.8801687763714
2010-11-09,1404.5,1404.5,244.4049715379622,244.4049715379622,1378.1893770417976,1378.1893770417976
2010-11-10,1404.5,1404.5,244.35782546441826,244.35782546441826,1378.3054496429704,1378.3054496429704
2010-11-11,1404.5,1404.5,244.3277945800261,244.3277945800261,1378.4187973200928,1378.4187973200928
2010-11-12,1404.5,1404.5,244.2958378147515,244.2958378147515,1378.4988371908946,1378.4988371908946
2010-11-13,1404.5,1404.5,244.28059760053836,244.28059760053836,1378.6480782993544,1378.6480782993544
2010-11-14,1404.5,1404.5,244.2649129363342,244.2649129363342,1378.8160599387468,1378.8160599387468
2010-11-15,1404.5,1404.5,244.2420379836565,244.2420379836565,1379.0778663581477,1379.0778663581477
2010-11-16,1404.5,1404.5,244.21448429121367,244.21448429121367,1379.4052999379537,1379.4052999379537
2010-11-17,1404.5,1404.5,244.18428086620452,244.18428086620452,1379.6937068057216,1379.6937068057216
2010-11-18,1404.5,1404.5,244.1529219248089,244.1529219248089,1379.854282681688,1379.854282681688
2010-11-19,1404.5,1404.5,244.12296154923706,244.12296154923706,1379.9934484409957,1379.9934484409957
2010-11-20,1404.5,1404.5,244.21256850112792,244.21256850112792,1380.8617088225528,1380.8617088225528
2010-11-21,1404.5,1404.5,244.35904489667672,244.35904489667672,1381.4240678665653,1381.4240678665653
2010-11-22,1404.5,1404.5,244.41896024276335,244.41896024276335,1381.565752463097,1381.565752463097
2010-11-23,1404.5,1404.5,244.39896308072176,244.39896308072176,1381.6904349079832,1381.6904349079832
2010-11-24,1404.5,1404.5,244.41611813435492,244.41611813435492,1381.7930775267764,1381.7930775267764
2010-11-25,1404.5,1404.5,244.36003329342333,244.36003329342333,1381.8730506100421,1381.8730506100421
2010-11-26,1404.5,1404.5,244.33641710898146,244.33641710898146,1381.9536534027427,1381.9536534027427
2010-11-27,1404.5,1404.5,244.31171723357212,244.31171723357212,1382.0361453234893,1382.0361453234893
2010-11-28,1404.5,1404.5,244.33172923345313,244.33172923345313,1382.1446747704472,1382.1446747704472
2010-11-29,1404.5,1404.5,244.31762134923977,244.31762134923977,1382.2296855284178,1382.2296855284178
2010-11-30,1404.5,1404.5,244.28906283287762,244.28906283287762,1382.316585414177,1382.316585414177
2010-12-01,1404.5,1404.5,244.26223206816857,244.26223206816857,1382.4038459517553,1382.4038459517553
2010-12-02,1404.5,1404.5,244.2366545310111,244.2366545310111,1382.5427354515864,1382.5427354515864
2010-12-03,1404.5,1404.5,244.22308686829075,244.22308686829075,1382.744023050827,1382.744023050827
2010-12-04,1404.5,1404.5,244.22824764812177,244.22824764812177,1383.024580896481,1383.024580896481
2010-12-05,1404.5,1404.5,244.24286874158707,244.24286874158707,1383.308214161118,1383.308214161118
2010-12-06,1404.5,1404.5,244.32597011180806,244.32597011180806,1383.7276005668311,1383.7276005668311
2010-12-07,1404.5,1404.5,244.35815494261334,244.35815494261334,1384.0504476859926,1384.0504476859926
2010-12-08,1404.5,1404.5,244.34599588952605,244.34599588952605,1384.2378281886222,1384.2378281886222
2010-12-09,1404.5,1404.5,244.36890338254832,244.36890338254832,1384.5193678843593,1384.5193678843593
2010-12-10,1404.5,1404.5,244.39762262195674,244.39762262195674,1384.871872885989,1384.871872885989
2010-12-11,1404.5,1404.5,244.3756361438073,244.3756361438073,1385.1227691205704,1385.1227691205704
2010-12-12,1404.5,1404.5,244.3674994142945,244.3674994142945,1385.3532637212481,1385.3532637212481
2010-12-13,1404.5,1404.5,244.35360815127876,244.35360815127876,1385.6224504610666,1385.6224504610666
2010-12-14,1404.5,1404.5,244.33898787813163,244.33898787813163,1385.899707275637,1385.899707275637
2010-12-15,1404.5,1404.5,244.44070034948567,244.44070034948567,1386.4248148792296,1386.4248148792296
2010-12-16,1404.5,1404.5,244.42295482748824,244.42295482748824,1386.7567221116221,1386.7567221116221
2010-12-17,1404.5,1404.5,244.38077808158866,244.38077808158866,1387.0563098179407,1387.0563098179407
2010-12-18,1404.5,1404.5,244.60097951216414,244.60097951216414,1387.5822411894815,1387.5822411894815
2010-12-19,1404.5,1404.5,245.64797188859714,245.64797188859714,1390.216393243378,1390.216393243378
2010-12-20,1404.5,1404.5,246.27112862237115,246.27112862237115,1392.4426152404683,1392.4426152404683
2010-12-21,1404.5,1404.5,246.15885541351452,246.15885541351452,1393.3947248864918,1393.3947248864918
2010-12-22,1404.5,1404.5,245.93775211629193,245.93775211629193,1394.0341350433546,1394.0341350433546
2010-12-23,1404.5,1404.5,245.72141769941138,245.72141769941138,1394.6890312394114,1394.6890312394114
2010-12-24,1404.5,1404.5,245.48604469878845,245.48604469878845,1395.304183476903,1395.304183476903
2010-12-25,1404.5,1404.5,245.23882134382575,245.23882134382575,1395.8858518641002,1395.8858518641002
2010-12-26,1404.5,1404.5,245.06586567936088,245.06586567936088,1396.5579580352248,1396.5579580352248
2010-12-27,1404.5,1404.5,244.85026386982025,244.85026386982025,1397.1107749617113,1397.1107749617113
2010-12-28,1404.5,1404.5,244.5968478477143,244.5968478477143,1397.6279402520456,1397.6279402520456
2010-12-29,1404.5,1404.5,244.86033684746408,244.86033684746408,1398.3354709973921,1398.3354709973921
2010-12-30,1404.5,1404.5,244.87765549502683,244.87765549502683,1399.038567969234,1399.038567969234
2010-12-31,1404.5,1404.5,244.70829464894726,244.70829464894726,1399.5172925897598,1399.5172925897598
2011-01-01,1404.5,1404.5,244.68110734100918,244.68110734100918,1399.981600861687,1399.981600861687
2011-01-02,1404.5,1404.5,244.59772546476182,244.59772546476182,1400.2714642910942,1400.2714642910942
2011-01-03,1404.5,1404.5,244.60256377711104,244.60256377711104,1400.5527512354558,1400.5527512354558
2011-01-04,1404.5,1404.5,244.57144310225738,244.57144310225738,1400.8220495648418,1400.8220495648418
2011-01-05,1404.5,1404.5,244.55994890424947,244.55994890424947,1401.0772774145166,1401.0772774145166
2011-01-06,1404.5,1404.5,244.55035380343762,244.55035380343762,1401.3228847871367,1401.3228847871367
2011-01-07,1404.5,1404.5,244.53653593808212,244.53653593808212,1401.5551519955927,1401.5551519955927
2011-01-08,1404.5,1404.5,244.52615726560887,244.52615726560887,1401.7760651255348,1401.7760651255348
2011-01-09,1404.5,1404.5,244.51602558405952,244.51602558405952,1401.9866631141306,1401.9866631141306
2011-01-10,1404.5,1404.5,244.50625067311364,244.50625067311364,1402.184260586977,1402.184260586977
2011-01-11,1404.5,1404.5,244.4949754815924,244.4949754815924,1402.3674174803832,1402.3674174803832
2011-01-12,1404.5,1404.5,244.49086867982672,244.49086867982672,1402.5424639677838,1402.5424639677838
2011-01-13,1404.5,1404.5,244.4924789305787,244.4924789305787,1402.7175104551843,1402.7175104551843
2011-01-14,1404.5,1404.5,244.48775061341732,244.48775061341732,1402.8909314307577,1402.8909314307577
2011-01-15,1404.5,1404.5,244.47988603804757,244.47988603804757,1403.0590964837234,1403.0590964837234
2011-01-16,1404.5,1404.5,244.48526914638478,244.48526914638478,1403.248746091262,1403.248746091262
2011-01-17,1404.5,1404.5,244.4880751669538,244.4880751669538,1403.4569094816513,1403.4569094816513
2011-01-18,1404.5,1404.5,244.49371808300498,244.49371808300498,1403.6680792113343,1403.6680792113343
2011-01-19,1404.5,1404.5,244.49552000456217,244.49552000456217,1403.896351373899,1403.896351373899
2011-01-20,1404.5,1404.5,244.4976675342629,244.4976675342629,1404.1366738663717,1404.1366738663717
2011-01-21,1404.5,1404.5,244.49900370083438,244.49900370083438,1404.3942975664668,1404.3942975664668
2011-01-22,1404.5,1404.5,244.50060839405134,244.50060839405134,1404.666018621461,1404.666018621461
2011-01-23,1404.5,1404.5,244.51001441668387,244.51001441668387,1404.9783913465562,1404.9783913465562
2011-01-24,1404.5,1404.5,244.52086519939158,244.52086519939158,1405.3446619982824,1405.3446619982824
2011-01-25,1404.5,1404.5,244.52487567960114,244.52487567960114,1405.7548441725908,1405.7548441725908
2011-01-26,1404.5,1404.5,244.51748601901144,244.51748601901144,1406.188419187853,1406.188419187853
2011-01-27,1404.5,1404.5,244.5255907074628,244.5255907074628,1406.7049233074063,1406.7049233074063
2011-01-28,1404.5,1404.5,244.5366337445945,244.5366337445945,1407.2425131710922,1407.2425131710922
2011-01-29,1404.5,1404.5,244.546778213103,244.546778213103,1407.814977882,1407.814977882
2011-01-30,1404.5,1404.5,244.5498970883189,244.5498970883189,1408.3524897303923,1408.3524897303923
2011-01-31,1404.5,1404.5,244.53561474803027,244.53561474803027,1408.797384859763,1408.797384859763
2011-02-01,1404.5,1404.5,244.50898378841921,244.50898378841921,1409.1800439414797,1409.1800439414797
2011-02-02,1404.5,1404.5,244.46312263547907,244.46312263547907,1409.4313545817195,1409.4313545817195
2011-02-03,1404.5,1404.5,244.45780962780137,244.45780962780137,1409.6776388626813,1409.6776388626813
2011-02-04,1404.5,1404.5,244.45225929419885,244.45225929419885,1409.911463487586,1409.911463487586
2011-02-05,1404.5,1404.5,244.447069626961,244.447069626961,1410.1361146402887,1410.1361146402887
2011-02-06,1404.5,1404.5,244.44716795169606,244.44716795169606,1410.372822461109,1410.372822461109
2011-02-07,1404.5,1404.5,244.44936611954387,244.44936611954387,1410.6076435653924,1410.6076435653924
2011-02-08,1404.5,1404.5,244.6064749154321,244.6064749154321,1410.7874727283768,1410.7874727283768
2011-02-09,1404.5,1404.5,244.6108029876783,244.6108029876783,1410.8560271818133,1410.8560271818133
2011-02-10,1404.5,1404.5,244.62516088302016,244.62516088302016,1410.732113438551,1410.732113438551
2011-02-11,1404.5,1404.5,244.66567166375845,244.66567166375845,1410.2809601925055,1410.2809601925055
2011-02-12,1404.5,1404.5,244.74935476132887,244.74935476132887,1409.17942376623,1409.17942376623
2011-02-13,1404.5,1404.5,244.9232974619486,244.9232974619486,1406.7165221541263,1406.7165221541263
2011-02-14,1404.5,1404.5,245.3489284016651,245.3489284016651,1401.4528578391491,1401.4528578391491
2011-02-15,1404.5,1404.5,245.078655310373,245.078655310373,1401.6663822695564,1401.6663822695564
2011-02-16,1404.5,1404.5,244.8440993370861,244.8440993370861,1401.9181415861794,1401.9181415861794
2011-02-17,1404.5,1404.5,244.6259007677787,244.6259007677787,1402.1956837520752,1402.1956837520752
2011-02-18,1404.5,1404.5,244.64619873204245,244.64619873204245,1402.4021267838993,1402.4021267838993
2011-02-19,1404.5,1404.5,244.68345188575117,244.68345188575117,1402.6096431024614,1402.6096431024614
2011-02-20,1404.5,1404.5,244.6424757012721,244.6424757012721,1402.8160861342856,1402.8160861342856
2011-02-21,1404.5,1404.5,244.6209844082888,244.6209844082888,1403.0104866558042,1403.0104866558042
2011-02-22,1404.5,1404.5,244.62340123620834,244.62340123620834,1403.1935692325767,1403.1935692325767
2011-02-23,1404.5,1404.5,244.6207435052747,244.6207435052747,1403.3690458095305,1403.3690458095305
2011-02-24,1404.5,1404.5,244.6193997487364,244.6193997487364,1403.539938638346,1403.539938638346
2011-02-25,1404.5,1404.5,244.62921940546562,244.62921940546562,1403.7085337808649,1403.7085337808649
2011-02-26,1404.5,1404.5,244.6444029993923,244.6444029993923,1403.8700343816688,1403.8700343816688
2011-02-27,1404.5,1404.5,244.6198286508467,244.6198286508467,1404.0254246096601,1404.0254246096601
2011-02-28,1404.5,1404.5,244.6163145190722,244.6163145190722,1404.1768161663547,1404.1768161663547
2011-03-01,1404.5,1404.5,244.6156532922537,244.6156532922537,1404.3244202217986,1404.3244202217986
2011-03-02,1404.5,1404.5,244.60936428552162,244.60936428552162,1404.4512966683287,1404.4512966683287
2011-03-03,1404.5,1404.5,244.64268855664963,244.64268855664963,1404.5983873284354,1404.5983873284354
2011-03-04,1404.5,1404.5,244.63931991685396,244.63931991685396,1404.7380945726256,1404.7380945726256
2011-03-05,1404.5,1404.5,244.62028131914286,244.62028131914286,1404.8671214674498,1404.8671214674498
2011-03-06,1404.5,1404.5,244.6458217242436,244.6458217242436,1405.0142121275564,1405.0142121275564
2011-03-07,1404.5,1404.5,244.74119682727328,244.74119682727328,1405.2420231733663,1405.2420231733663
2011-03-08,1404.5,1404.5,244.7129169388337,244.7129169388337,1405.4347033363201,1405.4347033363201
2011-03-09,1404.5,1404.5,244.67016114717956,244.67016114717956,1405.6011480307207,1405.6011480307207
2011-03-10,1404.5,1404.5,244.681842265909,244.681842265909,1405.7856564904037,1405.7856564904037
2011-03-11,1404.5,1404.5,244.69222981037856,244.69222981037856,1405.9980773898562,1405.9980773898562
2011-03-12,1404.5,1404.5,244.69238103036994,244.69238103036994,1406.2281753523864,1406.2281753523864
2011-03-13,1404.5,1404.5,244.685046375544,244.685046375544,1406.4608730239916,1406.4608730239916
2011-03-14,1404.5,1404.5,244.69482602389775,244.69482602389775,1406.6918311658044,1406.6918311658044
2011-03-15,1404.5,1404.5,244.68504518217998,244.68504518217998,1406.92622346628,1406.92622346628
2011-03-16,1404.5,1404.5,244.82888439892054,244.82888439892054,1407.4377176088965,1407.4377176088965
2011-03-17,1404.5,1404.5,244.86649098419528,244.86649098419528,1408.01963949928,1408.01963949928
2011-03-18,1404.5,1404.5,244.70568683610776,244.70568683610776,1408.300298322627,1408.300298322627
2011-03-19,1404.5,1404.5,244.7947566470905,244.7947566470905,1408.66348630939,1408.66348630939
2011-03-20,1404.5,1404.5,244.9176388729832,244.9176388729832,1409.0514318608668,1409.0514318608668
2011-03-21,1404.5,1404.5,245.18609279322817,245.18609279322817,1409.3547938958477,1409.3547938958477
2011-03-22,1404.5,1404.5,245.18368273361963,245.18368273361963,1409.6187324372918,1409.6187324372918
2011-03-23,1404.5,1404.5,245.09478495700088,245.09478495700088,1409.8789894109975,1409.8789894109975
2011-03-24,1404.5,1404.5,245.06698118113366,245.06698118113366,1410.1587656576896,1410.1587656576896
2011-03-25,1404.5,1404.5,245.16286985646576,245.16286985646576,1410.4140092501584,1410.4140092501584
2011-03-26,1404.5,1404.5,245.12794421432378,245.12794421432378,1410.6442825311883,1410.6442825311883
2011-03-27,1404.5,1404.5,245.08072088503852,245.08072088503852,1410.869415307646,1410.869415307646
2011-03-28,1404.5,1404.5,244.97343025356054,244.97343025356054,1411.0869738716733,1411.0869738716733
2011-03-29,1404.5,1404.5,244.88438598014602,244.88438598014602,1410.9012101891046,1410.9012101891046
2011-03-30,1404.5,1404.5,244.89747519522194,244.89747519522194,1410.3216554101516,1410.3216554101516
2011-03-31,1404.5,1404.5,245.01818019280128,245.01818019280128,1408.9775194135075,1408.9775194135075
2011-04-01,1404.5,1404.5,245.35608289501002,245.35608289501002,1406.060948131265,1406.060948131265
2011-04-02,1404.5,1404.5,246.15122573999247,246.15122573999247,1399.5976966900155,1399.5976966900155
2011-04-03,1404.5,1404.5,247.73109985879623,247.73109985879623,1384.3820769766598,1384.3820769766598
2011-04-04,1404.5,1404.5,248.2335888130451,248.2335888130451,1377.8801687763714,1377.8801687763714
2011-04-05,1404.5,1404.5,248.13854610744926,248.13854610744926,1378.4002514267763,1378.4002514267763
2011-04-06,1404.5,1404.5,248.0493726886705,248.0493726886705,1378.9934376042659,1378.9934376042659
2011-04-07,1404.5,1404.5,247.93899853661065,247.93899853661065,1379.5617598049453,1379.5617598049453
2011-04-08,1404.5,1404.5,247.80835475070288,247.80835475070288,1380.079380864439,1380.079380864439
2011-04-09,1404.5,1404.5,247.63549239812113,247.63549239812113,1380.4993969795864,1380.4993969795864
2011-04-10,1404.5,1404.5,247.44973710012087,247.44973710012087,1380.9172186531941,1380.9172186531941
2011-04-11,1404.5,1404.5,247.25976354905976,247.25976354905976,1381.3339526471266,1381.3339526471266
2011-04-12,1404.5,1404.5,247.05808060813249,247.05808060813249,1381.745744376789,1381.745744376789
2011-04-13,1404.5,1404.5,246.85328702411388,246.85328702411388,1382.1815604712826,1382.1815604712826
2011-04-14,1404.5,1404.5,246.61886912681092,246.61886912681092,1382.5839447256076,1382.5839447256076
2011-04-15,1404.5,1404.5,246.2575712745395,246.2575712745395,1382.9583069152404,1382.9583069152404
2011-04-16,1404.5,1404.5,245.87444586778923,245.87444586778923,1383.3367622154262,1383.3367622154262
2011-04-17,1404.5,1404.5,245.51061481090466,245.51061481090466,1383.7891511142236,1383.7891511142236
2011-04-18,1404.5,1404.5,245.1677738369419,245.1677738369419,1384.2640956728962,1384.2640956728962
2011-04-19,1404.5,1404.5,244.86734892611278,244.86734892611278,1384.7720681862593,1384.7720681862593
2011-04-20,1404.5,1404.5,244.61314850911765,244.61314850911765,1385.2736171343852,1385.2736171343852
2011-04-21,1404.5,1404.5,244.56462508104275,244.56462508104275,1385.7285177675926,1385.7285177675926
2011-04-22,1404.5,1404.5,244.54562104737792,244.54562104737792,1386.2262896259926,1386.2262896259926
2011-04-23,1404.5,1404.5,244.44867884045354,244.44867884045354,1386.6412335066925,1386.6412335066925
2011-04-24,1404.5,1404.5,244.35040140298707,244.35040140298707,1387.0552393962666,1387.0552393962666
2011-04-25,1404.5,1404.5,244.24642191998905,244.24642191998905,1387.4626123475925,1387.4626123475925
2011-04-26,1404.5,1404.5,244.17793365787327,244.17793365787327,1387.3155303202198,1387.3155303202198
2011-04-27,1404.5,1404.5,244.1535181971031,244.1535181971031,1386.6224687374315,1386.6224687374315
2011-04-28,1404.5,1404.5,244.25032719720045,244.25032719720045,1384.89493351043,1384.89493351043
2011-04-29,1404.5,1404.5,244.58277532506008,244.58277532506008,1380.713889824725,1380.713889824725
2011-04-30,1404.5,1404.5,244.77793801824797,244.77793801824797,1377.8801687763714,1377.8801687763714
2011-05-01,1404.5,1404.5,244.7307388188767,244.7307388188767,1377.8801687763714,1377.8801687763714
2011-05-02,1404.5,1404.5,244.75125342394514,244.75125342394514,1377.8801687763714,1377.8801687763714
2011-05-03,1404.5,1404.5,244.79041971384643,244.79041971384643,1378.7425270643207,1378.7425270643207
2011-05-04,1404.5,1404.5,244.9075421252003,244.9075421252003,1379.791622788038,1379.791622788038
2011-05-05,1404.5,1404.5,245.0797998970617,245.0797998970617,1380.9688109897088,1380.9688109897088
2011-05-06,1404.5,1404.5,245.31509997556014,245.31509997556014,1382.4689761773334,1382.4689761773334
2011-05-07,1404.5,1404.5,245.5900229363456,245.5900229363456,1384.212156351726,1384.212156351726
2011-05-08,1404.5,1404.5,245.8715662936507,245.8715662936507,1385.8496206505333,1385.8496206505333
2011-05-09,1404.5,1404.5,245.97566199599643,245.97566199599643,1386.8125021719518,1386.8125021719518
2011-05-10,1404.5,1404.5,246.03265643975723,246.03265643975723,1386.9978969798344,1386.9978969798344
2011-05-11,1404.5,1404.5,246.1354487976044,246.1354487976044,1386.63463982185,1386.63463982185
2011-05-12,1404.5,1404.5,246.3652261927694,246.3652261927694,1385.2749107409115,1385.2749107409115
2011-05-13,1404.5,1404.5,246.83772762074307,246.83772762074307,1381.642843288514,1381.642843288514
2011-05-14,1404.5,1404.5,247.31575156309418,247.31575156309418,1377.8801687763714,1377.8801687763714
2011-05-15,1404.5,1404.5,247.60951478546215,247.60951478546215,1377.8801687763714,1377.8801687763714
2011-05-16,1404.5,1404.5,247.7067623824827,247.7067623824827,1377.8801687763714,1377.8801687763714
2011-05-17,1404.5,1404.5,247.7420361658428,247.7420361658428,1378.147796312862,1378.147796312862
2011-05-18,1404.5,1404.5,247.88427303253124,247.88427303253124,1377.8801687763714,1377.8801687763714
2011-05-19,1404.5,1404.5,247.97036968820117,247.97036968820117,1377.8801687763714,1377.8801687763714
2011-05-20,1404.5,1404.5,248.0237295433572,248.0237295433572,1377.8801687763714,1377.8801687763714
2011-05-21,1404.5,1404.5,248.082640741569,248.082640741569,1377.8801687763714,1377.8801687763714
2011-05-22,1404.5,1404.5,248.15700626220817,248.15700626220817,1377.8801687763714,1377.8801687763714
2011-05-23,1404.5,1404.5,248.24480743334834,248.24480743334834,1377.8801687763714,1377.8801687763714
2011-05-24,1404.5,1404.5,248.25826449555933,248.25826449555933,1378.9361913025823,1378.9361913025823
2011-05-25,1404.5,1404.5,248.27870780092505,248.27870780092505,1380.024329004038,1380.024329004038
2011-05-26,1404.5,1404.5,248.28759942369638,248.28759942369638,1381.0444580991689,1381.0444580991689
2011-05-27,1404.5,1404.5,248.28299307459133,248.28299307459133,1382.0006604338607,1382.0006604338607
2011-05-28,1404.5,1404.5,248.28334439221715,248.28334439221715,1383.01150048554,1383.01150048554
2011-05-29,1404.5,1404.5,248.27817176831962,248.27817176831962,1383.9394777552443,1383.9394777552443
2011-05-30,1404.5,1404.5,248.25660236212616,248.25660236212616,1384.704086944789,1384.704086944789
2011-05-31,1404.5,1404.5,248.27845723811245,248.27845723811245,1384.909965730927,1384.909965730927
2011-06-01,1404.5,1404.5,248.35165766982615,248.35165766982615,1384.603370592961,1384.603370592961
2011-06-02,1404.5,1404.5,248.38048264399782,248.38048264399782,1384.8950714941288,1384.8950714941288
2011-06-03,1404.5,1404.5,248.39442107087135,248.39442107087135,1385.1358495200634,1385.1358495200634
2011-06-04,1404.5,1404.5,248.4090050183246,248.4090050183246,1385.3647880864978,1385.3647880864978
2011-06-05,1404.5,1404.5,248.44541338658888,248.44541338658888,1385.6234207760583,1385.6234207760583
2011-06-06,1404.5,1404.5,248.53832391473145,248.53832391473145,1385.8946138384815,1385.8946138384815
2011-06-07,1404.5,1404.5,248.5830887636417,248.5830887636417,1386.1559506227975,1386.1559506227975
2011-06-08,1404.5,1404.5,248.59874598688688,248.59874598688688,1386.3360935441801,1386.3360935441801
2011-06-09,1404.5,1404.5,248.62946613558705,248.62946613558705,1386.5939383209145,1386.5939383209145
2011-06-10,1404.5,1404.5,248.70559118114872,248.70559118114872,1386.992033560001,1386.992033560001
2011-06-11,1404.5,1404.5,248.7847857135278,248.7847857135278,1387.930661045128,1387.930661045128
2011-06-12,1404.5,1404.5,248.8883435112458,248.8883435112458,1389.0489808545074,1389.0489808545074
2011-06-13,1404.5,1404.5,248.98292450788267,248.98292450788267,1390.1608480682185,1390.1608480682185
2011-06-14,1404.5,1404.5,249.1666670592332,249.1666670592332,1390.9721815640155,1390.9721815640155
2011-06-15,1404.5,1404.5,249.35679475845316,249.35679475845316,1392.4095134118027,1392.4095134118027
2011-06-16,1404.5,1404.5,249.58014736092915,249.58014736092915,1394.0636062096266,1394.0636062096266
2011-06-17,1404.5,1404.5,249.81181822993838,249.81181822993838,1395.872983571561,1395.872983571561
2011-06-18,1404.5,1404.5,249.99347105794672,249.99347105794672,1397.2289034583941,1397.2289034583941
2011-06-19,1404.5,1404.5,250.22557893411363,250.22557893411363,1398.1736069812675,1398.1736069812675
2011-06-20,1404.5,1404.5,250.4000350343825,250.4000350343825,1399.5290255914083,1399.5290255914083
2011-06-21,1404.5,1404.5,250.58782010596946,250.58782010596946,1400.9453865888106,1400.9453865888106
2011-06-22,1404.5,1404.5,250.8197688416241,250.8197688416241,1402.5832240608906,1402.5832240608906
2011-06-23,1404.5,1404.5,251.09158189597605,251.09158189597605,1404.7764136310734,1404.7764136310734
2011-06-24,1404.5,1404.5,251.3554601868352,251.3554601868352,1406.2556924399275,1406.2556924399275
2011-06-25,1404.5,1404.5,251.59293652709079,251.59293652709079,1407.4560964281043,1407.4560964281043
2011-06-26,1404.5,1404.5,251.79967707237162,251.79967707237162,1408.517152331315,1408.517152331315
2011-06-27,1404.5,1404.5,251.98926925723617,251.98926925723617,1409.4911214719234,1409.4911214719234
2011-06-28,1404.5,1404.5,252.18836301075834,252.18836301075834,1410.5492743782434,1410.5492743782434
2011-06-29,1404.5,1404.5,252.58839283424845,252.58839283424845,1412.1794740841651,1412.1794740841651
2011-06-30,1404.5,1404.5,252.83847980433063,252.83847980433063,1413.030457510316,1413.030457510316
2011-07-01,1404.5,1404.5,252.93596169552532,252.93596169552532,1413.63598558517,1413.63598558517
2011-07-02,1410.6950282518421,1410.6950282518421,253.0,253.0,1414.353140437519,1414.353140437519
2011-07-03,1412.0795966458377,1412.0795966458377,253.0,253.0,1415.1875945903214,1415.1875945903214
2011-07-04,1413.627182866024,1413.627182866024,253.0,253.0,1416.0524794549847,1416.0524794549847
2011-07-05,1414.6092164497636,1414.6092164497636,253.0,253.0,1416.9153373350837,1416.9153373350837
2011-07-06,1415.2959671769597,1415.2959671769597,253.0,253.0,1417.7471718612803,1417.7471718612803
2011-07-07,1415.7829541910519,1415.7829541910519,253.0,253.0,1418.5735747006474,1418.5735747006474
2011-07-08,1416.2378517964673,1416.2378517964673,253.0,253.0,1419.3600086081174,1419.3600086081174
2011-07-09,1416.5991307257061,1416.5991307257061,253.0,253.0,1420.1344782307497,1420.1344782307497
2011-07-10,1416.743878470269,1416.743878470269,253.0,253.0,1420.8168216068307,1420.8168216068307
2011-07-11,1416.6911663198891,1416.6911663198891,253.0,253.0,1421.316920208886,1421.316920208886
2011-07-12,1416.550142608575,1416.550142608575,253.0,253.0,1421.796238932867,1421.796238932867
2011-07-13,1416.6967820427608,1416.6967820427608,253.0,253.0,1421.9733107093653,1421.9733107093653
2011-07-14,1416.1862389715393,1416.1862389715393,253.0,253.0,1422.438514233775,1422.438514233775
2011-07-15,1415.5557092375536,1415.5557092375536,253.0,253.0,1422.8882979951848,1422.8882979951848
2011-07-16,1414.734919845648,1414.734919845648,253.0,253.0,1423.377018805441,1423.377018805441
2011-07-17,1413.9270025707856,1413.9270025707856,253.0,253.0,1423.7759291203581,1423.7759291203581
2011-07-18,1412.8454964168307,1412.8454964168307,253.0,253.0,1424.1633551376076,1424.1633551376076
2011-07-19,1410.8610557013405,1410.8610557013405,253.0,253.0,1424.5573304901727,1424.5573304901727
2011-07-20,1404.5,1404.5,252.97084123475196,252.97084123475196,1424.9107222993384,1424.9107222993384
2011-07-21,1404.5,1404.5,252.920931744863,252.920931744863,1424.9540136934845,1424.9540136934845
2011-07-22,1404.5,1404.5,252.82742804288944,252.82742804288944,1425.2925385245053,1425.2925385245053
2011-07-23,1404.5,1404.5,252.73430463797337,252.73430463797337,1425.633138885484,1425.633138885484
2011-07-24,1404.5,1404.5,252.63836247000313,252.63836247000313,1425.9654856351524,1425.9654856351524
2011-07-25,1404.5,1404.5,252.53890616062637,252.53890616062637,1426.2971183351974,1426.2971183351974
2011-07-26,1404.5,1404.5,252.43269779106993,252.43269779106993,1426.572382614938,1426.572382614938
2011-07-27,1404.5,1404.5,252.32041240824182,252.32041240824182,1426.8013791807684,1426.8013791807684
2011-07-28,1404.5,1404.5,252.20732628376808,252.20732628376808,1427.0260699358932,1427.0260699358932
2011-07-29,1404.5,1404.5,252.0938590555775,252.0938590555775,1427.2416946424103,1427.2416946424103
2011-07-30,1404.5,1404.5,251.96875094865882,251.96875094865882,1427.5253977477562,1427.5253977477562
2011-07-31,1404.5,1404.5,251.84218627214142,251.84218627214142,1427.7707945971424,1427.7707945971424
2011-08-01,1404.5,1404.5,251.70297440602474,251.70297440602474,1427.9911824047135,1427.9911824047135
2011-08-02,1404.5,1404.5,251.53741314545564,251.53741314545564,1428.208170918873,1428.208170918873
2011-08-03,1404.5,1404.5,251.38162151901997,251.38162151901997,1428.4261321830725,1428.4261321830725
2011-08-04,1404.5,1404.5,251.22571682063335,251.22571682063335,1428.6425714344193,1428.6425714344193
2011-08-05,1404.5,1404.5,251.0688877952632,251.0688877952632,1428.827153360371,1428.827153360371
2011-08-06,1404.5,1404.5,250.94546239113868,250.94546239113868,1428.6686097690258,1428.6686097690258
2011-08-07,1404.5,1404.5,250.81874278895083,250.81874278895083,1428.5095383713326,1428.5095383713326
2011-08-08,1404.5,1404.5,250.6513942798425,250.6513942798425,1428.6029115124247,1428.6029115124247
2011-08-09,1404.5,1404.5,250.4838634509772,250.4838634509772,1428.6989341156873,1428.6989341156873
2011-08-10,1404.5,1404.5,250.31610899424572,250.31610899424572,1428.7891409909216,1428.7891409909216
2011-08-11,1404.5,1404.5,250.15042849188654,250.15042849188654,1428.8734143387192,1428.8734143387192
2011-08-12,1404.5,1404.5,250.02687683593825,250.02687683593825,1428.6742372848507,1428.6742372848507
2011-08-13,1404.5,1404.5,249.85439992125336,249.85439992125336,1428.8101179866383,1428.8101179866383
2011-08-14,1404.5,1404.5,249.72427944633168,249.72427944633168,1428.605376404737,1428.605376404737
2011-08-15,1404.5,1404.5,249.55821388945787,249.55821388945787,1428.6387725109832,1428.6387725109832
2011-08-16,1404.5,1404.5,249.39105172764855,249.39105172764855,1428.6637717342037,1428.6637717342037
2011-08-17,1404.5,1404.5,249.26125298090594,249.26125298090594,1428.4040986506484,1428.4040986506484
2011-08-18,1404.5,1404.5,249.09131220356687,249.09131220356687,1428.4234351212986,1428.4234351212986
2011-08-19,1404.5,1404.5,248.92740901724773,248.92740901724773,1428.443093699456,1428.443093699456
2011-08-20,1404.5,1404.5,248.76313829141282,248.76313829141282,1428.46031141834,1428.46031141834
2011-08-21,1404.5,1404.5,248.59705616302506,248.59705616302506,1428.4747395838504,1428.4747395838504
2011-08-22,1404.5,1404.5,248.42977541631748,248.42977541631748,1428.4856808075006,1428.4856808075006
2011-08-23,1404.5,1404.5,248.2641750828382,248.2641750828382,1428.4941390423987,1428.4941390423987
2011-08-24,1404.5,1404.5,248.10324441625673,248.10324441625673,1428.5015933243317,1428.5015933243317
2011-08-25,1404.5,1404.5,247.9435787355669,247.9435787355669,1428.5084406125102,1428.5084406125102
2011-08-26,1404.5,1404.5,247.79169684162218,247.79169684162218,1428.512886921448,1428.512886921448
2011-08-27,1404.5,1404.5,247.63348900777487,247.63348900777487,1428.5704214608522,1428.5704214608522
2011-08-28,1404.5,1404.5,247.4834659966785,247.4834659966785,1428.570901859208,1428.570901859208
2011-08-29,1404.5,1404.5,247.335456464626,247.335456464626,1428.5692973186108,1428.5692973186108
2011-08-30,1404.5,1404.5,247.1921633024415,247.1921633024415,1428.5659420810066,1428.5659420810066
2011-08-31,1404.5,1404.5,247.05348308825884,247.05348308825884,1428.560612784491,1428.560612784491
2011-09-01,1404.5,1404.5,246.91717943608424,246.91717943608424,1428.5544679935128,1428.5544679935128
2011-09-02,1404.5,1404.5,246.77376452438435,246.77376452438435,1428.5836017548315,1428.5836017548315
2011-09-03,1404.5,1404.5,246.63005341917977,246.63005341917977,1428.6109316049094,1428.6109316049094
2011-09-04,1404.5,1404.5,246.4878695234869,246.4878695234869,1428.6364064019454,1428.6364064019454
2011-09-05,1404.5,1404.5,246.34717911784566,246.34717911784566,1428.6564555176378,1428.6564555176378
2011-09-06,1404.5,1404.5,246.20677331546588,246.20677331546588,1428.6743706248653,1428.6743706248653
2011-09-07,1404.5,1404.5,246.06968892090006,246.06968892090006,1428.6901935670624,1428.6901935670624
2011-09-08,1404.5,1404.5,245.93403285767027,245.93403285767027,1428.7041451838973,1428.7041451838973
2011-09-09,1404.5,1404.5,245.80549817500454,245.80549817500454,1428.7163068372556,1428.7163068372556
2011-09-10,1404.5,1404.5,245.66873685917304,245.66873685917304,1428.7815126485805,1428.7815126485805
2011-09-11,1404.5,1404.5,245.54425863475208,245.54425863475208,1428.8043978101934,1428.8043978101934
2011-09-12,1404.5,1404.5,245.42681123226967,245.42681123226967,1428.8317276602713,1428.8317276602713
2011-09-13,1404.5,1404.5,245.36610961770864,245.36610961770864,1428.626758053529,1428.626758053529
2011-09-14,1404.5,1404.5,245.25987007828394,245.25987007828394,1428.6817602736912,1428.6817602736912
2011-09-15,1404.5,1404.5,245.16579839599137,245.16579839599137,1428.7306533717879,1428.7306533717879
2011-09-16,1404.5,1404.5,245.06898657473252,245.06898657473252,1428.736306067179,1428.736306067179
2011-09-17,1404.5,1404.5,244.9732531526583,244.9732531526583,1428.7416681840816,1428.7416681840816
2011-09-18,1404.5,1404.5,244.8792093797037,244.8792093797037,1428.7459842183978,1428.7459842183978
2011-09-19,1404.5,1404.5,244.787987786376,244.787987786376,1428.750149151866,1428.750149151866
2011-09-20,1404.5,1404.5,244.69780695405353,244.69780695405353,1428.7590795725139,1428.7590795725139
2011-09-21,1404.5,1404.5,244.6086253021193,244.6086253021193,1428.7644416894166,1428.7644416894166
2011-09-22,1404.5,1404.5,244.52048152230486,244.52048152230486,1428.7652707820157,1428.7652707820157
2011-09-23,1404.5,1404.5,244.44294148341208,244.44294148341208,1428.7931608674955,1428.7931608674955
2011-09-24,1404.5,1404.5,244.35175834409685,244.35175834409685,1428.8467342410631,1428.8467342410631
2011-09-25,1404.5,1404.5,244.27016405112218,244.27016405112218,1428.8440763918024,1428.8440763918024
2011-09-26,1404.5,1404.5,244.20748949020157,244.20748949020157,1428.8799608724737,1428.8799608724737
2011-09-27,1404.5,1404.5,244.13410867048376,244.13410867048376,1428.8790464941428,1428.8790464941428
2011-09-28,1404.5,1404.5,244.0633508553911,244.0633508553911,1428.8725530089218,1428.8725530089218
2011-09-29,1404.5,1404.5,243.99710912410006,243.99710912410006,1428.8640312859577,1428.8640312859577
2011-09-30,1404.5,1404.5,243.97754646380181,243.97754646380181,1428.5707658558601,1428.5707658558601
2011-10-01,1404.5,1404.5,243.91475401458976,243.91475401458976,1428.5593906520924,1428.5593906520924
2011-10-02,1404.5,1404.5,243.85188409694598,243.85188409694598,1428.5501076134974,1428.5501076134974
2011-10-03,1404.5,1404.5,243.78974288871584,243.78974288871584,1428.5383837156292,1428.5383837156292
2011-10-04,1404.5,1404.5,243.72832435288223,243.72832435288223,1428.525265041074,1428.525265041074
2011-10-05,1404.5,1404.5,243.73857744132224,243.73857744132224,1428.7882364861564,1428.7882364861564
2011-10-06,1404.5,1404.5,243.76236023091062,243.76236023091062,1429.0443097173068,1429.0443097173068
2011-10-07,1404.5,1404.5,243.7229109267675,243.7229109267675,1429.0730343440716,1429.0730343440716
2011-10-08,1404.5,1404.5,243.6633513290024,243.6633513290024,1429.1351019077797,1429.1351019077797
2011-10-09,1404.5,1404.5,243.6146043303929,243.6146043303929,1429.1589448161403,1429.1589448161403
2011-10-10,1404.5,1404.5,243.5705717281898,243.5705717281898,1429.2724021282743,1429.2724021282743
2011-10-11,1404.5,1404.5,243.5341012958917,243.5341012958917,1429.4228273631911,1429.4228273631911
2011-10-12,1404.5,1404.5,243.486720106873,243.486720106873,1429.5363527781194,1429.5363527781194
2011-10-13,1404.5,1404.5,243.43928124578701,243.43928124578701,1429.6311045393072,1429.6311045393072
2011-10-14,1404.5,1404.5,243.39289592975132,243.39289592975132,1429.7313666911703,1429.7313666911703
2011-10-15,1404.5,1404.5,243.34579652471027,243.34579652471027,1429.795665077594,1429.795665077594
2011-10-16,1404.5,1404.5,243.29667427805992,243.29667427805992,1429.8328127650784,1429.8328127650784
2011-10-17,1404.5,1404.5,243.25037062597946,243.25037062597946,1429.8462255250163,1429.8462255250163
2011-10-18,1404.5,1404.5,243.20832063965508,243.20832063965508,1429.849364179662,1429.849364179662
2011-10-19,1404.5,1404.5,243.16989353690283,243.16989353690283,1429.8521430282306,1429.8521430282306
2011-10-20,1404.5,1404.5,243.1299160311663,243.1299160311663,1429.8543668975165,1429.8543668975165
2011-10-21,1404.5,1404.5,243.09052452833498,243.09052452833498,1429.8565459443444,1429.8565459443444
2011-10-22,1404.5,1404.5,243.04853669471146,243.04853669471146,1429.9133830954052,1429.9133830954052
2011-10-23,1404.5,1404.5,243.01910076501568,243.01910076501568,1429.913805616733,1429.913805616733
2011-10-24,1404.5,1404.5,242.9958849707202,242.9958849707202,1429.913618690054,1429.913618690054
2011-10-25,1404.5,1404.5,242.97425781711698,242.97425781711698,1429.9125263856974,1429.9125263856974
2011-10-26,1404.5,1404.5,242.9518198252431,242.9518198252431,1429.910162421182,1429.910162421182
2011-10-27,1404.5,1404.5,242.9281014157378,242.9281014157378,1429.906458489477,1429.906458489477
2011-10-28,1404.5,1404.5,242.90532902635883,242.90532902635883,1429.9020571692863,1429.9020571692863
2011-10-29,1404.5,1404.5,242.884209213284,242.884209213284,1429.8973071549951,1429.8973071549951
2011-10-30,1404.5,1404.5,242.86321910462303,242.86321910462303,1429.8923569227413,1429.8923569227413
2011-10-31,1404.5,1404.5,242.84316639335054,242.84316639335054,1429.8872582142071,1429.8872582142071
2011-11-01,1404.5,1404.5,242.8251230365628,242.8251230365628,1429.8818108115724,1429.8818108115724
2011-11-02,1404.5,1404.5,242.8172721899703,242.8172721899703,1429.7966441464778,1429.7966441464778
2011-11-03,1404.5,1404.5,242.8256496040077,242.8256496040077,1429.5999571094997,1429.5999571094997
2011-11-04,1404.5,1404.5,242.88411476563735,242.88411476563735,1429.313871656564,1429.313871656564
2011-11-05,1404.5,1404.5,243.00963219658757,243.00963219658757,1428.5617048176923,1428.5617048176923
2011-11-06,1404.5,1404.5,243.2688103767191,243.2688103767191,1426.8116389600043,1426.8116389600043
2011-11-07,1404.5,1404.5,243.7945187391678,243.7945187391678,1423.1023404786597,1423.1023404786597
2011-11-08,1404.5,1404.5,243.7634193565485,243.7634193565485,1423.1303791602115,1423.1303791602115
2011-11-09,1404.5,1404.5,243.73404324627342,243.73404324627342,1423.160889041911,1423.160889041911
2011-11-10,1404.5,1404.5,243.70714823597834,243.70714823597834,1423.2197032718814,1423.2197032718814
2011-11-11,1404.5,1404.5,243.6853945274496,243.6853945274496,1423.3248337077582,1423.3248337077582
2011-11-12,1404.5,1404.5,243.69023092396162,243.69023092396162,1423.5010391354651,1423.5010391354651
2011-11-13,1404.5,1404.5,243.6724191479314,243.6724191479314,1423.5855845909725,1423.5855845909725
2011-11-14,1404.5,1404.5,243.64253641205863,243.64253641205863,1423.641037052948,1423.641037052948
2011-11-15,1404.5,1404.5,243.61096859110907,243.61096859110907,1423.712349306682,1423.712349306682
2011-11-16,1404.5,1404.5,243.58131669765615,243.58131669765615,1423.7707090629135,1423.7707090629135
2011-11-17,1404.5,1404.5,243.54895535030263,243.54895535030263,1423.8401833719233,1423.8401833719233
2011-11-18,1404.5,1404.5,243.51560451722017,243.51560451722017,1423.922523293852,1423.922523293852
2011-11-19,1404.5,1404.5,243.4874992491852,243.4874992491852,1423.9666339663297,1423.9666339663297
2011-11-20,1404.5,1404.5,243.46258530771857,243.46258530771857,1424.0188315954135,1424.0188315954135
2011-11-21,1404.5,1404.5,243.43420012279952,243.43420012279952,1424.0691110785958,1424.0691110785958
2011-11-22,1404.5,1404.5,243.40243950918594,243.40243950918594,1424.1014589050194,1424.1014589050194
2011-11-23,1404.5,1404.5,243.37231920216897,243.37231920216897,1424.136012265022,1424.136012265022
2011-11-24,1404.5,1404.5,243.3451100523084,243.3451100523084,1424.1875571452756,1424.1875571452756
2011-11-25,1404.5,1404.5,243.3160395987119,243.3160395987119,1424.2570314542854,1424.2570314542854
2011-11-26,1404.5,1404.5,243.28614329050131,243.28614329050131,1424.2886441028495,1424.2886441028495
2011-11-27,1404.5,1404.5,243.2536857857741,243.2536857857741,1424.3362903124898,1424.3362903124898
2011-11-28,1404.5,1404.5,243.2206937444228,243.2206937444228,1424.4700926854923,1424.4700926854923
2011-11-29,1404.5,1404.5,243.18742807301211,243.18742807301211,1424.5866183784185,1424.5866183784185
2011-11-30,1404.5,1404.5,243.15799208196344,243.15799208196344,1424.6822226913002,1424.6822226913002
2011-12-01,1404.5,1404.5,243.127522491457,243.127522491457,1424.7791325019923,1424.7791325019923
2011-12-02,1404.5,1404.5,243.09568028062859,243.09568028062859,1424.8364763760933,1424.8364763760933
2011-12-03,1404.5,1404.5,243.0631563723136,243.0631563723136,1424.8739704476843,1424.8739704476843
2011-12-04,1404.5,1404.5,243.0266655977358,243.0266655977358,1424.9235949541844,1424.9235949541844
2011-12-05,1404.5,1404.5,242.9909574501198,242.9909574501198,1424.9629269704997,1424.9629269704997
2011-12-06,1404.5,1404.5,242.95550483277566,242.95550483277566,1424.999790211943,1424.999790211943
2011-12-07,1404.5,1404.5,242.92107225029693,242.92107225029693,1425.0387546392533,1425.0387546392533
2011-12-08,1404.5,1404.5,242.88801784871814,242.88801784871814,1425.0774095803592,1425.0774095803592
2011-12-09,1404.5,1404.5,242.85772631538956,242.85772631538956,1425.1285044425786,1425.1285044425786
2011-12-10,1404.5,1404.5,242.83171641274674,242.83171641274674,1425.1814372495219,1425.1814372495219
2011-12-11,1404.5,1404.5,242.80310524377842,242.80310524377842,1425.2391487126276,1425.2391487126276
2011-12-12,1404.5,1404.5,242.77367750694572,242.77367750694572,1425.2961249978741,1425.2961249978741
2011-12-13,1404.5,1404.5,242.74513165398375,242.74513165398375,1425.345092587411,1425.345092587411
2011-12-14,1404.5,1404.5,242.7149321598997,242.7149321598997,1425.380748714278,1425.380748714278
2011-12-15,1404.5,1404.5,242.68534178753973,242.68534178753973,1425.4197131415883,1425.4197131415883
2011-12-16,1404.5,1404.5,242.6577919254526,242.6577919254526,1425.461985869342,1425.461985869342
2011-12-17,1404.5,1404.5,242.6351611840793,242.6351611840793,1425.5025771741646,1425.5025771741646
2011-12-18,1404.5,1404.5,242.60798359632625,242.60798359632625,1425.5470554354972,1425.5470554354972
2011-12-19,1404.5,1404.5,242.57771781893044,242.57771781893044,1425.5907985189701,1425.5907985189701
2011-12-20,1404.5,1404.5,242.5481413753264,242.5481413753264,1425.6296301399652,1425.6296301399652
2011-12-21,1404.5,1404.5,242.51934517081392,242.51934517081392,1425.665653855837,1425.665653855837
2011-12-22,1404.5,1404.5,242.49468028382586,242.49468028382586,1425.7027803384233,1425.7027803384233
2011-12-23,1404.5,1404.5,242.47159170988854,242.47159170988854,1425.7449534614404,1425.7449534614404
2011-12-24,1404.5,1404.5,242.45184482537925,242.45184482537925,1425.7809771773125,1425.7809771773125
2011-12-25,1404.5,1404.5,242.43067676580264,242.43067676580264,1425.8181036598987,1425.8181036598987
2011-12-26,1404.5,1404.5,242.41196423608403,242.41196423608403,1425.8543455575957,1425.8543455575957
2011-12-27,1404.5,1404.5,242.39391098583863,242.39391098583863,1425.8995589967878,1425.8995589967878
2011-12-28,1404.5,1404.5,242.37481395383386,242.37481395383386,1425.9697684836574,1425.9697684836574
2011-12-29,1404.5,1404.5,242.3566014758963,242.3566014758963,1426.0469621604184,1426.0469621604184
2011-12-30,1404.5,1404.5,242.33887919872282,242.33887919872282,1426.148784296002,1426.148784296002
2011-12-31,1404.5,1404.5,242.32044212349766,242.32044212349766,1426.206128170103,1426.206128170103
2012-01-01,1404.5,1404.5,242.30256115616035,242.30256115616035,1426.2575906213272,1426.2575906213272
2012-01-02,1404.5,1404.5,242.28491663801762,242.28491663801762,1426.2884680920317,1426.2884680920317
2012-01-03,1404.5,1404.5,242.39248571238653,242.39248571238653,1425.4887812216098,1425.4887812216098
2012-01-04,1404.5,1404.5,242.62139882639923,242.62139882639923,1423.8449292230782,1423.8449292230782
2012-01-05,1404.5,1404.5,243.10117306661908,243.10117306661908,1420.49804341478,1420.49804341478
2012-01-06,1404.5,1404.5,244.0797995894594,244.0797995894594,1413.4067204238818,1413.4067204238818
2012-01-07,1404.5,1404.5,246.05941710472413,246.05941710472413,1397.6708968407715,1397.6708968407715
2012-01-08,1404.5,1404.5,247.48084509553559,247.48084509553559,1377.8801687763714,1377.8801687763714
2012-01-09,1404.5,1404.5,247.04176515288972,247.04176515288972,1377.8801687763714,1377.8801687763714
2012-01-10,1404.5,1404.5,246.56406660953232,246.56406660953232,1377.943139708249,1377.943139708249
2012-01-11,1404.5,1404.5,246.0718262813215,246.0718262813215,1378.0061106401267,1378.0061106401267
2012-01-12,1404.5,1404.5,245.57873455767447,245.57873455767447,1378.0596359320296,1378.0596359320296
2012-01-13,1404.5,1404.5,245.0863777544479,245.0863777544479,1378.113819618038,1378.113819618038
2012-01-14,1404.5,1404.5,244.59209506009702,244.59209506009702,1378.169863747422,1378.169863747422
2012-01-15,1404.5,1404.5,244.34914093131474,244.34914093131474,1378.2259078768059,1378.2259078768059
2012-01-16,1404.5,1404.5,244.32678365945821,244.32678365945821,1378.2785390186118,1378.2785390186118
2012-01-17,1404.5,1404.5,244.3034650279896,244.3034650279896,1378.329500414882,1378.329500414882
2012-01-18,1404.5,1404.5,244.28088624076688,244.28088624076688,1378.381389016557,1378.381389016557
2012-01-19,1404.5,1404.5,244.25511353160658,244.25511353160658,1378.4336548898482,1378.4336548898482
2012-01-20,1404.5,1404.5,244.23141365705706,244.23141365705706,1378.4997743681265,1378.4997743681265
2012-01-21,1404.5,1404.5,244.47114495431796,244.47114495431796,1379.7883494688397,1379.7883494688397
2012-01-22,1404.5,1404.5,244.78413664977285,244.78413664977285,1381.0293809621012,1381.0293809621012
2012-01-23,1404.5,1404.5,244.39964215255355,244.39964215255355,1381.1219482317426,1381.1219482317426
2012-01-24,1404.5,1404.5,244.41552132886997,244.41552132886997,1381.2107094225992,1381.2107094225992
2012-01-25,1404.5,1404.5,244.36874795651684,244.36874795651684,1381.2856448314178,1381.2856448314178
2012-01-26,1404.5,1404.5,244.35163594365707,244.35163594365707,1381.3700258799536,1381.3700258799536
2012-01-27,1404.5,1404.5,244.35078669441384,244.35078669441384,1381.5123401859198,1381.5123401859198
2012-01-28,1404.5,1404.5,244.34464404860756,244.34464404860756,1381.6634704221688,1381.6634704221688
2012-01-29,1404.5,1404.5,244.33262171728595,244.33262171728595,1381.8026361814768,1381.8026361814768
2012-01-30,1404.5,1404.5,244.3242710728085,244.3242710728085,1381.9707685693713,1381.9707685693713
2012-01-31,1404.5,1404.5,244.31555077600055,244.31555077600055,1382.136349618882,1382.136349618882
2012-02-01,1404.5,1404.5,244.3095547580104,244.3095547580104,1382.265440029038,1382.265440029038
2012-02-02,1404.5,1404.5,244.29227652467424,244.29227652467424,1382.3768985783713,1382.3768985783713
2012-02-03,1404.5,1404.5,244.27048214808428,244.27048214808428,1382.472788841287,1382.472788841287
2012-02-04,1404.5,1404.5,244.24601075178256,244.24601075178256,1382.566728990827,1382.566728990827
2012-02-05,1404.5,1404.5,244.21895103867465,244.21895103867465,1382.6542585860211,1382.6542585860211
2012-02-06,1404.5,1404.5,244.19456366835914,244.19456366835914,1382.7436773092616,1382.7436773092616
2012-02-07,1404.5,1404.5,244.21572343539952,244.21572343539952,1382.8110164948944,1382.8110164948944
2012-02-08,1404.5,1404.5,244.23674078944677,244.23674078944677,1382.8966569620422,1382.8966569620422
2012-02-09,1404.5,1404.5,244.25400490879903,244.25400490879903,1382.9608873125317,1382.9608873125317
2012-02-10,1404.5,1404.5,244.27658015602486,244.27658015602486,1383.0528248729956,1383.0528248729956
2012-02-11,1404.5,1404.5,244.299903374938,244.299903374938,1383.1611348756708,1383.1611348756708
2012-02-12,1404.5,1404.5,244.32200414896488,244.32200414896488,1383.2675557502996,1383.2675557502996
2012-02-13,1404.5,1404.5,244.36813719574639,244.36813719574639,1383.3771251715864,1383.3771251715864
2012-02-14,1404.5,1404.5,244.41208949304985,244.41208949304985,1383.4797677903798,1383.4797677903798
2012-02-15,1404.5,1404.5,244.40993377926122,244.40993377926122,1383.550544848502,1383.550544848502
2012-02-16,1404.5,1404.5,244.40154209689078,244.40154209689078,1383.628572073464,1383.628572073464
2012-02-17,1404.5,1404.5,244.39939259646363,244.39939259646363,1383.7148422500463,1383.7148422500463
2012-02-18,1404.5,1404.5,244.400606847524,244.400606847524,1383.8043626479296,1383.8043626479296
2012-02-19,1404.5,1404.5,244.39962416896986,244.39962416896986,1383.8850086188036,1383.8850086188036
2012-02-20,1404.5,1404.5,244.39813154525018,244.39813154525018,1383.962392897311,1383.962392897311
2012-02-21,1404.5,1404.5,244.3974669630856,244.3974669630856,1384.0375263589592,1384.0375263589592
2012-02-22,1404.5,1404.5,244.39697958829007,244.39697958829007,1384.1138051475702,1384.1138051475702
2012-02-23,1404.5,1404.5,244.3998425651716,244.3998425651716,1384.2204849029074,1384.2204849029074
2012-02-24,1404.5,1404.5,244.40315604345585,244.40315604345585,1384.3475116440554,1384.3475116440554
2012-02-25,1404.5,1404.5,244.40913738535136,244.40913738535136,1384.5293646983332,1384.5293646983332
2012-02-26,1404.5,1404.5,244.40848495644647,244.40848495644647,1384.7051375593112,1384.7051375593112
2012-02-27,1404.5,1404.5,244.39848119375782,244.39848119375782,1384.7797581135296,1384.7797581135296
2012-02-28,1404.5,1404.5,244.39770692236868,244.39770692236868,1384.8411974459223,1384.8411974459223
2012-02-29,1404.5,1404.5,244.40497077643153,244.40497077643153,1384.913054275852,1384.913054275852
2012-03-01,1404.5,1404.5,244.42768643664036,244.42768643664036,1385.0003879613926,1385.0003879613926
2012-03-02,1404.5,1404.5,244.40715297572137,244.40715297572137,1385.0398549159816,1385.0398549159816
2012-03-03,1404.5,1404.5,244.39796403522698,244.39796403522698,1385.0790998000703,1385.0790998000703
2012-03-04,1404.5,1404.5,244.4034428547373,244.4034428547373,1385.1511031642,1385.1511031642
2012-03-05,1404.5,1404.5,244.40839021852597,244.40839021852597,1385.2738125198703,1385.2738125198703
2012-03-06,1404.5,1404.5,244.41018734397937,244.41018734397937,1385.4114459864297,1385.4114459864297
2012-03-07,1404.5,1404.5,244.40229901528738,244.40229901528738,1385.5172251404779,1385.5172251404779
2012-03-08,1404.5,1404.5,244.39653217721914,244.39653217721914,1385.5702792441036,1385.5702792441036
2012-03-09,1404.5,1404.5,244.39798773786046,244.39798773786046,1385.6421360740333,1385.6421360740333
2012-03-10,1404.5,1404.5,244.40175997768623,244.40175997768623,1385.7554487673926,1385.7554487673926
2012-03-11,1404.5,1404.5,244.40534436907762,244.40534436907762,1385.9091118345111,1385.9091118345111
2012-03-12,1404.5,1404.5,244.4054704594386,244.4054704594386,1386.0688550949296,1386.0688550949296
2012-03-13,1404.5,1404.5,244.40214873140613,244.40214873140613,1386.208942359689,1386.208942359689
2012-03-14,1404.5,1404.5,244.40377237479126,244.40377237479126,1386.3126538265592,1386.3126538265592
2012-03-15,1404.5,1404.5,244.41766618465525,244.41766618465525,1386.433704947837,1386.433704947837
2012-03-16,1404.5,1404.5,244.40991462068143,244.40991462068143,1386.5489815874814,1386.5489815874814
2012-03-17,1404.5,1404.5,244.56693789947474,244.56693789947474,1387.040371755337,1387.040371755337
2012-03-18,1404.5,1404.5,244.57879602853473,244.57879602853473,1387.2968453638334,1387.2968453638334
2012-03-19,1404.5,1404.5,244.43954775433176,244.43954775433176,1387.4466392169927,1387.4466392169927
2012-03-20,1404.5,1404.5,244.4101816902738,244.4101816902738,1387.5991967944408,1387.5991967944408
2012-03-21,1404.5,1404.5,244.41167416664484,244.41167416664484,1387.753447618926,1387.753447618926
2012-03-22,1404.5,1404.5,244.4163650636959,244.4163650636959,1387.908768920663,1387.908768920663
2012-03-23,1404.5,1404.5,244.42129010406092,244.42129010406092,1388.0812253126296,1388.0812253126296
2012-03-24,1404.5,1404.5,244.41589169875454,244.41589169875454,1388.2509179803076,1388.2509179803076
2012-03-25,1404.5,1404.5,244.42156056765356,244.42156056765356,1388.4232803570408,1388.4232803570408
2012-03-26,1404.5,1404.5,244.43673837934935,244.43673837934935,1388.6304170304334,1388.6304170304334
2012-03-27,1404.5,1404.5,244.42582519678515,244.42582519678515,1388.8078481260297,1388.8078481260297
2012-03-28,1404.5,1404.5,244.43566691137087,244.43566691137087,1389.0067250731852,1389.0067250731852
2012-03-29,1404.5,1404.5,244.42909143951775,244.42909143951775,1389.204573687989,1389.204573687989
2012-03-30,1404.5,1404.5,244.4252193910664,244.4252193910664,1389.4013508531557,1389.4013508531557
2012-03-31,1404.5,1404.5,244.43110434617898,244.43110434617898,1389.624107025915,1389.624107025915
2012-04-01,1404.5,1404.5,244.51137533943142,244.51137533943142,1390.0608965231038,1390.0608965231038
2012-04-02,1404.5,1404.5,244.4684257809244,244.4684257809244,1390.2897495270101,1390.2897495270101
2012-04-03,1404.5,1404.5,244.42892012798563,244.42892012798563,1390.4998850006054,1390.4998850006054
2012-04-04,1404.5,1404.5,244.35262221665832,244.35262221665832,1390.7090222059364,1390.7090222059364
2012-04-05,1404.5,1404.5,244.31160594867853,244.31160594867853,1390.9171611430033,1390.9171611430033
2012-04-06,1404.5,1404.5,244.23481386778636,244.23481386778636,1391.1120578999667,1391.1120578999667
2012-04-07,1404.5,1404.5,244.18982159721025,244.18982159721025,1391.2986206294481,1391.2986206294481
2012-04-08,1404.5,1404.5,244.10353587713465,244.10353587713465,1391.4897890058194,1391.4897890058194
2012-04-09,1404.5,1404.5,244.07298814912684,244.07298814912684,1391.7652051750201,1391.7652051750201
2012-04-10,1404.5,1404.5,243.99365729623952,243.99365729623952,1392.0966302450636,1392.0966302450636
2012-04-11,1404.5,1404.5,243.97299855265575,243.97299855265575,1392.3476342173244,1392.3476342173244
2012-04-12,1404.5,1404.5,243.92361103950049,243.92361103950049,1392.6610904584081,1392.6610904584081
2012-04-13,1404.5,1404.5,243.96826154894129,243.96826154894129,1392.8671572326155,1392.8671572326155
2012-04-14,1404.5,1404.5,243.95794258015263,243.95794258015263,1393.078790108709,1393.078790108709
2012-04-15,1404.5,1404.5,243.9419492058605,243.9419492058605,1393.2774454971639,1393.2774454971639
2012-04-16,1404.5,1404.5,243.8914606046018,243.8914606046018,1393.4810922269398,1393.4810922269398
2012-04-17,1404.5,1404.5,243.88118408115923,243.88118408115923,1393.7178103749934,1393.7178103749934
2012-04-18,1404.5,1404.5,243.8698687241894,243.8698687241894,1394.043215584756,1394.043215584756
2012-04-19,1404.5,1404.5,243.8561992471741,243.8561992471741,1394.4790050663914,1394.4790050663914
2012-04-20,1404.5,1404.5,243.84231740352433,243.84231740352433,1394.9754998472342,1394.9754998472342
2012-04-21,1404.5,1404.5,243.85437592136157,243.85437592136157,1395.6235952797792,1395.6235952797792
2012-04-22,1404.5,1404.5,243.9104416305191,243.9104416305191,1396.561983336228,1396.561983336228
2012-04-23,1404.5,1404.5,243.97163931232862,243.97163931232862,1397.499767889544,1397.499767889544
2012-04-24,1404.5,1404.5,244.01811712252638,244.01811712252638,1398.483931691234,1398.483931691234
2012-04-25,1404.5,1404.5,244.06089682354832,244.06089682354832,1399.4505761236444,1399.4505761236444
2012-04-26,1404.5,1404.5,244.166070058754,244.166070058754,1400.5077796811154,1400.5077796811154
2012-04-27,1404.5,1404.5,244.22828214995212,244.22828214995212,1401.4297974893404,1401.4297974893404
2012-04-28,1404.5,1404.5,244.2132042901444,244.2132042901444,1402.048082081228,1402.048082081228
2012-04-29,1404.5,1404.5,244.1956113412761,244.1956113412761,1402.6853138590202,1402.6853138590202
2012-04-30,1404.5,1404.5,244.19659369407898,244.19659369407898,1403.4037395193516,1403.4037395193516
2012-05-01,1404.5,1404.5,244.26463437068466,244.26463437068466,1403.6471451614743,1403.6471451614743
2012-05-02,1404.5,1404.5,244.4008824630718,244.4008824630718,1403.3569929797766,1403.3569929797766
2012-05-03,1404.5,1404.5,244.66566530436344,244.66566530436344,1402.0059627055207,1402.0059627055207
2012-05-04,1404.5,1404.5,245.18769483583853,245.18769483583853,1398.4083195482954,1398.4083195482954
2012-05-05,1404.5,1404.5,246.2250095864446,246.2250095864446,1389.8245914399497,1389.8245914399497
2012-05-06,1404.5,1404.5,247.35684986404095,247.35684986404095,1377.8801687763714,1377.8801687763714
2012-05-07,1404.5,1404.5,247.03040478378642,247.03040478378642,1377.8801687763714,1377.8801687763714
2012-05-08,1404.5,1404.5,247.12457758785484,247.12457758785484,1379.0188926340127,1379.0188926340127
2012-05-09,1404.5,1404.5,247.27416181698098,247.27416181698098,1380.1222319985022,1380.1222319985022
2012-05-10,1404.5,1404.5,247.40861950834386,247.40861950834386,1381.1647573241942,1381.1647573241942
2012-05-11,1404.5,1404.5,247.50612438266472,247.50612438266472,1382.1202032691815,1382.1202032691815
2012-05-12,1404.5,1404.5,247.58966984470524,247.58966984470524,1382.996979499886,1382.996979499886
2012-05-13,1404.5,1404.5,247.64592171213621,247.64592171213621,1383.746273387249,1383.746273387249
2012-05-14,1404.5,1404.5,247.68533501135084,247.68533501135084,1384.3753966551628,1384.3753966551628
2012-05-15,1404.5,1404.5,247.70851674672684,247.70851674672684,1384.9733984982888,1384.9733984982888
2012-05-16,1404.5,1404.5,247.71388023242562,247.71388023242562,1385.5040335502333,1385.5040335502333
2012-05-17,1404.5,1404.5,247.70594686262754,247.70594686262754,1386.020623696037,1386.020623696037
2012-05-18,1404.5,1404.5,247.70970638007518,247.70970638007518,1386.5347817646111,1386.5347817646111
2012-05-19,1404.5,1404.5,247.69873131735997,247.69873131735997,1386.9836105793668,1386.9836105793668
2012-05-20,1404.5,1404.5,247.67987135768885,247.67987135768885,1387.4015764560963,1387.4015764560963
2012-05-21,1404.5,1404.5,247.66154976056708,247.66154976056708,1387.817793325011,1387.817793325011
2012-05-22,1404.5,1404.5,247.6329096230225,247.6329096230225,1388.2216283852333,1388.2216283852333
2012-05-23,1404.5,1404.5,247.59494740217988,247.59494740217988,1388.5906055076298,1388.5906055076298
2012-05-24,1404.5,1404.5,247.55161935984373,247.55161935984373,1388.9342296340296,1388.9342296340296
2012-05-25,1404.5,1404.5,247.4998679813129,247.4998679813129,1389.2288426369446,1389.2288426369446
2012-05-26,1404.5,1404.5,247.4419799439321,247.4419799439321,1389.5105680937222,1389.5105680937222
2012-05-27,1404.5,1404.5,247.37986169527596,247.37986169527596,1389.7727756599704,1389.7727756599704
2012-05-28,1404.5,1404.5,247.3151951866045,247.3151951866045,1390.0187099227694,1390.0187099227694
2012-05-29,1404.5,1404.5,247.25282806918463,247.25282806918463,1390.2557986401105,1390.2557986401105
2012-05-30,1404.5,1404.5,247.18148944515187,247.18148944515187,1390.4730144999935,1390.4730144999935
2012-05-31,1404.5,1404.5,247.1026509402309,247.1026509402309,1390.6761240384717,1390.6761240384717
2012-06-01,1404.5,1404.5,247.02115621022875,247.02115621022875,1390.8745718690202,1390.8745718690202
2012-06-02,1404.5,1404.5,246.95486349554463,246.95486349554463,1391.0052812508975,1391.0052812508975
2012-06-03,1404.5,1404.5,246.87956334995246,246.87956334995246,1391.1962427134326,1391.1962427134326
2012-06-04,1404.5,1404.5,246.8061297405375,246.8061297405375,1391.2917658608922,1391.2917658608922
2012-06-05,1404.5,1404.5,246.76937552634575,246.76937552634575,1391.4646548003582,1391.4646548003582
2012-06-06,1404.5,1404.5,246.70302651026967,246.70302651026967,1391.6248191467607,1391.6248191467607
2012-06-07,1404.5,1404.5,246.60991861684408,246.60991861684408,1391.702847188812,1391.702847188812
2012-06-08,1404.5,1404.5,246.50884529436672,246.50884529436672,1391.772415360994,1391.772415360994
2012-06-09,1404.5,1404.5,246.41448866867592,246.41448866867592,1391.8337717176641,1391.8337717176641
2012-06-10,1404.5,1404.5,246.3128420362703,246.3128420362703,1391.8813096213141,1391.8813096213141
2012-06-11,1404.5,1404.5,246.20561044593006,246.20561044593006,1391.9229262814858,1391.9229262814858
2012-06-12,1404.5,1404.5,246.09113599891586,246.09113599891586,1391.9530628563132,1391.9530628563132
2012-06-13,1404.5,1404.5,245.97017813362973,245.97017813362973,1391.9707210777358,1391.9707210777358
2012-06-14,1404.5,1404.5,245.84988076657203,245.84988076657203,1391.9808922868708,1391.9808922868708
2012-06-15,1404.5,1404.5,245.73679678886816,245.73679678886816,1391.9790842766313,1391.9790842766313
2012-06-16,1404.5,1404.5,245.6178888356911,245.6178888356911,1391.9697057628532,1391.9697057628532
2012-06-17,1404.5,1404.5,245.48727367027266,245.48727367027266,1392.0316486123113,1392.0316486123113
2012-06-18,1404.5,1404.5,245.35858439546348,245.35858439546348,1392.0043847608242,1392.0043847608242
2012-06-19,1404.5,1404.5,245.224394087894,245.224394087894,1391.9694995848422,1391.9694995848422
2012-06-20,1404.5,1404.5,245.09048204706943,245.09048204706943,1391.9297573799504,1391.9297573799504
2012-06-21,1404.5,1404.5,244.95901399089723,244.95901399089723,1391.8857675938848,1391.8857675938848
2012-06-22,1404.5,1404.5,244.8279349597276,244.8279349597276,1391.8382667267722,1391.8382667267722
2012-06-23,1404.5,1404.5,244.69803266296518,244.69803266296518,1391.7883645707902,1391.7883645707902
2012-06-24,1404.5,1404.5,244.56576138191593,244.56576138191593,1391.7366431465239,1391.7366431465239
2012-06-25,1404.5,1404.5,244.43517678825623,244.43517678825623,1391.6832900073478,1391.6832900073478
2012-06-26,1404.5,1404.5,244.29913649175475,244.29913649175475,1391.6280567961483,1391.6280567961483
2012-06-27,1404.5,1404.5,244.1693216281138,244.1693216281138,1391.5713440303568,1391.5713440303568
2012-06-28,1404.5,1404.5,244.03745267887874,244.03745267887874,1391.512135593803,1391.512135593803
2012-06-29,1404.5,1404.5,243.90177303659885,243.90177303659885,1391.4524280232188,1391.4524280232188
2012-06-30,1404.5,1404.5,243.77135196045924,243.77135196045924,1391.3902247818721,1391.3902247818721
2012-07-01,1404.5,1404.5,243.62743370197936,243.62743370197936,1391.4056979402735,1391.4056979402735
2012-07-02,1404.5,1404.5,243.49819592022462,243.49819592022462,1391.3609643938566,1391.3609643938566
2012-07-03,1404.5,1404.5,243.3703208941417,243.3703208941417,1391.3152325791757,1391.3152325791757
2012-07-04,1404.5,1404.5,243.2402211202832,243.2402211202832,1391.2690016304646,1391.2690016304646
2012-07-05,1404.5,1404.5,243.11149187492302,243.11149187492302,1391.2222415897868,1391.2222415897868
2012-07-06,1404.5,1404.5,242.98976063066982,242.98976063066982,1391.1750123728114,1391.1750123728114
2012-07-07,1404.5,1404.5,242.86420593846532,242.86420593846532,1391.1270344544848,1391.1270344544848
2012-07-08,1404.5,1404.5,242.73997900266926,242.73997900266926,1391.078530957302,1391.078530957302
2012-07-09,1404.5,1404.5,242.61347153316925,242.61347153316925,1391.028806069564,1391.028806069564
2012-07-10,1404.5,1404.5,242.48596486066276,242.48596486066276,1390.978082913562,1390.978082913562
2012-07-11,1404.5,1404.5,242.35508317351253,242.35508317351253,1390.9264198922053,1390.9264198922053
2012-07-12,1404.5,1404.5,242.2255820413356,242.2255820413356,1390.8731931613504,1390.8731931613504
2012-07-13,1404.5,1404.5,242.0902615777974,242.0902615777974,1390.8184769320874,1390.8184769320874
2012-07-14,1404.5,1404.5,241.9560614026301,241.9560614026301,1390.761764166296,1390.761764166296
2012-07-15,1404.5,1404.5,241.81462028257948,241.81462028257948,1390.78307851149,1390.78307851149
2012-07-16,1404.5,1404.5,241.68324575824076,241.68324575824076,1390.723620508023,1390.723620508023
2012-07-17,1404.5,1404.5,241.55326683292668,241.55326683292668,1390.6630896149304,1390.6630896149304
2012-07-18,1404.5,1404.5,241.42874293137297,241.42874293137297,1390.601135940701,1390.601135940701
2012-07-19,1404.5,1404.5,241.3021333986135,241.3021333986135,1390.5379344310902,1390.5379344310902
2012-07-20,1404.5,1404.5,241.1774520167857,241.1774520167857,1390.4980264335027,1390.4980264335027
2012-07-21,1404.5,1404.5,241.0493544718692,241.0493544718692,1390.4324956311393,1390.4324956311393
2012-07-22,1404.5,1404.5,240.92262867951897,240.92262867951897,1390.3676751313412,1390.3676751313412
2012-07-23,1404.5,1404.5,240.78835022757747,240.78835022757747,1390.3059526787338,1390.3059526787338
2012-07-24,1404.5,1404.5,240.6422605857458,240.6422605857458,1390.2377960307917,1390.2377960307917
2012-07-25,1404.5,1404.5,240.49332376758773,240.49332376758773,1390.1686049113916,1390.1686049113916
2012-07-26,1404.5,1404.5,240.34597762473194,240.34597762473194,1390.0964189871988,1390.0964189871988
2012-07-27,1404.5,1404.5,240.2002073723594,240.2002073723594,1390.023234794742,1390.023234794742
2012-07-28,1404.5,1404.5,240.0527502612902,240.0527502612902,1389.9490523340207,1389.9490523340207
2012-07-29,1404.5,1404.5,239.89726600122094,239.89726600122094,1389.9537878631713,1389.9537878631713
2012-07-30,1404.5,1404.5,239.7533912258436,239.7533912258436,1389.8757566369836,1389.8757566369836
2012-07-31,1404.5,1404.5,239.61106062365351,239.61106062365351,1389.7908427061923,1389.7908427061923
2012-08-01,1404.5,1404.5,239.47025895632945,239.47025895632945,1389.7059287754012,1389.7059287754012
2012-08-02,1404.5,1404.5,239.3324857820573,239.3324857820573,1389.6387026797877,1389.6387026797877
2012-08-03,1404.5,1404.5,239.19783471295216,239.19783471295216,1389.5703710945038,1389.5703710945038
2012-08-04,1404.5,1404.5,239.06068387630762,239.06068387630762,1389.5006181651643,1389.5006181651643
2012-08-05,1404.5,1404.5,238.9251579315289,238.9251579315289,1389.4552433754582,1389.4552433754582
2012-08-06,1404.5,1404.5,238.784311019718,238.784311019718,1389.3823055830262,1389.3823055830262
2012-08-07,1404.5,1404.5,238.64499373458136,238.64499373458136,1389.3086307974054,1389.3086307974054
2012-08-08,1404.5,1404.5,238.507190650077,238.507190650077,1389.2336662738735,1389.2336662738735
2012-08-09,1404.5,1404.5,238.36633979313154,238.36633979313154,1389.1722543083117,1389.1722543083117
2012-08-10,1404.5,1404.5,238.22688856027918,238.22688856027918,1389.1058573298947,1389.1058573298947
2012-08-11,1404.5,1404.5,238.08996742105492,238.08996742105492,1389.0281290820737,1389.0281290820737
2012-08-12,1404.5,1404.5,237.94493340421107,237.94493340421107,1389.0377943131514,1389.0377943131514
2012-08-13,1404.5,1404.5,237.8141563899554,237.8141563899554,1388.9741610590231,1388.9741610590231
2012-08-14,1404.5,1404.5,237.68474370874077,237.68474370874077,1388.9021945413504,1388.9021945413504
2012-08-15,1404.5,1404.5,237.55832649714426,237.55832649714426,1388.8681331365258,1388.8681331365258
2012-08-16,1404.5,1404.5,237.4321452677872,237.4321452677872,1388.8389462604532,1388.8389462604532
2012-08-17,1404.5,1404.5,237.3069491953834,237.3069491953834,1388.757901543621,1388.757901543621
2012-08-18,1404.5,1404.5,237.17517636036155,237.17517636036155,1388.7295241712113,1388.7295241712113
2012-08-19,1404.5,1404.5,237.04330921132527,237.04330921132527,1388.675909539009,1388.675909539009
2012-08-20,1404.5,1404.5,236.9127249374729,236.9127249374729,1388.6172774424028,1388.6172774424028
2012-08-21,1404.5,1404.5,236.78437459971332,236.78437459971332,1388.5345744909523,1388.5345744909523
2012-08-22,1404.5,1404.5,236.66084162813686,236.66084162813686,1388.4955383824981,1388.4955383824981
2012-08-23,1404.5,1404.5,236.53905650748973,236.53905650748973,1388.4120063138514,1388.4120063138514
2012-08-24,1404.5,1404.5,236.42055404410647,236.42055404410647,1388.3281978727305,1388.3281978727305
2012-08-25,1404.5,1404.5,236.303364309263,236.303364309263,1388.2438960498282,1388.2438960498282
2012-08-26,1404.5,1404.5,236.17786846916601,236.17786846916601,1388.2475264325208,1388.2475264325208
2012-08-27,1404.5,1404.5,236.06770829399335,236.06770829399335,1388.1626125017294,1388.1626125017294
2012-08-28,1404.5,1404.5,235.9587776320733,235.9587776320733,1388.0773142971457,1388.0773142971457
2012-08-29,1404.5,1404.5,235.84669096555086,235.84669096555086,1387.9918476216321,1387.9918476216321
2012-08-30,1404.5,1404.5,235.73585321506255,235.73585321506255,1387.9063809461186,1387.9063809461186
2012-08-31,1404.5,1404.5,235.62661039170305,235.62661039170305,1387.8209142706053,1387.8209142706053
2012-09-01,1404.5,1404.5,235.5178123542828,235.5178123542828,1387.7354362122658,1387.7354362122658
2012-09-02,1404.5,1404.5,235.40989927339817,235.40989927339817,1387.6589682228635,1387.6589682228635
2012-09-03,1404.5,1404.5,235.30319024923764,235.30319024923764,1387.582345464713,1387.582345464713
2012-09-04,1404.5,1404.5,235.19963991822962,235.19963991822962,1387.5051699618402,1387.5051699618402
2012-09-05,1404.5,1404.5,235.09725000282288,235.09725000282288,1387.4274417140193,1387.4274417140193
2012-09-06,1404.5,1404.5,235.00276021377323,235.00276021377323,1387.3859225528947,1387.3859225528947
2012-09-07,1404.5,1404.5,234.91399485099376,234.91399485099376,1387.3070888154034,1387.3070888154034
2012-09-08,1404.5,1404.5,234.8257312923811,234.8257312923811,1387.2282550779123,1387.2282550779123
2012-09-09,1404.5,1404.5,234.73495985113308,234.73495985113308,1387.2370989955011,1387.2370989955011
2012-09-10,1404.5,1404.5,234.64729317935138,234.64729317935138,1387.1577125132876,1387.1577125132876
2012-09-11,1404.5,1404.5,234.55679641662903,234.55679641662903,1387.077773286126,1387.077773286126
2012-09-12,1404.5,1404.5,234.46734346505713,234.46734346505713,1386.9978340589644,1386.9978340589644
2012-09-13,1404.5,1404.5,234.37961763566318,234.37961763566318,1386.9178948318026,1386.9178948318026
2012-09-14,1404.5,1404.5,234.29657976018973,234.29657976018973,1386.8379556046411,1386.8379556046411
2012-09-15,1404.5,1404.5,234.2204347012818,234.2204347012818,1386.7574636327572,1386.7574636327572
2012-09-16,1404.5,1404.5,234.1451899066351,234.1451899066351,1386.6766516828882,1386.6766516828882
2012-09-17,1404.5,1404.5,234.06484988747957,234.06484988747957,1386.595054221334,1386.595054221334
2012-09-18,1404.5,1404.5,233.98545208365277,233.98545208365277,1386.5129040148317,1386.5129040148317
2012-09-19,1404.5,1404.5,233.9069870673096,233.9069870673096,1386.4302010633812,1386.4302010633812
2012-09-20,1404.5,1404.5,233.82944550469935,233.82944550469935,1386.3474981119307,1386.3474981119307
2012-09-21,1404.5,1404.5,233.75281815552626,233.75281815552626,1386.264242415758,1386.264242415758
2012-09-22,1404.5,1404.5,233.68524859333766,233.68524859333766,1386.180433974637,1386.180433974637
2012-09-23,1404.5,1404.5,233.6078204796718,233.6078204796718,1386.1892778922258,1386.1892778922258
2012-09-24,1404.5,1404.5,233.54570134157237,233.54570134157237,1386.1043639614347,1386.1043639614347
2012-09-25,1404.5,1404.5,233.4843421690064,233.4843421690064,1386.0188972859212,1386.0188972859212
2012-09-26,1404.5,1404.5,233.42077969046784,233.42077969046784,1385.9334306104076,1385.9334306104076
2012-09-27,1404.5,1404.5,233.35799159744573,233.35799159744573,1385.847963934894,1385.847963934894
2012-09-28,1404.5,1404.5,233.29597013808834,233.29597013808834,1385.7624972593808,1385.7624972593808
2012-09-29,1404.5,1404.5,233.23827220200724,233.23827220200724,1385.6770305838672,1385.6770305838672
2012-09-30,1404.5,1404.5,233.18128998354987,233.18128998354987,1385.591184356865,1385.591184356865
