node,MID Northside,MID Northside,MID Main,MID Main,Merced River Outflow,Merced River Outflow
IFRs,Baseline,natural_flow,Baseline,natural_flow,Baseline,natural_flow
Date,,,,,,
1990-10-01,0.07632926309283228,0.07632926309283228,10.0,10.0,0.0,0.0
1990-10-02,0.07632926309283228,0.07632926309283228,10.0,10.0,0.0,0.0
1990-10-03,0.0689186550185159,0.0689186550185159,10.0,10.0,0.0,0.0
1990-10-04,0.07114183744599778,0.07114183744599778,10.0,10.0,0.0,0.0
1990-10-05,0.06854812462258053,0.06854812462258053,10.0,10.0,0.0,0.0
1990-10-06,0.06410175976761678,0.06410175976761678,10.0,10.0,0.0,0.0
1990-10-07,0.06447229018948875,0.06447229018948875,10.0,10.0,0.0,0.0
1990-10-08,0.07077130705006418,0.07077130705006418,10.0,10.0,0.0,0.0
1990-10-09,0.0674365334088396,0.0674365334088396,10.0,10.0,0.0,0.0
1990-10-10,0.06669547259103403,0.06669547259103403,10.0,10.0,0.0,0.0
1990-10-11,0.06410175976761678,0.06410175976761678,10.0,10.0,0.0,0.0
1990-10-12,0.061508046944199535,0.06150804694419988,6.877643070129167,6.877643070129167,0.0,0.0
1990-10-13,0.047057361217439427,0.047057361217439427,0.03545332646189087,0.03545332646189087,0.0,0.0
1990-10-14,0.046316300425570084,0.046316300425570084,0.036128728772625116,0.036128728772625116,0.0,0.0
1990-10-15,0.044834178815894285,0.044834178815894285,0.03754162176573651,0.03754162176573651,0.0,0.0
1990-10-16,0.04557523960776363,0.04557523960776363,0.036732738539697975,0.036732738539697975,0.0,0.0
1990-10-17,0.045945770003698296,0.045945770003698296,0.04069555976234581,0.04069555976234581,0.0,0.0
1990-10-18,0.04001728356499509,0.04001728356499509,0.05054337305724911,0.05054337305724911,0.0,0.0
1990-10-19,0.04001728356499509,0.04001728356499509,0.049929048595547004,0.049929048595547004,0.0,0.0
1990-10-20,0.0444636483940225,0.0444636483940225,0.0377933715353766,0.0377933715353766,0.0,0.0
1990-10-21,0.04742789163931123,0.04742789163931123,0.034672200601082476,0.034672200601082476,0.0,0.0
1990-10-22,0.03964675316906043,0.03964675316906043,0.046357855370059674,0.046357855370059674,0.0,0.0
1990-10-23,0.04001728356499509,0.04001728356499509,0.04201247520240621,0.04201247520240621,0.0,0.0
1990-10-24,0.038164631533447506,0.038164631533447506,0.04381751798827919,0.04381751798827919,0.0,0.0
1990-10-25,0.03779410113751284,0.03779410113751284,0.044131898018172265,0.044131898018172265,0.0,0.0
1990-10-26,0.045204709211828974,0.045204709211828974,0.03665908581398323,0.03665908581398323,0.0,0.0
1990-10-27,0.04038781396092977,0.04038781396092977,0.041416876918877125,0.041416876918877125,0.0,0.0
1990-10-28,0.0370530403456435,0.0370530403456435,0.04469799977529929,0.04469799977529929,0.0,0.0
1990-10-29,0.03742357074157816,0.03742357074157816,0.04428218799242764,0.04428218799242764,0.0,0.0
1990-10-30,0.03557091871003057,0.03557091871003057,0.06614912872855663,0.06614912872855663,0.0,0.0
1990-10-31,0.0073488529988167345,0.0073488529988167345,0.22768690721474777,0.22768690721474777,0.0,0.0
1990-11-01,0.006484282058542328,0.006484282058542328,0.32002150509889693,0.32002150509889693,0.0,0.0
1990-11-02,0.006484282058542328,0.006484282058542328,0.09864346227848966,0.09864346227848966,0.0,0.0
1990-11-03,0.007040077662819179,0.007040077662819179,0.07844521334506692,0.07844521334506692,0.0,0.0
1990-11-04,0.009263260082520305,0.009263260082520305,0.0829422521314399,0.0829422521314399,0.0,0.0
1990-11-05,0.009263260082520305,0.009263260082520305,0.0875628735869238,0.0875628735869238,0.0,0.0
1990-11-06,0.008892729681398212,0.008892729681398212,0.08377019323336449,0.08377019323336449,0.0,0.0
1990-11-07,0.007781138470250793,0.007781138470250793,0.07413606991177951,0.07413606991177951,0.0,0.0
1990-11-08,0.007781138470250793,0.007781138470250793,0.07726579891325051,0.07726579891325051,0.0,0.0
1990-11-09,0.007781138470250793,0.007781138470250793,0.08257216179624441,0.08257216179624441,0.0,0.0
1990-11-10,0.007781138470250793,0.007781138470250793,0.07793907839990771,0.07793907839990771,0.0,0.0
1990-11-11,0.007781138470250793,0.007781138470250793,0.0719698229495968,0.0719698229495968,0.0,0.0
1990-11-12,0.007781138470250793,0.007781138470250793,0.07250939737613062,0.07250939737613062,0.0,0.0
1990-11-13,0.007781138470250793,0.007781138470250793,0.07182601235353452,0.07182601235353452,0.0,0.0
1990-11-14,0.0073488529988167345,0.0073488529988167345,0.07223096618906016,0.07223096618906016,0.0,0.0
1990-11-15,0.01469770600022718,0.01469770600022718,0.06485742935335141,0.06485742935335141,0.0,0.0
1990-11-16,0.009510280353393318,0.009510280353393318,0.07002270608996608,0.07002270608996608,0.0,0.0
1990-11-17,0.009510280353393318,0.009510280353393318,0.07000081012144199,0.07000081012144199,0.0,0.0
1990-11-18,0.006051996587108269,0.006051996587108269,0.10375138220055033,0.10375138220055033,0.0,0.0
1990-11-19,0.006051996587108269,0.006051996587108269,0.36808305488949344,0.36808305488949344,0.0,0.0
1990-11-20,0.005619711118267921,0.005619711118267921,0.11939970217758908,0.11939970217758908,0.0,0.0
1990-11-21,0.005619711118267921,0.005619711118267921,0.07950083198855928,0.07950083198855928,0.0,0.0
1990-11-22,0.005619711118267921,0.005619711118267921,0.07642655926187848,0.07642655926187848,0.0,0.0
1990-11-23,0.005187425646833862,0.005187425646833862,0.09167887390532194,0.09167887390532194,0.0,0.0
1990-11-24,0.005187425646833862,0.005187425646833862,0.4444600285169251,0.4444600285169251,0.0,0.0
1990-11-25,0.005557956050549668,0.005557956050549668,0.5640061216611196,0.5640061216611196,0.0,0.0
1990-11-26,0.005557956050549668,0.005557956050549668,0.18015965794466482,0.18015965794466482,0.0,0.0
1990-11-27,0.0044463648394022495,0.0044463648394022495,0.07598105736095474,0.07598105736095474,0.0,0.0
1990-11-28,0.0044463648394022495,0.0044463648394022495,0.07593169552078215,0.07593169552078215,0.0,0.0
1990-11-29,0.0014821216122695123,0.0014821216122695123,0.07905606916920098,0.07905606916920098,0.0,0.0
1990-11-30,0.0011115912111474189,0.0011115912111474189,0.08007490339416339,0.08007490339416339,0.0,0.0
1990-12-01,0.0011115912111474189,0.0011115912111474189,0.11488201443936438,0.11488201443936438,0.0,0.0
1990-12-02,0.0011115912111474189,0.0011115912111474189,0.10725574433028039,0.10725574433028039,0.0,0.0
1990-12-03,0.0011115912111474189,0.0011115912111474189,0.10523000236713079,0.10523000236713079,0.0,0.0
1990-12-04,0.0007410608074316124,0.0007410608074316124,0.10981315015930039,0.10981315015930039,0.0,0.0
1990-12-05,0.0007410608074316124,0.0007410608074316124,0.12261953962990879,0.12261953962990879,0.0,0.0
1990-12-06,0.0007410608074316124,0.0007410608074316124,0.1227397365512869,0.1227397365512869,0.0,0.0
1990-12-07,0.0007410608074316124,0.0007410608074316124,0.12653808070875638,0.12653808070875638,0.0,0.0
1990-12-08,0.0007410608074316124,0.0007410608074316124,0.1193954942947626,0.1193954942947626,0.0,0.0
1990-12-09,0.0007410608074316124,0.0007410608074316124,0.1256321346137777,0.1256321346137777,0.0,0.0
1990-12-10,0.0007410608074316124,0.0007410608074316124,0.1404305630759866,0.1404305630759866,0.0,0.0
1990-12-11,0.0007410608074316124,0.0007410608074316124,0.11841407453404489,0.11841407453404489,0.0,0.0
1990-12-12,0.0007410608074316124,0.0007410608074316124,0.10858371961020659,0.10858371961020659,0.0,0.0
1990-12-13,0.0018526520159853187,0.0018526520159853187,0.10449697501380538,0.10449697501380538,0.0,0.0
1990-12-14,0.0022231824197011247,0.0022231824197011247,0.10760869010020868,0.10760869010020868,0.0,0.0
1990-12-15,0.0022231824197011247,0.0022231824197011247,0.3697273649657009,0.3697273649657009,0.0,0.0
1990-12-16,0.0022231824197011247,0.0022231824197011247,0.20204299075936769,0.20204299075936769,0.0,0.0
1990-12-17,0.0022231824197011247,0.0022231824197011247,0.13869611609137317,0.13869611609137317,0.0,0.0
1990-12-18,0.0008645709402744061,0.0008645709402744061,0.3912168280680128,0.3912168280680128,0.0,0.0
1990-12-19,0.0008645709402744061,0.0008645709402744061,0.47182963491988705,0.47182963491988705,0.0,0.0
1990-12-20,0.0008645709402744061,0.0008645709402744061,0.1574242384616564,0.1574242384616564,0.0,0.0
1990-12-21,0.0008645709402744061,0.0008645709402744061,0.1050044107935791,0.1050044107935791,0.0,0.0
1990-12-22,0.0008645709402744061,0.0008645709402744061,0.1041297100412246,0.1041297100412246,0.0,0.0
1990-12-23,0.0008645709402744061,0.0008645709402744061,0.1041147296568524,0.1041147296568524,0.0,0.0
1990-12-24,0.0008645709402744061,0.0008645709402744061,0.1715794848140334,0.1715794848140334,0.0,0.0
1990-12-25,0.0005187425646833863,0.0005187425646833863,0.1770358041981953,0.1770358041981953,0.0,0.0
1990-12-26,0.0005187425646833863,0.0005187425646833863,0.1417229752388778,0.1417229752388778,0.0,0.0
1990-12-27,0.003025998294850991,0.003025998294850991,0.13371879172429302,0.13371879172429302,0.0,0.0
1990-12-28,0.003025998294850991,0.003025998294850991,0.13625020954359152,0.13625020954359152,0.0,0.0
1990-12-29,0.003112455388100317,0.003112455388100317,0.11469552555709898,0.11469552555709898,0.0,0.0
1990-12-30,0.003112455388100317,0.003112455388100317,0.11817239405942098,0.11817239405942098,0.0,0.0
1990-12-31,0.003112455388100317,0.003112455388100317,0.1513272602349051,0.1513272602349051,0.0,0.0
1991-01-01,0.0034582837636913367,0.0034582837636913367,0.20923356164141005,0.20923356164141005,0.0,0.0
1991-01-02,0.003025998294850991,0.003025998294850991,0.48223660064869167,0.48223660064869167,0.0,0.0
1991-01-03,0.003025998294850991,0.003025998294850991,0.5705233667994214,0.5705233667994214,0.0,0.0
1991-01-04,0.0036311979527837036,0.0036311979527837036,0.18103864452981908,0.18103864452981908,0.0,0.0
1991-01-05,0.0034582837636913367,0.0034582837636913367,0.11316557279722736,0.11316557279722736,0.0,0.0
1991-01-06,0.0034582837636913367,0.0034582837636913367,0.12850636487198355,0.12850636487198355,0.0,0.0
1991-01-07,0.0034582837636913367,0.0034582837636913367,0.13435959586282897,0.13435959586282897,0.0,0.0
1991-01-08,0.0034582837636913367,0.0034582837636913367,0.10763629046452136,0.10763629046452136,0.0,0.0
1991-01-09,0.002593712823416931,0.002593712823416931,0.11068699674678407,0.11068699674678407,0.0,0.0
1991-01-10,0.0021614273519828717,0.0021614273519828717,0.12077482079202033,0.12077482079202033,0.0,0.0
1991-01-11,0.0021614273519828717,0.0021614273519828717,0.19304269014968012,0.19304269014968012,0.0,0.0
1991-01-12,0.0021614273519828717,0.0021614273519828717,0.24272358176830092,0.24272358176830092,0.0,0.0
1991-01-13,0.0021614273519828717,0.0021614273519828717,0.22504943514290351,0.22504943514290351,0.0,0.0
1991-01-14,0.0021614273519828717,0.0021614273519828717,0.23273941807873752,0.23273941807873752,0.0,0.0
1991-01-15,0.0021614273519828717,0.0021614273519828717,0.2182615847277452,0.2182615847277452,0.0,0.0
1991-01-16,0.0021614273519828717,0.0021614273519828717,0.2401282145939596,0.2401282145939596,0.0,0.0
1991-01-17,0.0021614273519828717,0.0021614273519828717,0.2625597064587467,0.2625597064587467,0.0,0.0
1991-01-18,0.0021614273519828717,0.0021614273519828717,0.282196306361837,0.282196306361837,0.0,0.0
1991-01-19,0.0021614273519828717,0.0021614273519828717,0.1542027801887876,0.1542027801887876,0.0,0.0
1991-01-20,0.0021614273519828717,0.0021614273519828717,0.1478801396073612,0.1478801396073612,0.0,0.0
1991-01-21,0.0021614273519828717,0.0021614273519828717,0.12619667719388622,0.12619667719388622,0.0,0.0
1991-01-22,0.0018526520159853187,0.0018526520159853187,0.1293045339041282,0.1293045339041282,0.0,0.0
1991-01-23,0.0018526520159853187,0.0018526520159853187,0.1690565945923645,0.1690565945923645,0.0,0.0
1991-01-24,0.0021614273519828717,0.0021614273519828717,0.15243502260382963,0.15243502260382963,0.0,0.0
1991-01-25,0.0021614273519828717,0.0021614273519828717,0.16502873236435753,0.16502873236435753,0.0,0.0
1991-01-26,0.0021614273519828717,0.0021614273519828717,0.18152735024316363,0.18152735024316363,0.0,0.0
1991-01-27,0.0021614273519828717,0.0021614273519828717,0.1546396537664576,0.1546396537664576,0.0,0.0
1991-01-28,0.0021614273519828717,0.0021614273519828717,0.11340413715831053,0.11340413715831053,0.0,0.0
1991-01-29,0.0021614273519828717,0.0021614273519828717,0.16636993405805822,0.16636993405805822,0.0,0.0
1991-01-30,0.002593712823416931,0.002593712823416931,0.22741487118496487,0.22741487118496487,0.0,0.0
1991-01-31,0.002593712823416931,0.002593712823416931,0.18821846226418407,0.18821846226418407,0.0,0.0
1991-02-01,0.002593712823416931,0.002593712823416931,0.3165171828441284,0.3165171828441284,0.0,0.0
1991-02-02,0.002593712823416931,0.002593712823416931,0.20989127524928144,0.20989127524928144,0.0,0.0
1991-02-03,0.002593712823416931,0.002593712823416931,0.8138611870496458,0.8138611870496458,0.0,0.0
1991-02-04,0.002593712823416931,0.002593712823416931,1.4622880878391495,1.4622880878391495,0.0,0.0
1991-02-05,0.002593712823416931,0.002593712823416931,0.6090044823442377,0.6090044823442377,0.0,0.0
1991-02-06,0.002593712823416931,0.002593712823416931,0.17701087509360205,0.17701087509360205,0.0,0.0
1991-02-07,0.002593712823416931,0.002593712823416931,0.20374724139666625,0.20374724139666625,0.0,0.0
1991-02-08,0.002593712823416931,0.002593712823416931,0.22800635965501465,0.22800635965501465,0.0,0.0
1991-02-09,0.002593712823416931,0.002593712823416931,0.21951009273402225,0.21951009273402225,0.0,0.0
1991-02-10,0.002593712823416931,0.002593712823416931,0.22228582639711775,0.22228582639711775,0.0,0.0
1991-02-11,0.002593712823416931,0.002593712823416931,0.22675753702454385,0.22675753702454385,0.0,0.0
1991-02-12,0.002593712823416931,0.002593712823416931,0.24011040473933645,0.24011040473933645,0.0,0.0
1991-02-13,0.002593712823416931,0.002593712823416931,0.27305114512851947,0.27305114512851947,0.0,0.0
1991-02-14,0.002593712823416931,0.002593712823416931,0.4057491997904304,0.4057491997904304,0.0,0.0
1991-02-15,0.002593712823416931,0.002593712823416931,0.4844687295685144,0.4844687295685144,0.0,0.0
1991-02-16,0.0038905692351253966,0.0038905692351253966,0.28047414945540994,0.28047414945540994,0.0,0.0
1991-02-17,0.0038905692351253966,0.0038905692351253966,0.1276356533680665,0.1276356533680665,0.0,0.0
1991-02-18,0.0038905692351253966,0.0038905692351253966,0.12043471870330989,0.12043471870330989,0.0,0.0
1991-02-19,0.0038905692351253966,0.0038905692351253966,0.149285600402859,0.149285600402859,0.0,0.0
1991-02-20,0.0038905692351253966,0.0038905692351253966,0.27036504337640793,0.27036504337640793,0.0,0.0
1991-02-21,0.0038905692351253966,0.0038905692351253966,0.2942550029658601,0.2942550029658601,0.0,0.0
1991-02-22,0.0038905692351253966,0.0038905692351253966,0.235515517052419,0.235515517052419,0.0,0.0
1991-02-23,0.0021614273519828717,0.0021614273519828717,0.22039199665291812,0.22039199665291812,0.0,0.0
1991-02-24,0.0021614273519828717,0.0021614273519828717,0.2829737907086277,0.2829737907086277,0.0,0.0
1991-02-25,0.0021614273519828717,0.0021614273519828717,0.3127129920119888,0.3127129920119888,0.0,0.0
1991-02-26,0.0021614273519828717,0.0021614273519828717,1.1389175469624417,1.1389175469624417,0.0,0.0
1991-02-27,0.0021614273519828717,0.0021614273519828717,4.895556884196184,4.895556884196184,0.0,0.0
1991-02-28,0.0029642432271327376,0.0029642432271327376,6.340771481212913,6.340771481212913,0.0,0.0
1991-03-01,0.0029642432271327376,0.0029642432271327376,5.155446996033445,5.155446996033445,0.0,0.0
1991-03-02,0.002593712823416931,0.002593712823416931,8.431878070716893,8.431878070716893,0.0,0.0
1991-03-03,0.002593712823416931,0.002593712823416931,10.0,10.0,0.0,0.0
1991-03-04,0.002593712823416931,0.002593712823416931,7.941100973023513,7.941100973023513,0.0,0.0
1991-03-05,0.0029642432271327376,0.0029642432271327376,0.6977278112299374,0.6977278112299374,0.0,0.0
1991-03-06,0.0170443985527711,0.0170443985527711,0.12708494953734992,0.12708494953734992,0.0,0.0
1991-03-07,0.01963811137618803,0.01963811137618803,0.17253439399139106,0.17253439399139106,0.0,0.0
1991-03-08,0.019267580975065937,0.019267580975065937,0.2785587861594029,0.2785587861594029,0.0,0.0
1991-03-09,0.018897050571350132,0.018897050571350132,0.9141353030197858,0.9141353030197858,0.0,0.0
1991-03-10,0.018897050571350132,0.018897050571350132,1.0934780649715614,1.0934780649715614,0.0,0.0
1991-03-11,0.020008641779903837,0.020008641779903837,0.78677315718732,0.78677315718732,0.0,0.0
1991-03-12,0.02037917218361964,0.02037917218361964,1.603011643563572,1.603011643563572,0.0,0.0
1991-03-13,0.02334341541075238,0.02334341541075238,1.107377906202828,1.107377906202828,0.0,0.0
1991-03-14,0.023713945814468188,0.023713945814468188,0.7167212542343723,0.7167212542343723,0.0,0.0
1991-03-15,0.02334341541075238,0.02334341541075238,0.31390974325195575,0.31390974325195575,0.0,0.0
1991-03-16,0.02704871944791044,0.02704871944791044,1.3177752920903867,1.3177752920903867,0.0,0.0
1991-03-17,0.02741924984384511,0.02741924984384511,6.111623834845941,6.111623834845941,0.0,0.0
1991-03-18,0.02223182419960496,0.02223182419960496,5.393091543836909,5.393091543836909,0.0,0.0
1991-03-19,0.018897050571350132,0.018897050571350132,2.6519256602755394,2.6519256602755394,0.0,0.0
1991-03-20,0.018526520167634324,0.018526520167634324,1.2173371087133873,1.2173371087133873,0.0,0.0
1991-03-21,0.02223182419960496,0.02223182419960496,0.764844983946382,0.764844983946382,0.0,0.0
1991-03-22,0.02853084105758624,0.02853084105758624,0.9768011814853752,0.9768011814853752,0.0,0.0
1991-03-23,0.03408879710035477,0.03408879710035477,3.2591705782682463,3.2591705782682463,0.0,0.0
1991-03-24,0.03779410113751284,0.03779410113751284,7.226689364902953,7.226689364902953,0.0,0.0
1991-03-25,0.038164631533447506,0.038164631533447506,5.5154899138801206,5.5154899138801206,0.0,0.0
1991-03-26,0.04409311799808782,0.04409311799808782,3.028558637716548,3.028558637716548,0.0,0.0
1991-03-27,0.04261099638841203,0.04261099638841203,2.763227138565544,2.763227138565544,0.0,0.0
1991-03-28,0.040758344356864436,0.040758344356864436,2.7722582649716427,2.7722582649716427,0.0,0.0
1991-03-29,0.038164631533447506,0.038164631533447506,2.935270591591209,2.935270591591209,0.0,0.0
1991-03-30,0.0414994051746709,0.0414994051746709,3.3780299529642757,3.3780299529642757,0.0,0.0
1991-03-31,0.0414994051746709,0.0414994051746709,3.7903165776025682,3.7903165776025682,0.0,0.0
1991-04-01,0.08688937958446719,0.08688937958446719,3.841418091886367,3.841418091886367,0.0,0.0
1991-04-02,0.06873338982054866,0.06873338982054866,3.7744483620938403,3.7744483620938403,0.0,0.0
1991-04-03,0.06873338982054866,0.06873338982054866,4.226484751029123,4.226484751029123,0.0,0.0
1991-04-04,0.07392081546738254,0.07392081546738254,4.683432121717822,4.683432121717822,0.0,0.0
1991-04-05,0.07521767187909101,0.07521767187909101,4.941307304587817,4.941307304587817,0.0,0.0
1991-04-06,0.07262395905567408,0.07262395905567408,4.873254298117712,4.873254298117712,0.0,0.0
1991-04-07,0.07262395905567408,0.07262395905567408,4.212634859328919,4.212634859328919,0.0,0.0
1991-04-08,0.07262395905567408,0.07262395905567408,4.382987756186868,4.382987756186868,0.0,0.0
1991-04-09,0.06484282058542327,0.06484282058542327,4.576544505020534,4.576544505020534,0.0,0.0
1991-04-10,0.07781138470250792,0.07781138470250792,4.392722482868541,4.392722482868541,0.0,0.0
1991-04-11,0.08040509752592487,0.08040509752592487,3.7981144302844942,3.7981144302844942,0.0,0.0
1991-04-12,0.09207680523130105,0.09207680523130105,3.53240856587105,3.53240856587105,0.0,0.0
1991-04-13,0.07651452829079947,0.07651452829079947,3.7381872701366055,3.7381872701366055,0.0,0.0
1991-04-14,0.07651452829079947,0.07651452829079947,3.7643547008101685,3.7643547008101685,0.0,0.0
1991-04-15,0.06484282058542327,0.06484282058542327,4.027315115879836,4.027315115879836,0.0,0.0
1991-04-16,0.06484282058542327,0.06484282058542327,2.81870862076477,2.81870862076477,0.0,0.0
1991-04-17,0.06484282058542327,0.06484282058542327,2.802244058652633,2.802244058652633,0.0,0.0
1991-04-18,0.06484282058542327,0.06484282058542327,3.012408476971911,3.012408476971911,0.0,0.0
1991-04-19,0.0829988103493418,0.0829988103493418,2.8157055757201372,2.8157055757201372,0.0,0.0
1991-04-20,0.0829988103493418,0.0829988103493418,2.7311373713507403,2.7311373713507403,0.0,0.0
1991-04-21,0.08429566676105026,0.08429566676105026,3.2746821964297177,3.2746821964297177,0.0,0.0
1991-04-22,0.0907799488195926,0.0907799488195926,3.047227196096203,3.047227196096203,0.0,0.0
1991-04-23,0.09207680523130105,0.09207680523130105,3.4246949396955833,3.4246949396955833,0.0,0.0
1991-04-24,0.10374851293667725,0.10374851293667725,2.755450424953791,2.755450424953791,0.0,0.0
1991-04-25,0.10374851293667725,0.10374851293667725,2.6495029622324187,2.6495029622324187,0.0,0.0
1991-04-26,0.10115480011326032,0.10115480011326032,2.6314575918650758,2.6314575918650758,0.0,0.0
1991-04-27,0.10374851293667725,0.10374851293667725,3.128640152370828,3.128640152370828,0.0,0.0
1991-04-28,0.10245165652496876,0.10245165652496876,3.851921853302101,3.851921853302101,0.0,0.0
1991-04-29,0.0972642308781349,0.0972642308781349,4.789849902349511,4.789849902349511,0.0,0.0
1991-04-30,0.07651452829079947,0.07651452829079947,4.021821650269277,4.021821650269277,0.0,0.0
1991-05-01,0.07781138470250792,0.07781138470250792,2.7434968533405186,2.7434968533405186,0.0,0.0
1991-05-02,0.06484282058542327,0.06484282058542327,2.496879379569781,2.496879379569781,0.0,0.0
1991-05-03,0.06484282058542327,0.06484282058542327,2.4757664265392645,2.4757664265392645,0.0,0.0
1991-05-04,0.06354596417371482,0.06354596417371482,2.8946721257215904,2.8946721257215904,0.0,0.0
1991-05-05,0.06354596417371482,0.06354596417371482,3.803279606370517,3.803279606370517,0.0,0.0
1991-05-06,0.06354596417371482,0.06354596417371482,4.9084574759551876,4.9084574759551876,0.0,0.0
1991-05-07,0.06484282058542327,0.06484282058542327,6.396838406799662,6.396838406799662,0.0,0.0
1991-05-08,0.07003024623225713,0.07003024623225713,4.7878021924806085,4.7878021924806085,0.0,0.0
1991-05-09,0.06873338982054866,0.06873338982054866,3.104704903950878,3.104704903950878,0.0,0.0
1991-05-10,0.07003024623225713,0.07003024623225713,2.828758206946775,2.828758206946775,0.0,0.0
1991-05-11,0.07132710264396559,0.07132710264396559,2.956354538170677,2.956354538170677,0.0,0.0
1991-05-12,0.0907799488195926,0.0907799488195926,3.1828468580695706,3.1828468580695706,0.0,0.0
1991-05-13,0.10374851293667725,0.10374851293667725,4.271302994227579,4.271302994227579,0.0,0.0
1991-05-14,0.1089359385835111,0.1089359385835111,3.004012572819996,3.004012572819996,0.0,0.0
1991-05-15,0.11152965140692804,0.11152965140692804,3.9089359663340884,3.9089359663340884,0.0,0.0
1991-05-16,0.12320135911230422,0.12320135911230422,4.988038440218124,4.988038440218124,0.0,0.0
1991-05-17,0.12320135911230422,0.12320135911230422,4.424117619212807,4.424117619212807,0.0,0.0
1991-05-18,0.11282650781863648,0.11282650781863648,3.187360430462087,3.187360430462087,0.0,0.0
1991-05-19,0.11282650781863648,0.11282650781863648,3.3692311790209764,3.3692311790209764,0.0,0.0
1991-05-20,0.11152965140692804,0.11152965140692804,3.610996644240253,3.610996644240253,0.0,0.0
1991-05-21,0.11282650781863648,0.11282650781863648,3.3712624752897753,3.3712624752897753,0.0,0.0
1991-05-22,0.14006049246451427,0.14006049246451427,4.0481403429650005,4.0481403429650005,0.0,0.0
1991-05-23,0.14006049246451427,0.14006049246451427,5.36749641887477,5.36749641887477,0.0,0.0
1991-05-24,0.14135734887622275,0.14135734887622275,6.849067391527711,6.849067391527711,0.0,0.0
1991-05-25,0.14135734887622275,0.14135734887622275,8.577445471262497,8.577445471262497,0.0,0.0
1991-05-26,0.14913848734647353,0.14913848734647353,9.455859877108368,9.455859877108368,0.0,0.0
1991-05-27,0.14654477452305661,0.14654477452305661,9.292269686642395,9.292269686642395,0.0,0.0
1991-05-28,0.14913848734647353,0.14913848734647353,9.701235659075795,9.701235659075795,0.0,0.0
1991-05-29,0.15173220016989047,0.15173220016989047,8.09788562139721,8.09788562139721,0.0,0.0
1991-05-30,0.14913848734647353,0.14913848734647353,7.383115057934186,7.383115057934186,0.0,0.0
1991-05-31,0.15173220016989047,0.15173220016989047,6.347529888128288,6.347529888128288,0.0,0.0
1991-06-01,0.15173220016989047,0.15173220016989047,6.588251790557747,6.588251790557747,0.0,0.0
1991-06-02,0.13357621040597195,0.13357621040597195,8.29145931218031,8.29145931218031,0.0,0.0
1991-06-03,0.14913848734647353,0.14913848734647353,10.0,10.0,0.0,0.0
1991-06-04,0.14524791811134816,0.14524791811134816,10.0,10.0,0.0,0.0
1991-06-05,0.14524791811134816,0.14524791811134816,10.0,10.0,0.0,0.0
1991-06-06,0.1582164822284328,0.1582164822284328,10.0,10.0,0.0,0.0
1991-06-07,0.15173220016989047,0.15173220016989047,10.0,10.0,0.0,0.0
1991-06-08,0.15173220016989047,0.15173220016989047,10.0,10.0,0.0,0.0
1991-06-09,0.15173220016989047,0.15173220016989047,10.0,10.0,0.0,0.0
1991-06-10,0.15173220016989047,0.15173220016989047,10.0,10.0,0.0,0.0
1991-06-11,0.15173220016989047,0.15173220016989047,10.0,10.0,0.0,0.0
1991-06-12,0.14913848734647353,0.14913848734647353,10.0,10.0,0.0,0.0
1991-06-13,0.1659976206986836,0.1659976206986836,10.0,10.0,0.0,0.0
1991-06-14,0.1647007642869751,0.1647007642869751,10.0,10.0,0.0,0.0
1991-06-15,0.16340390787526665,0.16340390787526665,10.0,10.0,0.0,0.0
1991-06-16,0.15562276940501585,0.15562276940501585,10.0,10.0,0.0,0.0
1991-06-17,0.15562276940501585,0.15562276940501585,10.0,10.0,0.0,0.0
1991-06-18,0.15691962581672436,0.15691962581672436,10.0,10.0,0.0,0.0
1991-06-19,0.15562276940501585,0.15562276940501585,9.983042046164885,9.983042046164885,0.0,0.0
1991-06-20,0.15562276940501585,0.15562276940501585,7.593649287345373,7.593649287345373,0.0,0.0
1991-06-21,0.1543259129933074,0.1543259129933074,6.800439042772377,6.800439042772377,0.0,0.0
1991-06-22,0.16340390787526665,0.16340390787526665,5.779195806073795,5.779195806073795,0.0,0.0
1991-06-23,0.1647007642869751,0.1647007642869751,5.3356129372782215,5.3356129372782215,0.0,0.0
1991-06-24,0.16210705146355817,0.16210705146355817,4.918973640717183,4.918973640717183,0.0,0.0
1991-06-25,0.16210705146355817,0.16210705146355817,4.5244556007011205,4.5244556007011205,0.0,0.0
1991-06-26,0.17118504634551746,0.17118504634551746,4.0898402912296525,4.0898402912296525,0.0,0.0
1991-06-27,0.17118504634551746,0.17118504634551746,4.329336014343949,4.329336014343949,0.0,0.0
1991-06-28,0.15951333864014125,0.15951333864014125,4.130054964932898,4.130054964932898,0.0,0.0
1991-06-29,0.15302905658159893,0.15302905658159893,3.5370227361279296,3.5370227361279296,0.0,0.0
1991-06-30,0.16340390787526665,0.16340390787526665,3.579283344977591,3.579283344977591,0.0,0.0
1991-07-01,0.16340390787526665,0.16340390787526665,2.887260798117292,2.887260798117292,0.0,0.0
1991-07-02,0.16340390787526665,0.16340390787526665,3.5479929819594958,3.5479929819594958,0.0,0.0
1991-07-03,0.16340390787526665,0.16340390787526665,3.9734208152170134,3.9734208152170134,0.0,0.0
1991-07-04,0.16340390787526665,0.16340390787526665,4.1039529465746645,4.1039529465746645,0.0,0.0
1991-07-05,0.16340390787526665,0.16340390787526665,3.9396654619115554,3.9396654619115554,0.0,0.0
1991-07-06,0.16340390787526665,0.16340390787526665,3.568938715036478,3.568938715036478,0.0,0.0
1991-07-07,0.15951333864014125,0.15951333864014125,3.0260819786881443,3.0260819786881443,0.0,0.0
1991-07-08,0.15691962581672436,0.15691962581672436,2.6142616190644485,2.6142616190644485,0.0,0.0
1991-07-09,0.16729447711039205,0.16729447711039205,2.113889059462256,2.113889059462256,0.0,0.0
1991-07-10,0.17248190275722594,0.17248190275722594,1.7988924888165916,1.7988924888165916,0.0,0.0
1991-07-11,0.1685913335221005,0.1685913335221005,1.8961739795403056,1.8961739795403056,0.0,0.0
1991-07-12,0.16340390787526665,0.16340390787526665,1.8702135891185083,1.8702135891185083,0.0,0.0
1991-07-13,0.16340390787526665,0.16340390787526665,1.7757546470913956,1.7757546470913956,0.0,0.0
1991-07-14,0.1543259129933074,0.1543259129933074,1.5894745107787749,1.5894745107787749,0.0,0.0
1991-07-15,0.15951333864014125,0.15951333864014125,1.4103140587235572,1.4103140587235572,0.0,0.0
1991-07-16,0.16340390787526665,0.16340390787526665,1.2664863116589062,1.2664863116589062,0.0,0.0
1991-07-17,0.16081019505184974,0.16081019505184974,1.1081481141485114,1.1081481141485114,0.0,0.0
1991-07-18,0.16340390787526665,0.16340390787526665,0.9053551125668191,0.9053551125668191,0.0,0.0
1991-07-19,0.1647007642869751,0.1647007642869751,0.7627594159185365,0.7627594159185365,0.0,0.0
1991-07-20,0.16081019505184974,0.16081019505184974,0.695589785723479,0.695589785723479,0.0,0.0
1991-07-21,0.169888189933809,0.169888189933809,0.6640292473363489,0.6640292473363489,0.0,0.0
1991-07-22,0.16729447711039205,0.16729447711039205,0.7422027865474852,0.7422027865474852,0.0,0.0
1991-07-23,0.16729447711039205,0.16729447711039205,0.7163268566948661,0.7163268566948661,0.0,0.0
1991-07-24,0.16729447711039205,0.16729447711039205,0.6743762827717704,0.6743762827717704,0.0,0.0
1991-07-25,0.1659976206986836,0.1659976206986836,0.5682212988476518,0.5682212988476518,0.0,0.0
1991-07-26,0.16729447711039205,0.16729447711039205,0.6104216906212084,0.6104216906212084,0.0,0.0
1991-07-27,0.16729447711039205,0.16729447711039205,0.6146634648329784,0.6146634648329784,0.0,0.0
1991-07-28,0.16340390787526665,0.16340390787526665,0.6061916540765977,0.6061916540765977,0.0,0.0
1991-07-29,0.1659976206986836,0.1659976206986836,0.379500678832858,0.379500678832858,0.0,0.0
1991-07-30,0.1647007642869751,0.1647007642869751,0.34553862467043317,0.34553862467043317,0.0,0.0
1991-07-31,0.1647007642869751,0.1647007642869751,0.3072984329879432,0.3072984329879432,0.0,0.0
1991-08-01,0.16729447711039205,0.16729447711039205,0.2930211611027962,0.2930211611027962,0.0,0.0
1991-08-02,0.15302905658159893,0.15302905658159893,0.28371471047330477,0.28371471047330477,0.0,0.0
1991-08-03,0.1543259129933074,0.1543259129933074,0.24711329789520858,0.24711329789520858,0.0,0.0
1991-08-04,0.15562276940501585,0.15562276940501585,0.18725393301585597,0.18725393301585597,0.0,0.0
1991-08-05,0.15302905658159893,0.15302905658159893,0.16136867112594827,0.16136867112594827,0.0,0.0
1991-08-06,0.1543259129933074,0.1543259129933074,0.12840514642371642,0.12840514642371642,0.0,0.0
1991-08-07,0.16081019505184974,0.16081019505184974,0.12114569015933824,0.12114569015933824,0.0,0.0
1991-08-08,0.1543259129933074,0.1543259129933074,0.15514666424262652,0.15514666424262652,0.0,0.0
1991-08-09,0.14654477452305661,0.14654477452305661,0.2107342103754912,0.2107342103754912,0.0,0.0
1991-08-10,0.14654477452305661,0.14654477452305661,0.2057675574733772,0.2057675574733772,0.0,0.0
1991-08-11,0.14654477452305661,0.14654477452305661,0.11035176121304277,0.11035176121304277,0.0,0.0
1991-08-12,0.1543259129933074,0.1543259129933074,0.12175376263015619,0.12175376263015619,0.0,0.0
1991-08-13,0.14524791811134816,0.14524791811134816,0.15664204331318735,0.15664204331318735,0.0,0.0
1991-08-14,0.15302905658159893,0.15302905658159893,0.14369358085649286,0.14369358085649286,0.0,0.0
1991-08-15,0.14524791811134816,0.14524791811134816,0.09736180355432225,0.09736180355432225,0.0,0.0
1991-08-16,0.14524791811134816,0.14524791811134816,0.057882273563942044,0.057882273563942044,0.0,0.0
1991-08-17,0.14006049246451427,0.14006049246451427,0.02835841626983482,0.02835841626983482,0.0,0.0
1991-08-18,0.13487306681768044,0.13487306681768044,0.030995225008622368,0.030995225008622368,0.0,0.0
1991-08-19,0.12190450270059575,0.12190450270059575,0.041674233734207866,0.041674233734207866,0.0,0.0
1991-08-20,0.12320135911230422,0.12320135911230422,0.03765082628274248,0.03765082628274248,0.0,0.0
1991-08-21,0.1089359385835111,0.1089359385835111,0.04228647570800291,0.04228647570800291,0.0,0.0
1991-08-22,0.1089359385835111,0.1089359385835111,0.029343870337292008,0.029343870337292008,0.0,0.0
1991-08-23,0.10504536934838571,0.10504536934838571,0.020997021595034304,0.020997021595034304,0.0,0.0
1991-08-24,0.10504536934838571,0.10504536934838571,0.010225098215148193,0.010225098215148193,0.0,0.0
1991-08-25,0.1062604072356577,0.1062604072356577,0.0,0.0,0.0,0.0
1991-08-26,0.0993054324320115,0.0993054324320115,0.0,0.0,0.0,0.0
1991-08-27,0.0942672020360279,0.0942672020360279,0.0,0.0,0.0,0.0
1991-08-28,0.0902861849720865,0.0902861849720865,0.0,0.0,0.0,0.0
1991-08-29,0.0862972913354408,0.0862972913354408,0.0,0.0,0.0,0.0
1991-08-30,0.0821420944177846,0.0821420944177846,0.0,0.0,0.0,0.0
1991-08-31,0.0783124545674294,0.0783124545674294,0.0,0.0,0.0,0.0
1991-09-01,0.10245165652496876,0.10245165652496876,0.003050744814519238,0.003050744814519238,0.0,0.0
1991-09-02,0.1013994010851517,0.1013994010851517,0.0,0.0,0.0,0.0
1991-09-03,0.097591979982854,0.097591979982854,0.0,0.0,0.0,0.0
1991-09-04,0.0943932402274717,0.0943932402274717,0.0,0.0,0.0,0.0
1991-09-05,0.09465384972512,0.09465384972512,0.0,0.0,0.0,0.0
1991-09-06,0.10374851293667725,0.10374851293667725,0.09006691139768755,0.09006691139768755,0.0,0.0
1991-09-07,0.0903008216991315,0.0903008216991315,0.0,0.0,0.0,0.0
1991-09-08,0.0885239340502104,0.0885239340502104,0.0,0.0,0.0,0.0
1991-09-09,0.1128744074344596,0.1128744074344596,0.0,0.0,0.0,0.0
1991-09-10,0.0902235757435704,0.0902235757435704,0.0,0.0,0.0,0.0
1991-09-11,0.0863543369589224,0.0863543369589224,0.0,0.0,0.0,0.0
1991-09-12,0.0842117911232969,0.0842117911232969,0.0,0.0,0.0,0.0
1991-09-13,0.0831415820414459,0.0831415820414459,0.0,0.0,0.0,0.0
1991-09-14,0.0824528462411758,0.0824528462411758,0.0,0.0,0.0,0.0
1991-09-15,0.07392081546738254,0.07392081546738254,0.007267863138601269,0.007267863138601269,0.0,0.0
1991-09-16,0.07392081546738254,0.07392081546738254,0.00622052780889687,0.00622052780889687,0.0,0.0
1991-09-17,0.07392081546738254,0.07392081546738254,0.005292624372061558,0.005292624372061558,0.0,0.0
1991-09-18,0.07392081546738254,0.07392081546738254,0.004501299067848269,0.004501299067848269,0.0,0.0
1991-09-19,0.07392081546738254,0.07392081546738254,0.003872416754649069,0.003872416754649069,0.0,0.0
1991-09-20,0.07392081546738254,0.07392081546738254,0.0034047410463610706,0.0034047410463610706,0.0,0.0
1991-09-21,0.0769881924630326,0.0769881924630326,0.0,0.0,0.0,0.0
1991-09-22,0.0766872460452505,0.0766872460452505,0.0,0.0,0.0,0.0
1991-09-23,0.0763921360852721,0.0763921360852721,0.0,0.0,0.0,0.0
1991-09-24,0.0761160397177794,0.0761160397177794,0.0,0.0,0.0,0.0
1991-09-25,0.0761849610889175,0.0761849610889175,0.0,0.0,0.0,0.0
1991-09-26,0.0756500675552773,0.0756500675552773,0.0,0.0,0.0,0.0
1991-09-27,0.07392081546738254,0.07392081546738254,0.0015260905840959599,0.0015260905840959599,0.0,0.0
1991-09-28,0.06743653340884022,0.06743653340884022,0.0078112600194464865,0.0078112600194464865,0.0,0.0
1991-09-29,0.06873338982054866,0.06873338982054866,0.006309459507793741,0.006309459507793741,0.0,0.0
1991-09-30,0.07003024623225713,0.07003024623225713,0.004793213967259569,0.004793213967259569,0.0,0.0
1991-10-01,0.042796261586379364,0.042796261586379364,0.04208903227235383,0.04208903227235383,0.0,0.0
1991-10-02,0.042796261586379364,0.042796261586379364,0.04187657874840224,0.04187657874840224,0.0,0.0
1991-10-03,0.042796261586379364,0.042796261586379364,0.04166907024811843,0.04166907024811843,0.0,0.0
1991-10-04,0.042796261586379364,0.042796261586379364,0.041464431154647236,0.041464431154647236,0.0,0.0
1991-10-05,0.042796261586379364,0.042796261586379364,0.04126764832131334,0.04126764832131334,0.0,0.0
1991-10-06,0.042796261586379364,0.042796261586379364,0.041087249938518935,0.041087249938518935,0.0,0.0
1991-10-07,0.0414994051746709,0.0414994051746709,0.042222038265361604,0.042222038265361604,0.0,0.0
1991-10-08,0.05576482570346402,0.05576482570346402,0.02780985171997568,0.02780985171997568,0.0,0.0
1991-10-09,0.05706168211517248,0.05706168211517248,0.026376587867865516,0.026376587867865516,0.0,0.0
1991-10-10,0.04668683082150476,0.04668683082150476,0.03660922191391184,0.03660922191391184,0.0,0.0
1991-10-11,0.0453899744097963,0.0453899744097963,0.0377593223113608,0.0377593223113608,0.0,0.0
1991-10-12,0.0453899744097963,0.0453899744097963,0.037626985711456,0.037626985711456,0.0,0.0
1991-10-13,0.0453899744097963,0.0453899744097963,0.0375033213700137,0.0375033213700137,0.0,0.0
1991-10-14,0.0453899744097963,0.0453899744097963,0.03737370399481409,0.03737370399481409,0.0,0.0
1991-10-15,0.03631197952783704,0.03631197952783704,0.04631793314844746,0.04631793314844746,0.0,0.0
1991-10-16,0.042796261586379364,0.042796261586379364,0.03970779974188374,0.03970779974188374,0.0,0.0
1991-10-17,0.04409311799808782,0.04409311799808782,0.03829857237008098,0.03829857237008098,0.0,0.0
1991-10-18,0.042796261586379364,0.042796261586379364,0.03948796555354024,0.03948796555354024,0.0,0.0
1991-10-19,0.042796261586379364,0.042796261586379364,0.03938293749118464,0.03938293749118464,0.0,0.0
1991-10-20,0.042796261586379364,0.042796261586379364,0.03928592291339024,0.03928592291339024,0.0,0.0
1991-10-21,0.042796261586379364,0.042796261586379364,0.039242852361602035,0.039242852361602035,0.0,0.0
1991-10-22,0.042796261586379364,0.042796261586379364,0.03922873212465944,0.03922873212465944,0.0,0.0
1991-10-23,0.042796261586379364,0.042796261586379364,0.03919625360022834,0.03919625360022834,0.0,0.0
1991-10-24,0.04928054364492168,0.04928054364492168,0.4979019052623555,0.4979019052623555,0.0,0.0
1991-10-25,0.049280543644921515,0.049280543644921515,2.734289595422165,2.734289595422165,0.0,0.0
1991-10-26,0.0337182667044198,0.0337182667044198,6.4486226518552225,6.4486226518552225,0.0,0.0
1991-10-27,0.03242141029271162,0.03242141029271162,3.5376280984737565,3.5376280984737565,0.0,0.0
1991-10-28,0.0337182667044201,0.0337182667044201,0.1130355486184976,0.1130355486184976,0.0,0.0
1991-10-29,0.0337182667044201,0.0337182667044201,0.0742035889684001,0.0742035889684001,0.0,0.0
1991-10-30,0.0337182667044201,0.0337182667044201,0.0861166913697895,0.0861166913697895,0.0,0.0
1991-10-31,0.012968564117084663,0.012968564117084663,0.11377837228396465,0.11377837228396465,0.0,0.0
1991-11-01,0.012968564117084663,0.012968564117084663,0.21511483976700443,0.21511483976700443,0.0,0.0
1991-11-02,0.012968564117084636,0.012968564117084636,0.33905986086116086,0.33905986086116086,0.0,0.0
1991-11-03,0.012968564117084691,0.012968564117084691,0.5604180578392418,0.5604180578392418,0.0,0.0
1991-11-04,0.012968564117084691,0.012968564117084691,0.6265497623672748,0.6265497623672748,0.0,0.0
1991-11-05,0.012968564117084691,0.012968564117084691,0.8401934436716711,0.8401934436716711,0.0,0.0
1991-11-06,0.010374851293667664,0.010374851293667664,1.0731783711499787,1.0731783711499787,0.0,0.0
1991-11-07,0.009077994881959262,0.009077994881959262,1.1189099389947617,1.1189099389947617,0.0,0.0
1991-11-08,0.009077994881959262,0.009077994881959262,0.744265227424147,0.744265227424147,0.0,0.0
1991-11-09,0.009077994881959262,0.009077994881959262,0.35011493459126714,0.35011493459126714,0.0,0.0
1991-11-10,0.009077994881959262,0.009077994881959262,0.37165767186841303,0.37165767186841303,0.0,0.0
1991-11-11,0.009077994881959262,0.009077994881959262,0.27732675060134016,0.27732675060134016,0.0,0.0
1991-11-12,0.012968564117084636,0.012968564117084636,0.25130528862193036,0.25130528862193036,0.0,0.0
1991-11-13,0.018155989763918523,0.018155989763918523,0.17229650880838607,0.17229650880838607,0.0,0.0
1991-11-14,0.018155989763918523,0.018155989763918523,0.10694039419638937,0.10694039419638937,0.0,0.0
1991-11-15,0.018155989763918523,0.018155989763918523,0.12824626041631917,0.12824626041631917,0.0,0.0
1991-11-16,0.018155989763918523,0.018155989763918523,1.002163422755894,1.002163422755894,0.0,0.0
1991-11-17,0.018155989763918523,0.018155989763918523,2.138406002132787,2.138406002132787,0.0,0.0
1991-11-18,0.018155989763918523,0.018155989763918523,0.5229105590181127,0.5229105590181127,0.0,0.0
1991-11-19,0.018155989763918523,0.018155989763918523,0.13135701633667107,0.13135701633667107,0.0,0.0
1991-11-20,0.018155989763918523,0.018155989763918523,0.14460772808896838,0.14460772808896838,0.0,0.0
1991-11-21,0.018155989763918523,0.018155989763918523,0.13587155211651178,0.13587155211651178,0.0,0.0
1991-11-22,0.018155989763918523,0.018155989763918523,0.13792722408100708,0.13792722408100708,0.0,0.0
1991-11-23,0.018155989763918523,0.018155989763918523,0.1595212451686208,0.1595212451686208,0.0,0.0
1991-11-24,0.018155989763918523,0.018155989763918523,0.2748985996890533,0.2748985996890533,0.0,0.0
1991-11-25,0.018155989763918523,0.018155989763918523,0.25260610639068337,0.25260610639068337,0.0,0.0
1991-11-26,0.018155989763918523,0.018155989763918523,0.23558698713037046,0.23558698713037046,0.0,0.0
1991-11-27,0.018155989763918523,0.018155989763918523,0.17040593381751656,0.17040593381751656,0.0,0.0
1991-11-28,0.018155989763918523,0.018155989763918523,0.16185941893791528,0.16185941893791528,0.0,0.0
1991-11-29,0.018155989763918523,0.018155989763918523,0.08997255366887838,0.08997255366887838,0.0,0.0
1991-11-30,0.018155989763918523,0.018155989763918523,0.09503865975064017,0.09503865975064017,0.0,0.0
1991-12-01,0.018155989763918523,0.018155989763918523,0.13211858200873447,0.13211858200873447,0.0,0.0
1991-12-02,0.018155989763918523,0.018155989763918523,0.13922697396612838,0.13922697396612838,0.0,0.0
1991-12-03,0.018155989763918523,0.018155989763918523,0.1907031617367068,0.1907031617367068,0.0,0.0
1991-12-04,0.01556227694050158,0.01556227694050158,0.1917834782870078,0.1917834782870078,0.0,0.0
1991-12-05,0.015562276940501607,0.015562276940501607,0.3259694762736397,0.3259694762736397,0.0,0.0
1991-12-06,0.018155989763918523,0.018155989763918523,0.22753434062847078,0.22753434062847078,0.0,0.0
1991-12-07,0.018155989763918523,0.018155989763918523,0.33073405586695,0.33073405586695,0.0,0.0
1991-12-08,0.018155989763918523,0.018155989763918523,0.41287790950359426,0.41287790950359426,0.0,0.0
1991-12-09,0.018155989763918523,0.018155989763918523,0.18318951826738478,0.18318951826738478,0.0,0.0
1991-12-10,0.018155989763918523,0.018155989763918523,0.13957381659222629,0.13957381659222629,0.0,0.0
1991-12-11,0.014265420528793121,0.014265420528793121,0.13585697152174858,0.13585697152174858,0.0,0.0
1991-12-12,0.011671707705376178,0.011671707705376178,0.13846311988746413,0.13846311988746413,0.0,0.0
1991-12-13,0.01037485129366772,0.01037485129366772,0.13331515314670409,0.13331515314670409,0.0,0.0
1991-12-14,0.009077994881959262,0.009077994881959262,0.13479739559867873,0.13479739559867873,0.0,0.0
1991-12-15,0.009077994881959262,0.009077994881959262,0.13306040323377194,0.13306040323377194,0.0,0.0
1991-12-16,0.009077994881959262,0.009077994881959262,0.13506150876574713,0.13506150876574713,0.0,0.0
1991-12-17,0.009077994881959262,0.009077994881959262,0.36770841718631336,0.36770841718631336,0.0,0.0
1991-12-18,0.007781138470250748,0.007781138470250748,0.6687110060542167,0.6687110060542167,0.0,0.0
1991-12-19,0.009077994881959262,0.009077994881959262,0.4715704184144928,0.4715704184144928,0.0,0.0
1991-12-20,0.009077994881959262,0.009077994881959262,0.14780611446307854,0.14780611446307854,0.0,0.0
1991-12-21,0.009077994881959262,0.009077994881959262,0.15466052014788323,0.15466052014788323,0.0,0.0
1991-12-22,0.0077811384702508035,0.0077811384702508035,0.1716434831263023,0.1716434831263023,0.0,0.0
1991-12-23,0.006484282058542318,0.006484282058542318,0.16520386643985477,0.16520386643985477,0.0,0.0
1991-12-24,0.006484282058542318,0.006484282058542318,0.1622419476713298,0.1622419476713298,0.0,0.0
1991-12-25,0.006484282058542318,0.006484282058542318,0.17785591231383108,0.17785591231383108,0.0,0.0
1991-12-26,0.006484282058542318,0.006484282058542318,0.1673621953604248,0.1673621953604248,0.0,0.0
1991-12-27,0.007781138470250859,0.007781138470250859,3.2328857717057193,3.2328857717057193,0.0,0.0
1991-12-28,0.007781138470250859,0.007781138470250859,6.66057975071673,6.66057975071673,0.0,0.0
1991-12-29,0.007781138470250859,0.007781138470250859,3.828563000557573,3.828563000557573,0.0,0.0
1991-12-30,0.0077811384702508035,0.0077811384702508035,0.4554740891547009,0.4554740891547009,0.0,0.0
1991-12-31,0.0077811384702508035,0.0077811384702508035,0.1662720164104261,0.1662720164104261,0.0,0.0
1992-01-01,0.0077811384702508035,0.0077811384702508035,0.18770834968121738,0.18770834968121738,0.0,0.0
1992-01-02,0.0077811384702508035,0.0077811384702508035,0.1975215561447381,0.1975215561447381,0.0,0.0
1992-01-03,0.0077811384702508035,0.0077811384702508035,0.2712913834543368,0.2712913834543368,0.0,0.0
1992-01-04,0.007781138470250859,0.007781138470250859,2.858193461719543,2.858193461719543,0.0,0.0
1992-01-05,0.007781138470250859,0.007781138470250859,2.5705936106538703,2.5705936106538703,0.0,0.0
1992-01-06,0.007781138470250748,0.007781138470250748,0.8299830671630742,0.8299830671630742,0.0,0.0
1992-01-07,0.0077811384702508035,0.0077811384702508035,0.4560384734381998,0.4560384734381998,0.0,0.0
1992-01-08,0.0077811384702508035,0.0077811384702508035,0.1915975614740488,0.1915975614740488,0.0,0.0
1992-01-09,0.0077811384702508035,0.0077811384702508035,0.1461457627623682,0.1461457627623682,0.0,0.0
1992-01-10,0.0077811384702508035,0.0077811384702508035,0.155049155247346,0.155049155247346,0.0,0.0
1992-01-11,0.0077811384702508035,0.0077811384702508035,0.14357572035654428,0.14357572035654428,0.0,0.0
1992-01-12,0.0077811384702508035,0.0077811384702508035,0.1450965496783386,0.1450965496783386,0.0,0.0
1992-01-13,0.0077811384702508035,0.0077811384702508035,0.1533983217975806,0.1533983217975806,0.0,0.0
1992-01-14,0.0077811384702508035,0.0077811384702508035,0.1673834231487896,0.1673834231487896,0.0,0.0
1992-01-15,0.0077811384702508035,0.0077811384702508035,0.2036482521364077,0.2036482521364077,0.0,0.0
1992-01-16,0.0077811384702508035,0.0077811384702508035,0.2042836743457416,0.2042836743457416,0.0,0.0
1992-01-17,0.0077811384702508035,0.0077811384702508035,0.20358966582363838,0.20358966582363838,0.0,0.0
1992-01-18,0.0077811384702508035,0.0077811384702508035,0.219292918250303,0.219292918250303,0.0,0.0
1992-01-19,0.0077811384702508035,0.0077811384702508035,0.2387063868416372,0.2387063868416372,0.0,0.0
1992-01-20,0.0077811384702508035,0.0077811384702508035,0.23452368964849368,0.23452368964849368,0.0,0.0
1992-01-21,0.0077811384702508035,0.0077811384702508035,0.1815591769593374,0.1815591769593374,0.0,0.0
1992-01-22,0.0077811384702508035,0.0077811384702508035,0.1978986112136589,0.1978986112136589,0.0,0.0
1992-01-23,0.0077811384702508035,0.0077811384702508035,0.2381474796494379,0.2381474796494379,0.0,0.0
1992-01-24,0.0077811384702508035,0.0077811384702508035,0.2573559154355184,0.2573559154355184,0.0,0.0
1992-01-25,0.0077811384702508035,0.0077811384702508035,0.28666180102339317,0.28666180102339317,0.0,0.0
1992-01-26,0.0077811384702508035,0.0077811384702508035,0.2520126467212462,0.2520126467212462,0.0,0.0
1992-01-27,0.0077811384702508035,0.0077811384702508035,0.2695807304566149,0.2695807304566149,0.0,0.0
1992-01-28,0.0077811384702508035,0.0077811384702508035,0.268955457038699,0.268955457038699,0.0,0.0
1992-01-29,0.0077811384702508035,0.0077811384702508035,0.30594479938364627,0.30594479938364627,0.0,0.0
1992-01-30,0.0077811384702508035,0.0077811384702508035,0.3161145910313251,0.3161145910313251,0.0,0.0
1992-01-31,0.0077811384702508035,0.0077811384702508035,0.2994052467318948,0.2994052467318948,0.0,0.0
1992-02-01,0.0077811384702508035,0.0077811384702508035,0.180599064109158,0.180599064109158,0.0,0.0
1992-02-02,0.01037485129366772,0.01037485129366772,0.18861339330665589,0.18861339330665589,0.0,0.0
1992-02-03,0.01037485129366772,0.01037485129366772,0.23318196453468717,0.23318196453468717,0.0,0.0
1992-02-04,0.01037485129366772,0.01037485129366772,0.19203323106696638,0.19203323106696638,0.0,0.0
1992-02-05,0.01037485129366772,0.01037485129366772,0.21617693492918028,0.21617693492918028,0.0,0.0
1992-02-06,0.01037485129366772,0.01037485129366772,0.3560987336983378,0.3560987336983378,0.0,0.0
1992-02-07,0.01037485129366772,0.01037485129366772,0.3117988221839022,0.3117988221839022,0.0,0.0
1992-02-08,0.0077811384702508035,0.0077811384702508035,0.3938142465070868,0.3938142465070868,0.0,0.0
1992-02-09,0.007781138470250859,0.007781138470250859,2.615392264287374,2.615392264287374,0.0,0.0
1992-02-10,0.007781138470250859,0.007781138470250859,4.73575273074629,4.73575273074629,0.0,0.0
1992-02-11,0.010374851293668108,0.010374851293668108,6.4371077029975865,6.4371077029975865,0.0,0.0
1992-02-12,0.010374851293668108,0.010374851293668108,5.261641638358684,5.261641638358684,0.0,0.0
1992-02-13,0.007781138470250859,0.007781138470250859,2.4054800519594526,2.4054800519594526,0.0,0.0
1992-02-14,0.007781138470250859,0.007781138470250859,3.7083595029884333,3.7083595029884333,0.0,0.0
1992-02-15,0.007781138470250859,0.007781138470250859,4.662058042591666,4.662058042591666,0.0,0.0
1992-02-16,0.007781138470250859,0.007781138470250859,1.9313011208967272,1.9313011208967272,0.0,0.0
1992-02-17,0.0,0.0,0.846331689063343,0.846331689063343,0.0,0.0
1992-02-18,0.0,0.0,1.092577477045914,1.092577477045914,0.0,0.0
1992-02-19,0.0,0.0,2.1926686480659026,2.1926686480659026,0.0,0.0
1992-02-20,0.0,0.0,1.8497484926418533,1.8497484926418533,0.0,0.0
1992-02-21,0.0,0.0,1.5288439903563584,1.5288439903563584,0.0,0.0
1992-02-22,0.0,0.0,1.481114746076353,1.481114746076353,0.0,0.0
1992-02-23,0.0,0.0,1.6543066311450618,1.6543066311450618,0.0,0.0
1992-02-24,0.0,0.0,1.762553140039546,1.762553140039546,0.0,0.0
1992-02-25,0.0,0.0,1.927480690972108,1.927480690972108,0.0,0.0
1992-02-26,0.0,0.0,1.9515448676986071,1.9515448676986071,0.0,0.0
1992-02-27,0.0,0.0,2.0659941208551973,2.0659941208551973,0.0,0.0
1992-02-28,0.0,0.0,1.931699440675903,1.931699440675903,0.0,0.0
1992-02-29,0.0,0.0,1.9080650178751437,1.9080650178751437,0.0,0.0
1992-03-01,0.0,0.0,1.7016290257432851,1.7016290257432851,0.0,0.0
1992-03-02,0.0,0.0,1.9930108169453464,1.9930108169453464,0.0,0.0
1992-03-03,0.0,0.0,1.7637725996889668,1.7637725996889668,0.0,0.0
1992-03-04,0.0,0.0,1.481532785583673,1.481532785583673,0.0,0.0
1992-03-05,0.0,0.0,3.421708580953521,3.421708580953521,0.0,0.0
1992-03-06,0.0,0.0,3.5228644974007586,3.5228644974007586,0.0,0.0
1992-03-07,0.0,0.0,1.7845451623350337,1.7845451623350337,0.0,0.0
1992-03-08,0.0,0.0,1.8366238575734364,1.8366238575734364,0.0,0.0
1992-03-09,0.0,0.0,1.8644977126422453,1.8644977126422453,0.0,0.0
1992-03-10,0.0,0.0,1.8879857444024843,1.8879857444024843,0.0,0.0
1992-03-11,0.0,0.0,1.9986695998829245,1.9986695998829245,0.0,0.0
1992-03-12,0.0,0.0,2.090987464149733,2.090987464149733,0.0,0.0
1992-03-13,0.0,0.0,2.346370083874526,2.346370083874526,0.0,0.0
1992-03-14,0.0,0.0,3.2409450732491463,3.2409450732491463,0.0,0.0
1992-03-15,0.0,0.0,3.20615632133767,3.20615632133767,0.0,0.0
1992-03-16,0.0,0.0,2.0616692687032763,2.0616692687032763,0.0,0.0
1992-03-17,0.0,0.0,1.997300036784676,1.997300036784676,0.0,0.0
1992-03-18,0.0,0.0,1.9872350758308623,1.9872350758308623,0.0,0.0
1992-03-19,0.0,0.0,2.2564874007533025,2.2564874007533025,0.0,0.0
1992-03-20,0.0,0.0,2.0232704931795715,2.0232704931795715,0.0,0.0
1992-03-21,0.0,0.0,2.3679896783354963,2.3679896783354963,0.0,0.0
1992-03-22,0.0,0.0,2.5447109270253394,2.5447109270253394,0.0,0.0
1992-03-23,0.0,0.0,2.204223601843598,2.204223601843598,0.0,0.0
1992-03-24,0.0,0.0,1.9417346723385145,1.9417346723385145,0.0,0.0
1992-03-25,0.0,0.0,2.544659805824224,2.544659805824224,0.0,0.0
1992-03-26,0.0,0.0,2.2221511588347678,2.2221511588347678,0.0,0.0
1992-03-27,0.0,0.0,2.5110458976436147,2.5110458976436147,0.0,0.0
1992-03-28,0.0,0.0,2.4004024302740965,2.4004024302740965,0.0,0.0
1992-03-29,0.0,0.0,2.6232097197569355,2.6232097197569355,0.0,0.0
1992-03-30,0.0,0.0,2.802953195985125,2.802953195985125,0.0,0.0
1992-03-31,0.0,0.0,2.073996159164692,2.073996159164692,0.0,0.0
1992-04-01,0.0,0.0,2.840061256191871,2.840061256191871,0.0,0.0
1992-04-02,0.0,0.0,3.2862229851925413,3.2862229851925413,0.0,0.0
1992-04-03,0.0,0.0,3.748298628782597,3.748298628782597,0.0,0.0
1992-04-04,0.0,0.0,3.668958760067998,3.668958760067998,0.0,0.0
1992-04-05,0.0,0.0,3.1545670546969644,3.1545670546969644,0.0,0.0
1992-04-06,0.0,0.0,2.9775340472656016,2.9775340472656016,0.0,0.0
1992-04-07,0.0,0.0,3.187936338831732,3.187936338831732,0.0,0.0
1992-04-08,0.0,0.0,3.880994955943709,3.880994955943709,0.0,0.0
1992-04-09,0.0,0.0,4.296862093013022,4.296862093013022,0.0,0.0
1992-04-10,0.0,0.0,4.570524258492708,4.570524258492708,0.0,0.0
1992-04-11,0.0,0.0,5.139028324690663,5.139028324690663,0.0,0.0
1992-04-12,0.0,0.0,4.490053531666232,4.490053531666232,0.0,0.0
1992-04-13,0.0,0.0,4.091875285890968,4.091875285890968,0.0,0.0
1992-04-14,0.0,0.0,3.344242003992389,3.344242003992389,0.0,0.0
1992-04-15,0.0,0.0,3.7495101888686966,3.7495101888686966,0.0,0.0
1992-04-16,0.0,0.0,3.779959188783999,3.779959188783999,0.0,0.0
1992-04-17,0.0,0.0,4.2309594813723965,4.2309594813723965,0.0,0.0
1992-04-18,0.0,0.0,4.871118459234172,4.871118459234172,0.0,0.0
1992-04-19,0.0,0.0,5.040373431500424,5.040373431500424,0.0,0.0
1992-04-20,0.0,0.0,5.855494948734505,5.855494948734505,0.0,0.0
1992-04-21,0.0,0.0,7.116233200372678,7.116233200372678,0.0,0.0
1992-04-22,0.0,0.0,6.0684195170205015,6.0684195170205015,0.0,0.0
1992-04-23,0.0,0.0,5.782839296171224,5.782839296171224,0.0,0.0
1992-04-24,0.0,0.0,6.74588448986751,6.74588448986751,0.0,0.0
1992-04-25,0.0,0.0,8.705157698931107,8.705157698931107,0.0,0.0
1992-04-26,0.0,0.0,9.910701191185344,9.910701191185344,0.0,0.0
1992-04-27,0.11264124262066844,0.11264124262066916,10.0,10.0,0.0,0.0
1992-04-28,0.11264124262066916,0.11264124262066916,10.0,10.0,0.0,0.0
1992-04-29,0.11301177301660384,0.11301177301660384,10.0,10.0,0.0,0.0
1992-04-30,0.11412336423034496,0.11412336423034496,10.0,10.0,0.0,0.0
1992-05-01,0.1167170770537619,0.1167170770537619,10.0,10.0,0.0,0.0
1992-05-02,0.10367070155197473,0.10367070155197473,10.0,10.0,0.0,0.0
1992-05-03,0.1274624587433643,0.1274624587433643,10.0,10.0,0.0,0.0
1992-05-04,0.12598033713368853,0.12598033713368853,10.0,10.0,0.0,0.0
1992-05-05,0.12523927634181917,0.12523927634181917,10.0,10.0,0.0,0.0
1992-05-06,0.12486874591994737,0.12486874591994737,8.739529522410631,8.739529522410631,0.0,0.0
1992-05-07,0.12709192834742963,0.12709192834742963,8.44691781320269,8.44691781320269,0.0,0.0
1992-05-08,0.12635086752962316,0.12635086752962316,8.447920846481967,8.447920846481967,0.0,0.0
1992-05-09,0.12635086752962316,0.12635086752962316,7.470772911274163,7.470772911274163,0.0,0.0
1992-05-10,0.1289445803530401,0.1289445803530401,7.110986925253699,7.110986925253699,0.0,0.0
1992-05-11,0.13116776278052233,0.13116776278052233,7.270404722830683,7.270404722830683,0.0,0.0
1992-05-12,0.13709624924516267,0.13709624924516267,7.2927928963505915,7.2927928963505915,0.0,0.0
1992-05-13,0.13968996206857962,0.13968996206857962,6.985712900964168,6.985712900964168,0.0,0.0
1992-05-14,0.14191314447012474,0.14191314447012474,6.312877883334983,6.312877883334983,0.0,0.0
1992-05-15,0.14524791811134816,0.14524791811134816,5.794353215970617,5.794353215970617,0.0,0.0
1992-05-16,0.14673003972102394,0.14673003972102394,5.62374471299575,5.62374471299575,0.0,0.0
1992-05-17,0.14561844850728278,0.14561844850728278,5.368200214183454,5.368200214183454,0.0,0.0
1992-05-18,0.14376579650167234,0.14376579650167234,4.619947866111116,4.619947866111116,0.0,0.0
1992-05-19,0.14710057011695862,0.14710057011695862,3.79139347259486,3.79139347259486,0.0,0.0
1992-05-20,0.14747110053883042,0.14747110053883042,3.4559790965279533,3.4559790965279533,0.0,0.0
1992-05-21,0.14821216133069975,0.14821216133069975,3.329126956894897,3.329126956894897,0.0,0.0
1992-05-22,0.15043534375818202,0.15043534375818202,3.1586362144773696,3.1586362144773696,0.0,0.0
1992-05-23,0.15043534375818202,0.15043534375818202,3.058710090608706,3.058710090608706,0.0,0.0
1992-05-24,0.14969428294037554,0.14969428294037554,2.9899516143409794,2.9899516143409794,0.0,0.0
1992-05-25,0.1537701173994054,0.1537701173994054,2.7634941539824216,2.7634941539824216,0.0,0.0
1992-05-26,0.1537701173994054,0.1537701173994054,2.616063747457985,2.616063747457985,0.0,0.0
1992-05-27,0.1537701173994054,0.1537701173994054,2.573814181633067,2.573814181633067,0.0,0.0
1992-05-28,0.15525223900908122,0.15525223900908122,2.613862648195816,2.613862648195816,0.0,0.0
1992-05-29,0.15636383022282235,0.15636383022282235,2.6410175001565235,2.6410175001565235,0.0,0.0
1992-05-30,0.16340390787526665,0.16340390787526665,2.5420400588049175,2.5420400588049175,0.0,0.0
1992-05-31,0.16451549908900778,0.16451549908900778,2.642142954426543,2.642142954426543,0.0,0.0
1992-06-01,0.16822080312616586,0.16822080312616586,1.9448265561629445,1.9448265561629445,0.0,0.0
1992-06-02,0.16673868151649007,0.16673868151649007,1.6732096397360876,1.6732096397360876,0.0,0.0
1992-06-03,0.1685913335221005,0.1685913335221005,1.531658243000052,1.531658243000052,0.0,0.0
1992-06-04,0.1489532221485062,0.1489532221485062,1.4808454476895763,1.4808454476895763,0.0,0.0
1992-06-05,0.16488602948494246,0.16488602948494246,1.0878045992847065,1.0878045992847065,0.0,0.0
1992-06-06,0.17414928956486905,0.17414928956486905,0.917600895099336,0.917600895099336,0.0,0.0
1992-06-07,0.17489035038267553,0.17489035038267553,0.7159774244962197,0.7159774244962197,0.0,0.0
1992-06-08,0.17414928956486905,0.17414928956486905,0.7046224397245613,0.7046224397245613,0.0,0.0
1992-06-09,0.17340822877299972,0.17340822877299972,0.7116509951469048,0.7116509951469048,0.0,0.0
1992-06-10,0.17377875916893437,0.17377875916893437,0.6095176222603136,0.6095176222603136,0.0,0.0
1992-06-11,0.17007345513177632,0.17007345513177632,0.5535389032225306,0.5535389032225306,0.0,0.0
1992-06-12,0.1763724719923513,0.1763724719923513,0.45003046724931284,0.45003046724931284,0.0,0.0
1992-06-13,0.17377875916893437,0.17377875916893437,0.4129348253537819,0.4129348253537819,0.0,0.0
1992-06-14,0.17414928956486905,0.17414928956486905,0.38805777987885826,0.38805777987885826,0.0,0.0
1992-06-15,0.17785459360202713,0.17785459360202713,0.36913552985555886,0.36913552985555886,0.0,0.0
1992-06-16,0.18081883682137867,0.18081883682137867,0.34952203953748473,0.34952203953748473,0.0,0.0
1992-06-17,0.17785459360202713,0.17785459360202713,0.3219402229243362,0.3219402229243362,0.0,0.0
1992-06-18,0.17489035038267553,0.17489035038267553,0.28098374120653935,0.28098374120653935,0.0,0.0
1992-06-19,0.17340822877299972,0.17340822877299972,0.2437644010153654,0.2437644010153654,0.0,0.0
1992-06-20,0.17711353281015776,0.17711353281015776,0.2186029089922595,0.2186029089922595,0.0,0.0
1992-06-21,0.18044830642544402,0.18044830642544402,0.17857669259454617,0.17857669259454617,0.0,0.0
1992-06-22,0.18007777602950936,0.18007777602950936,0.1581475578488573,0.1581475578488573,0.0,0.0
1992-06-23,0.17563141117454487,0.17563141117454487,0.16900778367395933,0.16900778367395933,0.0,0.0
1992-06-24,0.1811893672432505,0.1811893672432505,0.30164358188302165,0.30164358188302165,0.0,0.0
1992-06-25,0.18081883682137867,0.18081883682137867,0.13613823164212074,0.13613823164212074,0.0,0.0
1992-06-26,0.18044830642544402,0.18044830642544402,0.10962800073021339,0.10962800073021339,0.0,0.0
1992-06-27,0.1811893672432505,0.1811893672432505,0.0982930610839545,0.0982930610839545,0.0,0.0
1992-06-28,0.18526520167634325,0.18526520167634325,0.08908021108384717,0.08908021108384717,0.0,0.0
1992-06-29,0.1845241408585368,0.1845241408585368,0.33327403907558834,0.33327403907558834,0.0,0.0
1992-06-30,0.18600626246821259,0.18600626246821259,0.1284636287324841,0.1284636287324841,0.0,0.0
1992-07-01,0.1686471493795698,0.1686471493795698,0.0,0.0,0.0,0.0
1992-07-02,0.1625976229448297,0.1625976229448297,0.0,0.0,0.0,0.0
1992-07-03,0.158540726066421,0.158540726066421,0.0,0.0,0.0,0.0
1992-07-04,0.155161315733395,0.155161315733395,0.0,0.0,0.0,0.0
1992-07-05,0.1493081299078862,0.1493081299078862,0.0,0.0,0.0,0.0
1992-07-06,0.1502473917995719,0.1502473917995719,0.0,0.0,0.0,0.0
1992-07-07,0.1528269594689302,0.1528269594689302,0.0,0.0,0.0,0.0
1992-07-08,0.1562961020009352,0.1562961020009352,0.0,0.0,0.0,0.0
1992-07-09,0.166993088571817,0.166993088571817,0.0,0.0,0.0,0.0
1992-07-10,0.179383214256194,0.179383214256194,0.0,0.0,0.0,0.0
1992-07-11,0.18600626246821259,0.1860062624682126,0.756869464351973,0.756869464351973,0.0,0.0
1992-07-12,0.1852652016763432,0.1852652016763432,1.4120667938240234,1.4120667938240234,0.0,0.0
1992-07-13,0.18378308006666744,0.18378308006666744,0.023234687353561573,0.023234687353561573,0.0,0.0
1992-07-14,0.18193042803511994,0.18193042803511994,1.203228308530153,1.203228308530153,0.0,0.0
1992-07-15,0.17896618481576843,0.17896618481576843,2.055698941473461,2.055698941473461,0.0,0.0
1992-07-16,0.17748406320609247,0.17748406320609247,0.04443102098013732,0.04443102098013732,0.0,0.0
1992-07-17,0.1771135328101578,0.1771135328101578,0.2572277988659174,0.2572277988659174,0.0,0.0
1992-07-18,0.17822512399796178,0.17822512399796178,0.010529108734513931,0.010529108734513931,0.0,0.0
1992-07-19,0.1811893672432505,0.1811893672432505,0.004122743900343395,0.004122743900343395,0.0,0.0
1992-07-20,0.17859565441983352,0.17859565441983352,0.0023231148111897693,0.0023231148111897693,0.0,0.0
1992-07-21,0.1741306490050941,0.1741306490050941,0.0,0.0,0.0,0.0
1992-07-22,0.1613493646135183,0.1613493646135183,0.0,0.0,0.0,0.0
1992-07-23,0.1485828206984595,0.1485828206984595,0.0,0.0,0.0,0.0
1992-07-24,0.1373819907471732,0.1373819907471732,0.0,0.0,0.0,0.0
1992-07-25,0.1270968210125224,0.1270968210125224,0.0,0.0,0.0,0.0
1992-07-26,0.1174429162391376,0.1174429162391376,0.0,0.0,0.0,0.0
1992-07-27,0.1255548221852745,0.1255548221852745,0.0,0.0,0.0,0.0
1992-07-28,0.1010215149470598,0.1010215149470598,0.0,0.0,0.0,0.0
1992-07-29,0.0940966146853308,0.0940966146853308,0.0,0.0,0.0,0.0
1992-07-30,0.0880148193221116,0.0880148193221116,0.0,0.0,0.0,0.0
1992-07-31,0.0829440001727474,0.0829440001727474,0.0,0.0,0.0,0.0
1992-08-01,0.0837945008479124,0.0837945008479124,0.0,0.0,0.0,0.0
1992-08-02,0.0798603874420099,0.0798603874420099,0.0,0.0,0.0,0.0
1992-08-03,0.0764283877790936,0.0764283877790936,0.0,0.0,0.0,0.0
1992-08-04,0.0735353746224262,0.0735353746224262,0.0,0.0,0.0,0.0
1992-08-05,0.0721114111257367,0.0721114111257367,0.0,0.0,0.0,0.0
1992-08-06,0.0694403399782206,0.0694403399782206,0.0,0.0,0.0,0.0
1992-08-07,0.067785000398135,0.067785000398135,0.0,0.0,0.0,0.0
1992-08-08,0.0662349033886594,0.0662349033886594,0.0,0.0,0.0,0.0
1992-08-09,0.0647850513070702,0.0647850513070702,0.0,0.0,0.0,0.0
1992-08-10,0.0634075470951335,0.0634075470951335,0.0,0.0,0.0,0.0
1992-08-11,0.0621985043222744,0.0621985043222744,0.0,0.0,0.0,0.0
1992-08-12,0.096779392268109,0.096779392268109,0.0,0.0,0.0,0.0
1992-08-13,0.0669518432688693,0.0669518432688693,0.0,0.0,0.0,0.0
1992-08-14,0.0896328333582036,0.0896328333582036,0.0,0.0,0.0,0.0
1992-08-15,0.0599273895913866,0.0599273895913866,0.0,0.0,0.0,0.0
1992-08-16,0.0593882923619715,0.0593882923619715,0.0,0.0,0.0,0.0
1992-08-17,0.0588734295738885,0.0588734295738885,0.0,0.0,0.0,0.0
1992-08-18,0.0584542394241311,0.0584542394241311,0.0,0.0,0.0,0.0
1992-08-19,0.0580481523522797,0.0580481523522797,0.0,0.0,0.0,0.0
1992-08-20,0.0576651464161332,0.0576651464161332,0.0,0.0,0.0,0.0
1992-08-21,0.0573447071273498,0.0573447071273498,0.0,0.0,0.0,0.0
1992-08-22,0.0570929500456449,0.0570929500456449,0.0,0.0,0.0,0.0
1992-08-23,0.0568722413724687,0.0568722413724687,0.0,0.0,0.0,0.0
1992-08-24,0.0566542288004462,0.0566542288004462,0.0,0.0,0.0,0.0
1992-08-25,0.0564350908739507,0.0564350908739507,0.0,0.0,0.0,0.0
1992-08-26,0.0562093807931792,0.0562093807931792,0.0,0.0,0.0,0.0
1992-08-27,0.0559608960521954,0.0559608960521954,0.0,0.0,0.0,0.0
1992-08-28,0.0557133656331407,0.0557133656331407,0.0,0.0,0.0,0.0
1992-08-29,0.0654780057672814,0.0654780057672814,0.0,0.0,0.0,0.0
1992-08-30,0.0641630504248054,0.0641630504248054,0.0,0.0,0.0,0.0
1992-08-31,0.0570631716400253,0.0570631716400253,0.0,0.0,0.0,0.0
1992-09-01,0.0776885849017535,0.0776885849017535,0.0,0.0,0.0,0.0
1992-09-02,0.0774046982294289,0.0774046982294289,0.0,0.0,0.0,0.0
1992-09-03,0.0772246782181143,0.0772246782181143,0.0,0.0,0.0,0.0
1992-09-04,0.0770694072732477,0.0770694072732477,0.0,0.0,0.0,0.0
1992-09-05,0.0769033611975528,0.0769033611975528,0.0,0.0,0.0,0.0
1992-09-06,0.0767019845288811,0.0767019845288811,0.0,0.0,0.0,0.0
1992-09-07,0.0764958604523582,0.0764958604523582,0.0,0.0,0.0,0.0
1992-09-08,0.076286767807457,0.076286767807457,0.0,0.0,0.0,0.0
1992-09-09,0.0760703951750224,0.0760703951750224,0.0,0.0,0.0,0.0
1992-09-10,0.0758469736602605,0.0758469736602605,0.0,0.0,0.0,0.0
1992-09-11,0.0756428381561706,0.0756428381561706,0.0,0.0,0.0,0.0
1992-09-12,0.0754708027634188,0.0754708027634188,0.0,0.0,0.0,0.0
1992-09-13,0.0753103660970637,0.0753103660970637,0.0,0.0,0.0,0.0
1992-09-14,0.0751553339868872,0.0751553339868872,0.0,0.0,0.0,0.0
1992-09-15,0.0750043423247484,0.0750043423247484,0.0,0.0,0.0,0.0
1992-09-16,0.074850993705796,0.074850993705796,0.0,0.0,0.0,0.0
1992-09-17,0.10597169536415953,0.10597169536415953,0.05409105443893357,0.05409105443893357,0.0,0.0
1992-09-18,0.0771830107899265,0.0771830107899265,0.0,0.0,0.0,0.0
1992-09-19,0.0745067857873227,0.0745067857873227,0.0,0.0,0.0,0.0
1992-09-20,0.0743633740409765,0.0743633740409765,0.0,0.0,0.0,0.0
1992-09-21,0.0742121519999843,0.0742121519999843,0.0,0.0,0.0,0.0
1992-09-22,0.0740483863906285,0.0740483863906285,0.0,0.0,0.0,0.0
1992-09-23,0.0738831698110521,0.0738831698110521,0.0,0.0,0.0,0.0
1992-09-24,0.0737389719214669,0.0737389719214669,0.0,0.0,0.0,0.0
1992-09-25,0.0736177189764843,0.0736177189764843,0.0,0.0,0.0,0.0
1992-09-26,0.0734995388957337,0.0734995388957337,0.0,0.0,0.0,0.0
1992-09-27,0.073366792395254,0.073366792395254,0.0,0.0,0.0,0.0
1992-09-28,0.0732245754188085,0.0732245754188085,0.0,0.0,0.0,0.0
1992-09-29,0.0730837167741544,0.0730837167741544,0.0,0.0,0.0,0.0
1992-09-30,0.06928918541445069,0.06928918541445069,0.003656827551052219,0.003656827551052219,0.0,0.0
1992-10-01,0.07632926309283213,0.07632926309283213,0.00673775953093618,0.00673775953093618,0.0,0.0
1992-10-02,0.07632926309283213,0.07632926309283213,0.029660983651768072,0.029660983651768072,0.0,0.0
1992-10-03,0.068918655018516,0.068918655018516,0.013935043822989102,0.013935043822989102,0.0,0.0
1992-10-04,0.07114183744599828,0.07114183744599828,0.011533549280318425,0.011533549280318425,0.0,0.0
1992-10-05,0.06854812462258134,0.06854812462258134,0.014083970355833461,0.014083970355833461,0.0,0.0
1992-10-06,0.06410175976761681,0.06410175976761681,0.018467919220743395,0.018467919220743395,0.0,0.0
1992-10-07,0.0644722901894886,0.0644722901894886,0.01801978350297459,0.01801978350297459,0.0,0.0
1992-10-08,0.07077130705006361,0.07077130705006361,0.011634800258779193,0.011634800258779193,0.0,0.0
1992-10-09,0.06743653340884022,0.06743653340884022,0.014882170413346177,0.014882170413346177,0.0,0.0
1992-10-10,0.06669547259103374,0.06669547259103374,0.015537561024200355,0.015537561024200355,0.0,0.0
1992-10-11,0.06410175976761681,0.06410175976761681,0.018041135241918083,0.018041135241918083,0.0,0.0
1992-10-12,0.06150804694419988,0.06150804694419988,0.020540187770050414,0.020540187770050414,0.0,0.0
1992-10-13,0.047057361217439427,0.047057361217439427,0.03489399507093987,0.03489399507093987,0.0,0.0
1992-10-14,0.046316300425570084,0.046316300425570084,0.03553914050440342,0.03553914050440342,0.0,0.0
1992-10-15,0.044834178815894285,0.044834178815894285,0.03694191620559452,0.03694191620559452,0.0,0.0
1992-10-16,0.04557523960776363,0.04557523960776363,0.03614441472460917,0.03614441472460917,0.0,0.0
1992-10-17,0.045945770003698296,0.045945770003698296,0.03572676837287401,0.03572676837287401,0.0,0.0
1992-10-18,0.04001728356499509,0.04001728356499509,0.0416077468794548,0.0416077468794548,0.0,0.0
1992-10-19,0.04001728356499509,0.04001728356499509,0.0415590011189787,0.0415590011189787,0.0,0.0
1992-10-20,0.044463648394022504,0.044463648394022504,0.1660926605015295,0.1660926605015295,0.0,0.0
1992-10-21,0.04742789163931123,0.04742789163931123,0.03488033494881457,0.03488033494881457,0.0,0.0
1992-10-22,0.03964675316906043,0.03964675316906043,0.05300792469577787,0.05300792469577787,0.0,0.0
1992-10-23,0.04001728356499509,0.04001728356499509,0.041392693767884,0.041392693767884,0.0,0.0
1992-10-24,0.038164631533447506,0.038164631533447506,0.05851592768945509,0.05851592768945509,0.0,0.0
1992-10-25,0.03779410113751284,0.03779410113751284,0.05253001232451276,0.05253001232451276,0.0,0.0
1992-10-26,0.045204709211828974,0.045204709211828974,0.03795217582267873,0.03795217582267873,0.0,0.0
1992-10-27,0.040387813960929775,0.040387813960929775,0.16238911362942013,0.16238911362942013,0.0,0.0
1992-10-28,0.037053040345643495,0.037053040345643495,0.8659317420119911,0.8659317420119911,0.0,0.0
1992-10-29,0.03742357074157798,0.03742357074157798,3.37935993084024,3.37935993084024,0.0,0.0
1992-10-30,0.0355709187100306,0.0355709187100306,2.9909110004478574,2.9909110004478574,0.0,0.0
1992-10-31,0.007348852998816713,0.007348852998816713,0.429988993092727,0.429988993092727,0.0,0.0
1992-11-01,0.006484282058542318,0.006484282058542318,0.1512831724249533,0.1512831724249533,0.0,0.0
1992-11-02,0.0064842820585423455,0.0064842820585423455,0.2746531057770187,0.2746531057770187,0.0,0.0
1992-11-03,0.007040077662819166,0.007040077662819166,0.25372196415528925,0.25372196415528925,0.0,0.0
1992-11-04,0.00926326008252032,0.00926326008252032,0.2324012071806082,0.2324012071806082,0.0,0.0
1992-11-05,0.00926326008252032,0.00926326008252032,0.19024770965207477,0.19024770965207477,0.0,0.0
1992-11-06,0.008892729681398204,0.008892729681398204,0.1844674541244764,0.1844674541244764,0.0,0.0
1992-11-07,0.0077811384702508035,0.0077811384702508035,0.2216181499984392,0.2216181499984392,0.0,0.0
1992-11-08,0.0077811384702508035,0.0077811384702508035,0.2564439569568165,0.2564439569568165,0.0,0.0
1992-11-09,0.0077811384702508035,0.0077811384702508035,0.1324867110913815,0.1324867110913815,0.0,0.0
1992-11-10,0.00778113847025079,0.00778113847025079,0.10248377175677541,0.10248377175677541,0.0,0.0
1992-11-11,0.00778113847025079,0.00778113847025079,0.09488364990550971,0.09488364990550971,0.0,0.0
1992-11-12,0.00778113847025079,0.00778113847025079,0.10664952578810141,0.10664952578810141,0.0,0.0
1992-11-13,0.0077811384702508035,0.0077811384702508035,0.1388227485400677,0.1388227485400677,0.0,0.0
1992-11-14,0.007348852998816741,0.007348852998816741,0.15818546763532756,0.15818546763532756,0.0,0.0
1992-11-15,0.014697706000227184,0.014697706000227184,0.1420761519646563,0.1420761519646563,0.0,0.0
1992-11-16,0.009510280353393324,0.009510280353393324,0.12093033118909949,0.12093033118909949,0.0,0.0
1992-11-17,0.009510280353393324,0.009510280353393324,0.11532788595925117,0.11532788595925117,0.0,0.0
1992-11-18,0.006051996587108269,0.006051996587108269,0.10825609655765674,0.10825609655765674,0.0,0.0
1992-11-19,0.006051996587108269,0.006051996587108269,0.09837722056377823,0.09837722056377823,0.0,0.0
1992-11-20,0.005619711118267923,0.005619711118267923,0.09441209845415388,0.09441209845415388,0.0,0.0
1992-11-21,0.005619711118267923,0.005619711118267923,0.3482855083893315,0.3482855083893315,0.0,0.0
1992-11-22,0.005619711118267923,0.005619711118267923,0.32478409110839446,0.32478409110839446,0.0,0.0
1992-11-23,0.00518742564683386,0.00518742564683386,0.12285378658318885,0.12285378658318885,0.0,0.0
1992-11-24,0.00518742564683386,0.00518742564683386,0.08161999843799154,0.08161999843799154,0.0,0.0
1992-11-25,0.0055579560505496645,0.0055579560505496645,0.08632713524100794,0.08632713524100794,0.0,0.0
1992-11-26,0.005557956050549678,0.005557956050549678,0.1281898030086424,0.1281898030086424,0.0,0.0
1992-11-27,0.00444636483940225,0.00444636483940225,0.14198253936411576,0.14198253936411576,0.0,0.0
1992-11-28,0.00444636483940225,0.00444636483940225,0.12950180513510556,0.12950180513510556,0.0,0.0
1992-11-29,0.0014821216122695158,0.0014821216122695158,0.09313922090517969,0.09313922090517969,0.0,0.0
1992-11-30,0.001111591211147414,0.001111591211147414,0.09206559157135949,0.09206559157135949,0.0,0.0
1992-12-01,0.001111591211147428,0.001111591211147428,0.13519650306913547,0.13519650306913547,0.0,0.0
1992-12-02,0.001111591211147428,0.001111591211147428,0.13370441314967726,0.13370441314967726,0.0,0.0
1992-12-03,0.001111591211147428,0.001111591211147428,0.14948622323814037,0.14948622323814037,0.0,0.0
1992-12-04,0.0007410608074316094,0.0007410608074316094,0.11865539107934639,0.11865539107934639,0.0,0.0
1992-12-05,0.0007410608074316094,0.0007410608074316094,0.23671205596914088,0.23671205596914088,0.0,0.0
1992-12-06,0.0007410608074316372,0.0007410608074316372,2.458717033705128,2.458717033705128,0.0,0.0
1992-12-07,0.0007410608074316372,0.0007410608074316372,7.415707550473912,7.415707550473912,0.0,0.0
1992-12-08,0.0007410608074316372,0.0007410608074316372,5.959177882841662,5.959177882841662,0.0,0.0
1992-12-09,0.0007410608074316372,0.0007410608074316372,5.464621900330776,5.464621900330776,0.0,0.0
1992-12-10,0.0007410608074316372,0.0007410608074316372,7.363106209621129,7.363106209621129,0.0,0.0
1992-12-11,0.0007410608074316372,0.0007410608074316372,5.034804074796246,5.034804074796246,0.0,0.0
1992-12-12,0.0007410608074316372,0.0007410608074316372,0.8269253432939444,0.8269253432939444,0.0,0.0
1992-12-13,0.0018526520159853066,0.0018526520159853066,0.1697163073997419,0.1697163073997419,0.0,0.0
1992-12-14,0.002223182419701125,0.002223182419701125,0.17022221469531518,0.17022221469531518,0.0,0.0
1992-12-15,0.002223182419701125,0.002223182419701125,0.17837195826687177,0.17837195826687177,0.0,0.0
1992-12-16,0.002223182419701125,0.002223182419701125,0.19154221065364438,0.19154221065364438,0.0,0.0
1992-12-17,0.0022231824197010974,0.0022231824197010974,0.9729159251156085,0.9729159251156085,0.0,0.0
1992-12-18,0.0008645709402744228,0.0008645709402744228,0.37289767854659167,0.37289767854659167,0.0,0.0
1992-12-19,0.0008645709402743951,0.0008645709402743951,0.2057040244208675,0.2057040244208675,0.0,0.0
1992-12-20,0.0008645709402743951,0.0008645709402743951,0.1728107782648102,0.1728107782648102,0.0,0.0
1992-12-21,0.0008645709402743951,0.0008645709402743951,0.1865481455976814,0.1865481455976814,0.0,0.0
1992-12-22,0.0008645709402743951,0.0008645709402743951,0.1802387708779116,0.1802387708779116,0.0,0.0
1992-12-23,0.0008645709402743951,0.0008645709402743951,0.1918142316763406,0.1918142316763406,0.0,0.0
1992-12-24,0.0008645709402744228,0.0008645709402744228,0.25568021219379716,0.25568021219379716,0.0,0.0
1992-12-25,0.0005187425646833721,0.0005187425646833721,0.26340367805489984,0.26340367805489984,0.0,0.0
1992-12-26,0.0005187425646833721,0.0005187425646833721,0.26748875854274873,0.26748875854274873,0.0,0.0
1992-12-27,0.003025998294850979,0.003025998294850979,0.22883555357398702,0.22883555357398702,0.0,0.0
1992-12-28,0.0030259982948512842,0.0030259982948512842,6.098506141308989,6.098506141308989,0.0,0.0
1992-12-29,0.0031124553881003436,0.0031124553881003436,9.987555028874135,9.987555028874135,0.0,0.0
1992-12-30,0.0031124553881003436,0.0031124553881003436,1.3091562099926706,1.3091562099926706,0.0,0.0
1992-12-31,0.0031124553881003436,0.0031124553881003436,0.32801965785058274,0.32801965785058274,0.0,0.0
1993-01-01,0.0034582837636913943,0.0034582837636913943,2.190697294808929,2.190697294808929,0.0,0.0
1993-01-02,0.003025998294850951,0.003025998294850951,0.8925681940300068,0.8925681940300068,0.0,0.0
1993-01-03,0.0030259982948510067,0.0030259982948510067,0.2895418177007355,0.2895418177007355,0.0,0.0
1993-01-04,0.0036311979527837157,0.0036311979527837157,0.29416026664034217,0.29416026664034217,0.0,0.0
1993-01-05,0.003458283763691339,0.003458283763691339,0.32044269659197216,0.32044269659197216,0.0,0.0
1993-01-06,0.0034582837636913943,0.0034582837636913943,3.691111934403178,3.691111934403178,0.0,0.0
1993-01-07,0.0034582837636918384,0.0034582837636913367,10.0,10.0,0.0,0.0
1993-01-08,0.0034582837636913367,0.0034582837636913367,10.0,10.0,0.0,0.0
1993-01-09,0.002593712823416931,0.002593712823416931,4.575086101614261,4.575086101614261,0.0,0.0
1993-01-10,0.0021614273519828717,0.0021614273519828717,2.989657562152432,2.989657562152432,0.0,0.0
1993-01-11,0.0021614273519828717,0.0021614273519828717,2.25557685456742,2.25557685456742,0.0,0.0
1993-01-12,0.0021614273519828717,0.0021614273519828717,4.151127577113673,4.151127577113673,0.0,0.0
1993-01-13,0.0021614273519828717,0.0021614273519828717,10.0,10.0,0.0,0.0
1993-01-14,0.0021614273519828717,0.0021614273519828717,10.0,10.0,0.0,0.0
1993-01-15,0.0021614273519828717,0.0021614273519828717,10.0,10.0,0.0,0.0
1993-01-16,0.0021614273519828717,0.0021614273519828717,10.0,10.0,0.0,0.0
1993-01-17,0.0021614273519828717,0.0021614273519828717,10.0,10.0,0.0,0.0
1993-01-18,0.0021614273519828717,0.0021614273519828717,10.0,10.0,0.0,0.0
1993-01-19,0.0021614273519828717,0.0021614273519828717,9.449841733826888,9.449841733826888,0.0,0.0
1993-01-20,0.0021614273519828717,0.0021614273519828717,9.552070489749745,9.552070489749745,0.0,0.0
1993-01-21,0.0021614273519828717,0.0021614273519828717,10.0,10.0,0.0,0.0
1993-01-22,0.0018526520159853187,0.0018526520159853187,10.0,10.0,0.0,0.0
1993-01-23,0.0018526520159853187,0.0018526520159853187,10.0,10.0,0.0,0.0
1993-01-24,0.0021614273519828717,0.0021614273519828717,8.710107982471511,8.710107982471511,0.0,0.0
1993-01-25,0.0021614273519828717,0.0021614273519828717,8.640684766177017,8.640684766177017,0.0,0.0
1993-01-26,0.0021614273519828717,0.0021614273519828717,8.678204243147164,8.678204243147164,0.0,0.0
1993-01-27,0.0021614273519828717,0.0021614273519828717,8.775385030378953,8.775385030378953,0.0,0.0
1993-01-28,0.0021614273519828717,0.0021614273519828717,8.71172507285405,8.71172507285405,0.0,0.0
1993-01-29,0.0021614273519828717,0.0021614273519828717,8.089980572490356,8.089980572490356,0.0,0.0
1993-01-30,0.002593712823416931,0.002593712823416931,7.287544358980735,7.287544358980735,0.0,0.0
1993-01-31,0.002593712823416931,0.002593712823416931,6.559322913843048,6.559322913843048,0.0,0.0
1993-02-01,0.002593712823416931,0.002593712823416931,5.526212951454321,5.526212951454321,0.0,0.0
1993-02-02,0.002593712823416931,0.002593712823416931,5.332619834199377,5.332619834199377,0.0,0.0
1993-02-03,0.002593712823416931,0.002593712823416931,5.239445218077288,5.239445218077288,0.0,0.0
1993-02-04,0.002593712823416931,0.002593712823416931,4.978791150646538,4.978791150646538,0.0,0.0
1993-02-05,0.002593712823416931,0.002593712823416931,5.163276030994186,5.163276030994186,0.0,0.0
1993-02-06,0.002593712823416931,0.002593712823416931,4.549032098029065,4.549032098029065,0.0,0.0
1993-02-07,0.002593712823416931,0.002593712823416931,5.498496493900297,5.498496493900297,0.0,0.0
1993-02-08,0.002593712823416931,0.002593712823416931,9.947665270194083,9.947665270194083,0.0,0.0
1993-02-09,0.002593712823416931,0.002593712823416931,8.265169801994999,8.265169801994999,0.0,0.0
1993-02-10,0.002593712823416931,0.002593712823416931,5.542821468817351,5.542821468817351,0.0,0.0
1993-02-11,0.002593712823416931,0.002593712823416931,5.385244941146571,5.385244941146571,0.0,0.0
1993-02-12,0.002593712823416931,0.002593712823416931,5.2395482999401,5.2395482999401,0.0,0.0
1993-02-13,0.002593712823416931,0.002593712823416931,5.163538502132715,5.163538502132715,0.0,0.0
1993-02-14,0.002593712823416931,0.002593712823416931,5.010155661847014,5.010155661847014,0.0,0.0
1993-02-15,0.002593712823416931,0.002593712823416931,4.7625190015181715,4.7625190015181715,0.0,0.0
1993-02-16,0.0038905692351253966,0.0038905692351253966,4.730934396733878,4.730934396733878,0.0,0.0
1993-02-17,0.0038905692351253966,0.0038905692351253966,4.649284927554753,4.649284927554753,0.0,0.0
1993-02-18,0.0038905692351253966,0.0038905692351253966,6.221616270752652,6.221616270752652,0.0,0.0
1993-02-19,0.0038905692351253966,0.0038905692351253966,10.0,10.0,0.0,0.0
1993-02-20,0.0038905692351253966,0.0038905692351253966,10.0,10.0,0.0,0.0
1993-02-21,0.0038905692351253966,0.0038905692351253966,8.039306501496148,8.039306501496148,0.0,0.0
1993-02-22,0.0038905692351253966,0.0038905692351253966,7.436472229492587,7.436472229492587,0.0,0.0
1993-02-23,0.0021614273519828717,0.0021614273519828717,9.349812779119214,9.349812779119214,0.0,0.0
1993-02-24,0.0021614273519828717,0.0021614273519828717,8.821679996474536,8.821679996474536,0.0,0.0
1993-02-25,0.0021614273519828717,0.0021614273519828717,7.699533762133788,7.699533762133788,0.0,0.0
1993-02-26,0.0021614273519828717,0.0021614273519828717,8.161981976105462,8.161981976105462,0.0,0.0
1993-02-27,0.0021614273519828717,0.0021614273519828717,7.567716598912099,7.567716598912099,0.0,0.0
1993-02-28,0.0029642432271327376,0.0029642432271327376,7.055941438549568,7.055941438549568,0.0,0.0
1993-03-01,0.0029642432271327376,0.0029642432271327376,6.193789476807933,6.193789476807933,0.0,0.0
1993-03-02,0.002593712823416931,0.002593712823416931,5.856305241334391,5.856305241334391,0.0,0.0
1993-03-03,0.002593712823416931,0.002593712823416931,5.57342094303717,5.57342094303717,0.0,0.0
1993-03-04,0.002593712823416931,0.002593712823416931,5.290941614927119,5.290941614927119,0.0,0.0
1993-03-05,0.0029642432271327376,0.0029642432271327376,5.127073190398611,5.127073190398611,0.0,0.0
1993-03-06,0.0170443985527711,0.0170443985527711,5.142068761906801,5.142068761906801,0.0,0.0
1993-03-07,0.01963811137618803,0.01963811137618803,5.24422351713023,5.24422351713023,0.0,0.0
1993-03-08,0.019267580975065937,0.019267580975065937,5.394132214761307,5.394132214761307,0.0,0.0
1993-03-09,0.018897050571350132,0.018897050571350132,5.570622082719901,5.570622082719901,0.0,0.0
1993-03-10,0.018897050571350132,0.018897050571350132,5.646359806637683,5.646359806637683,0.0,0.0
1993-03-11,0.020008641779903837,0.020008641779903837,5.931463991022974,5.931463991022974,0.0,0.0
1993-03-12,0.02037917218361964,0.02037917218361964,6.207197629410997,6.207197629410997,0.0,0.0
1993-03-13,0.02334341541075238,0.02334341541075238,6.88970883800897,6.88970883800897,0.0,0.0
1993-03-14,0.023713945814468188,0.023713945814468188,8.222962020334073,8.222962020334073,0.0,0.0
1993-03-15,0.02334341541075238,0.02334341541075238,4.79553301007161,4.79553301007161,0.0,0.0
1993-03-16,0.02704871944791044,0.02704871944791044,7.554125302609361,7.554125302609361,0.0,0.0
1993-03-17,0.02741924984384511,0.02741924984384511,8.311585116226224,8.311585116226224,0.0,0.0
1993-03-18,0.02223182419960496,0.02223182419960496,5.3806195735072375,5.3806195735072375,0.0,0.0
1993-03-19,0.018897050571350132,0.018897050571350132,5.230580738942061,5.230580738942061,0.0,0.0
1993-03-20,0.018526520167634324,0.018526520167634324,6.011487520748785,6.011487520748785,0.0,0.0
1993-03-21,0.02223182419960496,0.02223182419960496,6.496875838663238,6.496875838663238,0.0,0.0
1993-03-22,0.02853084105758624,0.02853084105758624,6.741474243146851,6.741474243146851,0.0,0.0
1993-03-23,0.03408879710035477,0.03408879710035477,10.0,10.0,0.0,0.0
1993-03-24,0.03779410113751284,0.03779410113751284,10.0,10.0,0.0,0.0
1993-03-25,0.038164631533447506,0.038164631533447506,10.0,10.0,0.0,0.0
1993-03-26,0.04409311799808782,0.04409311799808782,10.0,10.0,0.0,0.0
1993-03-27,0.04261099638841203,0.04261099638841203,9.217593306765963,9.217593306765963,0.0,0.0
1993-03-28,0.040758344356864436,0.040758344356864436,7.83151220596763,7.83151220596763,0.0,0.0
1993-03-29,0.038164631533447506,0.038164631533447506,7.398646553359003,7.398646553359003,0.0,0.0
1993-03-30,0.0414994051746709,0.0414994051746709,7.199239247132993,7.199239247132993,0.0,0.0
1993-03-31,0.0414994051746709,0.0414994051746709,8.744722295156246,8.744722295156246,0.0,0.0
1993-04-01,0.08688937958446719,0.08688937958446719,10.0,10.0,0.0,0.0
1993-04-02,0.06873338982054866,0.06873338982054866,8.548856295630701,8.548856295630701,0.0,0.0
1993-04-03,0.06873338982054866,0.06873338982054866,9.175556411719647,9.175556411719647,0.0,0.0
1993-04-04,0.07392081546738254,0.07392081546738254,9.29641856031369,9.29641856031369,0.0,0.0
1993-04-05,0.07521767187909101,0.07521767187909101,7.698012478680844,7.698012478680844,0.0,0.0
1993-04-06,0.07262395905567408,0.07262395905567408,6.987871381873619,6.987871381873619,0.0,0.0
1993-04-07,0.07262395905567408,0.07262395905567408,6.969784940755899,6.969784940755899,0.0,0.0
1993-04-08,0.07262395905567408,0.07262395905567408,7.185465952408141,7.185465952408141,0.0,0.0
1993-04-09,0.06484282058542327,0.06484282058542327,7.290135733875188,7.290135733875188,0.0,0.0
1993-04-10,0.07781138470250792,0.07781138470250792,6.7574455827379465,6.7574455827379465,0.0,0.0
1993-04-11,0.08040509752592487,0.08040509752592487,6.499106062900691,6.499106062900691,0.0,0.0
1993-04-12,0.09207680523130105,0.09207680523130105,6.306147912857082,6.306147912857082,0.0,0.0
1993-04-13,0.07651452829079947,0.07651452829079947,6.390944419064035,6.390944419064035,0.0,0.0
1993-04-14,0.07651452829079947,0.07651452829079947,6.898714262924962,6.898714262924962,0.0,0.0
1993-04-15,0.06484282058542327,0.06484282058542327,6.910453021160858,6.910453021160858,0.0,0.0
1993-04-16,0.06484282058542327,0.06484282058542327,7.0715861166031795,7.0715861166031795,0.0,0.0
1993-04-17,0.06484282058542327,0.06484282058542327,7.240182795898695,7.240182795898695,0.0,0.0
1993-04-18,0.06484282058542327,0.06484282058542327,7.45939469147458,7.45939469147458,0.0,0.0
1993-04-19,0.0829988103493418,0.0829988103493418,5.203078511661249,5.203078511661249,0.0,0.0
1993-04-20,0.0829988103493418,0.0829988103493418,6.9424826175248056,6.9424826175248056,0.0,0.0
1993-04-21,0.08429566676105026,0.08429566676105026,8.512547478357293,8.512547478357293,0.0,0.0
1993-04-22,0.0907799488195926,0.0907799488195926,7.6975973292563875,7.6975973292563875,0.0,0.0
1993-04-23,0.09207680523130105,0.09207680523130105,5.384060192911144,5.384060192911144,0.0,0.0
1993-04-24,0.10374851293667725,0.10374851293667725,4.779598045428137,4.779598045428137,0.0,0.0
1993-04-25,0.10374851293667725,0.10374851293667725,5.681982811321213,5.681982811321213,0.0,0.0
1993-04-26,0.10115480011326032,0.10115480011326032,6.481197130916302,6.481197130916302,0.0,0.0
1993-04-27,0.10374851293667725,0.10374851293667725,7.416790286073177,7.416790286073177,0.0,0.0
1993-04-28,0.10245165652496876,0.10245165652496876,8.860976409991832,8.860976409991832,0.0,0.0
1993-04-29,0.0972642308781349,0.0972642308781349,10.0,10.0,0.0,0.0
1993-04-30,0.07651452829079947,0.07651452829079947,10.0,10.0,0.0,0.0
1993-05-01,0.07781138470250792,0.07781138470250792,10.0,10.0,0.0,0.0
1993-05-02,0.06484282058542327,0.06484282058542327,10.0,10.0,0.0,0.0
1993-05-03,0.06484282058542327,0.06484282058542327,10.0,10.0,0.0,0.0
1993-05-04,0.06354596417371482,0.06354596417371482,9.355504815011361,9.355504815011361,0.0,0.0
1993-05-05,0.06354596417371482,0.06354596417371482,7.94242581728432,7.94242581728432,0.0,0.0
1993-05-06,0.06354596417371482,0.06354596417371482,9.010414884642458,9.010414884642458,0.0,0.0
1993-05-07,0.06484282058542327,0.06484282058542327,8.589501675253457,8.589501675253457,0.0,0.0
1993-05-08,0.07003024623225713,0.07003024623225713,8.865548059418499,8.865548059418499,0.0,0.0
1993-05-09,0.06873338982054866,0.06873338982054866,8.940050239132495,8.940050239132495,0.0,0.0
1993-05-10,0.07003024623225713,0.07003024623225713,10.0,10.0,0.0,0.0
1993-05-11,0.07132710264396559,0.07132710264396559,10.0,10.0,0.0,0.0
1993-05-12,0.0907799488195926,0.0907799488195926,10.0,10.0,0.0,0.0
1993-05-13,0.10374851293667725,0.10374851293667725,7.645545374589586,7.645545374589586,0.0,0.0
1993-05-14,0.1089359385835111,0.1089359385835111,8.721375791689853,8.721375791689853,0.0,0.0
1993-05-15,0.11152965140692804,0.11152965140692804,10.0,10.0,0.0,0.0
1993-05-16,0.12320135911230422,0.12320135911230422,10.0,10.0,0.0,0.0
1993-05-17,0.12320135911230422,0.12320135911230422,10.0,10.0,0.0,0.0
1993-05-18,0.11282650781863648,0.11282650781863648,10.0,10.0,0.0,0.0
1993-05-19,0.11282650781863648,0.11282650781863648,10.0,10.0,0.0,0.0
1993-05-20,0.11152965140692804,0.11152965140692804,10.0,10.0,0.0,0.0
1993-05-21,0.11282650781863648,0.11282650781863648,10.0,10.0,0.0,0.0
1993-05-22,0.14006049246451427,0.14006049246451427,10.0,10.0,0.0,0.0
1993-05-23,0.14006049246451427,0.14006049246451427,10.0,10.0,0.0,0.0
1993-05-24,0.14135734887622275,0.14135734887622275,10.0,10.0,0.0,0.0
1993-05-25,0.14135734887622275,0.14135734887622275,10.0,10.0,0.0,0.0
1993-05-26,0.14913848734647353,0.14913848734647353,9.999999999999996,9.999999999999996,0.0,0.0
1993-05-27,0.14654477452305661,0.14654477452305661,10.000000000000005,10.000000000000005,0.0,0.0
1993-05-28,0.14913848734647353,0.14913848734647353,10.000000000000004,10.000000000000004,0.0,0.0
1993-05-29,0.15173220016989047,0.15173220016989047,9.999999999999998,9.999999999999998,0.0,0.0
1993-05-30,0.14913848734647353,0.14913848734647353,10.000000000000004,10.000000000000004,0.0,0.0
1993-05-31,0.15173220016989047,0.15173220016989047,9.999999999999998,9.999999999999998,0.0,0.0
1993-06-01,0.15173220016989047,0.15173220016989047,9.999999999999998,9.999999999999998,0.0,0.0
1993-06-02,0.13357621040597195,0.13357621040597195,9.999999999999998,9.999999999999998,0.0,0.0
1993-06-03,0.14913848734647353,0.14913848734647353,10.000000000000004,10.000000000000004,0.0,0.0
1993-06-04,0.14524791811134816,0.14524791811134816,10.000000000000004,10.000000000000004,0.0,0.0
1993-06-05,0.14524791811134816,0.14524791811134816,10.000000000000004,10.000000000000004,0.0,0.0
1993-06-06,0.1582164822284328,0.1582164822284328,10.0,10.0,0.0,0.0
1993-06-07,0.15173220016989047,0.15173220016989047,9.999999999999998,9.999999999999998,0.0,0.0
1993-06-08,0.15173220016989047,0.15173220016989047,9.999999999999998,9.999999999999998,0.0,0.0
1993-06-09,0.15173220016989047,0.15173220016989047,9.999999999999998,9.999999999999998,0.0,0.0
1993-06-10,0.15173220016989047,0.15173220016989047,9.999999999999995,9.999999999999995,0.0,0.0
1993-06-11,0.15173220016989047,0.15173220016989047,9.999999999999995,9.999999999999995,0.0,0.0
1993-06-12,0.14913848734647353,0.14913848734647353,10.000000000000004,10.000000000000004,0.0,0.0
1993-06-13,0.1659976206986836,0.1659976206986836,9.999999999999998,9.999999999999998,0.0,0.0
1993-06-14,0.1647007642869751,0.1647007642869751,10.000000000000002,10.000000000000002,0.0,0.0
1993-06-15,0.16340390787526665,0.16340390787526665,9.999999999999996,9.999999999999996,0.0,0.0
1993-06-16,0.15562276940501585,0.15562276940501585,9.999999999999998,9.999999999999998,0.0,0.0
1993-06-17,0.15562276940501585,0.15562276940501585,10.000000000000012,10.000000000000012,0.0,0.0
1993-06-18,0.15691962581672436,0.15691962581672436,10.000000000000002,10.000000000000002,0.0,0.0
1993-06-19,0.15562276940501585,0.15562276940501585,10.000000000000012,10.000000000000012,0.0,0.0
1993-06-20,0.15562276940501585,0.15562276940501585,9.999999999999998,9.999999999999998,0.0,0.0
1993-06-21,0.1543259129933074,0.1543259129933074,9.999999999999993,9.999999999999993,0.0,0.0
1993-06-22,0.16340390787526665,0.16340390787526665,9.999999999999996,9.999999999999996,0.0,0.0
1993-06-23,0.1647007642869751,0.1647007642869751,10.000000000000002,10.000000000000002,0.0,0.0
1993-06-24,0.16210705146355817,0.16210705146355817,9.999999999999993,9.999999999999993,0.0,0.0
1993-06-25,0.16210705146355817,0.16210705146355817,9.999999999999993,9.999999999999993,0.0,0.0
1993-06-26,0.17118504634551746,0.17118504634551746,9.999999999999982,9.999999999999982,0.0,0.0
1993-06-27,0.17118504634551746,0.17118504634551746,10.00000000000001,10.00000000000001,0.0,0.0
1993-06-28,0.15951333864014125,0.15951333864014125,10.000000000000012,10.000000000000012,0.0,0.0
1993-06-29,0.15302905658159893,0.15302905658159893,10.000000000000004,10.000000000000004,0.0,0.0
1993-06-30,0.16340390787526665,0.16340390787526665,9.999999999999982,9.999999999999982,0.0,0.0
1993-07-01,0.16340390787526665,0.16340390787526665,10.00000000000001,10.00000000000001,0.0,0.0
1993-07-02,0.16340390787526665,0.16340390787526665,10.00000000000001,10.00000000000001,0.0,0.0
1993-07-03,0.16340390787526665,0.16340390787526665,10.00000000000001,10.00000000000001,0.0,0.0
1993-07-04,0.16340390787526665,0.16340390787526665,10.00000000000001,10.00000000000001,0.0,0.0
1993-07-05,0.16340390787526665,0.16340390787526665,10.000000000000039,10.000000000000039,0.0,0.0
1993-07-06,0.16340390787526665,0.16340390787526665,10.00000000000001,10.00000000000001,0.0,0.0
1993-07-07,0.15951333864014125,0.15951333864014125,10.000000000000012,10.000000000000012,0.0,0.0
1993-07-08,0.15691962581672436,0.15691962581672436,10.000000000000002,10.000000000000002,0.0,0.0
1993-07-09,0.16729447711039205,0.16729447711039205,10.00000000000001,10.00000000000001,0.0,0.0
1993-07-10,0.17248190275722594,0.17248190275722594,10.0,10.0,0.0,0.0
1993-07-11,0.1685913335221005,0.1685913335221005,10.000000000000002,10.000000000000002,0.0,0.0
1993-07-12,0.16340390787526665,0.16340390787526665,9.999999999999982,9.999999999999982,0.0,0.0
1993-07-13,0.16340390787526665,0.16340390787526665,10.00000000000001,10.00000000000001,0.0,0.0
1993-07-14,0.1543259129933074,0.1543259129933074,9.999999999999993,9.999999999999993,0.0,0.0
1993-07-15,0.15951333864014125,0.15951333864014125,10.000000000000012,10.000000000000012,0.0,0.0
1993-07-16,0.16340390787526665,0.16340390787526665,10.00000000000001,10.00000000000001,0.0,0.0
1993-07-17,0.16081019505184974,0.16081019505184974,10.000000000000002,10.000000000000002,0.0,0.0
1993-07-18,0.16340390787526665,0.16340390787526665,9.999999999999996,9.999999999999996,0.0,0.0
1993-07-19,0.1647007642869751,0.1647007642869751,10.000000000000002,10.000000000000002,0.0,0.0
1993-07-20,0.16081019505184974,0.16081019505184974,10.000000000000002,10.000000000000002,0.0,0.0
1993-07-21,0.169888189933809,0.169888189933809,10.000000000000005,10.000000000000005,0.0,0.0
1993-07-22,0.16729447711039205,0.16729447711039205,9.999999999999996,9.999999999999996,0.0,0.0
1993-07-23,0.16729447711039205,0.16729447711039205,9.999999999999996,9.999999999999996,0.0,0.0
1993-07-24,0.16729447711039205,0.16729447711039205,10.00000000000001,10.00000000000001,0.0,0.0
1993-07-25,0.1659976206986836,0.1659976206986836,10.000000000000005,10.000000000000005,0.0,0.0
1993-07-26,0.16729447711039205,0.16729447711039205,9.999999999999996,9.999999999999996,0.0,0.0
1993-07-27,0.16729447711039205,0.16729447711039205,9.999999999999996,9.999999999999996,0.0,0.0
1993-07-28,0.16340390787526665,0.16340390787526665,9.999999999999996,9.999999999999996,0.0,0.0
1993-07-29,0.1659976206986836,0.1659976206986836,9.999999999999998,9.999999999999998,0.0,0.0
1993-07-30,0.1647007642869751,0.1647007642869751,10.000000000000002,10.000000000000002,0.0,0.0
1993-07-31,0.1647007642869751,0.1647007642869751,10.000000000000002,10.000000000000002,0.0,0.0
1993-08-01,0.16729447711039205,0.16729447711039205,9.999999999999998,9.999999999999998,0.0,0.0
1993-08-02,0.15302905658159893,0.15302905658159893,10.0,10.0,0.0,0.0
1993-08-03,0.1543259129933074,0.1543259129933074,10.0,10.0,0.0,0.0
1993-08-04,0.15562276940501585,0.15562276940501585,4.026769502958885,4.026769502958885,0.0,0.0
1993-08-05,0.15302905658159893,0.15302905658159893,1.8841776789387557,1.8841776789387557,0.0,0.0
1993-08-06,0.1543259129933074,0.1543259129933074,1.833359351662419,1.833359351662419,0.0,0.0
1993-08-07,0.16081019505184974,0.16081019505184974,1.6272517040563632,1.6272517040563632,0.0,0.0
1993-08-08,0.1543259129933074,0.1543259129933074,1.4886695657177476,1.4886695657177476,0.0,0.0
1993-08-09,0.14654477452305661,0.14654477452305661,1.4809169779208284,1.4809169779208284,0.0,0.0
1993-08-10,0.14654477452305661,0.14654477452305661,1.136076376500885,1.136076376500885,0.0,0.0
1993-08-11,0.14654477452305661,0.14654477452305661,0.9001936412402503,0.9001936412402503,0.0,0.0
1993-08-12,0.1543259129933074,0.1543259129933074,0.7545657146336735,0.7545657146336735,0.0,0.0
1993-08-13,0.14524791811134816,0.14524791811134816,0.7835326410741278,0.7835326410741278,0.0,0.0
1993-08-14,0.15302905658159893,0.15302905658159893,0.8051420665144681,0.8051420665144681,0.0,0.0
1993-08-15,0.14524791811134816,0.14524791811134816,0.7478703266356037,0.7478703266356037,0.0,0.0
1993-08-16,0.14524791811134816,0.14524791811134816,0.5825467561383616,0.5825467561383616,0.0,0.0
1993-08-17,0.14006049246451427,0.14006049246451427,0.6919151173501722,0.6919151173501722,0.0,0.0
1993-08-18,0.13487306681768044,0.13487306681768044,0.8029325711121635,0.8029325711121635,0.0,0.0
1993-08-19,0.12190450270059575,0.12190450270059575,0.6374918895824552,0.6374918895824552,0.0,0.0
1993-08-20,0.12320135911230422,0.12320135911230422,0.5344751532426847,0.5344751532426847,0.0,0.0
1993-08-21,0.1089359385835111,0.1089359385835111,0.5729153972011565,0.5729153972011565,0.0,0.0
1993-08-22,0.1089359385835111,0.1089359385835111,0.716020118780967,0.716020118780967,0.0,0.0
1993-08-23,0.10504536934838571,0.10504536934838571,0.7325506709861709,0.7325506709861709,0.0,0.0
1993-08-24,0.10504536934838571,0.10504536934838571,0.7338941620165579,0.7338941620165579,0.0,0.0
1993-08-25,0.11931078987717883,0.11931078987717883,0.6881834876208074,0.6881834876208074,0.0,0.0
1993-08-26,0.11801393346547037,0.11801393346547037,0.6469245784396287,0.6469245784396287,0.0,0.0
1993-08-27,0.12968564117084655,0.12968564117084655,0.6562136295528326,0.6562136295528326,0.0,0.0
1993-08-28,0.12190450270059575,0.12190450270059575,0.587006144076106,0.587006144076106,0.0,0.0
1993-08-29,0.1089359385835111,0.1089359385835111,0.6628689828659732,0.6628689828659732,0.0,0.0
1993-08-30,0.10374851293667725,0.10374851293667725,0.529211265041915,0.529211265041915,0.0,0.0
1993-08-31,0.10245165652496876,0.10245165652496876,0.4142072344391635,0.4142072344391635,0.0,0.0
1993-09-01,0.10245165652496876,0.10245165652496876,0.6387078126496334,0.6387078126496334,0.0,0.0
1993-09-02,0.10374851293667725,0.10374851293667725,0.7937582290683318,0.7937582290683318,0.0,0.0
1993-09-03,0.10374851293667725,0.10374851293667725,0.8863830377042339,0.8863830377042339,0.0,0.0
1993-09-04,0.10374851293667725,0.10374851293667725,0.5584817130266846,0.5584817130266846,0.0,0.0
1993-09-05,0.10374851293667725,0.10374851293667725,0.503300905542365,0.503300905542365,0.0,0.0
1993-09-06,0.10374851293667725,0.10374851293667725,0.3970197691542579,0.3970197691542579,0.0,0.0
1993-09-07,0.11801393346547037,0.11801393346547037,0.3542416299005988,0.3542416299005988,0.0,0.0
1993-09-08,0.11801393346547037,0.11801393346547037,0.3513962103168614,0.3513962103168614,0.0,0.0
1993-09-09,0.1167170770537619,0.1167170770537619,0.35264646766993524,0.35264646766993524,0.0,0.0
1993-09-10,0.11542022064205343,0.11542022064205343,0.4389512238475694,0.4389512238475694,0.0,0.0
1993-09-11,0.1167170770537619,0.1167170770537619,0.44752013739363905,0.44752013739363905,0.0,0.0
1993-09-12,0.1089359385835111,0.1089359385835111,0.3518405656847097,0.3518405656847097,0.0,0.0
1993-09-13,0.08818623599617564,0.08818623599617564,0.28331013025172264,0.28331013025172264,0.0,0.0
1993-09-14,0.08818623599617564,0.08818623599617564,0.25215809454823945,0.25215809454823945,0.0,0.0
1993-09-15,0.07392081546738254,0.07392081546738254,0.24509546875273375,0.24509546875273375,0.0,0.0
1993-09-16,0.07392081546738254,0.07392081546738254,0.20003881954045277,0.20003881954045277,0.0,0.0
1993-09-17,0.07392081546738254,0.07392081546738254,0.19357270176474956,0.19357270176474956,0.0,0.0
1993-09-18,0.07392081546738254,0.07392081546738254,0.18940665807794704,0.18940665807794704,0.0,0.0
1993-09-19,0.07392081546738254,0.07392081546738254,0.18615245438491956,0.18615245438491956,0.0,0.0
1993-09-20,0.07392081546738254,0.07392081546738254,0.18639041072550117,0.18639041072550117,0.0,0.0
1993-09-21,0.0907799488195926,0.0907799488195926,0.1640850137776329,0.1640850137776329,0.0,0.0
1993-09-22,0.09467051805471799,0.09467051805471799,0.1491798845235199,0.1491798845235199,0.0,0.0
1993-09-23,0.10115480011326032,0.10115480011326032,0.12798469585736155,0.12798469585736155,0.0,0.0
1993-09-24,0.08818623599617564,0.08818623599617564,0.13036605861613895,0.13036605861613895,0.0,0.0
1993-09-25,0.08170195393763333,0.08170195393763333,0.13044829630920868,0.13044829630920868,0.0,0.0
1993-09-26,0.08170195393763333,0.08170195393763333,0.12300944679772838,0.12300944679772838,0.0,0.0
1993-09-27,0.07392081546738254,0.07392081546738254,0.12798508516509738,0.12798508516509738,0.0,0.0
1993-09-28,0.06743653340884022,0.06743653340884022,0.1371357561925849,0.1371357561925849,0.0,0.0
1993-09-29,0.06873338982054866,0.06873338982054866,0.14418046185064964,0.14418046185064964,0.0,0.0
1993-09-30,0.07003024623225713,0.07003024623225713,0.15342920831176338,0.15342920831176338,0.0,0.0
1993-10-01,0.042796261586379364,0.042796261586379364,0.21047996242565634,0.21047996242565634,0.0,0.0
1993-10-02,0.042796261586379364,0.042796261586379364,0.21350052184760462,0.21350052184760462,0.0,0.0
1993-10-03,0.042796261586379364,0.042796261586379364,0.22111919260926252,0.22111919260926252,0.0,0.0
1993-10-04,0.042796261586379364,0.042796261586379364,0.21146846421220342,0.21146846421220342,0.0,0.0
1993-10-05,0.042796261586379364,0.042796261586379364,0.22852997984594972,0.22852997984594972,0.0,0.0
1993-10-06,0.042796261586379364,0.042796261586379364,0.19597341486206593,0.19597341486206593,0.0,0.0
1993-10-07,0.0414994051746709,0.0414994051746709,0.1772122418031027,0.1772122418031027,0.0,0.0
1993-10-08,0.05576482570346402,0.05576482570346402,0.15212317988194526,0.15212317988194526,0.0,0.0
1993-10-09,0.05706168211517248,0.05706168211517248,0.1406576295718912,0.1406576295718912,0.0,0.0
1993-10-10,0.04668683082150476,0.04668683082150476,0.42380040272447095,0.42380040272447095,0.0,0.0
1993-10-11,0.0453899744097963,0.0453899744097963,0.16967438495781828,0.16967438495781828,0.0,0.0
1993-10-12,0.0453899744097963,0.0453899744097963,0.12777793572908458,0.12777793572908458,0.0,0.0
1993-10-13,0.0453899744097963,0.0453899744097963,0.1389152002742532,0.1389152002742532,0.0,0.0
1993-10-14,0.0453899744097963,0.0453899744097963,0.275299982224525,0.275299982224525,0.0,0.0
1993-10-15,0.03631197952783704,0.03631197952783704,0.7301228306168608,0.7301228306168608,0.0,0.0
1993-10-16,0.042796261586379364,0.042796261586379364,0.5242536978354676,0.5242536978354676,0.0,0.0
1993-10-17,0.04409311799808782,0.04409311799808782,0.2719598169130182,0.2719598169130182,0.0,0.0
1993-10-18,0.042796261586379364,0.042796261586379364,0.13212662397755603,0.13212662397755603,0.0,0.0
1993-10-19,0.042796261586379364,0.042796261586379364,0.13952266255516654,0.13952266255516654,0.0,0.0
1993-10-20,0.042796261586379364,0.042796261586379364,0.17981924185212214,0.17981924185212214,0.0,0.0
1993-10-21,0.042796261586379364,0.042796261586379364,0.18946732644762643,0.18946732644762643,0.0,0.0
1993-10-22,0.042796261586379364,0.042796261586379364,0.14094968726064402,0.14094968726064402,0.0,0.0
1993-10-23,0.042796261586379364,0.042796261586379364,0.12803989888706183,0.12803989888706183,0.0,0.0
1993-10-24,0.04928054364492169,0.04928054364492169,0.11873861999092092,0.11873861999092092,0.0,0.0
1993-10-25,0.04928054364492169,0.04928054364492169,0.09389765802076391,0.09389765802076391,0.0,0.0
1993-10-26,0.03371826670442011,0.03371826670442011,0.1006662922292699,0.1006662922292699,0.0,0.0
1993-10-27,0.03242141029271164,0.03242141029271164,0.09178648466692257,0.09178648466692257,0.0,0.0
1993-10-28,0.03371826670442011,0.03371826670442011,0.08524418845662088,0.08524418845662088,0.0,0.0
1993-10-29,0.03371826670442011,0.03371826670442011,0.08372922427174989,0.08372922427174989,0.0,0.0
1993-10-30,0.03371826670442011,0.03371826670442011,0.0823248731993578,0.0823248731993578,0.0,0.0
1993-10-31,0.012968564117084656,0.012968564117084656,0.10172329334880484,0.10172329334880484,0.0,0.0
1993-11-01,0.012968564117084656,0.012968564117084656,0.09805927021166005,0.09805927021166005,0.0,0.0
1993-11-02,0.012968564117084656,0.012968564117084656,0.09700633868193273,0.09700633868193273,0.0,0.0
1993-11-03,0.012968564117084656,0.012968564117084656,0.09603568477507765,0.09603568477507765,0.0,0.0
1993-11-04,0.012968564117084656,0.012968564117084656,0.09512961319969285,0.09512961319969285,0.0,0.0
1993-11-05,0.012968564117084656,0.012968564117084656,0.09427859982358083,0.09427859982358083,0.0,0.0
1993-11-06,0.010374851293667725,0.010374851293667725,0.09608412505366708,0.09608412505366708,0.0,0.0
1993-11-07,0.00907799488195926,0.00907799488195926,0.09664222819254213,0.09664222819254213,0.0,0.0
1993-11-08,0.00907799488195926,0.00907799488195926,0.09594921725469804,0.09594921725469804,0.0,0.0
1993-11-09,0.00907799488195926,0.00907799488195926,0.09529516940861904,0.09529516940861904,0.0,0.0
1993-11-10,0.00907799488195926,0.00907799488195926,0.5085394281546108,0.5085394281546108,0.0,0.0
1993-11-11,0.00907799488195926,0.00907799488195926,0.5777923660395762,0.5777923660395762,0.0,0.0
1993-11-12,0.012968564117084656,0.012968564117084656,0.24681352844452034,0.24681352844452034,0.0,0.0
1993-11-13,0.01815598976391852,0.01815598976391852,0.08687911254689318,0.08687911254689318,0.0,0.0
1993-11-14,0.01815598976391852,0.01815598976391852,0.08605837545147457,0.08605837545147457,0.0,0.0
1993-11-15,0.01815598976391852,0.01815598976391852,0.08815311027176598,0.08815311027176598,0.0,0.0
1993-11-16,0.01815598976391852,0.01815598976391852,0.12632446328004288,0.12632446328004288,0.0,0.0
1993-11-17,0.01815598976391852,0.01815598976391852,0.15534713576738599,0.15534713576738599,0.0,0.0
1993-11-18,0.01815598976391852,0.01815598976391852,0.15142418916624736,0.15142418916624736,0.0,0.0
1993-11-19,0.01815598976391852,0.01815598976391852,0.13278817645906157,0.13278817645906157,0.0,0.0
1993-11-20,0.01815598976391852,0.01815598976391852,0.12588457896048796,0.12588457896048796,0.0,0.0
1993-11-21,0.01815598976391852,0.01815598976391852,0.11542004811284057,0.11542004811284057,0.0,0.0
1993-11-22,0.01815598976391852,0.01815598976391852,0.10506027140780717,0.10506027140780717,0.0,0.0
1993-11-23,0.01815598976391852,0.01815598976391852,0.09238742321355638,0.09238742321355638,0.0,0.0
1993-11-24,0.01815598976391852,0.01815598976391852,0.09203112535335647,0.09203112535335647,0.0,0.0
1993-11-25,0.01815598976391852,0.01815598976391852,0.08330951055734517,0.08330951055734517,0.0,0.0
1993-11-26,0.01815598976391852,0.01815598976391852,0.08833014266990898,0.08833014266990898,0.0,0.0
1993-11-27,0.01815598976391852,0.01815598976391852,0.09111135167748997,0.09111135167748997,0.0,0.0
1993-11-28,0.01815598976391852,0.01815598976391852,0.11917430551175737,0.11917430551175737,0.0,0.0
1993-11-29,0.01815598976391852,0.01815598976391852,1.0780053233030122,1.0780053233030122,0.0,0.0
1993-11-30,0.01815598976391852,0.01815598976391852,1.0765703083346572,1.0765703083346572,0.0,0.0
1993-12-01,0.01815598976391852,0.01815598976391852,0.12786426423677807,0.12786426423677807,0.0,0.0
1993-12-02,0.01815598976391852,0.01815598976391852,0.2940151697192844,0.2940151697192844,0.0,0.0
1993-12-03,0.01815598976391852,0.01815598976391852,0.20828544804083318,0.20828544804083318,0.0,0.0
1993-12-04,0.015562276940501586,0.015562276940501586,0.14749213801769562,0.14749213801769562,0.0,0.0
1993-12-05,0.015562276940501586,0.015562276940501586,0.13758209441065802,0.13758209441065802,0.0,0.0
1993-12-06,0.01815598976391852,0.01815598976391852,0.1298513881457483,0.1298513881457483,0.0,0.0
1993-12-07,0.01815598976391852,0.01815598976391852,0.1365759276577473,0.1365759276577473,0.0,0.0
1993-12-08,0.01815598976391852,0.01815598976391852,0.20263995680920538,0.20263995680920538,0.0,0.0
1993-12-09,0.01815598976391852,0.01815598976391852,0.16075626797235099,0.16075626797235099,0.0,0.0
1993-12-10,0.01815598976391852,0.01815598976391852,0.963521348358203,0.963521348358203,0.0,0.0
1993-12-11,0.01426542052879312,0.01426542052879312,3.3376278162770245,3.3376278162770245,0.0,0.0
1993-12-12,0.01167170770537619,0.01167170770537619,3.6972666322657166,3.6972666322657166,0.0,0.0
1993-12-13,0.010374851293667725,0.010374851293667725,0.503351331855995,0.503351331855995,0.0,0.0
1993-12-14,0.00907799488195926,0.00907799488195926,1.9509211501005443,1.9509211501005443,0.0,0.0
1993-12-15,0.00907799488195926,0.00907799488195926,0.7535011863177083,0.7535011863177083,0.0,0.0
1993-12-16,0.00907799488195926,0.00907799488195926,0.16291264008498485,0.16291264008498485,0.0,0.0
1993-12-17,0.00907799488195926,0.00907799488195926,0.16207309103361084,0.16207309103361084,0.0,0.0
1993-12-18,0.007781138470250793,0.007781138470250793,0.1577923115278549,0.1577923115278549,0.0,0.0
1993-12-19,0.00907799488195926,0.00907799488195926,0.16797581813255513,0.16797581813255513,0.0,0.0
1993-12-20,0.00907799488195926,0.00907799488195926,0.15935953342002923,0.15935953342002923,0.0,0.0
1993-12-21,0.00907799488195926,0.00907799488195926,0.16220520679353673,0.16220520679353673,0.0,0.0
1993-12-22,0.007781138470250793,0.007781138470250793,0.2033219043717947,0.2033219043717947,0.0,0.0
1993-12-23,0.006484282058542328,0.006484282058542328,0.2401889057704284,0.2401889057704284,0.0,0.0
1993-12-24,0.006484282058542328,0.006484282058542328,0.26886421709266045,0.26886421709266045,0.0,0.0
1993-12-25,0.006484282058542328,0.006484282058542328,0.31173385600133474,0.31173385600133474,0.0,0.0
1993-12-26,0.006484282058542328,0.006484282058542328,0.34402862980555654,0.34402862980555654,0.0,0.0
1993-12-27,0.007781138470250793,0.007781138470250793,0.2140982974476546,0.2140982974476546,0.0,0.0
1993-12-28,0.007781138470250793,0.007781138470250793,0.1711178683744167,0.1711178683744167,0.0,0.0
1993-12-29,0.007781138470250793,0.007781138470250793,0.147934653069562,0.147934653069562,0.0,0.0
1993-12-30,0.007781138470250793,0.007781138470250793,0.1541186251742216,0.1541186251742216,0.0,0.0
1993-12-31,0.007781138470250793,0.007781138470250793,0.1657799636657771,0.1657799636657771,0.0,0.0
1994-01-01,0.007781138470250793,0.007781138470250793,0.1302639571129004,0.1302639571129004,0.0,0.0
1994-01-02,0.007781138470250793,0.007781138470250793,0.1477682213998032,0.1477682213998032,0.0,0.0
1994-01-03,0.007781138470250793,0.007781138470250793,0.2308162603751484,0.2308162603751484,0.0,0.0
1994-01-04,0.007781138470250793,0.007781138470250793,0.48487475223340537,0.48487475223340537,0.0,0.0
1994-01-05,0.007781138470250793,0.007781138470250793,0.1694883987549856,0.1694883987549856,0.0,0.0
1994-01-06,0.007781138470250793,0.007781138470250793,0.11949472438065732,0.11949472438065732,0.0,0.0
1994-01-07,0.007781138470250793,0.007781138470250793,0.1300951765014135,0.1300951765014135,0.0,0.0
1994-01-08,0.007781138470250793,0.007781138470250793,0.1490840577763131,0.1490840577763131,0.0,0.0
1994-01-09,0.007781138470250793,0.007781138470250793,0.14383683962046379,0.14383683962046379,0.0,0.0
1994-01-10,0.007781138470250793,0.007781138470250793,0.14167212826088,0.14167212826088,0.0,0.0
1994-01-11,0.007781138470250793,0.007781138470250793,0.13962808755131,0.13962808755131,0.0,0.0
1994-01-12,0.007781138470250793,0.007781138470250793,0.1328187934321303,0.1328187934321303,0.0,0.0
1994-01-13,0.007781138470250793,0.007781138470250793,0.1613020296008417,0.1613020296008417,0.0,0.0
1994-01-14,0.007781138470250793,0.007781138470250793,0.1670272432157687,0.1670272432157687,0.0,0.0
1994-01-15,0.007781138470250793,0.007781138470250793,0.162301475372575,0.162301475372575,0.0,0.0
1994-01-16,0.007781138470250793,0.007781138470250793,0.16324265246613828,0.16324265246613828,0.0,0.0
1994-01-17,0.007781138470250793,0.007781138470250793,0.1859026469445641,0.1859026469445641,0.0,0.0
1994-01-18,0.007781138470250793,0.007781138470250793,0.2134736087949117,0.2134736087949117,0.0,0.0
1994-01-19,0.007781138470250793,0.007781138470250793,0.20440981577226688,0.20440981577226688,0.0,0.0
1994-01-20,0.007781138470250793,0.007781138470250793,0.2165803809375227,0.2165803809375227,0.0,0.0
1994-01-21,0.007781138470250793,0.007781138470250793,0.70473633650566,0.70473633650566,0.0,0.0
1994-01-22,0.007781138470250793,0.007781138470250793,0.6146138274202586,0.6146138274202586,0.0,0.0
1994-01-23,0.007781138470250793,0.007781138470250793,0.9703115771492357,0.9703115771492357,0.0,0.0
1994-01-24,0.007781138470250793,0.007781138470250793,3.326370229871498,3.326370229871498,0.0,0.0
1994-01-25,0.007781138470250793,0.007781138470250793,1.936636915160074,1.936636915160074,0.0,0.0
1994-01-26,0.007781138470250793,0.007781138470250793,0.2643681588073204,0.2643681588073204,0.0,0.0
1994-01-27,0.007781138470250793,0.007781138470250793,0.1561078628743808,0.1561078628743808,0.0,0.0
1994-01-28,0.007781138470250793,0.007781138470250793,0.156179081923849,0.156179081923849,0.0,0.0
1994-01-29,0.007781138470250793,0.007781138470250793,0.1865040440126881,0.1865040440126881,0.0,0.0
1994-01-30,0.007781138470250793,0.007781138470250793,0.1925869589726808,0.1925869589726808,0.0,0.0
1994-01-31,0.007781138470250793,0.007781138470250793,0.1936029728906393,0.1936029728906393,0.0,0.0
1994-02-01,0.007781138470250793,0.007781138470250793,0.17470440666009499,0.17470440666009499,0.0,0.0
1994-02-02,0.010374851293667725,0.010374851293667725,0.1569402270259632,0.1569402270259632,0.0,0.0
1994-02-03,0.010374851293667725,0.010374851293667725,0.16115865109342997,0.16115865109342997,0.0,0.0
1994-02-04,0.010374851293667725,0.010374851293667725,0.14675313842928459,0.14675313842928459,0.0,0.0
1994-02-05,0.010374851293667725,0.010374851293667725,0.13669585966662368,0.13669585966662368,0.0,0.0
1994-02-06,0.010374851293667725,0.010374851293667725,1.7440368408449016,1.7440368408449016,0.0,0.0
1994-02-07,0.010374851293667725,0.010374851293667725,7.5421063937023005,7.5421063937023005,0.0,0.0
1994-02-08,0.007781138470250793,0.007781138470250793,4.416267273159953,4.416267273159953,0.0,0.0
1994-02-09,0.007781138470250793,0.007781138470250793,0.1952899338259303,0.1952899338259303,0.0,0.0
1994-02-10,0.007781138470250793,0.007781138470250793,0.9006343016036509,0.9006343016036509,0.0,0.0
1994-02-11,0.010374851293667725,0.010374851293667725,0.5840332612160564,0.5840332612160564,0.0,0.0
1994-02-12,0.010374851293667725,0.010374851293667725,0.17651288422637268,0.17651288422637268,0.0,0.0
1994-02-13,0.007781138470250793,0.007781138470250793,0.1783601007381887,0.1783601007381887,0.0,0.0
1994-02-14,0.007781138470250793,0.007781138470250793,0.2032540132222112,0.2032540132222112,0.0,0.0
1994-02-15,0.007781138470250793,0.007781138470250793,0.2665791507802212,0.2665791507802212,0.0,0.0
1994-02-16,0.007781138470250793,0.007781138470250793,2.272799098507506,2.272799098507506,0.0,0.0
1994-02-17,0.0,0.0,5.062197696846459,5.062197696846459,0.0,0.0
1994-02-18,0.0,0.0,1.5546023773577384,1.5546023773577384,0.0,0.0
1994-02-19,0.0,0.0,0.5471218500421804,0.5471218500421804,0.0,0.0
1994-02-20,0.0,0.0,0.5142999240296836,0.5142999240296836,0.0,0.0
1994-02-21,0.0,0.0,0.6873337713245429,0.6873337713245429,0.0,0.0
1994-02-22,0.0,0.0,0.4715507946932936,0.4715507946932936,0.0,0.0
1994-02-23,0.0,0.0,0.25934124163099,0.25934124163099,0.0,0.0
1994-02-24,0.0,0.0,0.4312823727945988,0.4312823727945988,0.0,0.0
1994-02-25,0.0,0.0,0.717575172227809,0.717575172227809,0.0,0.0
1994-02-26,0.0,0.0,0.808533044124799,0.808533044124799,0.0,0.0
1994-02-27,0.0,0.0,0.4550481147703411,0.4550481147703411,0.0,0.0
1994-02-28,0.0,0.0,0.4518208196854912,0.4518208196854912,0.0,0.0
1994-03-01,0.0,0.0,0.4108457478834796,0.4108457478834796,0.0,0.0
1994-03-02,0.0,0.0,0.446280065554763,0.446280065554763,0.0,0.0
1994-03-03,0.0,0.0,0.5720951310412608,0.5720951310412608,0.0,0.0
1994-03-04,0.0,0.0,0.703778464382257,0.703778464382257,0.0,0.0
1994-03-05,0.0,0.0,0.948048960695232,0.948048960695232,0.0,0.0
1994-03-06,0.0,0.0,0.6199223458880742,0.6199223458880742,0.0,0.0
1994-03-07,0.0,0.0,0.3715596562652457,0.3715596562652457,0.0,0.0
1994-03-08,0.0,0.0,0.5415381618374009,0.5415381618374009,0.0,0.0
1994-03-09,0.0,0.0,0.6327961115723544,0.6327961115723544,0.0,0.0
1994-03-10,0.0,0.0,0.708334116192975,0.708334116192975,0.0,0.0
1994-03-11,0.0,0.0,0.3365462508638561,0.3365462508638561,0.0,0.0
1994-03-12,0.0,0.0,0.4611906637098703,0.4611906637098703,0.0,0.0
1994-03-13,0.0,0.0,0.7996883994101054,0.7996883994101054,0.0,0.0
1994-03-14,0.0,0.0,1.351939196676614,1.351939196676614,0.0,0.0
1994-03-15,0.0,0.0,1.4816508753296262,1.4816508753296262,0.0,0.0
1994-03-16,0.0,0.0,0.901365333165062,0.901365333165062,0.0,0.0
1994-03-17,0.0,0.0,0.5651032300559852,0.5651032300559852,0.0,0.0
1994-03-18,0.0,0.0,0.7635800943502865,0.7635800943502865,0.0,0.0
1994-03-19,0.0,0.0,0.3270878742826392,0.3270878742826392,0.0,0.0
1994-03-20,0.0,0.0,0.2752597379602786,0.2752597379602786,0.0,0.0
1994-03-21,0.0,0.0,0.2528645005570072,0.2528645005570072,0.0,0.0
1994-03-22,0.0,0.0,0.2229763845617491,0.2229763845617491,0.0,0.0
1994-03-23,0.0,0.0,0.26457773042331,0.26457773042331,0.0,0.0
1994-03-24,0.0,0.0,0.4414138197670649,0.4414138197670649,0.0,0.0
1994-03-25,0.0,0.0,0.4085467172506085,0.4085467172506085,0.0,0.0
1994-03-26,0.0,0.0,0.317967093939094,0.317967093939094,0.0,0.0
1994-03-27,0.0,0.0,0.3902116971655229,0.3902116971655229,0.0,0.0
1994-03-28,0.0,0.0,0.6720468390631793,0.6720468390631793,0.0,0.0
1994-03-29,0.0,0.0,0.9552927243329524,0.9552927243329524,0.0,0.0
1994-03-30,0.0,0.0,1.227891009601333,1.227891009601333,0.0,0.0
1994-03-31,0.0,0.0,1.4857801731451947,1.4857801731451947,0.0,0.0
1994-04-01,0.0,0.0,1.783419110321805,1.783419110321805,0.0,0.0
1994-04-02,0.0,0.0,1.187874886360459,1.187874886360459,0.0,0.0
1994-04-03,0.0,0.0,0.6161977029867699,0.6161977029867699,0.0,0.0
1994-04-04,0.0,0.0,0.4566722962500835,0.4566722962500835,0.0,0.0
1994-04-05,0.0,0.0,0.5881389055198558,0.5881389055198558,0.0,0.0
1994-04-06,0.0,0.0,0.4401898691445984,0.4401898691445984,0.0,0.0
1994-04-07,0.0,0.0,0.4928830266242127,0.4928830266242127,0.0,0.0
1994-04-08,0.0,0.0,1.2288921799263657,1.2288921799263657,0.0,0.0
1994-04-09,0.0,0.0,0.982785241665528,0.982785241665528,0.0,0.0
1994-04-10,0.0,0.0,0.7592007476603183,0.7592007476603183,0.0,0.0
1994-04-11,0.0,0.0,0.7165508205408915,0.7165508205408915,0.0,0.0
1994-04-12,0.0,0.0,0.9834364474302576,0.9834364474302576,0.0,0.0
1994-04-13,0.0,0.0,1.6878841430410303,1.6878841430410303,0.0,0.0
1994-04-14,0.0,0.0,2.371731488891744,2.371731488891744,0.0,0.0
1994-04-15,0.0,0.0,3.1052154790062687,3.1052154790062687,0.0,0.0
1994-04-16,0.0,0.0,4.15305283517618,4.15305283517618,0.0,0.0
1994-04-17,0.0,0.0,3.244108979602939,3.244108979602939,0.0,0.0
1994-04-18,0.0,0.0,3.6200421426275895,3.6200421426275895,0.0,0.0
1994-04-19,0.0,0.0,3.4647304605374947,3.4647304605374947,0.0,0.0
1994-04-20,0.0,0.0,3.5787568978632733,3.5787568978632733,0.0,0.0
1994-04-21,0.0,0.0,2.96911182425262,2.96911182425262,0.0,0.0
1994-04-22,0.0,0.0,2.3768264167025457,2.3768264167025457,0.0,0.0
1994-04-23,0.0,0.0,2.4969284562572795,2.4969284562572795,0.0,0.0
1994-04-24,0.0,0.0,3.0107263367457198,3.0107263367457198,0.0,0.0
1994-04-25,0.0,0.0,5.005562267182961,5.005562267182961,0.0,0.0
1994-04-26,0.0,0.0,3.5368268640688605,3.5368268640688605,0.0,0.0
1994-04-27,0.0,0.0,1.7490498086338202,1.7490498086338202,0.0,0.0
1994-04-28,0.0,0.0,1.8893985364374808,1.8893985364374808,0.0,0.0
1994-04-29,0.0,0.0,2.055604595905484,2.055604595905484,0.0,0.0
1994-04-30,0.0,0.0,2.3090342138412394,2.3090342138412394,0.0,0.0
1994-05-01,0.0,0.0,2.5133158395386745,2.5133158395386745,0.0,0.0
1994-05-02,0.0,0.0,2.866323974368295,2.866323974368295,0.0,0.0
1994-05-03,0.0,0.0,2.9539314335510403,2.9539314335510403,0.0,0.0
1994-05-04,0.0,0.0,3.0668463879090777,3.0668463879090777,0.0,0.0
1994-05-05,0.0,0.0,3.477431102121696,3.477431102121696,0.0,0.0
1994-05-06,0.0,0.0,3.486435356856087,3.486435356856087,0.0,0.0
1994-05-07,0.0,0.0,3.234750692775965,3.234750692775965,0.0,0.0
1994-05-08,0.0,0.0,2.941089634252976,2.941089634252976,0.0,0.0
1994-05-09,0.0,0.0,3.135973134635306,3.135973134635306,0.0,0.0
1994-05-10,0.0,0.0,3.626369915521482,3.626369915521482,0.0,0.0
1994-05-11,0.0,0.0,4.2829769255825125,4.2829769255825125,0.0,0.0
1994-05-12,0.0,0.0,4.697569129495056,4.697569129495056,0.0,0.0
1994-05-13,0.0,0.0,4.847949636870252,4.847949636870252,0.0,0.0
1994-05-14,0.0,0.0,5.001995584853027,5.001995584853027,0.0,0.0
1994-05-15,0.0,0.0,4.901341408093048,4.901341408093048,0.0,0.0
1994-05-16,0.0,0.0,4.026442728433677,4.026442728433677,0.0,0.0
1994-05-17,0.0,0.0,4.4019791730668025,4.4019791730668025,0.0,0.0
1994-05-18,0.0,0.0,4.802217017620007,4.802217017620007,0.0,0.0
1994-05-19,0.0,0.0,3.783709493957735,3.783709493957735,0.0,0.0
1994-05-20,0.0,0.0,3.65977318482192,3.65977318482192,0.0,0.0
1994-05-21,0.0,0.0,3.582974783213859,3.582974783213859,0.0,0.0
1994-05-22,0.0,0.0,3.4730378240935926,3.4730378240935926,0.0,0.0
1994-05-23,0.0,0.0,3.323832023090896,3.323832023090896,0.0,0.0
1994-05-24,0.0,0.0,3.848941074640674,3.848941074640674,0.0,0.0
1994-05-25,0.0,0.0,4.103868694817979,4.103868694817979,0.0,0.0
1994-05-26,0.0,0.0,4.289346300909691,4.289346300909691,0.0,0.0
1994-05-27,0.0,0.0,4.20132375037277,4.20132375037277,0.0,0.0
1994-05-28,0.0,0.0,4.1671403375958604,4.1671403375958604,0.0,0.0
1994-05-29,0.0,0.0,4.444734353803702,4.444734353803702,0.0,0.0
1994-05-30,0.0,0.0,4.976041089969538,4.976041089969538,0.0,0.0
1994-05-31,0.0,0.0,5.862667742727712,5.862667742727712,0.0,0.0
1994-06-01,0.0,0.0,3.2828569982984828,3.2828569982984828,0.0,0.0
1994-06-02,0.0,0.0,3.4293981000514826,3.4293981000514826,0.0,0.0
1994-06-03,0.0,0.0,3.216451153755328,3.216451153755328,0.0,0.0
1994-06-04,0.0,0.0,2.813962038167544,2.813962038167544,0.0,0.0
1994-06-05,0.0,0.0,2.6344071617326854,2.6344071617326854,0.0,0.0
1994-06-06,0.0,0.0,2.480159657007873,2.480159657007873,0.0,0.0
1994-06-07,0.0,0.0,2.5086458075809466,2.5086458075809466,0.0,0.0
1994-06-08,0.0,0.0,2.446987156829227,2.446987156829227,0.0,0.0
1994-06-09,0.0,0.0,2.508201644781733,2.508201644781733,0.0,0.0
1994-06-10,0.0,0.0,2.398137966249367,2.398137966249367,0.0,0.0
1994-06-11,0.0,0.0,2.569044267378801,2.569044267378801,0.0,0.0
1994-06-12,0.0,0.0,2.407721813836904,2.407721813836904,0.0,0.0
1994-06-13,0.0,0.0,2.270282825919955,2.270282825919955,0.0,0.0
1994-06-14,0.0,0.0,1.867771866188078,1.867771866188078,0.0,0.0
1994-06-15,0.0,0.0,1.467051196030042,1.467051196030042,0.0,0.0
1994-06-16,0.0,0.0,1.3317148307283366,1.3317148307283366,0.0,0.0
1994-06-17,0.0,0.0,1.2784694756115238,1.2784694756115238,0.0,0.0
1994-06-18,0.0,0.0,1.2605588383276736,1.2605588383276736,0.0,0.0
1994-06-19,0.0,0.0,1.1642946680722817,1.1642946680722817,0.0,0.0
1994-06-20,0.0,0.0,1.1780525086339853,1.1780525086339853,0.0,0.0
1994-06-21,0.0,0.0,1.121172868486365,1.121172868486365,0.0,0.0
1994-06-22,0.0,0.0,1.0819714332326391,1.0819714332326391,0.0,0.0
1994-06-23,0.0,0.0,0.9061095896922904,0.9061095896922904,0.0,0.0
1994-06-24,0.0,0.0,0.7744092479135648,0.7744092479135648,0.0,0.0
1994-06-25,0.0,0.0,0.7519085196784017,0.7519085196784017,0.0,0.0
1994-06-26,0.0,0.0,0.779310899003126,0.779310899003126,0.0,0.0
1994-06-27,0.0,0.0,0.8022636295013241,0.8022636295013241,0.0,0.0
1994-06-28,0.0,0.0,0.7784335803408655,0.7784335803408655,0.0,0.0
1994-06-29,0.0,0.0,0.7241157355995147,0.7241157355995147,0.0,0.0
1994-06-30,0.0,0.0,0.6750002485280036,0.6750002485280036,0.0,0.0
1994-07-01,0.0,0.0,0.4363313480459539,0.4363313480459539,0.0,0.0
1994-07-02,0.0,0.0,0.3867530985591144,0.3867530985591144,0.0,0.0
1994-07-03,0.0,0.0,0.3433865793168174,0.3433865793168174,0.0,0.0
1994-07-04,0.0,0.0,0.3640936654583416,0.3640936654583416,0.0,0.0
1994-07-05,0.0,0.0,0.3494713570930296,0.3494713570930296,0.0,0.0
1994-07-06,0.0,0.0,0.3422195699768302,0.3422195699768302,0.0,0.0
1994-07-07,0.0,0.0,0.3514595358219248,0.3514595358219248,0.0,0.0
1994-07-08,0.0,0.0,0.3512528395264691,0.3512528395264691,0.0,0.0
1994-07-09,0.0,0.0,0.3771459355345339,0.3771459355345339,0.0,0.0
1994-07-10,0.0,0.0,0.3650144451364769,0.3650144451364769,0.0,0.0
1994-07-11,0.0,0.0,0.3525406092557088,0.3525406092557088,0.0,0.0
1994-07-12,0.0,0.0,0.3429670971537095,0.3429670971537095,0.0,0.0
1994-07-13,0.0,0.0,0.3509096315847443,0.3509096315847443,0.0,0.0
1994-07-14,0.0,0.0,0.3518843587494953,0.3518843587494953,0.0,0.0
1994-07-15,0.0,0.0,0.1630065048294908,0.1630065048294908,0.0,0.0
1994-07-16,0.0,0.0,0.1535500414192589,0.1535500414192589,0.0,0.0
1994-07-17,0.0,0.0,0.152088988693156,0.152088988693156,0.0,0.0
1994-07-18,0.0,0.0,0.1633011483269608,0.1633011483269608,0.0,0.0
1994-07-19,0.0,0.0,0.1459731355345878,0.1459731355345878,0.0,0.0
1994-07-20,0.0,0.0,0.1356178807899185,0.1356178807899185,0.0,0.0
1994-07-21,0.0,0.0,0.1263152555284226,0.1263152555284226,0.0,0.0
1994-07-22,0.0,0.0,0.1166805187218051,0.1166805187218051,0.0,0.0
1994-07-23,0.0,0.0,0.1085473465153971,0.1085473465153971,0.0,0.0
1994-07-24,0.0,0.0,0.1011029163845709,0.1011029163845709,0.0,0.0
1994-07-25,0.0,0.0,0.0945418445746482,0.0945418445746482,0.0,0.0
1994-07-26,0.0,0.0,0.0885688821112525,0.0885688821112525,0.0,0.0
1994-07-27,0.0,0.0,0.0832245049599655,0.0832245049599655,0.0,0.0
1994-07-28,0.0,0.0,0.0784271058248807,0.0784271058248807,0.0,0.0
1994-07-29,0.0,0.0,0.0741074648679568,0.0741074648679568,0.0,0.0
1994-07-30,0.0,0.0,0.0704265040000972,0.0704265040000972,0.0,0.0
1994-07-31,0.0,0.0,0.0673907907282874,0.0673907907282874,0.0,0.0
1994-08-01,0.0,0.0,0.0691020620450778,0.0691020620450778,0.0,0.0
1994-08-02,0.0,0.0,0.0668269001031281,0.0668269001031281,0.0,0.0
1994-08-03,0.0,0.0,0.064790255438303,0.064790255438303,0.0,0.0
1994-08-04,0.0,0.0,0.0629375590240924,0.0629375590240924,0.0,0.0
1994-08-05,0.0,0.0,0.0612827761168075,0.0612827761168075,0.0,0.0
1994-08-06,0.0,0.0,0.0597821913855155,0.0597821913855155,0.0,0.0
1994-08-07,0.0,0.0,0.0584730395838602,0.0584730395838602,0.0,0.0
1994-08-08,0.0,0.0,0.0574725302817808,0.0574725302817808,0.0,0.0
1994-08-09,0.0,0.0,0.0567367126651696,0.0567367126651696,0.0,0.0
1994-08-10,0.0,0.0,0.0561804178670866,0.0561804178670866,0.0,0.0
1994-08-11,0.0,0.0,0.0557761674996612,0.0557761674996612,0.0,0.0
1994-08-12,0.0,0.0,0.0554224987181408,0.0554224987181408,0.0,0.0
1994-08-13,0.0,0.0,0.055074437497314,0.055074437497314,0.0,0.0
1994-08-14,0.0,0.0,0.0547433120218814,0.0547433120218814,0.0,0.0
1994-08-15,0.0,0.0,0.0544210551613267,0.0544210551613267,0.0,0.0
1994-08-16,0.0,0.0,0.054106121753786,0.054106121753786,0.0,0.0
1994-08-17,0.0,0.0,0.0538139149899966,0.0538139149899966,0.0,0.0
1994-08-18,0.0,0.0,0.0535481654144405,0.0535481654144405,0.0,0.0
1994-08-19,0.0,0.0,0.0533103731585579,0.0533103731585579,0.0,0.0
1994-08-20,0.0,0.0,0.0530984676650165,0.0530984676650165,0.0,0.0
1994-08-21,0.0,0.0,0.0529103274355515,0.0529103274355515,0.0,0.0
1994-08-22,0.0,0.0,0.0527391886069443,0.0527391886069443,0.0,0.0
1994-08-23,0.0,0.0,0.0525774680139817,0.0525774680139817,0.0,0.0
1994-08-24,0.0,0.0,0.0524232955975524,0.0524232955975524,0.0,0.0
1994-08-25,0.0,0.0,0.0522754067091822,0.0522754067091822,0.0,0.0
1994-08-26,0.0,0.0,0.0521277666521954,0.0521277666521954,0.0,0.0
1994-08-27,0.0,0.0,0.0519849080882663,0.0519849080882663,0.0,0.0
1994-08-28,0.0,0.0,0.0518584137405504,0.0518584137405504,0.0,0.0
1994-08-29,0.0,0.0,0.0517433971947528,0.0517433971947528,0.0,0.0
1994-08-30,0.0,0.0,0.0516313417644776,0.0516313417644776,0.0,0.0
1994-08-31,0.0,0.0,0.0515215817062183,0.0515215817062183,0.0,0.0
1994-09-01,0.0,0.0,0.0723762800913264,0.0723762800913264,0.0,0.0
1994-09-02,0.0,0.0,0.0722598034795723,0.0722598034795723,0.0,0.0
1994-09-03,0.0,0.0,0.0721637366295793,0.0721637366295793,0.0,0.0
1994-09-04,0.0,0.0,0.0720724446345987,0.0720724446345987,0.0,0.0
1994-09-05,0.0,0.0,0.0719684214166217,0.0719684214166217,0.0,0.0
1994-09-06,0.0,0.0,0.0718522507399097,0.0718522507399097,0.0,0.0
1994-09-07,0.0,0.0,0.0717367798574803,0.0717367798574803,0.0,0.0
1994-09-08,0.0,0.0,0.0716291679855789,0.0716291679855789,0.0,0.0
1994-09-09,0.0,0.0,0.0715358979271695,0.0715358979271695,0.0,0.0
1994-09-10,0.0,0.0,0.071464666491211,0.071464666491211,0.0,0.0
1994-09-11,0.0,0.0,0.0714167504183139,0.0714167504183139,0.0,0.0
1994-09-12,0.0,0.0,0.0825263806492216,0.0825263806492216,0.0,0.0
1994-09-13,0.0,0.0,0.0720109718637588,0.0720109718637588,0.0,0.0
1994-09-14,0.0,0.0,0.0713142024251743,0.0713142024251743,0.0,0.0
1994-09-15,0.0,0.0,0.0712747599829528,0.0712747599829528,0.0,0.0
1994-09-16,0.0,0.0,0.0712125207500712,0.0712125207500712,0.0,0.0
1994-09-17,0.0,0.0,0.0711363434920015,0.0711363434920015,0.0,0.0
1994-09-18,0.0,0.0,0.0710566987085424,0.0710566987085424,0.0,0.0
1994-09-19,0.0,0.0,0.0773644979444637,0.0773644979444637,0.0,0.0
1994-09-20,0.0,0.0,0.0718177710605674,0.0718177710605674,0.0,0.0
1994-09-21,0.0,0.0,0.0708620494272779,0.0708620494272779,0.0,0.0
1994-09-22,0.0,0.0,0.0707944054295011,0.0707944054295011,0.0,0.0
1994-09-23,0.0,0.0,0.1733843490919004,0.1733843490919004,0.0,0.0
1994-09-24,0.0,0.0,0.4742358578757059,0.4742358578757059,0.0,0.0
1994-09-25,0.0,0.0,0.0727882226184127,0.0727882226184127,0.0,0.0
1994-09-26,0.0,0.0,0.0706289067041363,0.0706289067041363,0.0,0.0
1994-09-27,0.0,0.0,0.072565737660282,0.072565737660282,0.0,0.0
1994-09-28,0.0,0.0,0.9952537171418816,0.9952537171418816,0.0,0.0
1994-09-29,0.0,0.0,0.239614187543507,0.239614187543507,0.0,0.0
1994-09-30,0.0,0.0,0.077787705215462,0.077787705215462,0.0,0.0
1994-10-01,0.0,0.0,0.0830109193511035,0.0830109193511035,0.0,0.0
1994-10-02,0.0,0.0,0.0904393283558005,0.0904393283558005,0.0,0.0
1994-10-03,0.0,0.0,1.3017150768828647,1.3017150768828647,0.0,0.0
1994-10-04,0.0,0.0,7.991609706719462,7.991609706719462,0.0,0.0
1994-10-05,0.0,0.0,4.163931331657054,4.163931331657054,0.0,0.0
1994-10-06,0.0,0.0,0.2785340742365848,0.2785340742365848,0.0,0.0
1994-10-07,0.0,0.0,0.4869766655780212,0.4869766655780212,0.0,0.0
1994-10-08,0.0,0.0,0.7321427488592842,0.7321427488592842,0.0,0.0
1994-10-09,0.0,0.0,0.7550216885644582,0.7550216885644582,0.0,0.0
1994-10-10,0.0,0.0,0.6573029478000467,0.6573029478000467,0.0,0.0
1994-10-11,0.0,0.0,0.4416238990051776,0.4416238990051776,0.0,0.0
1994-10-12,0.0,0.0,0.2603225505539838,0.2603225505539838,0.0,0.0
1994-10-13,0.0,0.0,0.1848346916653314,0.1848346916653314,0.0,0.0
1994-10-14,0.0,0.0,0.1401999064538995,0.1401999064538995,0.0,0.0
1994-10-15,0.0,0.0,0.1237253097988774,0.1237253097988774,0.0,0.0
1994-10-16,0.0,0.0,0.1163943280401227,0.1163943280401227,0.0,0.0
1994-10-17,0.0,0.0,0.1128688783681772,0.1128688783681772,0.0,0.0
1994-10-18,0.0,0.0,0.114443881409184,0.114443881409184,0.0,0.0
1994-10-19,0.0,0.0,0.1360346847320707,0.1360346847320707,0.0,0.0
1994-10-20,0.0,0.0,0.1574422405110945,0.1574422405110945,0.0,0.0
1994-10-21,0.0,0.0,0.1662281725046299,0.1662281725046299,0.0,0.0
1994-10-22,0.0,0.0,0.1872573964193775,0.1872573964193775,0.0,0.0
1994-10-23,0.0,0.0,0.2051088003689188,0.2051088003689188,0.0,0.0
1994-10-24,0.0,0.0,0.1843849275318835,0.1843849275318835,0.0,0.0
1994-10-25,0.0,0.0,0.1307253974365566,0.1307253974365566,0.0,0.0
1994-10-26,0.0,0.0,0.1280577720141847,0.1280577720141847,0.0,0.0
1994-10-27,0.0,0.0,0.1298264747298287,0.1298264747298287,0.0,0.0
1994-10-28,0.0,0.0,0.1476292514177285,0.1476292514177285,0.0,0.0
1994-10-29,0.0,0.0,0.120211530966662,0.120211530966662,0.0,0.0
1994-10-30,0.0,0.0,0.0970797476416932,0.0970797476416932,0.0,0.0
1994-10-31,0.0,0.0,0.1067911348961863,0.1067911348961863,0.0,0.0
1994-11-01,0.0,0.0,0.4686952689252469,0.4686952689252469,0.0,0.0
1994-11-02,0.0,0.0,0.4643444558809409,0.4643444558809409,0.0,0.0
1994-11-03,0.0,0.0,0.1191847777537133,0.1191847777537133,0.0,0.0
1994-11-04,0.0,0.0,0.2130849445046346,0.2130849445046346,0.0,0.0
1994-11-05,0.0,0.0,1.4138347121172627,1.4138347121172627,0.0,0.0
1994-11-06,0.0,0.0,3.786486440246801,3.786486440246801,0.0,0.0
1994-11-07,0.0,0.0,0.9244547261566258,0.9244547261566258,0.0,0.0
1994-11-08,0.0,0.0,0.3472752241412656,0.3472752241412656,0.0,0.0
1994-11-09,0.0,0.0,2.691382795590231,2.691382795590231,0.0,0.0
1994-11-10,0.0,0.0,2.054102398772649,2.054102398772649,0.0,0.0
1994-11-11,0.0,0.0,0.1187413449891419,0.1187413449891419,0.0,0.0
1994-11-12,0.0,0.0,0.1289645905107665,0.1289645905107665,0.0,0.0
1994-11-13,0.0,0.0,0.1322311889903856,0.1322311889903856,0.0,0.0
1994-11-14,0.0,0.0,0.1208688478600073,0.1208688478600073,0.0,0.0
1994-11-15,0.0,0.0,0.3956026355735238,0.3956026355735238,0.0,0.0
1994-11-16,0.0,0.0,1.066199490543038,1.066199490543038,0.0,0.0
1994-11-17,0.0,0.0,1.167456135253542,1.167456135253542,0.0,0.0
1994-11-18,0.0,0.0,0.3018731350622219,0.3018731350622219,0.0,0.0
1994-11-19,0.0,0.0,0.1528174510021774,0.1528174510021774,0.0,0.0
1994-11-20,0.0,0.0,0.280115659895298,0.280115659895298,0.0,0.0
1994-11-21,0.0,0.0,0.1692015899427902,0.1692015899427902,0.0,0.0
1994-11-22,0.0,0.0,0.1611162753428773,0.1611162753428773,0.0,0.0
1994-11-23,0.0,0.0,0.2061675358438969,0.2061675358438969,0.0,0.0
1994-11-24,0.0,0.0,0.5498784233981238,0.5498784233981238,0.0,0.0
1994-11-25,0.0,0.0,3.042908184800313,3.042908184800313,0.0,0.0
1994-11-26,0.0,0.0,1.2132434280204851,1.2132434280204851,0.0,0.0
1994-11-27,0.0,0.0,0.1623192690887815,0.1623192690887815,0.0,0.0
1994-11-28,0.0,0.0,0.2241471415483476,0.2241471415483476,0.0,0.0
1994-11-29,0.0,0.0,0.2472703570724915,0.2472703570724915,0.0,0.0
1994-11-30,0.0,0.0,0.337437097586056,0.337437097586056,0.0,0.0
1994-12-01,0.0,0.0,0.3306345466929691,0.3306345466929691,0.0,0.0
1994-12-02,0.0,0.0,0.3739937512683682,0.3739937512683682,0.0,0.0
1994-12-03,0.0,0.0,1.1724515093224657,1.1724515093224657,0.0,0.0
1994-12-04,0.0,0.0,1.1557286522079455,1.1557286522079455,0.0,0.0
1994-12-05,0.0,0.0,0.4982230197588961,0.4982230197588961,0.0,0.0
1994-12-06,0.0,0.0,0.4650455666167622,0.4650455666167622,0.0,0.0
1994-12-07,0.0,0.0,0.3039137356268497,0.3039137356268497,0.0,0.0
1994-12-08,0.0,0.0,0.2215226083326283,0.2215226083326283,0.0,0.0
1994-12-09,0.0,0.0,0.1916446528168477,0.1916446528168477,0.0,0.0
1994-12-10,0.0,0.0,0.2340316342379182,0.2340316342379182,0.0,0.0
1994-12-11,0.0,0.0,0.3145328728020242,0.3145328728020242,0.0,0.0
1994-12-12,0.0,0.0,1.6491665121814922,1.6491665121814922,0.0,0.0
1994-12-13,0.0,0.0,1.0362596800032284,1.0362596800032284,0.0,0.0
1994-12-14,0.0,0.0,0.5679000984733797,0.5679000984733797,0.0,0.0
1994-12-15,0.0,0.0,0.3533334306395966,0.3533334306395966,0.0,0.0
1994-12-16,0.0,0.0,0.3668956286648065,0.3668956286648065,0.0,0.0
1994-12-17,0.0,0.0,0.4023813032576627,0.4023813032576627,0.0,0.0
1994-12-18,0.0,0.0,0.4463396306475378,0.4463396306475378,0.0,0.0
1994-12-19,0.0,0.0,0.3094371527819031,0.3094371527819031,0.0,0.0
1994-12-20,0.0,0.0,0.3603000055896028,0.3603000055896028,0.0,0.0
1994-12-21,0.0,0.0,0.3898424275908216,0.3898424275908216,0.0,0.0
1994-12-22,0.0,0.0,0.4298340242296646,0.4298340242296646,0.0,0.0
1994-12-23,0.0,0.0,1.732913846312774,1.732913846312774,0.0,0.0
1994-12-24,0.0,0.0,4.319327874238926,4.319327874238926,0.0,0.0
1994-12-25,0.0,0.0,1.7338898651235188,1.7338898651235188,0.0,0.0
1994-12-26,0.0,0.0,0.2373926914604853,0.2373926914604853,0.0,0.0
1994-12-27,0.0,0.0,0.5111625348676571,0.5111625348676571,0.0,0.0
1994-12-28,0.0,0.0,0.3720185211114164,0.3720185211114164,0.0,0.0
1994-12-29,0.0,0.0,0.2769336356520009,0.2769336356520009,0.0,0.0
1994-12-30,0.0,0.0,0.229042178334366,0.229042178334366,0.0,0.0
1994-12-31,0.0,0.0,0.2242922032831099,0.2242922032831099,0.0,0.0
1995-01-01,0.0,0.0,0.1820654413761931,0.1820654413761931,0.0,0.0
1995-01-02,0.0,0.0,0.2868793470479742,0.2868793470479742,0.0,0.0
1995-01-03,0.0,0.0,0.4542707304496779,0.4542707304496779,0.0,0.0
1995-01-04,0.0,0.0,7.098081838196283,7.098081838196283,0.0,0.0
1995-01-05,0.0,0.0,8.218882885338097,8.218882885338097,0.0,0.0
1995-01-06,0.0,0.0,2.646969070713335,2.646969070713335,0.0,0.0
1995-01-07,0.0,0.0,3.689384621030361,3.689384621030361,0.0,0.0
1995-01-08,0.0,0.0,6.725739088906083,6.725739088906083,0.0,0.0
1995-01-09,0.002593712823416931,0.002593712823416931,10.0,10.0,0.0,0.0
1995-01-10,0.0021614273519828717,0.0021614273519828717,10.0,10.0,0.0,0.0
1995-01-11,0.0021614273519828717,0.0021614273519828717,10.0,10.0,0.0,0.0
1995-01-12,0.0021614273519828717,0.0021614273519828717,10.0,10.0,0.0,0.0
1995-01-13,0.0021614273519828717,0.0021614273519828717,10.0,10.0,0.0,0.0
1995-01-14,0.0021614273519828717,0.0021614273519828717,10.0,10.0,0.0,0.0
1995-01-15,0.0021614273519828717,0.0021614273519828717,10.0,10.0,0.0,0.0
1995-01-16,0.0021614273519828717,0.0021614273519828717,10.0,10.0,0.0,0.0
1995-01-17,0.0021614273519828717,0.0021614273519828717,10.0,10.0,0.0,0.0
1995-01-18,0.0021614273519828717,0.0021614273519828717,10.0,10.0,0.0,0.0
1995-01-19,0.0021614273519828717,0.0021614273519828717,10.0,10.0,0.0,0.0
1995-01-20,0.0021614273519828717,0.0021614273519828717,10.0,10.0,0.0,0.0
1995-01-21,0.0021614273519828717,0.0021614273519828717,10.0,10.0,0.0,0.0
1995-01-22,0.0018526520159853187,0.0018526520159853187,10.0,10.0,0.0,0.0
1995-01-23,0.0018526520159853187,0.0018526520159853187,10.0,10.0,0.0,0.0
1995-01-24,0.0021614273519828717,0.0021614273519828717,10.0,10.0,0.0,0.0
1995-01-25,0.0021614273519828717,0.0021614273519828717,10.0,10.0,0.0,0.0
1995-01-26,0.0021614273519828717,0.0021614273519828717,10.0,10.0,0.0,0.0
1995-01-27,0.0021614273519828717,0.0021614273519828717,10.0,10.0,0.0,0.0
1995-01-28,0.0021614273519828717,0.0021614273519828717,10.0,10.0,0.0,0.0
1995-01-29,0.0021614273519828717,0.0021614273519828717,10.0,10.0,0.0,0.0
1995-01-30,0.002593712823416931,0.002593712823416931,10.0,10.0,0.0,0.0
1995-01-31,0.002593712823416931,0.002593712823416931,10.0,10.0,0.0,0.0
1995-02-01,0.002593712823416931,0.002593712823416931,10.0,10.0,0.0,0.0
1995-02-02,0.002593712823416931,0.002593712823416931,10.0,10.0,0.0,0.0
1995-02-03,0.002593712823416931,0.002593712823416931,10.0,10.0,0.0,0.0
1995-02-04,0.002593712823416931,0.002593712823416931,10.0,10.0,0.0,0.0
1995-02-05,0.002593712823416931,0.002593712823416931,10.0,10.0,0.0,0.0
1995-02-06,0.002593712823416931,0.002593712823416931,10.0,10.0,0.0,0.0
1995-02-07,0.002593712823416931,0.002593712823416931,10.0,10.0,0.0,0.0
1995-02-08,0.002593712823416931,0.002593712823416931,10.0,10.0,0.0,0.0
1995-02-09,0.002593712823416931,0.002593712823416931,10.0,10.0,0.0,0.0
1995-02-10,0.002593712823416931,0.002593712823416931,6.853621494818455,6.853621494818455,0.0,0.0
1995-02-11,0.002593712823416931,0.002593712823416931,4.70482196427127,4.70482196427127,0.0,0.0
1995-02-12,0.002593712823416931,0.002593712823416931,4.4256053703150195,4.4256053703150195,0.0,0.0
1995-02-13,0.002593712823416931,0.002593712823416931,5.80849007147124,5.80849007147124,0.0,0.0
1995-02-14,0.002593712823416931,0.002593712823416931,5.212957555410466,5.212957555410466,0.0,0.0
1995-02-15,0.002593712823416931,0.002593712823416931,4.039886365388455,4.039886365388455,0.0,0.0
1995-02-16,0.0038905692351253966,0.0038905692351253966,4.054180438708281,4.054180438708281,0.0,0.0
1995-02-17,0.0038905692351253966,0.0038905692351253966,4.05780429603993,4.05780429603993,0.0,0.0
1995-02-18,0.0038905692351253966,0.0038905692351253966,4.071186935975327,4.071186935975327,0.0,0.0
1995-02-19,0.0038905692351253966,0.0038905692351253966,4.153572980153535,4.153572980153535,0.0,0.0
1995-02-20,0.0038905692351253966,0.0038905692351253966,4.33137648325337,4.33137648325337,0.0,0.0
1995-02-21,0.0038905692351253966,0.0038905692351253966,4.657205625169402,4.657205625169402,0.0,0.0
1995-02-22,0.0038905692351253966,0.0038905692351253966,4.701611688992979,4.701611688992979,0.0,0.0
1995-02-23,0.0021614273519828717,0.0021614273519828717,4.781628835103068,4.781628835103068,0.0,0.0
1995-02-24,0.0021614273519828717,0.0021614273519828717,5.420115304539611,5.420115304539611,0.0,0.0
1995-02-25,0.0021614273519828717,0.0021614273519828717,5.451142914867942,5.451142914867942,0.0,0.0
1995-02-26,0.0021614273519828717,0.0021614273519828717,5.170789732225332,5.170789732225332,0.0,0.0
1995-02-27,0.0021614273519828717,0.0021614273519828717,4.715005650406586,4.715005650406586,0.0,0.0
1995-02-28,0.0029642432271327376,0.0029642432271327376,4.190859353290017,4.190859353290017,0.0,0.0
1995-03-01,0.0029642432271327376,0.0029642432271327376,3.432236673035654,3.432236673035654,0.0,0.0
1995-03-02,0.002593712823416931,0.002593712823416931,7.251327412840168,7.251327412840168,0.0,0.0
1995-03-03,0.002593712823416931,0.002593712823416931,7.416853771689134,7.416853771689134,0.0,0.0
1995-03-04,0.002593712823416931,0.002593712823416931,4.625363029584915,4.625363029584915,0.0,0.0
1995-03-05,0.0029642432271327376,0.0029642432271327376,4.205120981749599,4.205120981749599,0.0,0.0
1995-03-06,0.0170443985527711,0.0170443985527711,4.065730531308279,4.065730531308279,0.0,0.0
1995-03-07,0.01963811137618803,0.01963811137618803,3.985277515971056,3.985277515971056,0.0,0.0
1995-03-08,0.019267580975065937,0.019267580975065937,6.364353315778076,6.364353315778076,0.0,0.0
1995-03-09,0.018897050571350132,0.018897050571350132,10.0,10.0,0.0,0.0
1995-03-10,0.018897050571350132,0.018897050571350132,10.000000000000004,10.000000000000004,0.0,0.0
1995-03-11,0.020008641779903837,0.020008641779903837,9.999999999999991,9.999999999999991,0.0,0.0
1995-03-12,0.02037917218361964,0.02037917218361964,10.000000000000004,10.000000000000004,0.0,0.0
1995-03-13,0.02334341541075238,0.02334341541075238,9.999999999999998,9.999999999999998,0.0,0.0
1995-03-14,0.023713945814468188,0.023713945814468188,10.00000000000001,10.00000000000001,0.0,0.0
1995-03-15,0.02334341541075238,0.02334341541075238,9.999999999999998,9.999999999999998,0.0,0.0
1995-03-16,0.02704871944791044,0.02704871944791044,10.000000000000009,10.000000000000009,0.0,0.0
1995-03-17,0.02741924984384511,0.02741924984384511,9.999999999999986,9.999999999999986,0.0,0.0
1995-03-18,0.02223182419960496,0.02223182419960496,9.99999999999999,9.99999999999999,0.0,0.0
1995-03-19,0.018897050571350132,0.018897050571350132,10.000000000000004,10.000000000000004,0.0,0.0
1995-03-20,0.018526520167634324,0.018526520167634324,9.999999999999991,9.999999999999991,0.0,0.0
1995-03-21,0.02223182419960496,0.02223182419960496,9.99999999999999,9.99999999999999,0.0,0.0
1995-03-22,0.02853084105758624,0.02853084105758624,9.999999999999988,9.999999999999988,0.0,0.0
1995-03-23,0.03408879710035477,0.03408879710035477,10.000000000000012,10.000000000000012,0.0,0.0
1995-03-24,0.03779410113751284,0.03779410113751284,9.999999999999995,9.999999999999995,0.0,0.0
1995-03-25,0.038164631533447506,0.038164631533447506,10.0,10.0,0.0,0.0
1995-03-26,0.04409311799808782,0.04409311799808782,10.000000000000014,10.000000000000014,0.0,0.0
1995-03-27,0.04261099638841203,0.04261099638841203,10.000000000000007,10.000000000000007,0.0,0.0
1995-03-28,0.040758344356864436,0.040758344356864436,10.000000000000009,10.000000000000009,0.0,0.0
1995-03-29,0.038164631533447506,0.038164631533447506,10.0,10.0,0.0,0.0
1995-03-30,0.0414994051746709,0.0414994051746709,10.000000000000005,10.000000000000005,0.0,0.0
1995-03-31,0.0414994051746709,0.0414994051746709,10.000000000000005,10.000000000000005,0.0,0.0
1995-04-01,0.08688937958446719,0.08688937958446719,10.00000000000001,10.00000000000001,0.0,0.0
1995-04-02,0.06873338982054866,0.06873338982054866,10.000000000000002,10.000000000000002,0.0,0.0
1995-04-03,0.06873338982054866,0.06873338982054866,10.000000000000002,10.000000000000002,0.0,0.0
1995-04-04,0.07392081546738254,0.07392081546738254,9.999999999999993,9.999999999999993,0.0,0.0
1995-04-05,0.07521767187909101,0.07521767187909101,10.00000000000001,10.00000000000001,0.0,0.0
1995-04-06,0.07262395905567408,0.07262395905567408,10.00000000000003,10.00000000000003,0.0,0.0
1995-04-07,0.07262395905567408,0.07262395905567408,10.000000000000002,10.000000000000002,0.0,0.0
1995-04-08,0.07262395905567408,0.07262395905567408,10.000000000000002,10.000000000000002,0.0,0.0
1995-04-09,0.06484282058542327,0.06484282058542327,10.000000000000002,10.000000000000002,0.0,0.0
1995-04-10,0.07781138470250792,0.07781138470250792,9.999999999999991,9.999999999999991,0.0,0.0
1995-04-11,0.08040509752592487,0.08040509752592487,10.000000000000002,10.000000000000002,0.0,0.0
1995-04-12,0.09207680523130105,0.09207680523130105,10.0,10.0,0.0,0.0
1995-04-13,0.07651452829079947,0.07651452829079947,10.000000000000002,10.000000000000002,0.0,0.0
1995-04-14,0.07651452829079947,0.07651452829079947,10.000000000000002,10.000000000000002,0.0,0.0
1995-04-15,0.06484282058542327,0.06484282058542327,10.000000000000002,10.000000000000002,0.0,0.0
1995-04-16,0.06484282058542327,0.06484282058542327,9.999999999999973,9.999999999999973,0.0,0.0
1995-04-17,0.06484282058542327,0.06484282058542327,10.000000000000002,10.000000000000002,0.0,0.0
1995-04-18,0.06484282058542327,0.06484282058542327,10.000000000000002,10.000000000000002,0.0,0.0
1995-04-19,0.0829988103493418,0.0829988103493418,10.00000000000001,10.00000000000001,0.0,0.0
1995-04-20,0.0829988103493418,0.0829988103493418,10.00000000000001,10.00000000000001,0.0,0.0
1995-04-21,0.08429566676105026,0.08429566676105026,10.0,10.0,0.0,0.0
1995-04-22,0.0907799488195926,0.0907799488195926,10.000000000000009,10.000000000000009,0.0,0.0
1995-04-23,0.09207680523130105,0.09207680523130105,10.0,10.0,0.0,0.0
1995-04-24,0.10374851293667725,0.10374851293667725,9.999999999999998,9.999999999999998,0.0,0.0
1995-04-25,0.10374851293667725,0.10374851293667725,9.999999999999998,9.999999999999998,0.0,0.0
1995-04-26,0.10115480011326032,0.10115480011326032,9.99999999999999,9.99999999999999,0.0,0.0
1995-04-27,0.10374851293667725,0.10374851293667725,9.999999999999998,9.999999999999998,0.0,0.0
1995-04-28,0.10245165652496876,0.10245165652496876,10.000000000000009,10.000000000000009,0.0,0.0
1995-04-29,0.0972642308781349,0.0972642308781349,9.99999999999999,9.99999999999999,0.0,0.0
1995-04-30,0.07651452829079947,0.07651452829079947,10.000000000000002,10.000000000000002,0.0,0.0
1995-05-01,0.07781138470250792,0.07781138470250792,9.999999999999991,9.999999999999991,0.0,0.0
1995-05-02,0.06484282058542327,0.06484282058542327,10.000000000000002,10.000000000000002,0.0,0.0
1995-05-03,0.06484282058542327,0.06484282058542327,10.000000000000002,10.000000000000002,0.0,0.0
1995-05-04,0.06354596417371482,0.06354596417371482,10.000000000000012,10.000000000000012,0.0,0.0
1995-05-05,0.06354596417371482,0.06354596417371482,10.000000000000012,10.000000000000012,0.0,0.0
1995-05-06,0.06354596417371482,0.06354596417371482,10.000000000000012,10.000000000000012,0.0,0.0
1995-05-07,0.06484282058542327,0.06484282058542327,10.000000000000002,10.000000000000002,0.0,0.0
1995-05-08,0.07003024623225713,0.07003024623225713,9.999999999999993,9.999999999999993,0.0,0.0
1995-05-09,0.06873338982054866,0.06873338982054866,10.000000000000002,10.000000000000002,0.0,0.0
1995-05-10,0.07003024623225713,0.07003024623225713,9.999999999999993,9.999999999999993,0.0,0.0
1995-05-11,0.07132710264396559,0.07132710264396559,10.00000000000001,10.00000000000001,0.0,0.0
1995-05-12,0.0907799488195926,0.0907799488195926,10.000000000000009,10.000000000000009,0.0,0.0
1995-05-13,0.10374851293667725,0.10374851293667725,9.999999999999998,9.999999999999998,0.0,0.0
1995-05-14,0.1089359385835111,0.1089359385835111,9.99999999999999,9.99999999999999,0.0,0.0
1995-05-15,0.11152965140692804,0.11152965140692804,9.999999999999998,9.999999999999998,0.0,0.0
1995-05-16,0.12320135911230422,0.12320135911230422,9.999999999999996,9.999999999999996,0.0,0.0
1995-05-17,0.12320135911230422,0.12320135911230422,9.999999999999996,9.999999999999996,0.0,0.0
1995-05-18,0.11282650781863648,0.11282650781863648,9.999999999999988,9.999999999999988,0.0,0.0
1995-05-19,0.11282650781863648,0.11282650781863648,9.999999999999988,9.999999999999988,0.0,0.0
1995-05-20,0.11152965140692804,0.11152965140692804,9.999999999999998,9.999999999999998,0.0,0.0
1995-05-21,0.11282650781863648,0.11282650781863648,9.999999999999988,9.999999999999988,0.0,0.0
1995-05-22,0.14006049246451427,0.14006049246451427,9.999999999999986,9.999999999999986,0.0,0.0
1995-05-23,0.14006049246451427,0.14006049246451427,9.999999999999986,9.999999999999986,0.0,0.0
1995-05-24,0.14135734887622275,0.14135734887622275,10.000000000000004,10.000000000000004,0.0,0.0
1995-05-25,0.14135734887622275,0.14135734887622275,10.000000000000004,10.000000000000004,0.0,0.0
1995-05-26,0.14913848734647353,0.14913848734647353,10.000000000000004,10.000000000000004,0.0,0.0
1995-05-27,0.14654477452305661,0.14654477452305661,9.999999999999995,9.999999999999995,0.0,0.0
1995-05-28,0.14913848734647353,0.14913848734647353,10.000000000000004,10.000000000000004,0.0,0.0
1995-05-29,0.15173220016989047,0.15173220016989047,10.000000000000012,10.000000000000012,0.0,0.0
1995-05-30,0.14913848734647353,0.14913848734647353,10.000000000000004,10.000000000000004,0.0,0.0
1995-05-31,0.15173220016989047,0.15173220016989047,9.999999999999984,9.999999999999984,0.0,0.0
1995-06-01,0.15173220016989047,0.15173220016989047,9.999999999999984,9.999999999999984,0.0,0.0
1995-06-02,0.13357621040597195,0.13357621040597195,10.000000000000005,10.000000000000005,0.0,0.0
1995-06-03,0.14913848734647353,0.14913848734647353,10.000000000000004,10.000000000000004,0.0,0.0
1995-06-04,0.14524791811134816,0.14524791811134816,10.000000000000004,10.000000000000004,0.0,0.0
1995-06-05,0.14524791811134816,0.14524791811134816,10.000000000000004,10.000000000000004,0.0,0.0
1995-06-06,0.1582164822284328,0.1582164822284328,10.000000000000021,10.000000000000021,0.0,0.0
1995-06-07,0.15173220016989047,0.15173220016989047,9.999999999999984,9.999999999999984,0.0,0.0
1995-06-08,0.15173220016989047,0.15173220016989047,9.999999999999984,9.999999999999984,0.0,0.0
1995-06-09,0.15173220016989047,0.15173220016989047,9.999999999999984,9.999999999999984,0.0,0.0
1995-06-10,0.15173220016989047,0.15173220016989047,9.999999999999984,9.999999999999984,0.0,0.0
1995-06-11,0.15173220016989047,0.15173220016989047,9.999999999999984,9.999999999999984,0.0,0.0
1995-06-12,0.14913848734647353,0.14913848734647353,10.000000000000004,10.000000000000004,0.0,0.0
1995-06-13,0.1659976206986836,0.1659976206986836,10.00000000000002,10.00000000000002,0.0,0.0
1995-06-14,0.1647007642869751,0.1647007642869751,10.000000000000002,10.000000000000002,0.0,0.0
1995-06-15,0.16340390787526665,0.16340390787526665,9.999999999999982,9.999999999999982,0.0,0.0
1995-06-16,0.15562276940501585,0.15562276940501585,9.999999999999984,9.999999999999984,0.0,0.0
1995-06-17,0.15562276940501585,0.15562276940501585,9.999999999999984,9.999999999999984,0.0,0.0
1995-06-18,0.15691962581672436,0.15691962581672436,10.000000000000002,10.000000000000002,0.0,0.0
1995-06-19,0.15562276940501585,0.15562276940501585,9.999999999999984,9.999999999999984,0.0,0.0
1995-06-20,0.15562276940501585,0.15562276940501585,9.999999999999984,9.999999999999984,0.0,0.0
1995-06-21,0.1543259129933074,0.1543259129933074,10.000000000000021,10.000000000000021,0.0,0.0
1995-06-22,0.16340390787526665,0.16340390787526665,9.999999999999982,9.999999999999982,0.0,0.0
1995-06-23,0.1647007642869751,0.1647007642869751,10.000000000000002,10.000000000000002,0.0,0.0
1995-06-24,0.16210705146355817,0.16210705146355817,10.000000000000021,10.000000000000021,0.0,0.0
1995-06-25,0.16210705146355817,0.16210705146355817,10.000000000000021,10.000000000000021,0.0,0.0
1995-06-26,0.17118504634551746,0.17118504634551746,9.999999999999982,9.999999999999982,0.0,0.0
1995-06-27,0.17118504634551746,0.17118504634551746,9.999999999999982,9.999999999999982,0.0,0.0
1995-06-28,0.15951333864014125,0.15951333864014125,9.999999999999984,9.999999999999984,0.0,0.0
1995-06-29,0.15302905658159893,0.15302905658159893,10.000000000000004,10.000000000000004,0.0,0.0
1995-06-30,0.16340390787526665,0.16340390787526665,9.999999999999982,9.999999999999982,0.0,0.0
1995-07-01,0.16340390787526665,0.16340390787526665,9.999999999999982,9.999999999999982,0.0,0.0
1995-07-02,0.16340390787526665,0.16340390787526665,9.999999999999982,9.999999999999982,0.0,0.0
1995-07-03,0.16340390787526665,0.16340390787526665,9.999999999999982,9.999999999999982,0.0,0.0
1995-07-04,0.16340390787526665,0.16340390787526665,9.999999999999982,9.999999999999982,0.0,0.0
1995-07-05,0.16340390787526665,0.16340390787526665,9.999999999999982,9.999999999999982,0.0,0.0
1995-07-06,0.16340390787526665,0.16340390787526665,9.999999999999982,9.999999999999982,0.0,0.0
1995-07-07,0.15951333864014125,0.15951333864014125,9.999999999999984,9.999999999999984,0.0,0.0
1995-07-08,0.15691962581672436,0.15691962581672436,10.000000000000002,10.000000000000002,0.0,0.0
1995-07-09,0.16729447711039205,0.16729447711039205,9.999999999999925,9.999999999999925,0.0,0.0
1995-07-10,0.17248190275722594,0.17248190275722594,10.0,10.0,0.0,0.0
1995-07-11,0.1685913335221005,0.1685913335221005,10.000000000000002,10.000000000000002,0.0,0.0
1995-07-12,0.16340390787526665,0.16340390787526665,9.999999999999982,9.999999999999982,0.0,0.0
1995-07-13,0.16340390787526665,0.16340390787526665,9.999999999999982,9.999999999999982,0.0,0.0
1995-07-14,0.1543259129933074,0.1543259129933074,10.000000000000021,10.000000000000021,0.0,0.0
1995-07-15,0.15951333864014125,0.15951333864014125,9.999999999999984,9.999999999999984,0.0,0.0
1995-07-16,0.16340390787526665,0.16340390787526665,9.999999999999982,9.999999999999982,0.0,0.0
1995-07-17,0.16081019505184974,0.16081019505184974,10.000000000000059,10.000000000000059,0.0,0.0
1995-07-18,0.16340390787526665,0.16340390787526665,9.999999999999982,9.999999999999982,0.0,0.0
1995-07-19,0.1647007642869751,0.1647007642869751,10.000000000000002,10.000000000000002,0.0,0.0
1995-07-20,0.16081019505184974,0.16081019505184974,10.000000000000002,10.000000000000002,0.0,0.0
1995-07-21,0.169888189933809,0.169888189933809,10.00000000000002,10.00000000000002,0.0,0.0
1995-07-22,0.16729447711039205,0.16729447711039205,9.999999999999982,9.999999999999982,0.0,0.0
1995-07-23,0.16729447711039205,0.16729447711039205,9.999999999999982,9.999999999999982,0.0,0.0
1995-07-24,0.16729447711039205,0.16729447711039205,9.999999999999982,9.999999999999982,0.0,0.0
1995-07-25,0.1659976206986836,0.1659976206986836,10.00000000000002,10.00000000000002,0.0,0.0
1995-07-26,0.16729447711039205,0.16729447711039205,9.999999999999982,9.999999999999982,0.0,0.0
1995-07-27,0.16729447711039205,0.16729447711039205,9.999999999999982,9.999999999999982,0.0,0.0
1995-07-28,0.16340390787526665,0.16340390787526665,9.999999999999982,9.999999999999982,0.0,0.0
1995-07-29,0.1659976206986836,0.1659976206986836,10.00000000000002,10.00000000000002,0.0,0.0
1995-07-30,0.1647007642869751,0.1647007642869751,10.000000000000002,10.000000000000002,0.0,0.0
1995-07-31,0.1647007642869751,0.1647007642869751,10.000000000000002,10.000000000000002,0.0,0.0
1995-08-01,0.16729447711039205,0.16729447711039205,9.999999999999982,9.999999999999982,0.0,0.0
1995-08-02,0.15302905658159893,0.15302905658159893,10.000000000000004,10.000000000000004,0.0,0.0
1995-08-03,0.1543259129933074,0.1543259129933074,10.000000000000021,10.000000000000021,0.0,0.0
1995-08-04,0.15562276940501585,0.15562276940501585,9.999999999999984,9.999999999999984,0.0,0.0
1995-08-05,0.15302905658159893,0.15302905658159893,10.000000000000004,10.000000000000004,0.0,0.0
1995-08-06,0.1543259129933074,0.1543259129933074,10.000000000000021,10.000000000000021,0.0,0.0
1995-08-07,0.16081019505184974,0.16081019505184974,10.000000000000002,10.000000000000002,0.0,0.0
1995-08-08,0.1543259129933074,0.1543259129933074,10.000000000000021,10.000000000000021,0.0,0.0
1995-08-09,0.14654477452305661,0.14654477452305661,10.000000000000023,10.000000000000023,0.0,0.0
1995-08-10,0.14654477452305661,0.14654477452305661,10.000000000000023,10.000000000000023,0.0,0.0
1995-08-11,0.14654477452305661,0.14654477452305661,10.000000000000023,10.000000000000023,0.0,0.0
1995-08-12,0.1543259129933074,0.1543259129933074,10.000000000000021,10.000000000000021,0.0,0.0
1995-08-13,0.14524791811134816,0.14524791811134816,10.000000000000004,10.000000000000004,0.0,0.0
1995-08-14,0.15302905658159893,0.15302905658159893,10.000000000000004,10.000000000000004,0.0,0.0
1995-08-15,0.14524791811134816,0.14524791811134816,10.000000000000004,10.000000000000004,0.0,0.0
1995-08-16,0.14524791811134816,0.14524791811134816,10.000000000000004,10.000000000000004,0.0,0.0
1995-08-17,0.14006049246451427,0.14006049246451427,9.999999999999986,9.999999999999986,0.0,0.0
1995-08-18,0.13487306681768044,0.13487306681768044,10.000000000000023,10.000000000000023,0.0,0.0
1995-08-19,0.12190450270059575,0.12190450270059575,10.000000000000005,10.000000000000005,0.0,0.0
1995-08-20,0.12320135911230422,0.12320135911230422,10.000000000000025,10.000000000000025,0.0,0.0
1995-08-21,0.1089359385835111,0.1089359385835111,9.99999999999999,9.99999999999999,0.0,0.0
1995-08-22,0.1089359385835111,0.1089359385835111,9.99999999999999,9.99999999999999,0.0,0.0
1995-08-23,0.10504536934838571,0.10504536934838571,9.99999999999999,9.99999999999999,0.0,0.0
1995-08-24,0.10504536934838571,0.10504536934838571,9.99999999999999,9.99999999999999,0.0,0.0
1995-08-25,0.11931078987717883,0.11931078987717883,10.000000000000025,10.000000000000025,0.0,0.0
1995-08-26,0.11801393346547037,0.11801393346547037,10.000000000000007,10.000000000000007,0.0,0.0
1995-08-27,0.12968564117084655,0.12968564117084655,10.000000000000005,10.000000000000005,0.0,0.0
1995-08-28,0.12190450270059575,0.12190450270059575,10.000000000000005,10.000000000000005,0.0,0.0
1995-08-29,0.1089359385835111,0.1089359385835111,9.99999999999999,9.99999999999999,0.0,0.0
1995-08-30,0.10374851293667725,0.10374851293667725,10.000000000000027,10.000000000000027,0.0,0.0
1995-08-31,0.10245165652496876,0.10245165652496876,10.000000000000009,10.000000000000009,0.0,0.0
1995-09-01,0.10245165652496876,0.10245165652496876,10.000000000000009,10.000000000000009,0.0,0.0
1995-09-02,0.10374851293667725,0.10374851293667725,9.999999999999998,9.999999999999998,0.0,0.0
1995-09-03,0.10374851293667725,0.10374851293667725,9.999999999999998,9.999999999999998,0.0,0.0
1995-09-04,0.10374851293667725,0.10374851293667725,9.999999999999998,9.999999999999998,0.0,0.0
1995-09-05,0.10374851293667725,0.10374851293667725,9.999999999999998,9.999999999999998,0.0,0.0
1995-09-06,0.10374851293667725,0.10374851293667725,9.999999999999998,9.999999999999998,0.0,0.0
1995-09-07,0.11801393346547037,0.11801393346547037,10.000000000000007,10.000000000000007,0.0,0.0
1995-09-08,0.11801393346547037,0.11801393346547037,10.000000000000007,10.000000000000007,0.0,0.0
1995-09-09,0.1167170770537619,0.1167170770537619,9.999999999999988,9.999999999999988,0.0,0.0
1995-09-10,0.11542022064205343,0.11542022064205343,9.999999999999996,9.999999999999996,0.0,0.0
1995-09-11,0.1167170770537619,0.1167170770537619,9.999999999999988,9.999999999999988,0.0,0.0
1995-09-12,0.1089359385835111,0.1089359385835111,9.99999999999999,9.99999999999999,0.0,0.0
1995-09-13,0.08818623599617564,0.08818623599617564,10.0,10.0,0.0,0.0
1995-09-14,0.08818623599617564,0.08818623599617564,10.0,10.0,0.0,0.0
1995-09-15,0.07392081546738254,0.07392081546738254,9.999999999999993,9.999999999999993,0.0,0.0
1995-09-16,0.07392081546738254,0.07392081546738254,10.000000000000007,10.000000000000007,0.0,0.0
1995-09-17,0.07392081546738254,0.07392081546738254,9.999999999999993,9.999999999999993,0.0,0.0
1995-09-18,0.07392081546738254,0.07392081546738254,9.999999999999993,9.999999999999993,0.0,0.0
1995-09-19,0.07392081546738254,0.07392081546738254,9.999999999999993,9.999999999999993,0.0,0.0
1995-09-20,0.07392081546738254,0.07392081546738254,9.999999999999993,9.999999999999993,0.0,0.0
1995-09-21,0.0907799488195926,0.0907799488195926,9.999999999999995,9.999999999999995,0.0,0.0
1995-09-22,0.09467051805471799,0.09467051805471799,9.999999999999995,9.999999999999995,0.0,0.0
1995-09-23,0.10115480011326032,0.10115480011326032,10.00000000000001,10.00000000000001,0.0,0.0
1995-09-24,0.08818623599617564,0.08818623599617564,10.0,10.0,0.0,0.0
1995-09-25,0.08170195393763333,0.08170195393763333,9.999999999999998,9.999999999999998,0.0,0.0
1995-09-26,0.08170195393763333,0.08170195393763333,9.999999999999995,9.999999999999995,0.0,0.0
1995-09-27,0.07392081546738254,0.07392081546738254,10.0,10.0,0.0,0.0
1995-09-28,0.06743653340884022,0.06743653340884022,9.999999999999998,9.999999999999998,0.0,0.0
1995-09-29,0.06873338982054866,0.06873338982054866,10.0,10.0,0.0,0.0
1995-09-30,0.07003024623225713,0.07003024623225713,2.0534616131837895,2.0534616131837895,0.0,0.0
1995-10-01,0.042796261586379364,0.042796261586379364,0.3871158626981309,0.3871158626981309,0.0,0.0
1995-10-02,0.042796261586379364,0.042796261586379364,0.3719034846118622,0.3719034846118622,0.0,0.0
1995-10-03,0.042796261586379364,0.042796261586379364,0.3565422804310624,0.3565422804310624,0.0,0.0
1995-10-04,0.042796261586379364,0.042796261586379364,0.3365232512481433,0.3365232512481433,0.0,0.0
1995-10-05,0.042796261586379364,0.042796261586379364,0.3184760524719292,0.3184760524719292,0.0,0.0
1995-10-06,0.042796261586379364,0.042796261586379364,0.3070619364773298,0.3070619364773298,0.0,0.0
1995-10-07,0.0414994051746709,0.0414994051746709,0.29558821323034173,0.29558821323034173,0.0,0.0
1995-10-08,0.05576482570346402,0.05576482570346402,0.2650628686912507,0.2650628686912507,0.0,0.0
1995-10-09,0.05706168211517248,0.05706168211517248,0.25116252216309454,0.25116252216309454,0.0,0.0
1995-10-10,0.04668683082150476,0.04668683082150476,0.2521745182955502,0.2521745182955502,0.0,0.0
1995-10-11,0.0453899744097963,0.0453899744097963,0.2438287225731754,0.2438287225731754,0.0,0.0
1995-10-12,0.0453899744097963,0.0453899744097963,0.2340088449858015,0.2340088449858015,0.0,0.0
1995-10-13,0.0453899744097963,0.0453899744097963,0.22726727482242787,0.22726727482242787,0.0,0.0
1995-10-14,0.0453899744097963,0.0453899744097963,0.22387209635673977,0.22387209635673977,0.0,0.0
1995-10-15,0.03631197952783704,0.03631197952783704,0.22569240681166053,0.22569240681166053,0.0,0.0
1995-10-16,0.042796261586379364,0.042796261586379364,0.20707325179488903,0.20707325179488903,0.0,0.0
1995-10-17,0.04409311799808782,0.04409311799808782,0.20411894173520428,0.20411894173520428,0.0,0.0
1995-10-18,0.042796261586379364,0.042796261586379364,0.20153347149860515,0.20153347149860515,0.0,0.0
1995-10-19,0.042796261586379364,0.042796261586379364,0.19971872015546313,0.19971872015546313,0.0,0.0
1995-10-20,0.042796261586379364,0.042796261586379364,0.19636581233408404,0.19636581233408404,0.0,0.0
1995-10-21,0.042796261586379364,0.042796261586379364,0.19166450399350343,0.19166450399350343,0.0,0.0
1995-10-22,0.042796261586379364,0.042796261586379364,0.18015945487348514,0.18015945487348514,0.0,0.0
1995-10-23,0.042796261586379364,0.042796261586379364,0.17258537603835603,0.17258537603835603,0.0,0.0
1995-10-24,0.04928054364492169,0.04928054364492169,0.15992188484623193,0.15992188484623193,0.0,0.0
1995-10-25,0.04928054364492169,0.04928054364492169,0.1526848172534633,0.1526848172534633,0.0,0.0
1995-10-26,0.03371826670442011,0.03371826670442011,0.1609383577321792,0.1609383577321792,0.0,0.0
1995-10-27,0.03242141029271164,0.03242141029271164,0.15817990265415735,0.15817990265415735,0.0,0.0
1995-10-28,0.03371826670442011,0.03371826670442011,0.1553606923187385,0.1553606923187385,0.0,0.0
1995-10-29,0.03371826670442011,0.03371826670442011,0.1459863200179552,0.1459863200179552,0.0,0.0
1995-10-30,0.03371826670442011,0.03371826670442011,0.1405762268145029,0.1405762268145029,0.0,0.0
1995-10-31,0.012968564117084656,0.012968564117084656,0.15542010700915654,0.15542010700915654,0.0,0.0
1995-11-01,0.012968564117084656,0.012968564117084656,0.14791165076503304,0.14791165076503304,0.0,0.0
1995-11-02,0.012968564117084656,0.012968564117084656,0.14430075590102864,0.14430075590102864,0.0,0.0
1995-11-03,0.012968564117084656,0.012968564117084656,0.14200145882707693,0.14200145882707693,0.0,0.0
1995-11-04,0.012968564117084656,0.012968564117084656,0.13914380533754925,0.13914380533754925,0.0,0.0
1995-11-05,0.012968564117084656,0.012968564117084656,0.13609850118887024,0.13609850118887024,0.0,0.0
1995-11-06,0.010374851293667725,0.010374851293667725,0.13566703557208928,0.13566703557208928,0.0,0.0
1995-11-07,0.00907799488195926,0.00907799488195926,0.13569960447860382,0.13569960447860382,0.0,0.0
1995-11-08,0.00907799488195926,0.00907799488195926,0.13586431511514074,0.13586431511514074,0.0,0.0
1995-11-09,0.00907799488195926,0.00907799488195926,0.13263058233047523,0.13263058233047523,0.0,0.0
1995-11-10,0.00907799488195926,0.00907799488195926,0.12722433612627573,0.12722433612627573,0.0,0.0
1995-11-11,0.00907799488195926,0.00907799488195926,0.12681785077452254,0.12681785077452254,0.0,0.0
1995-11-12,0.012968564117084656,0.012968564117084656,0.12449112860614495,0.12449112860614495,0.0,0.0
1995-11-13,0.01815598976391852,0.01815598976391852,0.11925136059155647,0.11925136059155647,0.0,0.0
1995-11-14,0.01815598976391852,0.01815598976391852,0.11759225225605396,0.11759225225605396,0.0,0.0
1995-11-15,0.01815598976391852,0.01815598976391852,0.11737088088239928,0.11737088088239928,0.0,0.0
1995-11-16,0.01815598976391852,0.01815598976391852,0.11512510216418809,0.11512510216418809,0.0,0.0
1995-11-17,0.01815598976391852,0.01815598976391852,0.11448616161985686,0.11448616161985686,0.0,0.0
1995-11-18,0.01815598976391852,0.01815598976391852,0.11414585325276458,0.11414585325276458,0.0,0.0
1995-11-19,0.01815598976391852,0.01815598976391852,0.11361398875137857,0.11361398875137857,0.0,0.0
1995-11-20,0.01815598976391852,0.01815598976391852,0.11351952129746937,0.11351952129746937,0.0,0.0
1995-11-21,0.01815598976391852,0.01815598976391852,0.11031406406904717,0.11031406406904717,0.0,0.0
1995-11-22,0.01815598976391852,0.01815598976391852,0.10956609171553178,0.10956609171553178,0.0,0.0
1995-11-23,0.01815598976391852,0.01815598976391852,0.11101013217791258,0.11101013217791258,0.0,0.0
1995-11-24,0.01815598976391852,0.01815598976391852,0.11259279075329759,0.11259279075329759,0.0,0.0
1995-11-25,0.01815598976391852,0.01815598976391852,0.1786637318067263,0.1786637318067263,0.0,0.0
1995-11-26,0.01815598976391852,0.01815598976391852,0.11176182638015747,0.11176182638015747,0.0,0.0
1995-11-27,0.01815598976391852,0.01815598976391852,0.10469704755179658,0.10469704755179658,0.0,0.0
1995-11-28,0.01815598976391852,0.01815598976391852,0.10376625966906637,0.10376625966906637,0.0,0.0
1995-11-29,0.01815598976391852,0.01815598976391852,0.10279612093791218,0.10279612093791218,0.0,0.0
1995-11-30,0.01815598976391852,0.01815598976391852,0.10178589786647947,0.10178589786647947,0.0,0.0
1995-12-01,0.01815598976391852,0.01815598976391852,0.13995566598267678,0.13995566598267678,0.0,0.0
1995-12-02,0.01815598976391852,0.01815598976391852,0.13860334342821998,0.13860334342821998,0.0,0.0
1995-12-03,0.01815598976391852,0.01815598976391852,0.2871738410579312,0.2871738410579312,0.0,0.0
1995-12-04,0.015562276940501586,0.015562276940501586,0.285273042183079,0.285273042183079,0.0,0.0
1995-12-05,0.015562276940501586,0.015562276940501586,0.21873214175416983,0.21873214175416983,0.0,0.0
1995-12-06,0.01815598976391852,0.01815598976391852,0.16289431308948357,0.16289431308948357,0.0,0.0
1995-12-07,0.01815598976391852,0.01815598976391852,0.18319762454927657,0.18319762454927657,0.0,0.0
1995-12-08,0.01815598976391852,0.01815598976391852,0.14000218520802957,0.14000218520802957,0.0,0.0
1995-12-09,0.01815598976391852,0.01815598976391852,0.1388447413958417,0.1388447413958417,0.0,0.0
1995-12-10,0.01815598976391852,0.01815598976391852,0.6460497512393105,0.6460497512393105,0.0,0.0
1995-12-11,0.01426542052879312,0.01426542052879312,7.996780404725523,7.996780404725523,0.0,0.0
1995-12-12,0.01167170770537619,0.01167170770537619,10.0,9.999999999999998,0.0,0.0
1995-12-13,0.010374851293667725,0.010374851293667725,9.999999999999998,9.999999999999998,0.0,0.0
1995-12-14,0.00907799488195926,0.00907799488195926,10.0,10.0,0.0,0.0
1995-12-15,0.00907799488195926,0.00907799488195926,10.0,10.0,0.0,0.0
1995-12-16,0.00907799488195926,0.00907799488195926,5.912232182262027,5.912232182262027,0.0,0.0
1995-12-17,0.00907799488195926,0.00907799488195926,0.17529143082920193,0.17529143082920193,0.0,0.0
1995-12-18,0.007781138470250793,0.007781138470250793,0.1867148122150776,0.1867148122150776,0.0,0.0
1995-12-19,0.00907799488195926,0.00907799488195926,0.18687984109173184,0.18687984109173184,0.0,0.0
1995-12-20,0.00907799488195926,0.00907799488195926,0.19016540277392605,0.19016540277392605,0.0,0.0
1995-12-21,0.00907799488195926,0.00907799488195926,0.22499823025921245,0.22499823025921245,0.0,0.0
1995-12-22,0.007781138470250793,0.007781138470250793,0.2943329056963387,0.2943329056963387,0.0,0.0
1995-12-23,0.006484282058542328,0.006484282058542328,0.23066963928760947,0.23066963928760947,0.0,0.0
1995-12-24,0.006484282058542328,0.006484282058542328,0.18444713288113038,0.18444713288113038,0.0,0.0
1995-12-25,0.006484282058542328,0.006484282058542328,0.18806904171807048,0.18806904171807048,0.0,0.0
1995-12-26,0.006484282058542328,0.006484282058542328,0.2132171101011079,0.2132171101011079,0.0,0.0
1995-12-27,0.007781138470250793,0.007781138470250793,0.23044757308099,0.23044757308099,0.0,0.0
1995-12-28,0.007781138470250793,0.007781138470250793,0.3034569708756953,0.3034569708756953,0.0,0.0
1995-12-29,0.007781138470250793,0.007781138470250793,2.279505832575693,2.279505832575693,0.0,0.0
1995-12-30,0.007781138470250793,0.007781138470250793,2.0209546881805336,2.0209546881805336,0.0,0.0
1995-12-31,0.007781138470250793,0.007781138470250793,0.3003318576367615,0.3003318576367615,0.0,0.0
1996-01-01,0.007781138470250793,0.007781138470250793,0.2236486092006933,0.2236486092006933,0.0,0.0
1996-01-02,0.007781138470250793,0.007781138470250793,0.2370944939235756,0.2370944939235756,0.0,0.0
1996-01-03,0.007781138470250793,0.007781138470250793,0.2161406515884771,0.2161406515884771,0.0,0.0
1996-01-04,0.007781138470250793,0.007781138470250793,0.2109348330145163,0.2109348330145163,0.0,0.0
1996-01-05,0.007781138470250793,0.007781138470250793,0.1994526922279511,0.1994526922279511,0.0,0.0
1996-01-06,0.007781138470250793,0.007781138470250793,0.1868935232701687,0.1868935232701687,0.0,0.0
1996-01-07,0.007781138470250793,0.007781138470250793,0.2265842023810565,0.2265842023810565,0.0,0.0
1996-01-08,0.007781138470250793,0.007781138470250793,0.2545726332335097,0.2545726332335097,0.0,0.0
1996-01-09,0.007781138470250793,0.007781138470250793,0.2264161853627164,0.2264161853627164,0.0,0.0
1996-01-10,0.007781138470250793,0.007781138470250793,0.2322472670136725,0.2322472670136725,0.0,0.0
1996-01-11,0.007781138470250793,0.007781138470250793,0.2653069900418823,0.2653069900418823,0.0,0.0
1996-01-12,0.007781138470250793,0.007781138470250793,0.3806194722247183,0.3806194722247183,0.0,0.0
1996-01-13,0.007781138470250793,0.007781138470250793,0.3320603868876173,0.3320603868876173,0.0,0.0
1996-01-14,0.007781138470250793,0.007781138470250793,0.3015015137303399,0.3015015137303399,0.0,0.0
1996-01-15,0.007781138470250793,0.007781138470250793,1.3821726050005525,1.3821726050005525,0.0,0.0
1996-01-16,0.007781138470250793,0.007781138470250793,4.557376562246805,4.557376562246805,0.0,0.0
1996-01-17,0.007781138470250793,0.007781138470250793,3.682244357807915,3.682244357807915,0.0,0.0
1996-01-18,0.007781138470250793,0.007781138470250793,2.998809500425743,2.998809500425743,0.0,0.0
1996-01-19,0.007781138470250793,0.007781138470250793,1.343538443597324,1.343538443597324,0.0,0.0
1996-01-20,0.007781138470250793,0.007781138470250793,0.7504059724864237,0.7504059724864237,0.0,0.0
1996-01-21,0.007781138470250793,0.007781138470250793,1.2149970334945248,1.2149970334945248,0.0,0.0
1996-01-22,0.007781138470250793,0.007781138470250793,0.5472693440408175,0.5472693440408175,0.0,0.0
1996-01-23,0.007781138470250793,0.007781138470250793,0.6973938837372292,0.6973938837372292,0.0,0.0
1996-01-24,0.007781138470250793,0.007781138470250793,4.869682547430427,4.869682547430427,0.0,0.0
1996-01-25,0.007781138470250793,0.007781138470250793,3.897203622076678,3.897203622076678,0.0,0.0
1996-01-26,0.007781138470250793,0.007781138470250793,0.5908265465598591,0.5908265465598591,0.0,0.0
1996-01-27,0.007781138470250793,0.007781138470250793,2.031039704839325,2.031039704839325,0.0,0.0
1996-01-28,0.007781138470250793,0.007781138470250793,2.702304380234297,2.702304380234297,0.0,0.0
1996-01-29,0.007781138470250793,0.007781138470250793,1.027916361293966,1.027916361293966,0.0,0.0
1996-01-30,0.007781138470250793,0.007781138470250793,2.170113789610582,2.170113789610582,0.0,0.0
1996-01-31,0.007781138470250793,0.007781138470250793,2.4984502584840493,2.4984502584840493,0.0,0.0
1996-02-01,0.007781138470250793,0.007781138470250793,1.0305265551662866,1.0305265551662866,0.0,0.0
1996-02-02,0.010374851293667725,0.010374851293667725,1.0498598617725599,1.0498598617725599,0.0,0.0
1996-02-03,0.010374851293667725,0.010374851293667725,2.1195551198053297,2.1195551198053297,0.0,0.0
1996-02-04,0.010374851293667725,0.010374851293667725,9.986876354279502,9.986876354279502,0.0,0.0
1996-02-05,0.010374851293667725,0.010374851293667725,10.0,10.0,0.0,0.0
1996-02-06,0.010374851293667725,0.010374851293667725,5.172796525993941,5.172796525993942,0.0,0.0
1996-02-07,0.010374851293667725,0.010374851293667725,3.9696682938427443,3.9696682938427443,0.0,0.0
1996-02-08,0.007781138470250793,0.007781138470250793,4.298642305962982,4.298642305962982,0.0,0.0
1996-02-09,0.007781138470250793,0.007781138470250793,4.522997127445633,4.522997127445633,0.0,0.0
1996-02-10,0.007781138470250793,0.007781138470250793,4.641774857561042,4.641774857561042,0.0,0.0
1996-02-11,0.010374851293667725,0.010374851293667725,4.82792778715578,4.82792778715578,0.0,0.0
1996-02-12,0.010374851293667725,0.010374851293667725,5.044513004559662,5.044513004559662,0.0,0.0
1996-02-13,0.007781138470250793,0.007781138470250793,5.042906204998611,5.042906204998611,0.0,0.0
1996-02-14,0.007781138470250793,0.007781138470250793,4.994710855649826,4.994710855649826,0.0,0.0
1996-02-15,0.007781138470250793,0.007781138470250793,4.6011478305131055,4.6011478305131055,0.0,0.0
1996-02-16,0.007781138470250793,0.007781138470250793,4.213848112705028,4.213848112705028,0.0,0.0
1996-02-17,0.0,0.0,3.94695805260285,3.94695805260285,0.0,0.0
1996-02-18,0.0,0.0,5.849386561586399,5.849386561586399,0.0,0.0
1996-02-19,0.0,0.0,10.0,10.0,0.0,0.0
1996-02-20,0.0,0.0,10.0,10.0,0.0,0.0
1996-02-21,0.0,0.0,10.0,10.0,0.0,0.0
1996-02-22,0.0,0.0,10.0,10.0,0.0,0.0
1996-02-23,0.0,0.0,10.0,10.0,0.0,0.0
1996-02-24,0.0,0.0,10.0,10.0,0.0,0.0
1996-02-25,0.0,0.0,10.0,10.0,0.0,0.0
1996-02-26,0.0,0.0,10.0,10.0,0.0,0.0
1996-02-27,0.0,0.0,10.0,10.0,0.0,0.0
1996-02-28,0.0,0.0,10.0,10.0,0.0,0.0
1996-02-29,0.0,0.0,10.0,10.0,0.0,0.0
1996-03-01,0.0,0.0,10.0,10.0,0.0,0.0
1996-03-02,0.0,0.0,10.0,10.0,0.0,0.0
1996-03-03,0.0,0.0,10.0,10.0,0.0,0.0
1996-03-04,0.0,0.0,10.0,10.0,0.0,0.0
1996-03-05,0.0,0.0,10.0,10.0,0.0,0.0
1996-03-06,0.0,0.0,10.0,10.0,0.0,0.0
1996-03-07,0.0,0.0,9.285498652913923,9.285498652913923,0.0,0.0
1996-03-08,0.0,0.0,7.841649509990476,7.841649509990476,0.0,0.0
1996-03-09,0.0,0.0,7.86535315973233,7.86535315973233,0.0,0.0
1996-03-10,0.0,0.0,7.839873882980369,7.839873882980369,0.0,0.0
1996-03-11,0.0,0.0,8.040883903449137,8.040883903449137,0.0,0.0
1996-03-12,0.0,0.0,8.425758515983567,8.425758515983567,0.0,0.0
1996-03-13,0.0,0.0,7.372658581000649,7.372658581000649,0.0,0.0
1996-03-14,0.0,0.0,6.6149169609941865,6.6149169609941865,0.0,0.0
1996-03-15,0.0,0.0,6.44226268211613,6.44226268211613,0.0,0.0
1996-03-16,0.0,0.0,6.274815881408857,6.274815881408857,0.0,0.0
1996-03-17,0.0,0.0,6.303299192685052,6.303299192685052,0.0,0.0
1996-03-18,0.0,0.0,6.441049301347591,6.441049301347591,0.0,0.0
1996-03-19,0.0,0.0,6.942113461797884,6.942113461797884,0.0,0.0
1996-03-20,0.0,0.0,6.880709761539808,6.880709761539808,0.0,0.0
1996-03-21,0.0,0.0,6.906436475734572,6.906436475734572,0.0,0.0
1996-03-22,0.0,0.0,5.680935880333212,5.680935880333212,0.0,0.0
1996-03-23,0.0,0.0,4.288647532314416,4.288647532314416,0.0,0.0
1996-03-24,0.0,0.0,4.165771089644588,4.165771089644588,0.0,0.0
1996-03-25,0.0,0.0,4.026836468165933,4.026836468165933,0.0,0.0
1996-03-26,0.0,0.0,3.8357870990393166,3.8357870990393166,0.0,0.0
1996-03-27,0.0,0.0,4.597525273198198,4.597525273198198,0.0,0.0
1996-03-28,0.0,0.0,4.039527238782542,4.039527238782542,0.0,0.0
1996-03-29,0.0,0.0,3.273705469144434,3.273705469144434,0.0,0.0
1996-03-30,0.0,0.0,3.14186300605373,3.14186300605373,0.0,0.0
1996-03-31,0.0,0.0,4.047242785263799,4.047242785263799,0.0,0.0
1996-04-01,0.0,0.0,5.265275947642047,5.265275947642047,0.0,0.0
1996-04-02,0.0,0.0,6.386884769482531,6.386884769482531,0.0,0.0
1996-04-03,0.0,0.0,4.194407759594062,4.194407759594062,0.0,0.0
1996-04-04,0.0,0.0,4.565955715114835,4.565955715114835,0.0,0.0
1996-04-05,0.0,0.0,5.11208650771432,5.11208650771432,0.0,0.0
1996-04-06,0.0,0.0,5.603776296640093,5.603776296640093,0.0,0.0
1996-04-07,0.0,0.0,6.783291460477585,6.783291460477585,0.0,0.0
1996-04-08,0.0,0.0,7.546125535745248,7.546125535745248,0.0,0.0
1996-04-09,0.0,0.0,7.784246334048541,7.784246334048541,0.0,0.0
1996-04-10,0.0,0.0,5.891382585253638,5.891382585253638,0.0,0.0
1996-04-11,0.0,0.0,5.811883324468256,5.811883324468256,0.0,0.0
1996-04-12,0.0,0.0,5.422080995210257,5.422080995210257,0.0,0.0
1996-04-13,0.0,0.0,5.268748057349026,5.268748057349026,0.0,0.0
1996-04-14,0.0,0.0,5.439945621076749,5.439945621076749,0.0,0.0
1996-04-15,0.0,0.0,6.093366955507211,6.093366955507211,0.0,0.0
1996-04-16,0.0,0.0,8.301405885475159,8.301405885475159,0.0,0.0
1996-04-17,0.0,0.0,9.394036707420051,9.394036707420051,0.0,0.0
1996-04-18,0.0,0.0,6.146355898948232,6.146355898948232,0.0,0.0
1996-04-19,0.0,0.0,5.108049233906156,5.108049233906156,0.0,0.0
1996-04-20,0.0,0.0,5.211644796107279,5.211644796107279,0.0,0.0
1996-04-21,0.0,0.0,5.2398477091477,5.2398477091477,0.0,0.0
1996-04-22,0.0,0.0,5.464935642780703,5.464935642780703,0.0,0.0
1996-04-23,0.0,0.0,6.624949513790833,6.624949513790833,0.0,0.0
1996-04-24,0.0,0.0,7.786487428329195,7.786487428329195,0.0,0.0
1996-04-25,0.0,0.0,8.769108042767925,8.769108042767925,0.0,0.0
1996-04-26,0.10115480011326032,0.10115480011326032,10.0,10.0,0.0,0.0
1996-04-27,0.10374851293667725,0.10374851293667725,10.0,10.0,0.0,0.0
1996-04-28,0.10245165652496876,0.10245165652496876,10.0,10.0,0.0,0.0
1996-04-29,0.0972642308781349,0.0972642308781349,10.0,10.0,0.0,0.0
1996-04-30,0.07651452829079947,0.07651452829079947,10.0,10.0,0.0,0.0
1996-05-01,0.07781138470250792,0.07781138470250792,10.0,10.0,0.0,0.0
1996-05-02,0.06484282058542327,0.06484282058542327,10.0,10.0,0.0,0.0
1996-05-03,0.06484282058542327,0.06484282058542327,10.0,10.0,0.0,0.0
1996-05-04,0.06354596417371482,0.06354596417371482,10.0,10.0,0.0,0.0
1996-05-05,0.06354596417371482,0.06354596417371482,10.0,10.0,0.0,0.0
1996-05-06,0.06354596417371482,0.06354596417371482,10.0,10.0,0.0,0.0
1996-05-07,0.06484282058542327,0.06484282058542327,10.0,10.0,0.0,0.0
1996-05-08,0.07003024623225713,0.07003024623225713,10.0,10.0,0.0,0.0
1996-05-09,0.06873338982054866,0.06873338982054866,10.0,10.0,0.0,0.0
1996-05-10,0.07003024623225713,0.07003024623225713,10.0,10.0,0.0,0.0
1996-05-11,0.07132710264396559,0.07132710264396559,10.0,10.0,0.0,0.0
1996-05-12,0.0907799488195926,0.0907799488195926,10.0,10.0,0.0,0.0
1996-05-13,0.10374851293667725,0.10374851293667725,10.0,10.0,0.0,0.0
1996-05-14,0.1089359385835111,0.1089359385835111,10.0,10.0,0.0,0.0
1996-05-15,0.11152965140692804,0.11152965140692804,10.0,10.0,0.0,0.0
1996-05-16,0.12320135911230422,0.12320135911230422,10.0,10.0,0.0,0.0
1996-05-17,0.12320135911230422,0.12320135911230422,10.0,10.0,0.0,0.0
1996-05-18,0.11282650781863648,0.11282650781863648,10.0,10.0,0.0,0.0
1996-05-19,0.11282650781863648,0.11282650781863648,10.0,10.0,0.0,0.0
1996-05-20,0.11152965140692804,0.11152965140692804,10.0,10.0,0.0,0.0
1996-05-21,0.11282650781863648,0.11282650781863648,10.0,10.0,0.0,0.0
1996-05-22,0.14006049246451427,0.14006049246451427,10.0,10.0,0.0,0.0
1996-05-23,0.14006049246451427,0.14006049246451427,10.0,10.0,0.0,0.0
1996-05-24,0.14135734887622275,0.14135734887622275,10.0,10.0,0.0,0.0
1996-05-25,0.14135734887622275,0.14135734887622275,10.0,10.0,0.0,0.0
1996-05-26,0.14913848734647353,0.14913848734647353,10.0,10.0,0.0,0.0
1996-05-27,0.14654477452305661,0.14654477452305661,10.0,10.0,0.0,0.0
1996-05-28,0.14913848734647353,0.14913848734647353,10.0,10.0,0.0,0.0
1996-05-29,0.15173220016989047,0.15173220016989047,10.0,10.0,0.0,0.0
1996-05-30,0.14913848734647353,0.14913848734647353,10.0,10.0,0.0,0.0
1996-05-31,0.15173220016989047,0.15173220016989047,10.0,10.0,0.0,0.0
1996-06-01,0.15173220016989047,0.15173220016989047,10.0,10.0,0.0,0.0
1996-06-02,0.13357621040597195,0.13357621040597195,10.0,10.0,0.0,0.0
1996-06-03,0.14913848734647353,0.14913848734647353,10.0,10.0,0.0,0.0
1996-06-04,0.14524791811134816,0.14524791811134816,10.0,10.0,0.0,0.0
1996-06-05,0.14524791811134816,0.14524791811134816,10.0,10.0,0.0,0.0
1996-06-06,0.1582164822284328,0.1582164822284328,10.0,10.0,0.0,0.0
1996-06-07,0.15173220016989047,0.15173220016989047,10.0,10.0,0.0,0.0
1996-06-08,0.15173220016989047,0.15173220016989047,10.0,10.0,0.0,0.0
1996-06-09,0.15173220016989047,0.15173220016989047,10.0,10.0,0.0,0.0
1996-06-10,0.15173220016989047,0.15173220016989047,10.0,10.0,0.0,0.0
1996-06-11,0.15173220016989047,0.15173220016989047,10.0,10.0,0.0,0.0
1996-06-12,0.14913848734647353,0.14913848734647353,10.0,10.0,0.0,0.0
1996-06-13,0.1659976206986836,0.1659976206986836,10.0,10.0,0.0,0.0
1996-06-14,0.1647007642869751,0.1647007642869751,10.0,10.0,0.0,0.0
1996-06-15,0.16340390787526665,0.16340390787526665,10.0,10.0,0.0,0.0
1996-06-16,0.15562276940501585,0.15562276940501585,10.0,10.0,0.0,0.0
1996-06-17,0.15562276940501585,0.15562276940501585,10.0,10.0,0.0,0.0
1996-06-18,0.15691962581672436,0.15691962581672436,10.0,10.0,0.0,0.0
1996-06-19,0.15562276940501585,0.15562276940501585,10.0,10.0,0.0,0.0
1996-06-20,0.15562276940501585,0.15562276940501585,10.0,10.0,0.0,0.0
1996-06-21,0.1543259129933074,0.1543259129933074,10.0,10.0,0.0,0.0
1996-06-22,0.16340390787526665,0.16340390787526665,10.0,10.0,0.0,0.0
1996-06-23,0.1647007642869751,0.1647007642869751,10.0,10.0,0.0,0.0
1996-06-24,0.16210705146355817,0.16210705146355817,10.0,10.0,0.0,0.0
1996-06-25,0.16210705146355817,0.16210705146355817,10.0,10.0,0.0,0.0
1996-06-26,0.17118504634551746,0.17118504634551746,10.0,10.0,0.0,0.0
1996-06-27,0.17118504634551746,0.17118504634551746,10.0,10.0,0.0,0.0
1996-06-28,0.15951333864014125,0.15951333864014125,10.0,10.0,0.0,0.0
1996-06-29,0.15302905658159893,0.15302905658159893,10.0,10.0,0.0,0.0
1996-06-30,0.16340390787526665,0.16340390787526665,10.0,10.0,0.0,0.0
1996-07-01,0.16340390787526665,0.16340390787526665,10.0,10.0,0.0,0.0
1996-07-02,0.16340390787526665,0.16340390787526665,10.0,10.0,0.0,0.0
1996-07-03,0.16340390787526665,0.16340390787526665,10.0,10.0,0.0,0.0
1996-07-04,0.16340390787526665,0.16340390787526665,10.0,10.0,0.0,0.0
1996-07-05,0.16340390787526665,0.16340390787526665,10.0,10.0,0.0,0.0
1996-07-06,0.16340390787526665,0.16340390787526665,10.0,10.0,0.0,0.0
1996-07-07,0.15951333864014125,0.15951333864014125,10.0,10.0,0.0,0.0
1996-07-08,0.15691962581672436,0.15691962581672436,10.0,10.0,0.0,0.0
1996-07-09,0.16729447711039205,0.16729447711039205,10.0,10.0,0.0,0.0
1996-07-10,0.17248190275722594,0.17248190275722594,10.0,10.0,0.0,0.0
1996-07-11,0.1685913335221005,0.1685913335221005,10.0,10.0,0.0,0.0
1996-07-12,0.16340390787526665,0.16340390787526665,10.0,10.0,0.0,0.0
1996-07-13,0.16340390787526665,0.16340390787526665,10.0,10.0,0.0,0.0
1996-07-14,0.1543259129933074,0.1543259129933074,10.0,10.0,0.0,0.0
1996-07-15,0.15951333864014125,0.15951333864014125,10.0,10.0,0.0,0.0
1996-07-16,0.16340390787526665,0.16340390787526665,10.0,10.0,0.0,0.0
1996-07-17,0.16081019505184974,0.16081019505184974,10.0,10.0,0.0,0.0
1996-07-18,0.16340390787526665,0.16340390787526665,10.0,10.0,0.0,0.0
1996-07-19,0.1647007642869751,0.1647007642869751,10.0,10.0,0.0,0.0
1996-07-20,0.16081019505184974,0.16081019505184974,10.0,10.0,0.0,0.0
1996-07-21,0.169888189933809,0.169888189933809,10.0,10.0,0.0,0.0
1996-07-22,0.16729447711039205,0.16729447711039205,10.0,10.0,0.0,0.0
1996-07-23,0.16729447711039205,0.16729447711039205,10.0,10.0,0.0,0.0
1996-07-24,0.16729447711039205,0.16729447711039205,10.0,10.0,0.0,0.0
1996-07-25,0.1659976206986836,0.1659976206986836,10.0,10.0,0.0,0.0
1996-07-26,0.16729447711039205,0.16729447711039205,10.0,10.0,0.0,0.0
1996-07-27,0.16729447711039205,0.16729447711039205,10.0,10.0,0.0,0.0
1996-07-28,0.16340390787526665,0.16340390787526665,10.0,10.0,0.0,0.0
1996-07-29,0.1659976206986836,0.1659976206986836,10.0,10.0,0.0,0.0
1996-07-30,0.1647007642869751,0.1647007642869751,10.0,10.0,0.0,0.0
1996-07-31,0.1647007642869751,0.1647007642869751,10.0,10.0,0.0,0.0
1996-08-01,0.16729447711039205,0.16729447711039205,10.0,10.0,0.0,0.0
1996-08-02,0.15302905658159893,0.15302905658159893,10.0,10.0,0.0,0.0
1996-08-03,0.1543259129933074,0.1543259129933074,10.0,10.0,0.0,0.0
1996-08-04,0.15562276940501585,0.15562276940501585,10.0,10.0,0.0,0.0
1996-08-05,0.15302905658159893,0.15302905658159893,2.4931267725123654,2.4931267725123654,0.0,0.0
1996-08-06,0.1543259129933074,0.1543259129933074,0.22414129643146918,0.22414129643146918,0.0,0.0
1996-08-07,0.16081019505184974,0.16081019505184974,0.24410126191858206,0.24410126191858206,0.0,0.0
1996-08-08,0.1543259129933074,0.1543259129933074,0.261750062925161,0.261750062925161,0.0,0.0
1996-08-09,0.14654477452305661,0.14654477452305661,0.3062077976051486,0.3062077976051486,0.0,0.0
1996-08-10,0.14654477452305661,0.14654477452305661,0.2922239913115283,0.2922239913115283,0.0,0.0
1996-08-11,0.14654477452305661,0.14654477452305661,0.2749820305425036,0.2749820305425036,0.0,0.0
1996-08-12,0.1543259129933074,0.1543259129933074,0.2821660480982432,0.2821660480982432,0.0,0.0
1996-08-13,0.14524791811134816,0.14524791811134816,0.28234108418211645,0.28234108418211645,0.0,0.0
1996-08-14,0.15302905658159893,0.15302905658159893,0.25462670273507537,0.25462670273507537,0.0,0.0
1996-08-15,0.14524791811134816,0.14524791811134816,0.23361598080255105,0.23361598080255105,0.0,0.0
1996-08-16,0.14524791811134816,0.14524791811134816,0.20398748780392292,0.20398748780392292,0.0,0.0
1996-08-17,0.14006049246451427,0.14006049246451427,0.16818969686818033,0.16818969686818033,0.0,0.0
1996-08-18,0.13487306681768044,0.13487306681768044,0.08726910415346517,0.08726910415346517,0.0,0.0
1996-08-19,0.12190450270059575,0.12190450270059575,0.09131774973694434,0.09131774973694434,0.0,0.0
1996-08-20,0.12320135911230422,0.12320135911230422,0.07390847963742599,0.07390847963742599,0.0,0.0
1996-08-21,0.1089359385835111,0.1089359385835111,0.0928227018008652,0.0928227018008652,0.0,0.0
1996-08-22,0.1089359385835111,0.1089359385835111,0.0939886304635524,0.0939886304635524,0.0,0.0
1996-08-23,0.10504536934838571,0.10504536934838571,0.18497930231167659,0.18497930231167659,0.0,0.0
1996-08-24,0.10504536934838571,0.10504536934838571,0.2085215507418397,0.2085215507418397,0.0,0.0
1996-08-25,0.11931078987717883,0.11931078987717883,0.17162244823463266,0.17162244823463266,0.0,0.0
1996-08-26,0.11801393346547037,0.11801393346547037,0.10072231424294434,0.10072231424294434,0.0,0.0
1996-08-27,0.12968564117084655,0.12968564117084655,0.06588228224820994,0.06588228224820994,0.0,0.0
1996-08-28,0.12190450270059575,0.12190450270059575,0.09783690703550235,0.09783690703550235,0.0,0.0
1996-08-29,0.1089359385835111,0.1089359385835111,0.190499041432788,0.190499041432788,0.0,0.0
1996-08-30,0.10374851293667725,0.10374851293667725,0.19811011493101677,0.19811011493101677,0.0,0.0
1996-08-31,0.10245165652496876,0.10245165652496876,0.20624751272937705,0.20624751272937705,0.0,0.0
1996-09-01,0.10245165652496876,0.10245165652496876,0.38452369658088414,0.38452369658088414,0.0,0.0
1996-09-02,0.10374851293667725,0.10374851293667725,0.30357829225373445,0.30357829225373445,0.0,0.0
1996-09-03,0.10374851293667725,0.10374851293667725,0.30094792211081395,0.30094792211081395,0.0,0.0
1996-09-04,0.10374851293667725,0.10374851293667725,0.2619143567147261,0.2619143567147261,0.0,0.0
1996-09-05,0.10374851293667725,0.10374851293667725,0.15736593000731136,0.15736593000731136,0.0,0.0
1996-09-06,0.10374851293667725,0.10374851293667725,0.10397519339648795,0.10397519339648795,0.0,0.0
1996-09-07,0.11801393346547037,0.11801393346547037,0.08940676668426753,0.08940676668426753,0.0,0.0
1996-09-08,0.11801393346547037,0.11801393346547037,0.08907939236433113,0.08907939236433113,0.0,0.0
1996-09-09,0.1167170770537619,0.1167170770537619,0.0900211645238362,0.0900211645238362,0.0,0.0
1996-09-10,0.11542022064205343,0.11542022064205343,0.08699220292275148,0.08699220292275148,0.0,0.0
1996-09-11,0.1167170770537619,0.1167170770537619,0.072499005689985,0.072499005689985,0.0,0.0
1996-09-12,0.1089359385835111,0.1089359385835111,0.0692110573894588,0.0692110573894588,0.0,0.0
1996-09-13,0.08818623599617564,0.08818623599617564,0.07765876836209964,0.07765876836209964,0.0,0.0
1996-09-14,0.08818623599617564,0.08818623599617564,0.08859937572834015,0.08859937572834015,0.0,0.0
1996-09-15,0.07392081546738254,0.07392081546738254,0.07710663222272397,0.07710663222272397,0.0,0.0
1996-09-16,0.07392081546738254,0.07392081546738254,0.06839952061798575,0.06839952061798575,0.0,0.0
1996-09-17,0.07392081546738254,0.07392081546738254,0.06303454833033457,0.06303454833033457,0.0,0.0
1996-09-18,0.07392081546738254,0.07392081546738254,0.057896620902820176,0.057896620902820176,0.0,0.0
1996-09-19,0.07392081546738254,0.07392081546738254,0.052633185424993276,0.052633185424993276,0.0,0.0
1996-09-20,0.07392081546738254,0.07392081546738254,0.04734426698124196,0.04734426698124196,0.0,0.0
1996-09-21,0.0907799488195926,0.0907799488195926,0.025338829222813497,0.025338829222813497,0.0,0.0
1996-09-22,0.09467051805471799,0.09467051805471799,0.016648807774491806,0.016648807774491806,0.0,0.0
1996-09-23,0.10115480011326032,0.10115480011326032,0.006024000263282384,0.006024000263282384,0.0,0.0
1996-09-24,0.08818623599617564,0.08818623599617564,0.01549568476089816,0.01549568476089816,0.0,0.0
1996-09-25,0.08170195393763333,0.08170195393763333,0.018882404770864572,0.018882404770864572,0.0,0.0
1996-09-26,0.08170195393763333,0.08170195393763333,0.01608129575785318,0.01608129575785318,0.0,0.0
1996-09-27,0.07392081546738254,0.07392081546738254,0.021304903504186262,0.021304903504186262,0.0,0.0
1996-09-28,0.06743653340884022,0.06743653340884022,0.02541576983873868,0.02541576983873868,0.0,0.0
1996-09-29,0.06873338982054866,0.06873338982054866,0.02177402291587073,0.02177402291587073,0.0,0.0
1996-09-30,0.07003024623225713,0.07003024623225713,0.018219712917452266,0.018219712917452266,0.0,0.0
1996-10-01,0.042796261586379364,0.042796261586379364,0.09772694310331653,0.09772694310331653,0.0,0.0
1996-10-02,0.042796261586379364,0.042796261586379364,0.05595212100495314,0.05595212100495314,0.0,0.0
1996-10-03,0.042796261586379364,0.042796261586379364,0.053247780774504136,0.053247780774504136,0.0,0.0
1996-10-04,0.042796261586379364,0.042796261586379364,0.05174549620907813,0.05174549620907813,0.0,0.0
1996-10-05,0.042796261586379364,0.042796261586379364,0.050197955544704534,0.050197955544704534,0.0,0.0
1996-10-06,0.042796261586379364,0.042796261586379364,0.04870061261452313,0.04870061261452313,0.0,0.0
1996-10-07,0.0414994051746709,0.0414994051746709,0.048489118279313397,0.048489118279313397,0.0,0.0
1996-10-08,0.05576482570346402,0.05576482570346402,0.032793143685978084,0.032793143685978084,0.0,0.0
1996-10-09,0.05706168211517248,0.05706168211517248,0.030272934267032016,0.030272934267032016,0.0,0.0
1996-10-10,0.04668683082150476,0.04668683082150476,0.03971980886084784,0.03971980886084784,0.0,0.0
1996-10-11,0.0453899744097963,0.0453899744097963,0.0403965755745176,0.0403965755745176,0.0,0.0
1996-10-12,0.0453899744097963,0.0453899744097963,0.0400378708343184,0.0400378708343184,0.0,0.0
1996-10-13,0.0453899744097963,0.0453899744097963,0.0398109202912298,0.0398109202912298,0.0,0.0
1996-10-14,0.0453899744097963,0.0453899744097963,0.039632610510857695,0.039632610510857695,0.0,0.0
1996-10-15,0.03631197952783704,0.03631197952783704,0.04857577243224056,0.04857577243224056,0.0,0.0
1996-10-16,0.042796261586379364,0.042796261586379364,0.041993503316271635,0.041993503316271635,0.0,0.0
1996-10-17,0.04409311799808782,0.04409311799808782,0.08021257019992067,0.08021257019992067,0.0,0.0
1996-10-18,0.042796261586379364,0.042796261586379364,0.07599556354843663,0.07599556354843663,0.0,0.0
1996-10-19,0.042796261586379364,0.042796261586379364,0.18692169357130023,0.18692169357130023,0.0,0.0
1996-10-20,0.042796261586379364,0.042796261586379364,0.04441037267828814,0.04441037267828814,0.0,0.0
1996-10-21,0.042796261586379364,0.042796261586379364,0.058872559810614136,0.058872559810614136,0.0,0.0
1996-10-22,0.042796261586379364,0.042796261586379364,0.06251809404805574,0.06251809404805574,0.0,0.0
1996-10-23,0.042796261586379364,0.042796261586379364,0.08656749241398443,0.08656749241398443,0.0,0.0
1996-10-24,0.04928054364492169,0.04928054364492169,0.4083519630431278,0.4083519630431278,0.0,0.0
1996-10-25,0.04928054364492169,0.04928054364492169,0.2518696152511986,0.2518696152511986,0.0,0.0
1996-10-26,0.03371826670442011,0.03371826670442011,0.2282369760740625,0.2282369760740625,0.0,0.0
1996-10-27,0.03242141029271164,0.03242141029271164,0.06722536202236687,0.06722536202236687,0.0,0.0
1996-10-28,0.03371826670442011,0.03371826670442011,0.07307121673868569,0.07307121673868569,0.0,0.0
1996-10-29,0.03371826670442011,0.03371826670442011,1.839496421889448,1.839496421889448,0.0,0.0
1996-10-30,0.03371826670442011,0.03371826670442011,1.665153628055445,1.665153628055445,0.0,0.0
1996-10-31,0.012968564117084656,0.012968564117084656,0.8883665611431774,0.8883665611431774,0.0,0.0
1996-11-01,0.012968564117084656,0.012968564117084656,0.12248156568155213,0.12248156568155213,0.0,0.0
1996-11-02,0.012968564117084656,0.012968564117084656,0.14891097380735513,0.14891097380735513,0.0,0.0
1996-11-03,0.012968564117084656,0.012968564117084656,0.14931307334972543,0.14931307334972543,0.0,0.0
1996-11-04,0.012968564117084656,0.012968564117084656,0.11074668956668915,0.11074668956668915,0.0,0.0
1996-11-05,0.012968564117084656,0.012968564117084656,0.09269044501219376,0.09269044501219376,0.0,0.0
1996-11-06,0.010374851293667725,0.010374851293667725,0.09171609643052958,0.09171609643052958,0.0,0.0
1996-11-07,0.00907799488195926,0.00907799488195926,0.11254996557663734,0.11254996557663734,0.0,0.0
1996-11-08,0.00907799488195926,0.00907799488195926,0.22416853167829484,0.22416853167829484,0.0,0.0
1996-11-09,0.00907799488195926,0.00907799488195926,0.6418873298827684,0.6418873298827684,0.0,0.0
1996-11-10,0.00907799488195926,0.00907799488195926,0.8768376434664644,0.8768376434664644,0.0,0.0
1996-11-11,0.00907799488195926,0.00907799488195926,0.7448222256940555,0.7448222256940555,0.0,0.0
1996-11-12,0.012968564117084656,0.012968564117084656,0.6630913091726032,0.6630913091726032,0.0,0.0
1996-11-13,0.01815598976391852,0.01815598976391852,0.6389524331340466,0.6389524331340466,0.0,0.0
1996-11-14,0.01815598976391852,0.01815598976391852,0.2899093100179034,0.2899093100179034,0.0,0.0
1996-11-15,0.01815598976391852,0.01815598976391852,0.20226288132899828,0.20226288132899828,0.0,0.0
1996-11-16,0.01815598976391852,0.01815598976391852,2.553885221595634,2.553885221595634,0.0,0.0
1996-11-17,0.01815598976391852,0.01815598976391852,10.0,10.0,0.0,0.0
1996-11-18,0.01815598976391852,0.01815598976391852,10.0,10.0,0.0,0.0
1996-11-19,0.01815598976391852,0.01815598976391852,1.8854441471986836,1.8854441471986836,0.0,0.0
1996-11-20,0.01815598976391852,0.01815598976391852,2.0984318750252413,2.0984318750252413,0.0,0.0
1996-11-21,0.01815598976391852,0.01815598976391852,8.3120460281871,8.3120460281871,0.0,0.0
1996-11-22,0.01815598976391852,0.01815598976391852,10.0,10.0,0.0,0.0
1996-11-23,0.01815598976391852,0.01815598976391852,3.6427036459726314,3.6427036459726314,0.0,0.0
1996-11-24,0.01815598976391852,0.01815598976391852,0.234487176747333,0.234487176747333,0.0,0.0
1996-11-25,0.01815598976391852,0.01815598976391852,0.1347364115538477,0.1347364115538477,0.0,0.0
1996-11-26,0.01815598976391852,0.01815598976391852,0.14729668393963596,0.14729668393963596,0.0,0.0
1996-11-27,0.01815598976391852,0.01815598976391852,0.13856165374559457,0.13856165374559457,0.0,0.0
1996-11-28,0.01815598976391852,0.01815598976391852,0.14849749938844017,0.14849749938844017,0.0,0.0
1996-11-29,0.01815598976391852,0.01815598976391852,0.14145863486803117,0.14145863486803117,0.0,0.0
1996-11-30,0.01815598976391852,0.01815598976391852,0.30574563571930846,0.30574563571930846,0.0,0.0
1996-12-01,0.01815598976391852,0.01815598976391852,0.2914011154514889,0.2914011154514889,0.0,0.0
1996-12-02,0.01815598976391852,0.01815598976391852,0.18838452031406117,0.18838452031406117,0.0,0.0
1996-12-03,0.01815598976391852,0.01815598976391852,0.4809925771652418,0.4809925771652418,0.0,0.0
1996-12-04,0.015562276940501586,0.015562276940501586,4.4796643055371,4.4796643055371,0.0,0.0
1996-12-05,0.015562276940501586,0.015562276940501586,5.421640722004284,5.421640722004284,0.0,0.0
1996-12-06,0.01815598976391852,0.01815598976391852,2.3287231412103395,2.3287231412103395,0.0,0.0
1996-12-07,0.01815598976391852,0.01815598976391852,0.31071579032587937,0.31071579032587937,0.0,0.0
1996-12-08,0.01815598976391852,0.01815598976391852,3.126917093714783,3.126917093714783,0.0,0.0
1996-12-09,0.01815598976391852,0.01815598976391852,10.0,10.0,0.0,0.0
1996-12-10,0.01815598976391852,0.01815598976391852,10.000000000000004,10.000000000000004,0.0,0.0
1996-12-11,0.01426542052879312,0.01426542052879312,9.999999999999996,9.999999999999996,0.0,0.0
1996-12-12,0.01167170770537619,0.01167170770537619,10.000000000000002,10.000000000000002,0.0,0.0
1996-12-13,0.010374851293667725,0.010374851293667725,9.999999999999998,9.999999999999998,0.0,0.0
1996-12-14,0.00907799488195926,0.00907799488195926,9.999999999999998,9.999999999999998,0.0,0.0
1996-12-15,0.00907799488195926,0.00907799488195926,10.0,10.0,0.0,0.0
1996-12-16,0.00907799488195926,0.00907799488195926,9.08987989333072,9.08987989333072,0.0,0.0
1996-12-17,0.00907799488195926,0.00907799488195926,3.3845571663004987,3.3845571663004987,0.0,0.0
1996-12-18,0.007781138470250793,0.007781138470250793,3.209570876884841,3.209570876884841,0.0,0.0
1996-12-19,0.00907799488195926,0.00907799488195926,3.383532329880619,3.383532329880619,0.0,0.0
1996-12-20,0.00907799488195926,0.00907799488195926,6.261915183235965,6.261915183235965,0.0,0.0
1996-12-21,0.00907799488195926,0.00907799488195926,8.958520057294066,8.958520057294066,0.0,0.0
1996-12-22,0.007781138470250793,0.007781138470250793,10.0,10.0,0.0,0.0
1996-12-23,0.006484282058542328,0.006484282058542328,10.0,10.0,0.0,0.0
1996-12-24,0.006484282058542328,0.006484282058542328,9.611461360483455,9.611461360483455,0.0,0.0
1996-12-25,0.006484282058542328,0.006484282058542328,6.887443259898346,6.887443259898346,0.0,0.0
1996-12-26,0.006484282058542328,0.006484282058542328,10.0,10.0,0.0,0.0
1996-12-27,0.007781138470250793,0.007781138470250793,8.006241385380852,8.006241385380852,0.0,0.0
1996-12-28,0.007781138470250793,0.007781138470250793,7.348855384720295,7.348855384720295,0.0,0.0
1996-12-29,0.007781138470250793,0.007781138470250793,10.0,10.0,0.0,0.0
1996-12-30,0.007781138470250793,0.007781138470250793,10.000000000000002,10.000000000000002,0.0,0.0
1996-12-31,0.007781138470250793,0.007781138470250793,10.0,10.0,0.0,0.0
1997-01-01,0.007781138470250793,0.007781138470250793,10.0,10.0,0.0,0.0
1997-01-02,0.007781138470250793,0.007781138470250793,10.0,10.0,0.0,0.0
1997-01-03,0.007781138470250793,0.007781138470250793,10.0,10.0,0.0,0.0
1997-01-04,0.007781138470250793,0.007781138470250793,10.0,10.0,0.0,0.0
1997-01-05,0.007781138470250793,0.007781138470250793,10.0,10.0,0.0,0.0
1997-01-06,0.007781138470250793,0.007781138470250793,10.0,10.0,0.0,0.0
1997-01-07,0.007781138470250793,0.007781138470250793,10.0,10.0,0.0,0.0
1997-01-08,0.007781138470250793,0.007781138470250793,10.0,10.0,0.0,0.0
1997-01-09,0.007781138470250793,0.007781138470250793,10.0,10.0,0.0,0.0
1997-01-10,0.007781138470250793,0.007781138470250793,10.0,10.0,0.0,0.0
1997-01-11,0.007781138470250793,0.007781138470250793,10.0,10.0,0.0,0.0
1997-01-12,0.007781138470250793,0.007781138470250793,10.0,10.0,0.0,0.0
1997-01-13,0.007781138470250793,0.007781138470250793,10.0,10.0,0.0,0.0
1997-01-14,0.007781138470250793,0.007781138470250793,10.0,10.0,0.0,0.0
1997-01-15,0.007781138470250793,0.007781138470250793,10.0,10.0,0.0,0.0
1997-01-16,0.007781138470250793,0.007781138470250793,10.0,10.0,0.0,0.0
1997-01-17,0.007781138470250793,0.007781138470250793,10.0,10.0,0.0,0.0
1997-01-18,0.007781138470250793,0.007781138470250793,10.0,10.0,0.0,0.0
1997-01-19,0.007781138470250793,0.007781138470250793,10.0,10.0,0.0,0.0
1997-01-20,0.007781138470250793,0.007781138470250793,10.0,10.0,0.0,0.0
1997-01-21,0.007781138470250793,0.007781138470250793,10.0,10.0,0.0,0.0
1997-01-22,0.007781138470250793,0.007781138470250793,10.0,10.0,0.0,0.0
1997-01-23,0.007781138470250793,0.007781138470250793,10.0,10.0,0.0,0.0
1997-01-24,0.007781138470250793,0.007781138470250793,10.0,10.0,0.0,0.0
1997-01-25,0.007781138470250793,0.007781138470250793,10.0,10.0,0.0,0.0
1997-01-26,0.007781138470250793,0.007781138470250793,10.0,10.0,0.0,0.0
1997-01-27,0.007781138470250793,0.007781138470250793,10.0,10.0,0.0,0.0
1997-01-28,0.007781138470250793,0.007781138470250793,10.0,10.0,0.0,0.0
1997-01-29,0.007781138470250793,0.007781138470250793,10.0,10.0,0.0,0.0
1997-01-30,0.007781138470250793,0.007781138470250793,10.0,10.0,0.0,0.0
1997-01-31,0.007781138470250793,0.007781138470250793,10.0,10.0,0.0,0.0
1997-02-01,0.007781138470250793,0.007781138470250793,10.0,10.0,0.0,0.0
1997-02-02,0.010374851293667725,0.010374851293667725,9.99999999999998,9.99999999999998,0.0,0.0
1997-02-03,0.010374851293667725,0.010374851293667725,9.99999999999998,9.99999999999998,0.0,0.0
1997-02-04,0.010374851293667725,0.010374851293667725,10.000000000000009,10.000000000000009,0.0,0.0
1997-02-05,0.010374851293667725,0.010374851293667725,10.000000000000009,10.000000000000009,0.0,0.0
1997-02-06,0.010374851293667725,0.010374851293667725,10.000000000000009,10.000000000000009,0.0,0.0
1997-02-07,0.010374851293667725,0.010374851293667725,10.000000000000009,10.000000000000009,0.0,0.0
1997-02-08,0.007781138470250793,0.007781138470250793,10.0,10.0,0.0,0.0
1997-02-09,0.007781138470250793,0.007781138470250793,10.0,10.0,0.0,0.0
1997-02-10,0.007781138470250793,0.007781138470250793,10.0,10.0,0.0,0.0
1997-02-11,0.010374851293667725,0.010374851293667725,10.000000000000009,10.000000000000009,0.0,0.0
1997-02-12,0.010374851293667725,0.010374851293667725,10.000000000000009,10.000000000000009,0.0,0.0
1997-02-13,0.007781138470250793,0.007781138470250793,10.0,10.0,0.0,0.0
1997-02-14,0.007781138470250793,0.007781138470250793,10.0,10.0,0.0,0.0
1997-02-15,0.007781138470250793,0.007781138470250793,10.0,10.0,0.0,0.0
1997-02-16,0.007781138470250793,0.007781138470250793,10.0,10.0,0.0,0.0
1997-02-17,0.0,0.0,10.0,10.0,0.0,0.0
1997-02-18,0.0,0.0,10.0,10.0,0.0,0.0
1997-02-19,0.0,0.0,10.0,10.0,0.0,0.0
1997-02-20,0.0,0.0,10.0,10.0,0.0,0.0
1997-02-21,0.0,0.0,10.0,10.0,0.0,0.0
1997-02-22,0.0,0.0,10.0,10.0,0.0,0.0
1997-02-23,0.0,0.0,10.0,10.0,0.0,0.0
1997-02-24,0.0,0.0,10.0,10.0,0.0,0.0
1997-02-25,0.0,0.0,10.0,10.0,0.0,0.0
1997-02-26,0.0,0.0,10.000000000000014,10.000000000000014,0.0,0.0
1997-02-27,0.0,0.0,10.0,10.0,0.0,0.0
1997-02-28,0.0,0.0,10.0,10.0,0.0,0.0
1997-03-01,0.0,0.0,10.0,10.0,0.0,0.0
1997-03-02,0.0,0.0,10.0,10.0,0.0,0.0
1997-03-03,0.0,0.0,10.0,10.0,0.0,0.0
1997-03-04,0.0,0.0,10.0,10.0,0.0,0.0
1997-03-05,0.0,0.0,10.0,10.0,0.0,0.0
1997-03-06,0.0,0.0,10.000000000000007,10.000000000000007,0.0,0.0
1997-03-07,0.0038905692351253966,0.0038905692351253966,10.0,10.0,0.0,0.0
1997-03-08,0.005187425646833862,0.005187425646833862,10.000000000000004,10.000000000000004,0.0,0.0
1997-03-09,0.005187425646833862,0.005187425646833862,10.000000000000004,10.000000000000004,0.0,0.0
1997-03-10,0.01426542052879312,0.01426542052879312,10.0,10.0,0.0,0.0
1997-03-11,0.012968564117084656,0.012968564117084656,10.0,10.0,0.0,0.0
1997-03-12,0.012968564117084656,0.012968564117084656,10.0,10.0,0.0,0.0
1997-03-13,0.012968564117084656,0.012968564117084656,10.000000000000002,10.000000000000002,0.0,0.0
1997-03-14,0.01426542052879312,0.01426542052879312,10.0,10.0,0.0,0.0
1997-03-15,0.005187425646833862,0.005187425646833862,6.746723612505298,6.746723612505298,0.0,0.0
1997-03-16,0.006484282058542328,0.006484282058542328,3.5853513462736646,3.5853513462736646,0.0,0.0
1997-03-17,0.006484282058542328,0.006484282058542328,2.787373342677651,2.787373342677651,0.0,0.0
1997-03-18,0.012968564117084656,0.012968564117084656,3.2691911140851073,3.2691911140851073,0.0,0.0
1997-03-19,0.012968564117084656,0.012968564117084656,5.283878630752067,5.283878630752067,0.0,0.0
1997-03-20,0.012968564117084656,0.012968564117084656,5.3134004269289985,5.3134004269289985,0.0,0.0
1997-03-21,0.012968564117084656,0.012968564117084656,5.386808358777039,5.386808358777039,0.0,0.0
1997-03-22,0.012968564117084656,0.012968564117084656,5.051831137733446,5.051831137733446,0.0,0.0
1997-03-23,0.012968564117084656,0.012968564117084656,5.502318516705604,5.502318516705604,0.0,0.0
1997-03-24,0.04668683082150476,0.04668683082150476,6.5224712911802225,6.5224712911802225,0.0,0.0
1997-03-25,0.06484282058542327,0.06484282058542327,7.818633939224044,7.818633939224044,0.0,0.0
1997-03-26,0.062249107762006345,0.062249107762006345,9.059387784079686,9.059387784079686,0.0,0.0
1997-03-27,0.06354596417371482,0.06354596417371482,8.760474243181688,8.760474243181688,0.0,0.0
1997-03-28,0.06873338982054866,0.06873338982054866,7.719608041263024,7.719608041263024,0.0,0.0
1997-03-29,0.07003024623225713,0.07003024623225713,7.571183741049017,7.571183741049017,0.0,0.0
1997-03-30,0.07651452829079947,0.07651452829079947,5.285782489953384,5.285782489953384,0.0,0.0
1997-03-31,0.08170195393763333,0.08170195393763333,4.142429782477548,4.142429782477548,0.0,0.0
1997-04-01,0.08688937958446719,0.08688937958446719,4.818084551696497,4.818084551696497,0.0,0.0
1997-04-02,0.06873338982054866,0.06873338982054866,4.848743920958729,4.848743920958729,0.0,0.0
1997-04-03,0.06873338982054866,0.06873338982054866,5.114616458014954,5.114616458014954,0.0,0.0
1997-04-04,0.07392081546738254,0.07392081546738254,5.381880162235286,5.381880162235286,0.0,0.0
1997-04-05,0.07521767187909101,0.07521767187909101,5.314626731523548,5.314626731523548,0.0,0.0
1997-04-06,0.07262395905567408,0.07262395905567408,5.093082336046622,5.093082336046622,0.0,0.0
1997-04-07,0.07262395905567408,0.07262395905567408,5.638617891447009,5.638617891447009,0.0,0.0
1997-04-08,0.07262395905567408,0.07262395905567408,5.814350770689764,5.814350770689764,0.0,0.0
1997-04-09,0.06484282058542327,0.06484282058542327,4.757075082487879,4.757075082487879,0.0,0.0
1997-04-10,0.07781138470250792,0.07781138470250792,4.7520564414372135,4.7520564414372135,0.0,0.0
1997-04-11,0.08040509752592487,0.08040509752592487,4.550735082538617,4.550735082538617,0.0,0.0
1997-04-12,0.09207680523130105,0.09207680523130105,4.8842997613935,4.8842997613935,0.0,0.0
1997-04-13,0.07651452829079947,0.07651452829079947,5.27807138861864,5.27807138861864,0.0,0.0
1997-04-14,0.07651452829079947,0.07651452829079947,5.896191510925679,5.896191510925679,0.0,0.0
1997-04-15,0.06484282058542327,0.06484282058542327,6.172994097305726,6.172994097305726,0.0,0.0
1997-04-16,0.06484282058542327,0.06484282058542327,7.746941259215515,7.746941259215515,0.0,0.0
1997-04-17,0.06484282058542327,0.06484282058542327,9.092540386342003,9.092540386342003,0.0,0.0
1997-04-18,0.06484282058542327,0.06484282058542327,9.481401647866475,9.481401647866475,0.0,0.0
1997-04-19,0.0829988103493418,0.0829988103493418,10.0,10.0,0.0,0.0
1997-04-20,0.0829988103493418,0.0829988103493418,10.0,10.0,0.0,0.0
1997-04-21,0.08429566676105026,0.08429566676105026,10.0,10.0,0.0,0.0
1997-04-22,0.0907799488195926,0.0907799488195926,10.0,10.0,0.0,0.0
1997-04-23,0.09207680523130105,0.09207680523130105,10.0,10.0,0.0,0.0
1997-04-24,0.10374851293667725,0.10374851293667725,7.6584632725648945,7.6584632725648945,0.0,0.0
1997-04-25,0.10374851293667725,0.10374851293667725,8.098427510306502,8.098427510306502,0.0,0.0
1997-04-26,0.10115480011326032,0.10115480011326032,9.5903365039383,9.5903365039383,0.0,0.0
1997-04-27,0.10374851293667725,0.10374851293667725,10.0,10.0,0.0,0.0
1997-04-28,0.10245165652496876,0.10245165652496876,10.0,10.0,0.0,0.0
1997-04-29,0.0972642308781349,0.0972642308781349,9.304176594487284,9.304176594487284,0.0,0.0
1997-04-30,0.07651452829079947,0.07651452829079947,8.859606429288926,8.859606429288926,0.0,0.0
1997-05-01,0.07781138470250792,0.07781138470250792,8.41041794437241,8.41041794437241,0.0,0.0
1997-05-02,0.06484282058542327,0.06484282058542327,8.857057740024414,8.857057740024414,0.0,0.0
1997-05-03,0.06484282058542327,0.06484282058542327,9.50355858508576,9.50355858508576,0.0,0.0
1997-05-04,0.06354596417371482,0.06354596417371482,10.0,10.0,0.0,0.0
1997-05-05,0.06354596417371482,0.06354596417371482,10.0,10.0,0.0,0.0
1997-05-06,0.06354596417371482,0.06354596417371482,10.0,10.0,0.0,0.0
1997-05-07,0.06484282058542327,0.06484282058542327,10.0,10.0,0.0,0.0
1997-05-08,0.07003024623225713,0.07003024623225713,10.0,10.0,0.0,0.0
1997-05-09,0.06873338982054866,0.06873338982054866,10.0,10.0,0.0,0.0
1997-05-10,0.07003024623225713,0.07003024623225713,10.0,10.0,0.0,0.0
1997-05-11,0.07132710264396559,0.07132710264396559,10.0,10.0,0.0,0.0
1997-05-12,0.0907799488195926,0.0907799488195926,10.0,10.0,0.0,0.0
1997-05-13,0.10374851293667725,0.10374851293667725,10.0,10.0,0.0,0.0
1997-05-14,0.1089359385835111,0.1089359385835111,10.0,10.0,0.0,0.0
1997-05-15,0.11152965140692804,0.11152965140692804,10.0,10.0,0.0,0.0
1997-05-16,0.12320135911230422,0.12320135911230422,10.0,10.0,0.0,0.0
1997-05-17,0.12320135911230422,0.12320135911230422,10.0,10.0,0.0,0.0
1997-05-18,0.11282650781863648,0.11282650781863648,10.0,10.0,0.0,0.0
1997-05-19,0.11282650781863648,0.11282650781863648,10.0,10.0,0.0,0.0
1997-05-20,0.11152965140692804,0.11152965140692804,10.0,10.0,0.0,0.0
1997-05-21,0.11282650781863648,0.11282650781863648,10.0,10.0,0.0,0.0
1997-05-22,0.14006049246451427,0.14006049246451427,10.0,10.0,0.0,0.0
1997-05-23,0.14006049246451427,0.14006049246451427,10.0,10.0,0.0,0.0
1997-05-24,0.14135734887622275,0.14135734887622275,10.0,10.0,0.0,0.0
1997-05-25,0.14135734887622275,0.14135734887622275,10.0,10.0,0.0,0.0
1997-05-26,0.14913848734647353,0.14913848734647353,10.0,10.0,0.0,0.0
1997-05-27,0.14654477452305661,0.14654477452305661,10.0,10.0,0.0,0.0
1997-05-28,0.14913848734647353,0.14913848734647353,10.0,10.0,0.0,0.0
1997-05-29,0.15173220016989047,0.15173220016989047,10.0,10.0,0.0,0.0
1997-05-30,0.14913848734647353,0.14913848734647353,10.0,10.0,0.0,0.0
1997-05-31,0.15173220016989047,0.15173220016989047,10.0,10.0,0.0,0.0
1997-06-01,0.15173220016989047,0.15173220016989047,10.0,10.0,0.0,0.0
1997-06-02,0.13357621040597195,0.13357621040597195,10.0,10.0,0.0,0.0
1997-06-03,0.14913848734647353,0.14913848734647353,10.0,10.0,0.0,0.0
1997-06-04,0.14524791811134816,0.14524791811134816,10.0,10.0,0.0,0.0
1997-06-05,0.14524791811134816,0.14524791811134816,10.0,10.0,0.0,0.0
1997-06-06,0.1582164822284328,0.1582164822284328,10.0,10.0,0.0,0.0
1997-06-07,0.15173220016989047,0.15173220016989047,10.0,10.0,0.0,0.0
1997-06-08,0.15173220016989047,0.15173220016989047,10.0,10.0,0.0,0.0
1997-06-09,0.15173220016989047,0.15173220016989047,10.0,10.0,0.0,0.0
1997-06-10,0.15173220016989047,0.15173220016989047,10.0,10.0,0.0,0.0
1997-06-11,0.15173220016989047,0.15173220016989047,10.0,10.0,0.0,0.0
1997-06-12,0.14913848734647353,0.14913848734647353,10.0,10.0,0.0,0.0
1997-06-13,0.1659976206986836,0.1659976206986836,10.0,10.0,0.0,0.0
1997-06-14,0.1647007642869751,0.1647007642869751,10.0,10.0,0.0,0.0
1997-06-15,0.16340390787526665,0.16340390787526665,10.0,10.0,0.0,0.0
1997-06-16,0.15562276940501585,0.15562276940501585,10.0,10.0,0.0,0.0
1997-06-17,0.15562276940501585,0.15562276940501585,10.0,10.0,0.0,0.0
1997-06-18,0.15691962581672436,0.15691962581672436,10.0,10.0,0.0,0.0
1997-06-19,0.15562276940501585,0.15562276940501585,10.0,10.0,0.0,0.0
1997-06-20,0.15562276940501585,0.15562276940501585,10.0,10.0,0.0,0.0
1997-06-21,0.1543259129933074,0.1543259129933074,10.0,10.0,0.0,0.0
1997-06-22,0.16340390787526665,0.16340390787526665,10.0,10.0,0.0,0.0
1997-06-23,0.1647007642869751,0.1647007642869751,10.0,10.0,0.0,0.0
1997-06-24,0.16210705146355817,0.16210705146355817,10.0,10.0,0.0,0.0
1997-06-25,0.16210705146355817,0.16210705146355817,10.0,10.0,0.0,0.0
1997-06-26,0.17118504634551746,0.17118504634551746,10.0,10.0,0.0,0.0
1997-06-27,0.17118504634551746,0.17118504634551746,10.0,10.0,0.0,0.0
1997-06-28,0.15951333864014125,0.15951333864014125,10.0,10.0,0.0,0.0
1997-06-29,0.15302905658159893,0.15302905658159893,10.0,10.0,0.0,0.0
1997-06-30,0.16340390787526665,0.16340390787526665,10.0,10.0,0.0,0.0
1997-07-01,0.16340390787526665,0.16340390787526665,10.0,10.0,0.0,0.0
1997-07-02,0.16340390787526665,0.16340390787526665,10.0,10.0,0.0,0.0
1997-07-03,0.16340390787526665,0.16340390787526665,10.0,10.0,0.0,0.0
1997-07-04,0.16340390787526665,0.16340390787526665,10.0,10.0,0.0,0.0
1997-07-05,0.16340390787526665,0.16340390787526665,10.0,10.0,0.0,0.0
1997-07-06,0.16340390787526665,0.16340390787526665,10.0,10.0,0.0,0.0
1997-07-07,0.15951333864014125,0.15951333864014125,10.0,10.0,0.0,0.0
1997-07-08,0.15691962581672436,0.15691962581672436,10.0,10.0,0.0,0.0
1997-07-09,0.16729447711039205,0.16729447711039205,10.0,10.0,0.0,0.0
1997-07-10,0.17248190275722594,0.17248190275722594,10.0,10.0,0.0,0.0
1997-07-11,0.1685913335221005,0.1685913335221005,10.0,10.0,0.0,0.0
1997-07-12,0.16340390787526665,0.16340390787526665,10.0,10.0,0.0,0.0
1997-07-13,0.16340390787526665,0.16340390787526665,3.154695871659914,3.154695871659914,0.0,0.0
1997-07-14,0.1543259129933074,0.1543259129933074,2.172035159224453,2.172035159224453,0.0,0.0
1997-07-15,0.15951333864014125,0.15951333864014125,2.0700856566452837,2.0700856566452837,0.0,0.0
1997-07-16,0.16340390787526665,0.16340390787526665,1.860197712964489,1.860197712964489,0.0,0.0
1997-07-17,0.16081019505184974,0.16081019505184974,1.6756522060075207,1.6756522060075207,0.0,0.0
1997-07-18,0.16340390787526665,0.16340390787526665,1.450927349214508,1.450927349214508,0.0,0.0
1997-07-19,0.1647007642869751,0.1647007642869751,1.4849561450555364,1.4849561450555364,0.0,0.0
1997-07-20,0.16081019505184974,0.16081019505184974,1.5371365859282615,1.5371365859282615,0.0,0.0
1997-07-21,0.169888189933809,0.169888189933809,1.6306519253863414,1.6306519253863414,0.0,0.0
1997-07-22,0.16729447711039205,0.16729447711039205,1.4648296195642108,1.4648296195642108,0.0,0.0
1997-07-23,0.16729447711039205,0.16729447711039205,1.4739600745471768,1.4739600745471768,0.0,0.0
1997-07-24,0.16729447711039205,0.16729447711039205,0.9423491377383381,0.9423491377383381,0.0,0.0
1997-07-25,0.1659976206986836,0.1659976206986836,1.2055420744934153,1.2055420744934153,0.0,0.0
1997-07-26,0.16729447711039205,0.16729447711039205,1.2164250521441946,1.2164250521441946,0.0,0.0
1997-07-27,0.16729447711039205,0.16729447711039205,1.198102069369297,1.198102069369297,0.0,0.0
1997-07-28,0.16340390787526665,0.16340390787526665,1.0378726844467412,1.0378726844467412,0.0,0.0
1997-07-29,0.1659976206986836,0.1659976206986836,1.074513367396392,1.074513367396392,0.0,0.0
1997-07-30,0.1647007642869751,0.1647007642869751,0.8962518456229838,0.8962518456229838,0.0,0.0
1997-07-31,0.1647007642869751,0.1647007642869751,0.8265023786926833,0.8265023786926833,0.0,0.0
1997-08-01,0.16729447711039205,0.16729447711039205,0.9056468099666525,0.9056468099666525,0.0,0.0
1997-08-02,0.15302905658159893,0.15302905658159893,0.8522870427505026,0.8522870427505026,0.0,0.0
1997-08-03,0.1543259129933074,0.1543259129933074,0.8609846587201542,0.8609846587201542,0.0,0.0
1997-08-04,0.15562276940501585,0.15562276940501585,1.035238682308972,1.035238682308972,0.0,0.0
1997-08-05,0.15302905658159893,0.15302905658159893,0.8794139864608402,0.8794139864608402,0.0,0.0
1997-08-06,0.1543259129933074,0.1543259129933074,0.7963052917289726,0.7963052917289726,0.0,0.0
1997-08-07,0.16081019505184974,0.16081019505184974,0.7410554480584739,0.7410554480584739,0.0,0.0
1997-08-08,0.1543259129933074,0.1543259129933074,0.7123186034904103,0.7123186034904103,0.0,0.0
1997-08-09,0.14654477452305661,0.14654477452305661,0.4142894147118412,0.4142894147118412,0.0,0.0
1997-08-10,0.14654477452305661,0.14654477452305661,0.35014821964148923,0.35014821964148923,0.0,0.0
1997-08-11,0.14654477452305661,0.14654477452305661,0.27856684909861806,0.27856684909861806,0.0,0.0
1997-08-12,0.1543259129933074,0.1543259129933074,0.2511503998017895,0.2511503998017895,0.0,0.0
1997-08-13,0.14524791811134816,0.14524791811134816,0.25103247065497525,0.25103247065497525,0.0,0.0
1997-08-14,0.15302905658159893,0.15302905658159893,0.2672597331134129,0.2672597331134129,0.0,0.0
1997-08-15,0.14524791811134816,0.14524791811134816,0.2849595543525866,0.2849595543525866,0.0,0.0
1997-08-16,0.14524791811134816,0.14524791811134816,0.26871224203908484,0.26871224203908484,0.0,0.0
1997-08-17,0.14006049246451427,0.14006049246451427,0.20483160742179182,0.20483160742179182,0.0,0.0
1997-08-18,0.13487306681768044,0.13487306681768044,0.16805118643584419,0.16805118643584419,0.0,0.0
1997-08-19,0.12190450270059575,0.12190450270059575,0.16662427646351466,0.16662427646351466,0.0,0.0
1997-08-20,0.12320135911230422,0.12320135911230422,0.21999987228129347,0.21999987228129347,0.0,0.0
1997-08-21,0.1089359385835111,0.1089359385835111,0.1982465819683537,0.1982465819683537,0.0,0.0
1997-08-22,0.1089359385835111,0.1089359385835111,0.153283917632966,0.153283917632966,0.0,0.0
1997-08-23,0.10504536934838571,0.10504536934838571,0.20168079911611847,0.20168079911611847,0.0,0.0
1997-08-24,0.10504536934838571,0.10504536934838571,0.19453952264402596,0.19453952264402596,0.0,0.0
1997-08-25,0.11931078987717883,0.11931078987717883,0.09719175646187636,0.09719175646187636,0.0,0.0
1997-08-26,0.11801393346547037,0.11801393346547037,0.09109341442202784,0.09109341442202784,0.0,0.0
1997-08-27,0.12968564117084655,0.12968564117084655,0.07416744168610034,0.07416744168610034,0.0,0.0
1997-08-28,0.12190450270059575,0.12190450270059575,0.07716066083938367,0.07716066083938367,0.0,0.0
1997-08-29,0.1089359385835111,0.1089359385835111,0.0879798065251385,0.0879798065251385,0.0,0.0
1997-08-30,0.10374851293667725,0.10374851293667725,0.08939904142217334,0.08939904142217334,0.0,0.0
1997-08-31,0.10245165652496876,0.10245165652496876,0.22826820699155811,0.22826820699155811,0.0,0.0
1997-09-01,0.10245165652496876,0.10245165652496876,0.17548443277412604,0.17548443277412604,0.0,0.0
1997-09-02,0.10374851293667725,0.10374851293667725,0.47171100339732835,0.47171100339732835,0.0,0.0
1997-09-03,0.10374851293667725,0.10374851293667725,0.28300819185850185,0.28300819185850185,0.0,0.0
1997-09-04,0.10374851293667725,0.10374851293667725,0.22543680851015135,0.22543680851015135,0.0,0.0
1997-09-05,0.10374851293667725,0.10374851293667725,0.22642587353373156,0.22642587353373156,0.0,0.0
1997-09-06,0.10374851293667725,0.10374851293667725,0.20036734086497626,0.20036734086497626,0.0,0.0
1997-09-07,0.11801393346547037,0.11801393346547037,0.16304033982165614,0.16304033982165614,0.0,0.0
1997-09-08,0.11801393346547037,0.11801393346547037,0.19694177688387135,0.19694177688387135,0.0,0.0
1997-09-09,0.1167170770537619,0.1167170770537619,0.19204692112371813,0.19204692112371813,0.0,0.0
1997-09-10,0.11542022064205343,0.11542022064205343,0.15502974862838936,0.15502974862838936,0.0,0.0
1997-09-11,0.1167170770537619,0.1167170770537619,0.14272744034616341,0.14272744034616341,0.0,0.0
1997-09-12,0.1089359385835111,0.1089359385835111,0.1534058714968573,0.1534058714968573,0.0,0.0
1997-09-13,0.08818623599617564,0.08818623599617564,0.17817781502790314,0.17817781502790314,0.0,0.0
1997-09-14,0.08818623599617564,0.08818623599617564,0.18079068238199347,0.18079068238199347,0.0,0.0
1997-09-15,0.07392081546738254,0.07392081546738254,0.18665397371739406,0.18665397371739406,0.0,0.0
1997-09-16,0.07392081546738254,0.07392081546738254,0.18103900909133075,0.18103900909133075,0.0,0.0
1997-09-17,0.07392081546738254,0.07392081546738254,0.19180989335257875,0.19180989335257875,0.0,0.0
1997-09-18,0.07392081546738254,0.07392081546738254,0.18831145473126337,0.18831145473126337,0.0,0.0
1997-09-19,0.07392081546738254,0.07392081546738254,0.13397695996012576,0.13397695996012576,0.0,0.0
1997-09-20,0.07392081546738254,0.07392081546738254,0.13372420489400294,0.13372420489400294,0.0,0.0
1997-09-21,0.0907799488195926,0.0907799488195926,0.11665883239823839,0.11665883239823839,0.0,0.0
1997-09-22,0.09467051805471799,0.09467051805471799,0.11592443762188151,0.11592443762188151,0.0,0.0
1997-09-23,0.10115480011326032,0.10115480011326032,0.10554083626649459,0.10554083626649459,0.0,0.0
1997-09-24,0.08818623599617564,0.08818623599617564,0.12125883792590406,0.12125883792590406,0.0,0.0
1997-09-25,0.08170195393763333,0.08170195393763333,0.10590038543710809,0.10590038543710809,0.0,0.0
1997-09-26,0.08170195393763333,0.08170195393763333,0.09567459973448017,0.09567459973448017,0.0,0.0
1997-09-27,0.07392081546738254,0.07392081546738254,0.09102076686565526,0.09102076686565526,0.0,0.0
1997-09-28,0.06743653340884022,0.06743653340884022,0.08693135013689608,0.08693135013689608,0.0,0.0
1997-09-29,0.06873338982054866,0.06873338982054866,0.07596762157753234,0.07596762157753234,0.0,0.0
1997-09-30,0.07003024623225713,0.07003024623225713,0.06604542921222085,0.06604542921222085,0.0,0.0
1997-10-01,0.042796261586379364,0.042796261586379364,0.14730778938014613,0.14730778938014613,0.0,0.0
1997-10-02,0.042796261586379364,0.042796261586379364,0.09749669214092063,0.09749669214092063,0.0,0.0
1997-10-03,0.042796261586379364,0.042796261586379364,0.09184682767985933,0.09184682767985933,0.0,0.0
1997-10-04,0.042796261586379364,0.042796261586379364,0.08749560586573044,0.08749560586573044,0.0,0.0
1997-10-05,0.042796261586379364,0.042796261586379364,0.08394636849377674,0.08394636849377674,0.0,0.0
1997-10-06,0.042796261586379364,0.042796261586379364,0.08271166725517895,0.08271166725517895,0.0,0.0
1997-10-07,0.0414994051746709,0.0414994051746709,0.0808408996395121,0.0808408996395121,0.0,0.0
1997-10-08,0.05576482570346402,0.05576482570346402,0.06602362935543729,0.06602362935543729,0.0,0.0
1997-10-09,0.05706168211517248,0.05706168211517248,0.20034222342968572,0.20034222342968572,0.0,0.0
1997-10-10,0.04668683082150476,0.04668683082150476,0.26196488347526303,0.26196488347526303,0.0,0.0
1997-10-11,0.0453899744097963,0.0453899744097963,0.151697115721171,0.151697115721171,0.0,0.0
1997-10-12,0.0453899744097963,0.0453899744097963,0.09676232039795679,0.09676232039795679,0.0,0.0
1997-10-13,0.0453899744097963,0.0453899744097963,0.11253446249237459,0.11253446249237459,0.0,0.0
1997-10-14,0.0453899744097963,0.0453899744097963,0.1441256737721918,0.1441256737721918,0.0,0.0
1997-10-15,0.03631197952783704,0.03631197952783704,0.11034561541681515,0.11034561541681515,0.0,0.0
1997-10-16,0.042796261586379364,0.042796261586379364,0.06700851425323523,0.06700851425323523,0.0,0.0
1997-10-17,0.04409311799808782,0.04409311799808782,0.06154025958872468,0.06154025958872468,0.0,0.0
1997-10-18,0.042796261586379364,0.042796261586379364,0.06166723865632863,0.06166723865632863,0.0,0.0
1997-10-19,0.042796261586379364,0.042796261586379364,0.06067863540117864,0.06067863540117864,0.0,0.0
1997-10-20,0.042796261586379364,0.042796261586379364,0.05991507081417004,0.05991507081417004,0.0,0.0
1997-10-21,0.042796261586379364,0.042796261586379364,0.05934614257519323,0.05934614257519323,0.0,0.0
1997-10-22,0.042796261586379364,0.042796261586379364,0.05880400656596044,0.05880400656596044,0.0,0.0
1997-10-23,0.042796261586379364,0.042796261586379364,0.05828561057196424,0.05828561057196424,0.0,0.0
1997-10-24,0.04928054364492169,0.04928054364492169,0.051321833392451714,0.051321833392451714,0.0,0.0
1997-10-25,0.04928054364492169,0.04928054364492169,0.050872200819364215,0.050872200819364215,0.0,0.0
1997-10-26,0.03371826670442011,0.03371826670442011,0.07177562209970528,0.07177562209970528,0.0,0.0
1997-10-27,0.03242141029271164,0.03242141029271164,0.06696541285918817,0.06696541285918817,0.0,0.0
1997-10-28,0.03371826670442011,0.03371826670442011,0.06497289489897898,0.06497289489897898,0.0,0.0
1997-10-29,0.03371826670442011,0.03371826670442011,0.0647587147845688,0.0647587147845688,0.0,0.0
1997-10-30,0.03371826670442011,0.03371826670442011,0.06489607404496289,0.06489607404496289,0.0,0.0
1997-10-31,0.012968564117084656,0.012968564117084656,0.08458739991033545,0.08458739991033545,0.0,0.0
1997-11-01,0.012968564117084656,0.012968564117084656,0.08209888980235786,0.08209888980235786,0.0,0.0
1997-11-02,0.012968564117084656,0.012968564117084656,0.08166605440223584,0.08166605440223584,0.0,0.0
1997-11-03,0.012968564117084656,0.012968564117084656,0.08125122389512524,0.08125122389512524,0.0,0.0
1997-11-04,0.012968564117084656,0.012968564117084656,0.08387221099268855,0.08387221099268855,0.0,0.0
1997-11-05,0.012968564117084656,0.012968564117084656,0.08056754949934675,0.08056754949934675,0.0,0.0
1997-11-06,0.010374851293667725,0.010374851293667725,0.09698828458773448,0.09698828458773448,0.0,0.0
1997-11-07,0.00907799488195926,0.00907799488195926,0.08830031754817844,0.08830031754817844,0.0,0.0
1997-11-08,0.00907799488195926,0.00907799488195926,0.08307131998248583,0.08307131998248583,0.0,0.0
1997-11-09,0.00907799488195926,0.00907799488195926,0.20828959030484553,0.20828959030484553,0.0,0.0
1997-11-10,0.00907799488195926,0.00907799488195926,0.5022836929112812,0.5022836929112812,0.0,0.0
1997-11-11,0.00907799488195926,0.00907799488195926,0.44658316720529273,0.44658316720529273,0.0,0.0
1997-11-12,0.012968564117084656,0.012968564117084656,0.24106487736444596,0.24106487736444596,0.0,0.0
1997-11-13,0.01815598976391852,0.01815598976391852,0.13414636694313048,0.13414636694313048,0.0,0.0
1997-11-14,0.01815598976391852,0.01815598976391852,0.12564681685870877,0.12564681685870877,0.0,0.0
1997-11-15,0.01815598976391852,0.01815598976391852,0.12125544165993338,0.12125544165993338,0.0,0.0
1997-11-16,0.01815598976391852,0.01815598976391852,0.1814789447993642,0.1814789447993642,0.0,0.0
1997-11-17,0.01815598976391852,0.01815598976391852,0.13544621426372347,0.13544621426372347,0.0,0.0
1997-11-18,0.01815598976391852,0.01815598976391852,0.3381792879239065,0.3381792879239065,0.0,0.0
1997-11-19,0.01815598976391852,0.01815598976391852,0.21521030333537577,0.21521030333537577,0.0,0.0
1997-11-20,0.01815598976391852,0.01815598976391852,0.09386284442890688,0.09386284442890688,0.0,0.0
1997-11-21,0.01815598976391852,0.01815598976391852,0.08679736577809828,0.08679736577809828,0.0,0.0
1997-11-22,0.01815598976391852,0.01815598976391852,0.09450236291826088,0.09450236291826088,0.0,0.0
1997-11-23,0.01815598976391852,0.01815598976391852,0.3126364095361124,0.3126364095361124,0.0,0.0
1997-11-24,0.01815598976391852,0.01815598976391852,0.20094474411742638,0.20094474411742638,0.0,0.0
1997-11-25,0.01815598976391852,0.01815598976391852,2.5243482337184493,2.5243482337184493,0.0,0.0
1997-11-26,0.01815598976391852,0.01815598976391852,3.0633683509043417,3.0633683509043417,0.0,0.0
1997-11-27,0.01815598976391852,0.01815598976391852,0.5568546765023725,0.5568546765023725,0.0,0.0
1997-11-28,0.01815598976391852,0.01815598976391852,0.09440834104660058,0.09440834104660058,0.0,0.0
1997-11-29,0.01815598976391852,0.01815598976391852,0.25420621216969835,0.25420621216969835,0.0,0.0
1997-11-30,0.01815598976391852,0.01815598976391852,0.10283010913225868,0.10283010913225868,0.0,0.0
1997-12-01,0.01815598976391852,0.01815598976391852,0.11683987798577847,0.11683987798577847,0.0,0.0
1997-12-02,0.01815598976391852,0.01815598976391852,0.11604000158922786,0.11604000158922786,0.0,0.0
1997-12-03,0.01815598976391852,0.01815598976391852,0.11512968125754447,0.11512968125754447,0.0,0.0
1997-12-04,0.015562276940501586,0.015562276940501586,0.980031639995058,0.980031639995058,0.0,0.0
1997-12-05,0.015562276940501586,0.015562276940501586,2.1862794496451152,2.1862794496451152,0.0,0.0
1997-12-06,0.01815598976391852,0.01815598976391852,6.702978542370969,6.702978542370969,0.0,0.0
1997-12-07,0.01815598976391852,0.01815598976391852,6.226769450417272,6.226769450417272,0.0,0.0
1997-12-08,0.01815598976391852,0.01815598976391852,1.6151123226395743,1.6151123226395743,0.0,0.0
1997-12-09,0.01815598976391852,0.01815598976391852,0.19707436566404327,0.19707436566404327,0.0,0.0
1997-12-10,0.01815598976391852,0.01815598976391852,0.1330828316190316,0.1330828316190316,0.0,0.0
1997-12-11,0.01426542052879312,0.01426542052879312,0.184085301016208,0.184085301016208,0.0,0.0
1997-12-12,0.01167170770537619,0.01167170770537619,0.16861026253958153,0.16861026253958153,0.0,0.0
1997-12-13,0.010374851293667725,0.010374851293667725,0.5487071674642503,0.5487071674642503,0.0,0.0
1997-12-14,0.00907799488195926,0.00907799488195926,0.5391575439623832,0.5391575439623832,0.0,0.0
1997-12-15,0.00907799488195926,0.00907799488195926,0.22061722922773794,0.22061722922773794,0.0,0.0
1997-12-16,0.00907799488195926,0.00907799488195926,0.15855416330258384,0.15855416330258384,0.0,0.0
1997-12-17,0.00907799488195926,0.00907799488195926,0.17358429378406323,0.17358429378406323,0.0,0.0
1997-12-18,0.007781138470250793,0.007781138470250793,0.1566783033945958,0.1566783033945958,0.0,0.0
1997-12-19,0.00907799488195926,0.00907799488195926,0.15140254944578635,0.15140254944578635,0.0,0.0
1997-12-20,0.00907799488195926,0.00907799488195926,0.15721856261760095,0.15721856261760095,0.0,0.0
1997-12-21,0.00907799488195926,0.00907799488195926,0.15223028656899454,0.15223028656899454,0.0,0.0
1997-12-22,0.007781138470250793,0.007781138470250793,0.1526863836574797,0.1526863836574797,0.0,0.0
1997-12-23,0.006484282058542328,0.006484282058542328,0.15148769096029707,0.15148769096029707,0.0,0.0
1997-12-24,0.006484282058542328,0.006484282058542328,0.144590285111255,0.144590285111255,0.0,0.0
1997-12-25,0.006484282058542328,0.006484282058542328,0.1437233972718986,0.1437233972718986,0.0,0.0
1997-12-26,0.006484282058542328,0.006484282058542328,0.14433369357217557,0.14433369357217557,0.0,0.0
1997-12-27,0.007781138470250793,0.007781138470250793,0.1450296960460161,0.1450296960460161,0.0,0.0
1997-12-28,0.007781138470250793,0.007781138470250793,0.1551436317806429,0.1551436317806429,0.0,0.0
1997-12-29,0.007781138470250793,0.007781138470250793,0.1694694195425889,0.1694694195425889,0.0,0.0
1997-12-30,0.007781138470250793,0.007781138470250793,0.23308469908832088,0.23308469908832088,0.0,0.0
1997-12-31,0.007781138470250793,0.007781138470250793,0.2079731926595608,0.2079731926595608,0.0,0.0
1998-01-01,0.007781138470250793,0.007781138470250793,1.0702295368950372,1.0702295368950372,0.0,0.0
1998-01-02,0.007781138470250793,0.007781138470250793,1.1658635317434127,1.1658635317434127,0.0,0.0
1998-01-03,0.007781138470250793,0.007781138470250793,2.220271591927838,2.220271591927838,0.0,0.0
1998-01-04,0.007781138470250793,0.007781138470250793,1.6094958264644343,1.6094958264644343,0.0,0.0
1998-01-05,0.007781138470250793,0.007781138470250793,0.3453789044384561,0.3453789044384561,0.0,0.0
1998-01-06,0.007781138470250793,0.007781138470250793,0.277658683485129,0.277658683485129,0.0,0.0
1998-01-07,0.007781138470250793,0.007781138470250793,0.25206201241578957,0.25206201241578957,0.0,0.0
1998-01-08,0.007781138470250793,0.007781138470250793,1.0611316139326379,1.0611316139326379,0.0,0.0
1998-01-09,0.007781138470250793,0.007781138470250793,1.9490072834464662,1.9490072834464662,0.0,0.0
1998-01-10,0.007781138470250793,0.007781138470250793,2.6376398294212593,2.6376398294212593,0.0,0.0
1998-01-11,0.007781138470250793,0.007781138470250793,6.4132751947499695,6.4132751947499695,0.0,0.0
1998-01-12,0.007781138470250793,0.007781138470250793,5.930533226455996,5.930533226455996,0.0,0.0
1998-01-13,0.007781138470250793,0.007781138470250793,2.8305493777735893,2.8305493777735893,0.0,0.0
1998-01-14,0.007781138470250793,0.007781138470250793,8.077599783020966,8.077599783020966,0.0,0.0
1998-01-15,0.007781138470250793,0.007781138470250793,9.08102535685511,9.08102535685511,0.0,0.0
1998-01-16,0.007781138470250793,0.007781138470250793,2.2363353628612286,2.2363353628612286,0.0,0.0
1998-01-17,0.007781138470250793,0.007781138470250793,2.5494123740712857,2.5494123740712857,0.0,0.0
1998-01-18,0.007781138470250793,0.007781138470250793,5.307502548062315,5.307502548062315,0.0,0.0
1998-01-19,0.007781138470250793,0.007781138470250793,2.8901472575541742,2.8901472575541742,0.0,0.0
1998-01-20,0.007781138470250793,0.007781138470250793,1.6402882267665917,1.6402882267665917,0.0,0.0
1998-01-21,0.007781138470250793,0.007781138470250793,1.7902606141068924,1.7902606141068924,0.0,0.0
1998-01-22,0.007781138470250793,0.007781138470250793,1.8640586003090696,1.8640586003090696,0.0,0.0
1998-01-23,0.007781138470250793,0.007781138470250793,1.944857285508285,1.944857285508285,0.0,0.0
1998-01-24,0.007781138470250793,0.007781138470250793,2.03109253772935,2.03109253772935,0.0,0.0
1998-01-25,0.007781138470250793,0.007781138470250793,1.96452747710536,1.96452747710536,0.0,0.0
1998-01-26,0.007781138470250793,0.007781138470250793,2.0267627784456037,2.0267627784456037,0.0,0.0
1998-01-27,0.007781138470250793,0.007781138470250793,2.6098491155049524,2.6098491155049524,0.0,0.0
1998-01-28,0.007781138470250793,0.007781138470250793,4.9868194270770285,4.9868194270770285,0.0,0.0
1998-01-29,0.007781138470250793,0.007781138470250793,4.25612722333938,4.25612722333938,0.0,0.0
1998-01-30,0.007781138470250793,0.007781138470250793,2.760964300728336,2.760964300728336,0.0,0.0
1998-01-31,0.007781138470250793,0.007781138470250793,3.833365846049917,3.833365846049917,0.0,0.0
1998-02-01,0.007781138470250793,0.007781138470250793,7.612776065754532,7.612776065754532,0.0,0.0
1998-02-02,0.010374851293667725,0.010374851293667725,10.0,10.0,0.0,0.0
1998-02-03,0.010374851293667725,0.010374851293667725,10.0,10.0,0.0,0.0
1998-02-04,0.010374851293667725,0.010374851293667725,10.000000000000002,10.000000000000002,0.0,0.0
1998-02-05,0.010374851293667725,0.010374851293667725,9.999999999999998,9.999999999999998,0.0,0.0
1998-02-06,0.010374851293667725,0.010374851293667725,10.000000000000002,10.000000000000002,0.0,0.0
1998-02-07,0.010374851293667725,0.010374851293667725,10.000000000000002,10.000000000000002,0.0,0.0
1998-02-08,0.007781138470250793,0.007781138470250793,10.0,10.0,0.0,0.0
1998-02-09,0.007781138470250793,0.007781138470250793,10.0,10.0,0.0,0.0
1998-02-10,0.007781138470250793,0.007781138470250793,10.0,10.0,0.0,0.0
1998-02-11,0.010374851293667725,0.010374851293667725,10.000000000000002,10.000000000000002,0.0,0.0
1998-02-12,0.010374851293667725,0.010374851293667725,10.000000000000002,10.000000000000002,0.0,0.0
1998-02-13,0.007781138470250793,0.007781138470250793,10.0,10.0,0.0,0.0
1998-02-14,0.007781138470250793,0.007781138470250793,10.0,10.0,0.0,0.0
1998-02-15,0.007781138470250793,0.007781138470250793,10.0,10.0,0.0,0.0
1998-02-16,0.007781138470250793,0.007781138470250793,10.0,10.0,0.0,0.0
1998-02-17,0.0,0.0,10.0,10.0,0.0,0.0
1998-02-18,0.0,0.0,10.0,10.0,0.0,0.0
1998-02-19,0.0,0.0,10.0,10.0,0.0,0.0
1998-02-20,0.0,0.0,10.0,10.0,0.0,0.0
1998-02-21,0.0,0.0,10.0,10.0,0.0,0.0
1998-02-22,0.0,0.0,10.0,10.0,0.0,0.0
1998-02-23,0.0,0.0,10.0,10.0,0.0,0.0
1998-02-24,0.0,0.0,10.0,10.0,0.0,0.0
1998-02-25,0.0,0.0,10.0,10.0,0.0,0.0
1998-02-26,0.0,0.0,10.0,10.0,0.0,0.0
1998-02-27,0.0,0.0,10.0,10.0,0.0,0.0
1998-02-28,0.0,0.0,10.0,10.0,0.0,0.0
1998-03-01,0.0,0.0,10.0,10.0,0.0,0.0
1998-03-02,0.0,0.0,10.0,10.0,0.0,0.0
1998-03-03,0.0,0.0,10.0,10.0,0.0,0.0
1998-03-04,0.0,0.0,10.0,10.0,0.0,0.0
1998-03-05,0.0,0.0,10.0,10.0,0.0,0.0
1998-03-06,0.0,0.0,9.999999999999998,9.999999999999998,0.0,0.0
1998-03-07,0.0038905692351253966,0.0038905692351253966,10.0,10.0,0.0,0.0
1998-03-08,0.005187425646833862,0.005187425646833862,8.785610988535616,8.785610988535616,0.0,0.0
1998-03-09,0.005187425646833862,0.005187425646833862,4.41456867017949,4.41456867017949,0.0,0.0
1998-03-10,0.01426542052879312,0.01426542052879312,4.3810603902276295,4.3810603902276295,0.0,0.0
1998-03-11,0.012968564117084656,0.012968564117084656,4.4165332528413845,4.4165332528413845,0.0,0.0
1998-03-12,0.012968564117084656,0.012968564117084656,4.2978926731872145,4.2978926731872145,0.0,0.0
1998-03-13,0.012968564117084656,0.012968564117084656,4.329409590623248,4.329409590623248,0.0,0.0
1998-03-14,0.01426542052879312,0.01426542052879312,4.317958509726587,4.317958509726587,0.0,0.0
1998-03-15,0.005187425646833862,0.005187425646833862,4.329262925614543,4.329262925614543,0.0,0.0
1998-03-16,0.006484282058542328,0.006484282058542328,4.470586128491254,4.470586128491254,0.0,0.0
1998-03-17,0.006484282058542328,0.006484282058542328,4.492879140157262,4.492879140157262,0.0,0.0
1998-03-18,0.012968564117084656,0.012968564117084656,4.592203081107763,4.592203081107763,0.0,0.0
1998-03-19,0.012968564117084656,0.012968564117084656,4.96338245943128,4.96338245943128,0.0,0.0
1998-03-20,0.012968564117084656,0.012968564117084656,5.123315375211165,5.123315375211165,0.0,0.0
1998-03-21,0.012968564117084656,0.012968564117084656,5.575342504107464,5.575342504107464,0.0,0.0
1998-03-22,0.012968564117084656,0.012968564117084656,6.473941542071909,6.473941542071909,0.0,0.0
1998-03-23,0.012968564117084656,0.012968564117084656,10.0,10.0,0.0,0.0
1998-03-24,0.04668683082150476,0.04668683082150476,9.999999999999995,9.999999999999995,0.0,0.0
1998-03-25,0.06484282058542327,0.06484282058542327,10.000000000000002,10.000000000000002,0.0,0.0
1998-03-26,0.062249107762006345,0.062249107762006345,9.999999999999996,9.999999999999996,0.0,0.0
1998-03-27,0.06354596417371482,0.06354596417371482,10.000000000000002,10.000000000000002,0.0,0.0
1998-03-28,0.06873338982054866,0.06873338982054866,9.999999999999998,9.999999999999998,0.0,0.0
1998-03-29,0.07003024623225713,0.07003024623225713,10.0,10.0,0.0,0.0
1998-03-30,0.07651452829079947,0.07651452829079947,9.999999999999998,9.999999999999998,0.0,0.0
1998-03-31,0.08170195393763333,0.08170195393763333,9.999999999999998,9.999999999999998,0.0,0.0
1998-04-01,0.08688937958446719,0.08688937958446719,10.000000000000004,10.000000000000004,0.0,0.0
1998-04-02,0.06873338982054866,0.06873338982054866,9.999999999999998,9.999999999999998,0.0,0.0
1998-04-03,0.06873338982054866,0.06873338982054866,9.999999999999998,9.999999999999998,0.0,0.0
1998-04-04,0.07392081546738254,0.07392081546738254,10.0,10.0,0.0,0.0
1998-04-05,0.07521767187909101,0.07521767187909101,9.999999999999998,9.999999999999998,0.0,0.0
1998-04-06,0.07262395905567408,0.07262395905567408,9.999999999999998,9.999999999999998,0.0,0.0
1998-04-07,0.07262395905567408,0.07262395905567408,10.0,10.0,0.0,0.0
1998-04-08,0.07262395905567408,0.07262395905567408,10.0,10.0,0.0,0.0
1998-04-09,0.06484282058542327,0.06484282058542327,10.0,10.0,0.0,0.0
1998-04-10,0.07781138470250792,0.07781138470250792,9.999999999999998,9.999999999999998,0.0,0.0
1998-04-11,0.08040509752592487,0.08040509752592487,10.0,10.0,0.0,0.0
1998-04-12,0.09207680523130105,0.09207680523130105,10.0,10.0,0.0,0.0
1998-04-13,0.07651452829079947,0.07651452829079947,10.0,10.0,0.0,0.0
1998-04-14,0.07651452829079947,0.07651452829079947,7.049981535168848,7.049981535168848,0.0,0.0
1998-04-15,0.06484282058542327,0.06484282058542327,6.388027969284316,6.388027969284316,0.0,0.0
1998-04-16,0.06484282058542327,0.06484282058542327,6.100080332949271,6.100080332949271,0.0,0.0
1998-04-17,0.06484282058542327,0.06484282058542327,5.8345752409236225,5.8345752409236225,0.0,0.0
1998-04-18,0.06484282058542327,0.06484282058542327,5.657291125259591,5.657291125259591,0.0,0.0
1998-04-19,0.0829988103493418,0.0829988103493418,5.963771776607769,5.963771776607769,0.0,0.0
1998-04-20,0.0829988103493418,0.0829988103493418,6.819609612206756,6.819609612206756,0.0,0.0
1998-04-21,0.08429566676105026,0.08429566676105026,7.781300916717159,7.781300916717159,0.0,0.0
1998-04-22,0.0907799488195926,0.0907799488195926,7.519985344068047,7.519985344068047,0.0,0.0
1998-04-23,0.09207680523130105,0.09207680523130105,5.64215147126568,5.64215147126568,0.0,0.0
1998-04-24,0.10374851293667725,0.10374851293667725,4.745881920961635,4.745881920961635,0.0,0.0
1998-04-25,0.10374851293667725,0.10374851293667725,4.6263489843387475,4.6263489843387475,0.0,0.0
1998-04-26,0.10115480011326032,0.10115480011326032,5.411154425751522,5.411154425751522,0.0,0.0
1998-04-27,0.10374851293667725,0.10374851293667725,6.687420695930295,6.687420695930295,0.0,0.0
1998-04-28,0.10245165652496876,0.10245165652496876,7.714888342058025,7.714888342058025,0.0,0.0
1998-04-29,0.0972642308781349,0.0972642308781349,8.998931002923836,8.998931002923836,0.0,0.0
1998-04-30,0.07651452829079947,0.07651452829079947,7.433216602466205,7.433216602466205,0.0,0.0
1998-05-01,0.07781138470250792,0.07781138470250792,8.039701503690159,8.039701503690159,0.0,0.0
1998-05-02,0.06484282058542327,0.06484282058542327,9.759696368519634,9.759696368519634,0.0,0.0
1998-05-03,0.06484282058542327,0.06484282058542327,9.166003672690875,9.166003672690875,0.0,0.0
1998-05-04,0.06354596417371482,0.06354596417371482,7.157429785015778,7.157429785015778,0.0,0.0
1998-05-05,0.06354596417371482,0.06354596417371482,5.835897054023045,5.835897054023045,0.0,0.0
1998-05-06,0.06354596417371482,0.06354596417371482,5.604084945884906,5.604084945884906,0.0,0.0
1998-05-07,0.06484282058542327,0.06484282058542327,6.286887755135266,6.286887755135266,0.0,0.0
1998-05-08,0.07003024623225713,0.07003024623225713,7.282953369957721,7.282953369957721,0.0,0.0
1998-05-09,0.06873338982054866,0.06873338982054866,5.128867567305123,5.128867567305123,0.0,0.0
1998-05-10,0.07003024623225713,0.07003024623225713,5.273236480613241,5.273236480613241,0.0,0.0
1998-05-11,0.07132710264396559,0.07132710264396559,6.261775194076441,6.261775194076441,0.0,0.0
1998-05-12,0.0907799488195926,0.0907799488195926,5.325320657333465,5.325320657333465,0.0,0.0
1998-05-13,0.10374851293667725,0.10374851293667725,4.716222791084531,4.716222791084531,0.0,0.0
1998-05-14,0.1089359385835111,0.1089359385835111,4.6320313552750205,4.6320313552750205,0.0,0.0
1998-05-15,0.11152965140692804,0.11152965140692804,4.960874283985347,4.960874283985347,0.0,0.0
1998-05-16,0.12320135911230422,0.12320135911230422,4.472634515535054,4.472634515535054,0.0,0.0
1998-05-17,0.12320135911230422,0.12320135911230422,4.289934231433988,4.289934231433988,0.0,0.0
1998-05-18,0.11282650781863648,0.11282650781863648,4.309904822514121,4.309904822514121,0.0,0.0
1998-05-19,0.11282650781863648,0.11282650781863648,4.189739090456368,4.189739090456368,0.0,0.0
1998-05-20,0.11152965140692804,0.11152965140692804,3.9312572810319995,3.9312572810319995,0.0,0.0
1998-05-21,0.11282650781863648,0.11282650781863648,3.7626516645724855,3.7626516645724855,0.0,0.0
1998-05-22,0.14006049246451427,0.14006049246451427,4.150416710807954,4.150416710807954,0.0,0.0
1998-05-23,0.14006049246451427,0.14006049246451427,4.485203322913722,4.485203322913722,0.0,0.0
1998-05-24,0.14135734887622275,0.14135734887622275,7.645500898001924,7.645500898001924,0.0,0.0
1998-05-25,0.14135734887622275,0.14135734887622275,8.124812117059847,8.124812117059847,0.0,0.0
1998-05-26,0.14913848734647353,0.14913848734647353,4.381168050820811,4.381168050820811,0.0,0.0
1998-05-27,0.14654477452305661,0.14654477452305661,5.303168783884758,5.303168783884758,0.0,0.0
1998-05-28,0.14913848734647353,0.14913848734647353,6.148721657329689,6.148721657329689,0.0,0.0
1998-05-29,0.15173220016989047,0.15173220016989047,4.541008973815242,4.541008973815242,0.0,0.0
1998-05-30,0.14913848734647353,0.14913848734647353,4.630384750575086,4.630384750575086,0.0,0.0
1998-05-31,0.15173220016989047,0.15173220016989047,5.784307527831415,5.784307527831415,0.0,0.0
1998-06-01,0.15173220016989047,0.15173220016989047,4.839271240107858,4.839271240107858,0.0,0.0
1998-06-02,0.13357621040597195,0.13357621040597195,5.810612064694422,5.810612064694422,0.0,0.0
1998-06-03,0.14913848734647353,0.14913848734647353,4.6371271819071715,4.6371271819071715,0.0,0.0
1998-06-04,0.14524791811134816,0.14524791811134816,4.627012180615209,4.627012180615209,0.0,0.0
1998-06-05,0.14524791811134816,0.14524791811134816,6.9469312956378175,6.9469312956378175,0.0,0.0
1998-06-06,0.1582164822284328,0.1582164822284328,8.38774733209369,8.38774733209369,0.0,0.0
1998-06-07,0.15173220016989047,0.15173220016989047,6.955382680425382,6.955382680425382,0.0,0.0
1998-06-08,0.15173220016989047,0.15173220016989047,6.3023985092703425,6.3023985092703425,0.0,0.0
1998-06-09,0.15173220016989047,0.15173220016989047,10.0,10.0,0.0,0.0
1998-06-10,0.15173220016989047,0.15173220016989047,10.0,10.0,0.0,0.0
1998-06-11,0.15173220016989047,0.15173220016989047,7.96215056789306,7.962150567893061,0.0,0.0
1998-06-12,0.14913848734647353,0.14913848734647353,8.216726867858597,8.216726867858597,0.0,0.0
1998-06-13,0.1659976206986836,0.1659976206986836,7.897665026039671,7.897665026039671,0.0,0.0
1998-06-14,0.1647007642869751,0.1647007642869751,9.152874300935977,9.152874300935977,0.0,0.0
1998-06-15,0.16340390787526665,0.16340390787526665,10.0,10.0,0.0,0.0
1998-06-16,0.15562276940501585,0.15562276940501585,10.0,10.0,0.0,0.0
1998-06-17,0.15562276940501585,0.15562276940501585,10.0,10.0,0.0,0.0
1998-06-18,0.15691962581672436,0.15691962581672436,10.0,10.0,0.0,0.0
1998-06-19,0.15562276940501585,0.15562276940501585,10.0,10.0,0.0,0.0
1998-06-20,0.15562276940501585,0.15562276940501585,10.0,10.0,0.0,0.0
1998-06-21,0.1543259129933074,0.1543259129933074,10.0,10.0,0.0,0.0
1998-06-22,0.16340390787526665,0.16340390787526665,10.0,10.0,0.0,0.0
1998-06-23,0.1647007642869751,0.1647007642869751,10.0,10.0,0.0,0.0
1998-06-24,0.16210705146355817,0.16210705146355817,10.0,10.0,0.0,0.0
1998-06-25,0.16210705146355817,0.16210705146355817,10.0,10.0,0.0,0.0
1998-06-26,0.17118504634551746,0.17118504634551746,10.0,10.0,0.0,0.0
1998-06-27,0.17118504634551746,0.17118504634551746,10.0,10.0,0.0,0.0
1998-06-28,0.15951333864014125,0.15951333864014125,10.0,10.0,0.0,0.0
1998-06-29,0.15302905658159893,0.15302905658159893,10.0,10.0,0.0,0.0
1998-06-30,0.16340390787526665,0.16340390787526665,10.0,10.0,0.0,0.0
1998-07-01,0.16340390787526665,0.16340390787526665,10.0,10.0,0.0,0.0
1998-07-02,0.16340390787526665,0.16340390787526665,10.0,10.0,0.0,0.0
1998-07-03,0.16340390787526665,0.16340390787526665,10.0,10.0,0.0,0.0
1998-07-04,0.16340390787526665,0.16340390787526665,10.0,10.0,0.0,0.0
1998-07-05,0.16340390787526665,0.16340390787526665,10.0,10.0,0.0,0.0
1998-07-06,0.16340390787526665,0.16340390787526665,10.0,10.0,0.0,0.0
1998-07-07,0.15951333864014125,0.15951333864014125,10.0,10.0,0.0,0.0
1998-07-08,0.15691962581672436,0.15691962581672436,10.0,10.0,0.0,0.0
1998-07-09,0.16729447711039205,0.16729447711039205,10.0,10.0,0.0,0.0
1998-07-10,0.17248190275722594,0.17248190275722594,10.0,10.0,0.0,0.0
1998-07-11,0.1685913335221005,0.1685913335221005,10.0,10.0,0.0,0.0
1998-07-12,0.16340390787526665,0.16340390787526665,10.0,10.0,0.0,0.0
1998-07-13,0.16340390787526665,0.16340390787526665,10.0,10.0,0.0,0.0
1998-07-14,0.1543259129933074,0.1543259129933074,10.0,10.0,0.0,0.0
1998-07-15,0.15951333864014125,0.15951333864014125,10.0,10.0,0.0,0.0
1998-07-16,0.16340390787526665,0.16340390787526665,10.0,10.0,0.0,0.0
1998-07-17,0.16081019505184974,0.16081019505184974,10.0,10.0,0.0,0.0
1998-07-18,0.16340390787526665,0.16340390787526665,10.0,10.0,0.0,0.0
1998-07-19,0.1647007642869751,0.1647007642869751,10.0,10.0,0.0,0.0
1998-07-20,0.16081019505184974,0.16081019505184974,10.0,10.0,0.0,0.0
1998-07-21,0.169888189933809,0.169888189933809,10.0,10.0,0.0,0.0
1998-07-22,0.16729447711039205,0.16729447711039205,10.0,10.0,0.0,0.0
1998-07-23,0.16729447711039205,0.16729447711039205,10.0,10.0,0.0,0.0
1998-07-24,0.16729447711039205,0.16729447711039205,10.0,10.0,0.0,0.0
1998-07-25,0.1659976206986836,0.1659976206986836,10.0,10.0,0.0,0.0
1998-07-26,0.16729447711039205,0.16729447711039205,10.0,10.0,0.0,0.0
1998-07-27,0.16729447711039205,0.16729447711039205,10.0,10.0,0.0,0.0
1998-07-28,0.16340390787526665,0.16340390787526665,10.0,10.0,0.0,0.0
1998-07-29,0.1659976206986836,0.1659976206986836,10.0,10.0,0.0,0.0
1998-07-30,0.1647007642869751,0.1647007642869751,10.0,10.0,0.0,0.0
1998-07-31,0.1647007642869751,0.1647007642869751,10.0,10.0,0.0,0.0
1998-08-01,0.16729447711039205,0.16729447711039205,10.0,10.0,0.0,0.0
1998-08-02,0.15302905658159893,0.15302905658159893,10.0,10.0,0.0,0.0
1998-08-03,0.1543259129933074,0.1543259129933074,10.0,10.0,0.0,0.0
1998-08-04,0.15562276940501585,0.15562276940501585,10.0,10.0,0.0,0.0
1998-08-05,0.15302905658159893,0.15302905658159893,10.0,10.0,0.0,0.0
1998-08-06,0.1543259129933074,0.1543259129933074,10.0,10.0,0.0,0.0
1998-08-07,0.16081019505184974,0.16081019505184974,10.0,10.0,0.0,0.0
1998-08-08,0.1543259129933074,0.1543259129933074,10.0,10.0,0.0,0.0
1998-08-09,0.14654477452305661,0.14654477452305661,10.0,10.0,0.0,0.0
1998-08-10,0.14654477452305661,0.14654477452305661,10.0,10.0,0.0,0.0
1998-08-11,0.14654477452305661,0.14654477452305661,10.0,10.0,0.0,0.0
1998-08-12,0.1543259129933074,0.1543259129933074,10.0,10.0,0.0,0.0
1998-08-13,0.14524791811134816,0.14524791811134816,10.0,10.0,0.0,0.0
1998-08-14,0.15302905658159893,0.15302905658159893,10.0,10.0,0.0,0.0
1998-08-15,0.14524791811134816,0.14524791811134816,10.0,10.0,0.0,0.0
1998-08-16,0.14524791811134816,0.14524791811134816,10.0,10.0,0.0,0.0
1998-08-17,0.14006049246451427,0.14006049246451427,10.0,10.0,0.0,0.0
1998-08-18,0.13487306681768044,0.13487306681768044,10.0,10.0,0.0,0.0
1998-08-19,0.12190450270059575,0.12190450270059575,10.0,10.0,0.0,0.0
1998-08-20,0.12320135911230422,0.12320135911230422,10.0,10.0,0.0,0.0
1998-08-21,0.1089359385835111,0.1089359385835111,10.0,10.0,0.0,0.0
1998-08-22,0.1089359385835111,0.1089359385835111,10.0,10.0,0.0,0.0
1998-08-23,0.10504536934838571,0.10504536934838571,10.0,10.0,0.0,0.0
1998-08-24,0.10504536934838571,0.10504536934838571,10.0,10.0,0.0,0.0
1998-08-25,0.11931078987717883,0.11931078987717883,10.0,10.0,0.0,0.0
1998-08-26,0.11801393346547037,0.11801393346547037,10.0,10.0,0.0,0.0
1998-08-27,0.12968564117084655,0.12968564117084655,10.0,10.0,0.0,0.0
1998-08-28,0.12190450270059575,0.12190450270059575,8.587184937858495,8.587184937858494,0.0,0.0
1998-08-29,0.1089359385835111,0.1089359385835111,1.2450099236875882,1.2450099236875882,0.0,0.0
1998-08-30,0.10374851293667725,0.10374851293667725,1.102368542711104,1.102368542711104,0.0,0.0
1998-08-31,0.10245165652496876,0.10245165652496876,1.0615385664233914,1.0615385664233914,0.0,0.0
1998-09-01,0.10245165652496876,0.10245165652496876,1.6813345040087768,1.6813345040087768,0.0,0.0
1998-09-02,0.10374851293667725,0.10374851293667725,1.31206549218031,1.31206549218031,0.0,0.0
1998-09-03,0.10374851293667725,0.10374851293667725,1.104967684968182,1.104967684968182,0.0,0.0
1998-09-04,0.10374851293667725,0.10374851293667725,0.9993702385911243,0.9993702385911243,0.0,0.0
1998-09-05,0.10374851293667725,0.10374851293667725,0.9577692536762159,0.9577692536762159,0.0,0.0
1998-09-06,0.10374851293667725,0.10374851293667725,0.7520157134020071,0.7520157134020071,0.0,0.0
1998-09-07,0.11801393346547037,0.11801393346547037,0.8674298991435656,0.8674298991435656,0.0,0.0
1998-09-08,0.11801393346547037,0.11801393346547037,0.7291001809393208,0.7291001809393208,0.0,0.0
1998-09-09,0.1167170770537619,0.1167170770537619,0.6024849833412328,0.6024849833412328,0.0,0.0
1998-09-10,0.11542022064205343,0.11542022064205343,0.4614679996628905,0.4614679996628905,0.0,0.0
1998-09-11,0.1167170770537619,0.1167170770537619,0.4143063382181441,0.4143063382181441,0.0,0.0
1998-09-12,0.1089359385835111,0.1089359385835111,0.4009329049873867,0.4009329049873867,0.0,0.0
1998-09-13,0.08818623599617564,0.08818623599617564,0.3913955060368037,0.3913955060368037,0.0,0.0
1998-09-14,0.08818623599617564,0.08818623599617564,0.37054194996120526,0.37054194996120526,0.0,0.0
1998-09-15,0.07392081546738254,0.07392081546738254,0.37440679266217264,0.37440679266217264,0.0,0.0
1998-09-16,0.07392081546738254,0.07392081546738254,0.33677323312747015,0.33677323312747015,0.0,0.0
1998-09-17,0.07392081546738254,0.07392081546738254,0.31535498826579933,0.31535498826579933,0.0,0.0
1998-09-18,0.07392081546738254,0.07392081546738254,0.28717152716904193,0.28717152716904193,0.0,0.0
1998-09-19,0.07392081546738254,0.07392081546738254,0.26413429667860944,0.26413429667860944,0.0,0.0
1998-09-20,0.07392081546738254,0.07392081546738254,0.24935890192120214,0.24935890192120214,0.0,0.0
1998-09-21,0.0907799488195926,0.0907799488195926,0.22223951230943967,0.22223951230943967,0.0,0.0
1998-09-22,0.09467051805471799,0.09467051805471799,0.20539736994101954,0.20539736994101954,0.0,0.0
1998-09-23,0.10115480011326032,0.10115480011326032,0.18865127837387846,0.18865127837387846,0.0,0.0
1998-09-24,0.08818623599617564,0.08818623599617564,0.19559480697048376,0.19559480697048376,0.0,0.0
1998-09-25,0.08170195393763333,0.08170195393763333,0.4416530377828911,0.4416530377828911,0.0,0.0
1998-09-26,0.08170195393763333,0.08170195393763333,0.2795052588423649,0.2795052588423649,0.0,0.0
1998-09-27,0.07392081546738254,0.07392081546738254,0.23032302196173177,0.23032302196173177,0.0,0.0
1998-09-28,0.06743653340884022,0.06743653340884022,0.2931688251237733,0.2931688251237733,0.0,0.0
1998-09-29,0.06873338982054866,0.06873338982054866,0.2214272584055355,0.2214272584055355,0.0,0.0
1998-09-30,0.07003024623225713,0.07003024623225713,0.16846581651834097,0.16846581651834097,0.0,0.0
1998-10-01,0.042796261586379364,0.042796261586379364,0.23826297214786765,0.23826297214786765,0.0,0.0
1998-10-02,0.042796261586379364,0.042796261586379364,0.21809719526199625,0.21809719526199625,0.0,0.0
1998-10-03,0.042796261586379364,0.042796261586379364,0.18688847724107063,0.18688847724107063,0.0,0.0
1998-10-04,0.042796261586379364,0.042796261586379364,0.17716864064402793,0.17716864064402793,0.0,0.0
1998-10-05,0.042796261586379364,0.042796261586379364,0.17729740201376534,0.17729740201376534,0.0,0.0
1998-10-06,0.042796261586379364,0.042796261586379364,0.18166235141826065,0.18166235141826065,0.0,0.0
1998-10-07,0.0414994051746709,0.0414994051746709,0.1790965576222603,0.1790965576222603,0.0,0.0
1998-10-08,0.05576482570346402,0.05576482570346402,0.15432432587179756,0.15432432587179756,0.0,0.0
1998-10-09,0.05706168211517248,0.05706168211517248,0.1485952171631262,0.1485952171631262,0.0,0.0
1998-10-10,0.04668683082150476,0.04668683082150476,0.14759969349551502,0.14759969349551502,0.0,0.0
1998-10-11,0.0453899744097963,0.0453899744097963,0.1413114549971124,0.1413114549971124,0.0,0.0
1998-10-12,0.0453899744097963,0.0453899744097963,0.13717848055753978,0.13717848055753978,0.0,0.0
1998-10-13,0.0453899744097963,0.0453899744097963,0.1330714988581505,0.1330714988581505,0.0,0.0
1998-10-14,0.0453899744097963,0.0453899744097963,0.12986385607040718,0.12986385607040718,0.0,0.0
1998-10-15,0.03631197952783704,0.03631197952783704,0.13633811692711595,0.13633811692711595,0.0,0.0
1998-10-16,0.042796261586379364,0.042796261586379364,0.12747367783173033,0.12747367783173033,0.0,0.0
1998-10-17,0.04409311799808782,0.04409311799808782,0.12389120092510267,0.12389120092510267,0.0,0.0
1998-10-18,0.042796261586379364,0.042796261586379364,0.12295304138181815,0.12295304138181815,0.0,0.0
1998-10-19,0.042796261586379364,0.042796261586379364,0.12059970927000305,0.12059970927000305,0.0,0.0
1998-10-20,0.042796261586379364,0.042796261586379364,0.11794752625854332,0.11794752625854332,0.0,0.0
1998-10-21,0.042796261586379364,0.042796261586379364,0.11502927240275715,0.11502927240275715,0.0,0.0
1998-10-22,0.042796261586379364,0.042796261586379364,0.11207446635387702,0.11207446635387702,0.0,0.0
1998-10-23,0.042796261586379364,0.042796261586379364,0.3861354069513836,0.3861354069513836,0.0,0.0
1998-10-24,0.04928054364492169,0.04928054364492169,0.34776767884344933,0.34776767884344933,0.0,0.0
1998-10-25,0.04928054364492169,0.04928054364492169,0.14762358155115352,0.14762358155115352,0.0,0.0
1998-10-26,0.03371826670442011,0.03371826670442011,0.1165235412842699,0.1165235412842699,0.0,0.0
1998-10-27,0.03242141029271164,0.03242141029271164,0.11886053890219356,0.11886053890219356,0.0,0.0
1998-10-28,0.03371826670442011,0.03371826670442011,0.1351875770218741,0.1351875770218741,0.0,0.0
1998-10-29,0.03371826670442011,0.03371826670442011,0.1489382398339572,0.1489382398339572,0.0,0.0
1998-10-30,0.03371826670442011,0.03371826670442011,0.14434222620573028,0.14434222620573028,0.0,0.0
1998-10-31,0.012968564117084656,0.012968564117084656,0.14056889149573942,0.14056889149573942,0.0,0.0
1998-11-01,0.012968564117084656,0.012968564117084656,0.12809903080866794,0.12809903080866794,0.0,0.0
1998-11-02,0.012968564117084656,0.012968564117084656,0.12807605445287343,0.12807605445287343,0.0,0.0
1998-11-03,0.012968564117084656,0.012968564117084656,0.12693249969470224,0.12693249969470224,0.0,0.0
1998-11-04,0.012968564117084656,0.012968564117084656,0.12538550008987265,0.12538550008987265,0.0,0.0
1998-11-05,0.012968564117084656,0.012968564117084656,0.19595326261479615,0.19595326261479615,0.0,0.0
1998-11-06,0.010374851293667725,0.010374851293667725,0.5077006651365101,0.5077006651365101,0.0,0.0
1998-11-07,0.00907799488195926,0.00907799488195926,0.34950644436874434,0.34950644436874434,0.0,0.0
1998-11-08,0.00907799488195926,0.00907799488195926,0.31389535510028066,0.31389535510028066,0.0,0.0
1998-11-09,0.00907799488195926,0.00907799488195926,0.30961937472162054,0.30961937472162054,0.0,0.0
1998-11-10,0.00907799488195926,0.00907799488195926,0.41121284740604513,0.41121284740604513,0.0,0.0
1998-11-11,0.00907799488195926,0.00907799488195926,0.18872175915143954,0.18872175915143954,0.0,0.0
1998-11-12,0.012968564117084656,0.012968564117084656,0.13378732919960354,0.13378732919960354,0.0,0.0
1998-11-13,0.01815598976391852,0.01815598976391852,0.16721292695380446,0.16721292695380446,0.0,0.0
1998-11-14,0.01815598976391852,0.01815598976391852,0.19875408172237688,0.19875408172237688,0.0,0.0
1998-11-15,0.01815598976391852,0.01815598976391852,0.2357893509441974,0.2357893509441974,0.0,0.0
1998-11-16,0.01815598976391852,0.01815598976391852,0.2884440220859802,0.2884440220859802,0.0,0.0
1998-11-17,0.01815598976391852,0.01815598976391852,0.15007239737123418,0.15007239737123418,0.0,0.0
1998-11-18,0.01815598976391852,0.01815598976391852,0.12256816636860607,0.12256816636860607,0.0,0.0
1998-11-19,0.01815598976391852,0.01815598976391852,0.12449163995219786,0.12449163995219786,0.0,0.0
1998-11-20,0.01815598976391852,0.01815598976391852,0.12599550480137717,0.12599550480137717,0.0,0.0
1998-11-21,0.01815598976391852,0.01815598976391852,0.14441262318318637,0.14441262318318637,0.0,0.0
1998-11-22,0.01815598976391852,0.01815598976391852,0.5839000247909549,0.5839000247909549,0.0,0.0
1998-11-23,0.01815598976391852,0.01815598976391852,0.6714118025931536,0.6714118025931536,0.0,0.0
1998-11-24,0.01815598976391852,0.01815598976391852,0.19723511279112999,0.19723511279112999,0.0,0.0
1998-11-25,0.01815598976391852,0.01815598976391852,0.11107440537553898,0.11107440537553898,0.0,0.0
1998-11-26,0.01815598976391852,0.01815598976391852,0.20086206745473736,0.20086206745473736,0.0,0.0
1998-11-27,0.01815598976391852,0.01815598976391852,0.3317305613867317,0.3317305613867317,0.0,0.0
1998-11-28,0.01815598976391852,0.01815598976391852,0.8921860706318179,0.8921860706318179,0.0,0.0
1998-11-29,0.01815598976391852,0.01815598976391852,3.201682843126694,3.201682843126694,0.0,0.0
1998-11-30,0.01815598976391852,0.01815598976391852,3.346110398720072,3.346110398720072,0.0,0.0
1998-12-01,0.01815598976391852,0.01815598976391852,1.560090433918675,1.560090433918675,0.0,0.0
1998-12-02,0.01815598976391852,0.01815598976391852,0.49053990001237935,0.49053990001237935,0.0,0.0
1998-12-03,0.01815598976391852,0.01815598976391852,2.630656134542237,2.630656134542237,0.0,0.0
1998-12-04,0.015562276940501586,0.015562276940501586,1.0056966652398676,1.0056966652398676,0.0,0.0
1998-12-05,0.015562276940501586,0.015562276940501586,0.4303741134259009,0.4303741134259009,0.0,0.0
1998-12-06,0.01815598976391852,0.01815598976391852,0.4011149296619311,0.4011149296619311,0.0,0.0
1998-12-07,0.01815598976391852,0.01815598976391852,0.2552588053613938,0.2552588053613938,0.0,0.0
1998-12-08,0.01815598976391852,0.01815598976391852,0.20432999680260797,0.20432999680260797,0.0,0.0
1998-12-09,0.01815598976391852,0.01815598976391852,0.18806882595724547,0.18806882595724547,0.0,0.0
1998-12-10,0.01815598976391852,0.01815598976391852,0.2677962473314179,0.2677962473314179,0.0,0.0
1998-12-11,0.01426542052879312,0.01426542052879312,0.3114024400515471,0.3114024400515471,0.0,0.0
1998-12-12,0.01167170770537619,0.01167170770537619,0.34846250174137444,0.34846250174137444,0.0,0.0
1998-12-13,0.010374851293667725,0.010374851293667725,0.9885236777589066,0.9885236777589066,0.0,0.0
1998-12-14,0.00907799488195926,0.00907799488195926,0.4569056086470639,0.4569056086470639,0.0,0.0
1998-12-15,0.00907799488195926,0.00907799488195926,0.30112490229905814,0.30112490229905814,0.0,0.0
1998-12-16,0.00907799488195926,0.00907799488195926,0.339699697349148,0.339699697349148,0.0,0.0
1998-12-17,0.00907799488195926,0.00907799488195926,0.3450501947363385,0.3450501947363385,0.0,0.0
1998-12-18,0.007781138470250793,0.007781138470250793,0.2880267542076233,0.2880267542076233,0.0,0.0
1998-12-19,0.00907799488195926,0.00907799488195926,0.32379311528752996,0.32379311528752996,0.0,0.0
1998-12-20,0.00907799488195926,0.00907799488195926,0.510080433088784,0.510080433088784,0.0,0.0
1998-12-21,0.00907799488195926,0.00907799488195926,0.23138944030403874,0.23138944030403874,0.0,0.0
1998-12-22,0.007781138470250793,0.007781138470250793,0.2817354243639847,0.2817354243639847,0.0,0.0
1998-12-23,0.006484282058542328,0.006484282058542328,0.23592115977988018,0.23592115977988018,0.0,0.0
1998-12-24,0.006484282058542328,0.006484282058542328,0.2236435653403405,0.2236435653403405,0.0,0.0
1998-12-25,0.006484282058542328,0.006484282058542328,0.23739193567100159,0.23739193567100159,0.0,0.0
1998-12-26,0.006484282058542328,0.006484282058542328,0.22738160655268738,0.22738160655268738,0.0,0.0
1998-12-27,0.007781138470250793,0.007781138470250793,0.2053608198423382,0.2053608198423382,0.0,0.0
1998-12-28,0.007781138470250793,0.007781138470250793,0.1995299302227291,0.1995299302227291,0.0,0.0
1998-12-29,0.007781138470250793,0.007781138470250793,0.2034934665000113,0.2034934665000113,0.0,0.0
1998-12-30,0.007781138470250793,0.007781138470250793,0.2401400083431057,0.2401400083431057,0.0,0.0
1998-12-31,0.007781138470250793,0.007781138470250793,0.2630146519766188,0.2630146519766188,0.0,0.0
1999-01-01,0.007781138470250793,0.007781138470250793,0.187817510553217,0.187817510553217,0.0,0.0
1999-01-02,0.007781138470250793,0.007781138470250793,0.1795930278220897,0.1795930278220897,0.0,0.0
1999-01-03,0.007781138470250793,0.007781138470250793,0.1928780721289238,0.1928780721289238,0.0,0.0
1999-01-04,0.007781138470250793,0.007781138470250793,0.2164123929072228,0.2164123929072228,0.0,0.0
1999-01-05,0.007781138470250793,0.007781138470250793,0.2573585083424728,0.2573585083424728,0.0,0.0
1999-01-06,0.007781138470250793,0.007781138470250793,0.2282827261551001,0.2282827261551001,0.0,0.0
1999-01-07,0.007781138470250793,0.007781138470250793,0.2022468251669526,0.2022468251669526,0.0,0.0
1999-01-08,0.007781138470250793,0.007781138470250793,0.1809330523485821,0.1809330523485821,0.0,0.0
1999-01-09,0.007781138470250793,0.007781138470250793,0.166791122309656,0.166791122309656,0.0,0.0
1999-01-10,0.007781138470250793,0.007781138470250793,0.17586746664019728,0.17586746664019728,0.0,0.0
1999-01-11,0.007781138470250793,0.007781138470250793,0.18006824840082838,0.18006824840082838,0.0,0.0
1999-01-12,0.007781138470250793,0.007781138470250793,0.1831664930118278,0.1831664930118278,0.0,0.0
1999-01-13,0.007781138470250793,0.007781138470250793,0.17727075187656188,0.17727075187656188,0.0,0.0
1999-01-14,0.007781138470250793,0.007781138470250793,0.6489245555382246,0.6489245555382246,0.0,0.0
1999-01-15,0.007781138470250793,0.007781138470250793,0.9315657635093553,0.9315657635093553,0.0,0.0
1999-01-16,0.007781138470250793,0.007781138470250793,0.422517927853435,0.422517927853435,0.0,0.0
1999-01-17,0.007781138470250793,0.007781138470250793,3.056758084024329,3.056758084024329,0.0,0.0
1999-01-18,0.007781138470250793,0.007781138470250793,8.56639989265894,8.56639989265894,0.0,0.0
1999-01-19,0.007781138470250793,0.007781138470250793,10.0,10.0,0.0,0.0
1999-01-20,0.007781138470250793,0.007781138470250793,10.0,10.0,0.0,0.0
1999-01-21,0.007781138470250793,0.007781138470250793,3.2972498286183436,3.2972498286183436,0.0,0.0
1999-01-22,0.007781138470250793,0.007781138470250793,1.7187577396171585,1.7187577396171585,0.0,0.0
1999-01-23,0.007781138470250793,0.007781138470250793,2.629763464400063,2.629763464400063,0.0,0.0
1999-01-24,0.007781138470250793,0.007781138470250793,2.310129836862954,2.310129836862954,0.0,0.0
1999-01-25,0.007781138470250793,0.007781138470250793,2.1581894324916155,2.1581894324916155,0.0,0.0
1999-01-26,0.007781138470250793,0.007781138470250793,0.588421425273526,0.588421425273526,0.0,0.0
1999-01-27,0.007781138470250793,0.007781138470250793,0.2513367324378918,0.2513367324378918,0.0,0.0
1999-01-28,0.007781138470250793,0.007781138470250793,0.2160600665819534,0.2160600665819534,0.0,0.0
1999-01-29,0.007781138470250793,0.007781138470250793,1.313833913130487,1.313833913130487,0.0,0.0
1999-01-30,0.007781138470250793,0.007781138470250793,1.5057308326964276,1.5057308326964276,0.0,0.0
1999-01-31,0.007781138470250793,0.007781138470250793,1.4704892202798887,1.4704892202798887,0.0,0.0
1999-02-01,0.007781138470250793,0.007781138470250793,0.636979974563955,0.636979974563955,0.0,0.0
1999-02-02,0.010374851293667725,0.010374851293667725,0.357180711289902,0.357180711289902,0.0,0.0
1999-02-03,0.010374851293667725,0.010374851293667725,0.4165894128385674,0.4165894128385674,0.0,0.0
1999-02-04,0.010374851293667725,0.010374851293667725,0.42772547458606947,0.42772547458606947,0.0,0.0
1999-02-05,0.010374851293667725,0.010374851293667725,0.7223259414789839,0.7223259414789839,0.0,0.0
1999-02-06,0.010374851293667725,0.010374851293667725,2.668151328568623,2.668151328568623,0.0,0.0
1999-02-07,0.010374851293667725,0.010374851293667725,7.093651591769446,7.093651591769446,0.0,0.0
1999-02-08,0.007781138470250793,0.007781138470250793,10.0,10.0,0.0,0.0
1999-02-09,0.007781138470250793,0.007781138470250793,10.0,10.0,0.0,0.0
1999-02-10,0.007781138470250793,0.007781138470250793,4.26501731940266,4.26501731940266,0.0,0.0
1999-02-11,0.010374851293667725,0.010374851293667725,3.6013293508931286,3.6013293508931286,0.0,0.0
1999-02-12,0.010374851293667725,0.010374851293667725,3.666055718182044,3.666055718182044,0.0,0.0
1999-02-13,0.007781138470250793,0.007781138470250793,3.5320615927914027,3.5320615927914027,0.0,0.0
1999-02-14,0.007781138470250793,0.007781138470250793,3.3837602079175833,3.3837602079175833,0.0,0.0
1999-02-15,0.007781138470250793,0.007781138470250793,3.4423554804253067,3.4423554804253067,0.0,0.0
1999-02-16,0.007781138470250793,0.007781138470250793,5.003655421235442,5.003655421235442,0.0,0.0
1999-02-17,0.0,0.0,4.4746428203089375,4.4746428203089375,0.0,0.0
1999-02-18,0.0,0.0,4.546799560901169,4.546799560901169,0.0,0.0
1999-02-19,0.0,0.0,4.479927111934094,4.479927111934094,0.0,0.0
1999-02-20,0.0,0.0,4.999810860613604,4.999810860613604,0.0,0.0
1999-02-21,0.0,0.0,5.08895478811113,5.08895478811113,0.0,0.0
1999-02-22,0.0,0.0,4.382743386236019,4.382743386236019,0.0,0.0
1999-02-23,0.0,0.0,4.257111358344774,4.257111358344774,0.0,0.0
1999-02-24,0.0,0.0,4.6675762884919605,4.6675762884919605,0.0,0.0
1999-02-25,0.0,0.0,4.180701513033931,4.180701513033931,0.0,0.0
1999-02-26,0.0,0.0,3.852307873729399,3.852307873729399,0.0,0.0
1999-02-27,0.0,0.0,3.760352171906881,3.760352171906881,0.0,0.0
1999-02-28,0.0,0.0,3.6300002590051736,3.6300002590051736,0.0,0.0
1999-03-01,0.0,0.0,3.2431329194532053,3.2431329194532053,0.0,0.0
1999-03-02,0.0,0.0,3.284702792269288,3.284702792269288,0.0,0.0
1999-03-03,0.0,0.0,3.144579373475924,3.144579373475924,0.0,0.0
1999-03-04,0.0,0.0,2.8841141825807526,2.8841141825807526,0.0,0.0
1999-03-05,0.0,0.0,2.6537711477408283,2.6537711477408283,0.0,0.0
1999-03-06,0.0,0.0,2.913873165962563,2.913873165962563,0.0,0.0
1999-03-07,0.0,0.0,2.6433224106870017,2.6433224106870017,0.0,0.0
1999-03-08,0.0,0.0,3.2140143965876007,3.2140143965876007,0.0,0.0
1999-03-09,0.0,0.0,2.744402974718592,2.744402974718592,0.0,0.0
1999-03-10,0.0,0.0,2.3267251222683827,2.3267251222683827,0.0,0.0
1999-03-11,0.0,0.0,2.27893981839991,2.27893981839991,0.0,0.0
1999-03-12,0.0,0.0,2.231670328444453,2.231670328444453,0.0,0.0
1999-03-13,0.0,0.0,2.1940379274911903,2.1940379274911903,0.0,0.0
1999-03-14,0.0,0.0,2.142286721463311,2.142286721463311,0.0,0.0
1999-03-15,0.0,0.0,2.027456544049096,2.027456544049096,0.0,0.0
1999-03-16,0.0,0.0,1.943208890739159,1.943208890739159,0.0,0.0
1999-03-17,0.0,0.0,1.8641429416356727,1.8641429416356727,0.0,0.0
1999-03-18,0.0,0.0,1.84919857719803,1.84919857719803,0.0,0.0
1999-03-19,0.0,0.0,1.9965075649539168,1.9965075649539168,0.0,0.0
1999-03-20,0.0,0.0,1.774487814818602,1.774487814818602,0.0,0.0
1999-03-21,0.0,0.0,1.8401037187051463,1.8401037187051463,0.0,0.0
1999-03-22,0.0,0.0,1.954605569240481,1.954605569240481,0.0,0.0
1999-03-23,0.0,0.0,1.6472867601336605,1.6472867601336605,0.0,0.0
1999-03-24,0.0,0.0,1.5570785784560286,1.5570785784560286,0.0,0.0
1999-03-25,0.0,0.0,1.5060378577803566,1.5060378577803566,0.0,0.0
1999-03-26,0.0,0.0,1.5990002004053987,1.5990002004053987,0.0,0.0
1999-03-27,0.0,0.0,1.707456863369055,1.707456863369055,0.0,0.0
1999-03-28,0.0,0.0,1.7524022780010138,1.7524022780010138,0.0,0.0
1999-03-29,0.0,0.0,1.727854743694042,1.727854743694042,0.0,0.0
1999-03-30,0.0,0.0,2.367017550778646,2.367017550778646,0.0,0.0
1999-03-31,0.0,0.0,1.837540212265228,1.837540212265228,0.0,0.0
1999-04-01,0.0,0.0,1.8460396714913736,1.8460396714913736,0.0,0.0
1999-04-02,0.0,0.0,1.7661101597409317,1.7661101597409317,0.0,0.0
1999-04-03,0.0,0.0,1.7401632181571236,1.7401632181571236,0.0,0.0
1999-04-04,0.0,0.0,2.0154974749292403,2.0154974749292403,0.0,0.0
1999-04-05,0.0,0.0,3.1355202564956293,3.1355202564956293,0.0,0.0
1999-04-06,0.0,0.0,3.1308658303143604,3.1308658303143604,0.0,0.0
1999-04-07,0.0,0.0,3.981045512887225,3.981045512887225,0.0,0.0
1999-04-08,0.0,0.0,4.828698671671327,4.828698671671327,0.0,0.0
1999-04-09,0.0,0.0,3.4636614051956065,3.4636614051956065,0.0,0.0
1999-04-10,0.0,0.0,3.2370975838046268,3.2370975838046268,0.0,0.0
1999-04-11,0.0,0.0,3.3775057430997246,3.3775057430997246,0.0,0.0
1999-04-12,0.0,0.0,3.367727318697794,3.367727318697794,0.0,0.0
1999-04-13,0.0,0.0,3.5196910419161203,3.5196910419161203,0.0,0.0
1999-04-14,0.0,0.0,3.6267688614703113,3.6267688614703113,0.0,0.0
1999-04-15,0.0,0.0,4.3229088724607605,4.3229088724607605,0.0,0.0
1999-04-16,0.0,0.0,5.304540562773853,5.304540562773853,0.0,0.0
1999-04-17,0.0,0.0,6.258340374792891,6.258340374792891,0.0,0.0
1999-04-18,0.0,0.0,7.113624962421351,7.113624962421351,0.0,0.0
1999-04-19,0.0,0.0,7.53003750239289,7.53003750239289,0.0,0.0
1999-04-20,0.0,0.0,8.031531518809913,8.031531518809913,0.0,0.0
1999-04-21,0.0,0.0,7.301961471572271,7.301961471572271,0.0,0.0
1999-04-22,0.0,0.0,5.067568452151513,5.067568452151513,0.0,0.0
1999-04-23,0.0,0.0,4.046142924096111,4.046142924096111,0.0,0.0
1999-04-24,0.0,0.0,3.522585568058732,3.522585568058732,0.0,0.0
1999-04-25,0.0,0.0,3.639890685563572,3.639890685563572,0.0,0.0
1999-04-26,0.0,0.0,4.700464924760589,4.700464924760589,0.0,0.0
1999-04-27,0.0,0.0,4.064247825716795,4.064247825716795,0.0,0.0
1999-04-28,0.0,0.0,3.204516761661941,3.204516761661941,0.0,0.0
1999-04-29,0.0,0.0,2.813641234137032,2.813641234137032,0.0,0.0
1999-04-30,0.0,0.0,3.014890826436322,3.014890826436322,0.0,0.0
1999-05-01,0.0,0.0,3.2820629102679657,3.2820629102679657,0.0,0.0
1999-05-02,0.0,0.0,3.942875287868776,3.942875287868776,0.0,0.0
1999-05-03,0.0,0.0,2.8452838270928016,2.8452838270928016,0.0,0.0
1999-05-04,0.0,0.0,2.5137311501366675,2.5137311501366675,0.0,0.0
1999-05-05,0.0,0.0,2.6143409688945147,2.6143409688945147,0.0,0.0
1999-05-06,0.0,0.0,3.907256984446781,3.907256984446781,0.0,0.0
1999-05-07,0.0,0.0,5.010377758782887,5.010377758782887,0.0,0.0
1999-05-08,0.0,0.0,5.634717758056477,5.634717758056477,0.0,0.0
1999-05-09,0.0,0.0,5.6789402777077616,5.6789402777077616,0.0,0.0
1999-05-10,0.0,0.0,5.43784664939416,5.43784664939416,0.0,0.0
1999-05-11,0.0,0.0,6.508192653107061,6.508192653107061,0.0,0.0
1999-05-12,0.0,0.0,8.046678196221041,8.046678196221041,0.0,0.0
1999-05-13,0.0,0.0,8.808163041250854,8.808163041250854,0.0,0.0
1999-05-14,0.0,0.0,8.214709416308043,8.214709416308043,0.0,0.0
1999-05-15,0.0,0.0,8.163096078785372,8.163096078785372,0.0,0.0
1999-05-16,0.0,0.0,9.222492459315928,9.222492459315928,0.0,0.0
1999-05-17,0.12320135911230422,0.12320135911230422,10.0,10.0,0.0,0.0
1999-05-18,0.11282650781863648,0.11282650781863648,10.0,10.0,0.0,0.0
1999-05-19,0.11282650781863648,0.11282650781863648,10.0,10.0,0.0,0.0
1999-05-20,0.11152965140692804,0.11152965140692804,10.0,10.0,0.0,0.0
1999-05-21,0.11282650781863648,0.11282650781863648,10.0,10.0,0.0,0.0
1999-05-22,0.14006049246451427,0.14006049246451427,10.0,10.0,0.0,0.0
1999-05-23,0.14006049246451427,0.14006049246451427,10.0,10.0,0.0,0.0
1999-05-24,0.14135734887622275,0.14135734887622275,10.0,10.0,0.0,0.0
1999-05-25,0.14135734887622275,0.14135734887622275,10.0,10.0,0.0,0.0
1999-05-26,0.14913848734647353,0.14913848734647353,10.0,10.0,0.0,0.0
1999-05-27,0.14654477452305661,0.14654477452305661,10.0,10.0,0.0,0.0
1999-05-28,0.14913848734647353,0.14913848734647353,10.0,10.0,0.0,0.0
1999-05-29,0.15173220016989047,0.15173220016989047,10.0,10.0,0.0,0.0
1999-05-30,0.14913848734647353,0.14913848734647353,10.0,10.0,0.0,0.0
1999-05-31,0.15173220016989047,0.15173220016989047,10.0,10.0,0.0,0.0
1999-06-01,0.15173220016989047,0.15173220016989047,10.0,10.0,0.0,0.0
1999-06-02,0.13357621040597195,0.13357621040597195,10.0,10.0,0.0,0.0
1999-06-03,0.14913848734647353,0.14913848734647353,10.0,10.0,0.0,0.0
1999-06-04,0.14524791811134816,0.14524791811134816,10.0,10.0,0.0,0.0
1999-06-05,0.14524791811134816,0.14524791811134816,10.0,10.0,0.0,0.0
1999-06-06,0.1582164822284328,0.1582164822284328,10.0,10.0,0.0,0.0
1999-06-07,0.15173220016989047,0.15173220016989047,10.0,10.0,0.0,0.0
1999-06-08,0.15173220016989047,0.15173220016989047,10.0,10.0,0.0,0.0
1999-06-09,0.15173220016989047,0.15173220016989047,10.0,10.0,0.0,0.0
1999-06-10,0.15173220016989047,0.15173220016989047,10.0,10.0,0.0,0.0
1999-06-11,0.15173220016989047,0.15173220016989047,10.0,10.0,0.0,0.0
1999-06-12,0.14913848734647353,0.14913848734647353,10.0,10.0,0.0,0.0
1999-06-13,0.1659976206986836,0.1659976206986836,10.0,10.0,0.0,0.0
1999-06-14,0.1647007642869751,0.1647007642869751,10.0,10.0,0.0,0.0
1999-06-15,0.16340390787526665,0.16340390787526665,10.0,10.0,0.0,0.0
1999-06-16,0.15562276940501585,0.15562276940501585,10.0,10.0,0.0,0.0
1999-06-17,0.15562276940501585,0.15562276940501585,10.0,10.0,0.0,0.0
1999-06-18,0.15691962581672436,0.15691962581672436,10.0,10.0,0.0,0.0
1999-06-19,0.15562276940501585,0.15562276940501585,10.0,10.0,0.0,0.0
1999-06-20,0.15562276940501585,0.15562276940501585,10.0,10.0,0.0,0.0
1999-06-21,0.1543259129933074,0.1543259129933074,10.0,10.0,0.0,0.0
1999-06-22,0.16340390787526665,0.16340390787526665,10.0,10.0,0.0,0.0
1999-06-23,0.1647007642869751,0.1647007642869751,10.0,10.0,0.0,0.0
1999-06-24,0.16210705146355817,0.16210705146355817,10.0,10.0,0.0,0.0
1999-06-25,0.16210705146355817,0.16210705146355817,10.0,10.0,0.0,0.0
1999-06-26,0.17118504634551746,0.17118504634551746,10.0,10.0,0.0,0.0
1999-06-27,0.17118504634551746,0.17118504634551746,10.0,10.0,0.0,0.0
1999-06-28,0.15951333864014125,0.15951333864014125,10.0,10.0,0.0,0.0
1999-06-29,0.15302905658159893,0.15302905658159893,10.0,10.0,0.0,0.0
1999-06-30,0.16340390787526665,0.16340390787526665,10.0,10.0,0.0,0.0
1999-07-01,0.16340390787526665,0.16340390787526665,10.0,10.0,0.0,0.0
1999-07-02,0.16340390787526665,0.16340390787526665,10.0,10.0,0.0,0.0
1999-07-03,0.16340390787526665,0.16340390787526665,10.0,10.0,0.0,0.0
1999-07-04,0.16340390787526665,0.16340390787526665,10.0,10.0,0.0,0.0
1999-07-05,0.16340390787526665,0.16340390787526665,10.0,10.0,0.0,0.0
1999-07-06,0.16340390787526665,0.16340390787526665,10.0,10.0,0.0,0.0
1999-07-07,0.15951333864014125,0.15951333864014125,10.0,10.0,0.0,0.0
1999-07-08,0.15691962581672436,0.15691962581672436,10.0,10.0,0.0,0.0
1999-07-09,0.16729447711039205,0.16729447711039205,9.8252424539527,9.8252424539527,0.0,0.0
1999-07-10,0.17248190275722594,0.17248190275722594,1.3090784991534545,1.3090784991534545,0.0,0.0
1999-07-11,0.1685913335221005,0.1685913335221005,1.212298544571033,1.212298544571033,0.0,0.0
1999-07-12,0.16340390787526665,0.16340390787526665,1.1948506312795057,1.1948506312795057,0.0,0.0
1999-07-13,0.16340390787526665,0.16340390787526665,1.2384670151679724,1.2384670151679724,0.0,0.0
1999-07-14,0.1543259129933074,0.1543259129933074,1.0592279039353911,1.0592279039353911,0.0,0.0
1999-07-15,0.15951333864014125,0.15951333864014125,0.9712397737500575,0.9712397737500575,0.0,0.0
1999-07-16,0.16340390787526665,0.16340390787526665,0.8558801141368104,0.8558801141368104,0.0,0.0
1999-07-17,0.16081019505184974,0.16081019505184974,0.6607809338520301,0.6607809338520301,0.0,0.0
1999-07-18,0.16340390787526665,0.16340390787526665,0.5180548834888254,0.5180548834888254,0.0,0.0
1999-07-19,0.1647007642869751,0.1647007642869751,0.4081826972247715,0.4081826972247715,0.0,0.0
1999-07-20,0.16081019505184974,0.16081019505184974,0.37979100300801444,0.37979100300801444,0.0,0.0
1999-07-21,0.169888189933809,0.169888189933809,0.28119541931036013,0.28119541931036013,0.0,0.0
1999-07-22,0.16729447711039205,0.16729447711039205,0.2662494487179282,0.2662494487179282,0.0,0.0
1999-07-23,0.16729447711039205,0.16729447711039205,0.24807942330660157,0.24807942330660157,0.0,0.0
1999-07-24,0.16729447711039205,0.16729447711039205,0.22439838445507296,0.22439838445507296,0.0,0.0
1999-07-25,0.1659976206986836,0.1659976206986836,0.1999702037941222,0.1999702037941222,0.0,0.0
1999-07-26,0.16729447711039205,0.16729447711039205,0.16831357860243104,0.16831357860243104,0.0,0.0
1999-07-27,0.16729447711039205,0.16729447711039205,0.15003552228913117,0.15003552228913117,0.0,0.0
1999-07-28,0.16340390787526665,0.16340390787526665,0.14156287810289225,0.14156287810289225,0.0,0.0
1999-07-29,0.1659976206986836,0.1659976206986836,0.11982583054665838,0.11982583054665838,0.0,0.0
1999-07-30,0.1647007642869751,0.1647007642869751,0.10037730324923338,0.10037730324923338,0.0,0.0
1999-07-31,0.1647007642869751,0.1647007642869751,0.08662526586368807,0.08662526586368807,0.0,0.0
1999-08-01,0.16729447711039205,0.16729447711039205,0.09174342321234744,0.09174342321234744,0.0,0.0
1999-08-02,0.15302905658159893,0.15302905658159893,0.10362514808712298,0.10362514808712298,0.0,0.0
1999-08-03,0.1543259129933074,0.1543259129933074,0.1167994531383797,0.1167994531383797,0.0,0.0
1999-08-04,0.15562276940501585,0.15562276940501585,0.06670143190364716,0.06670143190364716,0.0,0.0
1999-08-05,0.15302905658159893,0.15302905658159893,0.06968867148704938,0.06968867148704938,0.0,0.0
1999-08-06,0.1543259129933074,0.1543259129933074,0.0563919600492071,0.0563919600492071,0.0,0.0
1999-08-07,0.16081019505184974,0.16081019505184974,0.01758594454824966,0.01758594454824966,0.0,0.0
1999-08-08,0.1543259129933074,0.1543259129933074,0.022212035873364122,0.022212035873364122,0.0,0.0
1999-08-09,0.14654477452305661,0.14654477452305661,0.049378588732513495,0.049378588732513495,0.0,0.0
1999-08-10,0.14654477452305661,0.14654477452305661,0.03741484621138749,0.03741484621138749,0.0,0.0
1999-08-11,0.14654477452305661,0.14654477452305661,0.025347277972709997,0.025347277972709997,0.0,0.0
1999-08-12,0.1543259129933074,0.1543259129933074,0.020748721961002303,0.020748721961002303,0.0,0.0
1999-08-13,0.14524791811134816,0.14524791811134816,0.032552869654336236,0.032552869654336236,0.0,0.0
1999-08-14,0.15302905658159893,0.15302905658159893,0.02128585272966596,0.02128585272966596,0.0,0.0
1999-08-15,0.14524791811134816,0.14524791811134816,0.029378478767272953,0.029378478767272953,0.0,0.0
1999-08-16,0.14524791811134816,0.14524791811134816,0.02181139867586665,0.02181139867586665,0.0,0.0
1999-08-17,0.14006049246451427,0.14006049246451427,0.031046889333797123,0.031046889333797123,0.0,0.0
1999-08-18,0.13487306681768044,0.13487306681768044,0.04052825663352416,0.04052825663352416,0.0,0.0
1999-08-19,0.12190450270059575,0.12190450270059575,0.05281063893652835,0.05281063893652835,0.0,0.0
1999-08-20,0.12320135911230422,0.12320135911230422,0.05281594283072398,0.05281594283072398,0.0,0.0
1999-08-21,0.1089359385835111,0.1089359385835111,0.07001100938069339,0.07001100938069339,0.0,0.0
1999-08-22,0.1089359385835111,0.1089359385835111,0.07871699941233949,0.07871699941233949,0.0,0.0
1999-08-23,0.10504536934838571,0.10504536934838571,0.09499852223216018,0.09499852223216018,0.0,0.0
1999-08-24,0.10504536934838571,0.10504536934838571,0.09782604833514869,0.09782604833514869,0.0,0.0
1999-08-25,0.11931078987717883,0.11931078987717883,0.09084761312752457,0.09084761312752457,0.0,0.0
1999-08-26,0.11801393346547037,0.11801393346547037,0.19626790602566543,0.19626790602566543,0.0,0.0
1999-08-27,0.12968564117084655,0.12968564117084655,0.10743780542435735,0.10743780542435735,0.0,0.0
1999-08-28,0.12190450270059575,0.12190450270059575,0.12478643780600496,0.12478643780600496,0.0,0.0
1999-08-29,0.1089359385835111,0.1089359385835111,0.1444212701404608,0.1444212701404608,0.0,0.0
1999-08-30,0.10374851293667725,0.10374851293667725,0.08889924329124646,0.08889924329124646,0.0,0.0
1999-08-31,0.10245165652496876,0.10245165652496876,0.050039518376032044,0.050039518376032044,0.0,0.0
1999-09-01,0.10245165652496876,0.10245165652496876,0.11879728778653953,0.11879728778653953,0.0,0.0
1999-09-02,0.10374851293667725,0.10374851293667725,0.11556143888862935,0.11556143888862935,0.0,0.0
1999-09-03,0.10374851293667725,0.10374851293667725,0.11717763954695845,0.11717763954695845,0.0,0.0
1999-09-04,0.10374851293667725,0.10374851293667725,0.12472307520354725,0.12472307520354725,0.0,0.0
1999-09-05,0.10374851293667725,0.10374851293667725,0.13403138761407105,0.13403138761407105,0.0,0.0
1999-09-06,0.10374851293667725,0.10374851293667725,0.15413495419917272,0.15413495419917272,0.0,0.0
1999-09-07,0.11801393346547037,0.11801393346547037,0.13569913921453172,0.13569913921453172,0.0,0.0
1999-09-08,0.11801393346547037,0.11801393346547037,0.1377640662878877,0.1377640662878877,0.0,0.0
1999-09-09,0.1167170770537619,0.1167170770537619,0.1261978810246282,0.1261978810246282,0.0,0.0
1999-09-10,0.11542022064205343,0.11542022064205343,0.13617044567100528,0.13617044567100528,0.0,0.0
1999-09-11,0.1167170770537619,0.1167170770537619,0.1361597613360474,0.1361597613360474,0.0,0.0
1999-09-12,0.1089359385835111,0.1089359385835111,0.14586488132733172,0.14586488132733172,0.0,0.0
1999-09-13,0.08818623599617564,0.08818623599617564,0.17100167072193756,0.17100167072193756,0.0,0.0
1999-09-14,0.08818623599617564,0.08818623599617564,0.17872432200721283,0.17872432200721283,0.0,0.0
1999-09-15,0.07392081546738254,0.07392081546738254,0.20585293602526367,0.20585293602526367,0.0,0.0
1999-09-16,0.07392081546738254,0.07392081546738254,0.18185005034071328,0.18185005034071328,0.0,0.0
1999-09-17,0.07392081546738254,0.07392081546738254,0.13009030271959304,0.13009030271959304,0.0,0.0
1999-09-18,0.07392081546738254,0.07392081546738254,0.1298568731146968,0.1298568731146968,0.0,0.0
1999-09-19,0.07392081546738254,0.07392081546738254,0.12964470481700596,0.12964470481700596,0.0,0.0
1999-09-20,0.07392081546738254,0.07392081546738254,0.15280931168815098,0.15280931168815098,0.0,0.0
1999-09-21,0.0907799488195926,0.0907799488195926,0.1165872403385806,0.1165872403385806,0.0,0.0
1999-09-22,0.09467051805471799,0.09467051805471799,0.09751395645381361,0.09751395645381361,0.0,0.0
1999-09-23,0.10115480011326032,0.10115480011326032,0.08742003619210369,0.08742003619210369,0.0,0.0
1999-09-24,0.08818623599617564,0.08818623599617564,0.07984140030261275,0.07984140030261275,0.0,0.0
1999-09-25,0.08170195393763333,0.08170195393763333,0.07966931177506997,0.07966931177506997,0.0,0.0
1999-09-26,0.08170195393763333,0.08170195393763333,0.07747601179096136,0.07747601179096136,0.0,0.0
1999-09-27,0.07392081546738254,0.07392081546738254,0.06543713560283636,0.06543713560283636,0.0,0.0
1999-09-28,0.06743653340884022,0.06743653340884022,0.06353814476818549,0.06353814476818549,0.0,0.0
1999-09-29,0.06873338982054866,0.06873338982054866,0.05504728043540073,0.05504728043540073,0.0,0.0
1999-09-30,0.07003024623225713,0.07003024623225713,0.04734209099380507,0.04734209099380507,0.0,0.0
1999-10-01,0.042796261586379364,0.042796261586379364,0.08432593323156284,0.08432593323156284,0.0,0.0
1999-10-02,0.042796261586379364,0.042796261586379364,0.07907332982685214,0.07907332982685214,0.0,0.0
1999-10-03,0.042796261586379364,0.042796261586379364,0.07494421589627893,0.07494421589627893,0.0,0.0
1999-10-04,0.042796261586379364,0.042796261586379364,0.07142786824622993,0.07142786824622993,0.0,0.0
1999-10-05,0.042796261586379364,0.042796261586379364,0.06812553197929754,0.06812553197929754,0.0,0.0
1999-10-06,0.042796261586379364,0.042796261586379364,0.06562384793788544,0.06562384793788544,0.0,0.0
1999-10-07,0.0414994051746709,0.0414994051746709,0.0653183703275162,0.0653183703275162,0.0,0.0
1999-10-08,0.05576482570346402,0.05576482570346402,0.04964548893755278,0.04964548893755278,0.0,0.0
1999-10-09,0.05706168211517248,0.05706168211517248,0.046487017544781524,0.046487017544781524,0.0,0.0
1999-10-10,0.04668683082150476,0.04668683082150476,0.054598220390490636,0.054598220390490636,0.0,0.0
1999-10-11,0.0453899744097963,0.0453899744097963,0.053674256750433295,0.053674256750433295,0.0,0.0
1999-10-12,0.0453899744097963,0.0453899744097963,0.051671520346953194,0.051671520346953194,0.0,0.0
1999-10-13,0.0453899744097963,0.0453899744097963,0.049874095786856094,0.049874095786856094,0.0,0.0
1999-10-14,0.0453899744097963,0.0453899744097963,0.048201898037431294,0.048201898037431294,0.0,0.0
1999-10-15,0.03631197952783704,0.03631197952783704,0.055851535139856655,0.055851535139856655,0.0,0.0
1999-10-16,0.042796261586379364,0.042796261586379364,0.048239193838550035,0.048239193838550035,0.0,0.0
1999-10-17,0.04409311799808782,0.04409311799808782,0.046091328692733885,0.046091328692733885,0.0,0.0
1999-10-18,0.042796261586379364,0.042796261586379364,0.04680475942868574,0.04680475942868574,0.0,0.0
1999-10-19,0.042796261586379364,0.042796261586379364,0.04632325087961163,0.04632325087961163,0.0,0.0
1999-10-20,0.042796261586379364,0.042796261586379364,0.04571554201983674,0.04571554201983674,0.0,0.0
1999-10-21,0.042796261586379364,0.042796261586379364,0.04504187681476253,0.04504187681476253,0.0,0.0
1999-10-22,0.042796261586379364,0.042796261586379364,0.04443198395263244,0.04443198395263244,0.0,0.0
1999-10-23,0.042796261586379364,0.042796261586379364,0.04388550681298664,0.04388550681298664,0.0,0.0
1999-10-24,0.04928054364492169,0.04928054364492169,0.03697728936429102,0.03697728936429102,0.0,0.0
1999-10-25,0.04928054364492169,0.04928054364492169,0.03667246823280081,0.03667246823280081,0.0,0.0
1999-10-26,0.03371826670442011,0.03371826670442011,0.0993307242796351,0.0993307242796351,0.0,0.0
1999-10-27,0.03242141029271164,0.03242141029271164,0.38266539913212316,0.38266539913212316,0.0,0.0
1999-10-28,0.03371826670442011,0.03371826670442011,0.1968252519577984,0.1968252519577984,0.0,0.0
1999-10-29,0.03371826670442011,0.03371826670442011,0.0635289977249211,0.0635289977249211,0.0,0.0
1999-10-30,0.03371826670442011,0.03371826670442011,0.052681886627738685,0.052681886627738685,0.0,0.0
1999-10-31,0.012968564117084656,0.012968564117084656,0.07677616894329276,0.07677616894329276,0.0,0.0
1999-11-01,0.012968564117084656,0.012968564117084656,0.08252284248843045,0.08252284248843045,0.0,0.0
1999-11-02,0.012968564117084656,0.012968564117084656,0.07487666445985325,0.07487666445985325,0.0,0.0
1999-11-03,0.012968564117084656,0.012968564117084656,0.07404277190809963,0.07404277190809963,0.0,0.0
1999-11-04,0.012968564117084656,0.012968564117084656,0.06977404102454374,0.06977404102454374,0.0,0.0
1999-11-05,0.012968564117084656,0.012968564117084656,0.06968841847552934,0.06968841847552934,0.0,0.0
1999-11-06,0.010374851293667725,0.010374851293667725,0.07234775824553807,0.07234775824553807,0.0,0.0
1999-11-07,0.00907799488195926,0.00907799488195926,2.074713296528705,2.074713296528705,0.0,0.0
1999-11-08,0.00907799488195926,0.00907799488195926,1.4139202618471522,1.4139202618471522,0.0,0.0
1999-11-09,0.00907799488195926,0.00907799488195926,0.14277531100338514,0.14277531100338514,0.0,0.0
1999-11-10,0.00907799488195926,0.00907799488195926,0.12124658750426703,0.12124658750426703,0.0,0.0
1999-11-11,0.00907799488195926,0.00907799488195926,0.15878571293868643,0.15878571293868643,0.0,0.0
1999-11-12,0.012968564117084656,0.012968564117084656,0.22040481026410164,0.22040481026410164,0.0,0.0
1999-11-13,0.01815598976391852,0.01815598976391852,0.2014129601072714,0.2014129601072714,0.0,0.0
1999-11-14,0.01815598976391852,0.01815598976391852,0.13692986322001907,0.13692986322001907,0.0,0.0
1999-11-15,0.01815598976391852,0.01815598976391852,0.4991760689255553,0.4991760689255553,0.0,0.0
1999-11-16,0.01815598976391852,0.01815598976391852,1.3646862786730807,1.3646862786730807,0.0,0.0
1999-11-17,0.01815598976391852,0.01815598976391852,0.465845460483194,0.465845460483194,0.0,0.0
1999-11-18,0.01815598976391852,0.01815598976391852,0.6746442640871636,0.6746442640871636,0.0,0.0
1999-11-19,0.01815598976391852,0.01815598976391852,1.125100934398056,1.125100934398056,0.0,0.0
1999-11-20,0.01815598976391852,0.01815598976391852,0.37724157038019507,0.37724157038019507,0.0,0.0
1999-11-21,0.01815598976391852,0.01815598976391852,0.09503797545163528,0.09503797545163528,0.0,0.0
1999-11-22,0.01815598976391852,0.01815598976391852,0.07134393843536048,0.07134393843536048,0.0,0.0
1999-11-23,0.01815598976391852,0.01815598976391852,0.06990234556525568,0.06990234556525568,0.0,0.0
1999-11-24,0.01815598976391852,0.01815598976391852,0.07589732233845478,0.07589732233845478,0.0,0.0
1999-11-25,0.01815598976391852,0.01815598976391852,0.08320123001775688,0.08320123001775688,0.0,0.0
1999-11-26,0.01815598976391852,0.01815598976391852,0.15823153358698058,0.15823153358698058,0.0,0.0
1999-11-27,0.01815598976391852,0.01815598976391852,0.1835564776226382,0.1835564776226382,0.0,0.0
1999-11-28,0.01815598976391852,0.01815598976391852,0.12857542399704378,0.12857542399704378,0.0,0.0
1999-11-29,0.01815598976391852,0.01815598976391852,0.16142832064509818,0.16142832064509818,0.0,0.0
1999-11-30,0.01815598976391852,0.01815598976391852,0.41433416682385066,0.41433416682385066,0.0,0.0
1999-12-01,0.01815598976391852,0.01815598976391852,0.20759275237787758,0.20759275237787758,0.0,0.0
1999-12-02,0.01815598976391852,0.01815598976391852,0.12431593271346938,0.12431593271346938,0.0,0.0
1999-12-03,0.01815598976391852,0.01815598976391852,0.12051895152698669,0.12051895152698669,0.0,0.0
1999-12-04,0.015562276940501586,0.015562276940501586,0.10204233913150462,0.10204233913150462,0.0,0.0
1999-12-05,0.015562276940501586,0.015562276940501586,0.10926201795500681,0.10926201795500681,0.0,0.0
1999-12-06,0.01815598976391852,0.01815598976391852,0.11259716813061438,0.11259716813061438,0.0,0.0
1999-12-07,0.01815598976391852,0.01815598976391852,0.11095423674286167,0.11095423674286167,0.0,0.0
1999-12-08,0.01815598976391852,0.01815598976391852,0.11326279776381457,0.11326279776381457,0.0,0.0
1999-12-09,0.01815598976391852,0.01815598976391852,0.10668556781992528,0.10668556781992528,0.0,0.0
1999-12-10,0.01815598976391852,0.01815598976391852,0.10223430105456718,0.10223430105456718,0.0,0.0
1999-12-11,0.01426542052879312,0.01426542052879312,0.10455725071998928,0.10455725071998928,0.0,0.0
1999-12-12,0.01167170770537619,0.01167170770537619,0.12121217994001872,0.12121217994001872,0.0,0.0
1999-12-13,0.010374851293667725,0.010374851293667725,0.1416747291310617,0.1416747291310617,0.0,0.0
1999-12-14,0.00907799488195926,0.00907799488195926,0.11199979489382064,0.11199979489382064,0.0,0.0
1999-12-15,0.00907799488195926,0.00907799488195926,0.10979931274396124,0.10979931274396124,0.0,0.0
1999-12-16,0.00907799488195926,0.00907799488195926,0.11807985206448823,0.11807985206448823,0.0,0.0
1999-12-17,0.00907799488195926,0.00907799488195926,0.18874370984469074,0.18874370984469074,0.0,0.0
1999-12-18,0.007781138470250793,0.007781138470250793,0.1747245619040941,0.1747245619040941,0.0,0.0
1999-12-19,0.00907799488195926,0.00907799488195926,0.14589239560023443,0.14589239560023443,0.0,0.0
1999-12-20,0.00907799488195926,0.00907799488195926,0.16845913755819253,0.16845913755819253,0.0,0.0
1999-12-21,0.00907799488195926,0.00907799488195926,0.16893476606392444,0.16893476606392444,0.0,0.0
1999-12-22,0.007781138470250793,0.007781138470250793,0.1787556371520348,0.1787556371520348,0.0,0.0
1999-12-23,0.006484282058542328,0.006484282058542328,0.13292094242840127,0.13292094242840127,0.0,0.0
1999-12-24,0.006484282058542328,0.006484282058542328,0.1254848605681532,0.1254848605681532,0.0,0.0
1999-12-25,0.006484282058542328,0.006484282058542328,0.12952228012074837,0.12952228012074837,0.0,0.0
1999-12-26,0.006484282058542328,0.006484282058542328,0.1343042194241646,0.1343042194241646,0.0,0.0
1999-12-27,0.007781138470250793,0.007781138470250793,0.1572971962021723,0.1572971962021723,0.0,0.0
1999-12-28,0.007781138470250793,0.007781138470250793,0.11808356805446611,0.11808356805446611,0.0,0.0
1999-12-29,0.007781138470250793,0.007781138470250793,0.1308147038645762,0.1308147038645762,0.0,0.0
1999-12-30,0.007781138470250793,0.007781138470250793,0.122617750105017,0.122617750105017,0.0,0.0
1999-12-31,0.007781138470250793,0.007781138470250793,0.1256720307303125,0.1256720307303125,0.0,0.0
2000-01-01,0.007781138470250793,0.007781138470250793,0.21318468242812189,0.21318468242812189,0.0,0.0
2000-01-02,0.007781138470250793,0.007781138470250793,0.1369310707175642,0.1369310707175642,0.0,0.0
2000-01-03,0.007781138470250793,0.007781138470250793,0.09084057833511541,0.09084057833511541,0.0,0.0
2000-01-04,0.007781138470250793,0.007781138470250793,0.0893245570580705,0.0893245570580705,0.0,0.0
2000-01-05,0.007781138470250793,0.007781138470250793,0.08937329204558091,0.08937329204558091,0.0,0.0
2000-01-06,0.007781138470250793,0.007781138470250793,0.08877567184620981,0.08877567184620981,0.0,0.0
2000-01-07,0.007781138470250793,0.007781138470250793,0.0939645178146449,0.0939645178146449,0.0,0.0
2000-01-08,0.007781138470250793,0.007781138470250793,0.09174037717012531,0.09174037717012531,0.0,0.0
2000-01-09,0.007781138470250793,0.007781138470250793,0.09595106337115031,0.09595106337115031,0.0,0.0
2000-01-10,0.007781138470250793,0.007781138470250793,0.2554284917319993,0.2554284917319993,0.0,0.0
2000-01-11,0.007781138470250793,0.007781138470250793,0.5226060467125722,0.5226060467125722,0.0,0.0
2000-01-12,0.007781138470250793,0.007781138470250793,0.2758886991966648,0.2758886991966648,0.0,0.0
2000-01-13,0.007781138470250793,0.007781138470250793,0.1282385334222697,0.1282385334222697,0.0,0.0
2000-01-14,0.007781138470250793,0.007781138470250793,0.7400936385651643,0.7400936385651643,0.0,0.0
2000-01-15,0.007781138470250793,0.007781138470250793,2.478987386336631,2.478987386336631,0.0,0.0
2000-01-16,0.007781138470250793,0.007781138470250793,4.0583766609472045,4.0583766609472045,0.0,0.0
2000-01-17,0.007781138470250793,0.007781138470250793,10.0,10.0,0.0,0.0
2000-01-18,0.007781138470250793,0.007781138470250793,8.272247181700145,8.272247181700145,0.0,0.0
2000-01-19,0.007781138470250793,0.007781138470250793,1.7587161651632184,1.7587161651632184,0.0,0.0
2000-01-20,0.007781138470250793,0.007781138470250793,1.1088333215555828,1.1088333215555828,0.0,0.0
2000-01-21,0.007781138470250793,0.007781138470250793,0.274255569817956,0.274255569817956,0.0,0.0
2000-01-22,0.007781138470250793,0.007781138470250793,3.064100315168177,3.064100315168177,0.0,0.0
2000-01-23,0.007781138470250793,0.007781138470250793,10.0,10.0,0.0,0.0
2000-01-24,0.007781138470250793,0.007781138470250793,10.0,10.0,0.0,0.0
2000-01-25,0.007781138470250793,0.007781138470250793,10.0,10.0,0.0,0.0
2000-01-26,0.007781138470250793,0.007781138470250793,10.0,10.0,0.0,0.0
2000-01-27,0.007781138470250793,0.007781138470250793,10.0,10.0,0.0,0.0
2000-01-28,0.007781138470250793,0.007781138470250793,10.0,10.0,0.0,0.0
2000-01-29,0.007781138470250793,0.007781138470250793,10.0,10.0,0.0,0.0
2000-01-30,0.007781138470250793,0.007781138470250793,10.0,10.0,0.0,0.0
2000-01-31,0.007781138470250793,0.007781138470250793,9.785737394530084,9.785737394530084,0.0,0.0
2000-02-01,0.007781138470250793,0.007781138470250793,0.2438929862209584,0.2438929862209584,0.0,0.0
2000-02-02,0.010374851293667725,0.010374851293667725,0.3003711739490983,0.3003711739490983,0.0,0.0
2000-02-03,0.010374851293667725,0.010374851293667725,0.38808415903844556,0.38808415903844556,0.0,0.0
2000-02-04,0.010374851293667725,0.010374851293667725,0.43313239565484657,0.43313239565484657,0.0,0.0
2000-02-05,0.010374851293667725,0.010374851293667725,0.3777746646891153,0.3777746646891153,0.0,0.0
2000-02-06,0.010374851293667725,0.010374851293667725,0.39300868318139925,0.39300868318139925,0.0,0.0
2000-02-07,0.010374851293667725,0.010374851293667725,0.45916888415986046,0.45916888415986046,0.0,0.0
2000-02-08,0.007781138470250793,0.007781138470250793,0.7320156091067946,0.7320156091067946,0.0,0.0
2000-02-09,0.007781138470250793,0.007781138470250793,1.5778727803154027,1.5778727803154027,0.0,0.0
2000-02-10,0.007781138470250793,0.007781138470250793,3.745473831765138,3.745473831765138,0.0,0.0
2000-02-11,0.010374851293667725,0.010374851293667725,4.013581884702323,4.013581884702323,0.0,0.0
2000-02-12,0.010374851293667725,0.010374851293667725,6.624706854330609,6.624706854330609,0.0,0.0
2000-02-13,0.007781138470250793,0.007781138470250793,10.0,10.0,0.0,0.0
2000-02-14,0.007781138470250793,0.007781138470250793,10.0,10.0,0.0,0.0
2000-02-15,0.007781138470250793,0.007781138470250793,10.0,10.0,0.0,0.0
2000-02-16,0.007781138470250793,0.007781138470250793,7.968336632917388,7.968336632917388,0.0,0.0
2000-02-17,0.0,0.0,4.661083754820074,4.661083754820074,0.0,0.0
2000-02-18,0.0,0.0,4.656084704249813,4.656084704249813,0.0,0.0
2000-02-19,0.0,0.0,4.83525350910731,4.83525350910731,0.0,0.0
2000-02-20,0.0,0.0,5.355280206369402,5.355280206369402,0.0,0.0
2000-02-21,0.0,0.0,5.476052869312877,5.476052869312877,0.0,0.0
2000-02-22,0.0,0.0,10.0,10.0,0.0,0.0
2000-02-23,0.0,0.0,9.127506334019872,9.127506334019872,0.0,0.0
2000-02-24,0.0,0.0,6.630872766878865,6.630872766878865,0.0,0.0
2000-02-25,0.0,0.0,7.130531059182963,7.130531059182963,0.0,0.0
2000-02-26,0.0,0.0,9.899038588556255,9.899038588556255,0.0,0.0
2000-02-27,0.0,0.0,10.0,10.0,0.0,0.0
2000-02-28,0.0,0.0,10.0,10.0,0.0,0.0
2000-02-29,0.0,0.0,10.0,10.0,0.0,0.0
2000-03-01,0.0,0.0,10.0,10.0,0.0,0.0
2000-03-02,0.0,0.0,10.0,10.0,0.0,0.0
2000-03-03,0.0,0.0,10.0,10.0,0.0,0.0
2000-03-04,0.0,0.0,8.398238879390759,8.398238879390759,0.0,0.0
2000-03-05,0.0,0.0,8.394353843110762,8.394353843110762,0.0,0.0
2000-03-06,0.0,0.0,7.612455416372009,7.612455416372009,0.0,0.0
2000-03-07,0.0,0.0,8.80593639569731,8.80593639569731,0.0,0.0
2000-03-08,0.0,0.0,9.11802415446346,9.11802415446346,0.0,0.0
2000-03-09,0.0,0.0,7.665969155355713,7.665969155355713,0.0,0.0
2000-03-10,0.0,0.0,7.374577165766466,7.374577165766466,0.0,0.0
2000-03-11,0.0,0.0,7.180930348951355,7.180930348951355,0.0,0.0
2000-03-12,0.0,0.0,6.867621572114158,6.867621572114158,0.0,0.0
2000-03-13,0.0,0.0,6.596770160414997,6.596770160414997,0.0,0.0
2000-03-14,0.0,0.0,6.440669098376408,6.440669098376408,0.0,0.0
2000-03-15,0.0,0.0,6.351000101731323,6.351000101731323,0.0,0.0
2000-03-16,0.0,0.0,6.333597132410484,6.333597132410484,0.0,0.0
2000-03-17,0.0,0.0,6.274248870032508,6.274248870032508,0.0,0.0
2000-03-18,0.0,0.0,6.264084200907773,6.264084200907773,0.0,0.0
2000-03-19,0.0,0.0,6.819588486088279,6.819588486088279,0.0,0.0
2000-03-20,0.0,0.0,5.882063671154818,5.882063671154818,0.0,0.0
2000-03-21,0.0,0.0,5.108731803914292,5.108731803914292,0.0,0.0
2000-03-22,0.0,0.0,5.778277817994797,5.778277817994797,0.0,0.0
2000-03-23,0.0,0.0,6.502914740939387,6.502914740939387,0.0,0.0
2000-03-24,0.0,0.0,6.516097439332099,6.516097439332099,0.0,0.0
2000-03-25,0.0,0.0,6.417162179865761,6.417162179865761,0.0,0.0
2000-03-26,0.0,0.0,6.661154441078881,6.661154441078881,0.0,0.0
2000-03-27,0.0,0.0,7.022493141849567,7.022493141849567,0.0,0.0
2000-03-28,0.0,0.0,6.175832784283657,6.175832784283657,0.0,0.0
2000-03-29,0.0,0.0,5.446361259519633,5.446361259519633,0.0,0.0
2000-03-30,0.0,0.0,6.351296850029266,6.351296850029266,0.0,0.0
2000-03-31,0.0,0.0,7.293998724590804,7.293998724590804,0.0,0.0
2000-04-01,0.0,0.0,8.881811005013734,8.881811005013734,0.0,0.0
2000-04-02,0.06873338982054866,0.06873338982054866,10.0,10.0,0.0,0.0
2000-04-03,0.06873338982054866,0.06873338982054866,10.0,10.0,0.0,0.0
2000-04-04,0.07392081546738254,0.07392081546738254,10.0,10.0,0.0,0.0
2000-04-05,0.07521767187909101,0.07521767187909101,10.0,10.0,0.0,0.0
2000-04-06,0.07262395905567408,0.07262395905567408,10.0,10.0,0.0,0.0
2000-04-07,0.07262395905567408,0.07262395905567408,10.0,10.0,0.0,0.0
2000-04-08,0.07262395905567408,0.07262395905567408,10.0,10.0,0.0,0.0
2000-04-09,0.06484282058542327,0.06484282058542327,10.0,10.0,0.0,0.0
2000-04-10,0.07781138470250792,0.07781138470250792,10.0,10.0,0.0,0.0
2000-04-11,0.08040509752592487,0.08040509752592487,10.0,10.0,0.0,0.0
2000-04-12,0.09207680523130105,0.09207680523130105,10.0,10.0,0.0,0.0
2000-04-13,0.07651452829079947,0.07651452829079947,10.0,10.0,0.0,0.0
2000-04-14,0.07651452829079947,0.07651452829079947,10.0,10.0,0.0,0.0
2000-04-15,0.06484282058542327,0.06484282058542327,10.0,10.0,0.0,0.0
2000-04-16,0.06484282058542327,0.06484282058542327,10.0,10.0,0.0,0.0
2000-04-17,0.06484282058542327,0.06484282058542327,10.0,10.0,0.0,0.0
2000-04-18,0.06484282058542327,0.06484282058542327,10.0,10.0,0.0,0.0
2000-04-19,0.0829988103493418,0.0829988103493418,10.0,10.0,0.0,0.0
2000-04-20,0.0829988103493418,0.0829988103493418,10.0,10.0,0.0,0.0
2000-04-21,0.08429566676105026,0.08429566676105026,10.0,10.0,0.0,0.0
2000-04-22,0.0907799488195926,0.0907799488195926,10.0,10.0,0.0,0.0
2000-04-23,0.09207680523130105,0.09207680523130105,10.0,10.0,0.0,0.0
2000-04-24,0.10374851293667725,0.10374851293667725,10.0,10.0,0.0,0.0
2000-04-25,0.10374851293667725,0.10374851293667725,10.0,10.0,0.0,0.0
2000-04-26,0.10115480011326032,0.10115480011326032,10.0,10.0,0.0,0.0
2000-04-27,0.10374851293667725,0.10374851293667725,10.0,10.0,0.0,0.0
2000-04-28,0.10245165652496876,0.10245165652496876,10.0,10.0,0.0,0.0
2000-04-29,0.0972642308781349,0.0972642308781349,10.0,10.0,0.0,0.0
2000-04-30,0.07651452829079947,0.07651452829079947,10.0,10.0,0.0,0.0
2000-05-01,0.07781138470250792,0.07781138470250792,10.0,10.0,0.0,0.0
2000-05-02,0.06484282058542327,0.06484282058542327,10.0,10.0,0.0,0.0
2000-05-03,0.06484282058542327,0.06484282058542327,10.0,10.0,0.0,0.0
2000-05-04,0.06354596417371482,0.06354596417371482,10.0,10.0,0.0,0.0
2000-05-05,0.06354596417371482,0.06354596417371482,10.0,10.0,0.0,0.0
2000-05-06,0.06354596417371482,0.06354596417371482,10.0,10.0,0.0,0.0
2000-05-07,0.06484282058542327,0.06484282058542327,10.0,10.0,0.0,0.0
2000-05-08,0.07003024623225713,0.07003024623225713,10.0,10.0,0.0,0.0
2000-05-09,0.06873338982054866,0.06873338982054866,10.0,10.0,0.0,0.0
2000-05-10,0.07003024623225713,0.07003024623225713,10.0,10.0,0.0,0.0
2000-05-11,0.07132710264396559,0.07132710264396559,10.0,10.0,0.0,0.0
2000-05-12,0.0907799488195926,0.0907799488195926,10.0,10.0,0.0,0.0
2000-05-13,0.10374851293667725,0.10374851293667725,10.0,10.0,0.0,0.0
2000-05-14,0.1089359385835111,0.1089359385835111,10.0,10.0,0.0,0.0
2000-05-15,0.11152965140692804,0.11152965140692804,10.0,10.0,0.0,0.0
2000-05-16,0.12320135911230422,0.12320135911230422,10.0,10.0,0.0,0.0
2000-05-17,0.12320135911230422,0.12320135911230422,10.0,10.0,0.0,0.0
2000-05-18,0.11282650781863648,0.11282650781863648,10.0,10.0,0.0,0.0
2000-05-19,0.11282650781863648,0.11282650781863648,10.0,10.0,0.0,0.0
2000-05-20,0.11152965140692804,0.11152965140692804,10.0,10.0,0.0,0.0
2000-05-21,0.11282650781863648,0.11282650781863648,10.0,10.0,0.0,0.0
2000-05-22,0.14006049246451427,0.14006049246451427,10.0,10.0,0.0,0.0
2000-05-23,0.14006049246451427,0.14006049246451427,10.0,10.0,0.0,0.0
2000-05-24,0.14135734887622275,0.14135734887622275,10.0,10.0,0.0,0.0
2000-05-25,0.14135734887622275,0.14135734887622275,10.0,10.0,0.0,0.0
2000-05-26,0.14913848734647353,0.14913848734647353,10.0,10.0,0.0,0.0
2000-05-27,0.14654477452305661,0.14654477452305661,10.0,10.0,0.0,0.0
2000-05-28,0.14913848734647353,0.14913848734647353,10.0,10.0,0.0,0.0
2000-05-29,0.15173220016989047,0.15173220016989047,10.0,10.0,0.0,0.0
2000-05-30,0.14913848734647353,0.14913848734647353,10.0,10.0,0.0,0.0
2000-05-31,0.15173220016989047,0.15173220016989047,10.0,10.0,0.0,0.0
2000-06-01,0.15173220016989047,0.15173220016989047,10.0,10.0,0.0,0.0
2000-06-02,0.13357621040597195,0.13357621040597195,10.0,10.0,0.0,0.0
2000-06-03,0.14913848734647353,0.14913848734647353,10.0,10.0,0.0,0.0
2000-06-04,0.14524791811134816,0.14524791811134816,10.0,10.0,0.0,0.0
2000-06-05,0.14524791811134816,0.14524791811134816,5.876829775010573,5.876829775010573,0.0,0.0
2000-06-06,0.1582164822284328,0.1582164822284328,2.424139860500783,2.424139860500783,0.0,0.0
2000-06-07,0.15173220016989047,0.15173220016989047,3.004615008312157,3.004615008312157,0.0,0.0
2000-06-08,0.15173220016989047,0.15173220016989047,2.2157016420320357,2.2157016420320357,0.0,0.0
2000-06-09,0.15173220016989047,0.15173220016989047,1.6519765841603615,1.6519765841603615,0.0,0.0
2000-06-10,0.15173220016989047,0.15173220016989047,1.5486164329741237,1.5486164329741237,0.0,0.0
2000-06-11,0.15173220016989047,0.15173220016989047,1.5230026322631396,1.5230026322631396,0.0,0.0
2000-06-12,0.14913848734647353,0.14913848734647353,1.51124716539537,1.51124716539537,0.0,0.0
2000-06-13,0.1659976206986836,0.1659976206986836,1.5644546044685732,1.5644546044685732,0.0,0.0
2000-06-14,0.1647007642869751,0.1647007642869751,1.782572180380617,1.782572180380617,0.0,0.0
2000-06-15,0.16340390787526665,0.16340390787526665,2.2554121343757596,2.2554121343757596,0.0,0.0
2000-06-16,0.15562276940501585,0.15562276940501585,2.22085936033533,2.22085936033533,0.0,0.0
2000-06-17,0.15562276940501585,0.15562276940501585,1.9761202714267023,1.9761202714267023,0.0,0.0
2000-06-18,0.15691962581672436,0.15691962581672436,2.018017534689409,2.018017534689409,0.0,0.0
2000-06-19,0.15562276940501585,0.15562276940501585,1.7519165483279209,1.7519165483279209,0.0,0.0
2000-06-20,0.15562276940501585,0.15562276940501585,1.5654571174267389,1.5654571174267389,0.0,0.0
2000-06-21,0.1543259129933074,0.1543259129933074,1.495637323215681,1.495637323215681,0.0,0.0
2000-06-22,0.16340390787526665,0.16340390787526665,1.4079511482627827,1.4079511482627827,0.0,0.0
2000-06-23,0.1647007642869751,0.1647007642869751,1.3012064098498992,1.3012064098498992,0.0,0.0
2000-06-24,0.16210705146355817,0.16210705146355817,1.2277166685023089,1.2277166685023089,0.0,0.0
2000-06-25,0.16210705146355817,0.16210705146355817,1.2286150838015901,1.2286150838015901,0.0,0.0
2000-06-26,0.17118504634551746,0.17118504634551746,1.0367347034422578,1.0367347034422578,0.0,0.0
2000-06-27,0.17118504634551746,0.17118504634551746,0.9563227544228549,0.9563227544228549,0.0,0.0
2000-06-28,0.15951333864014125,0.15951333864014125,0.7835656317871907,0.7835656317871907,0.0,0.0
2000-06-29,0.15302905658159893,0.15302905658159893,0.6731876403968386,0.6731876403968386,0.0,0.0
2000-06-30,0.16340390787526665,0.16340390787526665,0.6478086105588925,0.6478086105588925,0.0,0.0
2000-07-01,0.16340390787526665,0.16340390787526665,0.33959459160839295,0.33959459160839295,0.0,0.0
2000-07-02,0.16340390787526665,0.16340390787526665,0.28203737803236134,0.28203737803236134,0.0,0.0
2000-07-03,0.16340390787526665,0.16340390787526665,0.21718459356529807,0.21718459356529807,0.0,0.0
2000-07-04,0.16340390787526665,0.16340390787526665,0.18223103270698893,0.18223103270698893,0.0,0.0
2000-07-05,0.16340390787526665,0.16340390787526665,0.16452037765662614,0.16452037765662614,0.0,0.0
2000-07-06,0.16340390787526665,0.16340390787526665,0.14471060871259395,0.14471060871259395,0.0,0.0
2000-07-07,0.15951333864014125,0.15951333864014125,0.13708728002735845,0.13708728002735845,0.0,0.0
2000-07-08,0.15691962581672436,0.15691962581672436,0.12242863510931201,0.12242863510931201,0.0,0.0
2000-07-09,0.16729447711039205,0.16729447711039205,0.10850158855095612,0.10850158855095612,0.0,0.0
2000-07-10,0.17248190275722594,0.17248190275722594,0.10781236116206763,0.10781236116206763,0.0,0.0
2000-07-11,0.1685913335221005,0.1685913335221005,0.1639005730247389,0.1639005730247389,0.0,0.0
2000-07-12,0.16340390787526665,0.16340390787526665,0.17536815160874097,0.17536815160874097,0.0,0.0
2000-07-13,0.16340390787526665,0.16340390787526665,0.14692329338323173,0.14692329338323173,0.0,0.0
2000-07-14,0.1543259129933074,0.1543259129933074,0.15182849958821,0.15182849958821,0.0,0.0
2000-07-15,0.15951333864014125,0.15951333864014125,0.16900042893702075,0.16900042893702075,0.0,0.0
2000-07-16,0.16340390787526665,0.16340390787526665,0.15425869559232763,0.15425869559232763,0.0,0.0
2000-07-17,0.16081019505184974,0.16081019505184974,0.10646498254861975,0.10646498254861975,0.0,0.0
2000-07-18,0.16340390787526665,0.16340390787526665,0.10508481375536843,0.10508481375536843,0.0,0.0
2000-07-19,0.1647007642869751,0.1647007642869751,0.025230304133852993,0.025230304133852993,0.0,0.0
2000-07-20,0.158195169972108,0.158195169972108,0.0,0.0,0.0,0.0
2000-07-21,0.155388849295466,0.155388849295466,0.0,0.0,0.0,0.0
2000-07-22,0.1530169400731278,0.1530169400731278,0.0,0.0,0.0,0.0
2000-07-23,0.1493520711870998,0.1493520711870998,0.0,0.0,0.0,0.0
2000-07-24,0.1386225376926141,0.1386225376926141,0.0,0.0,0.0,0.0
2000-07-25,0.126371595989581,0.126371595989581,0.0,0.0,0.0,0.0
2000-07-26,0.1155234300197446,0.1155234300197446,0.0,0.0,0.0,0.0
2000-07-27,0.1065524839828212,0.1065524839828212,0.0,0.0,0.0,0.0
2000-07-28,0.098818529142134,0.098818529142134,0.0,0.0,0.0,0.0
2000-07-29,0.0920297777643559,0.0920297777643559,0.0,0.0,0.0,0.0
2000-07-30,0.0859948956972133,0.0859948956972133,0.0,0.0,0.0,0.0
2000-07-31,0.080586021787709,0.080586021787709,0.0,0.0,0.0,0.0
2000-08-01,0.0808040818621944,0.0808040818621944,0.0,0.0,0.0,0.0
2000-08-02,0.0765902947702595,0.0765902947702595,0.0,0.0,0.0,0.0
2000-08-03,0.0883286514311168,0.0883286514311168,0.0,0.0,0.0,0.0
2000-08-04,0.0703598356330842,0.0703598356330842,0.0,0.0,0.0,0.0
2000-08-05,0.0679985807818275,0.0679985807818275,0.0,0.0,0.0,0.0
2000-08-06,0.0656134988284992,0.0656134988284992,0.0,0.0,0.0,0.0
2000-08-07,0.0634601746077229,0.0634601746077229,0.0,0.0,0.0,0.0
2000-08-08,0.0616382877808353,0.0616382877808353,0.0,0.0,0.0,0.0
2000-08-09,0.0601713961446537,0.0601713961446537,0.0,0.0,0.0,0.0
2000-08-10,0.0589663832689262,0.0589663832689262,0.0,0.0,0.0,0.0
2000-08-11,0.057965078736131,0.057965078736131,0.0,0.0,0.0,0.0
2000-08-12,0.0570988487263065,0.0570988487263065,0.0,0.0,0.0,0.0
2000-08-13,0.0563481830919032,0.0563481830919032,0.0,0.0,0.0,0.0
2000-08-14,0.0557776374651507,0.0557776374651507,0.0,0.0,0.0,0.0
2000-08-15,0.0553946303512313,0.0553946303512313,0.0,0.0,0.0,0.0
2000-08-16,0.055067382739025,0.055067382739025,0.0,0.0,0.0,0.0
2000-08-17,0.0547513692768355,0.0547513692768355,0.0,0.0,0.0,0.0
2000-08-18,0.0544614237129358,0.0544614237129358,0.0,0.0,0.0,0.0
2000-08-19,0.054202724647143,0.054202724647143,0.0,0.0,0.0,0.0
2000-08-20,0.0539773727990039,0.0539773727990039,0.0,0.0,0.0,0.0
2000-08-21,0.0537762740814848,0.0537762740814848,0.0,0.0,0.0,0.0
2000-08-22,0.0535846520459383,0.0535846520459383,0.0,0.0,0.0,0.0
2000-08-23,0.0533914878808896,0.0533914878808896,0.0,0.0,0.0,0.0
2000-08-24,0.053202302691011,0.053202302691011,0.0,0.0,0.0,0.0
2000-08-25,0.0530197828296716,0.0530197828296716,0.0,0.0,0.0,0.0
2000-08-26,0.0893276221893611,0.0893276221893611,0.0,0.0,0.0,0.0
2000-08-27,0.0526842637138326,0.0526842637138326,0.0,0.0,0.0,0.0
2000-08-28,0.0576832986228241,0.0576832986228241,0.0,0.0,0.0,0.0
2000-08-29,0.0663744378158306,0.0663744378158306,0.0,0.0,0.0,0.0
2000-08-30,0.0565888435238461,0.0565888435238461,0.0,0.0,0.0,0.0
2000-08-31,0.10245165652496876,0.10245165652496876,0.11206262176085383,0.11206262176085383,0.0,0.0
2000-09-01,0.10245165652496879,0.10245165652496879,0.41494146642378593,0.41494146642378593,0.0,0.0
2000-09-02,0.10374851293667725,0.10374851293667725,0.11061186407781645,0.11061186407781645,0.0,0.0
2000-09-03,0.0780494001484852,0.0780494001484852,0.0,0.0,0.0,0.0
2000-09-04,0.0803984401094282,0.0803984401094282,0.0,0.0,0.0,0.0
2000-09-05,0.0733787780218581,0.0733787780218581,0.0,0.0,0.0,0.0
2000-09-06,0.073336394099769,0.073336394099769,0.0,0.0,0.0,0.0
2000-09-07,0.0732699414746483,0.0732699414746483,0.0,0.0,0.0,0.0
2000-09-08,0.0731669787678641,0.0731669787678641,0.0,0.0,0.0,0.0
2000-09-09,0.0730467801862685,0.0730467801862685,0.0,0.0,0.0,0.0
2000-09-10,0.0729295676391484,0.0729295676391484,0.0,0.0,0.0,0.0
2000-09-11,0.0728126430266035,0.0728126430266035,0.0,0.0,0.0,0.0
2000-09-12,0.0726934161965423,0.0726934161965423,0.0,0.0,0.0,0.0
2000-09-13,0.0725707815723211,0.0725707815723211,0.0,0.0,0.0,0.0
2000-09-14,0.0724372051947241,0.0724372051947241,0.0,0.0,0.0,0.0
2000-09-15,0.0723083897651966,0.0723083897651966,0.0,0.0,0.0,0.0
2000-09-16,0.0722015715621242,0.0722015715621242,0.0,0.0,0.0,0.0
2000-09-17,0.0720976298709881,0.0720976298709881,0.0,0.0,0.0,0.0
2000-09-18,0.0719854094300989,0.0719854094300989,0.0,0.0,0.0,0.0
2000-09-19,0.0718689917797749,0.0718689917797749,0.0,0.0,0.0,0.0
2000-09-20,0.0717555964365352,0.0717555964365352,0.0,0.0,0.0,0.0
2000-09-21,0.0720011881205312,0.0720011881205312,0.0,0.0,0.0,0.0
2000-09-22,0.0720272472679575,0.0720272472679575,0.0,0.0,0.0,0.0
2000-09-23,0.0719759783997229,0.0719759783997229,0.0,0.0,0.0,0.0
2000-09-24,0.0714942476910589,0.0714942476910589,0.0,0.0,0.0,0.0
2000-09-25,0.07145550119518,0.07145550119518,0.0,0.0,0.0,0.0
2000-09-26,0.0714037206855862,0.0714037206855862,0.0,0.0,0.0,0.0
2000-09-27,0.0713446150776077,0.0713446150776077,0.0,0.0,0.0,0.0
2000-09-28,0.06743653340884022,0.06743653340884022,0.0038497219885290784,0.0038497219885290784,0.0,0.0
2000-09-29,0.06873338982054866,0.06873338982054866,0.0025005110757359422,0.0025005110757359422,0.0,0.0
2000-09-30,0.07003024623225713,0.07003024623225713,0.001152062613916871,0.001152062613916871,0.0,0.0
2000-10-01,0.042796261586379364,0.042796261586379364,0.03811500611821733,0.03811500611821733,0.0,0.0
2000-10-02,0.042796261586379364,0.042796261586379364,0.038040843563188834,0.038040843563188834,0.0,0.0
2000-10-03,0.042796261586379364,0.042796261586379364,0.03797278590430443,0.03797278590430443,0.0,0.0
2000-10-04,0.042796261586379364,0.042796261586379364,0.03802878911516763,0.03802878911516763,0.0,0.0
2000-10-05,0.042796261586379364,0.042796261586379364,0.03786742524935824,0.03786742524935824,0.0,0.0
2000-10-06,0.042796261586379364,0.042796261586379364,0.03781325170006683,0.03781325170006683,0.0,0.0
2000-10-07,0.0414994051746709,0.0414994051746709,0.0392782186044733,0.0392782186044733,0.0,0.0
2000-10-08,0.05576482570346403,0.05576482570346403,0.15123009969925066,0.15123009969925066,0.0,0.0
2000-10-09,0.057061682115172485,0.057061682115172485,0.5879614278004598,0.5879614278004598,0.0,0.0
2000-10-10,0.046686830821504766,0.046686830821504766,0.4482450921153868,0.4482450921153868,0.0,0.0
2000-10-11,0.04538997440979631,0.04538997440979631,0.1717636626767323,0.1717636626767323,0.0,0.0
2000-10-12,0.0453899744097963,0.0453899744097963,0.0489976334551692,0.0489976334551692,0.0,0.0
2000-10-13,0.0453899744097963,0.0453899744097963,0.0419672312694269,0.0419672312694269,0.0,0.0
2000-10-14,0.0453899744097963,0.0453899744097963,0.0433429300092105,0.0433429300092105,0.0,0.0
2000-10-15,0.03631197952783704,0.03631197952783704,0.04699521840391326,0.04699521840391326,0.0,0.0
2000-10-16,0.042796261586379364,0.042796261586379364,0.04126254372923234,0.04126254372923234,0.0,0.0
2000-10-17,0.04409311799808782,0.04409311799808782,0.043450718694083276,0.043450718694083276,0.0,0.0
2000-10-18,0.042796261586379364,0.042796261586379364,0.05375052841221434,0.05375052841221434,0.0,0.0
2000-10-19,0.042796261586379364,0.042796261586379364,0.04124914286308613,0.04124914286308613,0.0,0.0
2000-10-20,0.042796261586379364,0.042796261586379364,0.05019730503925024,0.05019730503925024,0.0,0.0
2000-10-21,0.042796261586379364,0.042796261586379364,0.13127232131583705,0.13127232131583705,0.0,0.0
2000-10-22,0.042796261586379364,0.042796261586379364,0.09228316409796453,0.09228316409796453,0.0,0.0
2000-10-23,0.042796261586379364,0.042796261586379364,0.05474109754415274,0.05474109754415274,0.0,0.0
2000-10-24,0.04928054364492169,0.04928054364492169,0.03981384125327032,0.03981384125327032,0.0,0.0
2000-10-25,0.04928054364492168,0.04928054364492168,0.1069334272958958,0.1069334272958958,0.0,0.0
2000-10-26,0.03371826670442013,0.03371826670442013,0.6018562516751091,0.6018562516751091,0.0,0.0
2000-10-27,0.03242141029271162,0.03242141029271162,0.8114559923621038,0.8114559923621038,0.0,0.0
2000-10-28,0.03371826670442024,0.03371826670442024,2.415834454475177,2.415834454475177,0.0,0.0
2000-10-29,0.03371826670442024,0.03371826670442024,2.7767552077049977,2.7767552077049977,0.0,0.0
2000-10-30,0.03371826670442013,0.03371826670442013,0.850408608278745,0.850408608278745,0.0,0.0
2000-10-31,0.01296856411708465,0.01296856411708465,0.09059259633125055,0.09059259633125055,0.0,0.0
2000-11-01,0.01296856411708465,0.01296856411708465,0.10129520305300105,0.10129520305300105,0.0,0.0
2000-11-02,0.01296856411708465,0.01296856411708465,0.10941800217491585,0.10941800217491585,0.0,0.0
2000-11-03,0.012968564117084663,0.012968564117084663,0.15332965933263504,0.15332965933263504,0.0,0.0
2000-11-04,0.012968564117084663,0.012968564117084663,0.13126597630814305,0.13126597630814305,0.0,0.0
2000-11-05,0.012968564117084663,0.012968564117084663,0.12610551864100503,0.12610551864100503,0.0,0.0
2000-11-06,0.01037485129366772,0.01037485129366772,0.11878001023201068,0.11878001023201068,0.0,0.0
2000-11-07,0.009077994881959262,0.009077994881959262,0.11616537900861504,0.11616537900861504,0.0,0.0
2000-11-08,0.009077994881959262,0.009077994881959262,0.11013123149082814,0.11013123149082814,0.0,0.0
2000-11-09,0.009077994881959262,0.009077994881959262,0.28946215425571903,0.28946215425571903,0.0,0.0
2000-11-10,0.009077994881959262,0.009077994881959262,0.17398674747533593,0.17398674747533593,0.0,0.0
2000-11-11,0.009077994881959262,0.009077994881959262,0.09723406133504714,0.09723406133504714,0.0,0.0
2000-11-12,0.012968564117084663,0.012968564117084663,0.08113520624596404,0.08113520624596404,0.0,0.0
2000-11-13,0.018155989763918523,0.018155989763918523,0.10847853431253587,0.10847853431253587,0.0,0.0
2000-11-14,0.018155989763918523,0.018155989763918523,0.10011188360748388,0.10011188360748388,0.0,0.0
2000-11-15,0.018155989763918523,0.018155989763918523,0.07348666971768748,0.07348666971768748,0.0,0.0
2000-11-16,0.018155989763918523,0.018155989763918523,0.08596276099154898,0.08596276099154898,0.0,0.0
2000-11-17,0.018155989763918523,0.018155989763918523,0.08395990095893067,0.08395990095893067,0.0,0.0
2000-11-18,0.018155989763918523,0.018155989763918523,0.10784583937317019,0.10784583937317019,0.0,0.0
2000-11-19,0.018155989763918523,0.018155989763918523,0.11767811321492738,0.11767811321492738,0.0,0.0
2000-11-20,0.018155989763918523,0.018155989763918523,0.14402934176232188,0.14402934176232188,0.0,0.0
2000-11-21,0.018155989763918523,0.018155989763918523,0.11413400804697668,0.11413400804697668,0.0,0.0
2000-11-22,0.018155989763918523,0.018155989763918523,0.10235681510101598,0.10235681510101598,0.0,0.0
2000-11-23,0.018155989763918523,0.018155989763918523,0.08537558781170508,0.08537558781170508,0.0,0.0
2000-11-24,0.018155989763918523,0.018155989763918523,0.09060386505892917,0.09060386505892917,0.0,0.0
2000-11-25,0.018155989763918523,0.018155989763918523,0.11253511610176298,0.11253511610176298,0.0,0.0
2000-11-26,0.018155989763918523,0.018155989763918523,0.12520243268462178,0.12520243268462178,0.0,0.0
2000-11-27,0.018155989763918523,0.018155989763918523,0.10954669518712487,0.10954669518712487,0.0,0.0
2000-11-28,0.018155989763918523,0.018155989763918523,0.49740373605974575,0.49740373605974575,0.0,0.0
2000-11-29,0.018155989763918523,0.018155989763918523,0.4476825356480952,0.4476825356480952,0.0,0.0
2000-11-30,0.018155989763918523,0.018155989763918523,0.15042797091836876,0.15042797091836876,0.0,0.0
2000-12-01,0.018155989763918523,0.018155989763918523,0.10531641190793417,0.10531641190793417,0.0,0.0
2000-12-02,0.018155989763918523,0.018155989763918523,0.10197437461795428,0.10197437461795428,0.0,0.0
2000-12-03,0.018155989763918523,0.018155989763918523,0.10586813952622427,0.10586813952622427,0.0,0.0
2000-12-04,0.01556227694050158,0.01556227694050158,0.10118717794105422,0.10118717794105422,0.0,0.0
2000-12-05,0.01556227694050158,0.01556227694050158,0.11394570627296091,0.11394570627296091,0.0,0.0
2000-12-06,0.018155989763918523,0.018155989763918523,0.12276072299980068,0.12276072299980068,0.0,0.0
2000-12-07,0.018155989763918523,0.018155989763918523,0.13523741821039587,0.13523741821039587,0.0,0.0
2000-12-08,0.018155989763918523,0.018155989763918523,0.12741982875845098,0.12741982875845098,0.0,0.0
2000-12-09,0.018155989763918523,0.018155989763918523,0.11920686752787377,0.11920686752787377,0.0,0.0
2000-12-10,0.018155989763918523,0.018155989763918523,0.25182567762570407,0.25182567762570407,0.0,0.0
2000-12-11,0.014265420528793094,0.014265420528793094,0.7569730371958617,0.7569730371958617,0.0,0.0
2000-12-12,0.011671707705376178,0.011671707705376178,0.4499753759619684,0.4499753759619684,0.0,0.0
2000-12-13,0.01037485129366772,0.01037485129366772,0.44116183241049206,0.44116183241049206,0.0,0.0
2000-12-14,0.009077994881959262,0.009077994881959262,0.5634777843780354,0.5634777843780354,0.0,0.0
2000-12-15,0.009077994881959262,0.009077994881959262,0.22697858829078674,0.22697858829078674,0.0,0.0
2000-12-16,0.009077994881959262,0.009077994881959262,0.12778908549766413,0.12778908549766413,0.0,0.0
2000-12-17,0.009077994881959262,0.009077994881959262,0.14255397792291824,0.14255397792291824,0.0,0.0
2000-12-18,0.0077811384702508035,0.0077811384702508035,0.1384707027833839,0.1384707027833839,0.0,0.0
2000-12-19,0.009077994881959262,0.009077994881959262,0.15936371834350924,0.15936371834350924,0.0,0.0
2000-12-20,0.009077994881959262,0.009077994881959262,0.16154596946600303,0.16154596946600303,0.0,0.0
2000-12-21,0.009077994881959262,0.009077994881959262,0.14687766651591624,0.14687766651591624,0.0,0.0
2000-12-22,0.0077811384702508035,0.0077811384702508035,0.13947698235476538,0.13947698235476538,0.0,0.0
2000-12-23,0.006484282058542332,0.006484282058542332,0.11898760298540507,0.11898760298540507,0.0,0.0
2000-12-24,0.006484282058542332,0.006484282058542332,0.12248741549529267,0.12248741549529267,0.0,0.0
2000-12-25,0.006484282058542332,0.006484282058542332,0.11986869495815296,0.11986869495815296,0.0,0.0
2000-12-26,0.006484282058542318,0.006484282058542318,0.12602299271275577,0.12602299271275577,0.0,0.0
2000-12-27,0.00778113847025079,0.00778113847025079,0.1219781659065871,0.1219781659065871,0.0,0.0
2000-12-28,0.00778113847025079,0.00778113847025079,0.1224001550232172,0.1224001550232172,0.0,0.0
2000-12-29,0.0077811384702508035,0.0077811384702508035,0.1330246316341569,0.1330246316341569,0.0,0.0
2000-12-30,0.0077811384702508035,0.0077811384702508035,0.1269775882066676,0.1269775882066676,0.0,0.0
2000-12-31,0.00778113847025079,0.00778113847025079,0.1157174583308049,0.1157174583308049,0.0,0.0
2001-01-01,0.00778113847025079,0.00778113847025079,0.0972795260373499,0.0972795260373499,0.0,0.0
2001-01-02,0.00778113847025079,0.00778113847025079,0.09513442117843401,0.09513442117843401,0.0,0.0
2001-01-03,0.00778113847025079,0.00778113847025079,0.09989744884343611,0.09989744884343611,0.0,0.0
2001-01-04,0.00778113847025079,0.00778113847025079,0.1135285022228136,0.1135285022228136,0.0,0.0
2001-01-05,0.00778113847025079,0.00778113847025079,0.10430168140762461,0.10430168140762461,0.0,0.0
2001-01-06,0.00778113847025079,0.00778113847025079,0.112540119335022,0.112540119335022,0.0,0.0
2001-01-07,0.0077811384702508035,0.0077811384702508035,0.4832669344712903,0.4832669344712903,0.0,0.0
2001-01-08,0.007781138470250748,0.007781138470250748,0.6590273420598272,0.6590273420598272,0.0,0.0
2001-01-09,0.007781138470250859,0.007781138470250859,1.0164464880954254,1.0164464880954254,0.0,0.0
2001-01-10,0.007781138470250859,0.007781138470250859,5.148291701504992,5.148291701504992,0.0,0.0
2001-01-11,0.007781138470250859,0.007781138470250859,4.043985220174106,4.043985220174106,0.0,0.0
2001-01-12,0.0077811384702508035,0.0077811384702508035,0.2187818288062308,0.2187818288062308,0.0,0.0
2001-01-13,0.0077811384702508035,0.0077811384702508035,0.1429092846424096,0.1429092846424096,0.0,0.0
2001-01-14,0.0077811384702508035,0.0077811384702508035,0.1324423091338891,0.1324423091338891,0.0,0.0
2001-01-15,0.0077811384702508035,0.0077811384702508035,0.1256112920282634,0.1256112920282634,0.0,0.0
2001-01-16,0.00778113847025079,0.00778113847025079,0.11271326074039122,0.11271326074039122,0.0,0.0
2001-01-17,0.00778113847025079,0.00778113847025079,0.1049174575591584,0.1049174575591584,0.0,0.0
2001-01-18,0.00778113847025079,0.00778113847025079,0.11004921808272491,0.11004921808272491,0.0,0.0
2001-01-19,0.0077811384702508035,0.0077811384702508035,0.1400936592478985,0.1400936592478985,0.0,0.0
2001-01-20,0.0077811384702508035,0.0077811384702508035,0.2043231069292856,0.2043231069292856,0.0,0.0
2001-01-21,0.0077811384702508035,0.0077811384702508035,0.2914896155260035,0.2914896155260035,0.0,0.0
2001-01-22,0.007781138470250748,0.007781138470250748,0.8799961854073501,0.8799961854073501,0.0,0.0
2001-01-23,0.007781138470250859,0.007781138470250859,4.214817269274656,4.214817269274656,0.0,0.0
2001-01-24,0.007781138470250859,0.007781138470250859,3.718428204144652,3.718428204144652,0.0,0.0
2001-01-25,0.007781138470250859,0.007781138470250859,1.8552258918054796,1.8552258918054796,0.0,0.0
2001-01-26,0.007781138470250748,0.007781138470250748,0.715121901194624,0.715121901194624,0.0,0.0
2001-01-27,0.0077811384702508035,0.0077811384702508035,0.3127040202211344,0.3127040202211344,0.0,0.0
2001-01-28,0.0077811384702508035,0.0077811384702508035,0.3076869205603053,0.3076869205603053,0.0,0.0
2001-01-29,0.0077811384702508035,0.0077811384702508035,0.2264193255992874,0.2264193255992874,0.0,0.0
2001-01-30,0.0077811384702508035,0.0077811384702508035,0.17725931445438559,0.17725931445438559,0.0,0.0
2001-01-31,0.0077811384702508035,0.0077811384702508035,0.155848697300798,0.155848697300798,0.0,0.0
2001-02-01,0.0077811384702508035,0.0077811384702508035,0.15027084406929658,0.15027084406929658,0.0,0.0
2001-02-02,0.01037485129366772,0.01037485129366772,0.1750384087436838,0.1750384087436838,0.0,0.0
2001-02-03,0.01037485129366772,0.01037485129366772,0.25998410306549136,0.25998410306549136,0.0,0.0
2001-02-04,0.01037485129366772,0.01037485129366772,0.3543059446405551,0.3543059446405551,0.0,0.0
2001-02-05,0.010374851293667775,0.010374851293667775,0.7292475122009876,0.7292475122009876,0.0,0.0
2001-02-06,0.01037485129366772,0.01037485129366772,0.4813731919695362,0.4813731919695362,0.0,0.0
2001-02-07,0.01037485129366772,0.01037485129366772,0.1744047231520497,0.1744047231520497,0.0,0.0
2001-02-08,0.0077811384702508035,0.0077811384702508035,0.3274780404562991,0.3274780404562991,0.0,0.0
2001-02-09,0.007781138470250859,0.007781138470250859,1.915124329531798,1.915124329531798,0.0,0.0
2001-02-10,0.007781138470250859,0.007781138470250859,2.410241715576964,2.410241715576964,0.0,0.0
2001-02-11,0.010374851293667664,0.010374851293667664,1.8974313205704363,1.8974313205704363,0.0,0.0
2001-02-12,0.010374851293667775,0.010374851293667775,0.5483057208431722,0.5483057208431722,0.0,0.0
2001-02-13,0.007781138470250748,0.007781138470250748,0.5177184145401299,0.5177184145401299,0.0,0.0
2001-02-14,0.007781138470250748,0.007781138470250748,0.5786934213370918,0.5786934213370918,0.0,0.0
2001-02-15,0.0077811384702508035,0.0077811384702508035,0.3327521520087932,0.3327521520087932,0.0,0.0
2001-02-16,0.0077811384702508035,0.0077811384702508035,0.2770849107030094,0.2770849107030094,0.0,0.0
2001-02-17,0.0,0.0,0.3269219949773513,0.3269219949773513,0.0,0.0
2001-02-18,0.0,0.0,1.1991906487062112,1.1991906487062112,0.0,0.0
2001-02-19,0.0,0.0,3.622547966506228,3.622547966506228,0.0,0.0
2001-02-20,0.0,0.0,1.8219236917347053,1.8219236917347053,0.0,0.0
2001-02-21,0.0,0.0,0.7126309279202836,0.7126309279202836,0.0,0.0
2001-02-22,0.0,0.0,2.109971101278009,2.109971101278009,0.0,0.0
2001-02-23,0.0,0.0,1.6023894499764972,1.6023894499764972,0.0,0.0
2001-02-24,0.0,0.0,1.0733118248956228,1.0733118248956228,0.0,0.0
2001-02-25,0.0,0.0,1.558754076958201,1.558754076958201,0.0,0.0
2001-02-26,0.0,0.0,1.0110512008753432,1.0110512008753432,0.0,0.0
2001-02-27,0.0,0.0,0.8235878872194038,0.8235878872194038,0.0,0.0
2001-02-28,0.0,0.0,1.256723948455806,1.256723948455806,0.0,0.0
2001-03-01,0.0,0.0,1.1463117856922993,1.1463117856922993,0.0,0.0
2001-03-02,0.0,0.0,1.3005725432501205,1.3005725432501205,0.0,0.0
2001-03-03,0.0,0.0,1.344700665720483,1.344700665720483,0.0,0.0
2001-03-04,0.0,0.0,5.791923404307446,5.791923404307446,0.0,0.0
2001-03-05,0.0,0.0,6.456367062345773,6.456367062345773,0.0,0.0
2001-03-06,0.0,0.0,2.692157321914905,2.692157321914905,0.0,0.0
2001-03-07,0.0,0.0,2.757275434868635,2.757275434868635,0.0,0.0
2001-03-08,0.0,0.0,3.1108126519332373,3.1108126519332373,0.0,0.0
2001-03-09,0.0,0.0,3.1022181465447374,3.1022181465447374,0.0,0.0
2001-03-10,0.0,0.0,2.5814350005325326,2.5814350005325326,0.0,0.0
2001-03-11,0.0,0.0,2.5300451048959864,2.5300451048959864,0.0,0.0
2001-03-12,0.0,0.0,2.562419309563906,2.562419309563906,0.0,0.0
2001-03-13,0.0,0.0,2.5875629125381905,2.5875629125381905,0.0,0.0
2001-03-14,0.0,0.0,2.655489837075743,2.655489837075743,0.0,0.0
2001-03-15,0.0,0.0,2.537861158408825,2.537861158408825,0.0,0.0
2001-03-16,0.0,0.0,2.569009706993372,2.569009706993372,0.0,0.0
2001-03-17,0.0,0.0,2.6527922858461284,2.6527922858461284,0.0,0.0
2001-03-18,0.0,0.0,2.8799771816529063,2.8799771816529063,0.0,0.0
2001-03-19,0.0,0.0,3.434497840347391,3.434497840347391,0.0,0.0
2001-03-20,0.0,0.0,3.768147019044193,3.768147019044193,0.0,0.0
2001-03-21,0.0,0.0,3.892578996086365,3.892578996086365,0.0,0.0
2001-03-22,0.0,0.0,3.517467420577588,3.517467420577588,0.0,0.0
2001-03-23,0.0,0.0,3.197137934820472,3.197137934820472,0.0,0.0
2001-03-24,0.0,0.0,3.382038260500092,3.382038260500092,0.0,0.0
2001-03-25,0.0,0.0,2.967874830248244,2.967874830248244,0.0,0.0
2001-03-26,0.0,0.0,2.8488351456288683,2.8488351456288683,0.0,0.0
2001-03-27,0.0,0.0,3.007939298665108,3.007939298665108,0.0,0.0
2001-03-28,0.0,0.0,3.376482141455129,3.376482141455129,0.0,0.0
2001-03-29,0.0,0.0,3.5955867496266083,3.5955867496266083,0.0,0.0
2001-03-30,0.0,0.0,3.643382244156161,3.643382244156161,0.0,0.0
2001-03-31,0.0,0.0,4.20014577388541,4.20014577388541,0.0,0.0
2001-04-01,0.0,0.0,5.015753638271195,5.015753638271195,0.0,0.0
2001-04-02,0.0,0.0,4.1055160087212,4.1055160087212,0.0,0.0
2001-04-03,0.0,0.0,2.8132696228881406,2.8132696228881406,0.0,0.0
2001-04-04,0.0,0.0,2.470035598897795,2.470035598897795,0.0,0.0
2001-04-05,0.0,0.0,2.805329611603177,2.805329611603177,0.0,0.0
2001-04-06,0.0,0.0,3.2901763360340963,3.2901763360340963,0.0,0.0
2001-04-07,0.0,0.0,2.842522045092431,2.842522045092431,0.0,0.0
2001-04-08,0.0,0.0,2.210536374672099,2.210536374672099,0.0,0.0
2001-04-09,0.0,0.0,2.104869311339028,2.104869311339028,0.0,0.0
2001-04-10,0.0,0.0,2.064291545938415,2.064291545938415,0.0,0.0
2001-04-11,0.0,0.0,2.401742185124021,2.401742185124021,0.0,0.0
2001-04-12,0.0,0.0,1.9561183516212244,1.9561183516212244,0.0,0.0
2001-04-13,0.0,0.0,1.8485844211035372,1.8485844211035372,0.0,0.0
2001-04-14,0.0,0.0,1.7885410349500024,1.7885410349500024,0.0,0.0
2001-04-15,0.0,0.0,1.734705337680853,1.734705337680853,0.0,0.0
2001-04-16,0.0,0.0,1.8841841363070668,1.8841841363070668,0.0,0.0
2001-04-17,0.0,0.0,1.99200322245838,1.99200322245838,0.0,0.0
2001-04-18,0.0,0.0,4.818217996680369,4.818217996680369,0.0,0.0
2001-04-19,0.0,0.0,7.783723411342422,7.783723411342422,0.0,0.0
2001-04-20,0.0,0.0,5.089031542927325,5.089031542927325,0.0,0.0
2001-04-21,0.0,0.0,4.767380966215255,4.767380966215255,0.0,0.0
2001-04-22,0.0,0.0,3.633837172274277,3.633837172274277,0.0,0.0
2001-04-23,0.0,0.0,3.492593632864277,3.492593632864277,0.0,0.0
2001-04-24,0.0,0.0,4.19920272452076,4.19920272452076,0.0,0.0
2001-04-25,0.0,0.0,5.316470992185592,5.316470992185592,0.0,0.0
2001-04-26,0.0,0.0,6.813885217510629,6.813885217510629,0.0,0.0
2001-04-27,0.0,0.0,7.287140708805397,7.287140708805397,0.0,0.0
2001-04-28,0.0,0.0,6.592489422820099,6.592489422820099,0.0,0.0
2001-04-29,0.0,0.0,5.196533784926373,5.196533784926373,0.0,0.0
2001-04-30,0.0,0.0,6.426526117382098,6.426526117382098,0.0,0.0
2001-05-01,0.0,0.0,7.211346584134902,7.211346584134902,0.0,0.0
2001-05-02,0.0,0.0,6.722121629230467,6.722121629230467,0.0,0.0
2001-05-03,0.0,0.0,6.675952923931365,6.675952923931365,0.0,0.0
2001-05-04,0.0,0.0,6.573673644463792,6.573673644463792,0.0,0.0
2001-05-05,0.0,0.0,7.203078707716468,7.203078707716468,0.0,0.0
2001-05-06,0.0,0.0,8.671512410062338,8.671512410062338,0.0,0.0
2001-05-07,0.12709192834742922,0.12709192834742963,10.0,10.0,0.0,0.0
2001-05-08,0.12635086752962316,0.12635086752962316,10.0,10.0,0.0,0.0
2001-05-09,0.12635086752962316,0.12635086752962316,10.0,10.0,0.0,0.0
2001-05-10,0.1289445803530401,0.1289445803530401,10.0,10.0,0.0,0.0
2001-05-11,0.13116776278052233,0.13116776278052233,10.0,10.0,0.0,0.0
2001-05-12,0.13709624924516267,0.13709624924516267,10.0,10.0,0.0,0.0
2001-05-13,0.13968996206857962,0.13968996206857962,10.0,10.0,0.0,0.0
2001-05-14,0.14191314447012474,0.14191314447012474,10.0,10.0,0.0,0.0
2001-05-15,0.14524791811134816,0.14524791811134816,10.0,10.0,0.0,0.0
2001-05-16,0.14673003972102394,0.14673003972102394,10.0,10.0,0.0,0.0
2001-05-17,0.14561844850728278,0.14561844850728278,10.0,10.0,0.0,0.0
2001-05-18,0.14376579650167234,0.14376579650167234,10.0,10.0,0.0,0.0
2001-05-19,0.14710057011695862,0.14710057011695862,10.0,10.0,0.0,0.0
2001-05-20,0.14747110053883042,0.14747110053883042,10.0,10.0,0.0,0.0
2001-05-21,0.14821216133069975,0.14821216133069975,10.0,10.0,0.0,0.0
2001-05-22,0.15043534375818202,0.15043534375818202,10.0,10.0,0.0,0.0
2001-05-23,0.15043534375818202,0.15043534375818202,10.0,10.0,0.0,0.0
2001-05-24,0.14969428294037554,0.14969428294037554,10.0,10.0,0.0,0.0
2001-05-25,0.1537701173994054,0.1537701173994054,10.0,10.0,0.0,0.0
2001-05-26,0.1537701173994054,0.1537701173994054,10.0,10.0,0.0,0.0
2001-05-27,0.1537701173994054,0.1537701173994054,10.0,10.0,0.0,0.0
2001-05-28,0.15525223900908122,0.15525223900908122,10.0,10.0,0.0,0.0
2001-05-29,0.15636383022282235,0.15636383022282235,10.0,10.0,0.0,0.0
2001-05-30,0.16340390787526665,0.16340390787526665,10.0,10.0,0.0,0.0
2001-05-31,0.16451549908900778,0.16451549908900778,10.0,10.0,0.0,0.0
2001-06-01,0.16822080312616586,0.16822080312616586,10.0,10.0,0.0,0.0
2001-06-02,0.16673868151649007,0.16673868151649007,10.0,10.0,0.0,0.0
2001-06-03,0.1685913335221005,0.1685913335221005,10.0,10.0,0.0,0.0
2001-06-04,0.1489532221485062,0.1489532221485062,10.0,10.0,0.0,0.0
2001-06-05,0.16488602948494246,0.16488602948494246,10.0,10.0,0.0,0.0
2001-06-06,0.17414928956486905,0.17414928956486905,10.0,10.0,0.0,0.0
2001-06-07,0.17489035038267553,0.17489035038267553,10.0,10.0,0.0,0.0
2001-06-08,0.17414928956486905,0.17414928956486905,10.0,10.0,0.0,0.0
2001-06-09,0.17340822877299972,0.17340822877299972,10.0,10.0,0.0,0.0
2001-06-10,0.17377875916893437,0.17377875916893437,8.992216621144848,8.992216621144848,0.0,0.0
2001-06-11,0.17007345513177632,0.17007345513177632,3.2963822896758304,3.2963822896758304,0.0,0.0
2001-06-12,0.1763724719923513,0.1763724719923513,2.982636522315657,2.982636522315657,0.0,0.0
2001-06-13,0.17377875916893437,0.17377875916893437,2.5652822181885058,2.5652822181885058,0.0,0.0
2001-06-14,0.17414928956486905,0.17414928956486905,2.2650808348756795,2.2650808348756795,0.0,0.0
2001-06-15,0.17785459360202713,0.17785459360202713,2.6232072207671298,2.6232072207671298,0.0,0.0
2001-06-16,0.18081883682137867,0.18081883682137867,2.1913882612727535,2.1913882612727535,0.0,0.0
2001-06-17,0.17785459360202713,0.17785459360202713,1.8173109980664073,1.8173109980664073,0.0,0.0
2001-06-18,0.17489035038267553,0.17489035038267553,1.6617772689233197,1.6617772689233197,0.0,0.0
2001-06-19,0.17340822877299972,0.17340822877299972,1.563153226134122,1.563153226134122,0.0,0.0
2001-06-20,0.17711353281015776,0.17711353281015776,1.4931325734591832,1.4931325734591832,0.0,0.0
2001-06-21,0.18044830642544402,0.18044830642544402,1.459965324103971,1.459965324103971,0.0,0.0
2001-06-22,0.18007777602950936,0.18007777602950936,1.3475552463563685,1.3475552463563685,0.0,0.0
2001-06-23,0.17563141117454487,0.17563141117454487,1.1974256213466472,1.1974256213466472,0.0,0.0
2001-06-24,0.1811893672432505,0.1811893672432505,1.0267475366861305,1.0267475366861305,0.0,0.0
2001-06-25,0.18081883682137867,0.18081883682137867,0.717948620357449,0.717948620357449,0.0,0.0
2001-06-26,0.18044830642544402,0.18044830642544402,0.6469515317827994,0.6469515317827994,0.0,0.0
2001-06-27,0.1811893672432505,0.1811893672432505,0.5758617908459915,0.5758617908459915,0.0,0.0
2001-06-28,0.18526520167634325,0.18526520167634325,0.5079818262832139,0.5079818262832139,0.0,0.0
2001-06-29,0.1845241408585368,0.1845241408585368,0.5161594600333999,0.5161594600333999,0.0,0.0
2001-06-30,0.18600626246821259,0.18600626246821259,0.5308761505833381,0.5308761505833381,0.0,0.0
2001-07-01,0.1878589144997602,0.1878589144997602,0.27401382848219924,0.27401382848219924,0.0,0.0
2001-07-02,0.1834125496447956,0.1834125496447956,0.3344925814140284,0.3344925814140284,0.0,0.0
2001-07-03,0.1841536104626021,0.1841536104626021,0.33220139647292707,0.33220139647292707,0.0,0.0
2001-07-04,0.18044830642544402,0.18044830642544402,0.3003329877081442,0.3003329877081442,0.0,0.0
2001-07-05,0.18193042803511986,0.18193042803511986,0.24192743060386804,0.24192743060386804,0.0,0.0
2001-07-06,0.18674732328601903,0.18674732328601903,0.38470884557735496,0.38470884557735496,0.0,0.0
2001-07-07,0.18711785368195374,0.18711785368195374,0.24552650269207385,0.24552650269207385,0.0,0.0
2001-07-08,0.18600626246821259,0.18600626246821259,0.07375153707038554,0.07375153707038554,0.0,0.0
2001-07-09,0.1841536104626021,0.1841536104626021,0.11291464127718731,0.11291464127718731,0.0,0.0
2001-07-10,0.18526520167634325,0.18526520167634325,0.10995186796236983,0.10995186796236983,0.0,0.0
2001-07-11,0.18600626246821259,0.18600626246821259,0.10851900167591841,0.10851900167591841,0.0,0.0
2001-07-12,0.18526520167634325,0.18526520167634325,0.06051685787734776,0.06051685787734776,0.0,0.0
2001-07-13,0.18378308006666744,0.18378308006666744,0.008927631187573754,0.008927631187573754,0.0,0.0
2001-07-14,0.18193042803511986,0.18193042803511986,0.004244140271468244,0.004244140271468244,0.0,0.0
2001-07-15,0.17896618481576823,0.17896618481576823,0.0013438229783294675,0.0013438229783294675,0.0,0.0
2001-07-16,0.1754330584557806,0.1754330584557806,0.0,0.0,0.0,0.0
2001-07-17,0.1688725234095155,0.1688725234095155,0.0,0.0,0.0,0.0
2001-07-18,0.1575578764945418,0.1575578764945418,0.0,0.0,0.0,0.0
2001-07-19,0.1454516032771884,0.1454516032771884,0.0,0.0,0.0,0.0
2001-07-20,0.1338418854865192,0.1338418854865192,0.0,0.0,0.0,0.0
2001-07-21,0.1234955233617502,0.1234955233617502,0.0,0.0,0.0,0.0
2001-07-22,0.114396862323774,0.114396862323774,0.0,0.0,0.0,0.0
2001-07-23,0.1066639849045036,0.1066639849045036,0.0,0.0,0.0,0.0
2001-07-24,0.0996490621386784,0.0996490621386784,0.0,0.0,0.0,0.0
2001-07-25,0.0929878093949393,0.0929878093949393,0.0,0.0,0.0,0.0
2001-07-26,0.0868095970998087,0.0868095970998087,0.0,0.0,0.0,0.0
2001-07-27,0.0812364517872758,0.0812364517872758,0.0,0.0,0.0,0.0
2001-07-28,0.0763982848228329,0.0763982848228329,0.0,0.0,0.0,0.0
2001-07-29,0.0723450479743924,0.0723450479743924,0.0,0.0,0.0,0.0
2001-07-30,0.0691548307002395,0.0691548307002395,0.0,0.0,0.0,0.0
2001-07-31,0.0667042363604981,0.0667042363604981,0.0,0.0,0.0,0.0
2001-08-01,0.0717837506589754,0.0717837506589754,0.0,0.0,0.0,0.0
2001-08-02,0.0676996409630808,0.0676996409630808,0.0,0.0,0.0,0.0
2001-08-03,0.0659902621035084,0.0659902621035084,0.0,0.0,0.0,0.0
2001-08-04,0.0645451401312506,0.0645451401312506,0.0,0.0,0.0,0.0
2001-08-05,0.0632524202048784,0.0632524202048784,0.0,0.0,0.0,0.0
2001-08-06,0.0621473173841014,0.0621473173841014,0.0,0.0,0.0,0.0
2001-08-07,0.0610613163683648,0.0610613163683648,0.0,0.0,0.0,0.0
2001-08-08,0.0662976888991319,0.0662976888991319,0.0,0.0,0.0,0.0
2001-08-09,0.0596680638617306,0.0596680638617306,0.0,0.0,0.0,0.0
2001-08-10,0.0604629056817624,0.0604629056817624,0.0,0.0,0.0,0.0
2001-08-11,0.0584647095444886,0.0584647095444886,0.0,0.0,0.0,0.0
2001-08-12,0.0579447790671497,0.0579447790671497,0.0,0.0,0.0,0.0
2001-08-13,0.0576158167886075,0.0576158167886075,0.0,0.0,0.0,0.0
2001-08-14,0.0571590424299084,0.0571590424299084,0.0,0.0,0.0,0.0
2001-08-15,0.0567765174536885,0.0567765174536885,0.0,0.0,0.0,0.0
2001-08-16,0.0574495883414917,0.0574495883414917,0.0,0.0,0.0,0.0
2001-08-17,0.0560862751455673,0.0560862751455673,0.0,0.0,0.0,0.0
2001-08-18,0.0557302195164281,0.0557302195164281,0.0,0.0,0.0,0.0
2001-08-19,0.0553909257297443,0.0553909257297443,0.0,0.0,0.0,0.0
2001-08-20,0.0563826368611036,0.0563826368611036,0.0,0.0,0.0,0.0
2001-08-21,0.0548701242404077,0.0548701242404077,0.0,0.0,0.0,0.0
2001-08-22,0.0546493518814403,0.0546493518814403,0.0,0.0,0.0,0.0
2001-08-23,0.0545366334892403,0.0545366334892403,0.0,0.0,0.0,0.0
2001-08-24,0.0545090775363586,0.0545090775363586,0.0,0.0,0.0,0.0
2001-08-25,0.0541463093260555,0.0541463093260555,0.0,0.0,0.0,0.0
2001-08-26,0.053930578009395,0.053930578009395,0.0,0.0,0.0,0.0
2001-08-27,0.0556297073968638,0.0556297073968638,0.0,0.0,0.0,0.0
2001-08-28,0.053507263873664,0.053507263873664,0.0,0.0,0.0,0.0
2001-08-29,0.05332960318394,0.05332960318394,0.0,0.0,0.0,0.0
2001-08-30,0.0531760701006761,0.0531760701006761,0.0,0.0,0.0,0.0
2001-08-31,0.0530266906855451,0.0530266906855451,0.0,0.0,0.0,0.0
2001-09-01,0.0746809976734832,0.0746809976734832,0.0,0.0,0.0,0.0
2001-09-02,0.0744206219601229,0.0744206219601229,0.0,0.0,0.0,0.0
2001-09-03,0.0768917630512653,0.0768917630512653,0.0,0.0,0.0,0.0
2001-09-04,0.0760599470868592,0.0760599470868592,0.0,0.0,0.0,0.0
2001-09-05,0.0770936592780999,0.0770936592780999,0.0,0.0,0.0,0.0
2001-09-06,0.0747610218427748,0.0747610218427748,0.0,0.0,0.0,0.0
2001-09-07,0.0735934205376982,0.0735934205376982,0.0,0.0,0.0,0.0
2001-09-08,0.0734594727333683,0.0734594727333683,0.0,0.0,0.0,0.0
2001-09-09,0.073320779940768,0.073320779940768,0.0,0.0,0.0,0.0
2001-09-10,0.0745507013858859,0.0745507013858859,0.0,0.0,0.0,0.0
2001-09-11,0.0733408333153609,0.0733408333153609,0.0,0.0,0.0,0.0
2001-09-12,0.0769666940898001,0.0769666940898001,0.0,0.0,0.0,0.0
2001-09-13,0.0744380022812618,0.0744380022812618,0.0,0.0,0.0,0.0
2001-09-14,0.0728514531111302,0.0728514531111302,0.0,0.0,0.0,0.0
2001-09-15,0.073626700120146,0.073626700120146,0.0,0.0,0.0,0.0
2001-09-16,0.0726804688581349,0.0726804688581349,0.0,0.0,0.0,0.0
2001-09-17,0.0729003562273224,0.0729003562273224,0.0,0.0,0.0,0.0
2001-09-18,0.0725057961316142,0.0725057961316142,0.0,0.0,0.0,0.0
2001-09-19,0.0724070354422911,0.0724070354422911,0.0,0.0,0.0,0.0
2001-09-20,0.0723051073218812,0.0723051073218812,0.0,0.0,0.0,0.0
2001-09-21,0.0724616993628607,0.0724616993628607,0.0,0.0,0.0,0.0
2001-09-22,0.0736247221151715,0.0736247221151715,0.0,0.0,0.0,0.0
2001-09-23,0.10078426971732564,0.10078426971732564,0.04747803309607397,0.04747803309607397,0.0,0.0
2001-09-24,0.10041373929545386,0.10041373929545386,0.16894793941238054,0.16894793941238054,0.0,0.0
2001-09-25,0.09115047921552726,0.09115047921552726,0.06575577522091673,0.06575577522091673,0.0,0.0
2001-09-26,0.0750803324538294,0.0750803324538294,0.0,0.0,0.0,0.0
2001-09-27,0.0732638172112709,0.0732638172112709,0.0,0.0,0.0,0.0
2001-09-28,0.0731528829954907,0.0731528829954907,0.0,0.0,0.0,0.0
2001-09-29,0.0717802403373145,0.0717802403373145,0.0,0.0,0.0,0.0
2001-09-30,0.06928918541445069,0.06928918541445069,0.0024751334071540093,0.0024751334071540093,0.0,0.0
2001-10-01,0.07632926309283213,0.07632926309283213,0.005185782129376773,0.005185782129376773,0.0,0.0
2001-10-02,0.07632926309283213,0.07632926309283213,0.005091979190467472,0.005091979190467472,0.0,0.0
2001-10-03,0.068918655018516,0.068918655018516,0.0124104003913314,0.0124104003913314,0.0,0.0
2001-10-04,0.07114183744599828,0.07114183744599828,0.010100287939895716,0.010100287939895716,0.0,0.0
2001-10-05,0.06854812462258134,0.06854812462258134,0.01262008938370407,0.01262008938370407,0.0,0.0
2001-10-06,0.06410175976761681,0.06410175976761681,0.017015664410851894,0.017015664410851894,0.0,0.0
2001-10-07,0.0644722901894886,0.0644722901894886,0.016607387859329498,0.016607387859329498,0.0,0.0
2001-10-08,0.07077130705006361,0.07077130705006361,0.010272650446975992,0.010272650446975992,0.0,0.0
2001-10-09,0.06743653340884022,0.06743653340884022,0.013575675243792981,0.013575675243792981,0.0,0.0
2001-10-10,0.06669547259103374,0.06669547259103374,0.014286832008395464,0.014286832008395464,0.0,0.0
2001-10-11,0.06410175976761681,0.06410175976761681,0.01735696447823419,0.01735696447823419,0.0,0.0
2001-10-12,0.06150804694419988,0.06150804694419988,0.022621427294398713,0.022621427294398713,0.0,0.0
2001-10-13,0.047057361217439427,0.047057361217439427,0.03381846762837198,0.03381846762837198,0.0,0.0
2001-10-14,0.046316300425570084,0.046316300425570084,0.03451810251755312,0.03451810251755312,0.0,0.0
2001-10-15,0.044834178815894285,0.044834178815894285,0.03595065535727052,0.03595065535727052,0.0,0.0
2001-10-16,0.04557523960776363,0.04557523960776363,0.03574843846926647,0.03574843846926647,0.0,0.0
2001-10-17,0.045945770003698296,0.045945770003698296,0.03473934258317301,0.03473934258317301,0.0,0.0
2001-10-18,0.04001728356499509,0.04001728356499509,0.040623039881778206,0.040623039881778206,0.0,0.0
2001-10-19,0.04001728356499509,0.04001728356499509,0.040583656441110214,0.040583656441110214,0.0,0.0
2001-10-20,0.0444636483940225,0.0444636483940225,0.0360993650409441,0.0360993650409441,0.0,0.0
2001-10-21,0.04742789163931123,0.04742789163931123,0.03309989710551717,0.03309989710551717,0.0,0.0
2001-10-22,0.03964675316906043,0.03964675316906043,0.040848709667019166,0.040848709667019166,0.0,0.0
2001-10-23,0.04001728356499509,0.04001728356499509,0.04045048453243141,0.04045048453243141,0.0,0.0
2001-10-24,0.038164631533447506,0.038164631533447506,0.042277310906024594,0.042277310906024594,0.0,0.0
2001-10-25,0.03779410113751284,0.03779410113751284,0.04262164822911516,0.04262164822911516,0.0,0.0
2001-10-26,0.045204709211828974,0.045204709211828974,0.03518187563971583,0.03518187563971583,0.0,0.0
2001-10-27,0.04038781396092977,0.04038781396092977,0.040222061897073925,0.040222061897073925,0.0,0.0
2001-10-28,0.037053040345643495,0.037053040345643495,0.2034156992875124,0.2034156992875124,0.0,0.0
2001-10-29,0.037423570741578205,0.037423570741578205,0.8716499528311002,0.8716499528311002,0.0,0.0
2001-10-30,0.0355709187100306,0.0355709187100306,0.927756243898865,0.927756243898865,0.0,0.0
2001-10-31,0.007348852998816741,0.007348852998816741,0.20985026596079545,0.20985026596079545,0.0,0.0
2001-11-01,0.006484282058542332,0.006484282058542332,0.09767155283810657,0.09767155283810657,0.0,0.0
2001-11-02,0.006484282058542332,0.006484282058542332,0.10905479722046776,0.10905479722046776,0.0,0.0
2001-11-03,0.00704007766281918,0.00704007766281918,0.11159679705172712,0.11159679705172712,0.0,0.0
2001-11-04,0.009263260082520305,0.009263260082520305,0.0905269276860632,0.0905269276860632,0.0,0.0
2001-11-05,0.009263260082520305,0.009263260082520305,0.0853600646104704,0.0853600646104704,0.0,0.0
2001-11-06,0.008892729681398218,0.008892729681398218,0.08452127463451448,0.08452127463451448,0.0,0.0
2001-11-07,0.00778113847025079,0.00778113847025079,0.07347298583457841,0.07347298583457841,0.0,0.0
2001-11-08,0.00778113847025079,0.00778113847025079,0.07277078528080351,0.07277078528080351,0.0,0.0
2001-11-09,0.0077811384702508035,0.0077811384702508035,0.2388011199136152,0.2388011199136152,0.0,0.0
2001-11-10,0.0077811384702508035,0.0077811384702508035,0.4225849927662118,0.4225849927662118,0.0,0.0
2001-11-11,0.007781138470250859,0.007781138470250859,1.0137014772007662,1.0137014772007662,0.0,0.0
2001-11-12,0.007781138470250859,0.007781138470250859,2.9062238531809363,2.9062238531809363,0.0,0.0
2001-11-13,0.007781138470250859,0.007781138470250859,1.059337199194433,1.059337199194433,0.0,0.0
2001-11-14,0.007348852998816741,0.007348852998816741,0.07771995646242426,0.07771995646242426,0.0,0.0
2001-11-15,0.014697706000227184,0.014697706000227184,0.09659626826744912,0.09659626826744912,0.0,0.0
2001-11-16,0.009510280353393324,0.009510280353393324,0.16978516665967788,0.16978516665967788,0.0,0.0
2001-11-17,0.009510280353393324,0.009510280353393324,0.15735955127048487,0.15735955127048487,0.0,0.0
2001-11-18,0.006051996587108283,0.006051996587108283,0.1266869157589488,0.1266869157589488,0.0,0.0
2001-11-19,0.006051996587108269,0.006051996587108269,0.11727358685050034,0.11727358685050034,0.0,0.0
2001-11-20,0.005619711118267867,0.005619711118267867,0.8199944151672802,0.8199944151672802,0.0,0.0
2001-11-21,0.005619711118268089,0.005619711118268089,2.5154671620905393,2.5154671620905393,0.0,0.0
2001-11-22,0.005619711118267867,0.005619711118267867,1.4601348822077496,1.4601348822077496,0.0,0.0
2001-11-23,0.005187425646834054,0.005187425646834054,3.583429589504506,3.583429589504506,0.0,0.0
2001-11-24,0.00518742564683361,0.00518742564683361,6.018190806615931,6.018190806615931,0.0,0.0
2001-11-25,0.005557956050549651,0.005557956050549651,1.8615513441966367,1.8615513441966367,0.0,0.0
2001-11-26,0.0055579560505496645,0.0055579560505496645,0.09378127321161743,0.09378127321161743,0.0,0.0
2001-11-27,0.00444636483940225,0.00444636483940225,0.26070565028217213,0.26070565028217213,0.0,0.0
2001-11-28,0.004446364839402195,0.004446364839402195,1.192472440440047,1.192472440440047,0.0,0.0
2001-11-29,0.0014821216122694603,0.0014821216122694603,0.8687843240481589,0.8687843240481589,0.0,0.0
2001-11-30,0.0011115912111474002,0.0011115912111474002,0.4984234244849011,0.4984234244849011,0.0,0.0
2001-12-01,0.0011115912111474557,0.0011115912111474557,3.4459540800128203,3.4459540800128203,0.0,0.0
2001-12-02,0.0011115912111474557,0.0011115912111474557,6.902535096166318,6.902535096166318,0.0,0.0
2001-12-03,0.0011115912111474557,0.0011115912111474557,3.4684852688382626,3.4684852688382626,0.0,0.0
2001-12-04,0.0007410608074316094,0.0007410608074316094,0.2339292738294086,0.2339292738294086,0.0,0.0
2001-12-05,0.0007410608074316094,0.0007410608074316094,0.2027426981349498,0.2027426981349498,0.0,0.0
2001-12-06,0.0007410608074316094,0.0007410608074316094,0.1738319518487801,0.1738319518487801,0.0,0.0
2001-12-07,0.0007410608074316094,0.0007410608074316094,0.1898107491993915,0.1898107491993915,0.0,0.0
2001-12-08,0.0007410608074316372,0.0007410608074316372,0.6047487486218035,0.6047487486218035,0.0,0.0
2001-12-09,0.0007410608074316372,0.0007410608074316372,0.4486595380328707,0.4486595380328707,0.0,0.0
2001-12-10,0.0007410608074316094,0.0007410608074316094,0.17544789778397,0.17544789778397,0.0,0.0
2001-12-11,0.0007410608074316094,0.0007410608074316094,0.1726870347384979,0.1726870347384979,0.0,0.0
2001-12-12,0.0007410608074316094,0.0007410608074316094,0.1941293215149515,0.1941293215149515,0.0,0.0
2001-12-13,0.0018526520159853899,0.0018526520159853899,1.7359170360761236,1.7359170360761236,0.0,0.0
2001-12-14,0.0022231824197012084,0.0022231824197012084,1.401856686325864,1.401856686325864,0.0,0.0
2001-12-15,0.0022231824197010974,0.0022231824197010974,0.257787484320727,0.257787484320727,0.0,0.0
2001-12-16,0.002223182419701125,0.002223182419701125,0.23093261010048177,0.23093261010048177,0.0,0.0
2001-12-17,0.0022231824197010974,0.0022231824197010974,0.7130890308390346,0.7130890308390346,0.0,0.0
2001-12-18,0.0008645709402744228,0.0008645709402744228,0.38760339359760637,0.38760339359760637,0.0,0.0
2001-12-19,0.0008645709402743673,0.0008645709402743673,0.9363842428262292,0.9363842428262292,0.0,0.0
2001-12-20,0.0008645709402745894,0.0008645709402745894,2.002820469274583,2.002820469274583,0.0,0.0
2001-12-21,0.0008645709402743673,0.0008645709402743673,0.9976649900353053,0.9976649900353053,0.0,0.0
2001-12-22,0.0008645709402743673,0.0008645709402743673,0.9203368565387661,0.9203368565387661,0.0,0.0
2001-12-23,0.0008645709402744228,0.0008645709402744228,0.4766968508642328,0.4766968508642328,0.0,0.0
2001-12-24,0.0008645709402743951,0.0008645709402743951,0.2209127008695009,0.2209127008695009,0.0,0.0
2001-12-25,0.0005187425646833999,0.0005187425646833999,0.201984749931178,0.201984749931178,0.0,0.0
2001-12-26,0.0005187425646833999,0.0005187425646833999,0.1851138908283748,0.1851138908283748,0.0,0.0
2001-12-27,0.0030259982948510067,0.0030259982948510067,0.3951198978095999,0.3951198978095999,0.0,0.0
2001-12-28,0.0030259982948512842,0.0030259982948512842,6.274853930755419,6.274853930755419,0.0,0.0
2001-12-29,0.0031124553881003436,0.0031124553881003436,7.723234204964687,7.723234204964687,0.0,0.0
2001-12-30,0.0031124553881003436,0.0031124553881003436,4.754600037739653,4.754600037739653,0.0,0.0
2001-12-31,0.0031124553881003436,0.0031124553881003436,2.2405960140415093,2.2405960140415093,0.0,0.0
2002-01-01,0.0034582837636913943,0.0034582837636913943,2.365816328992159,2.365816328992159,0.0,0.0
2002-01-02,0.0030259982948512842,0.0030259982948512842,4.232713525888239,4.232713525888239,0.0,0.0
2002-01-03,0.00302599829485084,0.00302599829485084,2.1647922283030705,2.1647922283030705,0.0,0.0
2002-01-04,0.00363119795278366,0.00363119795278366,1.1095208036010604,1.1095208036010604,0.0,0.0
2002-01-05,0.0034582837636913943,0.0034582837636913943,1.2834792780150266,1.2834792780150266,0.0,0.0
2002-01-06,0.0034582837636913943,0.0034582837636913943,1.4012003650287923,1.4012003650287923,0.0,0.0
2002-01-07,0.0034582837636913943,0.0034582837636913943,1.4678504512949937,1.4678504512949937,0.0,0.0
2002-01-08,0.0034582837636913943,0.0034582837636913943,1.515696199005094,1.515696199005094,0.0,0.0
2002-01-09,0.002593712823417027,0.002593712823417027,1.4531498778427656,1.4531498778427656,0.0,0.0
2002-01-10,0.00216142735198277,0.00216142735198277,1.5306016724203702,1.5306016724203702,0.0,0.0
2002-01-11,0.00216142735198277,0.00216142735198277,1.4940941091815043,1.4940941091815043,0.0,0.0
2002-01-12,0.00216142735198277,0.00216142735198277,1.5605587406701533,1.5605587406701533,0.0,0.0
2002-01-13,0.00216142735198277,0.00216142735198277,1.4719197356771387,1.4719197356771387,0.0,0.0
2002-01-14,0.00216142735198277,0.00216142735198277,1.4341514054658233,1.4341514054658233,0.0,0.0
2002-01-15,0.00216142735198277,0.00216142735198277,1.3477366909416972,1.3477366909416972,0.0,0.0
2002-01-16,0.00216142735198277,0.00216142735198277,1.322740338658212,1.322740338658212,0.0,0.0
2002-01-17,0.00216142735198277,0.00216142735198277,1.2801177733237614,1.2801177733237614,0.0,0.0
2002-01-18,0.00216142735198277,0.00216142735198277,1.258617609895978,1.258617609895978,0.0,0.0
2002-01-19,0.00216142735198277,0.00216142735198277,1.2246792793283559,1.2246792793283559,0.0,0.0
2002-01-20,0.00216142735198277,0.00216142735198277,1.1846629589535185,1.1846629589535185,0.0,0.0
2002-01-21,0.00216142735198277,0.00216142735198277,1.2413743694832389,1.2413743694832389,0.0,0.0
2002-01-22,0.0018526520159853899,0.0018526520159853899,1.1632466441338567,1.1632466441338567,0.0,0.0
2002-01-23,0.0018526520159853899,0.0018526520159853899,1.064596045856918,1.064596045856918,0.0,0.0
2002-01-24,0.00216142735198277,0.00216142735198277,1.0291452795891087,1.0291452795891087,0.0,0.0
2002-01-25,0.00216142735198277,0.00216142735198277,1.0293084833473887,1.0293084833473887,0.0,0.0
2002-01-26,0.00216142735198277,0.00216142735198277,2.4194437885126514,2.4194437885126514,0.0,0.0
2002-01-27,0.00216142735198277,0.00216142735198277,2.137753905387907,2.137753905387907,0.0,0.0
2002-01-28,0.00216142735198277,0.00216142735198277,1.3271463947853974,1.3271463947853974,0.0,0.0
2002-01-29,0.00216142735198277,0.00216142735198277,1.1216982740059929,1.1216982740059929,0.0,0.0
2002-01-30,0.002593712823417027,0.002593712823417027,1.10538907983117,1.10538907983117,0.0,0.0
2002-01-31,0.002593712823417027,0.002593712823417027,1.1245859161010365,1.1245859161010365,0.0,0.0
2002-02-01,0.002593712823417027,0.002593712823417027,1.0328875951638758,1.0328875951638758,0.0,0.0
2002-02-02,0.002593712823417027,0.002593712823417027,1.041671181401968,1.041671181401968,0.0,0.0
2002-02-03,0.002593712823417027,0.002593712823417027,1.0283648969771633,1.0283648969771633,0.0,0.0
2002-02-04,0.002593712823417027,0.002593712823417027,1.0381322818139376,1.0381322818139376,0.0,0.0
2002-02-05,0.002593712823417027,0.002593712823417027,1.0506984330005629,1.0506984330005629,0.0,0.0
2002-02-06,0.002593712823417027,0.002593712823417027,1.2323874568063258,1.2323874568063258,0.0,0.0
2002-02-07,0.002593712823417027,0.002593712823417027,1.8672240787259877,1.8672240787259877,0.0,0.0
2002-02-08,0.002593712823417027,0.002593712823417027,1.2403783337066,1.2403783337066,0.0,0.0
2002-02-09,0.002593712823417027,0.002593712823417027,1.0978696809290962,1.0978696809290962,0.0,0.0
2002-02-10,0.002593712823417027,0.002593712823417027,1.1433512987770873,1.1433512987770873,0.0,0.0
2002-02-11,0.002593712823417027,0.002593712823417027,1.1739193150594185,1.1739193150594185,0.0,0.0
2002-02-12,0.002593712823417027,0.002593712823417027,1.2823164942689378,1.2823164942689378,0.0,0.0
2002-02-13,0.002593712823417027,0.002593712823417027,1.2633530452039279,1.2633530452039279,0.0,0.0
2002-02-14,0.002593712823417027,0.002593712823417027,1.2546580123942483,1.2546580123942483,0.0,0.0
2002-02-15,0.002593712823417027,0.002593712823417027,1.6800758855472673,1.6800758855472673,0.0,0.0
2002-02-16,0.0038905692351254295,0.0038905692351254295,2.7186774313053212,2.7186774313053212,0.0,0.0
2002-02-17,0.0038905692351254295,0.0038905692351254295,2.275977753963563,2.275977753963563,0.0,0.0
2002-02-18,0.0038905692351254295,0.0038905692351254295,1.5217771628798173,1.5217771628798173,0.0,0.0
2002-02-19,0.0038905692351254295,0.0038905692351254295,1.753401269972273,1.753401269972273,0.0,0.0
2002-02-20,0.0038905692351254295,0.0038905692351254295,1.5586925617953697,1.5586925617953697,0.0,0.0
2002-02-21,0.0038905692351254295,0.0038905692351254295,1.6220405823340052,1.6220405823340052,0.0,0.0
2002-02-22,0.0038905692351254295,0.0038905692351254295,1.8079144853412696,1.8079144853412696,0.0,0.0
2002-02-23,0.00216142735198277,0.00216142735198277,1.8867069361574824,1.8867069361574824,0.0,0.0
2002-02-24,0.00216142735198277,0.00216142735198277,1.681466705191356,1.681466705191356,0.0,0.0
2002-02-25,0.00216142735198277,0.00216142735198277,1.8435350578598115,1.8435350578598115,0.0,0.0
2002-02-26,0.00216142735198277,0.00216142735198277,1.977828745795087,1.977828745795087,0.0,0.0
2002-02-27,0.00216142735198277,0.00216142735198277,2.0795091408707047,2.0795091408707047,0.0,0.0
2002-02-28,0.0029642432271326236,0.0029642432271326236,2.0065974155331197,2.0065974155331197,0.0,0.0
2002-03-01,0.0029642432271328456,0.0029642432271328456,1.5802502543874108,1.5802502543874108,0.0,0.0
2002-03-02,0.002593712823417027,0.002593712823417027,1.384062129261696,1.384062129261696,0.0,0.0
2002-03-03,0.002593712823417027,0.002593712823417027,1.395253466141294,1.395253466141294,0.0,0.0
2002-03-04,0.002593712823417027,0.002593712823417027,1.4459788481703975,1.4459788481703975,0.0,0.0
2002-03-05,0.0029642432271326236,0.0029642432271326236,2.629558642492188,2.629558642492188,0.0,0.0
2002-03-06,0.01704439855277151,0.01704439855277151,5.071369869213145,5.071369869213145,0.0,0.0
2002-03-07,0.019638111376187872,0.019638111376187872,3.245004900704168,3.245004900704168,0.0,0.0
2002-03-08,0.01926758097506598,0.01926758097506598,2.0346852745951587,2.0346852745951587,0.0,0.0
2002-03-09,0.01889705057135016,0.01889705057135016,1.9358075293088848,1.9358075293088848,0.0,0.0
2002-03-10,0.01889705057135016,0.01889705057135016,2.0246236978617667,2.0246236978617667,0.0,0.0
2002-03-11,0.020008641779903913,0.020008641779903913,1.9338636871885644,1.9338636871885644,0.0,0.0
2002-03-12,0.02037917218361973,0.02037917218361973,1.9143901745949603,1.9143901745949603,0.0,0.0
2002-03-13,0.023343415410752355,0.023343415410752355,1.8337594580474676,1.8337594580474676,0.0,0.0
2002-03-14,0.023713945814468174,0.023713945814468174,1.7713076628312283,1.7713076628312283,0.0,0.0
2002-03-15,0.023343415410752355,0.023343415410752355,1.8679543038074926,1.8679543038074926,0.0,0.0
2002-03-16,0.02704871944791054,0.02704871944791054,1.8634522283915944,1.8634522283915944,0.0,0.0
2002-03-17,0.02741924984384503,0.02741924984384503,1.813472674504812,1.813472674504812,0.0,0.0
2002-03-18,0.0222318241996049,0.0222318241996049,1.632244784607758,1.632244784607758,0.0,0.0
2002-03-19,0.01889705057135016,0.01889705057135016,1.6112064871442888,1.6112064871442888,0.0,0.0
2002-03-20,0.01852652016763434,0.01852652016763434,1.6330534654422437,1.6330534654422437,0.0,0.0
2002-03-21,0.02223182419960512,0.02223182419960512,2.2251255682866584,2.2251255682866584,0.0,0.0
2002-03-22,0.028530841057586187,0.028530841057586187,3.573686722700822,3.573686722700822,0.0,0.0
2002-03-23,0.03408879710035473,0.03408879710035473,3.8074853474862067,3.8074853474862067,0.0,0.0
2002-03-24,0.037794101137512914,0.037794101137512914,2.1686994303231053,2.1686994303231053,0.0,0.0
2002-03-25,0.0381646315334474,0.0381646315334474,1.9926708596272809,1.9926708596272809,0.0,0.0
2002-03-26,0.044093117998087905,0.044093117998087905,2.109137187622244,2.109137187622244,0.0,0.0
2002-03-27,0.04261099638841204,0.04261099638841204,2.209042876036391,2.209042876036391,0.0,0.0
2002-03-28,0.04075834435686465,0.04075834435686465,2.9500573986952627,2.9500573986952627,0.0,0.0
2002-03-29,0.0381646315334474,0.0381646315334474,3.6921903608060096,3.6921903608060096,0.0,0.0
2002-03-30,0.041499405174670656,0.041499405174670656,4.083839403459789,4.083839403459789,0.0,0.0
2002-03-31,0.041499405174670656,0.041499405174670656,4.615174519847975,4.615174519847975,0.0,0.0
2002-04-01,0.08688937958446719,0.08688937958446719,5.825503817935654,5.825503817935654,0.0,0.0
2002-04-02,0.06873338982054822,0.06873338982054822,6.215899241031041,6.215899241031041,0.0,0.0
2002-04-03,0.0687333898205491,0.0687333898205491,6.729076691318284,6.729076691318284,0.0,0.0
2002-04-04,0.07392081546738272,0.07392081546738272,5.582125056060872,5.582125056060872,0.0,0.0
2002-04-05,0.07521767187909134,0.07521767187909134,6.1980005752174545,6.1980005752174545,0.0,0.0
2002-04-06,0.07262395905567409,0.07262395905567409,4.714956401852242,4.714956401852242,0.0,0.0
2002-04-07,0.07262395905567409,0.07262395905567409,4.444942120094902,4.444942120094902,0.0,0.0
2002-04-08,0.07262395905567409,0.07262395905567409,5.482275987675324,5.482275987675324,0.0,0.0
2002-04-09,0.06484282058542323,0.06484282058542323,5.813264805723968,5.813264805723968,0.0,0.0
2002-04-10,0.0778113847025077,0.0778113847025077,5.5054901415707524,5.5054901415707524,0.0,0.0
2002-04-11,0.08040509752592495,0.08040509752592495,6.804716500373753,6.804716500373753,0.0,0.0
2002-04-12,0.0920768052313008,0.0920768052313008,7.311893694155065,7.311893694155065,0.0,0.0
2002-04-13,0.07651452829079908,0.07651452829079908,7.522241516562278,7.522241516562278,0.0,0.0
2002-04-14,0.07651452829079908,0.07651452829079908,8.521654295087496,8.521654295087496,0.0,0.0
2002-04-15,0.06484282058542323,0.06484282058542323,5.84654809284527,5.84654809284527,0.0,0.0
2002-04-16,0.06484282058542323,0.06484282058542323,5.697365464739397,5.697365464739397,0.0,0.0
2002-04-17,0.06484282058542323,0.06484282058542323,4.553008962058046,4.553008962058046,0.0,0.0
2002-04-18,0.06484282058542323,0.06484282058542323,4.349752337484027,4.349752337484027,0.0,0.0
2002-04-19,0.0829988103493422,0.0829988103493422,4.211251080245644,4.211251080245644,0.0,0.0
2002-04-20,0.0829988103493422,0.0829988103493422,4.100654288965774,4.100654288965774,0.0,0.0
2002-04-21,0.08429566676105038,0.08429566676105038,3.962599908099645,3.962599908099645,0.0,0.0
2002-04-22,0.09077994881959217,0.09077994881959217,4.273637446745846,4.273637446745846,0.0,0.0
2002-04-23,0.0920768052313008,0.0920768052313008,5.414712113400076,5.414712113400076,0.0,0.0
2002-04-24,0.10374851293667753,0.10374851293667753,5.313143284690097,5.313143284690097,0.0,0.0
2002-04-25,0.10374851293667753,0.10374851293667753,6.93360182639109,6.93360182639109,0.0,0.0
2002-04-26,0.10115480011326028,0.10115480011326028,6.069578942077065,6.069578942077065,0.0,0.0
2002-04-27,0.10374851293667753,0.10374851293667753,4.57552821199565,4.57552821199565,0.0,0.0
2002-04-28,0.1024516565249689,0.1024516565249689,4.632016410334716,4.632016410334716,0.0,0.0
2002-04-29,0.0972642308781353,0.0972642308781353,5.088632737937914,5.088632737937914,0.0,0.0
2002-04-30,0.07651452829079908,0.07651452829079908,4.584190596918308,4.584190596918308,0.0,0.0
2002-05-01,0.0778113847025077,0.0778113847025077,4.221261046591322,4.221261046591322,0.0,0.0
2002-05-02,0.06484282058542323,0.06484282058542323,4.066689579353525,4.066689579353525,0.0,0.0
2002-05-03,0.06484282058542323,0.06484282058542323,3.902787614860475,3.902787614860475,0.0,0.0
2002-05-04,0.06354596417371461,0.06354596417371461,4.401604986212797,4.401604986212797,0.0,0.0
2002-05-05,0.06354596417371461,0.06354596417371461,5.034159921353505,5.034159921353505,0.0,0.0
2002-05-06,0.06354596417371461,0.06354596417371461,5.974806259321875,5.974806259321875,0.0,0.0
2002-05-07,0.06484282058542323,0.06484282058542323,6.469675089270386,6.469675089270386,0.0,0.0
2002-05-08,0.07003024623225684,0.07003024623225684,5.309979724269162,5.309979724269162,0.0,0.0
2002-05-09,0.06873338982054822,0.06873338982054822,5.7977268106966395,5.7977268106966395,0.0,0.0
2002-05-10,0.07003024623225684,0.07003024623225684,5.68597868427894,5.68597868427894,0.0,0.0
2002-05-11,0.07132710264396547,0.07132710264396547,5.489307748670906,5.489307748670906,0.0,0.0
2002-05-12,0.09077994881959217,0.09077994881959217,6.554889408103256,6.554889408103256,0.0,0.0
2002-05-13,0.10374851293667753,0.10374851293667753,8.300096385832939,8.300096385832939,0.0,0.0
2002-05-14,0.10893593858351025,0.10893593858351025,9.733598692639642,9.733598692639642,0.0,0.0
2002-05-15,0.1115296514069275,0.1115296514069275,8.948008438573572,8.948008438573572,0.0,0.0
2002-05-16,0.12320135911230423,0.12320135911230422,10.0,10.0,0.0,0.0
2002-05-17,0.12320135911230422,0.12320135911230422,10.0,10.0,0.0,0.0
2002-05-18,0.11282650781863648,0.11282650781863648,10.0,10.0,0.0,0.0
2002-05-19,0.11282650781863648,0.11282650781863648,10.0,10.0,0.0,0.0
2002-05-20,0.11152965140692804,0.11152965140692804,10.0,10.0,0.0,0.0
2002-05-21,0.11282650781863648,0.11282650781863648,10.0,10.0,0.0,0.0
2002-05-22,0.14006049246451427,0.14006049246451427,10.0,10.0,0.0,0.0
2002-05-23,0.14006049246451427,0.14006049246451427,7.318252496810124,7.318252496810124,0.0,0.0
2002-05-24,0.14135734887622275,0.14135734887622275,6.46058926994003,6.46058926994003,0.0,0.0
2002-05-25,0.14135734887622275,0.14135734887622275,7.078284790083387,7.078284790083387,0.0,0.0
2002-05-26,0.14913848734647353,0.14913848734647353,7.830293245301023,7.830293245301023,0.0,0.0
2002-05-27,0.14654477452305661,0.14654477452305661,8.623584356345553,8.623584356345553,0.0,0.0
2002-05-28,0.14913848734647353,0.14913848734647353,9.493578225024482,9.493578225024482,0.0,0.0
2002-05-29,0.15173220016989047,0.15173220016989047,10.0,10.0,0.0,0.0
2002-05-30,0.14913848734647353,0.14913848734647353,10.0,10.0,0.0,0.0
2002-05-31,0.15173220016989047,0.15173220016989047,10.0,10.0,0.0,0.0
2002-06-01,0.15173220016989047,0.15173220016989047,10.0,10.0,0.0,0.0
2002-06-02,0.13357621040597195,0.13357621040597195,6.746568816225182,6.746568816225182,0.0,0.0
2002-06-03,0.14913848734647353,0.14913848734647353,5.664556236906819,5.664556236906819,0.0,0.0
2002-06-04,0.14524791811134816,0.14524791811134816,5.6586367441621235,5.6586367441621235,0.0,0.0
2002-06-05,0.14524791811134816,0.14524791811134816,6.586061722562274,6.586061722562274,0.0,0.0
2002-06-06,0.1582164822284328,0.1582164822284328,7.349190667257156,7.349190667257156,0.0,0.0
2002-06-07,0.15173220016989047,0.15173220016989047,7.1452311935865165,7.1452311935865165,0.0,0.0
2002-06-08,0.15173220016989047,0.15173220016989047,6.999392046263128,6.999392046263128,0.0,0.0
2002-06-09,0.15173220016989047,0.15173220016989047,5.173155410158033,5.173155410158033,0.0,0.0
2002-06-10,0.15173220016989047,0.15173220016989047,5.1039008949873,5.1039008949873,0.0,0.0
2002-06-11,0.15173220016989047,0.15173220016989047,5.7577497892932765,5.7577497892932765,0.0,0.0
2002-06-12,0.14913848734647353,0.14913848734647353,4.843721408271007,4.843721408271007,0.0,0.0
2002-06-13,0.1659976206986836,0.1659976206986836,6.022736747496606,6.022736747496606,0.0,0.0
2002-06-14,0.1647007642869751,0.1647007642869751,5.375260022695301,5.375260022695301,0.0,0.0
2002-06-15,0.16340390787526665,0.16340390787526665,4.741893758488897,4.741893758488897,0.0,0.0
2002-06-16,0.15562276940501585,0.15562276940501585,4.696866000940565,4.696866000940565,0.0,0.0
2002-06-17,0.15562276940501585,0.15562276940501585,4.703201345209639,4.703201345209639,0.0,0.0
2002-06-18,0.15691962581672436,0.15691962581672436,4.7925199982046,4.7925199982046,0.0,0.0
2002-06-19,0.15562276940501585,0.15562276940501585,4.383768645603899,4.383768645603899,0.0,0.0
2002-06-20,0.15562276940501585,0.15562276940501585,3.2412647123166916,3.2412647123166916,0.0,0.0
2002-06-21,0.1543259129933074,0.1543259129933074,2.794543749566005,2.794543749566005,0.0,0.0
2002-06-22,0.16340390787526665,0.16340390787526665,2.6017162439799355,2.6017162439799355,0.0,0.0
2002-06-23,0.1647007642869751,0.1647007642869751,2.4629253672177818,2.4629253672177818,0.0,0.0
2002-06-24,0.16210705146355817,0.16210705146355817,2.643375029769104,2.643375029769104,0.0,0.0
2002-06-25,0.16210705146355817,0.16210705146355817,2.7136079098368744,2.7136079098368744,0.0,0.0
2002-06-26,0.17118504634551746,0.17118504634551746,2.7667621936422266,2.7667621936422266,0.0,0.0
2002-06-27,0.17118504634551746,0.17118504634551746,2.3647311557605875,2.3647311557605875,0.0,0.0
2002-06-28,0.15951333864014125,0.15951333864014125,2.1585977060014834,2.1585977060014834,0.0,0.0
2002-06-29,0.15302905658159893,0.15302905658159893,1.9188903725819682,1.9188903725819682,0.0,0.0
2002-06-30,0.16340390787526665,0.16340390787526665,1.780986715937061,1.780986715937061,0.0,0.0
2002-07-01,0.16340390787526665,0.16340390787526665,1.3276636103714272,1.3276636103714272,0.0,0.0
2002-07-02,0.16340390787526665,0.16340390787526665,1.2471136137736214,1.2471136137736214,0.0,0.0
2002-07-03,0.16340390787526665,0.16340390787526665,1.0544069609370013,1.0544069609370013,0.0,0.0
2002-07-04,0.16340390787526665,0.16340390787526665,0.8626240601437798,0.8626240601437798,0.0,0.0
2002-07-05,0.16340390787526665,0.16340390787526665,0.7666717273809074,0.7666717273809074,0.0,0.0
2002-07-06,0.16340390787526665,0.16340390787526665,0.746731977849185,0.746731977849185,0.0,0.0
2002-07-07,0.15951333864014125,0.15951333864014125,0.7005132804969482,0.7005132804969482,0.0,0.0
2002-07-08,0.15691962581672436,0.15691962581672436,0.6798213305562278,0.6798213305562278,0.0,0.0
2002-07-09,0.16729447711039205,0.16729447711039205,0.6753581410180826,0.6753581410180826,0.0,0.0
2002-07-10,0.17248190275722594,0.17248190275722594,0.4970102421097501,0.4970102421097501,0.0,0.0
2002-07-11,0.1685913335221005,0.1685913335221005,0.4618520101257616,0.4618520101257616,0.0,0.0
2002-07-12,0.16340390787526665,0.16340390787526665,0.4257547847022077,0.4257547847022077,0.0,0.0
2002-07-13,0.16340390787526665,0.16340390787526665,0.3867929453635784,0.3867929453635784,0.0,0.0
2002-07-14,0.1543259129933074,0.1543259129933074,0.36162348008218276,0.36162348008218276,0.0,0.0
2002-07-15,0.15951333864014125,0.15951333864014125,0.3329295280042689,0.3329295280042689,0.0,0.0
2002-07-16,0.16340390787526665,0.16340390787526665,0.2571015017273802,0.2571015017273802,0.0,0.0
2002-07-17,0.16081019505184974,0.16081019505184974,0.2566932947962757,0.2566932947962757,0.0,0.0
2002-07-18,0.16340390787526665,0.16340390787526665,0.22696519026489015,0.22696519026489015,0.0,0.0
2002-07-19,0.1647007642869751,0.1647007642869751,0.18452133417794297,0.18452133417794297,0.0,0.0
2002-07-20,0.16081019505184974,0.16081019505184974,0.19531921990774648,0.19531921990774648,0.0,0.0
2002-07-21,0.169888189933809,0.169888189933809,0.18259167166740298,0.18259167166740298,0.0,0.0
2002-07-22,0.16729447711039205,0.16729447711039205,0.16301417937246962,0.16301417937246962,0.0,0.0
2002-07-23,0.16729447711039205,0.16729447711039205,0.14230050196985303,0.14230050196985303,0.0,0.0
2002-07-24,0.16729447711039205,0.16729447711039205,0.04684497760162254,0.04684497760162254,0.0,0.0
2002-07-25,0.1659976206986836,0.1659976206986836,0.004639776425740899,0.004639776425740899,0.0,0.0
2002-07-26,0.1654563464740493,0.1654563464740493,0.0,0.0,0.0,0.0
2002-07-27,0.1611425451936347,0.1611425451936347,0.0,0.0,0.0,0.0
2002-07-28,0.1566883358496769,0.1566883358496769,0.0,0.0,0.0,0.0
2002-07-29,0.1458451863067945,0.1458451863067945,0.0,0.0,0.0,0.0
2002-07-30,0.1327715435135404,0.1327715435135404,0.0,0.0,0.0,0.0
2002-07-31,0.1206887998523527,0.1206887998523527,0.0,0.0,0.0,0.0
2002-08-01,0.1174545798924769,0.1174545798924769,0.0,0.0,0.0,0.0
2002-08-02,0.1083235142976263,0.1083235142976263,0.0,0.0,0.0,0.0
2002-08-03,0.1007231454396165,0.1007231454396165,0.0,0.0,0.0,0.0
2002-08-04,0.0944359225997553,0.0944359225997553,0.0,0.0,0.0,0.0
2002-08-05,0.0894757681173598,0.0894757681173598,0.0,0.0,0.0,0.0
2002-08-06,0.0855218000923306,0.0855218000923306,0.0,0.0,0.0,0.0
2002-08-07,0.0821621755889002,0.0821621755889002,0.0,0.0,0.0,0.0
2002-08-08,0.0798413034563064,0.0798413034563064,0.0,0.0,0.0,0.0
2002-08-09,0.0764649916398076,0.0764649916398076,0.0,0.0,0.0,0.0
2002-08-10,0.0736148216470511,0.0736148216470511,0.0,0.0,0.0,0.0
2002-08-11,0.0708630930261664,0.0708630930261664,0.0,0.0,0.0,0.0
2002-08-12,0.0680761641042362,0.0680761641042362,0.0,0.0,0.0,0.0
2002-08-13,0.0656085204904993,0.0656085204904993,0.0,0.0,0.0,0.0
2002-08-14,0.0634741303845479,0.0634741303845479,0.0,0.0,0.0,0.0
2002-08-15,0.0616358880571344,0.0616358880571344,0.0,0.0,0.0,0.0
2002-08-16,0.0600763306687216,0.0600763306687216,0.0,0.0,0.0,0.0
2002-08-17,0.0587873656288478,0.0587873656288478,0.0,0.0,0.0,0.0
2002-08-18,0.0577631635822312,0.0577631635822312,0.0,0.0,0.0,0.0
2002-08-19,0.0570197844099062,0.0570197844099062,0.0,0.0,0.0,0.0
2002-08-20,0.0565346151270807,0.0565346151270807,0.0,0.0,0.0,0.0
2002-08-21,0.0562431538896736,0.0562431538896736,0.0,0.0,0.0,0.0
2002-08-22,0.056015702713624,0.056015702713624,0.0,0.0,0.0,0.0
2002-08-23,0.0558039666479826,0.0558039666479826,0.0,0.0,0.0,0.0
2002-08-24,0.0556455085536774,0.0556455085536774,0.0,0.0,0.0,0.0
2002-08-25,0.0554099641622195,0.0554099641622195,0.0,0.0,0.0,0.0
2002-08-26,0.0551771261090416,0.0551771261090416,0.0,0.0,0.0,0.0
2002-08-27,0.0549940148720005,0.0549940148720005,0.0,0.0,0.0,0.0
2002-08-28,0.05480244256766,0.05480244256766,0.0,0.0,0.0,0.0
2002-08-29,0.054595491842328,0.054595491842328,0.0,0.0,0.0,0.0
2002-08-30,0.0544305673074277,0.0544305673074277,0.0,0.0,0.0,0.0
2002-08-31,0.0543711761771423,0.0543711761771423,0.0,0.0,0.0,0.0
2002-09-01,0.0761531591483912,0.0761531591483912,0.0,0.0,0.0,0.0
2002-09-02,0.0757337414004641,0.0757337414004641,0.0,0.0,0.0,0.0
2002-09-03,0.0754381377233106,0.0754381377233106,0.0,0.0,0.0,0.0
2002-09-04,0.0801545940147778,0.0801545940147778,0.0,0.0,0.0,0.0
2002-09-05,0.10374851293667725,0.10374851293667725,0.05634226550530885,0.05634226550530885,0.0,0.0
2002-09-06,0.10374851293667725,0.10374851293667725,0.05642641808626406,0.05642641808626406,0.0,0.0
2002-09-07,0.11801393346547037,0.11801393346547037,0.0054961597942854296,0.0054961597942854296,0.0,0.0
2002-09-08,0.0748838100999076,0.0748838100999076,0.0,0.0,0.0,0.0
2002-09-09,0.0746963602271162,0.0746963602271162,0.0,0.0,0.0,0.0
2002-09-10,0.074567817950888,0.074567817950888,0.0,0.0,0.0,0.0
2002-09-11,0.0744033239926552,0.0744033239926552,0.0,0.0,0.0,0.0
2002-09-12,0.0742437559131009,0.0742437559131009,0.0,0.0,0.0,0.0
2002-09-13,0.0740778623355697,0.0740778623355697,0.0,0.0,0.0,0.0
2002-09-14,0.0738988742257599,0.0738988742257599,0.0,0.0,0.0,0.0
2002-09-15,0.073714516985733,0.073714516985733,0.0,0.0,0.0,0.0
2002-09-16,0.0735386231186489,0.0735386231186489,0.0,0.0,0.0,0.0
2002-09-17,0.0734031893946431,0.0734031893946431,0.0,0.0,0.0,0.0
2002-09-18,0.0732980227988678,0.0732980227988678,0.0,0.0,0.0,0.0
2002-09-19,0.073188332344122,0.073188332344122,0.0,0.0,0.0,0.0
2002-09-20,0.0730607011247158,0.0730607011247158,0.0,0.0,0.0,0.0
2002-09-21,0.0729170982539604,0.0729170982539604,0.0,0.0,0.0,0.0
2002-09-22,0.0727743829960283,0.0727743829960283,0.0,0.0,0.0,0.0
2002-09-23,0.07263231181488,0.07263231181488,0.0,0.0,0.0,0.0
2002-09-24,0.0724897007692662,0.0724897007692662,0.0,0.0,0.0,0.0
2002-09-25,0.0723535385701552,0.0723535385701552,0.0,0.0,0.0,0.0
2002-09-26,0.0722283733972223,0.0722283733972223,0.0,0.0,0.0,0.0
2002-09-27,0.0721162249255236,0.0721162249255236,0.0,0.0,0.0,0.0
2002-09-28,0.06743653340884022,0.06743653340884022,0.050928720942731376,0.050928720942731376,0.0,0.0
2002-09-29,0.06873338982054866,0.06873338982054866,0.015336027159304044,0.015336027159304044,0.0,0.0
2002-09-30,0.07003024623225713,0.07003024623225713,0.04799308813768646,0.04799308813768646,0.0,0.0
2002-10-01,0.042796261586379364,0.042796261586379364,0.06234885902864043,0.06234885902864043,0.0,0.0
2002-10-02,0.042796261586379364,0.042796261586379364,0.05491586825702144,0.05491586825702144,0.0,0.0
2002-10-03,0.042796261586379364,0.042796261586379364,0.03905595627571373,0.03905595627571373,0.0,0.0
2002-10-04,0.042796261586379364,0.042796261586379364,0.04049499317151263,0.04049499317151263,0.0,0.0
2002-10-05,0.042796261586379364,0.042796261586379364,0.041540163751576736,0.041540163751576736,0.0,0.0
2002-10-06,0.042796261586379364,0.042796261586379364,0.03891599081038023,0.03891599081038023,0.0,0.0
2002-10-07,0.0414994051746709,0.0414994051746709,0.040157303801326906,0.040157303801326906,0.0,0.0
2002-10-08,0.05576482570346402,0.05576482570346402,0.02582774914874548,0.02582774914874548,0.0,0.0
2002-10-09,0.05706168211517248,0.05706168211517248,0.024672964351588215,0.024672964351588215,0.0,0.0
2002-10-10,0.04668683082150476,0.04668683082150476,0.03477130562369354,0.03477130562369354,0.0,0.0
2002-10-11,0.0453899744097963,0.0453899744097963,0.03600807462899679,0.03600807462899679,0.0,0.0
2002-10-12,0.0453899744097963,0.0453899744097963,0.035963239586328195,0.035963239586328195,0.0,0.0
2002-10-13,0.0453899744097963,0.0453899744097963,0.035918538296505605,0.035918538296505605,0.0,0.0
2002-10-14,0.0453899744097963,0.0453899744097963,0.035873132451998795,0.035873132451998795,0.0,0.0
2002-10-15,0.03631197952783704,0.03631197952783704,0.044907103358303356,0.044907103358303356,0.0,0.0
2002-10-16,0.042796261586379364,0.042796261586379364,0.03838054312344023,0.03838054312344023,0.0,0.0
2002-10-17,0.04409311799808782,0.04409311799808782,0.03704669176399447,0.03704669176399447,0.0,0.0
2002-10-18,0.042796261586379364,0.042796261586379364,0.03831400367087323,0.03831400367087323,0.0,0.0
2002-10-19,0.042796261586379364,0.042796261586379364,0.038288580153932036,0.038288580153932036,0.0,0.0
2002-10-20,0.042796261586379364,0.042796261586379364,0.038262587866492836,0.038262587866492836,0.0,0.0
2002-10-21,0.042796261586379364,0.042796261586379364,0.03823578709916434,0.03823578709916434,0.0,0.0
2002-10-22,0.042796261586379364,0.042796261586379364,0.03821113436751973,0.03821113436751973,0.0,0.0
2002-10-23,0.042796261586379364,0.042796261586379364,0.03850464385243403,0.03850464385243403,0.0,0.0
2002-10-24,0.04928054364492169,0.04928054364492169,0.031674033608081416,0.031674033608081416,0.0,0.0
2002-10-25,0.04928054364492169,0.04928054364492169,0.031651821348746105,0.031651821348746105,0.0,0.0
2002-10-26,0.03371826670442011,0.03371826670442011,0.047192412554365785,0.047192412554365785,0.0,0.0
2002-10-27,0.03242141029271164,0.03242141029271164,0.04846778322385697,0.04846778322385697,0.0,0.0
2002-10-28,0.03371826670442011,0.03371826670442011,0.0472849740288824,0.0472849740288824,0.0,0.0
2002-10-29,0.03371826670442011,0.03371826670442011,0.047123041574195994,0.047123041574195994,0.0,0.0
2002-10-30,0.03371826670442011,0.03371826670442011,0.04710107453244299,0.04710107453244299,0.0,0.0
2002-10-31,0.01296856411708465,0.01296856411708465,0.06862994847749065,0.06862994847749065,0.0,0.0
2002-11-01,0.012968564117084663,0.012968564117084663,0.06799773491435393,0.06799773491435393,0.0,0.0
2002-11-02,0.01296856411708465,0.01296856411708465,0.06701972636328565,0.06701972636328565,0.0,0.0
2002-11-03,0.01296856411708465,0.01296856411708465,0.06601739700980705,0.06601739700980705,0.0,0.0
2002-11-04,0.012968564117084663,0.012968564117084663,0.08725391585662354,0.08725391585662354,0.0,0.0
2002-11-05,0.012968564117084663,0.012968564117084663,0.09339120547800994,0.09339120547800994,0.0,0.0
2002-11-06,0.01037485129366772,0.01037485129366772,0.294163428025486,0.294163428025486,0.0,0.0
2002-11-07,0.009077994881959484,0.009077994881959484,7.082046648346323,7.082046648346323,0.0,0.0
2002-11-08,0.009077994881959484,0.00907799488195926,10.0,10.0,0.0,0.0
2002-11-09,0.00907799488195926,0.00907799488195926,9.999999999999996,9.999999999999996,0.0,0.0
2002-11-10,0.00907799488195926,0.00907799488195926,10.000000000000004,10.000000000000004,0.0,0.0
2002-11-11,0.00907799488195926,0.00907799488195926,10.0,10.0,0.0,0.0
2002-11-12,0.012968564117084656,0.012968564117084656,9.999999999999998,9.999999999999998,0.0,0.0
2002-11-13,0.01815598976391852,0.01815598976391852,10.0,10.0,0.0,0.0
2002-11-14,0.01815598976391852,0.01815598976391852,6.5962785912101145,6.5962785912101145,0.0,0.0
2002-11-15,0.01815598976391852,0.01815598976391852,0.17226215016535898,0.17226215016535898,0.0,0.0
2002-11-16,0.01815598976391852,0.01815598976391852,0.19457406534530228,0.19457406534530228,0.0,0.0
2002-11-17,0.01815598976391852,0.01815598976391852,0.20247759583712419,0.20247759583712419,0.0,0.0
2002-11-18,0.01815598976391852,0.01815598976391852,0.17354911924796407,0.17354911924796407,0.0,0.0
2002-11-19,0.01815598976391852,0.01815598976391852,0.17938181650767399,0.17938181650767399,0.0,0.0
2002-11-20,0.01815598976391852,0.01815598976391852,0.21169747592734398,0.21169747592734398,0.0,0.0
2002-11-21,0.01815598976391852,0.01815598976391852,0.2573320707737697,0.2573320707737697,0.0,0.0
2002-11-22,0.01815598976391852,0.01815598976391852,0.3006855551323871,0.3006855551323871,0.0,0.0
2002-11-23,0.01815598976391852,0.01815598976391852,0.25274518918079447,0.25274518918079447,0.0,0.0
2002-11-24,0.01815598976391852,0.01815598976391852,0.22444148867106567,0.22444148867106567,0.0,0.0
2002-11-25,0.01815598976391852,0.01815598976391852,0.17133651288833468,0.17133651288833468,0.0,0.0
2002-11-26,0.01815598976391852,0.01815598976391852,0.15567058202002848,0.15567058202002848,0.0,0.0
2002-11-27,0.01815598976391852,0.01815598976391852,0.16115096239081297,0.16115096239081297,0.0,0.0
2002-11-28,0.01815598976391852,0.01815598976391852,0.19187630663153538,0.19187630663153538,0.0,0.0
2002-11-29,0.01815598976391852,0.01815598976391852,0.19767017899801728,0.19767017899801728,0.0,0.0
2002-11-30,0.01815598976391852,0.01815598976391852,0.17683398061574,0.17683398061574,0.0,0.0
2002-12-01,0.01815598976391852,0.01815598976391852,0.16412055968671418,0.16412055968671418,0.0,0.0
2002-12-02,0.01815598976391852,0.01815598976391852,0.15943086865635336,0.15943086865635336,0.0,0.0
2002-12-03,0.01815598976391852,0.01815598976391852,0.15578561667880597,0.15578561667880597,0.0,0.0
2002-12-04,0.015562276940501586,0.015562276940501586,0.16514097374192843,0.16514097374192843,0.0,0.0
2002-12-05,0.015562276940501586,0.015562276940501586,0.1860220117769993,0.1860220117769993,0.0,0.0
2002-12-06,0.01815598976391852,0.01815598976391852,0.18658613909426458,0.18658613909426458,0.0,0.0
2002-12-07,0.01815598976391852,0.01815598976391852,0.18941770075392397,0.18941770075392397,0.0,0.0
2002-12-08,0.01815598976391852,0.01815598976391852,0.1747811123768853,0.1747811123768853,0.0,0.0
2002-12-09,0.01815598976391852,0.01815598976391852,0.15682229484875468,0.15682229484875468,0.0,0.0
2002-12-10,0.01815598976391852,0.01815598976391852,0.15195447585131658,0.15195447585131658,0.0,0.0
2002-12-11,0.01426542052879312,0.01426542052879312,0.20729587957037288,0.20729587957037288,0.0,0.0
2002-12-12,0.01167170770537619,0.01167170770537619,0.5707267023169139,0.5707267023169139,0.0,0.0
2002-12-13,0.010374851293667725,0.010374851293667725,2.850828588023055,2.850828588023055,0.0,0.0
2002-12-14,0.00907799488195926,0.00907799488195926,5.6795220039790255,5.6795220039790255,0.0,0.0
2002-12-15,0.00907799488195926,0.00907799488195926,9.607471544649997,9.607471544649997,0.0,0.0
2002-12-16,0.00907799488195926,0.00907799488195926,10.0,10.0,0.0,0.0
2002-12-17,0.00907799488195926,0.00907799488195926,9.236502232482202,9.236502232482202,0.0,0.0
2002-12-18,0.007781138470250793,0.007781138470250793,0.9410461223837848,0.9410461223837848,0.0,0.0
2002-12-19,0.00907799488195926,0.00907799488195926,2.829568433701619,2.829568433701619,0.0,0.0
2002-12-20,0.00907799488195926,0.00907799488195926,3.3639753563226718,3.3639753563226718,0.0,0.0
2002-12-21,0.00907799488195926,0.00907799488195926,0.9996315748929898,0.9996315748929898,0.0,0.0
2002-12-22,0.007781138470250793,0.007781138470250793,0.325036309728141,0.325036309728141,0.0,0.0
2002-12-23,0.006484282058542328,0.006484282058542328,0.2253904164155001,0.2253904164155001,0.0,0.0
2002-12-24,0.006484282058542328,0.006484282058542328,0.2077114189892031,0.2077114189892031,0.0,0.0
2002-12-25,0.006484282058542328,0.006484282058542328,0.2145498551801374,0.2145498551801374,0.0,0.0
2002-12-26,0.006484282058542328,0.006484282058542328,0.2305305142691235,0.2305305142691235,0.0,0.0
2002-12-27,0.007781138470250793,0.007781138470250793,0.5561801151452809,0.5561801151452809,0.0,0.0
2002-12-28,0.007781138470250793,0.007781138470250793,3.9882314573400572,3.9882314573400572,0.0,0.0
2002-12-29,0.007781138470250793,0.007781138470250793,2.826928798640237,2.826928798640237,0.0,0.0
2002-12-30,0.007781138470250793,0.007781138470250793,2.1134604541466837,2.1134604541466837,0.0,0.0
2002-12-31,0.007781138470250793,0.007781138470250793,1.257142865469511,1.257142865469511,0.0,0.0
2003-01-01,0.007781138470250793,0.007781138470250793,0.3258827060917408,0.3258827060917408,0.0,0.0
2003-01-02,0.007781138470250793,0.007781138470250793,0.3609684139720319,0.3609684139720319,0.0,0.0
2003-01-03,0.007781138470250793,0.007781138470250793,0.4410932297159424,0.4410932297159424,0.0,0.0
2003-01-04,0.007781138470250793,0.007781138470250793,0.6810564080968545,0.6810564080968545,0.0,0.0
2003-01-05,0.007781138470250793,0.007781138470250793,0.7077571188270676,0.7077571188270676,0.0,0.0
2003-01-06,0.007781138470250793,0.007781138470250793,0.6325992656484891,0.6325992656484891,0.0,0.0
2003-01-07,0.007781138470250793,0.007781138470250793,0.515751777903502,0.515751777903502,0.0,0.0
2003-01-08,0.007781138470250793,0.007781138470250793,0.6335677749957257,0.6335677749957257,0.0,0.0
2003-01-09,0.007781138470250793,0.007781138470250793,2.1013870008684155,2.1013870008684155,0.0,0.0
2003-01-10,0.007781138470250793,0.007781138470250793,2.494759374340252,2.494759374340252,0.0,0.0
2003-01-11,0.007781138470250793,0.007781138470250793,1.0592461770790313,1.0592461770790313,0.0,0.0
2003-01-12,0.007781138470250793,0.007781138470250793,0.9633361828443843,0.9633361828443843,0.0,0.0
2003-01-13,0.007781138470250793,0.007781138470250793,0.9606396655556613,0.9606396655556613,0.0,0.0
2003-01-14,0.007781138470250793,0.007781138470250793,0.9730823056153757,0.9730823056153757,0.0,0.0
2003-01-15,0.007781138470250793,0.007781138470250793,0.9954046448885806,0.9954046448885806,0.0,0.0
2003-01-16,0.007781138470250793,0.007781138470250793,1.0500566822947015,1.0500566822947015,0.0,0.0
2003-01-17,0.007781138470250793,0.007781138470250793,1.0654256509210407,1.0654256509210407,0.0,0.0
2003-01-18,0.007781138470250793,0.007781138470250793,1.0381971299783928,1.0381971299783928,0.0,0.0
2003-01-19,0.007781138470250793,0.007781138470250793,1.058267676219025,1.058267676219025,0.0,0.0
2003-01-20,0.007781138470250793,0.007781138470250793,1.0357922575517395,1.0357922575517395,0.0,0.0
2003-01-21,0.007781138470250793,0.007781138470250793,1.06549276919611,1.06549276919611,0.0,0.0
2003-01-22,0.007781138470250793,0.007781138470250793,1.0826836723673432,1.0826836723673432,0.0,0.0
2003-01-23,0.007781138470250793,0.007781138470250793,1.1493728894528115,1.1493728894528115,0.0,0.0
2003-01-24,0.007781138470250793,0.007781138470250793,1.135500748839088,1.135500748839088,0.0,0.0
2003-01-25,0.007781138470250793,0.007781138470250793,1.01435219613383,1.01435219613383,0.0,0.0
2003-01-26,0.007781138470250793,0.007781138470250793,1.0432816183598355,1.0432816183598355,0.0,0.0
2003-01-27,0.007781138470250793,0.007781138470250793,1.1912213296959446,1.1912213296959446,0.0,0.0
2003-01-28,0.007781138470250793,0.007781138470250793,1.084138647747606,1.084138647747606,0.0,0.0
2003-01-29,0.007781138470250793,0.007781138470250793,0.9761995734407622,0.9761995734407622,0.0,0.0
2003-01-30,0.007781138470250793,0.007781138470250793,1.0079690950564844,1.0079690950564844,0.0,0.0
2003-01-31,0.007781138470250793,0.007781138470250793,1.22203255228576,1.22203255228576,0.0,0.0
2003-02-01,0.007781138470250793,0.007781138470250793,0.9510546915081503,0.9510546915081503,0.0,0.0
2003-02-02,0.010374851293667725,0.010374851293667725,0.7064990175217275,0.7064990175217275,0.0,0.0
2003-02-03,0.010374851293667725,0.010374851293667725,0.6660342359669797,0.6660342359669797,0.0,0.0
2003-02-04,0.010374851293667725,0.010374851293667725,0.665690059327354,0.665690059327354,0.0,0.0
2003-02-05,0.010374851293667725,0.010374851293667725,0.6565248903606571,0.6565248903606571,0.0,0.0
2003-02-06,0.010374851293667725,0.010374851293667725,0.6255789829081765,0.6255789829081765,0.0,0.0
2003-02-07,0.010374851293667725,0.010374851293667725,0.6154586242540134,0.6154586242540134,0.0,0.0
2003-02-08,0.007781138470250793,0.007781138470250793,0.6095992421238662,0.6095992421238662,0.0,0.0
2003-02-09,0.007781138470250793,0.007781138470250793,0.5972982285113593,0.5972982285113593,0.0,0.0
2003-02-10,0.007781138470250793,0.007781138470250793,0.5814498968181888,0.5814498968181888,0.0,0.0
2003-02-11,0.010374851293667725,0.010374851293667725,0.5818968430668261,0.5818968430668261,0.0,0.0
2003-02-12,0.010374851293667725,0.010374851293667725,2.1194398249361552,2.1194398249361552,0.0,0.0
2003-02-13,0.007781138470250793,0.007781138470250793,2.7122828620722736,2.7122828620722736,0.0,0.0
2003-02-14,0.007781138470250793,0.007781138470250793,0.9558352042602528,0.9558352042602528,0.0,0.0
2003-02-15,0.007781138470250793,0.007781138470250793,1.8485820246589248,1.8485820246589248,0.0,0.0
2003-02-16,0.007781138470250793,0.007781138470250793,1.2937447992548665,1.2937447992548665,0.0,0.0
2003-02-17,0.0,0.0,1.0398394352896547,1.0398394352896547,0.0,0.0
2003-02-18,0.0,0.0,1.1047937566842103,1.1047937566842103,0.0,0.0
2003-02-19,0.0,0.0,1.219448312086823,1.219448312086823,0.0,0.0
2003-02-20,0.0,0.0,1.1551225216239025,1.1551225216239025,0.0,0.0
2003-02-21,0.0,0.0,1.110298774421813,1.110298774421813,0.0,0.0
2003-02-22,0.0,0.0,1.1065394554208767,1.1065394554208767,0.0,0.0
2003-02-23,0.0,0.0,1.0876630282370197,1.0876630282370197,0.0,0.0
2003-02-24,0.0,0.0,1.404151442324152,1.404151442324152,0.0,0.0
2003-02-25,0.0,0.0,1.393888434765756,1.393888434765756,0.0,0.0
2003-02-26,0.0,0.0,1.2070666347509118,1.2070666347509118,0.0,0.0
2003-02-27,0.0,0.0,1.137659216206045,1.137659216206045,0.0,0.0
2003-02-28,0.0,0.0,1.0551365458050712,1.0551365458050712,0.0,0.0
2003-03-01,0.0,0.0,0.930809863117391,0.930809863117391,0.0,0.0
2003-03-02,0.0,0.0,0.9117102109109282,0.9117102109109282,0.0,0.0
2003-03-03,0.0,0.0,1.0012023344930838,1.0012023344930838,0.0,0.0
2003-03-04,0.0,0.0,0.9487792277883892,0.9487792277883892,0.0,0.0
2003-03-05,0.0,0.0,0.8736718018840437,0.8736718018840437,0.0,0.0
2003-03-06,0.0,0.0,0.849712433407644,0.849712433407644,0.0,0.0
2003-03-07,0.0,0.0,0.8557519018447037,0.8557519018447037,0.0,0.0
2003-03-08,0.0,0.0,0.9078188387752196,0.9078188387752196,0.0,0.0
2003-03-09,0.0,0.0,1.0720489016259185,1.0720489016259185,0.0,0.0
2003-03-10,0.0,0.0,1.2429674396078907,1.2429674396078907,0.0,0.0
2003-03-11,0.0,0.0,1.4224925033036986,1.4224925033036986,0.0,0.0
2003-03-12,0.0,0.0,1.7186751289875812,1.7186751289875812,0.0,0.0
2003-03-13,0.0,0.0,1.3191663584196265,1.3191663584196265,0.0,0.0
2003-03-14,0.0,0.0,9.285823219191467,9.285823219191467,0.0,0.0
2003-03-15,0.0,0.0,9.067297905584308,9.067297905584308,0.0,0.0
2003-03-16,0.0,0.0,2.7384224598763938,2.7384224598763938,0.0,0.0
2003-03-17,0.0,0.0,2.612572099983054,2.612572099983054,0.0,0.0
2003-03-18,0.0,0.0,2.649043546771108,2.649043546771108,0.0,0.0
2003-03-19,0.0,0.0,2.651177383959641,2.651177383959641,0.0,0.0
2003-03-20,0.0,0.0,2.582491100421656,2.582491100421656,0.0,0.0
2003-03-21,0.0,0.0,2.462509124016472,2.462509124016472,0.0,0.0
2003-03-22,0.0,0.0,2.4608002336390604,2.4608002336390604,0.0,0.0
2003-03-23,0.0,0.0,2.5472191268695443,2.5472191268695443,0.0,0.0
2003-03-24,0.0,0.0,2.2028143187441063,2.2028143187441063,0.0,0.0
2003-03-25,0.0,0.0,2.1435372954698937,2.1435372954698937,0.0,0.0
2003-03-26,0.0,0.0,2.427289433075144,2.427289433075144,0.0,0.0
2003-03-27,0.0,0.0,1.9046523984431252,1.9046523984431252,0.0,0.0
2003-03-28,0.0,0.0,1.9631741834943264,1.9631741834943264,0.0,0.0
2003-03-29,0.0,0.0,1.986340591199537,1.986340591199537,0.0,0.0
2003-03-30,0.0,0.0,2.298681409463617,2.298681409463617,0.0,0.0
2003-03-31,0.0,0.0,3.2304064042738894,3.2304064042738894,0.0,0.0
2003-04-01,0.0,0.0,4.847799747644615,4.847799747644615,0.0,0.0
2003-04-02,0.0,0.0,4.422383060739228,4.422383060739228,0.0,0.0
2003-04-03,0.0,0.0,3.5888921886218537,3.5888921886218537,0.0,0.0
2003-04-04,0.0,0.0,3.3558514523856973,3.3558514523856973,0.0,0.0
2003-04-05,0.0,0.0,2.896514150499661,2.896514150499661,0.0,0.0
2003-04-06,0.0,0.0,2.903547240442126,2.903547240442126,0.0,0.0
2003-04-07,0.0,0.0,3.05694914421471,3.05694914421471,0.0,0.0
2003-04-08,0.0,0.0,3.0222686278590243,3.0222686278590243,0.0,0.0
2003-04-09,0.0,0.0,3.2576161773345063,3.2576161773345063,0.0,0.0
2003-04-10,0.0,0.0,3.714464165229729,3.714464165229729,0.0,0.0
2003-04-11,0.0,0.0,3.5589455708966704,3.5589455708966704,0.0,0.0
2003-04-12,0.09207680523130105,0.09207680523130105,10.0,10.0,0.0,0.0
2003-04-13,0.07651452829079947,0.07651452829079947,10.0,10.0,0.0,0.0
2003-04-14,0.07651452829079947,0.07651452829079947,9.999999999999998,9.999999999999998,0.0,0.0
2003-04-15,0.06484282058542327,0.06484282058542327,10.000000000000002,10.000000000000002,0.0,0.0
2003-04-16,0.06484282058542327,0.06484282058542327,9.999999999999998,9.999999999999998,0.0,0.0
2003-04-17,0.06484282058542327,0.06484282058542327,10.0,10.0,0.0,0.0
2003-04-18,0.06484282058542327,0.06484282058542327,10.000000000000002,10.000000000000002,0.0,0.0
2003-04-19,0.0829988103493418,0.0829988103493418,10.0,10.0,0.0,0.0
2003-04-20,0.0829988103493418,0.0829988103493418,8.86678702795152,8.86678702795152,0.0,0.0
2003-04-21,0.08429566676105026,0.08429566676105026,7.325626685715884,7.325626685715884,0.0,0.0
2003-04-22,0.0907799488195926,0.0907799488195926,6.254021483190016,6.254021483190016,0.0,0.0
2003-04-23,0.09207680523130105,0.09207680523130105,5.790718953234981,5.790718953234981,0.0,0.0
2003-04-24,0.10374851293667725,0.10374851293667725,6.600958749579333,6.600958749579333,0.0,0.0
2003-04-25,0.10374851293667725,0.10374851293667725,5.955432996664004,5.955432996664004,0.0,0.0
2003-04-26,0.10115480011326032,0.10115480011326032,5.221847065090155,5.221847065090155,0.0,0.0
2003-04-27,0.10374851293667725,0.10374851293667725,6.527669785239863,6.527669785239863,0.0,0.0
2003-04-28,0.10245165652496876,0.10245165652496876,5.529905841171795,5.529905841171795,0.0,0.0
2003-04-29,0.0972642308781349,0.0972642308781349,4.946809848774986,4.946809848774986,0.0,0.0
2003-04-30,0.07651452829079947,0.07651452829079947,4.8188584929831855,4.8188584929831855,0.0,0.0
2003-05-01,0.07781138470250792,0.07781138470250792,4.744753337051262,4.744753337051262,0.0,0.0
2003-05-02,0.06484282058542327,0.06484282058542327,6.246050330500415,6.246050330500415,0.0,0.0
2003-05-03,0.06484282058542327,0.06484282058542327,8.99484000718773,8.99484000718773,0.0,0.0
2003-05-04,0.06354596417371482,0.06354596417371482,6.865965203109054,6.865965203109054,0.0,0.0
2003-05-05,0.06354596417371482,0.06354596417371482,5.777422120793219,5.777422120793219,0.0,0.0
2003-05-06,0.06354596417371482,0.06354596417371482,6.012972353320229,6.012972353320229,0.0,0.0
2003-05-07,0.06484282058542327,0.06484282058542327,6.332493834812907,6.332493834812907,0.0,0.0
2003-05-08,0.07003024623225713,0.07003024623225713,6.001042588413221,6.001042588413221,0.0,0.0
2003-05-09,0.06873338982054866,0.06873338982054866,5.447669418318185,5.447669418318185,0.0,0.0
2003-05-10,0.07003024623225713,0.07003024623225713,5.2279659593901915,5.2279659593901915,0.0,0.0
2003-05-11,0.07132710264396559,0.07132710264396559,4.976114630885355,4.976114630885355,0.0,0.0
2003-05-12,0.0907799488195926,0.0907799488195926,5.4837772241755856,5.4837772241755856,0.0,0.0
2003-05-13,0.10374851293667725,0.10374851293667725,5.582781042712398,5.582781042712398,0.0,0.0
2003-05-14,0.1089359385835111,0.1089359385835111,6.384617803670575,6.384617803670575,0.0,0.0
2003-05-15,0.11152965140692804,0.11152965140692804,5.958321219380898,5.958321219380898,0.0,0.0
2003-05-16,0.12320135911230422,0.12320135911230422,6.885974497072244,6.885974497072244,0.0,0.0
2003-05-17,0.12320135911230422,0.12320135911230422,7.668463481077885,7.668463481077885,0.0,0.0
2003-05-18,0.11282650781863648,0.11282650781863648,8.030511931063518,8.030511931063518,0.0,0.0
2003-05-19,0.11282650781863648,0.11282650781863648,9.13575059689997,9.13575059689997,0.0,0.0
2003-05-20,0.11152965140692804,0.11152965140692804,10.0,10.0,0.0,0.0
2003-05-21,0.11282650781863648,0.11282650781863648,10.0,10.0,0.0,0.0
2003-05-22,0.14006049246451427,0.14006049246451427,10.0,10.0,0.0,0.0
2003-05-23,0.14006049246451427,0.14006049246451427,10.0,10.0,0.0,0.0
2003-05-24,0.14135734887622275,0.14135734887622275,10.0,10.0,0.0,0.0
2003-05-25,0.14135734887622275,0.14135734887622275,10.0,10.0,0.0,0.0
2003-05-26,0.14913848734647353,0.14913848734647353,10.0,10.0,0.0,0.0
2003-05-27,0.14654477452305661,0.14654477452305661,10.0,10.0,0.0,0.0
2003-05-28,0.14913848734647353,0.14913848734647353,10.0,10.0,0.0,0.0
2003-05-29,0.15173220016989047,0.15173220016989047,10.0,10.0,0.0,0.0
2003-05-30,0.14913848734647353,0.14913848734647353,10.0,10.0,0.0,0.0
2003-05-31,0.15173220016989047,0.15173220016989047,10.0,10.0,0.0,0.0
2003-06-01,0.15173220016989047,0.15173220016989047,10.0,10.0,0.0,0.0
2003-06-02,0.13357621040597195,0.13357621040597195,10.0,10.0,0.0,0.0
2003-06-03,0.14913848734647353,0.14913848734647353,10.0,10.0,0.0,0.0
2003-06-04,0.14524791811134816,0.14524791811134816,10.0,10.0,0.0,0.0
2003-06-05,0.14524791811134816,0.14524791811134816,10.0,10.0,0.0,0.0
2003-06-06,0.1582164822284328,0.1582164822284328,10.0,10.0,0.0,0.0
2003-06-07,0.15173220016989047,0.15173220016989047,10.0,10.0,0.0,0.0
2003-06-08,0.15173220016989047,0.15173220016989047,10.0,10.0,0.0,0.0
2003-06-09,0.15173220016989047,0.15173220016989047,10.0,10.0,0.0,0.0
2003-06-10,0.15173220016989047,0.15173220016989047,10.0,10.0,0.0,0.0
2003-06-11,0.15173220016989047,0.15173220016989047,10.0,10.0,0.0,0.0
2003-06-12,0.14913848734647353,0.14913848734647353,10.0,10.0,0.0,0.0
2003-06-13,0.1659976206986836,0.1659976206986836,10.0,10.0,0.0,0.0
2003-06-14,0.1647007642869751,0.1647007642869751,10.0,10.0,0.0,0.0
2003-06-15,0.16340390787526665,0.16340390787526665,10.0,10.0,0.0,0.0
2003-06-16,0.15562276940501585,0.15562276940501585,10.0,10.0,0.0,0.0
2003-06-17,0.15562276940501585,0.15562276940501585,10.0,10.0,0.0,0.0
2003-06-18,0.15691962581672436,0.15691962581672436,10.0,10.0,0.0,0.0
2003-06-19,0.15562276940501585,0.15562276940501585,10.0,10.0,0.0,0.0
2003-06-20,0.15562276940501585,0.15562276940501585,10.0,10.0,0.0,0.0
2003-06-21,0.1543259129933074,0.1543259129933074,10.0,10.0,0.0,0.0
2003-06-22,0.16340390787526665,0.16340390787526665,10.0,10.0,0.0,0.0
2003-06-23,0.1647007642869751,0.1647007642869751,10.0,10.0,0.0,0.0
2003-06-24,0.16210705146355817,0.16210705146355817,10.0,10.0,0.0,0.0
2003-06-25,0.16210705146355817,0.16210705146355817,10.0,10.0,0.0,0.0
2003-06-26,0.17118504634551746,0.17118504634551746,10.0,10.0,0.0,0.0
2003-06-27,0.17118504634551746,0.17118504634551746,10.0,10.0,0.0,0.0
2003-06-28,0.15951333864014125,0.15951333864014125,10.0,10.0,0.0,0.0
2003-06-29,0.15302905658159893,0.15302905658159893,10.0,10.0,0.0,0.0
2003-06-30,0.16340390787526665,0.16340390787526665,10.0,10.0,0.0,0.0
2003-07-01,0.16340390787526665,0.16340390787526665,10.0,10.0,0.0,0.0
2003-07-02,0.16340390787526665,0.16340390787526665,10.0,10.0,0.0,0.0
2003-07-03,0.16340390787526665,0.16340390787526665,10.0,10.0,0.0,0.0
2003-07-04,0.16340390787526665,0.16340390787526665,10.0,10.0,0.0,0.0
2003-07-05,0.16340390787526665,0.16340390787526665,10.0,10.0,0.0,0.0
2003-07-06,0.16340390787526665,0.16340390787526665,10.0,10.0,0.0,0.0
2003-07-07,0.15951333864014125,0.15951333864014125,10.0,10.0,0.0,0.0
2003-07-08,0.15691962581672436,0.15691962581672436,10.0,10.0,0.0,0.0
2003-07-09,0.16729447711039205,0.16729447711039205,10.0,10.0,0.0,0.0
2003-07-10,0.17248190275722594,0.17248190275722594,10.0,10.0,0.0,0.0
2003-07-11,0.1685913335221005,0.1685913335221005,10.0,10.0,0.0,0.0
2003-07-12,0.16340390787526665,0.16340390787526665,10.0,10.0,0.0,0.0
2003-07-13,0.16340390787526665,0.16340390787526665,2.3427093931991627,2.3427093931991627,0.0,0.0
2003-07-14,0.1543259129933074,0.1543259129933074,0.6811858356619711,0.6811858356619711,0.0,0.0
2003-07-15,0.15951333864014125,0.15951333864014125,0.6917032502248799,0.6917032502248799,0.0,0.0
2003-07-16,0.16340390787526665,0.16340390787526665,0.6442961899559361,0.6442961899559361,0.0,0.0
2003-07-17,0.16081019505184974,0.16081019505184974,0.49510865003452803,0.49510865003452803,0.0,0.0
2003-07-18,0.16340390787526665,0.16340390787526665,0.6021243139257275,0.6021243139257275,0.0,0.0
2003-07-19,0.1647007642869751,0.1647007642869751,0.5039513298581508,0.5039513298581508,0.0,0.0
2003-07-20,0.16081019505184974,0.16081019505184974,0.4661166537401517,0.4661166537401517,0.0,0.0
2003-07-21,0.169888189933809,0.169888189933809,0.38114058136104906,0.38114058136104906,0.0,0.0
2003-07-22,0.16729447711039205,0.16729447711039205,0.35440435779590274,0.35440435779590274,0.0,0.0
2003-07-23,0.16729447711039205,0.16729447711039205,0.3219666797362105,0.3219666797362105,0.0,0.0
2003-07-24,0.16729447711039205,0.16729447711039205,0.31414493838550395,0.31414493838550395,0.0,0.0
2003-07-25,0.1659976206986836,0.1659976206986836,0.2916100786843969,0.2916100786843969,0.0,0.0
2003-07-26,0.16729447711039205,0.16729447711039205,0.25675832249229713,0.25675832249229713,0.0,0.0
2003-07-27,0.16729447711039205,0.16729447711039205,0.28263904012061325,0.28263904012061325,0.0,0.0
2003-07-28,0.16340390787526665,0.16340390787526665,0.26196694644138385,0.26196694644138385,0.0,0.0
2003-07-29,0.1659976206986836,0.1659976206986836,0.241841562797289,0.241841562797289,0.0,0.0
2003-07-30,0.1647007642869751,0.1647007642869751,0.3170052645636076,0.3170052645636076,0.0,0.0
2003-07-31,0.1647007642869751,0.1647007642869751,0.7985536607786341,0.7985536607786341,0.0,0.0
2003-08-01,0.16729447711039205,0.16729447711039205,0.573970763508832,0.573970763508832,0.0,0.0
2003-08-02,0.15302905658159893,0.15302905658159893,0.19720381699615597,0.19720381699615597,0.0,0.0
2003-08-03,0.1543259129933074,0.1543259129933074,0.10974755743895859,0.10974755743895859,0.0,0.0
2003-08-04,0.15562276940501585,0.15562276940501585,0.06437100136636764,0.06437100136636764,0.0,0.0
2003-08-05,0.15302905658159893,0.15302905658159893,0.06149531893360358,0.06149531893360358,0.0,0.0
2003-08-06,0.1543259129933074,0.1543259129933074,0.05324209282928921,0.05324209282928921,0.0,0.0
2003-08-07,0.16081019505184974,0.16081019505184974,0.03811156159045087,0.03811156159045087,0.0,0.0
2003-08-08,0.1543259129933074,0.1543259129933074,0.026271349608556316,0.026271349608556316,0.0,0.0
2003-08-09,0.14654477452305661,0.14654477452305661,0.018556472860960183,0.018556472860960183,0.0,0.0
2003-08-10,0.14654477452305661,0.14654477452305661,0.003797900152970074,0.003797900152970074,0.0,0.0
2003-08-11,0.1366397035310986,0.1366397035310986,0.0,0.0,0.0,0.0
2003-08-12,0.1244085525127024,0.1244085525127024,0.0,0.0,0.0,0.0
2003-08-13,0.1138750637890893,0.1138750637890893,0.0,0.0,0.0,0.0
2003-08-14,0.1052547196818488,0.1052547196818488,0.0,0.0,0.0,0.0
2003-08-15,0.0978305379995662,0.0978305379995662,0.0,0.0,0.0,0.0
2003-08-16,0.0929248621124816,0.0929248621124816,0.0,0.0,0.0,0.0
2003-08-17,0.0868752726056003,0.0868752726056003,0.0,0.0,0.0,0.0
2003-08-18,0.0832393159537362,0.0832393159537362,0.0,0.0,0.0,0.0
2003-08-19,0.0786151168497337,0.0786151168497337,0.0,0.0,0.0,0.0
2003-08-20,0.0908181700818708,0.0908181700818708,0.0,0.0,0.0,0.0
2003-08-21,0.0767346449330422,0.0767346449330422,0.0,0.0,0.0,0.0
2003-08-22,0.084662848360944,0.084662848360944,0.0,0.0,0.0,0.0
2003-08-23,0.0698886459628926,0.0698886459628926,0.0,0.0,0.0,0.0
2003-08-24,0.0684219406503211,0.0684219406503211,0.0,0.0,0.0,0.0
2003-08-25,0.0675615238117037,0.0675615238117037,0.0,0.0,0.0,0.0
2003-08-26,0.0758878764648642,0.0758878764648642,0.0,0.0,0.0,0.0
2003-08-27,0.0644648698494332,0.0644648698494332,0.0,0.0,0.0,0.0
2003-08-28,0.0634232137649389,0.0634232137649389,0.0,0.0,0.0,0.0
2003-08-29,0.0624167472291307,0.0624167472291307,0.0,0.0,0.0,0.0
2003-08-30,0.0615598770912138,0.0615598770912138,0.0,0.0,0.0,0.0
2003-08-31,0.060803318788716,0.060803318788716,0.0,0.0,0.0,0.0
2003-09-01,0.0869067989539902,0.0869067989539902,0.0,0.0,0.0,0.0
2003-09-02,0.1010698600433495,0.1010698600433495,0.0,0.0,0.0,0.0
2003-09-03,0.10374851293667725,0.10374851293667725,0.03070041547270505,0.03070041547270505,0.0,0.0
2003-09-04,0.10374851293667725,0.10374851293667725,0.006217932595028855,0.006217932595028855,0.0,0.0
2003-09-05,0.0828805863460118,0.0828805863460118,0.0,0.0,0.0,0.0
2003-09-06,0.0823969096152556,0.0823969096152556,0.0,0.0,0.0,0.0
2003-09-07,0.0819474749390195,0.0819474749390195,0.0,0.0,0.0,0.0
2003-09-08,0.0815482478960586,0.0815482478960586,0.0,0.0,0.0,0.0
2003-09-09,0.0812305627300235,0.0812305627300235,0.0,0.0,0.0,0.0
2003-09-10,0.080985886559807,0.080985886559807,0.0,0.0,0.0,0.0
2003-09-11,0.0807501152250221,0.0807501152250221,0.0,0.0,0.0,0.0
2003-09-12,0.0804510217889805,0.0804510217889805,0.0,0.0,0.0,0.0
2003-09-13,0.0800944840494599,0.0800944840494599,0.0,0.0,0.0,0.0
2003-09-14,0.0797350158823976,0.0797350158823976,0.0,0.0,0.0,0.0
2003-09-15,0.07392081546738254,0.07392081546738254,0.005461037540290065,0.005461037540290065,0.0,0.0
2003-09-16,0.07392081546738254,0.07392081546738254,0.005139413298735157,0.005139413298735157,0.0,0.0
2003-09-17,0.07392081546738254,0.07392081546738254,0.0048636108105572645,0.0048636108105572645,0.0,0.0
2003-09-18,0.07392081546738254,0.07392081546738254,0.0046353517144442635,0.0046353517144442635,0.0,0.0
2003-09-19,0.07392081546738254,0.07392081546738254,0.004411641030556357,0.004411641030556357,0.0,0.0
2003-09-20,0.07392081546738254,0.07392081546738254,0.0041540324159654585,0.0041540324159654585,0.0,0.0
2003-09-21,0.0778035470755078,0.0778035470755078,0.0,0.0,0.0,0.0
2003-09-22,0.0775155246042545,0.0775155246042545,0.0,0.0,0.0,0.0
2003-09-23,0.0772125054147695,0.0772125054147695,0.0,0.0,0.0,0.0
2003-09-24,0.0769147439873993,0.0769147439873993,0.0,0.0,0.0,0.0
2003-09-25,0.0766360209079294,0.0766360209079294,0.0,0.0,0.0,0.0
2003-09-26,0.0763780828366746,0.0763780828366746,0.0,0.0,0.0,0.0
2003-09-27,0.07392081546738254,0.07392081546738254,0.0022093475307651683,0.0022093475307651683,0.0,0.0
2003-09-28,0.06743653340884022,0.06743653340884022,0.008451360921036988,0.008451360921036988,0.0,0.0
2003-09-29,0.06873338982054866,0.06873338982054866,0.006916753745906931,0.006916753745906931,0.0,0.0
2003-09-30,0.07003024623225713,0.07003024623225713,0.005390161438585062,0.005390161438585062,0.0,0.0
2003-10-01,0.042796261586379364,0.042796261586379364,0.04276900958628564,0.04276900958628564,0.0,0.0
2003-10-02,0.042796261586379364,0.042796261586379364,0.04257441233323303,0.04257441233323303,0.0,0.0
2003-10-03,0.042796261586379364,0.042796261586379364,0.04243082418549243,0.04243082418549243,0.0,0.0
2003-10-04,0.042796261586379364,0.042796261586379364,0.04231533127179474,0.04231533127179474,0.0,0.0
2003-10-05,0.042796261586379364,0.042796261586379364,0.04219596477122364,0.04219596477122364,0.0,0.0
2003-10-06,0.042796261586379364,0.042796261586379364,0.04206770120978223,0.04206770120978223,0.0,0.0
2003-10-07,0.0414994051746709,0.0414994051746709,0.043229116173675496,0.043229116173675496,0.0,0.0
2003-10-08,0.05576482570346402,0.05576482570346402,0.028824924886186577,0.028824924886186577,0.0,0.0
2003-10-09,0.05706168211517248,0.05706168211517248,0.027391886722467222,0.027391886722467222,0.0,0.0
2003-10-10,0.04668683082150476,0.04668683082150476,0.03764512807134714,0.03764512807134714,0.0,0.0
2003-10-11,0.0453899744097963,0.0453899744097963,0.038858690639664496,0.038858690639664496,0.0,0.0
2003-10-12,0.0453899744097963,0.0453899744097963,0.038783515901666,0.038783515901666,0.0,0.0
2003-10-13,0.0453899744097963,0.0453899744097963,0.038688982511658095,0.038688982511658095,0.0,0.0
2003-10-14,0.0453899744097963,0.0453899744097963,0.0385972393739429,0.0385972393739429,0.0,0.0
2003-10-15,0.03631197952783704,0.03631197952783704,0.04758285565901726,0.04758285565901726,0.0,0.0
2003-10-16,0.042796261586379364,0.042796261586379364,0.04100991134405514,0.04100991134405514,0.0,0.0
2003-10-17,0.04409311799808782,0.04409311799808782,0.03962941549764738,0.03962941549764738,0.0,0.0
2003-10-18,0.042796261586379364,0.042796261586379364,0.04083393971937263,0.04083393971937263,0.0,0.0
2003-10-19,0.042796261586379364,0.042796261586379364,0.04073475578555713,0.04073475578555713,0.0,0.0
2003-10-20,0.042796261586379364,0.042796261586379364,0.04062979341622064,0.04062979341622064,0.0,0.0
2003-10-21,0.042796261586379364,0.042796261586379364,0.04051883810644223,0.04051883810644223,0.0,0.0
2003-10-22,0.042796261586379364,0.042796261586379364,0.04040404205223663,0.04040404205223663,0.0,0.0
2003-10-23,0.042796261586379364,0.042796261586379364,0.04029578808369323,0.04029578808369323,0.0,0.0
2003-10-24,0.04928054364492169,0.04928054364492169,0.03371477401128951,0.03371477401128951,0.0,0.0
2003-10-25,0.04928054364492169,0.04928054364492169,0.03362496046829402,0.03362496046829402,0.0,0.0
2003-10-26,0.03371826670442011,0.03371826670442011,0.04909947384578119,0.04909947384578119,0.0,0.0
2003-10-27,0.03242141029271164,0.03242141029271164,0.05030919672786647,0.05030919672786647,0.0,0.0
2003-10-28,0.03371826670442011,0.03371826670442011,0.048926446223382596,0.048926446223382596,0.0,0.0
2003-10-29,0.03371826670442011,0.03371826670442011,0.048842567865552085,0.048842567865552085,0.0,0.0
2003-10-30,0.03371826670442011,0.03371826670442011,0.061906137536616286,0.061906137536616286,0.0,0.0
2003-10-31,0.01296856411708465,0.01296856411708465,0.09613208313550856,0.09613208313550856,0.0,0.0
2003-11-01,0.012968564117084636,0.012968564117084636,0.26293060915852995,0.26293060915852995,0.0,0.0
2003-11-02,0.012968564117084636,0.012968564117084636,0.3411717683172564,0.3411717683172564,0.0,0.0
2003-11-03,0.012968564117084663,0.012968564117084663,0.13373591928829873,0.13373591928829873,0.0,0.0
2003-11-04,0.01296856411708465,0.01296856411708465,0.07758831132099045,0.07758831132099045,0.0,0.0
2003-11-05,0.01296856411708465,0.01296856411708465,0.07644547679421484,0.07644547679421484,0.0,0.0
2003-11-06,0.01037485129366772,0.01037485129366772,0.19193463618510218,0.19193463618510218,0.0,0.0
2003-11-07,0.009077994881959262,0.009077994881959262,0.10275774159717474,0.10275774159717474,0.0,0.0
2003-11-08,0.009077994881959262,0.009077994881959262,1.8087879151035735,1.8087879151035735,0.0,0.0
2003-11-09,0.009077994881959262,0.009077994881959262,1.9837761943279397,1.9837761943279397,0.0,0.0
2003-11-10,0.009077994881959262,0.009077994881959262,0.31599935642600097,0.31599935642600097,0.0,0.0
2003-11-11,0.009077994881959262,0.009077994881959262,0.08560691159948473,0.08560691159948473,0.0,0.0
2003-11-12,0.012968564117084663,0.012968564117084663,0.10178066928858284,0.10178066928858284,0.0,0.0
2003-11-13,0.018155989763918523,0.018155989763918523,0.10014333370535988,0.10014333370535988,0.0,0.0
2003-11-14,0.018155989763918523,0.018155989763918523,0.507433625540704,0.507433625540704,0.0,0.0
2003-11-15,0.018155989763918523,0.018155989763918523,0.4198890364684665,0.4198890364684665,0.0,0.0
2003-11-16,0.018155989763918523,0.018155989763918523,0.1295019794276475,0.1295019794276475,0.0,0.0
2003-11-17,0.018155989763918523,0.018155989763918523,0.07664078971755958,0.07664078971755958,0.0,0.0
2003-11-18,0.018155989763918523,0.018155989763918523,0.07629199161563457,0.07629199161563457,0.0,0.0
2003-11-19,0.018155989763918523,0.018155989763918523,0.10585696343770568,0.10585696343770568,0.0,0.0
2003-11-20,0.018155989763918523,0.018155989763918523,0.12244683271081658,0.12244683271081658,0.0,0.0
2003-11-21,0.018155989763918523,0.018155989763918523,0.11788362078057146,0.11788362078057146,0.0,0.0
2003-11-22,0.018155989763918523,0.018155989763918523,0.08574177455316158,0.08574177455316158,0.0,0.0
2003-11-23,0.018155989763918523,0.018155989763918523,0.06768540589910348,0.06768540589910348,0.0,0.0
2003-11-24,0.018155989763918523,0.018155989763918523,0.08320886651025727,0.08320886651025727,0.0,0.0
2003-11-25,0.018155989763918523,0.018155989763918523,0.07424569150322928,0.07424569150322928,0.0,0.0
2003-11-26,0.018155989763918523,0.018155989763918523,0.08048072340054707,0.08048072340054707,0.0,0.0
2003-11-27,0.018155989763918523,0.018155989763918523,0.08065986186484818,0.08065986186484818,0.0,0.0
2003-11-28,0.018155989763918523,0.018155989763918523,0.10438828344348328,0.10438828344348328,0.0,0.0
2003-11-29,0.018155989763918523,0.018155989763918523,0.09637831561381428,0.09637831561381428,0.0,0.0
2003-11-30,0.018155989763918523,0.018155989763918523,0.10592966675699558,0.10592966675699558,0.0,0.0
2003-12-01,0.018155989763918523,0.018155989763918523,0.15615145475628978,0.15615145475628978,0.0,0.0
2003-12-02,0.018155989763918523,0.018155989763918523,0.1339009688455159,0.1339009688455159,0.0,0.0
2003-12-03,0.018155989763918523,0.018155989763918523,0.11046983326899959,0.11046983326899959,0.0,0.0
2003-12-04,0.015562276940501607,0.015562276940501607,0.7873125261694833,0.7873125261694833,0.0,0.0
2003-12-05,0.015562276940501496,0.015562276940501496,1.521591948485495,1.521591948485495,0.0,0.0
2003-12-06,0.01815598976391808,0.01815598976391808,6.513032149334317,6.513032149334317,0.0,0.0
2003-12-07,0.018155989763918523,0.018155989763918523,3.1232832528468357,3.1232832528468357,0.0,0.0
2003-12-08,0.018155989763918523,0.018155989763918523,0.14032137356333288,0.14032137356333288,0.0,0.0
2003-12-09,0.018155989763918523,0.018155989763918523,3.770464804237914,3.770464804237914,0.0,0.0
2003-12-10,0.01815598976391808,0.01815598976391808,5.491323878734517,5.491323878734517,0.0,0.0
2003-12-11,0.014265420528793094,0.014265420528793094,1.719977830767803,1.719977830767803,0.0,0.0
2003-12-12,0.011671707705376289,0.011671707705376289,1.5593410700027062,1.5593410700027062,0.0,0.0
2003-12-13,0.010374851293667664,0.010374851293667664,1.9632269411075876,1.9632269411075876,0.0,0.0
2003-12-14,0.009077994881959262,0.009077994881959262,0.7741238575904344,0.7741238575904344,0.0,0.0
2003-12-15,0.009077994881959262,0.009077994881959262,0.20899103802372865,0.20899103802372865,0.0,0.0
2003-12-16,0.009077994881959262,0.009077994881959262,0.13617388576552344,0.13617388576552344,0.0,0.0
2003-12-17,0.009077994881959262,0.009077994881959262,0.14217339808141363,0.14217339808141363,0.0,0.0
2003-12-18,0.0077811384702508035,0.0077811384702508035,0.16381957955500678,0.16381957955500678,0.0,0.0
2003-12-19,0.009077994881959262,0.009077994881959262,1.5396228815019308,1.5396228815019308,0.0,0.0
2003-12-20,0.009077994881959262,0.009077994881959262,1.6749265884934244,1.6749265884934244,0.0,0.0
2003-12-21,0.009077994881959262,0.009077994881959262,0.37024840886580546,0.37024840886580546,0.0,0.0
2003-12-22,0.0077811384702508035,0.0077811384702508035,0.2347854960553335,0.2347854960553335,0.0,0.0
2003-12-23,0.0064842820585422345,0.0064842820585422345,1.9885250005706365,1.9885250005706365,0.0,0.0
2003-12-24,0.0064842820585422345,0.0064842820585422345,5.753823093539223,5.753823093539223,0.0,0.0
2003-12-25,0.0064842820585422345,0.0064842820585422345,3.579299540346768,3.579299540346768,0.0,0.0
2003-12-26,0.0064842820585423455,0.0064842820585423455,0.5229071696180478,0.5229071696180478,0.0,0.0
2003-12-27,0.0077811384702508035,0.0077811384702508035,0.2068358429361925,0.2068358429361925,0.0,0.0
2003-12-28,0.0077811384702508035,0.0077811384702508035,0.1737944687820584,0.1737944687820584,0.0,0.0
2003-12-29,0.007781138470250859,0.007781138470250859,1.8404760904211694,1.8404760904211694,0.0,0.0
2003-12-30,0.007781138470250859,0.007781138470250859,5.9237179712968295,5.9237179712968295,0.0,0.0
2003-12-31,0.007781138470250859,0.007781138470250859,4.760931645241664,4.760931645241664,0.0,0.0
2004-01-01,0.007781138470250859,0.007781138470250859,3.8213378013298764,3.8213378013298764,0.0,0.0
2004-01-02,0.007781138470250859,0.007781138470250859,3.3050443372979803,3.3050443372979803,0.0,0.0
2004-01-03,0.007781138470250748,0.007781138470250748,0.6980815159946387,0.6980815159946387,0.0,0.0
2004-01-04,0.0077811384702508035,0.0077811384702508035,0.3257293914108323,0.3257293914108323,0.0,0.0
2004-01-05,0.0077811384702508035,0.0077811384702508035,0.418627605562555,0.418627605562555,0.0,0.0
2004-01-06,0.0077811384702508035,0.0077811384702508035,0.49276699729111045,0.49276699729111045,0.0,0.0
2004-01-07,0.007781138470250748,0.007781138470250748,0.5489910523879463,0.5489910523879463,0.0,0.0
2004-01-08,0.0077811384702508035,0.0077811384702508035,0.4906165360930398,0.4906165360930398,0.0,0.0
2004-01-09,0.007781138470250748,0.007781138470250748,0.6001327049968959,0.6001327049968959,0.0,0.0
2004-01-10,0.007781138470250748,0.007781138470250748,0.6127006409852092,0.6127006409852092,0.0,0.0
2004-01-11,0.007781138470250748,0.007781138470250748,0.589526037948464,0.589526037948464,0.0,0.0
2004-01-12,0.007781138470250748,0.007781138470250748,0.647501061011671,0.647501061011671,0.0,0.0
2004-01-13,0.007781138470250748,0.007781138470250748,0.6419690727041519,0.6419690727041519,0.0,0.0
2004-01-14,0.007781138470250748,0.007781138470250748,0.6458124596943973,0.6458124596943973,0.0,0.0
2004-01-15,0.007781138470250748,0.007781138470250748,0.6769039846507349,0.6769039846507349,0.0,0.0
2004-01-16,0.007781138470250748,0.007781138470250748,0.6070334026056309,0.6070334026056309,0.0,0.0
2004-01-17,0.007781138470250748,0.007781138470250748,0.5803009083954228,0.5803009083954228,0.0,0.0
2004-01-18,0.007781138470250748,0.007781138470250748,0.6110571114021939,0.6110571114021939,0.0,0.0
2004-01-19,0.007781138470250748,0.007781138470250748,0.6004974728252044,0.6004974728252044,0.0,0.0
2004-01-20,0.007781138470250748,0.007781138470250748,0.5875500112905278,0.5875500112905278,0.0,0.0
2004-01-21,0.007781138470250748,0.007781138470250748,0.5564626483687973,0.5564626483687973,0.0,0.0
2004-01-22,0.007781138470250748,0.007781138470250748,0.5769585078411651,0.5769585078411651,0.0,0.0
2004-01-23,0.007781138470250748,0.007781138470250748,0.6065837276620536,0.6065837276620536,0.0,0.0
2004-01-24,0.007781138470250748,0.007781138470250748,0.6345940490819931,0.6345940490819931,0.0,0.0
2004-01-25,0.007781138470250748,0.007781138470250748,0.5527816606623499,0.5527816606623499,0.0,0.0
2004-01-26,0.007781138470250748,0.007781138470250748,0.5931661431962951,0.5931661431962951,0.0,0.0
2004-01-27,0.007781138470250859,0.007781138470250859,1.3622496410097462,1.3622496410097462,0.0,0.0
2004-01-28,0.007781138470250748,0.007781138470250748,0.8947477507535172,0.8947477507535172,0.0,0.0
2004-01-29,0.007781138470250748,0.007781138470250748,0.5373942257919783,0.5373942257919783,0.0,0.0
2004-01-30,0.007781138470250748,0.007781138470250748,0.5421733067053145,0.5421733067053145,0.0,0.0
2004-01-31,0.007781138470250748,0.007781138470250748,0.5403612416608313,0.5403612416608313,0.0,0.0
2004-02-01,0.007781138470250748,0.007781138470250748,0.6267902070437801,0.6267902070437801,0.0,0.0
2004-02-02,0.010374851293667664,0.010374851293667664,1.8573183815205283,1.8573183815205283,0.0,0.0
2004-02-03,0.010374851293667664,0.010374851293667664,2.0439587198329114,2.0439587198329114,0.0,0.0
2004-02-04,0.010374851293667664,0.010374851293667664,1.0182724691930316,1.0182724691930316,0.0,0.0
2004-02-05,0.010374851293667775,0.010374851293667775,0.7500659581420185,0.7500659581420185,0.0,0.0
2004-02-06,0.010374851293667775,0.010374851293667775,0.8098168066623108,0.8098168066623108,0.0,0.0
2004-02-07,0.010374851293667775,0.010374851293667775,0.8523969761616296,0.8523969761616296,0.0,0.0
2004-02-08,0.007781138470250748,0.007781138470250748,0.8434675850938548,0.8434675850938548,0.0,0.0
2004-02-09,0.007781138470250748,0.007781138470250748,0.8630756615251347,0.8630756615251347,0.0,0.0
2004-02-10,0.007781138470250748,0.007781138470250748,0.8717740074798185,0.8717740074798185,0.0,0.0
2004-02-11,0.010374851293667775,0.010374851293667775,0.8662568058858684,0.8662568058858684,0.0,0.0
2004-02-12,0.010374851293667775,0.010374851293667775,0.8527025266086101,0.8527025266086101,0.0,0.0
2004-02-13,0.007781138470250748,0.007781138470250748,0.8488316844854098,0.8488316844854098,0.0,0.0
2004-02-14,0.007781138470250748,0.007781138470250748,0.8544735840749387,0.8544735840749387,0.0,0.0
2004-02-15,0.007781138470250748,0.007781138470250748,0.9123292420733379,0.9123292420733379,0.0,0.0
2004-02-16,0.007781138470250859,0.007781138470250859,2.225906803879562,2.225906803879562,0.0,0.0
2004-02-17,0.0,0.0,4.397510991547927,4.397510991547927,0.0,0.0
2004-02-18,0.0,0.0,3.3941227774880085,3.3941227774880085,0.0,0.0
2004-02-19,0.0,0.0,1.7920832226151366,1.7920832226151366,0.0,0.0
2004-02-20,0.0,0.0,1.8760584438838237,1.8760584438838237,0.0,0.0
2004-02-21,0.0,0.0,2.399925247820452,2.399925247820452,0.0,0.0
2004-02-22,0.0,0.0,2.580301457646472,2.580301457646472,0.0,0.0
2004-02-23,0.0,0.0,2.165005514611941,2.165005514611941,0.0,0.0
2004-02-24,0.0,0.0,2.3575155810600417,2.3575155810600417,0.0,0.0
2004-02-25,0.0,0.0,7.913653195126555,7.913653195126555,0.0,0.0
2004-02-26,0.0,0.0,10.0,10.0,0.0,0.0
2004-02-27,0.0,0.0,6.37589351016446,6.37589351016446,0.0,0.0
2004-02-28,0.0,0.0,5.201669284607737,5.201669284607737,0.0,0.0
2004-02-29,0.0,0.0,5.2122882432499456,5.2122882432499456,0.0,0.0
2004-03-01,0.0,0.0,5.439449863046564,5.439449863046564,0.0,0.0
2004-03-02,0.0,0.0,4.800565368308549,4.800565368308549,0.0,0.0
2004-03-03,0.0,0.0,4.315385353833574,4.315385353833574,0.0,0.0
2004-03-04,0.0,0.0,4.137774400738522,4.137774400738522,0.0,0.0
2004-03-05,0.0,0.0,3.968018948409495,3.968018948409495,0.0,0.0
2004-03-06,0.0,0.0,3.8206160696473046,3.8206160696473046,0.0,0.0
2004-03-07,0.0,0.0,3.893935530168205,3.893935530168205,0.0,0.0
2004-03-08,0.0,0.0,4.0625394807585575,4.0625394807585575,0.0,0.0
2004-03-09,0.0,0.0,4.2966608449269925,4.2966608449269925,0.0,0.0
2004-03-10,0.0,0.0,4.614991648806653,4.614991648806653,0.0,0.0
2004-03-11,0.0,0.0,4.83895145357952,4.83895145357952,0.0,0.0
2004-03-12,0.0,0.0,4.4410573021942525,4.4410573021942525,0.0,0.0
2004-03-13,0.0,0.0,4.562382273871366,4.562382273871366,0.0,0.0
2004-03-14,0.0,0.0,4.93819056995038,4.93819056995038,0.0,0.0
2004-03-15,0.0,0.0,5.330711431348991,5.330711431348991,0.0,0.0
2004-03-16,0.0,0.0,5.589386813800089,5.589386813800089,0.0,0.0
2004-03-17,0.0,0.0,6.185609580871523,6.185609580871523,0.0,0.0
2004-03-18,0.0,0.0,6.310203213810092,6.310203213810092,0.0,0.0
2004-03-19,0.0,0.0,7.504556615477218,7.504556615477218,0.0,0.0
2004-03-20,0.0,0.0,7.789810567432438,7.789810567432438,0.0,0.0
2004-03-21,0.0,0.0,8.258182708326242,8.258182708326242,0.0,0.0
2004-03-22,0.0,0.0,9.011232491852075,9.011232491852075,0.0,0.0
2004-03-23,0.0,0.0,6.020626758820767,6.020626758820767,0.0,0.0
2004-03-24,0.0,0.0,4.393307859203164,4.393307859203164,0.0,0.0
2004-03-25,0.0,0.0,6.4476100480592695,6.4476100480592695,0.0,0.0
2004-03-26,0.0,0.0,4.3972076954921695,4.3972076954921695,0.0,0.0
2004-03-27,0.0,0.0,3.501587579900605,3.501587579900605,0.0,0.0
2004-03-28,0.0,0.0,4.02628005253332,4.02628005253332,0.0,0.0
2004-03-29,0.0,0.0,4.861404270200586,4.861404270200586,0.0,0.0
2004-03-30,0.0,0.0,5.459824095989327,5.459824095989327,0.0,0.0
2004-03-31,0.0,0.0,5.078847343656929,5.078847343656929,0.0,0.0
2004-04-01,0.0,0.0,6.002147308732514,6.002147308732514,0.0,0.0
2004-04-02,0.0,0.0,5.210851111337702,5.210851111337702,0.0,0.0
2004-04-03,0.0,0.0,5.5705715541801695,5.5705715541801695,0.0,0.0
2004-04-04,0.0,0.0,5.867267874228788,5.867267874228788,0.0,0.0
2004-04-05,0.0,0.0,5.996750236039134,5.996750236039134,0.0,0.0
2004-04-06,0.0,0.0,5.687928458451611,5.687928458451611,0.0,0.0
2004-04-07,0.0,0.0,5.5853986865370295,5.5853986865370295,0.0,0.0
2004-04-08,0.0,0.0,5.654176826159225,5.654176826159225,0.0,0.0
2004-04-09,0.0,0.0,5.959972710741071,5.959972710741071,0.0,0.0
2004-04-10,0.0,0.0,6.785852451404993,6.785852451404993,0.0,0.0
2004-04-11,0.0,0.0,7.38580764431496,7.38580764431496,0.0,0.0
2004-04-12,0.0,0.0,7.714414169838069,7.714414169838069,0.0,0.0
2004-04-13,0.0,0.0,7.477473678590437,7.477473678590437,0.0,0.0
2004-04-14,0.0,0.0,5.925947953115364,5.925947953115364,0.0,0.0
2004-04-15,0.0,0.0,5.845887929213538,5.845887929213538,0.0,0.0
2004-04-16,0.0,0.0,5.270325187850362,5.270325187850362,0.0,0.0
2004-04-17,0.0,0.0,5.432421320157411,5.432421320157411,0.0,0.0
2004-04-18,0.0,0.0,4.987712162506476,4.987712162506476,0.0,0.0
2004-04-19,0.0,0.0,4.698430660757026,4.698430660757026,0.0,0.0
2004-04-20,0.0,0.0,4.455771972707509,4.455771972707509,0.0,0.0
2004-04-21,0.0,0.0,4.295993888676695,4.295993888676695,0.0,0.0
2004-04-22,0.0,0.0,4.449933525642865,4.449933525642865,0.0,0.0
2004-04-23,0.0,0.0,4.608132118724712,4.608132118724712,0.0,0.0
2004-04-24,0.0,0.0,5.288489575950251,5.288489575950251,0.0,0.0
2004-04-25,0.0,0.0,6.507134044795777,6.507134044795777,0.0,0.0
2004-04-26,0.0,0.0,8.169403395074047,8.169403395074047,0.0,0.0
2004-04-27,0.0,0.0,8.80075550921483,8.80075550921483,0.0,0.0
2004-04-28,0.0,0.0,9.9425355712284,9.9425355712284,0.0,0.0
2004-04-29,0.0,0.0,9.582778560744543,9.582778560744543,0.0,0.0
2004-04-30,0.0,0.0,9.28481956341297,9.28481956341297,0.0,0.0
2004-05-01,0.0,0.0,9.28251248303227,9.28251248303227,0.0,0.0
2004-05-02,0.10367070155197473,0.10367070155197473,10.0,10.0,0.0,0.0
2004-05-03,0.1274624587433643,0.1274624587433643,10.0,10.0,0.0,0.0
2004-05-04,0.12598033713368853,0.12598033713368853,10.0,10.0,0.0,0.0
2004-05-05,0.12523927634181917,0.12523927634181917,10.0,10.0,0.0,0.0
2004-05-06,0.12486874591994737,0.12486874591994737,10.0,10.0,0.0,0.0
2004-05-07,0.12709192834742963,0.12709192834742963,10.0,10.0,0.0,0.0
2004-05-08,0.12635086752962316,0.12635086752962316,9.123846478802411,9.123846478802411,0.0,0.0
2004-05-09,0.12635086752962316,0.12635086752962316,6.2602231742014025,6.2602231742014025,0.0,0.0
2004-05-10,0.1289445803530401,0.1289445803530401,5.916099427977453,5.916099427977453,0.0,0.0
2004-05-11,0.13116776278052233,0.13116776278052233,5.3421483646072385,5.3421483646072385,0.0,0.0
2004-05-12,0.13709624924516267,0.13709624924516267,5.11101814747985,5.11101814747985,0.0,0.0
2004-05-13,0.13968996206857962,0.13968996206857962,5.0613674741753565,5.0613674741753565,0.0,0.0
2004-05-14,0.14191314447012474,0.14191314447012474,4.925014665102223,4.925014665102223,0.0,0.0
2004-05-15,0.14524791811134816,0.14524791811134816,4.7828324590312254,4.7828324590312254,0.0,0.0
2004-05-16,0.14673003972102394,0.14673003972102394,4.802972063248531,4.802972063248531,0.0,0.0
2004-05-17,0.14561844850728278,0.14561844850728278,4.484660501593663,4.484660501593663,0.0,0.0
2004-05-18,0.14376579650167234,0.14376579650167234,4.083771185821107,4.083771185821107,0.0,0.0
2004-05-19,0.14710057011695862,0.14710057011695862,3.6321679928031974,3.6321679928031974,0.0,0.0
2004-05-20,0.14747110053883042,0.14747110053883042,3.3818785379057736,3.3818785379057736,0.0,0.0
2004-05-21,0.14821216133069975,0.14821216133069975,3.193563335217385,3.193563335217385,0.0,0.0
2004-05-22,0.15043534375818202,0.15043534375818202,3.0024049522248033,3.0024049522248033,0.0,0.0
2004-05-23,0.15043534375818202,0.15043534375818202,2.8722648358202925,2.8722648358202925,0.0,0.0
2004-05-24,0.14969428294037554,0.14969428294037554,2.717088517962736,2.717088517962736,0.0,0.0
2004-05-25,0.1537701173994054,0.1537701173994054,2.4991160379581907,2.4991160379581907,0.0,0.0
2004-05-26,0.1537701173994054,0.1537701173994054,2.3524412742831986,2.3524412742831986,0.0,0.0
2004-05-27,0.1537701173994054,0.1537701173994054,3.3672097543273236,3.3672097543273236,0.0,0.0
2004-05-28,0.15525223900908122,0.15525223900908122,3.15217877442722,3.15217877442722,0.0,0.0
2004-05-29,0.15636383022282235,0.15636383022282235,2.2688314392141433,2.2688314392141433,0.0,0.0
2004-05-30,0.16340390787526665,0.16340390787526665,2.1524235124191855,2.1524235124191855,0.0,0.0
2004-05-31,0.16451549908900778,0.16451549908900778,2.1795052330847784,2.1795052330847784,0.0,0.0
2004-06-01,0.16822080312616586,0.16822080312616586,1.6658362025102238,1.6658362025102238,0.0,0.0
2004-06-02,0.16673868151649007,0.16673868151649007,1.9012243816117222,1.9012243816117222,0.0,0.0
2004-06-03,0.1685913335221005,0.1685913335221005,2.0176236098430187,2.0176236098430187,0.0,0.0
2004-06-04,0.1489532221485062,0.1489532221485062,2.032636123554415,2.032636123554415,0.0,0.0
2004-06-05,0.16488602948494246,0.16488602948494246,2.3293406167874977,2.3293406167874977,0.0,0.0
2004-06-06,0.17414928956486905,0.17414928956486905,2.033896028106314,2.033896028106314,0.0,0.0
2004-06-07,0.17489035038267553,0.17489035038267553,1.8175848117272053,1.8175848117272053,0.0,0.0
2004-06-08,0.17414928956486905,0.17414928956486905,1.7254488809002064,1.7254488809002064,0.0,0.0
2004-06-09,0.17340822877299972,0.17340822877299972,1.4346466174706223,1.4346466174706223,0.0,0.0
2004-06-10,0.17377875916893437,0.17377875916893437,1.3438316635037768,1.3438316635037768,0.0,0.0
2004-06-11,0.17007345513177632,0.17007345513177632,1.2989534204216635,1.2989534204216635,0.0,0.0
2004-06-12,0.1763724719923513,0.1763724719923513,1.2886356987456722,1.2886356987456722,0.0,0.0
2004-06-13,0.17377875916893437,0.17377875916893437,1.213515654755847,1.213515654755847,0.0,0.0
2004-06-14,0.17414928956486905,0.17414928956486905,1.1961001134248026,1.1961001134248026,0.0,0.0
2004-06-15,0.17785459360202713,0.17785459360202713,1.158471037492988,1.158471037492988,0.0,0.0
2004-06-16,0.18081883682137867,0.18081883682137867,1.1476575093471402,1.1476575093471402,0.0,0.0
2004-06-17,0.17785459360202713,0.17785459360202713,1.25727538005166,1.25727538005166,0.0,0.0
2004-06-18,0.17489035038267553,0.17489035038267553,1.2712536456595516,1.2712536456595516,0.0,0.0
2004-06-19,0.17340822877299972,0.17340822877299972,1.0794358936005801,1.0794358936005801,0.0,0.0
2004-06-20,0.17711353281015776,0.17711353281015776,1.170491782247587,1.170491782247587,0.0,0.0
2004-06-21,0.18044830642544402,0.18044830642544402,1.0261391159946762,1.0261391159946762,0.0,0.0
2004-06-22,0.18007777602950936,0.18007777602950936,1.0308208322763441,1.0308208322763441,0.0,0.0
2004-06-23,0.17563141117454487,0.17563141117454487,0.9840970440689673,0.9840970440689673,0.0,0.0
2004-06-24,0.1811893672432505,0.1811893672432505,1.0365799140112464,1.0365799140112464,0.0,0.0
2004-06-25,0.18081883682137867,0.18081883682137867,0.7764571639060699,0.7764571639060699,0.0,0.0
2004-06-26,0.18044830642544402,0.18044830642544402,0.7023109238813496,0.7023109238813496,0.0,0.0
2004-06-27,0.1811893672432505,0.1811893672432505,0.6569136480045124,0.6569136480045124,0.0,0.0
2004-06-28,0.18526520167634325,0.18526520167634325,0.5731861368911659,0.5731861368911659,0.0,0.0
2004-06-29,0.1845241408585368,0.1845241408585368,0.46573374177417487,0.46573374177417487,0.0,0.0
2004-06-30,0.18600626246821259,0.18600626246821259,0.42003825619757384,0.42003825619757384,0.0,0.0
2004-07-01,0.1878589144997602,0.1878589144997602,0.22336556294017182,0.22336556294017182,0.0,0.0
2004-07-02,0.1834125496447956,0.1834125496447956,0.2144065625235013,0.2144065625235013,0.0,0.0
2004-07-03,0.1841536104626021,0.1841536104626021,0.1876379520149543,0.1876379520149543,0.0,0.0
2004-07-04,0.18044830642544402,0.18044830642544402,0.1731272709722052,0.1731272709722052,0.0,0.0
2004-07-05,0.18193042803511986,0.18193042803511986,0.15796368623024512,0.15796368623024512,0.0,0.0
2004-07-06,0.18674732328601903,0.18674732328601903,0.14457332101262046,0.14457332101262046,0.0,0.0
2004-07-07,0.18711785368195374,0.18711785368195374,0.14132678631152087,0.14132678631152087,0.0,0.0
2004-07-08,0.18600626246821259,0.18600626246821259,0.1305130361499389,0.1305130361499389,0.0,0.0
2004-07-09,0.1841536104626021,0.1841536104626021,0.11280812265281609,0.11280812265281609,0.0,0.0
2004-07-10,0.18526520167634325,0.18526520167634325,0.07036104271631993,0.07036104271631993,0.0,0.0
2004-07-11,0.18600626246821259,0.18600626246821259,0.06482656738557493,0.06482656738557493,0.0,0.0
2004-07-12,0.18526520167634325,0.18526520167634325,0.08602672850175547,0.08602672850175547,0.0,0.0
2004-07-13,0.18378308006666744,0.18378308006666744,0.13637462796927846,0.13637462796927846,0.0,0.0
2004-07-14,0.18193042803511986,0.18193042803511986,0.09297749077126485,0.09297749077126485,0.0,0.0
2004-07-15,0.17896618481576823,0.17896618481576823,0.09117426482201654,0.09117426482201654,0.0,0.0
2004-07-16,0.17748406320609247,0.17748406320609247,0.12427623647584471,0.12427623647584471,0.0,0.0
2004-07-17,0.17711353281015776,0.17711353281015776,0.12647141138831672,0.12647141138831672,0.0,0.0
2004-07-18,0.17822512399796178,0.17822512399796178,0.10765615305428103,0.10765615305428103,0.0,0.0
2004-07-19,0.1811893672432505,0.1811893672432505,0.0995740740943162,0.0995740740943162,0.0,0.0
2004-07-20,0.17859565441983352,0.17859565441983352,0.09585369185212386,0.09585369185212386,0.0,0.0
2004-07-21,0.1727323865509247,0.1727323865509247,0.0,0.0,0.0,0.0
2004-07-22,0.1631834637327118,0.1631834637327118,0.0,0.0,0.0,0.0
2004-07-23,0.1461851647039425,0.1461851647039425,0.0,0.0,0.0,0.0
2004-07-24,0.1449413838972072,0.1449413838972072,0.0,0.0,0.0,0.0
2004-07-25,0.1467996516244696,0.1467996516244696,0.0,0.0,0.0,0.0
2004-07-26,0.1313378389040539,0.1313378389040539,0.0,0.0,0.0,0.0
2004-07-27,0.1202319338783508,0.1202319338783508,0.0,0.0,0.0,0.0
2004-07-28,0.1132030536333985,0.1132030536333985,0.0,0.0,0.0,0.0
2004-07-29,0.1021541290151914,0.1021541290151914,0.0,0.0,0.0,0.0
2004-07-30,0.0944790851564867,0.0944790851564867,0.0,0.0,0.0,0.0
2004-07-31,0.0885824773139672,0.0885824773139672,0.0,0.0,0.0,0.0
2004-08-01,0.0908823691248757,0.0908823691248757,0.0,0.0,0.0,0.0
2004-08-02,0.0844257601014233,0.0844257601014233,0.0,0.0,0.0,0.0
2004-08-03,0.0802358039316093,0.0802358039316093,0.0,0.0,0.0,0.0
2004-08-04,0.0821620451218024,0.0821620451218024,0.0,0.0,0.0,0.0
2004-08-05,0.0742746488772566,0.0742746488772566,0.0,0.0,0.0,0.0
2004-08-06,0.0715864310282529,0.0715864310282529,0.0,0.0,0.0,0.0
2004-08-07,0.0691119684608388,0.0691119684608388,0.0,0.0,0.0,0.0
2004-08-08,0.0669002137421557,0.0669002137421557,0.0,0.0,0.0,0.0
2004-08-09,0.0646608219261985,0.0646608219261985,0.0,0.0,0.0,0.0
2004-08-10,0.0626548526793232,0.0626548526793232,0.0,0.0,0.0,0.0
2004-08-11,0.0608494146852305,0.0608494146852305,0.0,0.0,0.0,0.0
2004-08-12,0.0753924467025721,0.0753924467025721,0.0,0.0,0.0,0.0
2004-08-13,0.0576009610891955,0.0576009610891955,0.0,0.0,0.0,0.0
2004-08-14,0.058485464859448,0.058485464859448,0.0,0.0,0.0,0.0
2004-08-15,0.0571883261348777,0.0571883261348777,0.0,0.0,0.0,0.0
2004-08-16,0.0556378816814149,0.0556378816814149,0.0,0.0,0.0,0.0
2004-08-17,0.0547673750938355,0.0547673750938355,0.0,0.0,0.0,0.0
2004-08-18,0.0543075281004124,0.0543075281004124,0.0,0.0,0.0,0.0
2004-08-19,0.0556270727534015,0.0556270727534015,0.0,0.0,0.0,0.0
2004-08-20,0.0545769412633609,0.0545769412633609,0.0,0.0,0.0,0.0
2004-08-21,0.0683583254463545,0.0683583254463545,0.0,0.0,0.0,0.0
2004-08-22,0.0558269062465284,0.0558269062465284,0.0,0.0,0.0,0.0
2004-08-23,0.0571048919896537,0.0571048919896537,0.0,0.0,0.0,0.0
2004-08-24,0.0544291781265472,0.0544291781265472,0.0,0.0,0.0,0.0
2004-08-25,0.0532272246612809,0.0532272246612809,0.0,0.0,0.0,0.0
2004-08-26,0.0530968923814122,0.0530968923814122,0.0,0.0,0.0,0.0
2004-08-27,0.0529640724611505,0.0529640724611505,0.0,0.0,0.0,0.0
2004-08-28,0.052832684818211,0.052832684818211,0.0,0.0,0.0,0.0
2004-08-29,0.0526880148220547,0.0526880148220547,0.0,0.0,0.0,0.0
2004-08-30,0.052536081978867,0.052536081978867,0.0,0.0,0.0,0.0
2004-08-31,0.0523859585140609,0.0523859585140609,0.0,0.0,0.0,0.0
2004-09-01,0.0735282657521261,0.0735282657521261,0.0,0.0,0.0,0.0
2004-09-02,0.0733382541834177,0.0733382541834177,0.0,0.0,0.0,0.0
2004-09-03,0.09008694480065,0.09008694480065,0.0,0.0,0.0,0.0
2004-09-04,0.0731358818318835,0.0731358818318835,0.0,0.0,0.0,0.0
2004-09-05,0.0730487683300595,0.0730487683300595,0.0,0.0,0.0,0.0
2004-09-06,0.0729351271668013,0.0729351271668013,0.0,0.0,0.0,0.0
2004-09-07,0.10634222576009418,0.10634222576009418,0.01614112112334172,0.01614112112334172,0.0,0.0
2004-09-08,0.0735168115668976,0.0735168115668976,0.0,0.0,0.0,0.0
2004-09-09,0.0726002261659096,0.0726002261659096,0.0,0.0,0.0,0.0
2004-09-10,0.0724626468188237,0.0724626468188237,0.0,0.0,0.0,0.0
2004-09-11,0.0723339106295582,0.0723339106295582,0.0,0.0,0.0,0.0
2004-09-12,0.07221060054372,0.07221060054372,0.0,0.0,0.0,0.0
2004-09-13,0.0721000008169717,0.0721000008169717,0.0,0.0,0.0,0.0
2004-09-14,0.0720116017435391,0.0720116017435391,0.0,0.0,0.0,0.0
2004-09-15,0.0719320125594169,0.0719320125594169,0.0,0.0,0.0,0.0
2004-09-16,0.0718472320534649,0.0718472320534649,0.0,0.0,0.0,0.0
2004-09-17,0.0717614092973631,0.0717614092973631,0.0,0.0,0.0,0.0
2004-09-18,0.0718135972146678,0.0718135972146678,0.0,0.0,0.0,0.0
2004-09-19,0.0880579185218136,0.0880579185218136,0.0,0.0,0.0,0.0
2004-09-20,0.0997413030553045,0.0997413030553045,0.0,0.0,0.0,0.0
2004-09-21,0.0734876450543772,0.0734876450543772,0.0,0.0,0.0,0.0
2004-09-22,0.0715652898521,0.0715652898521,0.0,0.0,0.0,0.0
2004-09-23,0.0715305554557242,0.0715305554557242,0.0,0.0,0.0,0.0
2004-09-24,0.0714821698955324,0.0714821698955324,0.0,0.0,0.0,0.0
2004-09-25,0.0714184198158814,0.0714184198158814,0.0,0.0,0.0,0.0
2004-09-26,0.0713461298239632,0.0713461298239632,0.0,0.0,0.0,0.0
2004-09-27,0.0712744621052796,0.0712744621052796,0.0,0.0,0.0,0.0
2004-09-28,0.0712116788706194,0.0712116788706194,0.0,0.0,0.0,0.0
2004-09-29,0.0711635670284724,0.0711635670284724,0.0,0.0,0.0,0.0
2004-09-30,0.06928918541445069,0.06928918541445069,0.0018522404326636183,0.0018522404326636183,0.0,0.0
2004-10-01,0.07632926309283213,0.07632926309283213,0.004567892904502477,0.004567892904502477,0.0,0.0
2004-10-02,0.07632926309283213,0.07632926309283213,0.004765993121862169,0.004765993121862169,0.0,0.0
2004-10-03,0.068918655018516,0.068918655018516,0.011883288180754098,0.011883288180754098,0.0,0.0
2004-10-04,0.07114183744599828,0.07114183744599828,0.009614306143908319,0.009614306143908319,0.0,0.0
2004-10-05,0.06854812462258134,0.06854812462258134,0.012158960781916264,0.012158960781916264,0.0,0.0
2004-10-06,0.06410175976761681,0.06410175976761681,0.016558420158429094,0.016558420158429094,0.0,0.0
2004-10-07,0.0644722901894886,0.0644722901894886,0.016139661840454192,0.016139661840454192,0.0,0.0
2004-10-08,0.07077130705006361,0.07077130705006361,0.009794377324270992,0.009794377324270992,0.0,0.0
2004-10-09,0.06743653340884022,0.06743653340884022,0.013084763586907577,0.013084763586907577,0.0,0.0
2004-10-10,0.06669547259103374,0.06669547259103374,0.016809278004668554,0.016809278004668554,0.0,0.0
2004-10-11,0.06410175976761681,0.06410175976761681,0.01857392493856229,0.01857392493856229,0.0,0.0
2004-10-12,0.06150804694419988,0.06150804694419988,0.018921548700845017,0.018921548700845017,0.0,0.0
2004-10-13,0.047057361217439427,0.047057361217439427,0.03333994249742347,0.03333994249742347,0.0,0.0
2004-10-14,0.046316300425570084,0.046316300425570084,0.036358601903896115,0.036358601903896115,0.0,0.0
2004-10-15,0.044834178815894285,0.044834178815894285,0.042514272751634316,0.042514272751634316,0.0,0.0
2004-10-16,0.04557523960776355,0.04557523960776355,1.0452569272551826,1.0452569272551826,0.0,0.0
2004-10-17,0.04594577000369782,0.04594577000369782,9.130209463772838,9.130209463772838,0.0,0.0
2004-10-18,0.040017283564994344,0.04001728356499509,10.0,10.0,0.0,0.0
2004-10-19,0.04001728356499509,0.04001728356499509,10.0,10.0,0.0,0.0
2004-10-20,0.0444636483940225,0.0444636483940225,10.0,10.0,0.0,0.0
2004-10-21,0.04742789163931123,0.04742789163931123,7.077612362052184,7.077612362052184,0.0,0.0
2004-10-22,0.03964675316906043,0.03964675316906043,0.20041479053255667,0.20041479053255667,0.0,0.0
2004-10-23,0.04001728356499509,0.04001728356499509,0.8249677329124201,0.8249677329124201,0.0,0.0
2004-10-24,0.038164631533447506,0.038164631533447506,0.8805561869070361,0.8805561869070361,0.0,0.0
2004-10-25,0.03779410113751284,0.03779410113751284,1.3736959679426775,1.3736959679426775,0.0,0.0
2004-10-26,0.045204709211828974,0.045204709211828974,3.080043222194931,3.080043222194931,0.0,0.0
2004-10-27,0.04038781396092977,0.04038781396092977,1.4509894565702066,1.4509894565702066,0.0,0.0
2004-10-28,0.0370530403456435,0.0370530403456435,0.2752276506922996,0.2752276506922996,0.0,0.0
2004-10-29,0.03742357074157816,0.03742357074157816,0.16636963733376053,0.16636963733376053,0.0,0.0
2004-10-30,0.03557091871003057,0.03557091871003057,0.18092464850841794,0.18092464850841794,0.0,0.0
2004-10-31,0.0073488529988167345,0.0073488529988167345,0.19879850627930315,0.19879850627930315,0.0,0.0
2004-11-01,0.006484282058542328,0.006484282058542328,0.16738164914592019,0.16738164914592019,0.0,0.0
2004-11-02,0.006484282058542328,0.006484282058542328,0.15004961327074187,0.15004961327074187,0.0,0.0
2004-11-03,0.007040077662819179,0.007040077662819179,0.9823645304046608,0.9823645304046608,0.0,0.0
2004-11-04,0.009263260082520305,0.009263260082520305,0.5321340732147435,0.5321340732147435,0.0,0.0
2004-11-05,0.009263260082520305,0.009263260082520305,0.14801103462827508,0.14801103462827508,0.0,0.0
2004-11-06,0.008892729681398212,0.008892729681398212,0.1648894133345642,0.1648894133345642,0.0,0.0
2004-11-07,0.007781138470250793,0.007781138470250793,0.28739002827434107,0.28739002827434107,0.0,0.0
2004-11-08,0.007781138470250793,0.007781138470250793,0.2661495037785449,0.2661495037785449,0.0,0.0
2004-11-09,0.007781138470250793,0.007781138470250793,0.2227015888507368,0.2227015888507368,0.0,0.0
2004-11-10,0.007781138470250793,0.007781138470250793,0.2127714493342436,0.2127714493342436,0.0,0.0
2004-11-11,0.007781138470250793,0.007781138470250793,0.7681890227565069,0.7681890227565069,0.0,0.0
2004-11-12,0.007781138470250793,0.007781138470250793,0.3661077182625508,0.3661077182625508,0.0,0.0
2004-11-13,0.007781138470250793,0.007781138470250793,0.1715962467993896,0.1715962467993896,0.0,0.0
2004-11-14,0.0073488529988167345,0.0073488529988167345,0.15937667898010827,0.15937667898010827,0.0,0.0
2004-11-15,0.01469770600022718,0.01469770600022718,0.158932724532991,0.158932724532991,0.0,0.0
2004-11-16,0.009510280353393318,0.009510280353393318,0.17965644657993368,0.17965644657993368,0.0,0.0
2004-11-17,0.009510280353393318,0.009510280353393318,0.199711330583191,0.199711330583191,0.0,0.0
2004-11-18,0.006051996587108269,0.006051996587108269,0.20034828826845164,0.20034828826845164,0.0,0.0
2004-11-19,0.006051996587108269,0.006051996587108269,0.19024089804049732,0.19024089804049732,0.0,0.0
2004-11-20,0.005619711118267921,0.005619711118267921,0.15422559175920517,0.15422559175920517,0.0,0.0
2004-11-21,0.005619711118267921,0.005619711118267921,0.15849938007020029,0.15849938007020029,0.0,0.0
2004-11-22,0.005619711118267921,0.005619711118267921,0.147716752670371,0.147716752670371,0.0,0.0
2004-11-23,0.005187425646833862,0.005187425646833862,0.14110382147365405,0.14110382147365405,0.0,0.0
2004-11-24,0.005187425646833862,0.005187425646833862,0.14213531632418544,0.14213531632418544,0.0,0.0
2004-11-25,0.005557956050549668,0.005557956050549668,0.15114126202022393,0.15114126202022393,0.0,0.0
2004-11-26,0.005557956050549668,0.005557956050549668,1.0177068717222988,1.0177068717222988,0.0,0.0
2004-11-27,0.0044463648394022495,0.0044463648394022495,1.2049865585162927,1.2049865585162927,0.0,0.0
2004-11-28,0.0044463648394022495,0.0044463648394022495,0.42865106468660263,0.42865106468660263,0.0,0.0
2004-11-29,0.0014821216122695123,0.0014821216122695123,0.16565240188810879,0.16565240188810879,0.0,0.0
2004-11-30,0.0011115912111474189,0.0011115912111474189,0.13632246560215316,0.13632246560215316,0.0,0.0
2004-12-01,0.0011115912111474189,0.0011115912111474189,0.20138429376337047,0.20138429376337047,0.0,0.0
2004-12-02,0.0011115912111474189,0.0011115912111474189,0.19419163429152167,0.19419163429152167,0.0,0.0
2004-12-03,0.0011115912111474189,0.0011115912111474189,0.18964678859884468,0.18964678859884468,0.0,0.0
2004-12-04,0.0007410608074316124,0.0007410608074316124,0.1967322477393387,0.1967322477393387,0.0,0.0
2004-12-05,0.0007410608074316124,0.0007410608074316124,0.1902655728600505,0.1902655728600505,0.0,0.0
2004-12-06,0.0007410608074316124,0.0007410608074316124,2.147040032886293,2.147040032886293,0.0,0.0
2004-12-07,0.0007410608074316124,0.0007410608074316124,4.565826970126462,4.565826970126462,0.0,0.0
2004-12-08,0.0007410608074316124,0.0007410608074316124,2.604202672873688,2.604202672873688,0.0,0.0
2004-12-09,0.0007410608074316124,0.0007410608074316124,0.41402330723315606,0.41402330723315606,0.0,0.0
2004-12-10,0.0007410608074316124,0.0007410608074316124,0.31236059872191246,0.31236059872191246,0.0,0.0
2004-12-11,0.0007410608074316124,0.0007410608074316124,0.27287790468108664,0.27287790468108664,0.0,0.0
2004-12-12,0.0007410608074316124,0.0007410608074316124,0.32024277319875294,0.32024277319875294,0.0,0.0
2004-12-13,0.0018526520159853187,0.0018526520159853187,0.30521768131790317,0.30521768131790317,0.0,0.0
2004-12-14,0.0022231824197011247,0.0022231824197011247,0.2975340461831965,0.2975340461831965,0.0,0.0
2004-12-15,0.0022231824197011247,0.0022231824197011247,0.2876735142750315,0.2876735142750315,0.0,0.0
2004-12-16,0.0022231824197011247,0.0022231824197011247,0.24731416363684877,0.24731416363684877,0.0,0.0
2004-12-17,0.0022231824197011247,0.0022231824197011247,0.24366397579618718,0.24366397579618718,0.0,0.0
2004-12-18,0.0008645709402744061,0.0008645709402744061,0.2449886069386591,0.2449886069386591,0.0,0.0
2004-12-19,0.0008645709402744061,0.0008645709402744061,0.2702256427281908,0.2702256427281908,0.0,0.0
2004-12-20,0.0008645709402744061,0.0008645709402744061,0.2486919827519462,0.2486919827519462,0.0,0.0
2004-12-21,0.0008645709402744061,0.0008645709402744061,0.2388409117832535,0.2388409117832535,0.0,0.0
2004-12-22,0.0008645709402744061,0.0008645709402744061,0.2332395190997376,0.2332395190997376,0.0,0.0
2004-12-23,0.0008645709402744061,0.0008645709402744061,0.2176034459386352,0.2176034459386352,0.0,0.0
2004-12-24,0.0008645709402744061,0.0008645709402744061,0.2210269081479552,0.2210269081479552,0.0,0.0
2004-12-25,0.0005187425646833863,0.0005187425646833863,0.2412084784420181,0.2412084784420181,0.0,0.0
2004-12-26,0.0005187425646833863,0.0005187425646833863,0.2996959337274263,0.2996959337274263,0.0,0.0
2004-12-27,0.003025998294850991,0.003025998294850991,2.257582977531106,2.257582977531106,0.0,0.0
2004-12-28,0.003025998294850991,0.003025998294850991,3.46541161154132,3.46541161154132,0.0,0.0
2004-12-29,0.003112455388100317,0.003112455388100317,5.851851576153699,5.851851576153699,0.0,0.0
2004-12-30,0.003112455388100317,0.003112455388100317,7.323768838833844,7.323768838833844,0.0,0.0
2004-12-31,0.003112455388100317,0.003112455388100317,5.808325966500806,5.808325966500806,0.0,0.0
2005-01-01,0.0034582837636913367,0.0034582837636913367,1.4916343994081154,1.4916343994081154,0.0,0.0
2005-01-02,0.003025998294850991,0.003025998294850991,2.040191961502293,2.040191961502293,0.0,0.0
2005-01-03,0.003025998294850991,0.003025998294850991,2.384226482463498,2.384226482463498,0.0,0.0
2005-01-04,0.0036311979527837036,0.0036311979527837036,1.3410501679832914,1.3410501679832914,0.0,0.0
2005-01-05,0.0034582837636913367,0.0034582837636913367,1.0709095371345807,1.0709095371345807,0.0,0.0
2005-01-06,0.0034582837636913367,0.0034582837636913367,1.748069869115327,1.748069869115327,0.0,0.0
2005-01-07,0.0034582837636913367,0.0034582837636913367,6.925054600537694,6.925054600537694,0.0,0.0
2005-01-08,0.0034582837636913367,0.0034582837636913367,10.0,10.0,0.0,0.0
2005-01-09,0.002593712823416931,0.002593712823416931,10.000000000000002,10.000000000000002,0.0,0.0
2005-01-10,0.0021614273519828717,0.0021614273519828717,10.0,10.0,0.0,0.0
2005-01-11,0.0021614273519828717,0.0021614273519828717,10.000000000000004,10.000000000000004,0.0,0.0
2005-01-12,0.0021614273519828717,0.0021614273519828717,10.0,10.0,0.0,0.0
2005-01-13,0.0021614273519828717,0.0021614273519828717,10.0,10.0,0.0,0.0
2005-01-14,0.0021614273519828717,0.0021614273519828717,10.0,10.0,0.0,0.0
2005-01-15,0.0021614273519828717,0.0021614273519828717,10.0,10.0,0.0,0.0
2005-01-16,0.0021614273519828717,0.0021614273519828717,10.0,10.0,0.0,0.0
2005-01-17,0.0021614273519828717,0.0021614273519828717,10.0,10.0,0.0,0.0
2005-01-18,0.0021614273519828717,0.0021614273519828717,10.000000000000002,10.000000000000002,0.0,0.0
2005-01-19,0.0021614273519828717,0.0021614273519828717,10.0,10.0,0.0,0.0
2005-01-20,0.0021614273519828717,0.0021614273519828717,10.0,10.0,0.0,0.0
2005-01-21,0.0021614273519828717,0.0021614273519828717,7.50398957619811,7.50398957619811,0.0,0.0
2005-01-22,0.0018526520159853187,0.0018526520159853187,5.496810116721822,5.496810116721822,0.0,0.0
2005-01-23,0.0018526520159853187,0.0018526520159853187,5.231429725279814,5.231429725279814,0.0,0.0
2005-01-24,0.0021614273519828717,0.0021614273519828717,5.372891122686036,5.372891122686036,0.0,0.0
2005-01-25,0.0021614273519828717,0.0021614273519828717,6.229344928655949,6.229344928655949,0.0,0.0
2005-01-26,0.0021614273519828717,0.0021614273519828717,7.262155103119049,7.262155103119049,0.0,0.0
2005-01-27,0.0021614273519828717,0.0021614273519828717,7.353925789480005,7.353925789480005,0.0,0.0
2005-01-28,0.0021614273519828717,0.0021614273519828717,6.838806548896287,6.838806548896287,0.0,0.0
2005-01-29,0.0021614273519828717,0.0021614273519828717,5.886382702737658,5.886382702737658,0.0,0.0
2005-01-30,0.002593712823416931,0.002593712823416931,5.838067600846625,5.838067600846625,0.0,0.0
2005-01-31,0.002593712823416931,0.002593712823416931,5.671438072895756,5.671438072895756,0.0,0.0
2005-02-01,0.002593712823416931,0.002593712823416931,4.859542219954794,4.859542219954794,0.0,0.0
2005-02-02,0.002593712823416931,0.002593712823416931,4.6086231660439285,4.6086231660439285,0.0,0.0
2005-02-03,0.002593712823416931,0.002593712823416931,4.375266514014572,4.375266514014572,0.0,0.0
2005-02-04,0.002593712823416931,0.002593712823416931,4.160493441854674,4.160493441854674,0.0,0.0
2005-02-05,0.002593712823416931,0.002593712823416931,3.943003920982596,3.943003920982596,0.0,0.0
2005-02-06,0.002593712823416931,0.002593712823416931,4.001724536334402,4.001724536334402,0.0,0.0
2005-02-07,0.002593712823416931,0.002593712823416931,3.55970852680438,3.55970852680438,0.0,0.0
2005-02-08,0.002593712823416931,0.002593712823416931,3.3117080681543323,3.3117080681543323,0.0,0.0
2005-02-09,0.002593712823416931,0.002593712823416931,3.1848027176973845,3.1848027176973845,0.0,0.0
2005-02-10,0.002593712823416931,0.002593712823416931,3.025571081121053,3.025571081121053,0.0,0.0
2005-02-11,0.002593712823416931,0.002593712823416931,3.0964403423929023,3.0964403423929023,0.0,0.0
2005-02-12,0.002593712823416931,0.002593712823416931,2.902464498589779,2.902464498589779,0.0,0.0
2005-02-13,0.002593712823416931,0.002593712823416931,2.770134722517787,2.770134722517787,0.0,0.0
2005-02-14,0.002593712823416931,0.002593712823416931,3.0251176879923682,3.0251176879923682,0.0,0.0
2005-02-15,0.002593712823416931,0.002593712823416931,6.851698552454695,6.851698552454695,0.0,0.0
2005-02-16,0.0038905692351253966,0.0038905692351253966,6.189959979170675,6.189959979170675,0.0,0.0
2005-02-17,0.0038905692351253966,0.0038905692351253966,4.988024219757617,4.988024219757617,0.0,0.0
2005-02-18,0.0038905692351253966,0.0038905692351253966,5.657749042898602,5.657749042898602,0.0,0.0
2005-02-19,0.0038905692351253966,0.0038905692351253966,7.670079214993946,7.670079214993946,0.0,0.0
2005-02-20,0.0038905692351253966,0.0038905692351253966,7.8821137228281986,7.8821137228281986,0.0,0.0
2005-02-21,0.0038905692351253966,0.0038905692351253966,7.734910602280179,7.734910602280179,0.0,0.0
2005-02-22,0.0038905692351253966,0.0038905692351253966,6.81330465728773,6.81330465728773,0.0,0.0
2005-02-23,0.0021614273519828717,0.0021614273519828717,6.526295999835731,6.526295999835731,0.0,0.0
2005-02-24,0.0021614273519828717,0.0021614273519828717,6.311303120292709,6.311303120292709,0.0,0.0
2005-02-25,0.0021614273519828717,0.0021614273519828717,5.990440987636577,5.990440987636577,0.0,0.0
2005-02-26,0.0021614273519828717,0.0021614273519828717,5.978942740937627,5.978942740937627,0.0,0.0
2005-02-27,0.0021614273519828717,0.0021614273519828717,7.191973319822969,7.191973319822969,0.0,0.0
2005-02-28,0.0029642432271327376,0.0029642432271327376,5.995650408238806,5.995650408238806,0.0,0.0
2005-03-01,0.0029642432271327376,0.0029642432271327376,5.226778487599434,5.226778487599434,0.0,0.0
2005-03-02,0.002593712823416931,0.002593712823416931,5.008479988029941,5.008479988029941,0.0,0.0
2005-03-03,0.002593712823416931,0.002593712823416931,4.830721122325331,4.830721122325331,0.0,0.0
2005-03-04,0.002593712823416931,0.002593712823416931,4.720645627182779,4.720645627182779,0.0,0.0
2005-03-05,0.0029642432271327376,0.0029642432271327376,4.383412742764118,4.383412742764118,0.0,0.0
2005-03-06,0.0170443985527711,0.0170443985527711,4.234914476444408,4.234914476444408,0.0,0.0
2005-03-07,0.01963811137618803,0.01963811137618803,4.101372523539258,4.101372523539258,0.0,0.0
2005-03-08,0.019267580975065937,0.019267580975065937,4.122083499605849,4.122083499605849,0.0,0.0
2005-03-09,0.018897050571350132,0.018897050571350132,4.275738636128262,4.275738636128262,0.0,0.0
2005-03-10,0.018897050571350132,0.018897050571350132,4.268369741454944,4.268369741454944,0.0,0.0
2005-03-11,0.020008641779903837,0.020008641779903837,4.469964650220515,4.469964650220515,0.0,0.0
2005-03-12,0.02037917218361964,0.02037917218361964,4.52678454956915,4.52678454956915,0.0,0.0
2005-03-13,0.02334341541075238,0.02334341541075238,5.167947085893417,5.167947085893417,0.0,0.0
2005-03-14,0.023713945814468188,0.023713945814468188,4.175093634287971,4.175093634287971,0.0,0.0
2005-03-15,0.02334341541075238,0.02334341541075238,3.8644112249480704,3.8644112249480704,0.0,0.0
2005-03-16,0.02704871944791044,0.02704871944791044,3.7859144790747905,3.7859144790747905,0.0,0.0
2005-03-17,0.02741924984384511,0.02741924984384511,3.522247607573223,3.522247607573223,0.0,0.0
2005-03-18,0.02223182419960496,0.02223182419960496,4.312718273734119,4.312718273734119,0.0,0.0
2005-03-19,0.018897050571350132,0.018897050571350132,8.770530021105404,8.770530021105404,0.0,0.0
2005-03-20,0.018526520167634324,0.018526520167634324,7.018854616703854,7.018854616703854,0.0,0.0
2005-03-21,0.02223182419960496,0.02223182419960496,8.329681280526723,8.329681280526723,0.0,0.0
2005-03-22,0.02853084105758624,0.02853084105758624,10.0,10.0,0.0,0.0
2005-03-23,0.03408879710035477,0.03408879710035477,10.000000000000002,10.000000000000002,0.0,0.0
2005-03-24,0.03779410113751284,0.03779410113751284,10.0,10.0,0.0,0.0
2005-03-25,0.038164631533447506,0.038164631533447506,10.0,10.0,0.0,0.0
2005-03-26,0.04409311799808782,0.04409311799808782,10.000000000000002,10.000000000000002,0.0,0.0
2005-03-27,0.04261099638841203,0.04261099638841203,9.999999999999998,9.999999999999998,0.0,0.0
2005-03-28,0.040758344356864436,0.040758344356864436,10.0,10.0,0.0,0.0
2005-03-29,0.038164631533447506,0.038164631533447506,10.0,10.0,0.0,0.0
2005-03-30,0.0414994051746709,0.0414994051746709,10.0,10.0,0.0,0.0
2005-03-31,0.0414994051746709,0.0414994051746709,9.999999999999998,9.999999999999998,0.0,0.0
2005-04-01,0.08688937958446719,0.08688937958446719,10.0,10.0,0.0,0.0
2005-04-02,0.06873338982054866,0.06873338982054866,10.0,10.0,0.0,0.0
2005-04-03,0.06873338982054866,0.06873338982054866,10.0,10.0,0.0,0.0
2005-04-04,0.07392081546738254,0.07392081546738254,10.0,10.0,0.0,0.0
2005-04-05,0.07521767187909101,0.07521767187909101,9.333209325134693,9.333209325134693,0.0,0.0
2005-04-06,0.07262395905567408,0.07262395905567408,6.810805467432099,6.810805467432099,0.0,0.0
2005-04-07,0.07262395905567408,0.07262395905567408,7.39762814519466,7.39762814519466,0.0,0.0
2005-04-08,0.07262395905567408,0.07262395905567408,7.152400962644515,7.152400962644515,0.0,0.0
2005-04-09,0.06484282058542327,0.06484282058542327,6.436391118919474,6.436391118919474,0.0,0.0
2005-04-10,0.07781138470250792,0.07781138470250792,5.788446068307182,5.788446068307182,0.0,0.0
2005-04-11,0.08040509752592487,0.08040509752592487,5.531516962796948,5.531516962796948,0.0,0.0
2005-04-12,0.09207680523130105,0.09207680523130105,5.695010086254198,5.695010086254198,0.0,0.0
2005-04-13,0.07651452829079947,0.07651452829079947,5.348846661127176,5.348846661127176,0.0,0.0
2005-04-14,0.07651452829079947,0.07651452829079947,4.606533256846401,4.606533256846401,0.0,0.0
2005-04-15,0.06484282058542327,0.06484282058542327,4.375495968022999,4.375495968022999,0.0,0.0
2005-04-16,0.06484282058542327,0.06484282058542327,4.650878259634937,4.650878259634937,0.0,0.0
2005-04-17,0.06484282058542327,0.06484282058542327,5.263969460326169,5.263969460326169,0.0,0.0
2005-04-18,0.06484282058542327,0.06484282058542327,4.459226784652363,4.459226784652363,0.0,0.0
2005-04-19,0.0829988103493418,0.0829988103493418,3.749131859726695,3.749131859726695,0.0,0.0
2005-04-20,0.0829988103493418,0.0829988103493418,3.488049063056406,3.488049063056406,0.0,0.0
2005-04-21,0.08429566676105026,0.08429566676105026,3.4168562694099167,3.4168562694099167,0.0,0.0
2005-04-22,0.0907799488195926,0.0907799488195926,3.3552555188566515,3.3552555188566515,0.0,0.0
2005-04-23,0.09207680523130105,0.09207680523130105,3.5831466591786456,3.5831466591786456,0.0,0.0
2005-04-24,0.10374851293667725,0.10374851293667725,3.2464929112236267,3.2464929112236267,0.0,0.0
2005-04-25,0.10374851293667725,0.10374851293667725,2.7972409215623673,2.7972409215623673,0.0,0.0
2005-04-26,0.10115480011326032,0.10115480011326032,3.102578585671412,3.102578585671412,0.0,0.0
2005-04-27,0.10374851293667725,0.10374851293667725,4.203911670400256,4.203911670400256,0.0,0.0
2005-04-28,0.10245165652496876,0.10245165652496876,3.2976056747934614,3.2976056747934614,0.0,0.0
2005-04-29,0.0972642308781349,0.0972642308781349,2.741203491553519,2.741203491553519,0.0,0.0
2005-04-30,0.07651452829079947,0.07651452829079947,3.428893760410404,3.428893760410404,0.0,0.0
2005-05-01,0.07781138470250792,0.07781138470250792,3.787910400585683,3.787910400585683,0.0,0.0
2005-05-02,0.06484282058542327,0.06484282058542327,3.2619361862554754,3.2619361862554754,0.0,0.0
2005-05-03,0.06484282058542327,0.06484282058542327,3.9059198411223783,3.9059198411223783,0.0,0.0
2005-05-04,0.06354596417371482,0.06354596417371482,5.199470159200423,5.199470159200423,0.0,0.0
2005-05-05,0.06354596417371482,0.06354596417371482,10.0,10.0,0.0,0.0
2005-05-06,0.06354596417371482,0.06354596417371482,6.441543407222413,6.441543407222413,0.0,0.0
2005-05-07,0.06484282058542327,0.06484282058542327,3.9342555555765975,3.9342555555765975,0.0,0.0
2005-05-08,0.07003024623225713,0.07003024623225713,10.0,10.0,0.0,0.0
2005-05-09,0.06873338982054866,0.06873338982054866,10.0,10.0,0.0,0.0
2005-05-10,0.07003024623225713,0.07003024623225713,6.322309056453534,6.322309056453534,0.0,0.0
2005-05-11,0.07132710264396559,0.07132710264396559,5.344572118833679,5.344572118833679,0.0,0.0
2005-05-12,0.0907799488195926,0.0907799488195926,5.796724514242203,5.796724514242203,0.0,0.0
2005-05-13,0.10374851293667725,0.10374851293667725,6.826862582148324,6.826862582148324,0.0,0.0
2005-05-14,0.1089359385835111,0.1089359385835111,8.915397913703448,8.915397913703448,0.0,0.0
2005-05-15,0.11152965140692804,0.11152965140692804,10.0,10.0,0.0,0.0
2005-05-16,0.12320135911230422,0.12320135911230422,10.000000000000004,10.000000000000004,0.0,0.0
2005-05-17,0.12320135911230422,0.12320135911230422,9.999999999999996,9.999999999999996,0.0,0.0
2005-05-18,0.11282650781863648,0.11282650781863648,9.999999999999998,9.999999999999998,0.0,0.0
2005-05-19,0.11282650781863648,0.11282650781863648,10.000000000000002,10.000000000000002,0.0,0.0
2005-05-20,0.11152965140692804,0.11152965140692804,10.000000000000002,10.000000000000002,0.0,0.0
2005-05-21,0.11282650781863648,0.11282650781863648,9.999999999999998,9.999999999999998,0.0,0.0
2005-05-22,0.14006049246451427,0.14006049246451427,10.0,10.0,0.0,0.0
2005-05-23,0.14006049246451427,0.14006049246451427,10.0,10.0,0.0,0.0
2005-05-24,0.14135734887622275,0.14135734887622275,10.000000000000004,10.000000000000004,0.0,0.0
2005-05-25,0.14135734887622275,0.14135734887622275,10.000000000000004,10.000000000000004,0.0,0.0
2005-05-26,0.14913848734647353,0.14913848734647353,10.000000000000004,10.000000000000004,0.0,0.0
2005-05-27,0.14654477452305661,0.14654477452305661,9.999999999999995,9.999999999999995,0.0,0.0
2005-05-28,0.14913848734647353,0.14913848734647353,10.000000000000004,10.000000000000004,0.0,0.0
2005-05-29,0.15173220016989047,0.15173220016989047,9.999999999999984,9.999999999999984,0.0,0.0
2005-05-30,0.14913848734647353,0.14913848734647353,10.000000000000004,10.000000000000004,0.0,0.0
2005-05-31,0.15173220016989047,0.15173220016989047,9.999999999999984,9.999999999999984,0.0,0.0
2005-06-01,0.15173220016989047,0.15173220016989047,10.000000000000012,10.000000000000012,0.0,0.0
2005-06-02,0.13357621040597195,0.13357621040597195,10.000000000000005,10.000000000000005,0.0,0.0
2005-06-03,0.14913848734647353,0.14913848734647353,10.000000000000004,10.000000000000004,0.0,0.0
2005-06-04,0.14524791811134816,0.14524791811134816,10.000000000000004,10.000000000000004,0.0,0.0
2005-06-05,0.14524791811134816,0.14524791811134816,10.000000000000004,10.000000000000004,0.0,0.0
2005-06-06,0.1582164822284328,0.1582164822284328,9.999999999999993,9.999999999999993,0.0,0.0
2005-06-07,0.15173220016989047,0.15173220016989047,10.000000000000012,10.000000000000012,0.0,0.0
2005-06-08,0.15173220016989047,0.15173220016989047,10.000000000000012,10.000000000000012,0.0,0.0
2005-06-09,0.15173220016989047,0.15173220016989047,9.999999999999984,9.999999999999984,0.0,0.0
2005-06-10,0.15173220016989047,0.15173220016989047,10.000000000000012,10.000000000000012,0.0,0.0
2005-06-11,0.15173220016989047,0.15173220016989047,10.000000000000012,10.000000000000012,0.0,0.0
2005-06-12,0.14913848734647353,0.14913848734647353,10.000000000000004,10.000000000000004,0.0,0.0
2005-06-13,0.1659976206986836,0.1659976206986836,9.999999999999991,9.999999999999991,0.0,0.0
2005-06-14,0.1647007642869751,0.1647007642869751,10.000000000000002,10.000000000000002,0.0,0.0
2005-06-15,0.16340390787526665,0.16340390787526665,10.00000000000001,10.00000000000001,0.0,0.0
2005-06-16,0.15562276940501585,0.15562276940501585,10.000000000000012,10.000000000000012,0.0,0.0
2005-06-17,0.15562276940501585,0.15562276940501585,9.999999999999984,9.999999999999984,0.0,0.0
2005-06-18,0.15691962581672436,0.15691962581672436,10.000000000000002,10.000000000000002,0.0,0.0
2005-06-19,0.15562276940501585,0.15562276940501585,10.000000000000012,10.000000000000012,0.0,0.0
2005-06-20,0.15562276940501585,0.15562276940501585,10.000000000000012,10.000000000000012,0.0,0.0
2005-06-21,0.1543259129933074,0.1543259129933074,9.999999999999993,9.999999999999993,0.0,0.0
2005-06-22,0.16340390787526665,0.16340390787526665,10.00000000000001,10.00000000000001,0.0,0.0
2005-06-23,0.1647007642869751,0.1647007642869751,10.000000000000002,10.000000000000002,0.0,0.0
2005-06-24,0.16210705146355817,0.16210705146355817,10.000000000000021,10.000000000000021,0.0,0.0
2005-06-25,0.16210705146355817,0.16210705146355817,10.000000000000021,10.000000000000021,0.0,0.0
2005-06-26,0.17118504634551746,0.17118504634551746,9.999999999999982,9.999999999999982,0.0,0.0
2005-06-27,0.17118504634551746,0.17118504634551746,9.999999999999982,9.999999999999982,0.0,0.0
2005-06-28,0.15951333864014125,0.15951333864014125,9.999999999999984,9.999999999999984,0.0,0.0
2005-06-29,0.15302905658159893,0.15302905658159893,10.000000000000004,10.000000000000004,0.0,0.0
2005-06-30,0.16340390787526665,0.16340390787526665,9.999999999999982,9.999999999999982,0.0,0.0
2005-07-01,0.16340390787526665,0.16340390787526665,9.999999999999982,9.999999999999982,0.0,0.0
2005-07-02,0.16340390787526665,0.16340390787526665,9.999999999999982,9.999999999999982,0.0,0.0
2005-07-03,0.16340390787526665,0.16340390787526665,9.999999999999982,9.999999999999982,0.0,0.0
2005-07-04,0.16340390787526665,0.16340390787526665,9.999999999999982,9.999999999999982,0.0,0.0
2005-07-05,0.16340390787526665,0.16340390787526665,9.999999999999982,9.999999999999982,0.0,0.0
2005-07-06,0.16340390787526665,0.16340390787526665,9.999999999999982,9.999999999999982,0.0,0.0
2005-07-07,0.15951333864014125,0.15951333864014125,9.999999999999984,9.999999999999984,0.0,0.0
2005-07-08,0.15691962581672436,0.15691962581672436,10.000000000000002,10.000000000000002,0.0,0.0
2005-07-09,0.16729447711039205,0.16729447711039205,9.999999999999982,9.999999999999982,0.0,0.0
2005-07-10,0.17248190275722594,0.17248190275722594,10.0,10.0,0.0,0.0
2005-07-11,0.1685913335221005,0.1685913335221005,10.000000000000002,10.000000000000002,0.0,0.0
2005-07-12,0.16340390787526665,0.16340390787526665,9.999999999999982,9.999999999999982,0.0,0.0
2005-07-13,0.16340390787526665,0.16340390787526665,9.999999999999982,9.999999999999982,0.0,0.0
2005-07-14,0.1543259129933074,0.1543259129933074,10.000000000000021,10.000000000000021,0.0,0.0
2005-07-15,0.15951333864014125,0.15951333864014125,9.999999999999984,9.999999999999984,0.0,0.0
2005-07-16,0.16340390787526665,0.16340390787526665,9.999999999999982,9.999999999999982,0.0,0.0
2005-07-17,0.16081019505184974,0.16081019505184974,10.000000000000002,10.000000000000002,0.0,0.0
2005-07-18,0.16340390787526665,0.16340390787526665,9.999999999999982,9.999999999999982,0.0,0.0
2005-07-19,0.1647007642869751,0.1647007642869751,10.000000000000002,10.000000000000002,0.0,0.0
2005-07-20,0.16081019505184974,0.16081019505184974,10.000000000000002,10.000000000000002,0.0,0.0
2005-07-21,0.169888189933809,0.169888189933809,10.00000000000002,10.00000000000002,0.0,0.0
2005-07-22,0.16729447711039205,0.16729447711039205,9.999999999999982,9.999999999999982,0.0,0.0
2005-07-23,0.16729447711039205,0.16729447711039205,9.999999999999982,9.999999999999982,0.0,0.0
2005-07-24,0.16729447711039205,0.16729447711039205,9.999999999999982,9.999999999999982,0.0,0.0
2005-07-25,0.1659976206986836,0.1659976206986836,10.00000000000002,10.00000000000002,0.0,0.0
2005-07-26,0.16729447711039205,0.16729447711039205,9.999999999999925,9.999999999999925,0.0,0.0
2005-07-27,0.16729447711039205,0.16729447711039205,9.999999999999982,9.999999999999982,0.0,0.0
2005-07-28,0.16340390787526665,0.16340390787526665,10.00000000000001,10.00000000000001,0.0,0.0
2005-07-29,0.1659976206986836,0.1659976206986836,9.999999999999991,9.999999999999991,0.0,0.0
2005-07-30,0.1647007642869751,0.1647007642869751,10.000000000000002,10.000000000000002,0.0,0.0
2005-07-31,0.1647007642869751,0.1647007642869751,10.000000000000002,10.000000000000002,0.0,0.0
2005-08-01,0.16729447711039205,0.16729447711039205,10.00000000000001,10.00000000000001,0.0,0.0
2005-08-02,0.15302905658159893,0.15302905658159893,10.000000000000004,10.000000000000004,0.0,0.0
2005-08-03,0.1543259129933074,0.1543259129933074,9.999999999999993,9.999999999999993,0.0,0.0
2005-08-04,0.15562276940501585,0.15562276940501585,10.000000000000012,10.000000000000012,0.0,0.0
2005-08-05,0.15302905658159893,0.15302905658159893,10.000000000000004,10.000000000000004,0.0,0.0
2005-08-06,0.1543259129933074,0.1543259129933074,9.999999999999993,9.999999999999993,0.0,0.0
2005-08-07,0.16081019505184974,0.16081019505184974,10.000000000000002,10.000000000000002,0.0,0.0
2005-08-08,0.1543259129933074,0.1543259129933074,9.999999999999993,9.999999999999993,0.0,0.0
2005-08-09,0.14654477452305661,0.14654477452305661,9.999999999999995,9.999999999999995,0.0,0.0
2005-08-10,0.14654477452305661,0.14654477452305661,9.999999999999995,9.999999999999995,0.0,0.0
2005-08-11,0.14654477452305661,0.14654477452305661,9.999999999999995,9.999999999999995,0.0,0.0
2005-08-12,0.1543259129933074,0.1543259129933074,9.999999999999993,9.999999999999993,0.0,0.0
2005-08-13,0.14524791811134816,0.14524791811134816,10.000000000000004,10.000000000000004,0.0,0.0
2005-08-14,0.15302905658159893,0.15302905658159893,10.000000000000004,10.000000000000004,0.0,0.0
2005-08-15,0.14524791811134816,0.14524791811134816,10.000000000000004,10.000000000000004,0.0,0.0
2005-08-16,0.14524791811134816,0.14524791811134816,10.000000000000004,10.000000000000004,0.0,0.0
2005-08-17,0.14006049246451427,0.14006049246451427,10.0,10.0,0.0,0.0
2005-08-18,0.13487306681768044,0.13487306681768044,9.999999999999995,9.999999999999995,0.0,0.0
2005-08-19,0.12190450270059575,0.12190450270059575,9.999999999999991,9.999999999999991,0.0,0.0
2005-08-20,0.12320135911230422,0.12320135911230422,9.999999999999996,9.999999999999996,0.0,0.0
2005-08-21,0.1089359385835111,0.1089359385835111,10.000000000000004,10.000000000000004,0.0,0.0
2005-08-22,0.1089359385835111,0.1089359385835111,10.000000000000004,10.000000000000004,0.0,0.0
2005-08-23,0.10504536934838571,0.10504536934838571,10.0,10.0,0.0,0.0
2005-08-24,0.10504536934838571,0.10504536934838571,10.0,10.0,0.0,0.0
2005-08-25,0.11931078987717883,0.11931078987717883,10.0,10.0,0.0,0.0
2005-08-26,0.11801393346547037,0.11801393346547037,4.960998798157912,4.960998798157912,0.0,0.0
2005-08-27,0.12968564117084655,0.12968564117084655,0.24129509536034324,0.24129509536034324,0.0,0.0
2005-08-28,0.12190450270059575,0.12190450270059575,0.24555242823822457,0.24555242823822457,0.0,0.0
2005-08-29,0.1089359385835111,0.1089359385835111,0.2628697734707403,0.2628697734707403,0.0,0.0
2005-08-30,0.10374851293667725,0.10374851293667725,0.17778640576664606,0.17778640576664606,0.0,0.0
2005-08-31,0.10245165652496876,0.10245165652496876,0.13552612830773295,0.13552612830773295,0.0,0.0
2005-09-01,0.10245165652496876,0.10245165652496876,0.2418550987519222,0.2418550987519222,0.0,0.0
2005-09-02,0.10374851293667725,0.10374851293667725,0.2749637749716923,0.2749637749716923,0.0,0.0
2005-09-03,0.10374851293667725,0.10374851293667725,0.26635615717770306,0.26635615717770306,0.0,0.0
2005-09-04,0.10374851293667725,0.10374851293667725,0.23109212377021376,0.23109212377021376,0.0,0.0
2005-09-05,0.10374851293667725,0.10374851293667725,0.20150189319912593,0.20150189319912593,0.0,0.0
2005-09-06,0.10374851293667725,0.10374851293667725,0.20288718114882365,0.20288718114882365,0.0,0.0
2005-09-07,0.11801393346547037,0.11801393346547037,0.196333365257388,0.196333365257388,0.0,0.0
2005-09-08,0.11801393346547037,0.11801393346547037,0.17688381956698654,0.17688381956698654,0.0,0.0
2005-09-09,0.1167170770537619,0.1167170770537619,0.15836540845888403,0.15836540845888403,0.0,0.0
2005-09-10,0.11542022064205343,0.11542022064205343,0.1470269852085237,0.1470269852085237,0.0,0.0
2005-09-11,0.1167170770537619,0.1167170770537619,0.11764668551364611,0.11764668551364611,0.0,0.0
2005-09-12,0.1089359385835111,0.1089359385835111,0.1260459125973596,0.1260459125973596,0.0,0.0
2005-09-13,0.08818623599617564,0.08818623599617564,0.14582425625522175,0.14582425625522175,0.0,0.0
2005-09-14,0.08818623599617564,0.08818623599617564,0.14721969404164595,0.14721969404164595,0.0,0.0
2005-09-15,0.07392081546738254,0.07392081546738254,0.16201142697213577,0.16201142697213577,0.0,0.0
2005-09-16,0.07392081546738254,0.07392081546738254,0.16324944569936306,0.16324944569936306,0.0,0.0
2005-09-17,0.07392081546738254,0.07392081546738254,0.15897859966317157,0.15897859966317157,0.0,0.0
2005-09-18,0.07392081546738254,0.07392081546738254,0.15651027178996446,0.15651027178996446,0.0,0.0
2005-09-19,0.07392081546738254,0.07392081546738254,0.18213576739356663,0.18213576739356663,0.0,0.0
2005-09-20,0.07392081546738254,0.07392081546738254,0.34145962967573223,0.34145962967573223,0.0,0.0
2005-09-21,0.0907799488195926,0.0907799488195926,0.26910919865802807,0.26910919865802807,0.0,0.0
2005-09-22,0.09467051805471799,0.09467051805471799,0.12285283991987511,0.12285283991987511,0.0,0.0
2005-09-23,0.10115480011326032,0.10115480011326032,0.11271336156701918,0.11271336156701918,0.0,0.0
2005-09-24,0.08818623599617564,0.08818623599617564,0.11889501725270435,0.11889501725270435,0.0,0.0
2005-09-25,0.08170195393763333,0.08170195393763333,0.11529345901191856,0.11529345901191856,0.0,0.0
2005-09-26,0.08170195393763333,0.08170195393763333,0.22477494249292626,0.22477494249292626,0.0,0.0
2005-09-27,0.07392081546738254,0.07392081546738254,0.13603257146118364,0.13603257146118364,0.0,0.0
2005-09-28,0.06743653340884022,0.06743653340884022,0.11095499642687857,0.11095499642687857,0.0,0.0
2005-09-29,0.06873338982054866,0.06873338982054866,0.10661074360698475,0.10661074360698475,0.0,0.0
2005-09-30,0.07003024623225713,0.07003024623225713,0.10497596229143187,0.10497596229143187,0.0,0.0
2005-10-01,0.042796261586379364,0.042796261586379364,0.15851664780145663,0.15851664780145663,0.0,0.0
2005-10-02,0.042796261586379364,0.042796261586379364,0.15914626799727732,0.15914626799727732,0.0,0.0
2005-10-03,0.042796261586379364,0.042796261586379364,0.16048676826354563,0.16048676826354563,0.0,0.0
2005-10-04,0.042796261586379364,0.042796261586379364,0.15963693201655474,0.15963693201655474,0.0,0.0
2005-10-05,0.042796261586379364,0.042796261586379364,0.15719413531827975,0.15719413531827975,0.0,0.0
2005-10-06,0.042796261586379364,0.042796261586379364,0.16307070250136482,0.16307070250136482,0.0,0.0
2005-10-07,0.0414994051746709,0.0414994051746709,0.1667604337086621,0.1667604337086621,0.0,0.0
2005-10-08,0.05576482570346402,0.05576482570346402,0.14735630464789407,0.14735630464789407,0.0,0.0
2005-10-09,0.05706168211517248,0.05706168211517248,0.13449850539121472,0.13449850539121472,0.0,0.0
2005-10-10,0.04668683082150476,0.04668683082150476,0.14156488497839823,0.14156488497839823,0.0,0.0
2005-10-11,0.0453899744097963,0.0453899744097963,0.1374407799809571,0.1374407799809571,0.0,0.0
2005-10-12,0.0453899744097963,0.0453899744097963,0.13116011088102558,0.13116011088102558,0.0,0.0
2005-10-13,0.0453899744097963,0.0453899744097963,0.12447155689490969,0.12447155689490969,0.0,0.0
2005-10-14,0.0453899744097963,0.0453899744097963,0.11781060074526589,0.11781060074526589,0.0,0.0
2005-10-15,0.03631197952783704,0.03631197952783704,0.15641671135172466,0.15641671135172466,0.0,0.0
2005-10-16,0.042796261586379364,0.042796261586379364,0.11555316895344814,0.11555316895344814,0.0,0.0
2005-10-17,0.04409311799808782,0.04409311799808782,0.10264502762805117,0.10264502762805117,0.0,0.0
2005-10-18,0.042796261586379364,0.042796261586379364,0.09941338163462554,0.09941338163462554,0.0,0.0
2005-10-19,0.042796261586379364,0.042796261586379364,0.09559648616506022,0.09559648616506022,0.0,0.0
2005-10-20,0.042796261586379364,0.042796261586379364,0.09259647561485085,0.09259647561485085,0.0,0.0
2005-10-21,0.042796261586379364,0.042796261586379364,0.09000928639321942,0.09000928639321942,0.0,0.0
2005-10-22,0.042796261586379364,0.042796261586379364,0.08732511304560603,0.08732511304560603,0.0,0.0
2005-10-23,0.042796261586379364,0.042796261586379364,0.13515055631463893,0.13515055631463893,0.0,0.0
2005-10-24,0.04928054364492169,0.04928054364492169,0.14983375394925422,0.14983375394925422,0.0,0.0
2005-10-25,0.04928054364492169,0.04928054364492169,0.29879022718360293,0.29879022718360293,0.0,0.0
2005-10-26,0.03371826670442011,0.03371826670442011,0.3309384772670654,0.3309384772670654,0.0,0.0
2005-10-27,0.03242141029271164,0.03242141029271164,0.38986712583566707,0.38986712583566707,0.0,0.0
2005-10-28,0.03371826670442011,0.03371826670442011,0.1528289740811532,0.1528289740811532,0.0,0.0
2005-10-29,0.03371826670442011,0.03371826670442011,0.1062518767819054,0.1062518767819054,0.0,0.0
2005-10-30,0.03371826670442011,0.03371826670442011,0.0963420341300921,0.0963420341300921,0.0,0.0
2005-10-31,0.012968564117084656,0.012968564117084656,0.11876951538284575,0.11876951538284575,0.0,0.0
2005-11-01,0.012968564117084656,0.012968564117084656,0.13868081199098672,0.13868081199098672,0.0,0.0
2005-11-02,0.012968564117084656,0.012968564117084656,0.13653359016765954,0.13653359016765954,0.0,0.0
2005-11-03,0.012968564117084656,0.012968564117084656,0.09921228887046735,0.09921228887046735,0.0,0.0
2005-11-04,0.012968564117084656,0.012968564117084656,0.09686924632916405,0.09686924632916405,0.0,0.0
2005-11-05,0.012968564117084656,0.012968564117084656,0.09627985632891795,0.09627985632891795,0.0,0.0
2005-11-06,0.010374851293667725,0.010374851293667725,0.10531299700707739,0.10531299700707739,0.0,0.0
2005-11-07,0.00907799488195926,0.00907799488195926,0.12297613509754904,0.12297613509754904,0.0,0.0
2005-11-08,0.00907799488195926,0.00907799488195926,0.15616692058757964,0.15616692058757964,0.0,0.0
2005-11-09,0.00907799488195926,0.00907799488195926,0.11471609580597233,0.11471609580597233,0.0,0.0
2005-11-10,0.00907799488195926,0.00907799488195926,0.10648536168768624,0.10648536168768624,0.0,0.0
2005-11-11,0.00907799488195926,0.00907799488195926,0.10279527682161774,0.10279527682161774,0.0,0.0
2005-11-12,0.012968564117084656,0.012968564117084656,0.09255161053372643,0.09255161053372643,0.0,0.0
2005-11-13,0.01815598976391852,0.01815598976391852,0.08687668652183307,0.08687668652183307,0.0,0.0
2005-11-14,0.01815598976391852,0.01815598976391852,0.08703601839981187,0.08703601839981187,0.0,0.0
2005-11-15,0.01815598976391852,0.01815598976391852,0.08764395916548348,0.08764395916548348,0.0,0.0
2005-11-16,0.01815598976391852,0.01815598976391852,0.08752326885703568,0.08752326885703568,0.0,0.0
2005-11-17,0.01815598976391852,0.01815598976391852,0.08827979145328228,0.08827979145328228,0.0,0.0
2005-11-18,0.01815598976391852,0.01815598976391852,0.08606310706385607,0.08606310706385607,0.0,0.0
2005-11-19,0.01815598976391852,0.01815598976391852,0.08597463937782228,0.08597463937782228,0.0,0.0
2005-11-20,0.01815598976391852,0.01815598976391852,0.08765325321289168,0.08765325321289168,0.0,0.0
2005-11-21,0.01815598976391852,0.01815598976391852,0.08512527837082218,0.08512527837082218,0.0,0.0
2005-11-22,0.01815598976391852,0.01815598976391852,0.08457628236241248,0.08457628236241248,0.0,0.0
2005-11-23,0.01815598976391852,0.01815598976391852,0.08311725213244538,0.08311725213244538,0.0,0.0
2005-11-24,0.01815598976391852,0.01815598976391852,0.13794509300087957,0.13794509300087957,0.0,0.0
2005-11-25,0.01815598976391852,0.01815598976391852,0.17923450108370786,0.17923450108370786,0.0,0.0
2005-11-26,0.01815598976391852,0.01815598976391852,0.14412023386835007,0.14412023386835007,0.0,0.0
2005-11-27,0.01815598976391852,0.01815598976391852,0.10406554694299698,0.10406554694299698,0.0,0.0
2005-11-28,0.01815598976391852,0.01815598976391852,0.595290545421186,0.595290545421186,0.0,0.0
2005-11-29,0.01815598976391852,0.01815598976391852,0.9337931647166134,0.9337931647166134,0.0,0.0
2005-11-30,0.01815598976391852,0.01815598976391852,0.7445903578910289,0.7445903578910289,0.0,0.0
2005-12-01,0.01815598976391852,0.01815598976391852,8.935754837188224,8.935754837188224,0.0,0.0
2005-12-02,0.01815598976391852,0.01815598976391852,7.3624191936197665,7.3624191936197665,0.0,0.0
2005-12-03,0.01815598976391852,0.01815598976391852,0.15809326386734768,0.15809326386734768,0.0,0.0
2005-12-04,0.015562276940501586,0.015562276940501586,0.13450990289520032,0.13450990289520032,0.0,0.0
2005-12-05,0.015562276940501586,0.015562276940501586,0.14326958002357323,0.14326958002357323,0.0,0.0
2005-12-06,0.01815598976391852,0.01815598976391852,0.13982341675985968,0.13982341675985968,0.0,0.0
2005-12-07,0.01815598976391852,0.01815598976391852,0.38748226989518525,0.38748226989518525,0.0,0.0
2005-12-08,0.01815598976391852,0.01815598976391852,0.18922444035902009,0.18922444035902009,0.0,0.0
2005-12-09,0.01815598976391852,0.01815598976391852,0.14234752151852398,0.14234752151852398,0.0,0.0
2005-12-10,0.01815598976391852,0.01815598976391852,0.14404504108541757,0.14404504108541757,0.0,0.0
2005-12-11,0.01426542052879312,0.01426542052879312,0.14662688007873048,0.14662688007873048,0.0,0.0
2005-12-12,0.01167170770537619,0.01167170770537619,0.17062469042672382,0.17062469042672382,0.0,0.0
2005-12-13,0.010374851293667725,0.010374851293667725,0.15737455476371287,0.15737455476371287,0.0,0.0
2005-12-14,0.00907799488195926,0.00907799488195926,0.14950281660484013,0.14950281660484013,0.0,0.0
2005-12-15,0.00907799488195926,0.00907799488195926,0.15273960530962444,0.15273960530962444,0.0,0.0
2005-12-16,0.00907799488195926,0.00907799488195926,0.21109860241597644,0.21109860241597644,0.0,0.0
2005-12-17,0.00907799488195926,0.00907799488195926,1.9765371527880498,1.9765371527880498,0.0,0.0
2005-12-18,0.007781138470250793,0.007781138470250793,6.129667841707774,6.129667841707774,0.0,0.0
2005-12-19,0.00907799488195926,0.00907799488195926,4.038406246592572,4.038406246592572,0.0,0.0
2005-12-20,0.00907799488195926,0.00907799488195926,1.967713144865153,1.967713144865153,0.0,0.0
2005-12-21,0.00907799488195926,0.00907799488195926,2.818381382274894,2.818381382274894,0.0,0.0
2005-12-22,0.007781138470250793,0.007781138470250793,2.201873937617808,2.201873937617808,0.0,0.0
2005-12-23,0.006484282058542328,0.006484282058542328,0.6272813008463867,0.6272813008463867,0.0,0.0
2005-12-24,0.006484282058542328,0.006484282058542328,0.35392339791958777,0.35392339791958777,0.0,0.0
2005-12-25,0.006484282058542328,0.006484282058542328,4.384634896142864,4.384634896142864,0.0,0.0
2005-12-26,0.006484282058542328,0.006484282058542328,5.716686089895842,5.716686089895842,0.0,0.0
2005-12-27,0.007781138470250793,0.007781138470250793,3.4383353587793053,3.4383353587793053,0.0,0.0
2005-12-28,0.007781138470250793,0.007781138470250793,3.1269012560047216,3.1269012560047216,0.0,0.0
2005-12-29,0.007781138470250793,0.007781138470250793,1.790509902478184,1.790509902478184,0.0,0.0
2005-12-30,0.007781138470250793,0.007781138470250793,9.083396234480807,9.083396234480807,0.0,0.0
2005-12-31,0.007781138470250793,0.007781138470250793,10.0,10.0,0.0,0.0
2006-01-01,0.007781138470250793,0.007781138470250793,10.0,10.0,0.0,0.0
2006-01-02,0.007781138470250793,0.007781138470250793,10.0,10.0,0.0,0.0
2006-01-03,0.007781138470250793,0.007781138470250793,10.0,10.0,0.0,0.0
2006-01-04,0.007781138470250793,0.007781138470250793,10.0,10.0,0.0,0.0
2006-01-05,0.007781138470250793,0.007781138470250793,10.0,10.0,0.0,0.0
2006-01-06,0.007781138470250793,0.007781138470250793,3.3618530031681133,3.3618530031681133,0.0,0.0
2006-01-07,0.007781138470250793,0.007781138470250793,2.9121807935543247,2.9121807935543247,0.0,0.0
2006-01-08,0.007781138470250793,0.007781138470250793,3.0009572223218983,3.0009572223218983,0.0,0.0
2006-01-09,0.007781138470250793,0.007781138470250793,2.84125540400594,2.84125540400594,0.0,0.0
2006-01-10,0.007781138470250793,0.007781138470250793,2.743426723061874,2.743426723061874,0.0,0.0
2006-01-11,0.007781138470250793,0.007781138470250793,2.681327962879684,2.681327962879684,0.0,0.0
2006-01-12,0.007781138470250793,0.007781138470250793,2.5400961760956853,2.5400961760956853,0.0,0.0
2006-01-13,0.007781138470250793,0.007781138470250793,3.376264941303183,3.376264941303183,0.0,0.0
2006-01-14,0.007781138470250793,0.007781138470250793,5.292961057399309,5.292961057399309,0.0,0.0
2006-01-15,0.007781138470250793,0.007781138470250793,3.712187893983832,3.712187893983832,0.0,0.0
2006-01-16,0.007781138470250793,0.007781138470250793,2.9299426346174458,2.9299426346174458,0.0,0.0
2006-01-17,0.007781138470250793,0.007781138470250793,3.890028394547563,3.890028394547563,0.0,0.0
2006-01-18,0.007781138470250793,0.007781138470250793,6.32632793900173,6.32632793900173,0.0,0.0
2006-01-19,0.007781138470250793,0.007781138470250793,4.939086819686117,4.939086819686117,0.0,0.0
2006-01-20,0.007781138470250793,0.007781138470250793,4.0507417217928765,4.0507417217928765,0.0,0.0
2006-01-21,0.007781138470250793,0.007781138470250793,4.0977049919339406,4.0977049919339406,0.0,0.0
2006-01-22,0.007781138470250793,0.007781138470250793,4.081419585892154,4.081419585892154,0.0,0.0
2006-01-23,0.007781138470250793,0.007781138470250793,3.9759241383014765,3.9759241383014765,0.0,0.0
2006-01-24,0.007781138470250793,0.007781138470250793,3.849035292758744,3.849035292758744,0.0,0.0
2006-01-25,0.007781138470250793,0.007781138470250793,3.6387498828535163,3.6387498828535163,0.0,0.0
2006-01-26,0.007781138470250793,0.007781138470250793,3.448941539198207,3.448941539198207,0.0,0.0
2006-01-27,0.007781138470250793,0.007781138470250793,3.2642859516125635,3.2642859516125635,0.0,0.0
2006-01-28,0.007781138470250793,0.007781138470250793,3.162574368012637,3.162574368012637,0.0,0.0
2006-01-29,0.007781138470250793,0.007781138470250793,3.029682302117463,3.029682302117463,0.0,0.0
2006-01-30,0.007781138470250793,0.007781138470250793,3.3120639942383545,3.3120639942383545,0.0,0.0
2006-01-31,0.007781138470250793,0.007781138470250793,2.941265644348381,2.941265644348381,0.0,0.0
2006-02-01,0.007781138470250793,0.007781138470250793,2.4451690253259,2.4451690253259,0.0,0.0
2006-02-02,0.010374851293667725,0.010374851293667725,2.334091688537078,2.334091688537078,0.0,0.0
2006-02-03,0.010374851293667725,0.010374851293667725,2.2123811073872264,2.2123811073872264,0.0,0.0
2006-02-04,0.010374851293667725,0.010374851293667725,2.133383387781249,2.133383387781249,0.0,0.0
2006-02-05,0.010374851293667725,0.010374851293667725,2.034743633404719,2.034743633404719,0.0,0.0
2006-02-06,0.010374851293667725,0.010374851293667725,1.9704226332160644,1.9704226332160644,0.0,0.0
2006-02-07,0.010374851293667725,0.010374851293667725,1.9626102320438639,1.9626102320438639,0.0,0.0
2006-02-08,0.007781138470250793,0.007781138470250793,2.028000857956076,2.028000857956076,0.0,0.0
2006-02-09,0.007781138470250793,0.007781138470250793,2.1137073177918646,2.1137073177918646,0.0,0.0
2006-02-10,0.007781138470250793,0.007781138470250793,2.264005623193762,2.264005623193762,0.0,0.0
2006-02-11,0.010374851293667725,0.010374851293667725,2.339756270531311,2.339756270531311,0.0,0.0
2006-02-12,0.010374851293667725,0.010374851293667725,2.362792083731867,2.362792083731867,0.0,0.0
2006-02-13,0.007781138470250793,0.007781138470250793,2.476219237202204,2.476219237202204,0.0,0.0
2006-02-14,0.007781138470250793,0.007781138470250793,2.4789908482349254,2.4789908482349254,0.0,0.0
2006-02-15,0.007781138470250793,0.007781138470250793,1.560330871359881,1.560330871359881,0.0,0.0
2006-02-16,0.007781138470250793,0.007781138470250793,1.5057474800176531,1.5057474800176531,0.0,0.0
2006-02-17,0.0,0.0,1.5571911601146564,1.5571911601146564,0.0,0.0
2006-02-18,0.0,0.0,1.8737783394083245,1.8737783394083245,0.0,0.0
2006-02-19,0.0,0.0,1.6771816265560573,1.6771816265560573,0.0,0.0
2006-02-20,0.0,0.0,1.3979320309327652,1.3979320309327652,0.0,0.0
2006-02-21,0.0,0.0,1.3478285285333915,1.3478285285333915,0.0,0.0
2006-02-22,0.0,0.0,1.3214845054859807,1.3214845054859807,0.0,0.0
2006-02-23,0.0,0.0,1.3541922357712757,1.3541922357712757,0.0,0.0
2006-02-24,0.0,0.0,1.2920622163639808,1.2920622163639808,0.0,0.0
2006-02-25,0.0,0.0,1.2333822507973258,1.2333822507973258,0.0,0.0
2006-02-26,0.0,0.0,2.519312111605851,2.519312111605851,0.0,0.0
2006-02-27,0.0,0.0,10.0,10.0,0.0,0.0
2006-02-28,0.0,0.0,9.893561009325326,9.893561009325326,0.0,0.0
2006-03-01,0.0,0.0,3.4795066653169626,3.4795066653169626,0.0,0.0
2006-03-02,0.0,0.0,4.520065972729236,4.520065972729236,0.0,0.0
2006-03-03,0.0,0.0,5.835782556848656,5.835782556848656,0.0,0.0
2006-03-04,0.0,0.0,4.891091622148001,4.891091622148001,0.0,0.0
2006-03-05,0.0,0.0,5.28431421824892,5.28431421824892,0.0,0.0
2006-03-06,0.0,0.0,5.663928004548791,5.663928004548791,0.0,0.0
2006-03-07,0.0,0.0,5.193095427527323,5.193095427527323,0.0,0.0
2006-03-08,0.0,0.0,4.978093261141281,4.978093261141281,0.0,0.0
2006-03-09,0.0,0.0,5.03465654511028,5.03465654511028,0.0,0.0
2006-03-10,0.0,0.0,5.1830993789372855,5.1830993789372855,0.0,0.0
2006-03-11,0.0,0.0,4.975170396430261,4.975170396430261,0.0,0.0
2006-03-12,0.0,0.0,4.742293603390243,4.742293603390243,0.0,0.0
2006-03-13,0.0,0.0,4.968791551965699,4.968791551965699,0.0,0.0
2006-03-14,0.0,0.0,5.268677468974933,5.268677468974933,0.0,0.0
2006-03-15,0.0,0.0,4.702754262031511,4.702754262031511,0.0,0.0
2006-03-16,0.0,0.0,4.874560893557414,4.874560893557414,0.0,0.0
2006-03-17,0.0,0.0,6.055041023037366,6.055041023037366,0.0,0.0
2006-03-18,0.0,0.0,5.410356570491089,5.410356570491089,0.0,0.0
2006-03-19,0.0,0.0,4.883641110155334,4.883641110155334,0.0,0.0
2006-03-20,0.0,0.0,6.00721055560248,6.00721055560248,0.0,0.0
2006-03-21,0.0,0.0,5.4258844065056175,5.4258844065056175,0.0,0.0
2006-03-22,0.0,0.0,4.834223506267795,4.834223506267795,0.0,0.0
2006-03-23,0.0,0.0,4.864131680940349,4.864131680940349,0.0,0.0
2006-03-24,0.0,0.0,5.3054176307913385,5.3054176307913385,0.0,0.0
2006-03-25,0.0,0.0,6.7951943389224745,6.7951943389224745,0.0,0.0
2006-03-26,0.0,0.0,5.458918240621256,5.458918240621256,0.0,0.0
2006-03-27,0.0,0.0,5.966356477949904,5.966356477949904,0.0,0.0
2006-03-28,0.0,0.0,8.773271186652348,8.773271186652348,0.0,0.0
2006-03-29,0.0,0.0,7.487028009169151,7.487028009169151,0.0,0.0
2006-03-30,0.0,0.0,6.726829516288352,6.726829516288352,0.0,0.0
2006-03-31,0.0,0.0,9.001234220556274,9.001234220556274,0.0,0.0
2006-04-01,0.0,0.0,9.712577203970362,9.712577203970362,0.0,0.0
2006-04-02,0.06873338982054866,0.06873338982054866,10.0,10.0,0.0,0.0
2006-04-03,0.06873338982054866,0.06873338982054866,10.0,10.0,0.0,0.0
2006-04-04,0.07392081546738254,0.07392081546738254,10.0,10.0,0.0,0.0
2006-04-05,0.07521767187909101,0.07521767187909101,9.999999999999996,9.999999999999996,0.0,0.0
2006-04-06,0.07262395905567408,0.07262395905567408,9.999999999999995,9.999999999999995,0.0,0.0
2006-04-07,0.07262395905567408,0.07262395905567408,9.999999999999995,9.999999999999995,0.0,0.0
2006-04-08,0.07262395905567408,0.07262395905567408,10.000000000000002,10.000000000000002,0.0,0.0
2006-04-09,0.06484282058542327,0.06484282058542327,10.000000000000002,10.000000000000002,0.0,0.0
2006-04-10,0.07781138470250792,0.07781138470250792,9.999999999999991,9.999999999999991,0.0,0.0
2006-04-11,0.08040509752592487,0.08040509752592487,10.000000000000002,10.000000000000002,0.0,0.0
2006-04-12,0.09207680523130105,0.09207680523130105,10.0,10.0,0.0,0.0
2006-04-13,0.07651452829079947,0.07651452829079947,10.000000000000002,10.000000000000002,0.0,0.0
2006-04-14,0.07651452829079947,0.07651452829079947,10.000000000000002,10.000000000000002,0.0,0.0
2006-04-15,0.06484282058542327,0.06484282058542327,10.000000000000002,10.000000000000002,0.0,0.0
2006-04-16,0.06484282058542327,0.06484282058542327,10.000000000000002,10.000000000000002,0.0,0.0
2006-04-17,0.06484282058542327,0.06484282058542327,10.000000000000002,10.000000000000002,0.0,0.0
2006-04-18,0.06484282058542327,0.06484282058542327,10.000000000000002,10.000000000000002,0.0,0.0
2006-04-19,0.0829988103493418,0.0829988103493418,9.999999999999996,9.999999999999996,0.0,0.0
2006-04-20,0.0829988103493418,0.0829988103493418,9.999999999999996,9.999999999999996,0.0,0.0
2006-04-21,0.08429566676105026,0.08429566676105026,10.0,10.0,0.0,0.0
2006-04-22,0.0907799488195926,0.0907799488195926,9.999999999999995,9.999999999999995,0.0,0.0
2006-04-23,0.09207680523130105,0.09207680523130105,10.0,10.0,0.0,0.0
2006-04-24,0.10374851293667725,0.10374851293667725,9.999999999999998,9.999999999999998,0.0,0.0
2006-04-25,0.10374851293667725,0.10374851293667725,9.999999999999998,9.999999999999998,0.0,0.0
2006-04-26,0.10115480011326032,0.10115480011326032,10.000000000000004,10.000000000000004,0.0,0.0
2006-04-27,0.10374851293667725,0.10374851293667725,9.999999999999998,9.999999999999998,0.0,0.0
2006-04-28,0.10245165652496876,0.10245165652496876,9.999999999999995,9.999999999999995,0.0,0.0
2006-04-29,0.0972642308781349,0.0972642308781349,10.000000000000004,10.000000000000004,0.0,0.0
2006-04-30,0.07651452829079947,0.07651452829079947,10.000000000000002,10.000000000000002,0.0,0.0
2006-05-01,0.07781138470250792,0.07781138470250792,10.000000000000005,10.000000000000005,0.0,0.0
2006-05-02,0.06484282058542327,0.06484282058542327,10.000000000000002,10.000000000000002,0.0,0.0
2006-05-03,0.06484282058542327,0.06484282058542327,10.000000000000002,10.000000000000002,0.0,0.0
2006-05-04,0.06354596417371482,0.06354596417371482,9.999999999999998,9.999999999999998,0.0,0.0
2006-05-05,0.06354596417371482,0.06354596417371482,9.999999999999998,9.999999999999998,0.0,0.0
2006-05-06,0.06354596417371482,0.06354596417371482,9.999999999999998,9.999999999999998,0.0,0.0
2006-05-07,0.06484282058542327,0.06484282058542327,10.000000000000002,10.000000000000002,0.0,0.0
2006-05-08,0.07003024623225713,0.07003024623225713,9.999999999999993,9.999999999999993,0.0,0.0
2006-05-09,0.06873338982054866,0.06873338982054866,10.000000000000002,10.000000000000002,0.0,0.0
2006-05-10,0.07003024623225713,0.07003024623225713,9.999999999999979,9.999999999999979,0.0,0.0
2006-05-11,0.07132710264396559,0.07132710264396559,10.00000000000001,10.00000000000001,0.0,0.0
2006-05-12,0.0907799488195926,0.0907799488195926,9.99999999999998,9.99999999999998,0.0,0.0
2006-05-13,0.10374851293667725,0.10374851293667725,9.999999999999998,9.999999999999998,0.0,0.0
2006-05-14,0.1089359385835111,0.1089359385835111,9.99999999999999,9.99999999999999,0.0,0.0
2006-05-15,0.11152965140692804,0.11152965140692804,9.999999999999998,9.999999999999998,0.0,0.0
2006-05-16,0.12320135911230422,0.12320135911230422,9.999999999999996,9.999999999999996,0.0,0.0
2006-05-17,0.12320135911230422,0.12320135911230422,10.000000000000025,10.000000000000025,0.0,0.0
2006-05-18,0.11282650781863648,0.11282650781863648,9.999999999999988,9.999999999999988,0.0,0.0
2006-05-19,0.11282650781863648,0.11282650781863648,9.999999999999988,9.999999999999988,0.0,0.0
2006-05-20,0.11152965140692804,0.11152965140692804,10.000000000000027,10.000000000000027,0.0,0.0
2006-05-21,0.11282650781863648,0.11282650781863648,9.999999999999988,9.999999999999988,0.0,0.0
2006-05-22,0.14006049246451427,0.14006049246451427,9.999999999999986,9.999999999999986,0.0,0.0
2006-05-23,0.14006049246451427,0.14006049246451427,9.999999999999986,9.999999999999986,0.0,0.0
2006-05-24,0.14135734887622275,0.14135734887622275,10.000000000000004,10.000000000000004,0.0,0.0
2006-05-25,0.14135734887622275,0.14135734887622275,10.000000000000004,10.000000000000004,0.0,0.0
2006-05-26,0.14913848734647353,0.14913848734647353,10.000000000000004,10.000000000000004,0.0,0.0
2006-05-27,0.14654477452305661,0.14654477452305661,10.000000000000023,10.000000000000023,0.0,0.0
2006-05-28,0.14913848734647353,0.14913848734647353,10.000000000000004,10.000000000000004,0.0,0.0
2006-05-29,0.15173220016989047,0.15173220016989047,9.999999999999984,9.999999999999984,0.0,0.0
2006-05-30,0.14913848734647353,0.14913848734647353,10.000000000000004,10.000000000000004,0.0,0.0
2006-05-31,0.15173220016989047,0.15173220016989047,9.999999999999984,9.999999999999984,0.0,0.0
2006-06-01,0.15173220016989047,0.15173220016989047,9.999999999999984,9.999999999999984,0.0,0.0
2006-06-02,0.13357621040597195,0.13357621040597195,10.000000000000005,10.000000000000005,0.0,0.0
2006-06-03,0.14913848734647353,0.14913848734647353,10.000000000000004,10.000000000000004,0.0,0.0
2006-06-04,0.14524791811134816,0.14524791811134816,10.000000000000004,10.000000000000004,0.0,0.0
2006-06-05,0.14524791811134816,0.14524791811134816,10.000000000000004,10.000000000000004,0.0,0.0
2006-06-06,0.1582164822284328,0.1582164822284328,10.000000000000021,10.000000000000021,0.0,0.0
2006-06-07,0.15173220016989047,0.15173220016989047,9.999999999999984,9.999999999999984,0.0,0.0
2006-06-08,0.15173220016989047,0.15173220016989047,9.999999999999984,9.999999999999984,0.0,0.0
2006-06-09,0.15173220016989047,0.15173220016989047,9.999999999999927,9.999999999999927,0.0,0.0
2006-06-10,0.15173220016989047,0.15173220016989047,10.00000000000004,10.00000000000004,0.0,0.0
2006-06-11,0.15173220016989047,0.15173220016989047,10.00000000000004,10.00000000000004,0.0,0.0
2006-06-12,0.14913848734647353,0.14913848734647353,10.000000000000004,10.000000000000004,0.0,0.0
2006-06-13,0.1659976206986836,0.1659976206986836,10.00000000000002,10.00000000000002,0.0,0.0
2006-06-14,0.1647007642869751,0.1647007642869751,10.000000000000002,10.000000000000002,0.0,0.0
2006-06-15,0.16340390787526665,0.16340390787526665,9.999999999999982,9.999999999999982,0.0,0.0
2006-06-16,0.15562276940501585,0.15562276940501585,9.999999999999984,9.999999999999984,0.0,0.0
2006-06-17,0.15562276940501585,0.15562276940501585,9.999999999999984,9.999999999999984,0.0,0.0
2006-06-18,0.15691962581672436,0.15691962581672436,10.000000000000002,10.000000000000002,0.0,0.0
2006-06-19,0.15562276940501585,0.15562276940501585,9.999999999999984,9.999999999999984,0.0,0.0
2006-06-20,0.15562276940501585,0.15562276940501585,9.999999999999984,9.999999999999984,0.0,0.0
2006-06-21,0.1543259129933074,0.1543259129933074,9.999999999999908,9.999999999999908,0.0,0.0
2006-06-22,0.16340390787526665,0.16340390787526665,10.000000000000039,10.000000000000039,0.0,0.0
2006-06-23,0.1647007642869751,0.1647007642869751,10.000000000000002,10.000000000000002,0.0,0.0
2006-06-24,0.16210705146355817,0.16210705146355817,9.999999999999964,9.999999999999964,0.0,0.0
2006-06-25,0.16210705146355817,0.16210705146355817,10.000000000000021,10.000000000000021,0.0,0.0
2006-06-26,0.17118504634551746,0.17118504634551746,9.999999999999982,9.999999999999982,0.0,0.0
2006-06-27,0.17118504634551746,0.17118504634551746,9.999999999999982,9.999999999999982,0.0,0.0
2006-06-28,0.15951333864014125,0.15951333864014125,9.999999999999984,9.999999999999984,0.0,0.0
2006-06-29,0.15302905658159893,0.15302905658159893,10.000000000000004,10.000000000000004,0.0,0.0
2006-06-30,0.16340390787526665,0.16340390787526665,9.999999999999982,9.999999999999982,0.0,0.0
2006-07-01,0.16340390787526665,0.16340390787526665,9.999999999999982,9.999999999999982,0.0,0.0
2006-07-02,0.16340390787526665,0.16340390787526665,9.999999999999982,9.999999999999982,0.0,0.0
2006-07-03,0.16340390787526665,0.16340390787526665,9.999999999999982,9.999999999999982,0.0,0.0
2006-07-04,0.16340390787526665,0.16340390787526665,10.000000000000039,10.000000000000039,0.0,0.0
2006-07-05,0.16340390787526665,0.16340390787526665,9.999999999999982,9.999999999999982,0.0,0.0
2006-07-06,0.16340390787526665,0.16340390787526665,9.999999999999982,9.999999999999982,0.0,0.0
2006-07-07,0.15951333864014125,0.15951333864014125,10.00000000000004,10.00000000000004,0.0,0.0
2006-07-08,0.15691962581672436,0.15691962581672436,10.000000000000002,10.000000000000002,0.0,0.0
2006-07-09,0.16729447711039205,0.16729447711039205,10.000000000000039,10.000000000000039,0.0,0.0
2006-07-10,0.17248190275722594,0.17248190275722594,10.0,10.0,0.0,0.0
2006-07-11,0.1685913335221005,0.1685913335221005,9.999999999999945,9.999999999999945,0.0,0.0
2006-07-12,0.16340390787526665,0.16340390787526665,9.999999999999982,9.999999999999982,0.0,0.0
2006-07-13,0.16340390787526665,0.16340390787526665,9.999999999999982,9.999999999999982,0.0,0.0
2006-07-14,0.1543259129933074,0.1543259129933074,9.999999999999964,9.999999999999964,0.0,0.0
2006-07-15,0.15951333864014125,0.15951333864014125,9.999999999999984,9.999999999999984,0.0,0.0
2006-07-16,0.16340390787526665,0.16340390787526665,9.999999999999982,9.999999999999982,0.0,0.0
2006-07-17,0.16081019505184974,0.16081019505184974,10.000000000000002,10.000000000000002,0.0,0.0
2006-07-18,0.16340390787526665,0.16340390787526665,9.999999999999982,9.999999999999982,0.0,0.0
2006-07-19,0.1647007642869751,0.1647007642869751,10.000000000000002,10.000000000000002,0.0,0.0
2006-07-20,0.16081019505184974,0.16081019505184974,10.000000000000002,10.000000000000002,0.0,0.0
2006-07-21,0.169888189933809,0.169888189933809,10.00000000000002,10.00000000000002,0.0,0.0
2006-07-22,0.16729447711039205,0.16729447711039205,9.999999999999982,9.999999999999982,0.0,0.0
2006-07-23,0.16729447711039205,0.16729447711039205,9.999999999999982,9.999999999999982,0.0,0.0
2006-07-24,0.16729447711039205,0.16729447711039205,9.999999999999982,9.999999999999982,0.0,0.0
2006-07-25,0.1659976206986836,0.1659976206986836,10.00000000000002,10.00000000000002,0.0,0.0
2006-07-26,0.16729447711039205,0.16729447711039205,9.999999999999982,9.999999999999982,0.0,0.0
2006-07-27,0.16729447711039205,0.16729447711039205,9.999999999999982,9.999999999999982,0.0,0.0
2006-07-28,0.16340390787526665,0.16340390787526665,9.999999999999982,9.999999999999982,0.0,0.0
2006-07-29,0.1659976206986836,0.1659976206986836,10.00000000000002,10.00000000000002,0.0,0.0
2006-07-30,0.1647007642869751,0.1647007642869751,10.000000000000002,10.000000000000002,0.0,0.0
2006-07-31,0.1647007642869751,0.1647007642869751,10.000000000000002,10.000000000000002,0.0,0.0
2006-08-01,0.16729447711039205,0.16729447711039205,9.999999999999982,9.999999999999982,0.0,0.0
2006-08-02,0.15302905658159893,0.15302905658159893,10.000000000000004,10.000000000000004,0.0,0.0
2006-08-03,0.1543259129933074,0.1543259129933074,10.000000000000021,10.000000000000021,0.0,0.0
2006-08-04,0.15562276940501585,0.15562276940501585,9.999999999999984,9.999999999999984,0.0,0.0
2006-08-05,0.15302905658159893,0.15302905658159893,10.000000000000004,10.000000000000004,0.0,0.0
2006-08-06,0.1543259129933074,0.1543259129933074,10.000000000000021,10.000000000000021,0.0,0.0
2006-08-07,0.16081019505184974,0.16081019505184974,10.000000000000002,10.000000000000002,0.0,0.0
2006-08-08,0.1543259129933074,0.1543259129933074,10.000000000000021,10.000000000000021,0.0,0.0
2006-08-09,0.14654477452305661,0.14654477452305661,10.000000000000023,10.000000000000023,0.0,0.0
2006-08-10,0.14654477452305661,0.14654477452305661,10.000000000000023,10.000000000000023,0.0,0.0
2006-08-11,0.14654477452305661,0.14654477452305661,10.000000000000023,10.000000000000023,0.0,0.0
2006-08-12,0.1543259129933074,0.1543259129933074,9.999999999999993,9.999999999999993,0.0,0.0
2006-08-13,0.14524791811134816,0.14524791811134816,10.000000000000004,10.000000000000004,0.0,0.0
2006-08-14,0.15302905658159893,0.15302905658159893,10.000000000000004,10.000000000000004,0.0,0.0
2006-08-15,0.14524791811134816,0.14524791811134816,10.000000000000004,10.000000000000004,0.0,0.0
2006-08-16,0.14524791811134816,0.14524791811134816,10.000000000000004,10.000000000000004,0.0,0.0
2006-08-17,0.14006049246451427,0.14006049246451427,9.999999999999986,9.999999999999986,0.0,0.0
2006-08-18,0.13487306681768044,0.13487306681768044,9.999999999999995,9.999999999999995,0.0,0.0
2006-08-19,0.12190450270059575,0.12190450270059575,10.000000000000005,10.000000000000005,0.0,0.0
2006-08-20,0.12320135911230422,0.12320135911230422,9.999999999999996,9.999999999999996,0.0,0.0
2006-08-21,0.1089359385835111,0.1089359385835111,9.99999999999999,9.99999999999999,0.0,0.0
2006-08-22,0.1089359385835111,0.1089359385835111,9.99999999999999,9.99999999999999,0.0,0.0
2006-08-23,0.10504536934838571,0.10504536934838571,9.99999999999999,9.99999999999999,0.0,0.0
2006-08-24,0.10504536934838571,0.10504536934838571,9.99999999999999,9.99999999999999,0.0,0.0
2006-08-25,0.11931078987717883,0.11931078987717883,9.999999999999996,9.999999999999996,0.0,0.0
2006-08-26,0.11801393346547037,0.11801393346547037,10.000000000000007,10.000000000000007,0.0,0.0
2006-08-27,0.12968564117084655,0.12968564117084655,10.000000000000005,10.000000000000005,0.0,0.0
2006-08-28,0.12190450270059575,0.12190450270059575,10.000000000000005,10.000000000000005,0.0,0.0
2006-08-29,0.1089359385835111,0.1089359385835111,10.000000000000004,10.000000000000004,0.0,0.0
2006-08-30,0.10374851293667725,0.10374851293667725,9.999999999999998,9.999999999999998,0.0,0.0
2006-08-31,0.10245165652496876,0.10245165652496876,9.999999999999995,9.999999999999995,0.0,0.0
2006-09-01,0.10245165652496876,0.10245165652496876,10.000000000000009,10.000000000000009,0.0,0.0
2006-09-02,0.10374851293667725,0.10374851293667725,9.999999999999998,9.999999999999998,0.0,0.0
2006-09-03,0.10374851293667725,0.10374851293667725,9.999999999999998,9.999999999999998,0.0,0.0
2006-09-04,0.10374851293667725,0.10374851293667725,10.000000000000002,10.000000000000002,0.0,0.0
2006-09-05,0.10374851293667725,0.10374851293667725,9.999999999999998,9.999999999999998,0.0,0.0
2006-09-06,0.10374851293667725,0.10374851293667725,9.999999999999998,9.999999999999998,0.0,0.0
2006-09-07,0.11801393346547037,0.11801393346547037,6.626076551937574,6.626076551937574,0.0,0.0
2006-09-08,0.11801393346547037,0.11801393346547037,0.0009662274259122222,0.0009662274259122222,0.0,0.0
2006-09-09,0.1129979081264754,0.1129979081264754,0.0,0.0,0.0,0.0
2006-09-10,0.1081357319775442,0.1081357319775442,0.0,0.0,0.0,0.0
2006-09-11,0.1040425841069315,0.1040425841069315,0.0,0.0,0.0,0.0
2006-09-12,0.1002784705009341,0.1002784705009341,0.0,0.0,0.0,0.0
2006-09-13,0.08818623599617564,0.08818623599617564,0.008410589784481656,0.008410589784481656,0.0,0.0
2006-09-14,0.08818623599617564,0.08818623599617564,0.01954744474480176,0.01954744474480176,0.0,0.0
2006-09-15,0.07392081546738254,0.07392081546738254,0.017140112524732964,0.017140112524732964,0.0,0.0
2006-09-16,0.07392081546738254,0.07392081546738254,0.01610485326827417,0.01610485326827417,0.0,0.0
2006-09-17,0.07392081546738254,0.07392081546738254,0.015444226477705464,0.015444226477705464,0.0,0.0
2006-09-18,0.07392081546738254,0.07392081546738254,0.014592099789965368,0.014592099789965368,0.0,0.0
2006-09-19,0.07392081546738254,0.07392081546738254,0.013393674028231162,0.013393674028231162,0.0,0.0
2006-09-20,0.07392081546738254,0.07392081546738254,0.012021369458901268,0.012021369458901268,0.0,0.0
2006-09-21,0.0847275435458779,0.0847275435458779,0.0,0.0,0.0,0.0
2006-09-22,0.0837992852070441,0.0837992852070441,0.0,0.0,0.0,0.0
2006-09-23,0.0831689868336517,0.0831689868336517,0.0,0.0,0.0,0.0
2006-09-24,0.0825520284906467,0.0825520284906467,0.0,0.0,0.0,0.0
2006-09-25,0.0816644399833597,0.0816644399833597,0.0,0.0,0.0,0.0
2006-09-26,0.0806536647484161,0.0806536647484161,0.0,0.0,0.0,0.0
2006-09-27,0.07392081546738254,0.07392081546738254,0.005693454184822658,0.005693454184822658,0.0,0.0
2006-09-28,0.06743653340884022,0.06743653340884022,0.011122130663124577,0.011122130663124577,0.0,0.0
2006-09-29,0.06873338982054866,0.06873338982054866,0.00882700064492034,0.00882700064492034,0.0,0.0
2006-09-30,0.07003024623225713,0.07003024623225713,0.007008449665635366,0.007008449665635366,0.0,0.0
2006-10-01,0.042796261586379336,0.042796261586379336,0.34811840969969476,0.34811840969969476,0.0,0.0
2006-10-02,0.042796261586379364,0.042796261586379364,0.10361968934123583,0.10361968934123583,0.0,0.0
2006-10-03,0.042796261586379364,0.042796261586379364,0.04771409193705664,0.04771409193705664,0.0,0.0
2006-10-04,0.04279626158637939,0.04279626158637939,0.6011225017576307,0.6011225017576307,0.0,0.0
2006-10-05,0.04279626158637939,0.04279626158637939,0.6177823691229853,0.6177823691229853,0.0,0.0
2006-10-06,0.042796261586379364,0.042796261586379364,0.15189589184390584,0.15189589184390584,0.0,0.0
2006-10-07,0.0414994051746709,0.0414994051746709,0.0619071397168087,0.0619071397168087,0.0,0.0
2006-10-08,0.05576482570346403,0.05576482570346403,0.06482920655528937,0.06482920655528937,0.0,0.0
2006-10-09,0.05706168211517248,0.05706168211517248,0.05365675493302922,0.05365675493302922,0.0,0.0
2006-10-10,0.04668683082150476,0.04668683082150476,0.05238404411522315,0.05238404411522315,0.0,0.0
2006-10-11,0.0453899744097963,0.0453899744097963,0.0432685526465089,0.0432685526465089,0.0,0.0
2006-10-12,0.0453899744097963,0.0453899744097963,0.046671856426555004,0.046671856426555004,0.0,0.0
2006-10-13,0.0453899744097963,0.0453899744097963,0.0518394524387091,0.0518394524387091,0.0,0.0
2006-10-14,0.0453899744097963,0.0453899744097963,0.0445773088822616,0.0445773088822616,0.0,0.0
2006-10-15,0.03631197952783704,0.03631197952783704,0.062003327323432465,0.062003327323432465,0.0,0.0
2006-10-16,0.042796261586379364,0.042796261586379364,0.05361576814555313,0.05361576814555313,0.0,0.0
2006-10-17,0.04409311799808782,0.04409311799808782,0.041498040655095575,0.041498040655095575,0.0,0.0
2006-10-18,0.042796261586379364,0.042796261586379364,0.04276200035007914,0.04276200035007914,0.0,0.0
2006-10-19,0.042796261586379364,0.042796261586379364,0.04383080890139124,0.04383080890139124,0.0,0.0
2006-10-20,0.042796261586379364,0.042796261586379364,0.048711857062233535,0.048711857062233535,0.0,0.0
2006-10-21,0.042796261586379364,0.042796261586379364,0.04266608547672404,0.04266608547672404,0.0,0.0
2006-10-22,0.042796261586379364,0.042796261586379364,0.04261656014868634,0.04261656014868634,0.0,0.0
2006-10-23,0.042796261586379364,0.042796261586379364,0.04253398223212844,0.04253398223212844,0.0,0.0
2006-10-24,0.04928054364492169,0.04928054364492169,0.035951817345693214,0.035951817345693214,0.0,0.0
2006-10-25,0.04928054364492169,0.04928054364492169,0.03588369105248721,0.03588369105248721,0.0,0.0
2006-10-26,0.03371826670442011,0.03371826670442011,0.051423823736346096,0.051423823736346096,0.0,0.0
2006-10-27,0.03242141029271164,0.03242141029271164,0.052706239817893165,0.052706239817893165,0.0,0.0
2006-10-28,0.03371826670442011,0.03371826670442011,0.0513865038921676,0.0513865038921676,0.0,0.0
2006-10-29,0.03371826670442011,0.03371826670442011,0.051355676967279294,0.051355676967279294,0.0,0.0
2006-10-30,0.03371826670442011,0.03371826670442011,0.051325237952039394,0.051325237952039394,0.0,0.0
2006-10-31,0.012968564117084663,0.012968564117084663,0.07205323289046933,0.07205323289046933,0.0,0.0
2006-11-01,0.012968564117084663,0.012968564117084663,0.10357142449624934,0.10357142449624934,0.0,0.0
2006-11-02,0.012968564117084663,0.012968564117084663,0.07265078936323593,0.07265078936323593,0.0,0.0
2006-11-03,0.01296856411708465,0.01296856411708465,0.08673689154358805,0.08673689154358805,0.0,0.0
2006-11-04,0.01296856411708465,0.01296856411708465,0.07200411339172005,0.07200411339172005,0.0,0.0
2006-11-05,0.012968564117084663,0.012968564117084663,0.07005390291937863,0.07005390291937863,0.0,0.0
2006-11-06,0.01037485129366772,0.01037485129366772,0.07256306819253087,0.07256306819253087,0.0,0.0
2006-11-07,0.009077994881959262,0.009077994881959262,0.08241436672809904,0.08241436672809904,0.0,0.0
2006-11-08,0.009077994881959262,0.009077994881959262,0.07873967393672444,0.07873967393672444,0.0,0.0
2006-11-09,0.009077994881959262,0.009077994881959262,0.08100827659454934,0.08100827659454934,0.0,0.0
2006-11-10,0.009077994881959262,0.009077994881959262,0.09129690779083484,0.09129690779083484,0.0,0.0
2006-11-11,0.009077994881959262,0.009077994881959262,0.12606827766419013,0.12606827766419013,0.0,0.0
2006-11-12,0.01296856411708465,0.01296856411708465,0.10667005549173975,0.10667005549173975,0.0,0.0
2006-11-13,0.018155989763918523,0.018155989763918523,1.3627109799821553,1.3627109799821553,0.0,0.0
2006-11-14,0.018155989763918523,0.018155989763918523,1.1617392853606723,1.1617392853606723,0.0,0.0
2006-11-15,0.018155989763918523,0.018155989763918523,0.08593670608417397,0.08593670608417397,0.0,0.0
2006-11-16,0.018155989763918523,0.018155989763918523,0.11982583281062667,0.11982583281062667,0.0,0.0
2006-11-17,0.018155989763918523,0.018155989763918523,0.13865512375804007,0.13865512375804007,0.0,0.0
2006-11-18,0.018155989763918523,0.018155989763918523,0.17274994930369517,0.17274994930369517,0.0,0.0
2006-11-19,0.018155989763918523,0.018155989763918523,0.1826899108712479,0.1826899108712479,0.0,0.0
2006-11-20,0.018155989763918523,0.018155989763918523,0.14981469993828336,0.14981469993828336,0.0,0.0
2006-11-21,0.018155989763918523,0.018155989763918523,0.12175719377459326,0.12175719377459326,0.0,0.0
2006-11-22,0.018155989763918523,0.018155989763918523,0.09133859792827617,0.09133859792827617,0.0,0.0
2006-11-23,0.018155989763918523,0.018155989763918523,0.07397723271783897,0.07397723271783897,0.0,0.0
2006-11-24,0.018155989763918523,0.018155989763918523,0.06743257848104278,0.06743257848104278,0.0,0.0
2006-11-25,0.018155989763918523,0.018155989763918523,0.07641116057980217,0.07641116057980217,0.0,0.0
2006-11-26,0.018155989763918523,0.018155989763918523,0.32405478838970037,0.32405478838970037,0.0,0.0
2006-11-27,0.018155989763918523,0.018155989763918523,0.2943673096137073,0.2943673096137073,0.0,0.0
2006-11-28,0.018155989763918523,0.018155989763918523,0.11227102614444678,0.11227102614444678,0.0,0.0
2006-11-29,0.018155989763918523,0.018155989763918523,0.06664854958491367,0.06664854958491367,0.0,0.0
2006-11-30,0.018155989763918523,0.018155989763918523,0.06507045337882368,0.06507045337882368,0.0,0.0
2006-12-01,0.018155989763918523,0.018155989763918523,0.09696865867939618,0.09696865867939618,0.0,0.0
2006-12-02,0.018155989763918523,0.018155989763918523,0.11918285930568417,0.11918285930568417,0.0,0.0
2006-12-03,0.018155989763918523,0.018155989763918523,0.10119307564519638,0.10119307564519638,0.0,0.0
2006-12-04,0.01556227694050158,0.01556227694050158,0.09797796451458202,0.09797796451458202,0.0,0.0
2006-12-05,0.01556227694050158,0.01556227694050158,0.11518080660540672,0.11518080660540672,0.0,0.0
2006-12-06,0.018155989763918523,0.018155989763918523,0.11206869109589268,0.11206869109589268,0.0,0.0
2006-12-07,0.018155989763918523,0.018155989763918523,0.11946305651153077,0.11946305651153077,0.0,0.0
2006-12-08,0.018155989763918523,0.018155989763918523,0.29735107849626236,0.29735107849626236,0.0,0.0
2006-12-09,0.018155989763918523,0.018155989763918523,2.2032559512289405,2.2032559512289405,0.0,0.0
2006-12-10,0.018155989763918523,0.018155989763918523,2.097574665672286,2.097574665672286,0.0,0.0
2006-12-11,0.014265420528793094,0.014265420528793094,1.5265009809191088,1.5265009809191088,0.0,0.0
2006-12-12,0.011671707705376178,0.011671707705376178,0.9835088808463148,0.9835088808463148,0.0,0.0
2006-12-13,0.01037485129366772,0.01037485129366772,0.3161014330780333,0.3161014330780333,0.0,0.0
2006-12-14,0.009077994881959262,0.009077994881959262,0.310548435767017,0.310548435767017,0.0,0.0
2006-12-15,0.009077994881959262,0.009077994881959262,0.37608218485534795,0.37608218485534795,0.0,0.0
2006-12-16,0.009077994881959262,0.009077994881959262,0.415728046739796,0.415728046739796,0.0,0.0
2006-12-17,0.009077994881959262,0.009077994881959262,0.4006253347000016,0.4006253347000016,0.0,0.0
2006-12-18,0.0077811384702508035,0.0077811384702508035,0.2058462620031552,0.2058462620031552,0.0,0.0
2006-12-19,0.009077994881959262,0.009077994881959262,0.13647335531114163,0.13647335531114163,0.0,0.0
2006-12-20,0.009077994881959262,0.009077994881959262,0.29011554790603655,0.29011554790603655,0.0,0.0
2006-12-21,0.009077994881959262,0.009077994881959262,1.0273945558999698,1.0273945558999698,0.0,0.0
2006-12-22,0.007781138470250859,0.007781138470250859,1.162732635471306,1.162732635471306,0.0,0.0
2006-12-23,0.0064842820585423455,0.0064842820585423455,0.41739472476512335,0.41739472476512335,0.0,0.0
2006-12-24,0.006484282058542318,0.006484282058542318,0.2297079328139958,0.2297079328139958,0.0,0.0
2006-12-25,0.0064842820585423455,0.0064842820585423455,0.5548429833001497,0.5548429833001497,0.0,0.0
2006-12-26,0.0064842820585422345,0.0064842820585422345,2.2166065287153147,2.2166065287153147,0.0,0.0
2006-12-27,0.007781138470250859,0.007781138470250859,1.1862632171427092,1.1862632171427092,0.0,0.0
2006-12-28,0.0077811384702508035,0.0077811384702508035,0.2223645306391724,0.2223645306391724,0.0,0.0
2006-12-29,0.0077811384702508035,0.0077811384702508035,0.14255838802173149,0.14255838802173149,0.0,0.0
2006-12-30,0.0077811384702508035,0.0077811384702508035,0.3141627890221254,0.3141627890221254,0.0,0.0
2006-12-31,0.0077811384702508035,0.0077811384702508035,0.2829013595495807,0.2829013595495807,0.0,0.0
2007-01-01,0.0077811384702508035,0.0077811384702508035,0.1653172824133963,0.1653172824133963,0.0,0.0
2007-01-02,0.0077811384702508035,0.0077811384702508035,0.1866611999496187,0.1866611999496187,0.0,0.0
2007-01-03,0.007781138470250748,0.007781138470250748,0.9319399448437768,0.9319399448437768,0.0,0.0
2007-01-04,0.007781138470250859,0.007781138470250859,1.929890821916956,1.929890821916956,0.0,0.0
2007-01-05,0.007781138470250748,0.007781138470250748,0.8150451696432548,0.8150451696432548,0.0,0.0
2007-01-06,0.00778113847025079,0.00778113847025079,0.1207568027439949,0.1207568027439949,0.0,0.0
2007-01-07,0.0077811384702508035,0.0077811384702508035,0.1285564855394468,0.1285564855394468,0.0,0.0
2007-01-08,0.0077811384702508035,0.0077811384702508035,0.1761831612006024,0.1761831612006024,0.0,0.0
2007-01-09,0.0077811384702508035,0.0077811384702508035,0.1575328508790975,0.1575328508790975,0.0,0.0
2007-01-10,0.0077811384702508035,0.0077811384702508035,0.191393242235649,0.191393242235649,0.0,0.0
2007-01-11,0.0077811384702508035,0.0077811384702508035,0.1469151039055451,0.1469151039055451,0.0,0.0
2007-01-12,0.00778113847025079,0.00778113847025079,0.11468652749457961,0.11468652749457961,0.0,0.0
2007-01-13,0.00778113847025079,0.00778113847025079,0.10543711541786391,0.10543711541786391,0.0,0.0
2007-01-14,0.00778113847025079,0.00778113847025079,0.10565114537495882,0.10565114537495882,0.0,0.0
2007-01-15,0.00778113847025079,0.00778113847025079,0.10585167777628461,0.10585167777628461,0.0,0.0
2007-01-16,0.00778113847025079,0.00778113847025079,0.1106764881469517,0.1106764881469517,0.0,0.0
2007-01-17,0.0077811384702508035,0.0077811384702508035,0.12560520483516038,0.12560520483516038,0.0,0.0
2007-01-18,0.00778113847025079,0.00778113847025079,0.1187737183400545,0.1187737183400545,0.0,0.0
2007-01-19,0.0077811384702508035,0.0077811384702508035,0.1393566709754236,0.1393566709754236,0.0,0.0
2007-01-20,0.0077811384702508035,0.0077811384702508035,0.1402171075947774,0.1402171075947774,0.0,0.0
2007-01-21,0.0077811384702508035,0.0077811384702508035,0.1289976969392889,0.1289976969392889,0.0,0.0
2007-01-22,0.00778113847025079,0.00778113847025079,0.1193757921505242,0.1193757921505242,0.0,0.0
2007-01-23,0.00778113847025079,0.00778113847025079,0.12407164523698812,0.12407164523698812,0.0,0.0
2007-01-24,0.0077811384702508035,0.0077811384702508035,0.1680181445876089,0.1680181445876089,0.0,0.0
2007-01-25,0.0077811384702508035,0.0077811384702508035,0.2126676331000969,0.2126676331000969,0.0,0.0
2007-01-26,0.0077811384702508035,0.0077811384702508035,0.2191874284921884,0.2191874284921884,0.0,0.0
2007-01-27,0.0077811384702508035,0.0077811384702508035,0.2289680304502818,0.2289680304502818,0.0,0.0
2007-01-28,0.0077811384702508035,0.0077811384702508035,0.2959825596647244,0.2959825596647244,0.0,0.0
2007-01-29,0.0077811384702508035,0.0077811384702508035,0.140101287059973,0.140101287059973,0.0,0.0
2007-01-30,0.00778113847025079,0.00778113847025079,0.12135778366677881,0.12135778366677881,0.0,0.0
2007-01-31,0.00778113847025079,0.00778113847025079,0.1187706505304384,0.1187706505304384,0.0,0.0
2007-02-01,0.00778113847025079,0.00778113847025079,0.1013549760522677,0.1013549760522677,0.0,0.0
2007-02-02,0.01037485129366772,0.01037485129366772,0.10434953990047818,0.10434953990047818,0.0,0.0
2007-02-03,0.01037485129366772,0.01037485129366772,0.12259138797286198,0.12259138797286198,0.0,0.0
2007-02-04,0.01037485129366772,0.01037485129366772,0.17656557215866708,0.17656557215866708,0.0,0.0
2007-02-05,0.01037485129366772,0.01037485129366772,0.24959008664492588,0.24959008664492588,0.0,0.0
2007-02-06,0.01037485129366772,0.01037485129366772,0.2642405991666425,0.2642405991666425,0.0,0.0
2007-02-07,0.01037485129366772,0.01037485129366772,0.23670251219980318,0.23670251219980318,0.0,0.0
2007-02-08,0.007781138470250748,0.007781138470250748,0.571523851681131,0.571523851681131,0.0,0.0
2007-02-09,0.007781138470250859,0.007781138470250859,1.1458610584930178,1.1458610584930178,0.0,0.0
2007-02-10,0.007781138470250859,0.007781138470250859,6.076351560958829,6.076351560958829,0.0,0.0
2007-02-11,0.010374851293667664,0.010374851293667664,3.5798222373959914,3.5798222373959914,0.0,0.0
2007-02-12,0.01037485129366772,0.01037485129366772,0.16412419424188798,0.16412419424188798,0.0,0.0
2007-02-13,0.0077811384702508035,0.0077811384702508035,0.1649326426382347,0.1649326426382347,0.0,0.0
2007-02-14,0.0077811384702508035,0.0077811384702508035,0.13611385217744448,0.13611385217744448,0.0,0.0
2007-02-15,0.00778113847025079,0.00778113847025079,0.1237835290713188,0.1237835290713188,0.0,0.0
2007-02-16,0.0077811384702508035,0.0077811384702508035,0.1373783045196754,0.1373783045196754,0.0,0.0
2007-02-17,0.0,0.0,0.3548740942646701,0.3548740942646701,0.0,0.0
2007-02-18,0.0,0.0,0.5492001599762264,0.5492001599762264,0.0,0.0
2007-02-19,0.0,0.0,0.1642278427138759,0.1642278427138759,0.0,0.0
2007-02-20,0.0,0.0,0.1560022776419414,0.1560022776419414,0.0,0.0
2007-02-21,0.0,0.0,0.4427651461195026,0.4427651461195026,0.0,0.0
2007-02-22,0.0,0.0,1.688015386040497,1.688015386040497,0.0,0.0
2007-02-23,0.0,0.0,0.7708516866573197,0.7708516866573197,0.0,0.0
2007-02-24,0.0,0.0,0.2793120728675983,0.2793120728675983,0.0,0.0
2007-02-25,0.0,0.0,1.6188552239197227,1.6188552239197227,0.0,0.0
2007-02-26,0.0,0.0,3.559516451029671,3.559516451029671,0.0,0.0
2007-02-27,0.0,0.0,2.451279098428143,2.451279098428143,0.0,0.0
2007-02-28,0.0,0.0,0.6787848303119591,0.6787848303119591,0.0,0.0
2007-03-01,0.0,0.0,0.1974954418379718,0.1974954418379718,0.0,0.0
2007-03-02,0.0,0.0,0.2959146685711489,0.2959146685711489,0.0,0.0
2007-03-03,0.0,0.0,0.3388453391338282,0.3388453391338282,0.0,0.0
2007-03-04,0.0,0.0,0.3743237105927557,0.3743237105927557,0.0,0.0
2007-03-05,0.0,0.0,0.4265947728290418,0.4265947728290418,0.0,0.0
2007-03-06,0.0,0.0,0.4915042181301765,0.4915042181301765,0.0,0.0
2007-03-07,0.0,0.0,0.5325089359451511,0.5325089359451511,0.0,0.0
2007-03-08,0.0,0.0,0.4025232281893214,0.4025232281893214,0.0,0.0
2007-03-09,0.0,0.0,0.5248528128160083,0.5248528128160083,0.0,0.0
2007-03-10,0.0,0.0,0.3341646117012326,0.3341646117012326,0.0,0.0
2007-03-11,0.0,0.0,0.5458520450780772,0.5458520450780772,0.0,0.0
2007-03-12,0.0,0.0,1.1606646834350518,1.1606646834350518,0.0,0.0
2007-03-13,0.0,0.0,1.7995892986093949,1.7995892986093949,0.0,0.0
2007-03-14,0.0,0.0,2.191168208406791,2.191168208406791,0.0,0.0
2007-03-15,0.0,0.0,2.020684050231761,2.020684050231761,0.0,0.0
2007-03-16,0.0,0.0,2.3481936679695607,2.3481936679695607,0.0,0.0
2007-03-17,0.0,0.0,2.8317305221890736,2.8317305221890736,0.0,0.0
2007-03-18,0.0,0.0,2.6676524212025923,2.6676524212025923,0.0,0.0
2007-03-19,0.0,0.0,1.0027092469106649,1.0027092469106649,0.0,0.0
2007-03-20,0.0,0.0,1.1307983147122986,1.1307983147122986,0.0,0.0
2007-03-21,0.0,0.0,0.2781712009255578,0.2781712009255578,0.0,0.0
2007-03-22,0.0,0.0,0.2179455117319361,0.2179455117319361,0.0,0.0
2007-03-23,0.0,0.0,0.4965366657747886,0.4965366657747886,0.0,0.0
2007-03-24,0.0,0.0,0.8696960752260019,0.8696960752260019,0.0,0.0
2007-03-25,0.0,0.0,0.7990569192212246,0.7990569192212246,0.0,0.0
2007-03-26,0.0,0.0,1.6428298380065338,1.6428298380065338,0.0,0.0
2007-03-27,0.0,0.0,0.632946363736774,0.632946363736774,0.0,0.0
2007-03-28,0.0,0.0,0.188017668336491,0.188017668336491,0.0,0.0
2007-03-29,0.0,0.0,0.2042929053777971,0.2042929053777971,0.0,0.0
2007-03-30,0.0,0.0,0.3221244278335006,0.3221244278335006,0.0,0.0
2007-03-31,0.0,0.0,0.577705901432334,0.577705901432334,0.0,0.0
2007-04-01,0.0,0.0,0.7980286140565508,0.7980286140565508,0.0,0.0
2007-04-02,0.0,0.0,1.0222884863811552,1.0222884863811552,0.0,0.0
2007-04-03,0.0,0.0,1.7995389968031912,1.7995389968031912,0.0,0.0
2007-04-04,0.0,0.0,2.5229289357513407,2.5229289357513407,0.0,0.0
2007-04-05,0.0,0.0,2.342053282461735,2.342053282461735,0.0,0.0
2007-04-06,0.0,0.0,2.2483685207848985,2.2483685207848985,0.0,0.0
2007-04-07,0.0,0.0,2.617418691954952,2.617418691954952,0.0,0.0
2007-04-08,0.0,0.0,1.917805615091981,1.917805615091981,0.0,0.0
2007-04-09,0.0,0.0,1.3742275477869308,1.3742275477869308,0.0,0.0
2007-04-10,0.0,0.0,0.9698606460945748,0.9698606460945748,0.0,0.0
2007-04-11,0.0,0.0,1.038576998457382,1.038576998457382,0.0,0.0
2007-04-12,0.0,0.0,0.6320690515795993,0.6320690515795993,0.0,0.0
2007-04-13,0.0,0.0,0.5238545892975961,0.5238545892975961,0.0,0.0
2007-04-14,0.0,0.0,0.9694508014553868,0.9694508014553868,0.0,0.0
2007-04-15,0.0,0.0,0.643325229302288,0.643325229302288,0.0,0.0
2007-04-16,0.0,0.0,0.6674209099550004,0.6674209099550004,0.0,0.0
2007-04-17,0.0,0.0,0.5460919786256276,0.5460919786256276,0.0,0.0
2007-04-18,0.0,0.0,0.4858696647493731,0.4858696647493731,0.0,0.0
2007-04-19,0.0,0.0,0.4547542268242172,0.4547542268242172,0.0,0.0
2007-04-20,0.0,0.0,0.4710003665666253,0.4710003665666253,0.0,0.0
2007-04-21,0.0,0.0,1.4042035442629537,1.4042035442629537,0.0,0.0
2007-04-22,0.0,0.0,2.046143169921894,2.046143169921894,0.0,0.0
2007-04-23,0.0,0.0,0.91308662300416,0.91308662300416,0.0,0.0
2007-04-24,0.0,0.0,0.744173586136744,0.744173586136744,0.0,0.0
2007-04-25,0.0,0.0,0.8944228028991008,0.8944228028991008,0.0,0.0
2007-04-26,0.0,0.0,0.8388802638126542,0.8388802638126542,0.0,0.0
2007-04-27,0.0,0.0,1.217773320014127,1.217773320014127,0.0,0.0
2007-04-28,0.0,0.0,2.0666713590025925,2.0666713590025925,0.0,0.0
2007-04-29,0.0,0.0,2.3207362959598887,2.3207362959598887,0.0,0.0
2007-04-30,0.0,0.0,2.3282873202105083,2.3282873202105083,0.0,0.0
2007-05-01,0.0,0.0,2.2076601142001344,2.2076601142001344,0.0,0.0
2007-05-02,0.0,0.0,2.524593352386568,2.524593352386568,0.0,0.0
2007-05-03,0.0,0.0,2.175912479775885,2.175912479775885,0.0,0.0
2007-05-04,0.0,0.0,1.8159631484832648,1.8159631484832648,0.0,0.0
2007-05-05,0.0,0.0,1.5604902285407765,1.5604902285407765,0.0,0.0
2007-05-06,0.0,0.0,1.6427604464871106,1.6427604464871106,0.0,0.0
2007-05-07,0.0,0.0,1.6104353235019455,1.6104353235019455,0.0,0.0
2007-05-08,0.0,0.0,1.755192089258463,1.755192089258463,0.0,0.0
2007-05-09,0.0,0.0,2.024434873533892,2.024434873533892,0.0,0.0
2007-05-10,0.0,0.0,2.0548387615266144,2.0548387615266144,0.0,0.0
2007-05-11,0.0,0.0,2.079998787243577,2.079998787243577,0.0,0.0
2007-05-12,0.0,0.0,2.0814890784952893,2.0814890784952893,0.0,0.0
2007-05-13,0.0,0.0,2.0310660971111028,2.0310660971111028,0.0,0.0
2007-05-14,0.0,0.0,2.1195128960246707,2.1195128960246707,0.0,0.0
2007-05-15,0.0,0.0,2.315456546416125,2.315456546416125,0.0,0.0
2007-05-16,0.0,0.0,1.9441759768799385,1.9441759768799385,0.0,0.0
2007-05-17,0.0,0.0,1.9060882031048216,1.9060882031048216,0.0,0.0
2007-05-18,0.0,0.0,1.832637303431328,1.832637303431328,0.0,0.0
2007-05-19,0.0,0.0,1.7400506339924782,1.7400506339924782,0.0,0.0
2007-05-20,0.0,0.0,1.710077850640055,1.710077850640055,0.0,0.0
2007-05-21,0.0,0.0,1.6410258573143937,1.6410258573143937,0.0,0.0
2007-05-22,0.0,0.0,1.5681512699232236,1.5681512699232236,0.0,0.0
2007-05-23,0.0,0.0,1.4735028238835757,1.4735028238835757,0.0,0.0
2007-05-24,0.0,0.0,1.4136692437032656,1.4136692437032656,0.0,0.0
2007-05-25,0.0,0.0,1.3118541714110543,1.3118541714110543,0.0,0.0
2007-05-26,0.0,0.0,1.2929083699597084,1.2929083699597084,0.0,0.0
2007-05-27,0.0,0.0,1.232320167787504,1.232320167787504,0.0,0.0
2007-05-28,0.0,0.0,1.1593530238207062,1.1593530238207062,0.0,0.0
2007-05-29,0.0,0.0,1.0510394691156453,1.0510394691156453,0.0,0.0
2007-05-30,0.0,0.0,0.9751884502967976,0.9751884502967976,0.0,0.0
2007-05-31,0.0,0.0,0.917790018849266,0.917790018849266,0.0,0.0
2007-06-01,0.0,0.0,0.6381768398045278,0.6381768398045278,0.0,0.0
2007-06-02,0.0,0.0,0.5901821198113507,0.5901821198113507,0.0,0.0
2007-06-03,0.0,0.0,0.5341305242062802,0.5341305242062802,0.0,0.0
2007-06-04,0.0,0.0,0.4924320301491792,0.4924320301491792,0.0,0.0
2007-06-05,0.0,0.0,0.4507118234023275,0.4507118234023275,0.0,0.0
2007-06-06,0.0,0.0,0.3990118527665315,0.3990118527665315,0.0,0.0
2007-06-07,0.0,0.0,0.384997404225443,0.384997404225443,0.0,0.0
2007-06-08,0.0,0.0,0.3787935063856595,0.3787935063856595,0.0,0.0
2007-06-09,0.0,0.0,0.3696435081439666,0.3696435081439666,0.0,0.0
2007-06-10,0.0,0.0,0.34915654171043,0.34915654171043,0.0,0.0
2007-06-11,0.0,0.0,0.3342748577313188,0.3342748577313188,0.0,0.0
2007-06-12,0.0,0.0,0.3258148848515432,0.3258148848515432,0.0,0.0
2007-06-13,0.0,0.0,0.32340216199556,0.32340216199556,0.0,0.0
2007-06-14,0.0,0.0,0.3249165438335808,0.3249165438335808,0.0,0.0
2007-06-15,0.0,0.0,0.2589435275169525,0.2589435275169525,0.0,0.0
2007-06-16,0.0,0.0,0.2477412222175959,0.2477412222175959,0.0,0.0
2007-06-17,0.0,0.0,0.2332426461634,0.2332426461634,0.0,0.0
2007-06-18,0.0,0.0,0.2129885213557398,0.2129885213557398,0.0,0.0
2007-06-19,0.0,0.0,0.1931391593784271,0.1931391593784271,0.0,0.0
2007-06-20,0.0,0.0,0.1751495081507106,0.1751495081507106,0.0,0.0
2007-06-21,0.0,0.0,0.1598449653331458,0.1598449653331458,0.0,0.0
2007-06-22,0.0,0.0,0.1472518995185111,0.1472518995185111,0.0,0.0
2007-06-23,0.0,0.0,0.1367977358938445,0.1367977358938445,0.0,0.0
2007-06-24,0.0,0.0,0.1285445247759593,0.1285445247759593,0.0,0.0
2007-06-25,0.0,0.0,0.1220639221157319,0.1220639221157319,0.0,0.0
2007-06-26,0.0,0.0,0.1163702947972241,0.1163702947972241,0.0,0.0
2007-06-27,0.0,0.0,0.1111665839890327,0.1111665839890327,0.0,0.0
2007-06-28,0.0,0.0,0.1062523257757698,0.1062523257757698,0.0,0.0
2007-06-29,0.0,0.0,0.1016714904986576,0.1016714904986576,0.0,0.0
2007-06-30,0.0,0.0,0.0977570696129976,0.0977570696129976,0.0,0.0
2007-07-01,0.0,0.0,0.0674671262038779,0.0674671262038779,0.0,0.0
2007-07-02,0.0,0.0,0.0652430298801095,0.0652430298801095,0.0,0.0
2007-07-03,0.0,0.0,0.0632159655001947,0.0632159655001947,0.0,0.0
2007-07-04,0.0,0.0,0.0613687988905738,0.0613687988905738,0.0,0.0
2007-07-05,0.0,0.0,0.0596356304759342,0.0596356304759342,0.0,0.0
2007-07-06,0.0,0.0,0.0581131664705581,0.0581131664705581,0.0,0.0
2007-07-07,0.0,0.0,0.0569513167768363,0.0569513167768363,0.0,0.0
2007-07-08,0.0,0.0,0.0561633330892571,0.0561633330892571,0.0,0.0
2007-07-09,0.0,0.0,0.0556042287094241,0.0556042287094241,0.0,0.0
2007-07-10,0.0,0.0,0.0685678226301795,0.0685678226301795,0.0,0.0
2007-07-11,0.0,0.0,0.0546822784183095,0.0546822784183095,0.0,0.0
2007-07-12,0.0,0.0,0.0543176635922996,0.0543176635922996,0.0,0.0
2007-07-13,0.0,0.0,0.0539924708990154,0.0539924708990154,0.0,0.0
2007-07-14,0.0,0.0,0.0536561313548472,0.0536561313548472,0.0,0.0
2007-07-15,0.0,0.0,0.0532762497452037,0.0532762497452037,0.0,0.0
2007-07-16,0.0,0.0,0.0528937204234315,0.0528937204234315,0.0,0.0
2007-07-17,0.0,0.0,0.0525441401143081,0.0525441401143081,0.0,0.0
2007-07-18,0.0,0.0,0.0522451587612984,0.0522451587612984,0.0,0.0
2007-07-19,0.0,0.0,0.0519851067664409,0.0519851067664409,0.0,0.0
2007-07-20,0.0,0.0,0.0517409898707689,0.0517409898707689,0.0,0.0
2007-07-21,0.0,0.0,0.0514893211051781,0.0514893211051781,0.0,0.0
2007-07-22,0.0,0.0,0.0512173425329488,0.0512173425329488,0.0,0.0
2007-07-23,0.0,0.0,0.0509316414681486,0.0509316414681486,0.0,0.0
2007-07-24,0.0,0.0,0.0538563237487891,0.0538563237487891,0.0,0.0
2007-07-25,0.0,0.0,0.0507031984939694,0.0507031984939694,0.0,0.0
2007-07-26,0.0,0.0,0.0503566433628337,0.0503566433628337,0.0,0.0
2007-07-27,0.0,0.0,0.050035931234585,0.050035931234585,0.0,0.0
2007-07-28,0.0,0.0,0.049823109733895,0.049823109733895,0.0,0.0
2007-07-29,0.0,0.0,0.0496110767261115,0.0496110767261115,0.0,0.0
2007-07-30,0.0,0.0,0.0494110207989776,0.0494110207989776,0.0,0.0
2007-07-31,0.0,0.0,0.049225498092265,0.049225498092265,0.0,0.0
2007-08-01,0.0,0.0,0.0522285075515437,0.0522285075515437,0.0,0.0
2007-08-02,0.0,0.0,0.0520489737940971,0.0520489737940971,0.0,0.0
2007-08-03,0.0,0.0,0.0518852766768668,0.0518852766768668,0.0,0.0
2007-08-04,0.0,0.0,0.051727057171052,0.051727057171052,0.0,0.0
2007-08-05,0.0,0.0,0.0515773810531095,0.0515773810531095,0.0,0.0
2007-08-06,0.0,0.0,0.0514512011240507,0.0514512011240507,0.0,0.0
2007-08-07,0.0,0.0,0.0513546765839304,0.0513546765839304,0.0,0.0
2007-08-08,0.0,0.0,0.0512743276002394,0.0512743276002394,0.0,0.0
2007-08-09,0.0,0.0,0.0511909077294521,0.0511909077294521,0.0,0.0
2007-08-10,0.0,0.0,0.051101105446143,0.051101105446143,0.0,0.0
2007-08-11,0.0,0.0,0.0510072685151106,0.0510072685151106,0.0,0.0
2007-08-12,0.0,0.0,0.0509157794272915,0.0509157794272915,0.0,0.0
2007-08-13,0.0,0.0,0.0508258170181317,0.0508258170181317,0.0,0.0
2007-08-14,0.0,0.0,0.0507316187924708,0.0507316187924708,0.0,0.0
2007-08-15,0.0,0.0,0.0506376498165484,0.0506376498165484,0.0,0.0
2007-08-16,0.0,0.0,0.0505498912337708,0.0505498912337708,0.0,0.0
2007-08-17,0.0,0.0,0.0504720019441981,0.0504720019441981,0.0,0.0
2007-08-18,0.0,0.0,0.050400411050526,0.050400411050526,0.0,0.0
2007-08-19,0.0,0.0,0.0503312187865459,0.0503312187865459,0.0,0.0
2007-08-20,0.0,0.0,0.0502694535815547,0.0502694535815547,0.0,0.0
2007-08-21,0.0,0.0,0.050211674498495,0.050211674498495,0.0,0.0
2007-08-22,0.0,0.0,0.0501532872829047,0.0501532872829047,0.0,0.0
2007-08-23,0.0,0.0,0.050095514270558,0.050095514270558,0.0,0.0
2007-08-24,0.0,0.0,0.0500396938320581,0.0500396938320581,0.0,0.0
2007-08-25,0.0,0.0,0.0499864022243933,0.0499864022243933,0.0,0.0
2007-08-26,0.0,0.0,0.0499350659075449,0.0499350659075449,0.0,0.0
2007-08-27,0.0,0.0,0.0577581780436017,0.0577581780436017,0.0,0.0
2007-08-28,0.0,0.0,0.0503505039735053,0.0503505039735053,0.0,0.0
2007-08-29,0.0,0.0,0.0650498824092995,0.0650498824092995,0.0,0.0
2007-08-30,0.0,0.0,0.1916971922318461,0.1916971922318461,0.0,0.0
2007-08-31,0.0,0.0,0.0540708143062233,0.0540708143062233,0.0,0.0
2007-09-01,0.0,0.0,0.0705422907649936,0.0705422907649936,0.0,0.0
2007-09-02,0.0,0.0,0.0699508138685463,0.0699508138685463,0.0,0.0
2007-09-03,0.0,0.0,0.0699004154228198,0.0699004154228198,0.0,0.0
2007-09-04,0.0,0.0,0.0698528875745393,0.0698528875745393,0.0,0.0
2007-09-05,0.0,0.0,0.0698111500723599,0.0698111500723599,0.0,0.0
2007-09-06,0.0,0.0,0.0697739692318672,0.0697739692318672,0.0,0.0
2007-09-07,0.0,0.0,0.0697381901990704,0.0697381901990704,0.0,0.0
2007-09-08,0.0,0.0,0.0697032062592237,0.0697032062592237,0.0,0.0
2007-09-09,0.0,0.0,0.069669043754887,0.069669043754887,0.0,0.0
2007-09-10,0.0,0.0,0.0696358542859949,0.0696358542859949,0.0,0.0
2007-09-11,0.0,0.0,0.0696041288343676,0.0696041288343676,0.0,0.0
2007-09-12,0.0,0.0,0.0695734450933735,0.0695734450933735,0.0,0.0
2007-09-13,0.0,0.0,0.069543917578319,0.069543917578319,0.0,0.0
2007-09-14,0.0,0.0,0.0695195608250809,0.0695195608250809,0.0,0.0
2007-09-15,0.0,0.0,0.0695003335501307,0.0695003335501307,0.0,0.0
2007-09-16,0.0,0.0,0.0694816937827786,0.0694816937827786,0.0,0.0
2007-09-17,0.0,0.0,0.0694620151742676,0.0694620151742676,0.0,0.0
2007-09-18,0.0,0.0,0.0697083508516319,0.0697083508516319,0.0,0.0
2007-09-19,0.0,0.0,0.0930205653881924,0.0930205653881924,0.0,0.0
2007-09-20,0.0,0.0,0.1144810455246949,0.1144810455246949,0.0,0.0
2007-09-21,0.0,0.0,0.0944464106760135,0.0944464106760135,0.0,0.0
2007-09-22,0.0,0.0,0.2622572067808511,0.2622572067808511,0.0,0.0
2007-09-23,0.0,0.0,0.107821054775801,0.107821054775801,0.0,0.0
2007-09-24,0.0,0.0,0.0763536986176744,0.0763536986176744,0.0,0.0
2007-09-25,0.0,0.0,0.0827748703506655,0.0827748703506655,0.0,0.0
2007-09-26,0.0,0.0,0.0811847830607243,0.0811847830607243,0.0,0.0
2007-09-27,0.0,0.0,0.0692862514219233,0.0692862514219233,0.0,0.0
2007-09-28,0.0,0.0,0.0692671257851326,0.0692671257851326,0.0,0.0
2007-09-29,0.0,0.0,0.0692491376558008,0.0692491376558008,0.0,0.0
2007-09-30,0.0,0.0,0.0692321866259336,0.0692321866259336,0.0,0.0
2007-10-01,0.0,0.0,0.078741449658261,0.078741449658261,0.0,0.0
2007-10-02,0.0,0.0,0.0787218667330777,0.0787218667330777,0.0,0.0
2007-10-03,0.0,0.0,0.0787018163540539,0.0787018163540539,0.0,0.0
2007-10-04,0.0,0.0,0.0897561718217142,0.0897561718217142,0.0,0.0
2007-10-05,0.0,0.0,0.0898624326406724,0.0898624326406724,0.0,0.0
2007-10-06,0.0,0.0,0.107969550123417,0.107969550123417,0.0,0.0
2007-10-07,0.0,0.0,0.0813116013674388,0.0813116013674388,0.0,0.0
2007-10-08,0.0,0.0,0.0788675609981572,0.0788675609981572,0.0,0.0
2007-10-09,0.0,0.0,0.0789866099861932,0.0789866099861932,0.0,0.0
2007-10-10,0.0,0.0,0.0801952834924967,0.0801952834924967,0.0,0.0
2007-10-11,0.0,0.0,0.0839944393967912,0.0839944393967912,0.0,0.0
2007-10-12,0.0,0.0,0.3554989885030125,0.3554989885030125,0.0,0.0
2007-10-13,0.0,0.0,0.1320523988787601,0.1320523988787601,0.0,0.0
2007-10-14,0.0,0.0,0.0793391133392695,0.0793391133392695,0.0,0.0
2007-10-15,0.0,0.0,0.07930739522262,0.07930739522262,0.0,0.0
2007-10-16,0.0,0.0,0.0882261213924111,0.0882261213924111,0.0,0.0
2007-10-17,0.0,0.0,0.0855568417164272,0.0855568417164272,0.0,0.0
2007-10-18,0.0,0.0,0.0790453821622156,0.0790453821622156,0.0,0.0
2007-10-19,0.0,0.0,0.0936106469699003,0.0936106469699003,0.0,0.0
2007-10-20,0.0,0.0,0.080832229354749,0.080832229354749,0.0,0.0
2007-10-21,0.0,0.0,0.0783540265929146,0.0783540265929146,0.0,0.0
2007-10-22,0.0,0.0,0.0783354951091812,0.0783354951091812,0.0,0.0
2007-10-23,0.0,0.0,0.0783168655492797,0.0783168655492797,0.0,0.0
2007-10-24,0.0,0.0,0.0782975727727457,0.0782975727727457,0.0,0.0
2007-10-25,0.0,0.0,0.078277342530926,0.078277342530926,0.0,0.0
2007-10-26,0.0,0.0,0.0782577048481358,0.0782577048481358,0.0,0.0
2007-10-27,0.0,0.0,0.1034151897751548,0.1034151897751548,0.0,0.0
2007-10-28,0.0,0.0,0.0873394811083441,0.0873394811083441,0.0,0.0
2007-10-29,0.0,0.0,0.6356071333563683,0.6356071333563683,0.0,0.0
2007-10-30,0.0,0.0,0.1615831083318034,0.1615831083318034,0.0,0.0
2007-10-31,0.0,0.0,0.0782016865806506,0.0782016865806506,0.0,0.0
2007-11-01,0.0,0.0,0.0764574293035502,0.0764574293035502,0.0,0.0
2007-11-02,0.0,0.0,0.0764401581019204,0.0764401581019204,0.0,0.0
2007-11-03,0.0,0.0,0.0764228981444406,0.0764228981444406,0.0,0.0
2007-11-04,0.0,0.0,0.0764056088911334,0.0764056088911334,0.0,0.0
2007-11-05,0.0,0.0,0.0763882686115967,0.0763882686115967,0.0,0.0
2007-11-06,0.0,0.0,0.076370847872391,0.076370847872391,0.0,0.0
2007-11-07,0.0,0.0,0.07635335621757,0.07635335621757,0.0,0.0
2007-11-08,0.0,0.0,0.0763358190364797,0.0763358190364797,0.0,0.0
2007-11-09,0.0,0.0,0.0768782101618466,0.0768782101618466,0.0,0.0
2007-11-10,0.0,0.0,0.3170404806712319,0.3170404806712319,0.0,0.0
2007-11-11,0.0,0.0,0.1972131854065225,0.1972131854065225,0.0,0.0
2007-11-12,0.0,0.0,0.1103814539902176,0.1103814539902176,0.0,0.0
2007-11-13,0.0,0.0,0.0899108331884872,0.0899108331884872,0.0,0.0
2007-11-14,0.0,0.0,0.0976315703699364,0.0976315703699364,0.0,0.0
2007-11-15,0.0,0.0,0.0905094143586969,0.0905094143586969,0.0,0.0
2007-11-16,0.0,0.0,0.0848543213081049,0.0848543213081049,0.0,0.0
2007-11-17,0.0,0.0,0.079650957174705,0.079650957174705,0.0,0.0
2007-11-18,0.0,0.0,0.0785568405195284,0.0785568405195284,0.0,0.0
2007-11-19,0.0,0.0,0.0761494268438202,0.0761494268438202,0.0,0.0
2007-11-20,0.0,0.0,0.0761322101150042,0.0761322101150042,0.0,0.0
2007-11-21,0.0,0.0,0.0761150700959512,0.0761150700959512,0.0,0.0
2007-11-22,0.0,0.0,0.0760979635767961,0.0760979635767961,0.0,0.0
2007-11-23,0.0,0.0,0.0760808879572819,0.0760808879572819,0.0,0.0
2007-11-24,0.0,0.0,0.0760638141652724,0.0760638141652724,0.0,0.0
2007-11-25,0.0,0.0,0.0760466843741687,0.0760466843741687,0.0,0.0
2007-11-26,0.0,0.0,0.076029558867827,0.076029558867827,0.0,0.0
2007-11-27,0.0,0.0,0.076012415839036,0.076012415839036,0.0,0.0
2007-11-28,0.0,0.0,0.0759952544701654,0.0759952544701654,0.0,0.0
2007-11-29,0.0,0.0,0.0759780908182232,0.0759780908182232,0.0,0.0
2007-11-30,0.0,0.0,0.0759609521552926,0.0759609521552926,0.0,0.0
2007-12-01,0.0,0.0,0.1009733214832522,0.1009733214832522,0.0,0.0
2007-12-02,0.0,0.0,0.1009507207036001,0.1009507207036001,0.0,0.0
2007-12-03,0.0,0.0,0.1045793068156553,0.1045793068156553,0.0,0.0
2007-12-04,0.0,0.0,0.1069766381528629,0.1069766381528629,0.0,0.0
2007-12-05,0.0,0.0,0.2406972393374911,0.2406972393374911,0.0,0.0
2007-12-06,0.0,0.0,3.2714854093187,3.2714854093187,0.0,0.0
2007-12-07,0.0,0.0,2.252050012549487,2.252050012549487,0.0,0.0
2007-12-08,0.0,0.0,0.4056766611988784,0.4056766611988784,0.0,0.0
2007-12-09,0.0,0.0,0.1344130645547717,0.1344130645547717,0.0,0.0
2007-12-10,0.0,0.0,0.1116115238857443,0.1116115238857443,0.0,0.0
2007-12-11,0.0,0.0,0.1075908684104832,0.1075908684104832,0.0,0.0
2007-12-12,0.0,0.0,0.1025388295860569,0.1025388295860569,0.0,0.0
2007-12-13,0.0,0.0,0.1043606298106889,0.1043606298106889,0.0,0.0
2007-12-14,0.0,0.0,0.1072680037418774,0.1072680037418774,0.0,0.0
2007-12-15,0.0,0.0,0.1151188366103498,0.1151188366103498,0.0,0.0
2007-12-16,0.0,0.0,0.126842196717906,0.126842196717906,0.0,0.0
2007-12-17,0.0,0.0,0.9067244340140548,0.9067244340140548,0.0,0.0
2007-12-18,0.0,0.0,3.071232596311468,3.071232596311468,0.0,0.0
2007-12-19,0.0,0.0,2.7439390829814854,2.7439390829814854,0.0,0.0
2007-12-20,0.0,0.0,1.1495106513465028,1.1495106513465028,0.0,0.0
2007-12-21,0.0,0.0,0.2879993438890623,0.2879993438890623,0.0,0.0
2007-12-22,0.0,0.0,0.1184857795500968,0.1184857795500968,0.0,0.0
2007-12-23,0.0,0.0,0.1361063437501937,0.1361063437501937,0.0,0.0
2007-12-24,0.0,0.0,0.3138052903647018,0.3138052903647018,0.0,0.0
2007-12-25,0.0,0.0,0.2723673792526312,0.2723673792526312,0.0,0.0
2007-12-26,0.0,0.0,0.1339756463955172,0.1339756463955172,0.0,0.0
2007-12-27,0.0,0.0,0.2784387708120615,0.2784387708120615,0.0,0.0
2007-12-28,0.0,0.0,0.3499943800546305,0.3499943800546305,0.0,0.0
2007-12-29,0.0,0.0,0.1547190242580398,0.1547190242580398,0.0,0.0
2007-12-30,0.0,0.0,0.1191792261055878,0.1191792261055878,0.0,0.0
2007-12-31,0.0,0.0,0.1247938291545308,0.1247938291545308,0.0,0.0
2008-01-01,0.0,0.0,0.1142909148019025,0.1142909148019025,0.0,0.0
2008-01-02,0.0,0.0,0.1656871246669033,0.1656871246669033,0.0,0.0
2008-01-03,0.0,0.0,2.66402105435921,2.66402105435921,0.0,0.0
2008-01-04,0.0,0.0,9.262056414117444,9.262056414117444,0.0,0.0
2008-01-05,0.0034582837636918384,0.0034582837636913367,10.0,10.0,0.0,0.0
2008-01-06,0.0034582837636913367,0.0034582837636913367,10.0,10.0,0.0,0.0
2008-01-07,0.0034582837636913367,0.0034582837636913367,1.1976025912750519,1.197602591275052,0.0,0.0
2008-01-08,0.0034582837636913367,0.0034582837636913367,0.5468645604270279,0.5468645604270279,0.0,0.0
2008-01-09,0.002593712823416931,0.002593712823416931,0.405690072375361,0.405690072375361,0.0,0.0
2008-01-10,0.0021614273519828717,0.0021614273519828717,0.2496157285574248,0.2496157285574248,0.0,0.0
2008-01-11,0.0021614273519828717,0.0021614273519828717,0.2562158938558514,0.2562158938558514,0.0,0.0
2008-01-12,0.0021614273519828717,0.0021614273519828717,0.23716242446810132,0.23716242446810132,0.0,0.0
2008-01-13,0.0021614273519828717,0.0021614273519828717,0.2294913632845801,0.2294913632845801,0.0,0.0
2008-01-14,0.0021614273519828717,0.0021614273519828717,0.2572132751941345,0.2572132751941345,0.0,0.0
2008-01-15,0.0021614273519828717,0.0021614273519828717,0.30370665772348543,0.30370665772348543,0.0,0.0
2008-01-16,0.0021614273519828717,0.0021614273519828717,0.22419020214415572,0.22419020214415572,0.0,0.0
2008-01-17,0.0021614273519828717,0.0021614273519828717,0.17578065650369443,0.17578065650369443,0.0,0.0
2008-01-18,0.0021614273519828717,0.0021614273519828717,0.17176161812958923,0.17176161812958923,0.0,0.0
2008-01-19,0.0021614273519828717,0.0021614273519828717,0.17490447329843622,0.17490447329843622,0.0,0.0
2008-01-20,0.0021614273519828717,0.0021614273519828717,0.2933110839921174,0.2933110839921174,0.0,0.0
2008-01-21,0.0021614273519828717,0.0021614273519828717,0.4036901001732408,0.4036901001732408,0.0,0.0
2008-01-22,0.0018526520159853187,0.0018526520159853187,1.854478931142815,1.854478931142815,0.0,0.0
2008-01-23,0.0018526520159853187,0.0018526520159853187,2.7901132001399054,2.7901132001399054,0.0,0.0
2008-01-24,0.0021614273519828717,0.0021614273519828717,1.2471247100681273,1.2471247100681273,0.0,0.0
2008-01-25,0.0021614273519828717,0.0021614273519828717,0.19908694448387002,0.19908694448387002,0.0,0.0
2008-01-26,0.0021614273519828717,0.0021614273519828717,0.9688063367382383,0.9688063367382383,0.0,0.0
2008-01-27,0.0021614273519828717,0.0021614273519828717,2.8886700423642084,2.8886700423642084,0.0,0.0
2008-01-28,0.0021614273519828717,0.0021614273519828717,3.9770088667552885,3.9770088667552885,0.0,0.0
2008-01-29,0.0021614273519828717,0.0021614273519828717,1.2710787412429831,1.2710787412429831,0.0,0.0
2008-01-30,0.002593712823416931,0.002593712823416931,0.20999051863637025,0.20999051863637025,0.0,0.0
2008-01-31,0.002593712823416931,0.002593712823416931,0.7114934876323298,0.7114934876323298,0.0,0.0
2008-02-01,0.002593712823416931,0.002593712823416931,0.6943992332939095,0.6943992332939095,0.0,0.0
2008-02-02,0.002593712823416931,0.002593712823416931,1.3661490723200507,1.3661490723200507,0.0,0.0
2008-02-03,0.002593712823416931,0.002593712823416931,1.446001934026357,1.446001934026357,0.0,0.0
2008-02-04,0.002593712823416931,0.002593712823416931,0.4145952147763455,0.4145952147763455,0.0,0.0
2008-02-05,0.002593712823416931,0.002593712823416931,0.2548013529301017,0.2548013529301017,0.0,0.0
2008-02-06,0.002593712823416931,0.002593712823416931,0.3918158484470854,0.3918158484470854,0.0,0.0
2008-02-07,0.002593712823416931,0.002593712823416931,0.9154497505537351,0.9154497505537351,0.0,0.0
2008-02-08,0.002593712823416931,0.002593712823416931,1.2547740764349218,1.2547740764349218,0.0,0.0
2008-02-09,0.002593712823416931,0.002593712823416931,1.361647361052769,1.361647361052769,0.0,0.0
2008-02-10,0.002593712823416931,0.002593712823416931,1.5727740822697782,1.5727740822697782,0.0,0.0
2008-02-11,0.002593712823416931,0.002593712823416931,1.647459337015662,1.647459337015662,0.0,0.0
2008-02-12,0.002593712823416931,0.002593712823416931,1.7083355919651457,1.7083355919651457,0.0,0.0
2008-02-13,0.002593712823416931,0.002593712823416931,1.6390568283256333,1.6390568283256333,0.0,0.0
2008-02-14,0.002593712823416931,0.002593712823416931,1.2880867227416715,1.2880867227416715,0.0,0.0
2008-02-15,0.002593712823416931,0.002593712823416931,1.127674501652821,1.127674501652821,0.0,0.0
2008-02-16,0.0038905692351253966,0.0038905692351253966,1.233092905940487,1.233092905940487,0.0,0.0
2008-02-17,0.0038905692351253966,0.0038905692351253966,1.4051387203701051,1.4051387203701051,0.0,0.0
2008-02-18,0.0038905692351253966,0.0038905692351253966,1.447476875889519,1.447476875889519,0.0,0.0
2008-02-19,0.0038905692351253966,0.0038905692351253966,1.8593203919133077,1.8593203919133077,0.0,0.0
2008-02-20,0.0038905692351253966,0.0038905692351253966,1.3368663400968543,1.3368663400968543,0.0,0.0
2008-02-21,0.0038905692351253966,0.0038905692351253966,2.4378323082522706,2.4378323082522706,0.0,0.0
2008-02-22,0.0038905692351253966,0.0038905692351253966,2.3958894062691116,2.3958894062691116,0.0,0.0
2008-02-23,0.0021614273519828717,0.0021614273519828717,4.270611302718268,4.270611302718268,0.0,0.0
2008-02-24,0.0021614273519828717,0.0021614273519828717,6.793785591428327,6.793785591428327,0.0,0.0
2008-02-25,0.0021614273519828717,0.0021614273519828717,4.055895739242681,4.055895739242681,0.0,0.0
2008-02-26,0.0021614273519828717,0.0021614273519828717,3.5746198404950142,3.5746198404950142,0.0,0.0
2008-02-27,0.0021614273519828717,0.0021614273519828717,3.7884288799239134,3.7884288799239134,0.0,0.0
2008-02-28,0.0029642432271327376,0.0029642432271327376,4.108102726387145,4.108102726387145,0.0,0.0
2008-02-29,0.0017291418831425248,0.0017291418831425248,4.279439962609778,4.279439962609778,0.0,0.0
2008-03-01,0.0029642432271327376,0.0029642432271327376,3.894712442932553,3.894712442932553,0.0,0.0
2008-03-02,0.002593712823416931,0.002593712823416931,3.406907473733312,3.406907473733312,0.0,0.0
2008-03-03,0.002593712823416931,0.002593712823416931,3.2304193968573993,3.2304193968573993,0.0,0.0
2008-03-04,0.002593712823416931,0.002593712823416931,3.1029028922103943,3.1029028922103943,0.0,0.0
2008-03-05,0.0029642432271327376,0.0029642432271327376,3.0681540434130805,3.0681540434130805,0.0,0.0
2008-03-06,0.0170443985527711,0.0170443985527711,2.988475193801084,2.988475193801084,0.0,0.0
2008-03-07,0.01963811137618803,0.01963811137618803,2.983464465370912,2.983464465370912,0.0,0.0
2008-03-08,0.019267580975065937,0.019267580975065937,3.089089612381211,3.089089612381211,0.0,0.0
2008-03-09,0.018897050571350132,0.018897050571350132,2.8800551183273666,2.8800551183273666,0.0,0.0
2008-03-10,0.018897050571350132,0.018897050571350132,2.835558179215891,2.835558179215891,0.0,0.0
2008-03-11,0.020008641779903837,0.020008641779903837,2.494382148836853,2.494382148836853,0.0,0.0
2008-03-12,0.02037917218361964,0.02037917218361964,2.703953790656698,2.703953790656698,0.0,0.0
2008-03-13,0.02334341541075238,0.02334341541075238,2.67587205456981,2.67587205456981,0.0,0.0
2008-03-14,0.023713945814468188,0.023713945814468188,2.0608794976328184,2.0608794976328184,0.0,0.0
2008-03-15,0.02334341541075238,0.02334341541075238,1.8810514398184968,1.8810514398184968,0.0,0.0
2008-03-16,0.02704871944791044,0.02704871944791044,1.712984512814871,1.712984512814871,0.0,0.0
2008-03-17,0.02741924984384511,0.02741924984384511,1.6132084621675449,1.6132084621675449,0.0,0.0
2008-03-18,0.02223182419960496,0.02223182419960496,1.5794323612711707,1.5794323612711707,0.0,0.0
2008-03-19,0.018897050571350132,0.018897050571350132,1.7099848745206394,1.7099848745206394,0.0,0.0
2008-03-20,0.018526520167634324,0.018526520167634324,1.906946017816544,1.906946017816544,0.0,0.0
2008-03-21,0.02223182419960496,0.02223182419960496,1.782183040540527,1.782183040540527,0.0,0.0
2008-03-22,0.02853084105758624,0.02853084105758624,2.0188561692935774,2.0188561692935774,0.0,0.0
2008-03-23,0.03408879710035477,0.03408879710035477,2.318491895200021,2.318491895200021,0.0,0.0
2008-03-24,0.03779410113751284,0.03779410113751284,2.471645958916952,2.471645958916952,0.0,0.0
2008-03-25,0.038164631533447506,0.038164631533447506,2.7317371018617345,2.7317371018617345,0.0,0.0
2008-03-26,0.04409311799808782,0.04409311799808782,1.5627119565939256,1.5627119565939256,0.0,0.0
2008-03-27,0.04261099638841203,0.04261099638841203,1.140986410088927,1.140986410088927,0.0,0.0
2008-03-28,0.040758344356864436,0.040758344356864436,1.0518999700425677,1.0518999700425677,0.0,0.0
2008-03-29,0.038164631533447506,0.038164631533447506,1.109331839435867,1.109331839435867,0.0,0.0
2008-03-30,0.0414994051746709,0.0414994051746709,0.988892746700998,0.988892746700998,0.0,0.0
2008-03-31,0.0414994051746709,0.0414994051746709,0.8926601938525969,0.8926601938525969,0.0,0.0
2008-04-01,0.04853948282711522,0.04853948282711522,1.060021906476373,1.060021906476373,0.0,0.0
2008-04-02,0.053726908473949085,0.053726908473949085,1.2138148753486595,1.2138148753486595,0.0,0.0
2008-04-03,0.06113751654826521,0.06113751654826521,1.1800440113723574,1.1800440113723574,0.0,0.0
2008-04-04,0.06484282058542327,0.06484282058542327,1.505496999748843,1.505496999748843,0.0,0.0
2008-04-05,0.07521767187909101,0.07521767187909101,1.6000800106605522,1.6000800106605522,0.0,0.0
2008-04-06,0.07744085430657327,0.07744085430657327,1.6890548666540148,1.6890548666540148,0.0,0.0
2008-04-07,0.08003456712999019,0.08003456712999019,1.5217867077344647,1.5217867077344647,0.0,0.0
2008-04-08,0.07707032388470147,0.07707032388470147,1.4448441558764997,1.4448441558764997,0.0,0.0
2008-04-09,0.07003024623225713,0.07003024623225713,0.9161938978540902,0.9161938978540902,0.0,0.0
2008-04-10,0.08262827995340713,0.08262827995340713,1.208858647250547,1.208858647250547,0.0,0.0
2008-04-11,0.07114183744599828,0.07114183744599828,2.37055779551268,2.37055779551268,0.0,0.0
2008-04-12,0.07484714148315633,0.07484714148315633,3.739909890921847,3.739909890921847,0.0,0.0
2008-04-13,0.06780706380477489,0.06780706380477489,5.138748053453099,5.138748053453099,0.0,0.0
2008-04-14,0.07299448945160873,0.07299448945160873,5.7009777423891626,5.7009777423891626,0.0,0.0
2008-04-15,0.08818623599617564,0.08818623599617564,4.14865993690732,4.14865993690732,0.0,0.0
2008-04-16,0.09596737446642645,0.09596737446642645,2.1753269812843286,2.1753269812843286,0.0,0.0
2008-04-17,0.10004320889951919,0.10004320889951919,2.9759593654024954,2.9759593654024954,0.0,0.0
2008-04-18,0.10004320889951919,0.10004320889951919,4.703607882047018,4.703607882047018,0.0,0.0
2008-04-19,0.10597169536415953,0.10597169536415953,5.0628565862992865,5.0628565862992865,0.0,0.0
2008-04-20,0.10374851293667725,0.10374851293667725,3.494646667421083,3.494646667421083,0.0,0.0
2008-04-21,0.09559684407049181,0.09559684407049181,2.0809804456613135,2.0809804456613135,0.0,0.0
2008-04-22,0.09300313124707485,0.09300313124707485,2.051434318394425,2.051434318394425,0.0,0.0
2008-04-23,0.09744949607610225,0.09744949607610225,2.00151509492908,2.00151509492908,0.0,0.0
2008-04-24,0.10560116494228772,0.10560116494228772,1.8817446424990747,1.8817446424990747,0.0,0.0
2008-04-25,0.10819487776570463,0.10819487776570463,2.2138305983013034,2.2138305983013034,0.0,0.0
2008-04-26,0.11227071222473452,0.11227071222473452,2.944892265688824,2.944892265688824,0.0,0.0
2008-04-27,0.11264124262066916,0.11264124262066916,4.17153970407568,4.17153970407568,0.0,0.0
2008-04-28,0.11264124262066916,0.11264124262066916,5.803334212690989,5.803334212690989,0.0,0.0
2008-04-29,0.11301177301660384,0.11301177301660384,6.07895357799584,6.07895357799584,0.0,0.0
2008-04-30,0.11412336423034496,0.11412336423034496,4.949768525806806,4.949768525806806,0.0,0.0
2008-05-01,0.1167170770537619,0.1167170770537619,3.950100855505557,3.950100855505557,0.0,0.0
2008-05-02,0.10367070155197473,0.10367070155197473,4.341168149575993,4.341168149575993,0.0,0.0
2008-05-03,0.1274624587433643,0.1274624587433643,4.516240304105745,4.516240304105745,0.0,0.0
2008-05-04,0.12598033713368853,0.12598033713368853,3.8920967772474415,3.8920967772474415,0.0,0.0
2008-05-05,0.12523927634181917,0.12523927634181917,3.820702022662765,3.820702022662765,0.0,0.0
2008-05-06,0.12486874591994737,0.12486874591994737,4.0175603221572365,4.0175603221572365,0.0,0.0
2008-05-07,0.12709192834742963,0.12709192834742963,4.754130282852764,4.754130282852764,0.0,0.0
2008-05-08,0.12635086752962316,0.12635086752962316,4.416498955806397,4.416498955806397,0.0,0.0
2008-05-09,0.12635086752962316,0.12635086752962316,4.528915061721839,4.528915061721839,0.0,0.0
2008-05-10,0.1289445803530401,0.1289445803530401,4.65352230873793,4.65352230873793,0.0,0.0
2008-05-11,0.13116776278052233,0.13116776278052233,5.090724944974276,5.090724944974276,0.0,0.0
2008-05-12,0.13709624924516267,0.13709624924516267,5.091268062170777,5.091268062170777,0.0,0.0
2008-05-13,0.13968996206857962,0.13968996206857962,4.642174673206855,4.642174673206855,0.0,0.0
2008-05-14,0.14191314447012474,0.14191314447012474,5.068017371295844,5.068017371295844,0.0,0.0
2008-05-15,0.14524791811134816,0.14524791811134816,6.053623703177447,6.053623703177447,0.0,0.0
2008-05-16,0.14673003972102394,0.14673003972102394,7.475579504563043,7.475579504563043,0.0,0.0
2008-05-17,0.14561844850728278,0.14561844850728278,7.237254251008017,7.237254251008017,0.0,0.0
2008-05-18,0.14376579650167234,0.14376579650167234,7.5548213800997805,7.5548213800997805,0.0,0.0
2008-05-19,0.14710057011695862,0.14710057011695862,8.905328801416735,8.905328801416735,0.0,0.0
2008-05-20,0.14747110053883042,0.14747110053883042,7.360461485811149,7.360461485811149,0.0,0.0
2008-05-21,0.14821216133069975,0.14821216133069975,4.923172000494814,4.923172000494814,0.0,0.0
2008-05-22,0.15043534375818202,0.15043534375818202,4.194324440662096,4.194324440662096,0.0,0.0
2008-05-23,0.15043534375818202,0.15043534375818202,4.222610315318047,4.222610315318047,0.0,0.0
2008-05-24,0.14969428294037554,0.14969428294037554,4.69346697543994,4.69346697543994,0.0,0.0
2008-05-25,0.1537701173994054,0.1537701173994054,4.391410133152697,4.391410133152697,0.0,0.0
2008-05-26,0.1537701173994054,0.1537701173994054,3.8113417721369465,3.8113417721369465,0.0,0.0
2008-05-27,0.1537701173994054,0.1537701173994054,3.8840350174849974,3.8840350174849974,0.0,0.0
2008-05-28,0.15525223900908122,0.15525223900908122,3.5132267152891226,3.5132267152891226,0.0,0.0
2008-05-29,0.15636383022282235,0.15636383022282235,3.244516692238559,3.244516692238559,0.0,0.0
2008-05-30,0.16340390787526665,0.16340390787526665,3.3284225521144077,3.3284225521144077,0.0,0.0
2008-05-31,0.16451549908900778,0.16451549908900778,3.3255948814499225,3.3255948814499225,0.0,0.0
2008-06-01,0.16822080312616586,0.16822080312616586,2.360614925883824,2.360614925883824,0.0,0.0
2008-06-02,0.16673868151649007,0.16673868151649007,2.3384126379378722,2.3384126379378722,0.0,0.0
2008-06-03,0.1685913335221005,0.1685913335221005,2.213413196773715,2.213413196773715,0.0,0.0
2008-06-04,0.1489532221485062,0.1489532221485062,2.22287414107294,2.22287414107294,0.0,0.0
2008-06-05,0.16488602948494246,0.16488602948494246,2.019912957523008,2.019912957523008,0.0,0.0
2008-06-06,0.17414928956486905,0.17414928956486905,2.0627079172475313,2.0627079172475313,0.0,0.0
2008-06-07,0.17489035038267553,0.17489035038267553,2.0306703651019404,2.0306703651019404,0.0,0.0
2008-06-08,0.17414928956486905,0.17414928956486905,2.0294783963487744,2.0294783963487744,0.0,0.0
2008-06-09,0.17340822877299972,0.17340822877299972,2.212043544642588,2.212043544642588,0.0,0.0
2008-06-10,0.17377875916893437,0.17377875916893437,2.8634628834893214,2.8634628834893214,0.0,0.0
2008-06-11,0.17007345513177632,0.17007345513177632,2.688587999301697,2.688587999301697,0.0,0.0
2008-06-12,0.1763724719923513,0.1763724719923513,2.171808807376157,2.171808807376157,0.0,0.0
2008-06-13,0.17377875916893437,0.17377875916893437,1.7640367782324997,1.7640367782324997,0.0,0.0
2008-06-14,0.17414928956486905,0.17414928956486905,1.7947613666691242,1.7947613666691242,0.0,0.0
2008-06-15,0.17785459360202713,0.17785459360202713,1.8125852121042538,1.8125852121042538,0.0,0.0
2008-06-16,0.18081883682137867,0.18081883682137867,1.6945289475687821,1.6945289475687821,0.0,0.0
2008-06-17,0.17785459360202713,0.17785459360202713,1.6474704336062485,1.6474704336062485,0.0,0.0
2008-06-18,0.17489035038267553,0.17489035038267553,1.7175406441681824,1.7175406441681824,0.0,0.0
2008-06-19,0.17340822877299972,0.17340822877299972,1.8779474246298486,1.8779474246298486,0.0,0.0
2008-06-20,0.17711353281015776,0.17711353281015776,1.8475899553951132,1.8475899553951132,0.0,0.0
2008-06-21,0.18044830642544402,0.18044830642544402,1.5306590959307087,1.5306590959307087,0.0,0.0
2008-06-22,0.18007777602950936,0.18007777602950936,1.4958967953891251,1.4958967953891251,0.0,0.0
2008-06-23,0.17563141117454487,0.17563141117454487,1.4674167108556841,1.4674167108556841,0.0,0.0
2008-06-24,0.1811893672432505,0.1811893672432505,1.3561241074536652,1.3561241074536652,0.0,0.0
2008-06-25,0.18081883682137867,0.18081883682137867,1.239497446421216,1.239497446421216,0.0,0.0
2008-06-26,0.18044830642544402,0.18044830642544402,1.174338755225899,1.174338755225899,0.0,0.0
2008-06-27,0.1811893672432505,0.1811893672432505,1.100034689282834,1.100034689282834,0.0,0.0
2008-06-28,0.18526520167634325,0.18526520167634325,1.0440313520892197,1.0440313520892197,0.0,0.0
2008-06-29,0.1845241408585368,0.1845241408585368,0.898743532955165,0.898743532955165,0.0,0.0
2008-06-30,0.18600626246821259,0.18600626246821259,0.6017234755508174,0.6017234755508174,0.0,0.0
2008-07-01,0.1878589144997602,0.1878589144997602,0.3377137966880701,0.3377137966880701,0.0,0.0
2008-07-02,0.1834125496447956,0.1834125496447956,0.36769683054214,0.36769683054214,0.0,0.0
2008-07-03,0.1841536104626021,0.1841536104626021,0.37188746639884224,0.37188746639884224,0.0,0.0
2008-07-04,0.18044830642544402,0.18044830642544402,0.33388814057336363,0.33388814057336363,0.0,0.0
2008-07-05,0.18193042803511986,0.18193042803511986,0.27992694250574146,0.27992694250574146,0.0,0.0
2008-07-06,0.18674732328601903,0.18674732328601903,0.25701370105287713,0.25701370105287713,0.0,0.0
2008-07-07,0.18711785368195374,0.18711785368195374,0.2777213451398579,0.2777213451398579,0.0,0.0
2008-07-08,0.18600626246821259,0.18600626246821259,0.27894618884282285,0.27894618884282285,0.0,0.0
2008-07-09,0.1841536104626021,0.1841536104626021,0.2739405450096306,0.2739405450096306,0.0,0.0
2008-07-10,0.18526520167634325,0.18526520167634325,0.23399702455437343,0.23399702455437343,0.0,0.0
2008-07-11,0.18600626246821259,0.18600626246821259,0.020164973690185717,0.020164973690185717,0.0,0.0
2008-07-12,0.18526520167634325,0.18526520167634325,0.009004319365345737,0.009004319365345737,0.0,0.0
2008-07-13,0.18378308006666744,0.18378308006666744,0.0008496322927281641,0.0008496322927281641,0.0,0.0
2008-07-14,0.18193042803511986,0.18193042803511986,0.005306820014789354,0.005306820014789354,0.0,0.0
2008-07-15,0.1648320192055016,0.1648320192055016,0.0,0.0,0.0,0.0
2008-07-16,0.1491812838164356,0.1491812838164356,0.0,0.0,0.0,0.0
2008-07-17,0.1341970891126811,0.1341970891126811,0.0,0.0,0.0,0.0
2008-07-18,0.1209535218172027,0.1209535218172027,0.0,0.0,0.0,0.0
2008-07-19,0.1099114898958172,0.1099114898958172,0.0,0.0,0.0,0.0
2008-07-20,0.1010082419938895,0.1010082419938895,0.0,0.0,0.0,0.0
2008-07-21,0.0935430261519853,0.0935430261519853,0.0,0.0,0.0,0.0
2008-07-22,0.0871679545457901,0.0871679545457901,0.0,0.0,0.0,0.0
2008-07-23,0.0818765830475277,0.0818765830475277,0.0,0.0,0.0,0.0
2008-07-24,0.0773992685729947,0.0773992685729947,0.0,0.0,0.0,0.0
2008-07-25,0.0734792487071325,0.0734792487071325,0.0,0.0,0.0,0.0
2008-07-26,0.0700380211242869,0.0700380211242869,0.0,0.0,0.0,0.0
2008-07-27,0.0670453578777072,0.0670453578777072,0.0,0.0,0.0,0.0
2008-07-28,0.0644569758629682,0.0644569758629682,0.0,0.0,0.0,0.0
2008-07-29,0.0621950853287848,0.0621950853287848,0.0,0.0,0.0,0.0
2008-07-30,0.0603124449111174,0.0603124449111174,0.0,0.0,0.0,0.0
2008-07-31,0.0587369075136212,0.0587369075136212,0.0,0.0,0.0,0.0
2008-08-01,0.0610968438591305,0.0610968438591305,0.0,0.0,0.0,0.0
2008-08-02,0.0598831263201773,0.0598831263201773,0.0,0.0,0.0,0.0
2008-08-03,0.0588971877046231,0.0588971877046231,0.0,0.0,0.0,0.0
2008-08-04,0.0581222632444061,0.0581222632444061,0.0,0.0,0.0,0.0
2008-08-05,0.0575621601107946,0.0575621601107946,0.0,0.0,0.0,0.0
2008-08-06,0.0571619805610732,0.0571619805610732,0.0,0.0,0.0,0.0
2008-08-07,0.0567866861353356,0.0567866861353356,0.0,0.0,0.0,0.0
2008-08-08,0.056420463303232,0.056420463303232,0.0,0.0,0.0,0.0
2008-08-09,0.0560921728420864,0.0560921728420864,0.0,0.0,0.0,0.0
2008-08-10,0.055802951278089,0.055802951278089,0.0,0.0,0.0,0.0
2008-08-11,0.0555247042867063,0.0555247042867063,0.0,0.0,0.0,0.0
2008-08-12,0.0552418951128391,0.0552418951128391,0.0,0.0,0.0,0.0
2008-08-13,0.0549565253899762,0.0549565253899762,0.0,0.0,0.0,0.0
2008-08-14,0.0546673107989159,0.0546673107989159,0.0,0.0,0.0,0.0
2008-08-15,0.0543798442468756,0.0543798442468756,0.0,0.0,0.0,0.0
2008-08-16,0.0541034269780039,0.0541034269780039,0.0,0.0,0.0,0.0
2008-08-17,0.053849225320883,0.053849225320883,0.0,0.0,0.0,0.0
2008-08-18,0.0536270874752207,0.0536270874752207,0.0,0.0,0.0,0.0
2008-08-19,0.0534402425914244,0.0534402425914244,0.0,0.0,0.0,0.0
2008-08-20,0.0532887184780043,0.0532887184780043,0.0,0.0,0.0,0.0
2008-08-21,0.0531420220306853,0.0531420220306853,0.0,0.0,0.0,0.0
2008-08-22,0.0529730181349617,0.0529730181349617,0.0,0.0,0.0,0.0
2008-08-23,0.0527953050288106,0.0527953050288106,0.0,0.0,0.0,0.0
2008-08-24,0.0526126409904426,0.0526126409904426,0.0,0.0,0.0,0.0
2008-08-25,0.0524281252944914,0.0524281252944914,0.0,0.0,0.0,0.0
2008-08-26,0.052252362539495,0.052252362539495,0.0,0.0,0.0,0.0
2008-08-27,0.0520902751904639,0.0520902751904639,0.0,0.0,0.0,0.0
2008-08-28,0.0519320873972059,0.0519320873972059,0.0,0.0,0.0,0.0
2008-08-29,0.0517725862074927,0.0517725862074927,0.0,0.0,0.0,0.0
2008-08-30,0.0516192090176488,0.0516192090176488,0.0,0.0,0.0,0.0
2008-08-31,0.0514846082846397,0.0514846082846397,0.0,0.0,0.0,0.0
2008-09-01,0.0723293023908471,0.0723293023908471,0.0,0.0,0.0,0.0
2008-09-02,0.0722348716504636,0.0722348716504636,0.0,0.0,0.0,0.0
2008-09-03,0.07212862660782,0.07212862660782,0.0,0.0,0.0,0.0
2008-09-04,0.0720027166148632,0.0720027166148632,0.0,0.0,0.0,0.0
2008-09-05,0.0718712338754925,0.0718712338754925,0.0,0.0,0.0,0.0
2008-09-06,0.0717375692434318,0.0717375692434318,0.0,0.0,0.0,0.0
2008-09-07,0.071604411766402,0.071604411766402,0.0,0.0,0.0,0.0
2008-09-08,0.0714760127191233,0.0714760127191233,0.0,0.0,0.0,0.0
2008-09-09,0.0713581631752146,0.0713581631752146,0.0,0.0,0.0,0.0
2008-09-10,0.0712587023044194,0.0712587023044194,0.0,0.0,0.0,0.0
2008-09-11,0.0711783609183278,0.0711783609183278,0.0,0.0,0.0,0.0
2008-09-12,0.0711005530788368,0.0711005530788368,0.0,0.0,0.0,0.0
2008-09-13,0.0710198142740518,0.0710198142740518,0.0,0.0,0.0,0.0
2008-09-14,0.0709381234606873,0.0709381234606873,0.0,0.0,0.0,0.0
2008-09-15,0.0708534680900609,0.0708534680900609,0.0,0.0,0.0,0.0
2008-09-16,0.0707677289487061,0.0707677289487061,0.0,0.0,0.0,0.0
2008-09-17,0.0706881928619493,0.0706881928619493,0.0,0.0,0.0,0.0
2008-09-18,0.0706169696337833,0.0706169696337833,0.0,0.0,0.0,0.0
2008-09-19,0.0705541692466445,0.0705541692466445,0.0,0.0,0.0,0.0
2008-09-20,0.0705045378516567,0.0705045378516567,0.0,0.0,0.0,0.0
2008-09-21,0.0704639962360242,0.0704639962360242,0.0,0.0,0.0,0.0
2008-09-22,0.0704294002592407,0.0704294002592407,0.0,0.0,0.0,0.0
2008-09-23,0.0703966626136525,0.0703966626136525,0.0,0.0,0.0,0.0
2008-09-24,0.0703539172326384,0.0703539172326384,0.0,0.0,0.0,0.0
2008-09-25,0.0703017238260661,0.0703017238260661,0.0,0.0,0.0,0.0
2008-09-26,0.0702499152570144,0.0702499152570144,0.0,0.0,0.0,0.0
2008-09-27,0.0701992440280641,0.0701992440280641,0.0,0.0,0.0,0.0
2008-09-28,0.0701492382288957,0.0701492382288957,0.0,0.0,0.0,0.0
2008-09-29,0.0729427519448197,0.0729427519448197,0.0,0.0,0.0,0.0
2008-09-30,0.06928918541445069,0.06928918541445069,0.0008515883471610086,0.0008515883471610086,0.0,0.0
2008-10-01,0.07632926309283213,0.07632926309283213,0.0033313324241401737,0.0033313324241401737,0.0,0.0
2008-10-02,0.07632926309283213,0.07632926309283213,0.00328723542055738,0.00328723542055738,0.0,0.0
2008-10-03,0.06891865501851602,0.06891865501851602,0.7623726743495013,0.7623726743495013,0.0,0.0
2008-10-04,0.07114183744599833,0.07114183744599833,0.5353435311992643,0.5353435311992643,0.0,0.0
2008-10-05,0.06854812462258134,0.06854812462258134,0.03971321253234267,0.03971321253234267,0.0,0.0
2008-10-06,0.06410175976761681,0.06410175976761681,0.02411881728702689,0.02411881728702689,0.0,0.0
2008-10-07,0.0644722901894886,0.0644722901894886,0.02414500645121659,0.02414500645121659,0.0,0.0
2008-10-08,0.07077130705006361,0.07077130705006361,0.011751854927452884,0.011751854927452884,0.0,0.0
2008-10-09,0.06743653340884022,0.06743653340884022,0.012007219276730388,0.012007219276730388,0.0,0.0
2008-10-10,0.06669547259103374,0.06669547259103374,0.013363827965274258,0.013363827965274258,0.0,0.0
2008-10-11,0.06410175976761681,0.06410175976761681,0.015326522717911586,0.015326522717911586,0.0,0.0
2008-10-12,0.06150804694419988,0.06150804694419988,0.017868611306711413,0.017868611306711413,0.0,0.0
2008-10-13,0.047057361217439427,0.047057361217439427,0.03229998149223557,0.03229998149223557,0.0,0.0
2008-10-14,0.046316300425570084,0.046316300425570084,0.03302130076018561,0.03302130076018561,0.0,0.0
2008-10-15,0.044834178815894285,0.044834178815894285,0.03448279009289401,0.03448279009289401,0.0,0.0
2008-10-16,0.04557523960776363,0.04557523960776363,0.033718697733575366,0.033718697733575366,0.0,0.0
2008-10-17,0.045945770003698296,0.045945770003698296,0.03332298451940941,0.03332298451940941,0.0,0.0
2008-10-18,0.04001728356499509,0.04001728356499509,0.03922484667119591,0.03922484667119591,0.0,0.0
2008-10-19,0.04001728356499509,0.04001728356499509,0.03919891877934971,0.03919891877934971,0.0,0.0
2008-10-20,0.0444636483940225,0.0444636483940225,0.0347290218627033,0.0347290218627033,0.0,0.0
2008-10-21,0.04742789163931123,0.04742789163931123,0.031741947625199274,0.031741947625199274,0.0,0.0
2008-10-22,0.03964675316906043,0.03964675316906043,0.039500821555156364,0.039500821555156364,0.0,0.0
2008-10-23,0.04001728356499509,0.04001728356499509,0.03910686887144291,0.03910686887144291,0.0,0.0
2008-10-24,0.038164631533447506,0.038164631533447506,0.0409344613212752,0.0409344613212752,0.0,0.0
2008-10-25,0.03779410113751284,0.03779410113751284,0.04127940753752626,0.04127940753752626,0.0,0.0
2008-10-26,0.045204709211828974,0.045204709211828974,0.03384275973534092,0.03384275973534092,0.0,0.0
2008-10-27,0.04038781396092977,0.04038781396092977,0.03863294837208744,0.03863294837208744,0.0,0.0
2008-10-28,0.0370530403456435,0.0370530403456435,0.041940299076447994,0.041940299076447994,0.0,0.0
2008-10-29,0.03742357074157816,0.03742357074157816,0.04157336951094813,0.04157336951094813,0.0,0.0
2008-10-30,0.0355709187100306,0.0355709187100306,0.821488029777615,0.821488029777615,0.0,0.0
2008-10-31,0.007348852998816824,0.007348852998816824,1.9905783366975605,1.9905783366975605,0.0,0.0
2008-11-01,0.0064842820585422345,0.0064842820585422345,8.74374402275942,8.74374402275942,0.0,0.0
2008-11-02,0.0064842820585422345,0.0064842820585422345,6.291093823307015,6.291093823307015,0.0,0.0
2008-11-03,0.007040077662819222,0.007040077662819222,1.837880881789308,1.837880881789308,0.0,0.0
2008-11-04,0.00926326008252032,0.00926326008252032,0.8047372473570754,0.8047372473570754,0.0,0.0
2008-11-05,0.009263260082520305,0.009263260082520305,0.10056121533024409,0.10056121533024409,0.0,0.0
2008-11-06,0.008892729681398218,0.008892729681398218,0.09993123384673068,0.09993123384673068,0.0,0.0
2008-11-07,0.0077811384702508035,0.0077811384702508035,0.3498481851061751,0.3498481851061751,0.0,0.0
2008-11-08,0.007781138470250859,0.007781138470250859,1.3775227905616962,1.3775227905616962,0.0,0.0
2008-11-09,0.0077811384702508035,0.0077811384702508035,0.4610728210175353,0.4610728210175353,0.0,0.0
2008-11-10,0.00778113847025079,0.00778113847025079,0.09841107293214721,0.09841107293214721,0.0,0.0
2008-11-11,0.00778113847025079,0.00778113847025079,0.1032934628849991,0.1032934628849991,0.0,0.0
2008-11-12,0.0077811384702508035,0.0077811384702508035,0.1481453297840826,0.1481453297840826,0.0,0.0
2008-11-13,0.0077811384702508035,0.0077811384702508035,0.2851001035836256,0.2851001035836256,0.0,0.0
2008-11-14,0.007348852998816713,0.007348852998816713,0.3088513672034015,0.3088513672034015,0.0,0.0
2008-11-15,0.014697706000227184,0.014697706000227184,0.49384330408635807,0.49384330408635807,0.0,0.0
2008-11-16,0.009510280353393297,0.009510280353393297,0.3647157525542759,0.3647157525542759,0.0,0.0
2008-11-17,0.009510280353393297,0.009510280353393297,0.2898851501434145,0.2898851501434145,0.0,0.0
2008-11-18,0.006051996587108255,0.006051996587108255,0.22648233611696345,0.22648233611696345,0.0,0.0
2008-11-19,0.006051996587108283,0.006051996587108283,0.1918591816765629,0.1918591816765629,0.0,0.0
2008-11-20,0.005619711118267923,0.005619711118267923,0.16147577525624698,0.16147577525624698,0.0,0.0
2008-11-21,0.005619711118267923,0.005619711118267923,0.14862521420795297,0.14862521420795297,0.0,0.0
2008-11-22,0.005619711118267923,0.005619711118267923,0.11992442494829428,0.11992442494829428,0.0,0.0
2008-11-23,0.00518742564683386,0.00518742564683386,0.11274483102141804,0.11274483102141804,0.0,0.0
2008-11-24,0.00518742564683386,0.00518742564683386,0.10473672324181174,0.10473672324181174,0.0,0.0
2008-11-25,0.005557956050549651,0.005557956050549651,0.9403207331296007,0.9403207331296007,0.0,0.0
2008-11-26,0.005557956050549651,0.005557956050549651,0.6864845055318518,0.6864845055318518,0.0,0.0
2008-11-27,0.00444636483940225,0.00444636483940225,0.16760451887831046,0.16760451887831046,0.0,0.0
2008-11-28,0.00444636483940225,0.00444636483940225,0.11062380764521555,0.11062380764521555,0.0,0.0
2008-11-29,0.0014821216122695158,0.0014821216122695158,0.11559314077608249,0.11559314077608249,0.0,0.0
2008-11-30,0.001111591211147428,0.001111591211147428,0.20957835755260376,0.20957835755260376,0.0,0.0
2008-12-01,0.001111591211147428,0.001111591211147428,0.18737131197574558,0.18737131197574558,0.0,0.0
2008-12-02,0.001111591211147428,0.001111591211147428,0.16319077554959946,0.16319077554959946,0.0,0.0
2008-12-03,0.001111591211147428,0.001111591211147428,0.18960883976135318,0.18960883976135318,0.0,0.0
2008-12-04,0.0007410608074316094,0.0007410608074316094,0.1428171605610556,0.1428171605610556,0.0,0.0
2008-12-05,0.0007410608074316094,0.0007410608074316094,0.1412684799770598,0.1412684799770598,0.0,0.0
2008-12-06,0.0007410608074316094,0.0007410608074316094,0.13984391245085928,0.13984391245085928,0.0,0.0
2008-12-07,0.0007410608074316094,0.0007410608074316094,0.1461695009157939,0.1461695009157939,0.0,0.0
2008-12-08,0.0007410608074316094,0.0007410608074316094,0.1401073224823157,0.1401073224823157,0.0,0.0
2008-12-09,0.0007410608074316094,0.0007410608074316094,0.1396701731212359,0.1396701731212359,0.0,0.0
2008-12-10,0.0007410608074316094,0.0007410608074316094,0.1398154962479152,0.1398154962479152,0.0,0.0
2008-12-11,0.0007410608074316094,0.0007410608074316094,0.14174881636328318,0.14174881636328318,0.0,0.0
2008-12-12,0.0007410608074316372,0.0007410608074316372,0.7125365980658709,0.7125365980658709,0.0,0.0
2008-12-13,0.0018526520159852788,0.0018526520159852788,0.739904762618822,0.739904762618822,0.0,0.0
2008-12-14,0.0022231824197010974,0.0022231824197010974,0.9833052007835005,0.9833052007835005,0.0,0.0
2008-12-15,0.0022231824197010974,0.0022231824197010974,0.5026000346099703,0.5026000346099703,0.0,0.0
2008-12-16,0.002223182419701125,0.002223182419701125,0.18343627772158277,0.18343627772158277,0.0,0.0
2008-12-17,0.002223182419701125,0.002223182419701125,0.16198862790674698,0.16198862790674698,0.0,0.0
2008-12-18,0.0008645709402743951,0.0008645709402743951,0.1758469573741759,0.1758469573741759,0.0,0.0
2008-12-19,0.0008645709402743951,0.0008645709402743951,0.1965387310977012,0.1965387310977012,0.0,0.0
2008-12-20,0.0008645709402743951,0.0008645709402743951,0.211136486002125,0.211136486002125,0.0,0.0
2008-12-21,0.0008645709402743673,0.0008645709402743673,1.3846931334133659,1.3846931334133659,0.0,0.0
2008-12-22,0.0008645709402745894,0.0008645709402745894,2.9176473124998044,2.9176473124998044,0.0,0.0
2008-12-23,0.0008645709402743673,0.0008645709402743673,0.8952455576059021,0.8952455576059021,0.0,0.0
2008-12-24,0.0008645709402745894,0.0008645709402745894,3.0451171182524233,3.0451171182524233,0.0,0.0
2008-12-25,0.0005187425646835386,0.0005187425646835386,3.547929853187859,3.547929853187859,0.0,0.0
2008-12-26,0.0005187425646833721,0.0005187425646833721,0.3633059491983586,0.3633059491983586,0.0,0.0
2008-12-27,0.003025998294850979,0.003025998294850979,0.17836195561296353,0.17836195561296353,0.0,0.0
2008-12-28,0.003025998294850979,0.003025998294850979,0.19268816786656953,0.19268816786656953,0.0,0.0
2008-12-29,0.0031124553881003436,0.0031124553881003436,0.31993640741152013,0.31993640741152013,0.0,0.0
2008-12-30,0.0031124553881003436,0.0031124553881003436,0.6741156250903608,0.6741156250903608,0.0,0.0
2008-12-31,0.0031124553881003436,0.0031124553881003436,0.6027031534033008,0.6027031534033008,0.0,0.0
2009-01-01,0.003458283763691339,0.003458283763691339,0.35739548685326705,0.35739548685326705,0.0,0.0
2009-01-02,0.003025998294850951,0.003025998294850951,0.7464934323596049,0.7464934323596049,0.0,0.0
2009-01-03,0.0030259982948510067,0.0030259982948510067,0.34354478688718737,0.34354478688718737,0.0,0.0
2009-01-04,0.0036311979527837157,0.0036311979527837157,0.20482354705276037,0.20482354705276037,0.0,0.0
2009-01-05,0.003458283763691339,0.003458283763691339,0.26520751376575147,0.26520751376575147,0.0,0.0
2009-01-06,0.003458283763691339,0.003458283763691339,0.17840438847621296,0.17840438847621296,0.0,0.0
2009-01-07,0.003458283763691339,0.003458283763691339,0.20032336068044726,0.20032336068044726,0.0,0.0
2009-01-08,0.003458283763691339,0.003458283763691339,0.22930627074854687,0.22930627074854687,0.0,0.0
2009-01-09,0.002593712823416916,0.002593712823416916,0.309105962038594,0.309105962038594,0.0,0.0
2009-01-10,0.002161427351982881,0.002161427351982881,0.4115275122100701,0.4115275122100701,0.0,0.0
2009-01-11,0.002161427351982881,0.002161427351982881,0.5106089629738094,0.5106089629738094,0.0,0.0
2009-01-12,0.002161427351982881,0.002161427351982881,0.7954744732367539,0.7954744732367539,0.0,0.0
2009-01-13,0.002161427351982881,0.002161427351982881,0.9345351919867627,0.9345351919867627,0.0,0.0
2009-01-14,0.002161427351982881,0.002161427351982881,0.8738152924677205,0.8738152924677205,0.0,0.0
2009-01-15,0.00216142735198277,0.00216142735198277,1.1036121778112533,1.1036121778112533,0.0,0.0
2009-01-16,0.00216142735198277,0.00216142735198277,1.008040738871778,1.008040738871778,0.0,0.0
2009-01-17,0.002161427351982881,0.002161427351982881,0.676544609941112,0.676544609941112,0.0,0.0
2009-01-18,0.002161427351982881,0.002161427351982881,0.6090045268355677,0.6090045268355677,0.0,0.0
2009-01-19,0.002161427351982881,0.002161427351982881,0.6751743538341506,0.6751743538341506,0.0,0.0
2009-01-20,0.002161427351982881,0.002161427351982881,0.478854565750344,0.478854565750344,0.0,0.0
2009-01-21,0.00216142735198277,0.00216142735198277,2.0827862000651938,2.0827862000651938,0.0,0.0
2009-01-22,0.001852652015985612,0.001852652015985612,5.470477203306007,5.470477203306007,0.0,0.0
2009-01-23,0.001852652015985612,0.0018526520159853187,10.0,10.0,0.0,0.0
2009-01-24,0.0021614273519828717,0.0021614273519828717,10.0,10.0,0.0,0.0
2009-01-25,0.0021614273519828717,0.0021614273519828717,6.460544925663474,6.4605449256634735,0.0,0.0
2009-01-26,0.0021614273519828717,0.0021614273519828717,0.3870404467606992,0.3870404467606992,0.0,0.0
2009-01-27,0.0021614273519828717,0.0021614273519828717,0.323937005582774,0.323937005582774,0.0,0.0
2009-01-28,0.0021614273519828717,0.0021614273519828717,0.33588887962315844,0.33588887962315844,0.0,0.0
2009-01-29,0.0021614273519828717,0.0021614273519828717,0.3836283846495309,0.3836283846495309,0.0,0.0
2009-01-30,0.002593712823416931,0.002593712823416931,0.374456064732138,0.374456064732138,0.0,0.0
2009-01-31,0.002593712823416931,0.002593712823416931,0.4226071094953038,0.4226071094953038,0.0,0.0
2009-02-01,0.002593712823416931,0.002593712823416931,0.3823342848301259,0.3823342848301259,0.0,0.0
2009-02-02,0.002593712823416931,0.002593712823416931,0.3620820576947776,0.3620820576947776,0.0,0.0
2009-02-03,0.002593712823416931,0.002593712823416931,0.4154835972447723,0.4154835972447723,0.0,0.0
2009-02-04,0.002593712823416931,0.002593712823416931,0.5567493030486202,0.5567493030486202,0.0,0.0
2009-02-05,0.002593712823416931,0.002593712823416931,1.1153312855680513,1.1153312855680513,0.0,0.0
2009-02-06,0.002593712823416931,0.002593712823416931,0.9712973332104223,0.9712973332104223,0.0,0.0
2009-02-07,0.002593712823416931,0.002593712823416931,0.4359347948104355,0.4359347948104355,0.0,0.0
2009-02-08,0.002593712823416931,0.002593712823416931,2.2607668379524886,2.2607668379524886,0.0,0.0
2009-02-09,0.002593712823416931,0.002593712823416931,1.3515235398153056,1.3515235398153056,0.0,0.0
2009-02-10,0.002593712823416931,0.002593712823416931,0.6176566498981141,0.6176566498981141,0.0,0.0
2009-02-11,0.002593712823416931,0.002593712823416931,1.2363264217803065,1.2363264217803065,0.0,0.0
2009-02-12,0.002593712823416931,0.002593712823416931,0.9411065821322037,0.9411065821322037,0.0,0.0
2009-02-13,0.002593712823416931,0.002593712823416931,1.8536680922613002,1.8536680922613002,0.0,0.0
2009-02-14,0.002593712823416931,0.002593712823416931,1.314682215793117,1.314682215793117,0.0,0.0
2009-02-15,0.002593712823416931,0.002593712823416931,0.7874227484665418,0.7874227484665418,0.0,0.0
2009-02-16,0.0038905692351253966,0.0038905692351253966,3.6078711247701634,3.6078711247701634,0.0,0.0
2009-02-17,0.0038905692351253966,0.0038905692351253966,3.0305920911407704,3.0305920911407704,0.0,0.0
2009-02-18,0.0038905692351253966,0.0038905692351253966,1.379781360758185,1.379781360758185,0.0,0.0
2009-02-19,0.0038905692351253966,0.0038905692351253966,1.439382389253625,1.439382389253625,0.0,0.0
2009-02-20,0.0038905692351253966,0.0038905692351253966,1.6179728483216589,1.6179728483216589,0.0,0.0
2009-02-21,0.0038905692351253966,0.0038905692351253966,2.1294453212460067,2.1294453212460067,0.0,0.0
2009-02-22,0.0038905692351253966,0.0038905692351253966,4.371539593121239,4.371539593121239,0.0,0.0
2009-02-23,0.0021614273519828717,0.0021614273519828717,4.423107252746048,4.423107252746048,0.0,0.0
2009-02-24,0.0021614273519828717,0.0021614273519828717,3.043370472576754,3.043370472576754,0.0,0.0
2009-02-25,0.0021614273519828717,0.0021614273519828717,3.311306440803335,3.311306440803335,0.0,0.0
2009-02-26,0.0021614273519828717,0.0021614273519828717,3.1198087890389994,3.1198087890389994,0.0,0.0
2009-02-27,0.0021614273519828717,0.0021614273519828717,3.2323584464958746,3.2323584464958746,0.0,0.0
2009-02-28,0.0029642432271327376,0.0029642432271327376,3.3203656644231083,3.3203656644231083,0.0,0.0
2009-03-01,0.0029642432271327376,0.0029642432271327376,4.2655664400648705,4.2655664400648705,0.0,0.0
2009-03-02,0.002593712823416931,0.002593712823416931,6.276645288620296,6.276645288620296,0.0,0.0
2009-03-03,0.002593712823416931,0.002593712823416931,9.245278459122378,9.245278459122378,0.0,0.0
2009-03-04,0.002593712823416931,0.002593712823416931,6.932084547409472,6.932084547409472,0.0,0.0
2009-03-05,0.0029642432271327376,0.0029642432271327376,5.2592745079352685,5.2592745079352685,0.0,0.0
2009-03-06,0.0170443985527711,0.0170443985527711,5.316418751543346,5.316418751543346,0.0,0.0
2009-03-07,0.01963811137618803,0.01963811137618803,5.124015816624405,5.124015816624405,0.0,0.0
2009-03-08,0.019267580975065937,0.019267580975065937,4.930551955030728,4.930551955030728,0.0,0.0
2009-03-09,0.018897050571350132,0.018897050571350132,4.650522248512855,4.650522248512855,0.0,0.0
2009-03-10,0.018897050571350132,0.018897050571350132,4.292612625988244,4.292612625988244,0.0,0.0
2009-03-11,0.020008641779903837,0.020008641779903837,4.097377644977673,4.097377644977673,0.0,0.0
2009-03-12,0.02037917218361964,0.02037917218361964,3.9356100329495596,3.9356100329495596,0.0,0.0
2009-03-13,0.02334341541075238,0.02334341541075238,3.8723724850347443,3.8723724850347443,0.0,0.0
2009-03-14,0.023713945814468188,0.023713945814468188,3.7304129633410716,3.7304129633410716,0.0,0.0
2009-03-15,0.02334341541075238,0.02334341541075238,3.55825334392723,3.55825334392723,0.0,0.0
2009-03-16,0.02704871944791044,0.02704871944791044,3.6592349100223,3.6592349100223,0.0,0.0
2009-03-17,0.02741924984384511,0.02741924984384511,3.8025708114065586,3.8025708114065586,0.0,0.0
2009-03-18,0.02223182419960496,0.02223182419960496,4.126421659733698,4.126421659733698,0.0,0.0
2009-03-19,0.018897050571350132,0.018897050571350132,4.692335999453559,4.692335999453559,0.0,0.0
2009-03-20,0.018526520167634324,0.018526520167634324,4.7079177076699015,4.7079177076699015,0.0,0.0
2009-03-21,0.02223182419960496,0.02223182419960496,7.163867953050311,7.163867953050311,0.0,0.0
2009-03-22,0.02853084105758624,0.02853084105758624,4.996495622956025,4.996495622956025,0.0,0.0
2009-03-23,0.03408879710035477,0.03408879710035477,3.289452285598333,3.289452285598333,0.0,0.0
2009-03-24,0.03779410113751284,0.03779410113751284,3.435370765063652,3.435370765063652,0.0,0.0
2009-03-25,0.038164631533447506,0.038164631533447506,3.4462664106626564,3.4462664106626564,0.0,0.0
2009-03-26,0.04409311799808782,0.04409311799808782,3.5064715839151845,3.5064715839151845,0.0,0.0
2009-03-27,0.04261099638841203,0.04261099638841203,3.7928554969976407,3.7928554969976407,0.0,0.0
2009-03-28,0.040758344356864436,0.040758344356864436,4.03000659644441,4.03000659644441,0.0,0.0
2009-03-29,0.038164631533447506,0.038164631533447506,4.310930032402599,4.310930032402599,0.0,0.0
2009-03-30,0.0414994051746709,0.0414994051746709,3.827612738975105,3.827612738975105,0.0,0.0
2009-03-31,0.0414994051746709,0.0414994051746709,3.610311061745729,3.610311061745729,0.0,0.0
2009-04-01,0.08688937958446719,0.08688937958446719,4.472577308048567,4.472577308048567,0.0,0.0
2009-04-02,0.06873338982054866,0.06873338982054866,4.848577139098568,4.848577139098568,0.0,0.0
2009-04-03,0.06873338982054866,0.06873338982054866,4.1847044508502815,4.1847044508502815,0.0,0.0
2009-04-04,0.07392081546738254,0.07392081546738254,3.1558696102456913,3.1558696102456913,0.0,0.0
2009-04-05,0.07521767187909101,0.07521767187909101,3.583234999364356,3.583234999364356,0.0,0.0
2009-04-06,0.07262395905567408,0.07262395905567408,4.266051565081363,4.266051565081363,0.0,0.0
2009-04-07,0.07262395905567408,0.07262395905567408,5.3754753075972275,5.3754753075972275,0.0,0.0
2009-04-08,0.07262395905567408,0.07262395905567408,5.116440636005382,5.116440636005382,0.0,0.0
2009-04-09,0.06484282058542327,0.06484282058542327,4.056773970851016,4.056773970851016,0.0,0.0
2009-04-10,0.07781138470250792,0.07781138470250792,3.3536804754328653,3.3536804754328653,0.0,0.0
2009-04-11,0.08040509752592487,0.08040509752592487,3.2428799226115683,3.2428799226115683,0.0,0.0
2009-04-12,0.09207680523130105,0.09207680523130105,3.249379164571431,3.249379164571431,0.0,0.0
2009-04-13,0.07651452829079947,0.07651452829079947,3.2887936253868064,3.2887936253868064,0.0,0.0
2009-04-14,0.07651452829079947,0.07651452829079947,3.1173735738475843,3.1173735738475843,0.0,0.0
2009-04-15,0.06484282058542327,0.06484282058542327,2.7935735484737068,2.7935735484737068,0.0,0.0
2009-04-16,0.06484282058542327,0.06484282058542327,2.6896593648205736,2.6896593648205736,0.0,0.0
2009-04-17,0.06484282058542327,0.06484282058542327,2.7389881635307667,2.7389881635307667,0.0,0.0
2009-04-18,0.06484282058542327,0.06484282058542327,3.399283434542647,3.399283434542647,0.0,0.0
2009-04-19,0.0829988103493418,0.0829988103493418,4.540390908376766,4.540390908376766,0.0,0.0
2009-04-20,0.0829988103493418,0.0829988103493418,6.533454322572317,6.533454322572317,0.0,0.0
2009-04-21,0.08429566676105026,0.08429566676105026,9.159688708628574,9.159688708628574,0.0,0.0
2009-04-22,0.0907799488195926,0.0907799488195926,10.0,10.0,0.0,0.0
2009-04-23,0.09207680523130105,0.09207680523130105,10.0,10.0,0.0,0.0
2009-04-24,0.10374851293667725,0.10374851293667725,8.723272948828226,8.723272948828228,0.0,0.0
2009-04-25,0.10374851293667725,0.10374851293667725,5.718679587812199,5.718679587812199,0.0,0.0
2009-04-26,0.10115480011326032,0.10115480011326032,5.802455770244317,5.802455770244317,0.0,0.0
2009-04-27,0.10374851293667725,0.10374851293667725,6.3237358987650145,6.3237358987650145,0.0,0.0
2009-04-28,0.10245165652496876,0.10245165652496876,6.219512225789026,6.219512225789026,0.0,0.0
2009-04-29,0.0972642308781349,0.0972642308781349,5.7479735213887055,5.7479735213887055,0.0,0.0
2009-04-30,0.07651452829079947,0.07651452829079947,5.773301031733548,5.773301031733548,0.0,0.0
2009-05-01,0.07781138470250792,0.07781138470250792,10.0,9.999999999999998,0.0,0.0
2009-05-02,0.06484282058542327,0.06484282058542327,10.000000000000002,10.000000000000002,0.0,0.0
2009-05-03,0.06484282058542327,0.06484282058542327,10.000000000000002,10.000000000000002,0.0,0.0
2009-05-04,0.06354596417371482,0.06354596417371482,9.999999999999998,9.999999999999998,0.0,0.0
2009-05-05,0.06354596417371482,0.06354596417371482,9.999999999999998,9.999999999999998,0.0,0.0
2009-05-06,0.06354596417371482,0.06354596417371482,9.999999999999998,9.999999999999998,0.0,0.0
2009-05-07,0.06484282058542327,0.06484282058542327,10.000000000000002,10.000000000000002,0.0,0.0
2009-05-08,0.07003024623225713,0.07003024623225713,10.000000000000007,10.000000000000007,0.0,0.0
2009-05-09,0.06873338982054866,0.06873338982054866,10.000000000000002,10.000000000000002,0.0,0.0
2009-05-10,0.07003024623225713,0.07003024623225713,9.999999999999993,9.999999999999993,0.0,0.0
2009-05-11,0.07132710264396559,0.07132710264396559,9.999999999999996,9.999999999999996,0.0,0.0
2009-05-12,0.0907799488195926,0.0907799488195926,9.999999999999995,9.999999999999995,0.0,0.0
2009-05-13,0.10374851293667725,0.10374851293667725,9.999999999999998,9.999999999999998,0.0,0.0
2009-05-14,0.1089359385835111,0.1089359385835111,9.99999999999999,9.99999999999999,0.0,0.0
2009-05-15,0.11152965140692804,0.11152965140692804,9.999999999999998,9.999999999999998,0.0,0.0
2009-05-16,0.12320135911230422,0.12320135911230422,9.999999999999996,9.999999999999996,0.0,0.0
2009-05-17,0.12320135911230422,0.12320135911230422,9.999999999999996,9.999999999999996,0.0,0.0
2009-05-18,0.11282650781863648,0.11282650781863648,10.000000000000002,10.000000000000002,0.0,0.0
2009-05-19,0.11282650781863648,0.11282650781863648,10.000000000000002,10.000000000000002,0.0,0.0
2009-05-20,0.11152965140692804,0.11152965140692804,9.999999999999998,9.999999999999998,0.0,0.0
2009-05-21,0.11282650781863648,0.11282650781863648,9.999999999999988,9.999999999999988,0.0,0.0
2009-05-22,0.14006049246451427,0.14006049246451427,10.000000000000014,10.000000000000014,0.0,0.0
2009-05-23,0.14006049246451427,0.14006049246451427,10.0,10.0,0.0,0.0
2009-05-24,0.14135734887622275,0.14135734887622275,10.000000000000004,10.000000000000004,0.0,0.0
2009-05-25,0.14135734887622275,0.14135734887622275,10.000000000000004,10.000000000000004,0.0,0.0
2009-05-26,0.14913848734647353,0.14913848734647353,9.99999999999999,9.99999999999999,0.0,0.0
2009-05-27,0.14654477452305661,0.14654477452305661,9.999999999999995,9.999999999999995,0.0,0.0
2009-05-28,0.14913848734647353,0.14913848734647353,10.000000000000004,10.000000000000004,0.0,0.0
2009-05-29,0.15173220016989047,0.15173220016989047,9.999999999999998,9.999999999999998,0.0,0.0
2009-05-30,0.14913848734647353,0.14913848734647353,10.000000000000004,10.000000000000004,0.0,0.0
2009-05-31,0.15173220016989047,0.15173220016989047,9.999999999999998,9.999999999999998,0.0,0.0
2009-06-01,0.15173220016989047,0.15173220016989047,9.999999999999998,9.999999999999998,0.0,0.0
2009-06-02,0.13357621040597195,0.13357621040597195,10.000000000000005,10.000000000000005,0.0,0.0
2009-06-03,0.14913848734647353,0.14913848734647353,10.000000000000004,10.000000000000004,0.0,0.0
2009-06-04,0.14524791811134816,0.14524791811134816,10.000000000000004,10.000000000000004,0.0,0.0
2009-06-05,0.14524791811134816,0.14524791811134816,10.000000000000004,10.000000000000004,0.0,0.0
2009-06-06,0.1582164822284328,0.1582164822284328,9.999999999999993,9.999999999999993,0.0,0.0
2009-06-07,0.15173220016989047,0.15173220016989047,9.999999999999998,9.999999999999998,0.0,0.0
2009-06-08,0.15173220016989047,0.15173220016989047,9.999999999999998,9.999999999999998,0.0,0.0
2009-06-09,0.15173220016989047,0.15173220016989047,9.999999999999998,9.999999999999998,0.0,0.0
2009-06-10,0.15173220016989047,0.15173220016989047,9.999999999999998,9.999999999999998,0.0,0.0
2009-06-11,0.15173220016989047,0.15173220016989047,9.999999999999995,9.999999999999995,0.0,0.0
2009-06-12,0.14913848734647353,0.14913848734647353,10.0,10.0,0.0,0.0
2009-06-13,0.1659976206986836,0.1659976206986836,10.0,10.0,0.0,0.0
2009-06-14,0.1647007642869751,0.1647007642869751,10.0,10.0,0.0,0.0
2009-06-15,0.16340390787526665,0.16340390787526665,5.186519679173569,5.186519679173569,0.0,0.0
2009-06-16,0.15562276940501585,0.15562276940501585,1.3298703796494382,1.3298703796494382,0.0,0.0
2009-06-17,0.15562276940501585,0.15562276940501585,1.2787029178126583,1.2787029178126583,0.0,0.0
2009-06-18,0.15691962581672436,0.15691962581672436,1.272453714361867,1.272453714361867,0.0,0.0
2009-06-19,0.15562276940501585,0.15562276940501585,1.4806533151650076,1.4806533151650076,0.0,0.0
2009-06-20,0.15562276940501585,0.15562276940501585,1.452143059881489,1.452143059881489,0.0,0.0
2009-06-21,0.1543259129933074,0.1543259129933074,1.3626768548652801,1.3626768548652801,0.0,0.0
2009-06-22,0.16340390787526665,0.16340390787526665,1.458336733941746,1.458336733941746,0.0,0.0
2009-06-23,0.1647007642869751,0.1647007642869751,1.5944438048237695,1.5944438048237695,0.0,0.0
2009-06-24,0.16210705146355817,0.16210705146355817,1.8845720213922967,1.8845720213922967,0.0,0.0
2009-06-25,0.16210705146355817,0.16210705146355817,1.640566030120878,1.640566030120878,0.0,0.0
2009-06-26,0.17118504634551746,0.17118504634551746,1.4959315934853374,1.4959315934853374,0.0,0.0
2009-06-27,0.17118504634551746,0.17118504634551746,1.9489540881902823,1.9489540881902823,0.0,0.0
2009-06-28,0.15951333864014125,0.15951333864014125,2.409550079727412,2.409550079727412,0.0,0.0
2009-06-29,0.15302905658159893,0.15302905658159893,2.50373699814214,2.50373699814214,0.0,0.0
2009-06-30,0.16340390787526665,0.16340390787526665,2.2115978427374885,2.2115978427374885,0.0,0.0
2009-07-01,0.16340390787526665,0.16340390787526665,0.9801515198300965,0.9801515198300965,0.0,0.0
2009-07-02,0.16340390787526665,0.16340390787526665,1.1585971049415311,1.1585971049415311,0.0,0.0
2009-07-03,0.16340390787526665,0.16340390787526665,1.1575446865482342,1.1575446865482342,0.0,0.0
2009-07-04,0.16340390787526665,0.16340390787526665,0.8210097825177078,0.8210097825177078,0.0,0.0
2009-07-05,0.16340390787526665,0.16340390787526665,0.7294678877532916,0.7294678877532916,0.0,0.0
2009-07-06,0.16340390787526665,0.16340390787526665,0.683342553260353,0.683342553260353,0.0,0.0
2009-07-07,0.15951333864014125,0.15951333864014125,0.596352488063687,0.596352488063687,0.0,0.0
2009-07-08,0.15691962581672436,0.15691962581672436,0.5399149927331223,0.5399149927331223,0.0,0.0
2009-07-09,0.16729447711039205,0.16729447711039205,0.4915376687511256,0.4915376687511256,0.0,0.0
2009-07-10,0.17248190275722594,0.17248190275722594,0.380057380600623,0.380057380600623,0.0,0.0
2009-07-11,0.1685913335221005,0.1685913335221005,0.3992222381195033,0.3992222381195033,0.0,0.0
2009-07-12,0.16340390787526665,0.16340390787526665,0.3901251082876303,0.3901251082876303,0.0,0.0
2009-07-13,0.16340390787526665,0.16340390787526665,0.3587652035361621,0.3587652035361621,0.0,0.0
2009-07-14,0.1543259129933074,0.1543259129933074,0.36077932699127085,0.36077932699127085,0.0,0.0
2009-07-15,0.15951333864014125,0.15951333864014125,0.3532619628448661,0.3532619628448661,0.0,0.0
2009-07-16,0.16340390787526665,0.16340390787526665,0.34414728613355433,0.34414728613355433,0.0,0.0
2009-07-17,0.16081019505184974,0.16081019505184974,0.28804193773171705,0.28804193773171705,0.0,0.0
2009-07-18,0.16340390787526665,0.16340390787526665,0.30846146933167234,0.30846146933167234,0.0,0.0
2009-07-19,0.1647007642869751,0.1647007642869751,0.3146446948683739,0.3146446948683739,0.0,0.0
2009-07-20,0.16081019505184974,0.16081019505184974,0.29907399405167756,0.29907399405167756,0.0,0.0
2009-07-21,0.169888189933809,0.169888189933809,0.2497972882875687,0.2497972882875687,0.0,0.0
2009-07-22,0.16729447711039205,0.16729447711039205,0.20048695526741225,0.20048695526741225,0.0,0.0
2009-07-23,0.16729447711039205,0.16729447711039205,0.19150052873098775,0.19150052873098775,0.0,0.0
2009-07-24,0.16729447711039205,0.16729447711039205,0.17129905174248625,0.17129905174248625,0.0,0.0
2009-07-25,0.1659976206986836,0.1659976206986836,0.1885233053374005,0.1885233053374005,0.0,0.0
2009-07-26,0.16729447711039205,0.16729447711039205,0.16065820634576475,0.16065820634576475,0.0,0.0
2009-07-27,0.16729447711039205,0.16729447711039205,0.009428304793453857,0.009428304793453857,0.0,0.0
2009-07-28,0.161845738013781,0.161845738013781,0.0,0.0,0.0,0.0
2009-07-29,0.1580613333728751,0.1580613333728751,0.0,0.0,0.0,0.0
2009-07-30,0.154892173816897,0.154892173816897,0.0,0.0,0.0,0.0
2009-07-31,0.147711327067744,0.147711327067744,0.0,0.0,0.0,0.0
2009-08-01,0.144185721805511,0.144185721805511,0.0,0.0,0.0,0.0
2009-08-02,0.1311288396539301,0.1311288396539301,0.0,0.0,0.0,0.0
2009-08-03,0.1195948561205765,0.1195948561205765,0.0,0.0,0.0,0.0
2009-08-04,0.1101413940437323,0.1101413940437323,0.0,0.0,0.0,0.0
2009-08-05,0.1021589421494704,0.1021589421494704,0.0,0.0,0.0,0.0
2009-08-06,0.0957151491469711,0.0957151491469711,0.0,0.0,0.0,0.0
2009-08-07,0.0913817493445708,0.0913817493445708,0.0,0.0,0.0,0.0
2009-08-08,0.088208126364536,0.088208126364536,0.0,0.0,0.0,0.0
2009-08-09,0.0847446123467837,0.0847446123467837,0.0,0.0,0.0,0.0
2009-08-10,0.0808681463879692,0.0808681463879692,0.0,0.0,0.0,0.0
2009-08-11,0.0769387838556356,0.0769387838556356,0.0,0.0,0.0,0.0
2009-08-12,0.0732380604507213,0.0732380604507213,0.0,0.0,0.0,0.0
2009-08-13,0.0700309987642092,0.0700309987642092,0.0,0.0,0.0,0.0
2009-08-14,0.0673946206186892,0.0673946206186892,0.0,0.0,0.0,0.0
2009-08-15,0.0653022209282515,0.0653022209282515,0.0,0.0,0.0,0.0
2009-08-16,0.0636330517522945,0.0636330517522945,0.0,0.0,0.0,0.0
2009-08-17,0.062080915699843,0.062080915699843,0.0,0.0,0.0,0.0
2009-08-18,0.0605569154444419,0.0605569154444419,0.0,0.0,0.0,0.0
2009-08-19,0.0591059749363356,0.0591059749363356,0.0,0.0,0.0,0.0
2009-08-20,0.0577902252279416,0.0577902252279416,0.0,0.0,0.0,0.0
2009-08-21,0.0567601133412959,0.0567601133412959,0.0,0.0,0.0,0.0
2009-08-22,0.1089359385835111,0.1089359385835111,0.07327252318562609,0.07327252318562609,0.0,0.0
2009-08-23,0.0723102311919371,0.0723102311919371,0.0,0.0,0.0,0.0
2009-08-24,0.0743165750060621,0.0743165750060621,0.0,0.0,0.0,0.0
2009-08-25,0.0552379520672804,0.0552379520672804,0.0,0.0,0.0,0.0
2009-08-26,0.054984557425565,0.054984557425565,0.0,0.0,0.0,0.0
2009-08-27,0.0547556475518827,0.0547556475518827,0.0,0.0,0.0,0.0
2009-08-28,0.0545199112131774,0.0545199112131774,0.0,0.0,0.0,0.0
2009-08-29,0.0542796852986176,0.0542796852986176,0.0,0.0,0.0,0.0
2009-08-30,0.0540397991084256,0.0540397991084256,0.0,0.0,0.0,0.0
2009-08-31,0.0538173726570258,0.0538173726570258,0.0,0.0,0.0,0.0
2009-09-01,0.075484106175847,0.075484106175847,0.0,0.0,0.0,0.0
2009-09-02,0.0752398189762662,0.0752398189762662,0.0,0.0,0.0,0.0
2009-09-03,0.0749951734381845,0.0749951734381845,0.0,0.0,0.0,0.0
2009-09-04,0.0747607590599146,0.0747607590599146,0.0,0.0,0.0,0.0
2009-09-05,0.0745486068344743,0.0745486068344743,0.0,0.0,0.0,0.0
2009-09-06,0.0743653127067722,0.0743653127067722,0.0,0.0,0.0,0.0
2009-09-07,0.0742085448353668,0.0742085448353668,0.0,0.0,0.0,0.0
2009-09-08,0.0740626453285831,0.0740626453285831,0.0,0.0,0.0,0.0
2009-09-09,0.0739135470943559,0.0739135470943559,0.0,0.0,0.0,0.0
2009-09-10,0.0737572854307898,0.0737572854307898,0.0,0.0,0.0,0.0
2009-09-11,0.0735880303374069,0.0735880303374069,0.0,0.0,0.0,0.0
2009-09-12,0.0734313426011469,0.0734313426011469,0.0,0.0,0.0,0.0
2009-09-13,0.0799115084653946,0.0799115084653946,0.0,0.0,0.0,0.0
2009-09-14,0.08818623599617564,0.08818623599617564,0.00014204511523335794,0.00014204511523335794,0.0,0.0
2009-09-15,0.073081251448442,0.073081251448442,0.0,0.0,0.0,0.0
2009-09-16,0.0729853355863694,0.0729853355863694,0.0,0.0,0.0,0.0
2009-09-17,0.0728778011305288,0.0728778011305288,0.0,0.0,0.0,0.0
2009-09-18,0.0727597766809831,0.0727597766809831,0.0,0.0,0.0,0.0
2009-09-19,0.0726329008917716,0.0726329008917716,0.0,0.0,0.0,0.0
2009-09-20,0.0725052928547655,0.0725052928547655,0.0,0.0,0.0,0.0
2009-09-21,0.0723956630126059,0.0723956630126059,0.0,0.0,0.0,0.0
2009-09-22,0.0722904858850619,0.0722904858850619,0.0,0.0,0.0,0.0
2009-09-23,0.0721748924746691,0.0721748924746691,0.0,0.0,0.0,0.0
2009-09-24,0.0720634882308024,0.0720634882308024,0.0,0.0,0.0,0.0
2009-09-25,0.0719572949221937,0.0719572949221937,0.0,0.0,0.0,0.0
2009-09-26,0.0718513978385248,0.0718513978385248,0.0,0.0,0.0,0.0
2009-09-27,0.0717466742829044,0.0717466742829044,0.0,0.0,0.0,0.0
2009-09-28,0.06743653340884022,0.06743653340884022,0.004208833792048575,0.004208833792048575,0.0,0.0
2009-09-29,0.06873338982054866,0.06873338982054866,0.0028210564365628438,0.0028210564365628438,0.0,0.0
2009-09-30,0.07003024623225713,0.07003024623225713,0.0014718342936337614,0.0014718342936337614,0.0,0.0
2009-10-01,0.042796261586379364,0.042796261586379364,0.03852343392184404,0.03852343392184404,0.0,0.0
2009-10-02,0.042796261586379364,0.042796261586379364,0.03849720265014393,0.03849720265014393,0.0,0.0
2009-10-03,0.042796261586379364,0.042796261586379364,0.05499906893097564,0.05499906893097564,0.0,0.0
2009-10-04,0.042796261586379364,0.042796261586379364,0.040670077373694435,0.040670077373694435,0.0,0.0
2009-10-05,0.042796261586379364,0.042796261586379364,0.03851421695518284,0.03851421695518284,0.0,0.0
2009-10-06,0.042796261586379364,0.042796261586379364,0.03838006408030874,0.03838006408030874,0.0,0.0
2009-10-07,0.0414994051746709,0.0414994051746709,0.039654692589641306,0.039654692589641306,0.0,0.0
2009-10-08,0.05576482570346402,0.05576482570346402,0.02536667203048728,0.02536667203048728,0.0,0.0
2009-10-09,0.05706168211517248,0.05706168211517248,0.024045997828872616,0.024045997828872616,0.0,0.0
2009-10-10,0.04668683082150476,0.04668683082150476,0.03439394047178864,0.03439394047178864,0.0,0.0
2009-10-11,0.0453899744097963,0.0453899744097963,0.035663368919399606,0.035663368919399606,0.0,0.0
2009-10-12,0.04538997440979631,0.04538997440979631,0.44754268851079787,0.44754268851079787,0.0,0.0
2009-10-13,0.04538997440979653,0.04538997440979653,6.277264408060352,6.277264408060352,0.0,0.0
2009-10-14,0.04538997440979564,0.04538997440979564,8.034172697273906,8.034172697273906,0.0,0.0
2009-10-15,0.036311979527837046,0.036311979527837046,0.54726329295845,0.54726329295845,0.0,0.0
2009-10-16,0.04279626158637939,0.04279626158637939,0.6067006998987796,0.6067006998987796,0.0,0.0
2009-10-17,0.044093117998087794,0.044093117998087794,0.6604710634573968,0.6604710634573968,0.0,0.0
2009-10-18,0.042796261586379336,0.042796261586379336,0.42404573625565856,0.42404573625565856,0.0,0.0
2009-10-19,0.04279626158637939,0.04279626158637939,0.2604200620339373,0.2604200620339373,0.0,0.0
2009-10-20,0.042796261586379364,0.042796261586379364,0.07235286318804404,0.07235286318804404,0.0,0.0
2009-10-21,0.042796261586379364,0.042796261586379364,0.06175993316592433,0.06175993316592433,0.0,0.0
2009-10-22,0.042796261586379364,0.042796261586379364,0.08689391906350644,0.08689391906350644,0.0,0.0
2009-10-23,0.042796261586379364,0.042796261586379364,0.10828903816671354,0.10828903816671354,0.0,0.0
2009-10-24,0.04928054364492168,0.04928054364492168,0.1445533698070622,0.1445533698070622,0.0,0.0
2009-10-25,0.04928054364492168,0.04928054364492168,0.12077284050628162,0.12077284050628162,0.0,0.0
2009-10-26,0.0337182667044201,0.0337182667044201,0.11111016247933961,0.11111016247933961,0.0,0.0
2009-10-27,0.03242141029271163,0.03242141029271163,0.06874559360886917,0.06874559360886917,0.0,0.0
2009-10-28,0.03371826670442011,0.03371826670442011,0.057642454296030786,0.057642454296030786,0.0,0.0
2009-10-29,0.03371826670442011,0.03371826670442011,0.057636747065674586,0.057636747065674586,0.0,0.0
2009-10-30,0.03371826670442011,0.03371826670442011,0.057727803447815786,0.057727803447815786,0.0,0.0
2009-10-31,0.012968564117084663,0.012968564117084663,0.09125123024347603,0.09125123024347603,0.0,0.0
2009-11-01,0.01296856411708465,0.01296856411708465,0.09791832369343695,0.09791832369343695,0.0,0.0
2009-11-02,0.012968564117084663,0.012968564117084663,0.11300831848363813,0.11300831848363813,0.0,0.0
2009-11-03,0.012968564117084663,0.012968564117084663,0.11474938123584674,0.11474938123584674,0.0,0.0
2009-11-04,0.012968564117084663,0.012968564117084663,0.11003355754455643,0.11003355754455643,0.0,0.0
2009-11-05,0.012968564117084663,0.012968564117084663,0.09858076362464424,0.09858076362464424,0.0,0.0
2009-11-06,0.01037485129366772,0.01037485129366772,0.08950290106071478,0.08950290106071478,0.0,0.0
2009-11-07,0.009077994881959262,0.009077994881959262,0.08502743948496534,0.08502743948496534,0.0,0.0
2009-11-08,0.009077994881959262,0.009077994881959262,0.07975211924713124,0.07975211924713124,0.0,0.0
2009-11-09,0.009077994881959262,0.009077994881959262,0.07974757772082273,0.07974757772082273,0.0,0.0
2009-11-10,0.009077994881959262,0.009077994881959262,0.08316590950407714,0.08316590950407714,0.0,0.0
2009-11-11,0.009077994881959262,0.009077994881959262,0.39273093066833265,0.39273093066833265,0.0,0.0
2009-11-12,0.012968564117084636,0.012968564117084636,0.2963355790926678,0.2963355790926678,0.0,0.0
2009-11-13,0.018155989763918523,0.018155989763918523,0.12093528132321407,0.12093528132321407,0.0,0.0
2009-11-14,0.018155989763918523,0.018155989763918523,0.08483857014959208,0.08483857014959208,0.0,0.0
2009-11-15,0.018155989763918523,0.018155989763918523,0.08123495709970378,0.08123495709970378,0.0,0.0
2009-11-16,0.018155989763918523,0.018155989763918523,0.08899501373133707,0.08899501373133707,0.0,0.0
2009-11-17,0.018155989763918523,0.018155989763918523,0.10500513765960907,0.10500513765960907,0.0,0.0
2009-11-18,0.018155989763918523,0.018155989763918523,0.08043414702545977,0.08043414702545977,0.0,0.0
2009-11-19,0.018155989763918523,0.018155989763918523,0.09707224153314947,0.09707224153314947,0.0,0.0
2009-11-20,0.018155989763918523,0.018155989763918523,0.2405185066140017,0.2405185066140017,0.0,0.0
2009-11-21,0.018155989763918523,0.018155989763918523,0.12951847321018847,0.12951847321018847,0.0,0.0
2009-11-22,0.018155989763918523,0.018155989763918523,0.07109339937256498,0.07109339937256498,0.0,0.0
2009-11-23,0.018155989763918523,0.018155989763918523,0.07065708151431117,0.07065708151431117,0.0,0.0
2009-11-24,0.018155989763918523,0.018155989763918523,0.07070771290974617,0.07070771290974617,0.0,0.0
2009-11-25,0.018155989763918523,0.018155989763918523,0.07064808133861097,0.07064808133861097,0.0,0.0
2009-11-26,0.018155989763918523,0.018155989763918523,0.12004936188427107,0.12004936188427107,0.0,0.0
2009-11-27,0.018155989763918523,0.018155989763918523,0.08855303366505257,0.08855303366505257,0.0,0.0
2009-11-28,0.018155989763918523,0.018155989763918523,0.10216850695485957,0.10216850695485957,0.0,0.0
2009-11-29,0.018155989763918523,0.018155989763918523,0.07053722061692327,0.07053722061692327,0.0,0.0
2009-11-30,0.018155989763918523,0.018155989763918523,0.07049602938186898,0.07049602938186898,0.0,0.0
2009-12-01,0.018155989763918523,0.018155989763918523,0.09969322870717418,0.09969322870717418,0.0,0.0
2009-12-02,0.018155989763918523,0.018155989763918523,0.09967860814471888,0.09967860814471888,0.0,0.0
2009-12-03,0.018155989763918523,0.018155989763918523,0.09966772739828397,0.09966772739828397,0.0,0.0
2009-12-04,0.01556227694050158,0.01556227694050158,0.10223332483251232,0.10223332483251232,0.0,0.0
2009-12-05,0.01556227694050158,0.01556227694050158,0.10657896880892193,0.10657896880892193,0.0,0.0
2009-12-06,0.018155989763918523,0.018155989763918523,1.4526649390046535,1.4526649390046535,0.0,0.0
2009-12-07,0.018155989763918523,0.018155989763918523,1.1660584257642026,1.1660584257642026,0.0,0.0
2009-12-08,0.018155989763918523,0.018155989763918523,0.14071440715659359,0.14071440715659359,0.0,0.0
2009-12-09,0.018155989763918523,0.018155989763918523,0.12563158770936037,0.12563158770936037,0.0,0.0
2009-12-10,0.018155989763918523,0.018155989763918523,0.38539839219828376,0.38539839219828376,0.0,0.0
2009-12-11,0.014265420528793094,0.014265420528793094,5.383860348690716,5.383860348690716,0.0,0.0
2009-12-12,0.011671707705376733,0.01167170770537619,10.0,10.0,0.0,0.0
2009-12-13,0.010374851293667725,0.010374851293667725,8.855532684972255,8.855532684972255,0.0,0.0
2009-12-14,0.00907799488195926,0.00907799488195926,0.4151363936734295,0.4151363936734295,0.0,0.0
2009-12-15,0.00907799488195926,0.00907799488195926,0.15724780892470963,0.15724780892470963,0.0,0.0
2009-12-16,0.00907799488195926,0.00907799488195926,0.16475325163643223,0.16475325163643223,0.0,0.0
2009-12-17,0.00907799488195926,0.00907799488195926,0.21027035610486194,0.21027035610486194,0.0,0.0
2009-12-18,0.007781138470250793,0.007781138470250793,0.2781515511147499,0.2781515511147499,0.0,0.0
2009-12-19,0.00907799488195926,0.00907799488195926,0.30858553898207064,0.30858553898207064,0.0,0.0
2009-12-20,0.00907799488195926,0.00907799488195926,0.38137942697340715,0.38137942697340715,0.0,0.0
2009-12-21,0.00907799488195926,0.00907799488195926,1.7522659890752905,1.7522659890752905,0.0,0.0
2009-12-22,0.007781138470250793,0.007781138470250793,1.1756394235030594,1.1756394235030594,0.0,0.0
2009-12-23,0.006484282058542328,0.006484282058542328,0.18024023361778438,0.18024023361778438,0.0,0.0
2009-12-24,0.006484282058542328,0.006484282058542328,0.17296217076271098,0.17296217076271098,0.0,0.0
2009-12-25,0.006484282058542328,0.006484282058542328,0.19747404091098428,0.19747404091098428,0.0,0.0
2009-12-26,0.006484282058542328,0.006484282058542328,0.6309275810640552,0.6309275810640552,0.0,0.0
2009-12-27,0.007781138470250793,0.007781138470250793,0.3932459364539174,0.3932459364539174,0.0,0.0
2009-12-28,0.007781138470250793,0.007781138470250793,0.2742631074728187,0.2742631074728187,0.0,0.0
2009-12-29,0.007781138470250793,0.007781138470250793,0.9264601157187541,0.9264601157187541,0.0,0.0
2009-12-30,0.007781138470250793,0.007781138470250793,0.4482397756754923,0.4482397756754923,0.0,0.0
2009-12-31,0.007781138470250793,0.007781138470250793,0.160935093332573,0.160935093332573,0.0,0.0
2010-01-01,0.007781138470250793,0.007781138470250793,0.1397618625528852,0.1397618625528852,0.0,0.0
2010-01-02,0.007781138470250793,0.007781138470250793,0.1476245267864565,0.1476245267864565,0.0,0.0
2010-01-03,0.007781138470250793,0.007781138470250793,0.1689035081992058,0.1689035081992058,0.0,0.0
2010-01-04,0.007781138470250793,0.007781138470250793,0.242119048061536,0.242119048061536,0.0,0.0
2010-01-05,0.007781138470250793,0.007781138470250793,0.220375289255704,0.220375289255704,0.0,0.0
2010-01-06,0.007781138470250793,0.007781138470250793,0.20022883652612108,0.20022883652612108,0.0,0.0
2010-01-07,0.007781138470250793,0.007781138470250793,0.1985229583259322,0.1985229583259322,0.0,0.0
2010-01-08,0.007781138470250793,0.007781138470250793,0.2328167799015046,0.2328167799015046,0.0,0.0
2010-01-09,0.007781138470250793,0.007781138470250793,0.3320546952814223,0.3320546952814223,0.0,0.0
2010-01-10,0.007781138470250793,0.007781138470250793,0.3515931803231804,0.3515931803231804,0.0,0.0
2010-01-11,0.007781138470250793,0.007781138470250793,0.2957728758467821,0.2957728758467821,0.0,0.0
2010-01-12,0.007781138470250793,0.007781138470250793,2.8391908169183377,2.8391908169183377,0.0,0.0
2010-01-13,0.007781138470250793,0.007781138470250793,1.6164193042564996,1.6164193042564996,0.0,0.0
2010-01-14,0.007781138470250793,0.007781138470250793,0.14520283620451718,0.14520283620451718,0.0,0.0
2010-01-15,0.007781138470250793,0.007781138470250793,0.1443930745166808,0.1443930745166808,0.0,0.0
2010-01-16,0.007781138470250793,0.007781138470250793,0.2566515340288002,0.2566515340288002,0.0,0.0
2010-01-17,0.007781138470250793,0.007781138470250793,2.7078193558891988,2.7078193558891988,0.0,0.0
2010-01-18,0.007781138470250793,0.007781138470250793,7.380945217139138,7.380945217139138,0.0,0.0
2010-01-19,0.007781138470250793,0.007781138470250793,6.304349765414271,6.304349765414271,0.0,0.0
2010-01-20,0.007781138470250793,0.007781138470250793,5.898308841491014,5.898308841491014,0.0,0.0
2010-01-21,0.007781138470250793,0.007781138470250793,4.6535798063115035,4.6535798063115035,0.0,0.0
2010-01-22,0.007781138470250793,0.007781138470250793,2.803532028356279,2.803532028356279,0.0,0.0
2010-01-23,0.007781138470250793,0.007781138470250793,0.6218687504588888,0.6218687504588888,0.0,0.0
2010-01-24,0.007781138470250793,0.007781138470250793,0.4442792429014326,0.4442792429014326,0.0,0.0
2010-01-25,0.007781138470250793,0.007781138470250793,0.6136550561485449,0.6136550561485449,0.0,0.0
2010-01-26,0.007781138470250793,0.007781138470250793,0.6877467193766499,0.6877467193766499,0.0,0.0
2010-01-27,0.007781138470250793,0.007781138470250793,0.6894639892519162,0.6894639892519162,0.0,0.0
2010-01-28,0.007781138470250793,0.007781138470250793,0.6389500626754063,0.6389500626754063,0.0,0.0
2010-01-29,0.007781138470250793,0.007781138470250793,0.7595882153481647,0.7595882153481647,0.0,0.0
2010-01-30,0.007781138470250793,0.007781138470250793,0.7126144994834751,0.7126144994834751,0.0,0.0
2010-01-31,0.007781138470250793,0.007781138470250793,0.6781680434651958,0.6781680434651958,0.0,0.0
2010-02-01,0.007781138470250793,0.007781138470250793,0.6163451672617803,0.6163451672617803,0.0,0.0
2010-02-02,0.010374851293667725,0.010374851293667725,0.6211050200799666,0.6211050200799666,0.0,0.0
2010-02-03,0.010374851293667725,0.010374851293667725,0.6460057100450709,0.6460057100450709,0.0,0.0
2010-02-04,0.010374851293667725,0.010374851293667725,1.3854345569659392,1.3854345569659392,0.0,0.0
2010-02-05,0.010374851293667725,0.010374851293667725,2.579917640726958,2.579917640726958,0.0,0.0
2010-02-06,0.010374851293667725,0.010374851293667725,2.7113881481927806,2.7113881481927806,0.0,0.0
2010-02-07,0.010374851293667725,0.010374851293667725,1.3092676849216798,1.3092676849216798,0.0,0.0
2010-02-08,0.007781138470250793,0.007781138470250793,1.1571788118962016,1.1571788118962016,0.0,0.0
2010-02-09,0.007781138470250793,0.007781138470250793,1.2965924890071285,1.2965924890071285,0.0,0.0
2010-02-10,0.007781138470250793,0.007781138470250793,1.2767285042760501,1.2767285042760501,0.0,0.0
2010-02-11,0.010374851293667725,0.010374851293667725,1.2724558618717523,1.2724558618717523,0.0,0.0
2010-02-12,0.010374851293667725,0.010374851293667725,1.3085795160429374,1.3085795160429374,0.0,0.0
2010-02-13,0.007781138470250793,0.007781138470250793,1.3904288474683084,1.3904288474683084,0.0,0.0
2010-02-14,0.007781138470250793,0.007781138470250793,1.4515476554045008,1.4515476554045008,0.0,0.0
2010-02-15,0.007781138470250793,0.007781138470250793,1.5900333103399586,1.5900333103399586,0.0,0.0
2010-02-16,0.007781138470250793,0.007781138470250793,1.6719653703217046,1.6719653703217046,0.0,0.0
2010-02-17,0.0,0.0,1.9181650571347,1.9181650571347,0.0,0.0
2010-02-18,0.0,0.0,2.0873347077192004,2.0873347077192004,0.0,0.0
2010-02-19,0.0,0.0,1.642567216581353,1.642567216581353,0.0,0.0
2010-02-20,0.0,0.0,1.7332989824280085,1.7332989824280085,0.0,0.0
2010-02-21,0.0,0.0,2.989132876003881,2.989132876003881,0.0,0.0
2010-02-22,0.0,0.0,2.098029109102847,2.098029109102847,0.0,0.0
2010-02-23,0.0,0.0,4.273840398443574,4.273840398443574,0.0,0.0
2010-02-24,0.0,0.0,4.886992995302095,4.886992995302095,0.0,0.0
2010-02-25,0.0,0.0,2.7010231532312843,2.7010231532312843,0.0,0.0
2010-02-26,0.0,0.0,7.572598919632308,7.572598919632308,0.0,0.0
2010-02-27,0.0,0.0,7.143307694681287,7.143307694681287,0.0,0.0
2010-02-28,0.0,0.0,4.70918013002572,4.70918013002572,0.0,0.0
2010-03-01,0.0,0.0,4.624248530388703,4.624248530388703,0.0,0.0
2010-03-02,0.0,0.0,5.124174420281834,5.124174420281834,0.0,0.0
2010-03-03,0.0,0.0,6.674722913439563,6.674722913439563,0.0,0.0
2010-03-04,0.0,0.0,5.525403317140047,5.525403317140047,0.0,0.0
2010-03-05,0.0,0.0,4.845526129908466,4.845526129908466,0.0,0.0
2010-03-06,0.0,0.0,4.828241176906771,4.828241176906771,0.0,0.0
2010-03-07,0.0,0.0,4.616703163126077,4.616703163126077,0.0,0.0
2010-03-08,0.0,0.0,4.646216471275428,4.646216471275428,0.0,0.0
2010-03-09,0.0,0.0,4.377303665773113,4.377303665773113,0.0,0.0
2010-03-10,0.0,0.0,3.997430373482488,3.997430373482488,0.0,0.0
2010-03-11,0.0,0.0,3.752027952521432,3.752027952521432,0.0,0.0
2010-03-12,0.0,0.0,5.650497706830706,5.650497706830706,0.0,0.0
2010-03-13,0.0,0.0,4.800508018461839,4.800508018461839,0.0,0.0
2010-03-14,0.0,0.0,3.871163341629665,3.871163341629665,0.0,0.0
2010-03-15,0.0,0.0,3.947026730463485,3.947026730463485,0.0,0.0
2010-03-16,0.0,0.0,3.962358781208191,3.962358781208191,0.0,0.0
2010-03-17,0.0,0.0,4.083627171320788,4.083627171320788,0.0,0.0
2010-03-18,0.0,0.0,4.132704220056822,4.132704220056822,0.0,0.0
2010-03-19,0.0,0.0,3.849947873353953,3.849947873353953,0.0,0.0
2010-03-20,0.0,0.0,4.152605545707427,4.152605545707427,0.0,0.0
2010-03-21,0.0,0.0,3.9601140603769744,3.9601140603769744,0.0,0.0
2010-03-22,0.0,0.0,3.7205803654004734,3.7205803654004734,0.0,0.0
2010-03-23,0.0,0.0,3.636703588079906,3.636703588079906,0.0,0.0
2010-03-24,0.0,0.0,2.744047059576787,2.744047059576787,0.0,0.0
2010-03-25,0.0,0.0,2.6638667765850648,2.6638667765850648,0.0,0.0
2010-03-26,0.0,0.0,2.113767943758404,2.113767943758404,0.0,0.0
2010-03-27,0.0,0.0,2.0004779533818957,2.0004779533818957,0.0,0.0
2010-03-28,0.0,0.0,2.3272469905817283,2.3272469905817283,0.0,0.0
2010-03-29,0.0,0.0,2.509129530044252,2.509129530044252,0.0,0.0
2010-03-30,0.0,0.0,2.9351043011712767,2.9351043011712767,0.0,0.0
2010-03-31,0.0,0.0,2.031962306148372,2.031962306148372,0.0,0.0
2010-04-01,0.0,0.0,2.178839092203114,2.178839092203114,0.0,0.0
2010-04-02,0.0,0.0,2.7481765610764906,2.7481765610764906,0.0,0.0
2010-04-03,0.0,0.0,2.162635995344089,2.162635995344089,0.0,0.0
2010-04-04,0.0,0.0,5.090377749581538,5.090377749581538,0.0,0.0
2010-04-05,0.0,0.0,4.163207797448281,4.163207797448281,0.0,0.0
2010-04-06,0.0,0.0,2.745526416978276,2.745526416978276,0.0,0.0
2010-04-07,0.0,0.0,3.041896627137977,3.041896627137977,0.0,0.0
2010-04-08,0.0,0.0,3.064181470699109,3.064181470699109,0.0,0.0
2010-04-09,0.0,0.0,3.3302192249424705,3.3302192249424705,0.0,0.0
2010-04-10,0.0,0.0,3.1544380713193627,3.1544380713193627,0.0,0.0
2010-04-11,0.0,0.0,4.879286791714055,4.879286791714055,0.0,0.0
2010-04-12,0.0,0.0,5.117536626991071,5.117536626991071,0.0,0.0
2010-04-13,0.0,0.0,3.436170056686392,3.436170056686392,0.0,0.0
2010-04-14,0.0,0.0,3.425713689367475,3.425713689367475,0.0,0.0
2010-04-15,0.0,0.0,3.453563568634572,3.453563568634572,0.0,0.0
2010-04-16,0.0,0.0,3.906845557011113,3.906845557011113,0.0,0.0
2010-04-17,0.0,0.0,4.145686069024072,4.145686069024072,0.0,0.0
2010-04-18,0.0,0.0,4.7048652592348335,4.7048652592348335,0.0,0.0
2010-04-19,0.0,0.0,4.587146908956807,4.587146908956807,0.0,0.0
2010-04-20,0.0,0.0,6.780788531342883,6.780788531342883,0.0,0.0
2010-04-21,0.0,0.0,4.64597846278569,4.64597846278569,0.0,0.0
2010-04-22,0.0,0.0,3.446102282618856,3.446102282618856,0.0,0.0
2010-04-23,0.0,0.0,3.586618535687243,3.586618535687243,0.0,0.0
2010-04-24,0.0,0.0,3.918609903981436,3.918609903981436,0.0,0.0
2010-04-25,0.0,0.0,4.825934195517531,4.825934195517531,0.0,0.0
2010-04-26,0.0,0.0,5.6866561943533736,5.6866561943533736,0.0,0.0
2010-04-27,0.0,0.0,6.822986243508035,6.822986243508035,0.0,0.0
2010-04-28,0.0,0.0,4.636130930131701,4.636130930131701,0.0,0.0
2010-04-29,0.0,0.0,3.724919432543908,3.724919432543908,0.0,0.0
2010-04-30,0.0,0.0,3.462450700931786,3.462450700931786,0.0,0.0
2010-05-01,0.0,0.0,3.447485709593643,3.447485709593643,0.0,0.0
2010-05-02,0.0,0.0,3.6781734807033217,3.6781734807033217,0.0,0.0
2010-05-03,0.0,0.0,4.328738254638511,4.328738254638511,0.0,0.0
2010-05-04,0.0,0.0,5.136996174533388,5.136996174533388,0.0,0.0
2010-05-05,0.0,0.0,5.671118820942937,5.671118820942937,0.0,0.0
2010-05-06,0.0,0.0,4.678580376590702,4.678580376590702,0.0,0.0
2010-05-07,0.0,0.0,4.540451937171025,4.540451937171025,0.0,0.0
2010-05-08,0.0,0.0,4.668838101079441,4.668838101079441,0.0,0.0
2010-05-09,0.0,0.0,3.6147604186202384,3.6147604186202384,0.0,0.0
2010-05-10,0.0,0.0,3.344569635050692,3.344569635050692,0.0,0.0
2010-05-11,0.0,0.0,2.9327407391091382,2.9327407391091382,0.0,0.0
2010-05-12,0.0,0.0,2.684779733810134,2.684779733810134,0.0,0.0
2010-05-13,0.0,0.0,2.7920530958835914,2.7920530958835914,0.0,0.0
2010-05-14,0.0,0.0,3.398889144878658,3.398889144878658,0.0,0.0
2010-05-15,0.0,0.0,4.636301237287857,4.636301237287857,0.0,0.0
2010-05-16,0.0,0.0,6.138531499287941,6.138531499287941,0.0,0.0
2010-05-17,0.0,0.0,6.786087431420594,6.786087431420594,0.0,0.0
2010-05-18,0.0,0.0,3.933821942309245,3.933821942309245,0.0,0.0
2010-05-19,0.0,0.0,4.200369185260974,4.200369185260974,0.0,0.0
2010-05-20,0.0,0.0,5.171642375509417,5.171642375509417,0.0,0.0
2010-05-21,0.0,0.0,5.123706789328383,5.123706789328383,0.0,0.0
2010-05-22,0.0,0.0,3.846501692478474,3.846501692478474,0.0,0.0
2010-05-23,0.0,0.0,3.7550438550990983,3.7550438550990983,0.0,0.0
2010-05-24,0.0,0.0,3.681430538317608,3.681430538317608,0.0,0.0
2010-05-25,0.0,0.0,3.583439160969573,3.583439160969573,0.0,0.0
2010-05-26,0.0,0.0,3.809685901050104,3.809685901050104,0.0,0.0
2010-05-27,0.0,0.0,3.712024824930758,3.712024824930758,0.0,0.0
2010-05-28,0.0,0.0,3.083420411721088,3.083420411721088,0.0,0.0
2010-05-29,0.0,0.0,3.0829997210882665,3.0829997210882665,0.0,0.0
2010-05-30,0.0,0.0,4.195327894019429,4.195327894019429,0.0,0.0
2010-05-31,0.0,0.0,5.389719300147758,5.389719300147758,0.0,0.0
2010-06-01,0.0,0.0,5.454313877726568,5.454313877726568,0.0,0.0
2010-06-02,0.0,0.0,6.038808196060415,6.038808196060415,0.0,0.0
2010-06-03,0.0,0.0,8.568841623645225,8.568841623645225,0.0,0.0
2010-06-04,0.14524791811134816,0.14524791811134816,10.0,10.0,0.0,0.0
2010-06-05,0.14524791811134816,0.14524791811134816,10.0,10.0,0.0,0.0
2010-06-06,0.1582164822284328,0.1582164822284328,10.0,10.0,0.0,0.0
2010-06-07,0.15173220016989047,0.15173220016989047,10.0,10.0,0.0,0.0
2010-06-08,0.15173220016989047,0.15173220016989047,10.0,10.0,0.0,0.0
2010-06-09,0.15173220016989047,0.15173220016989047,10.0,10.0,0.0,0.0
2010-06-10,0.15173220016989047,0.15173220016989047,10.0,10.0,0.0,0.0
2010-06-11,0.15173220016989047,0.15173220016989047,10.0,10.0,0.0,0.0
2010-06-12,0.14913848734647353,0.14913848734647353,10.0,10.0,0.0,0.0
2010-06-13,0.1659976206986836,0.1659976206986836,10.0,10.0,0.0,0.0
2010-06-14,0.1647007642869751,0.1647007642869751,10.0,10.0,0.0,0.0
2010-06-15,0.16340390787526665,0.16340390787526665,10.0,10.0,0.0,0.0
2010-06-16,0.15562276940501585,0.15562276940501585,10.0,10.0,0.0,0.0
2010-06-17,0.15562276940501585,0.15562276940501585,10.0,10.0,0.0,0.0
2010-06-18,0.15691962581672436,0.15691962581672436,10.0,10.0,0.0,0.0
2010-06-19,0.15562276940501585,0.15562276940501585,10.0,10.0,0.0,0.0
2010-06-20,0.15562276940501585,0.15562276940501585,10.0,10.0,0.0,0.0
2010-06-21,0.1543259129933074,0.1543259129933074,10.0,10.0,0.0,0.0
2010-06-22,0.16340390787526665,0.16340390787526665,10.0,10.0,0.0,0.0
2010-06-23,0.1647007642869751,0.1647007642869751,10.0,10.0,0.0,0.0
2010-06-24,0.16210705146355817,0.16210705146355817,10.0,10.0,0.0,0.0
2010-06-25,0.16210705146355817,0.16210705146355817,10.0,10.0,0.0,0.0
2010-06-26,0.17118504634551746,0.17118504634551746,10.0,10.0,0.0,0.0
2010-06-27,0.17118504634551746,0.17118504634551746,10.0,10.0,0.0,0.0
2010-06-28,0.15951333864014125,0.15951333864014125,10.0,10.0,0.0,0.0
2010-06-29,0.15302905658159893,0.15302905658159893,10.0,10.0,0.0,0.0
2010-06-30,0.16340390787526665,0.16340390787526665,10.0,10.0,0.0,0.0
2010-07-01,0.16340390787526665,0.16340390787526665,10.0,10.0,0.0,0.0
2010-07-02,0.16340390787526665,0.16340390787526665,10.0,10.0,0.0,0.0
2010-07-03,0.16340390787526665,0.16340390787526665,10.0,10.0,0.0,0.0
2010-07-04,0.16340390787526665,0.16340390787526665,10.0,10.0,0.0,0.0
2010-07-05,0.16340390787526665,0.16340390787526665,10.0,10.0,0.0,0.0
2010-07-06,0.16340390787526665,0.16340390787526665,10.0,10.0,0.0,0.0
2010-07-07,0.15951333864014125,0.15951333864014125,6.6159837354497775,6.615983735449777,0.0,0.0
2010-07-08,0.15691962581672436,0.15691962581672436,2.3737883050863706,2.3737883050863706,0.0,0.0
2010-07-09,0.16729447711039205,0.16729447711039205,2.3481670278418223,2.3481670278418223,0.0,0.0
2010-07-10,0.17248190275722594,0.17248190275722594,2.1558714808110704,2.1558714808110704,0.0,0.0
2010-07-11,0.1685913335221005,0.1685913335221005,2.12229711441821,2.12229711441821,0.0,0.0
2010-07-12,0.16340390787526665,0.16340390787526665,1.9393393899174671,1.9393393899174671,0.0,0.0
2010-07-13,0.16340390787526665,0.16340390787526665,1.7470127011844305,1.7470127011844305,0.0,0.0
2010-07-14,0.1543259129933074,0.1543259129933074,1.4425549454631554,1.4425549454631554,0.0,0.0
2010-07-15,0.15951333864014125,0.15951333864014125,1.3786705580044596,1.3786705580044596,0.0,0.0
2010-07-16,0.16340390787526665,0.16340390787526665,1.3556573080330219,1.3556573080330219,0.0,0.0
2010-07-17,0.16081019505184974,0.16081019505184974,1.26033492720445,1.26033492720445,0.0,0.0
2010-07-18,0.16340390787526665,0.16340390787526665,1.1950257854520634,1.1950257854520634,0.0,0.0
2010-07-19,0.1647007642869751,0.1647007642869751,0.9400721829908785,0.9400721829908785,0.0,0.0
2010-07-20,0.16081019505184974,0.16081019505184974,0.8247416031612846,0.8247416031612846,0.0,0.0
2010-07-21,0.169888189933809,0.169888189933809,0.6903618485031808,0.6903618485031808,0.0,0.0
2010-07-22,0.16729447711039205,0.16729447711039205,0.47783943727584954,0.47783943727584954,0.0,0.0
2010-07-23,0.16729447711039205,0.16729447711039205,0.44167747499400123,0.44167747499400123,0.0,0.0
2010-07-24,0.16729447711039205,0.16729447711039205,0.4183038289297677,0.4183038289297677,0.0,0.0
2010-07-25,0.1659976206986836,0.1659976206986836,0.38123520196823446,0.38123520196823446,0.0,0.0
2010-07-26,0.16729447711039205,0.16729447711039205,0.32476144469529555,0.32476144469529555,0.0,0.0
2010-07-27,0.16729447711039205,0.16729447711039205,0.27442520894678235,0.27442520894678235,0.0,0.0
2010-07-28,0.16340390787526665,0.16340390787526665,0.23446913641829903,0.23446913641829903,0.0,0.0
2010-07-29,0.1659976206986836,0.1659976206986836,0.1833674997830286,0.1833674997830286,0.0,0.0
2010-07-30,0.1647007642869751,0.1647007642869751,0.2040615273420176,0.2040615273420176,0.0,0.0
2010-07-31,0.1647007642869751,0.1647007642869751,0.19019740336989122,0.19019740336989122,0.0,0.0
2010-08-01,0.16729447711039205,0.16729447711039205,0.17661092054352415,0.17661092054352415,0.0,0.0
2010-08-02,0.15302905658159893,0.15302905658159893,0.17938020347970657,0.17938020347970657,0.0,0.0
2010-08-03,0.1543259129933074,0.1543259129933074,0.18905890974975204,0.18905890974975204,0.0,0.0
2010-08-04,0.15562276940501585,0.15562276940501585,0.17649948873117244,0.17649948873117244,0.0,0.0
2010-08-05,0.15302905658159893,0.15302905658159893,0.08330852036276806,0.08330852036276806,0.0,0.0
2010-08-06,0.1543259129933074,0.1543259129933074,0.02905352398542191,0.02905352398542191,0.0,0.0
2010-08-07,0.16081019505184974,0.16081019505184974,0.01708375555466976,0.01708375555466976,0.0,0.0
2010-08-08,0.1543259129933074,0.1543259129933074,0.019851167860876706,0.019851167860876706,0.0,0.0
2010-08-09,0.14654477452305661,0.14654477452305661,0.02420126686624119,0.02420126686624119,0.0,0.0
2010-08-10,0.14654477452305661,0.14654477452305661,0.017197087926498683,0.017197087926498683,0.0,0.0
2010-08-11,0.14654477452305661,0.14654477452305661,0.004069442194521988,0.004069442194521988,0.0,0.0
2010-08-12,0.1386449865706893,0.1386449865706893,0.0,0.0,0.0,0.0
2010-08-13,0.1281690270526107,0.1281690270526107,0.0,0.0,0.0,0.0
2010-08-14,0.1180311542562707,0.1180311542562707,0.0,0.0,0.0,0.0
2010-08-15,0.1090825969290696,0.1090825969290696,0.0,0.0,0.0,0.0
2010-08-16,0.1013585648079571,0.1013585648079571,0.0,0.0,0.0,0.0
2010-08-17,0.0946572034338832,0.0946572034338832,0.0,0.0,0.0,0.0
2010-08-18,0.088848174971011,0.088848174971011,0.0,0.0,0.0,0.0
2010-08-19,0.0839794994618087,0.0839794994618087,0.0,0.0,0.0,0.0
2010-08-20,0.0799160330248076,0.0799160330248076,0.0,0.0,0.0,0.0
2010-08-21,0.0762962695344599,0.0762962695344599,0.0,0.0,0.0,0.0
2010-08-22,0.0731568220903098,0.0731568220903098,0.0,0.0,0.0,0.0
2010-08-23,0.0706342227385281,0.0706342227385281,0.0,0.0,0.0,0.0
2010-08-24,0.068319055217861,0.068319055217861,0.0,0.0,0.0,0.0
2010-08-25,0.0659222817378029,0.0659222817378029,0.0,0.0,0.0,0.0
2010-08-26,0.063668688095369,0.063668688095369,0.0,0.0,0.0,0.0
2010-08-27,0.0617650608423174,0.0617650608423174,0.0,0.0,0.0,0.0
2010-08-28,0.060379282758385,0.060379282758385,0.0,0.0,0.0,0.0
2010-08-29,0.0596019993523286,0.0596019993523286,0.0,0.0,0.0,0.0
2010-08-30,0.0592647792894748,0.0592647792894748,0.0,0.0,0.0,0.0
2010-08-31,0.0589971367189656,0.0589971367189656,0.0,0.0,0.0,0.0
2010-09-01,0.0824704930886803,0.0824704930886803,0.0,0.0,0.0,0.0
2010-09-02,0.0816966744026918,0.0816966744026918,0.0,0.0,0.0,0.0
2010-09-03,0.0808423390292112,0.0808423390292112,0.0,0.0,0.0,0.0
2010-09-04,0.0801278262412379,0.0801278262412379,0.0,0.0,0.0,0.0
2010-09-05,0.0795988120384522,0.0795988120384522,0.0,0.0,0.0,0.0
2010-09-06,0.0791491087693217,0.0791491087693217,0.0,0.0,0.0,0.0
2010-09-07,0.0787475148477801,0.0787475148477801,0.0,0.0,0.0,0.0
2010-09-08,0.0783790553760336,0.0783790553760336,0.0,0.0,0.0,0.0
2010-09-09,0.0781644786472997,0.0781644786472997,0.0,0.0,0.0,0.0
2010-09-10,0.0780234843566092,0.0780234843566092,0.0,0.0,0.0,0.0
2010-09-11,0.0778092189957128,0.0778092189957128,0.0,0.0,0.0,0.0
2010-09-12,0.0775494862866629,0.0775494862866629,0.0,0.0,0.0,0.0
2010-09-13,0.0772612494314439,0.0772612494314439,0.0,0.0,0.0,0.0
2010-09-14,0.0769981156860807,0.0769981156860807,0.0,0.0,0.0,0.0
2010-09-15,0.07392081546738254,0.07392081546738254,0.0028402280854705614,0.0028402280854705614,0.0,0.0
2010-09-16,0.07392081546738254,0.07392081546738254,0.0026128519291932634,0.0026128519291932634,0.0,0.0
2010-09-17,0.07392081546738254,0.07392081546738254,0.0023873909336369625,0.0023873909336369625,0.0,0.0
2010-09-18,0.07392081546738254,0.07392081546738254,0.0021660573032824676,0.0021660573032824676,0.0,0.0
2010-09-19,0.07392081546738254,0.07392081546738254,0.0019557212510437627,0.0019557212510437627,0.0,0.0
2010-09-20,0.07392081546738254,0.07392081546738254,0.0017807008773293581,0.0017807008773293581,0.0,0.0
2010-09-21,0.0755552214686751,0.0755552214686751,0.0,0.0,0.0,0.0
2010-09-22,0.0754053196984499,0.0754053196984499,0.0,0.0,0.0,0.0
2010-09-23,0.0752778818917346,0.0752778818917346,0.0,0.0,0.0,0.0
2010-09-24,0.0751410923988688,0.0751410923988688,0.0,0.0,0.0,0.0
2010-09-25,0.0749472064530622,0.0749472064530622,0.0,0.0,0.0,0.0
2010-09-26,0.0747152325088912,0.0747152325088912,0.0,0.0,0.0,0.0
2010-09-27,0.07392081546738254,0.07392081546738254,0.0005457549941734613,0.0005457549941734613,0.0,0.0
2010-09-28,0.06743653340884022,0.06743653340884022,0.006777309258639286,0.006777309258639286,0.0,0.0
2010-09-29,0.06873338982054866,0.06873338982054866,0.00523303307481604,0.00523303307481604,0.0,0.0
2010-09-30,0.07003024623225713,0.07003024623225713,0.0037075028181346587,0.0037075028181346587,0.0,0.0
2010-10-01,0.042796261586379364,0.042796261586379364,0.04384132372134074,0.04384132372134074,0.0,0.0
2010-10-02,0.042796261586379364,0.042796261586379364,0.18716820421079983,0.18716820421079983,0.0,0.0
2010-10-03,0.04279626158637928,0.04279626158637928,1.8458089022943538,1.8458089022943538,0.0,0.0
2010-10-04,0.04279626158637928,0.04279626158637928,2.7701359380243376,2.7701359380243376,0.0,0.0
2010-10-05,0.042796261586379364,0.042796261586379364,0.14589542238657205,0.14589542238657205,0.0,0.0
2010-10-06,0.04279626158637939,0.04279626158637939,0.772425634114643,0.772425634114643,0.0,0.0
2010-10-07,0.041499405174670906,0.041499405174670906,0.1503060011361714,0.1503060011361714,0.0,0.0
2010-10-08,0.05576482570346402,0.05576482570346402,0.061116554030784274,0.061116554030784274,0.0,0.0
2010-10-09,0.057061682115172485,0.057061682115172485,0.198576461840478,0.198576461840478,0.0,0.0
2010-10-10,0.046686830821504766,0.046686830821504766,0.17812065712877523,0.17812065712877523,0.0,0.0
2010-10-11,0.04538997440979631,0.04538997440979631,0.13293893837480938,0.13293893837480938,0.0,0.0
2010-10-12,0.04538997440979631,0.04538997440979631,0.1380759428293445,0.1380759428293445,0.0,0.0
2010-10-13,0.04538997440979631,0.04538997440979631,0.1480382748436156,0.1480382748436156,0.0,0.0
2010-10-14,0.04538997440979631,0.04538997440979631,0.11916948706794969,0.11916948706794969,0.0,0.0
2010-10-15,0.03631197952783703,0.03631197952783703,0.08541914953980467,0.08541914953980467,0.0,0.0
2010-10-16,0.042796261586379364,0.042796261586379364,0.05384218116894014,0.05384218116894014,0.0,0.0
2010-10-17,0.04409311799808782,0.04409311799808782,0.13238753093267477,0.13238753093267477,0.0,0.0
2010-10-18,0.042796261586379364,0.042796261586379364,0.07892411757886433,0.07892411757886433,0.0,0.0
2010-10-19,0.042796261586379364,0.042796261586379364,0.04214297397985774,0.04214297397985774,0.0,0.0
2010-10-20,0.042796261586379364,0.042796261586379364,0.08404645312721654,0.08404645312721654,0.0,0.0
2010-10-21,0.042796261586379364,0.042796261586379364,0.048663587869213334,0.048663587869213334,0.0,0.0
2010-10-22,0.042796261586379364,0.042796261586379364,0.22440402286963693,0.22440402286963693,0.0,0.0
2010-10-23,0.04279626158637928,0.04279626158637928,1.9144385997201436,1.9144385997201436,0.0,0.0
2010-10-24,0.049280543644921515,0.049280543644921515,7.280513255877917,7.280513255877917,0.0,0.0
2010-10-25,0.049280543644921515,0.049280543644921515,4.1791905840463475,4.1791905840463475,0.0,0.0
2010-10-26,0.0337182667044201,0.0337182667044201,0.09190388504778979,0.09190388504778979,0.0,0.0
2010-10-27,0.032421410292711644,0.032421410292711644,0.07809633430214785,0.07809633430214785,0.0,0.0
2010-10-28,0.0337182667044201,0.0337182667044201,0.11150157479360509,0.11150157479360509,0.0,0.0
2010-10-29,0.03371826670442013,0.03371826670442013,0.7818167296691886,0.7818167296691886,0.0,0.0
2010-10-30,0.03371826670442013,0.03371826670442013,0.32321818352211706,0.32321818352211706,0.0,0.0
2010-10-31,0.012968564117084663,0.012968564117084663,0.13508904147695844,0.13508904147695844,0.0,0.0
2010-11-01,0.012968564117084663,0.012968564117084663,0.13149621055313843,0.13149621055313843,0.0,0.0
2010-11-02,0.012968564117084663,0.012968564117084663,0.14981734204621333,0.14981734204621333,0.0,0.0
2010-11-03,0.012968564117084663,0.012968564117084663,0.23839661330828474,0.23839661330828474,0.0,0.0
2010-11-04,0.012968564117084636,0.012968564117084636,0.2921114403243378,0.2921114403243378,0.0,0.0
2010-11-05,0.012968564117084663,0.012968564117084663,0.23678659418250575,0.23678659418250575,0.0,0.0
2010-11-06,0.01037485129366772,0.01037485129366772,0.15827796310426867,0.15827796310426867,0.0,0.0
2010-11-07,0.00907799488195904,0.00907799488195904,3.386800821353543,3.386800821353543,0.0,0.0
2010-11-08,0.009077994881959262,0.009077994881959262,1.4944220075579986,1.4944220075579986,0.0,0.0
2010-11-09,0.009077994881959262,0.009077994881959262,0.19426295559302434,0.19426295559302434,0.0,0.0
2010-11-10,0.009077994881959262,0.009077994881959262,0.17066586941346554,0.17066586941346554,0.0,0.0
2010-11-11,0.009077994881959262,0.009077994881959262,0.10164869447448503,0.10164869447448503,0.0,0.0
2010-11-12,0.012968564117084663,0.012968564117084663,0.13297197740657604,0.13297197740657604,0.0,0.0
2010-11-13,0.018155989763918523,0.018155989763918523,0.24507490198252307,0.24507490198252307,0.0,0.0
2010-11-14,0.018155989763918523,0.018155989763918523,0.2846358540915649,0.2846358540915649,0.0,0.0
2010-11-15,0.018155989763918523,0.018155989763918523,0.3826967243320449,0.3826967243320449,0.0,0.0
2010-11-16,0.018155989763918523,0.018155989763918523,0.31451585105484875,0.31451585105484875,0.0,0.0
2010-11-17,0.018155989763918523,0.018155989763918523,0.1792194327314774,0.1792194327314774,0.0,0.0
2010-11-18,0.018155989763918523,0.018155989763918523,0.17835453330219667,0.17835453330219667,0.0,0.0
2010-11-19,0.018155989763918523,0.018155989763918523,3.5701341613130757,3.5701341613130757,0.0,0.0
2010-11-20,0.01815598976391808,0.01815598976391808,4.834799067479746,4.834799067479746,0.0,0.0
2010-11-21,0.018155989763918523,0.018155989763918523,2.6877009115487533,2.6877009115487533,0.0,0.0
2010-11-22,0.018155989763918523,0.018155989763918523,1.2360193702418127,1.2360193702418127,0.0,0.0
2010-11-23,0.018155989763918523,0.018155989763918523,1.4469522412438274,1.4469522412438274,0.0,0.0
2010-11-24,0.018155989763918523,0.018155989763918523,0.3897838893195485,0.3897838893195485,0.0,0.0
2010-11-25,0.018155989763918523,0.018155989763918523,0.16619306606221868,0.16619306606221868,0.0,0.0
2010-11-26,0.018155989763918523,0.018155989763918523,0.16962878316373559,0.16962878316373559,0.0,0.0
2010-11-27,0.018155989763918523,0.018155989763918523,1.0283446144982056,1.0283446144982056,0.0,0.0
2010-11-28,0.018155989763918523,0.018155989763918523,0.4393626767994393,0.4393626767994393,0.0,0.0
2010-11-29,0.018155989763918523,0.018155989763918523,0.15383112646417038,0.15383112646417038,0.0,0.0
2010-11-30,0.018155989763918523,0.018155989763918523,0.16045845793660268,0.16045845793660268,0.0,0.0
2010-12-01,0.018155989763918523,0.018155989763918523,0.31688312199813795,0.31688312199813795,0.0,0.0
2010-12-02,0.018155989763918523,0.018155989763918523,0.47044126536237046,0.47044126536237046,0.0,0.0
2010-12-03,0.018155989763918523,0.018155989763918523,1.0340102439425796,1.0340102439425796,0.0,0.0
2010-12-04,0.015562276940501496,0.015562276940501496,1.0218014731076683,1.0218014731076683,0.0,0.0
2010-12-05,0.015562276940501718,0.015562276940501718,3.059741926033914,3.059741926033914,0.0,0.0
2010-12-06,0.018155989763918523,0.018155989763918523,1.8592876636817255,1.8592876636817255,0.0,0.0
2010-12-07,0.018155989763918523,0.018155989763918523,0.39122505965340276,0.39122505965340276,0.0,0.0
2010-12-08,0.018155989763918523,0.018155989763918523,0.7346174045943176,0.7346174045943176,0.0,0.0
2010-12-09,0.018155989763918523,0.018155989763918523,0.7846801651504298,0.7846801651504298,0.0,0.0
2010-12-10,0.018155989763918523,0.018155989763918523,0.41364426671374377,0.41364426671374377,0.0,0.0
2010-12-11,0.014265420528793094,0.014265420528793094,0.3957820828619077,0.3957820828619077,0.0,0.0
2010-12-12,0.011671707705376178,0.011671707705376178,0.3509856918704393,0.3509856918704393,0.0,0.0
2010-12-13,0.01037485129366772,0.01037485129366772,0.3477710831783006,0.3477710831783006,0.0,0.0
2010-12-14,0.00907799488195904,0.00907799488195904,3.927193797410517,3.927193797410517,0.0,0.0
2010-12-15,0.00907799488195904,0.00907799488195904,2.3225181127387255,2.3225181127387255,0.0,0.0
2010-12-16,0.009077994881959262,0.009077994881959262,0.5648409232868983,0.5648409232868983,0.0,0.0
2010-12-17,0.009077994881959484,0.009077994881959484,9.137647372739588,9.137647372739588,0.0,0.0
2010-12-18,0.0077811384702535236,0.007781138470250793,10.0,10.0,0.0,0.0
2010-12-19,0.00907799488195926,0.00907799488195926,10.000000000000004,10.000000000000004,0.0,0.0
2010-12-20,0.00907799488195926,0.00907799488195926,9.999999999999996,9.999999999999996,0.0,0.0
2010-12-21,0.00907799488195926,0.00907799488195926,10.0,10.0,0.0,0.0
2010-12-22,0.007781138470250793,0.007781138470250793,10.0,10.0,0.0,0.0
2010-12-23,0.006484282058542328,0.006484282058542328,9.999999999999998,9.999999999999998,0.0,0.0
2010-12-24,0.006484282058542328,0.006484282058542328,10.000000000000002,10.000000000000002,0.0,0.0
2010-12-25,0.006484282058542328,0.006484282058542328,10.0,10.0,0.0,0.0
2010-12-26,0.006484282058542328,0.006484282058542328,7.311081011232195,7.311081011232195,0.0,0.0
2010-12-27,0.007781138470250793,0.007781138470250793,2.9692715971288557,2.9692715971288557,0.0,0.0
2010-12-28,0.007781138470250793,0.007781138470250793,8.893353439013573,8.893353439013573,0.0,0.0
2010-12-29,0.007781138470250793,0.007781138470250793,8.57023792126875,8.57023792126875,0.0,0.0
2010-12-30,0.007781138470250793,0.007781138470250793,5.140735963536371,5.140735963536371,0.0,0.0
2010-12-31,0.007781138470250793,0.007781138470250793,5.320228170643168,5.320228170643168,0.0,0.0
2011-01-01,0.007781138470250793,0.007781138470250793,5.265193872975617,5.265193872975617,0.0,0.0
2011-01-02,0.007781138470250793,0.007781138470250793,7.204998154111257,7.204998154111257,0.0,0.0
2011-01-03,0.007781138470250793,0.007781138470250793,5.9565066150261465,5.9565066150261465,0.0,0.0
2011-01-04,0.007781138470250793,0.007781138470250793,5.063237584501064,5.063237584501064,0.0,0.0
2011-01-05,0.007781138470250793,0.007781138470250793,5.153584460038956,5.153584460038956,0.0,0.0
2011-01-06,0.007781138470250793,0.007781138470250793,5.025630033620827,5.025630033620827,0.0,0.0
2011-01-07,0.007781138470250793,0.007781138470250793,4.84076789943921,4.84076789943921,0.0,0.0
2011-01-08,0.007781138470250793,0.007781138470250793,4.650713419133205,4.650713419133205,0.0,0.0
2011-01-09,0.007781138470250793,0.007781138470250793,4.423935927467862,4.423935927467862,0.0,0.0
2011-01-10,0.007781138470250793,0.007781138470250793,4.140830948209777,4.140830948209777,0.0,0.0
2011-01-11,0.007781138470250793,0.007781138470250793,4.105351126215279,4.105351126215279,0.0,0.0
2011-01-12,0.007781138470250793,0.007781138470250793,4.141814047595955,4.141814047595955,0.0,0.0
2011-01-13,0.007781138470250793,0.007781138470250793,3.737041864804943,3.737041864804943,0.0,0.0
2011-01-14,0.007781138470250793,0.007781138470250793,3.5809642520632217,3.5809642520632217,0.0,0.0
2011-01-15,0.007781138470250793,0.007781138470250793,3.5084278775441557,3.5084278775441557,0.0,0.0
2011-01-16,0.007781138470250793,0.007781138470250793,3.4363194912611514,3.4363194912611514,0.0,0.0
2011-01-17,0.007781138470250793,0.007781138470250793,3.401988633903766,3.401988633903766,0.0,0.0
2011-01-18,0.007781138470250793,0.007781138470250793,3.3031030461444373,3.3031030461444373,0.0,0.0
2011-01-19,0.007781138470250793,0.007781138470250793,3.2127634421324403,3.2127634421324403,0.0,0.0
2011-01-20,0.007781138470250793,0.007781138470250793,3.1073326608589116,3.1073326608589116,0.0,0.0
2011-01-21,0.007781138470250793,0.007781138470250793,2.985967057144273,2.985967057144273,0.0,0.0
2011-01-22,0.007781138470250793,0.007781138470250793,2.9563071848837956,2.9563071848837956,0.0,0.0
2011-01-23,0.007781138470250793,0.007781138470250793,3.0165271740903177,3.0165271740903177,0.0,0.0
2011-01-24,0.007781138470250793,0.007781138470250793,2.9359364064044176,2.9359364064044176,0.0,0.0
2011-01-25,0.007781138470250793,0.007781138470250793,2.9385238546717556,2.9385238546717556,0.0,0.0
2011-01-26,0.007781138470250793,0.007781138470250793,2.9902998068789244,2.9902998068789244,0.0,0.0
2011-01-27,0.007781138470250793,0.007781138470250793,3.040330335629814,3.040330335629814,0.0,0.0
2011-01-28,0.007781138470250793,0.007781138470250793,3.037182138203864,3.037182138203864,0.0,0.0
2011-01-29,0.007781138470250793,0.007781138470250793,3.4708397607888553,3.4708397607888553,0.0,0.0
2011-01-30,0.007781138470250793,0.007781138470250793,3.9122282159783985,3.9122282159783985,0.0,0.0
2011-01-31,0.007781138470250793,0.007781138470250793,2.852150942091626,2.852150942091626,0.0,0.0
2011-02-01,0.007781138470250793,0.007781138470250793,2.374067888931493,2.374067888931493,0.0,0.0
2011-02-02,0.010374851293667725,0.010374851293667725,2.2993066873491235,2.2993066873491235,0.0,0.0
2011-02-03,0.010374851293667725,0.010374851293667725,2.2122621073740536,2.2122621073740536,0.0,0.0
2011-02-04,0.010374851293667725,0.010374851293667725,2.130200122633936,2.130200122633936,0.0,0.0
2011-02-05,0.010374851293667725,0.010374851293667725,2.138750039767617,2.138750039767617,0.0,0.0
2011-02-06,0.010374851293667725,0.010374851293667725,2.1963156282358534,2.1963156282358534,0.0,0.0
2011-02-07,0.010374851293667725,0.010374851293667725,2.1859122495340713,2.1859122495340713,0.0,0.0
2011-02-08,0.007781138470250793,0.007781138470250793,2.03860084715185,2.03860084715185,0.0,0.0
2011-02-09,0.007781138470250793,0.007781138470250793,1.947344432758373,1.947344432758373,0.0,0.0
2011-02-10,0.007781138470250793,0.007781138470250793,1.813157443078623,1.813157443078623,0.0,0.0
2011-02-11,0.010374851293667725,0.010374851293667725,1.7725818115859848,1.7725818115859848,0.0,0.0
2011-02-12,0.010374851293667725,0.010374851293667725,1.7828573171427184,1.7828573171427184,0.0,0.0
2011-02-13,0.007781138470250793,0.007781138470250793,1.7870011097268674,1.7870011097268674,0.0,0.0
2011-02-14,0.007781138470250793,0.007781138470250793,1.731549688086208,1.731549688086208,0.0,0.0
2011-02-15,0.007781138470250793,0.007781138470250793,2.640593598905049,2.640593598905049,0.0,0.0
2011-02-16,0.007781138470250793,0.007781138470250793,4.774771257535106,4.774771257535106,0.0,0.0
2011-02-17,0.0,0.0,4.696097203392914,4.696097203392914,0.0,0.0
2011-02-18,0.0,0.0,7.943328799665717,7.943328799665717,0.0,0.0
2011-02-19,0.0,0.0,6.126025976375082,6.126025976375082,0.0,0.0
2011-02-20,0.0,0.0,4.384305414344964,4.384305414344964,0.0,0.0
2011-02-21,0.0,0.0,4.567839936134303,4.567839936134303,0.0,0.0
2011-02-22,0.0,0.0,4.522438750806891,4.522438750806891,0.0,0.0
2011-02-23,0.0,0.0,4.473477420060699,4.473477420060699,0.0,0.0
2011-02-24,0.0,0.0,4.710042207223267,4.710042207223267,0.0,0.0
2011-02-25,0.0,0.0,5.281037187218336,5.281037187218336,0.0,0.0
2011-02-26,0.0,0.0,4.513887958317442,4.513887958317442,0.0,0.0
2011-02-27,0.0,0.0,4.198589772898283,4.198589772898283,0.0,0.0
2011-02-28,0.0,0.0,4.225926842599768,4.225926842599768,0.0,0.0
2011-03-01,0.0,0.0,3.979667354322183,3.979667354322183,0.0,0.0
2011-03-02,0.0,0.0,4.83549224413644,4.83549224413644,0.0,0.0
2011-03-03,0.0,0.0,4.758378172170964,4.758378172170964,0.0,0.0
2011-03-04,0.0,0.0,3.9648369299117343,3.9648369299117343,0.0,0.0
2011-03-05,0.0,0.0,4.488723948584761,4.488723948584761,0.0,0.0
2011-03-06,0.0,0.0,7.2495835150288706,7.2495835150288706,0.0,0.0
2011-03-07,0.0,0.0,7.610960046945553,7.610960046945553,0.0,0.0
2011-03-08,0.0,0.0,5.507218811330316,5.507218811330316,0.0,0.0
2011-03-09,0.0,0.0,5.917796318368435,5.917796318368435,0.0,0.0
2011-03-10,0.0,0.0,6.074409542126203,6.074409542126203,0.0,0.0
2011-03-11,0.0,0.0,5.858658959569439,5.858658959569439,0.0,0.0
2011-03-12,0.0,0.0,5.572334587651072,5.572334587651072,0.0,0.0
2011-03-13,0.0,0.0,5.708994040061161,5.708994040061161,0.0,0.0
2011-03-14,0.0,0.0,5.265797876319525,5.265797876319525,0.0,0.0
2011-03-15,0.0,0.0,6.868679173612117,6.868679173612117,0.0,0.0
2011-03-16,0.0,0.0,8.389779928000115,8.389779928000115,0.0,0.0
2011-03-17,0.0,0.0,5.418152089377316,5.418152089377316,0.0,0.0
2011-03-18,0.0,0.0,8.449059045418586,8.449059045418586,0.0,0.0
2011-03-19,0.012968564117084656,0.012968564117084656,10.0,10.0,0.0,0.0
2011-03-20,0.012968564117084656,0.012968564117084656,10.0,10.0,0.0,0.0
2011-03-21,0.012968564117084656,0.012968564117084656,10.000000000000004,10.000000000000004,0.0,0.0
2011-03-22,0.012968564117084656,0.012968564117084656,9.999999999999996,9.999999999999996,0.0,0.0
2011-03-23,0.012968564117084656,0.012968564117084656,9.999999999999996,9.999999999999996,0.0,0.0
2011-03-24,0.04668683082150476,0.04668683082150476,10.000000000000002,10.000000000000002,0.0,0.0
2011-03-25,0.06484282058542327,0.06484282058542327,10.000000000000002,10.000000000000002,0.0,0.0
2011-03-26,0.062249107762006345,0.062249107762006345,10.000000000000007,10.000000000000007,0.0,0.0
2011-03-27,0.06354596417371482,0.06354596417371482,9.999999999999998,9.999999999999998,0.0,0.0
2011-03-28,0.06873338982054866,0.06873338982054866,10.000000000000002,10.000000000000002,0.0,0.0
2011-03-29,0.07003024623225713,0.07003024623225713,10.000000000000007,10.000000000000007,0.0,0.0
2011-03-30,0.07651452829079947,0.07651452829079947,10.000000000000002,10.000000000000002,0.0,0.0
2011-03-31,0.08170195393763333,0.08170195393763333,9.999999999999991,9.999999999999991,0.0,0.0
2011-04-01,0.08688937958446719,0.08688937958446719,9.999999999999996,9.999999999999996,0.0,0.0
2011-04-02,0.06873338982054866,0.06873338982054866,10.000000000000009,10.000000000000009,0.0,0.0
2011-04-03,0.06873338982054866,0.06873338982054866,10.000000000000009,10.000000000000009,0.0,0.0
2011-04-04,0.07392081546738254,0.07392081546738254,10.0,10.0,0.0,0.0
2011-04-05,0.07521767187909101,0.07521767187909101,9.999999999999996,9.999999999999996,0.0,0.0
2011-04-06,0.07262395905567408,0.07262395905567408,10.000000000000002,10.000000000000002,0.0,0.0
2011-04-07,0.07262395905567408,0.07262395905567408,10.000000000000002,10.000000000000002,0.0,0.0
2011-04-08,0.07262395905567408,0.07262395905567408,10.000000000000002,10.000000000000002,0.0,0.0
2011-04-09,0.06484282058542327,0.06484282058542327,10.000000000000002,10.000000000000002,0.0,0.0
2011-04-10,0.07781138470250792,0.07781138470250792,9.999999999999998,9.999999999999998,0.0,0.0
2011-04-11,0.08040509752592487,0.08040509752592487,10.000000000000002,10.000000000000002,0.0,0.0
2011-04-12,0.09207680523130105,0.09207680523130105,10.0,10.0,0.0,0.0
2011-04-13,0.07651452829079947,0.07651452829079947,10.000000000000002,10.000000000000002,0.0,0.0
2011-04-14,0.07651452829079947,0.07651452829079947,10.000000000000002,10.000000000000002,0.0,0.0
2011-04-15,0.06484282058542327,0.06484282058542327,10.000000000000002,10.000000000000002,0.0,0.0
2011-04-16,0.06484282058542327,0.06484282058542327,10.000000000000005,10.000000000000005,0.0,0.0
2011-04-17,0.06484282058542327,0.06484282058542327,10.000000000000005,10.000000000000005,0.0,0.0
2011-04-18,0.06484282058542327,0.06484282058542327,10.000000000000002,10.000000000000002,0.0,0.0
2011-04-19,0.0829988103493418,0.0829988103493418,9.999999999999996,9.999999999999996,0.0,0.0
2011-04-20,0.0829988103493418,0.0829988103493418,9.999999999999998,9.999999999999998,0.0,0.0
2011-04-21,0.08429566676105026,0.08429566676105026,10.0,10.0,0.0,0.0
2011-04-22,0.0907799488195926,0.0907799488195926,10.0,10.0,0.0,0.0
2011-04-23,0.09207680523130105,0.09207680523130105,9.862150976163406,9.862150976163406,0.0,0.0
2011-04-24,0.10374851293667725,0.10374851293667725,3.9637760919962584,3.9637760919962584,0.0,0.0
2011-04-25,0.10374851293667725,0.10374851293667725,3.6371597360029284,3.6371597360029284,0.0,0.0
2011-04-26,0.10115480011326032,0.10115480011326032,3.584211079952036,3.584211079952036,0.0,0.0
2011-04-27,0.10374851293667725,0.10374851293667725,3.982864499531565,3.982864499531565,0.0,0.0
2011-04-28,0.10245165652496876,0.10245165652496876,4.520524451578012,4.520524451578012,0.0,0.0
2011-04-29,0.0972642308781349,0.0972642308781349,4.621090564053334,4.621090564053334,0.0,0.0
2011-04-30,0.07651452829079947,0.07651452829079947,4.666113033522567,4.666113033522567,0.0,0.0
2011-05-01,0.07781138470250792,0.07781138470250792,4.376333978069549,4.376333978069549,0.0,0.0
2011-05-02,0.06484282058542327,0.06484282058542327,5.271109888542499,5.271109888542499,0.0,0.0
2011-05-03,0.06484282058542327,0.06484282058542327,7.023719289848681,7.023719289848681,0.0,0.0
2011-05-04,0.06354596417371482,0.06354596417371482,8.298903583643247,8.298903583643247,0.0,0.0
2011-05-05,0.06354596417371482,0.06354596417371482,10.0,10.0,0.0,0.0
2011-05-06,0.06354596417371482,0.06354596417371482,10.0,10.0,0.0,0.0
2011-05-07,0.06484282058542327,0.06484282058542327,10.0,10.0,0.0,0.0
2011-05-08,0.07003024623225713,0.07003024623225713,10.0,10.0,0.0,0.0
2011-05-09,0.06873338982054866,0.06873338982054866,10.0,10.0,0.0,0.0
2011-05-10,0.07003024623225713,0.07003024623225713,6.910852253415403,6.910852253415403,0.0,0.0
2011-05-11,0.07132710264396559,0.07132710264396559,5.108235407537099,5.108235407537099,0.0,0.0
2011-05-12,0.0907799488195926,0.0907799488195926,6.982636420951535,6.982636420951535,0.0,0.0
2011-05-13,0.10374851293667725,0.10374851293667725,9.593969942650322,9.593969942650322,0.0,0.0
2011-05-14,0.1089359385835111,0.1089359385835111,10.0,10.0,0.0,0.0
2011-05-15,0.11152965140692804,0.11152965140692804,8.194154469397537,8.194154469397535,0.0,0.0
2011-05-16,0.12320135911230422,0.12320135911230422,5.478004260378485,5.478004260378485,0.0,0.0
2011-05-17,0.12320135911230422,0.12320135911230422,6.842593737009802,6.842593737009802,0.0,0.0
2011-05-18,0.11282650781863648,0.11282650781863648,6.3287083243952305,6.3287083243952305,0.0,0.0
2011-05-19,0.11282650781863648,0.11282650781863648,5.110657733121926,5.110657733121926,0.0,0.0
2011-05-20,0.11152965140692804,0.11152965140692804,5.128769722708391,5.128769722708391,0.0,0.0
2011-05-21,0.11282650781863648,0.11282650781863648,6.2881947147060595,6.2881947147060595,0.0,0.0
2011-05-22,0.14006049246451427,0.14006049246451427,6.965338267599598,6.965338267599598,0.0,0.0
2011-05-23,0.14006049246451427,0.14006049246451427,7.499600368943076,7.499600368943076,0.0,0.0
2011-05-24,0.14135734887622275,0.14135734887622275,7.752633013739295,7.752633013739295,0.0,0.0
2011-05-25,0.14135734887622275,0.14135734887622275,9.180726180139693,9.180726180139693,0.0,0.0
2011-05-26,0.14913848734647353,0.14913848734647353,9.856053376701675,9.856053376701675,0.0,0.0
2011-05-27,0.14654477452305661,0.14654477452305661,8.047305938305893,8.047305938305893,0.0,0.0
2011-05-28,0.14913848734647353,0.14913848734647353,7.807281234529443,7.807281234529443,0.0,0.0
2011-05-29,0.15173220016989047,0.15173220016989047,7.05646049499348,7.05646049499348,0.0,0.0
2011-05-30,0.14913848734647353,0.14913848734647353,6.409635139732401,6.409635139732401,0.0,0.0
2011-05-31,0.15173220016989047,0.15173220016989047,7.031847239720603,7.031847239720603,0.0,0.0
2011-06-01,0.15173220016989047,0.15173220016989047,5.270106697875754,5.270106697875754,0.0,0.0
2011-06-02,0.13357621040597195,0.13357621040597195,4.434603247831206,4.434603247831206,0.0,0.0
2011-06-03,0.14913848734647353,0.14913848734647353,4.479150854188667,4.479150854188667,0.0,0.0
2011-06-04,0.14524791811134816,0.14524791811134816,5.1472574704027085,5.1472574704027085,0.0,0.0
2011-06-05,0.14524791811134816,0.14524791811134816,7.3621989553422615,7.3621989553422615,0.0,0.0
2011-06-06,0.1582164822284328,0.1582164822284328,5.886306696259093,5.886306696259093,0.0,0.0
2011-06-07,0.15173220016989047,0.15173220016989047,4.59666461387861,4.59666461387861,0.0,0.0
2011-06-08,0.15173220016989047,0.15173220016989047,4.989199131170267,4.989199131170267,0.0,0.0
2011-06-09,0.15173220016989047,0.15173220016989047,6.148231209424624,6.148231209424624,0.0,0.0
2011-06-10,0.15173220016989047,0.15173220016989047,7.991164607481847,7.991164607481847,0.0,0.0
2011-06-11,0.15173220016989047,0.15173220016989047,9.68511936884865,9.68511936884865,0.0,0.0
2011-06-12,0.14913848734647353,0.14913848734647353,10.0,10.0,0.0,0.0
2011-06-13,0.1659976206986836,0.1659976206986836,10.0,10.0,0.0,0.0
2011-06-14,0.1647007642869751,0.1647007642869751,10.0,10.0,0.0,0.0
2011-06-15,0.16340390787526665,0.16340390787526665,10.0,10.0,0.0,0.0
2011-06-16,0.15562276940501585,0.15562276940501585,10.0,10.0,0.0,0.0
2011-06-17,0.15562276940501585,0.15562276940501585,10.0,10.0,0.0,0.0
2011-06-18,0.15691962581672436,0.15691962581672436,10.0,10.0,0.0,0.0
2011-06-19,0.15562276940501585,0.15562276940501585,10.0,10.0,0.0,0.0
2011-06-20,0.15562276940501585,0.15562276940501585,10.0,10.0,0.0,0.0
2011-06-21,0.1543259129933074,0.1543259129933074,10.0,10.0,0.0,0.0
2011-06-22,0.16340390787526665,0.16340390787526665,10.0,10.0,0.0,0.0
2011-06-23,0.1647007642869751,0.1647007642869751,10.0,10.0,0.0,0.0
2011-06-24,0.16210705146355817,0.16210705146355817,10.0,10.0,0.0,0.0
2011-06-25,0.16210705146355817,0.16210705146355817,10.0,10.0,0.0,0.0
2011-06-26,0.17118504634551746,0.17118504634551746,10.0,10.0,0.0,0.0
2011-06-27,0.17118504634551746,0.17118504634551746,10.0,10.0,0.0,0.0
2011-06-28,0.15951333864014125,0.15951333864014125,10.0,10.0,0.0,0.0
2011-06-29,0.15302905658159893,0.15302905658159893,10.0,10.0,0.0,0.0
2011-06-30,0.16340390787526665,0.16340390787526665,10.0,10.0,0.0,0.0
2011-07-01,0.16340390787526665,0.16340390787526665,10.0,10.0,0.0,0.0
2011-07-02,0.16340390787526665,0.16340390787526665,10.0,10.0,0.0,0.0
2011-07-03,0.16340390787526665,0.16340390787526665,10.0,10.0,0.0,0.0
2011-07-04,0.16340390787526665,0.16340390787526665,10.0,10.0,0.0,0.0
2011-07-05,0.16340390787526665,0.16340390787526665,10.0,10.0,0.0,0.0
2011-07-06,0.16340390787526665,0.16340390787526665,10.0,10.0,0.0,0.0
2011-07-07,0.15951333864014125,0.15951333864014125,10.0,10.0,0.0,0.0
2011-07-08,0.15691962581672436,0.15691962581672436,10.0,10.0,0.0,0.0
2011-07-09,0.16729447711039205,0.16729447711039205,10.0,10.0,0.0,0.0
2011-07-10,0.17248190275722594,0.17248190275722594,10.0,10.0,0.0,0.0
2011-07-11,0.1685913335221005,0.1685913335221005,10.0,10.0,0.0,0.0
2011-07-12,0.16340390787526665,0.16340390787526665,10.0,10.0,0.0,0.0
2011-07-13,0.16340390787526665,0.16340390787526665,10.0,10.0,0.0,0.0
2011-07-14,0.1543259129933074,0.1543259129933074,10.0,10.0,0.0,0.0
2011-07-15,0.15951333864014125,0.15951333864014125,10.0,10.0,0.0,0.0
2011-07-16,0.16340390787526665,0.16340390787526665,10.0,10.0,0.0,0.0
2011-07-17,0.16081019505184974,0.16081019505184974,10.0,10.0,0.0,0.0
2011-07-18,0.16340390787526665,0.16340390787526665,10.0,10.0,0.0,0.0
2011-07-19,0.1647007642869751,0.1647007642869751,10.0,10.0,0.0,0.0
2011-07-20,0.16081019505184974,0.16081019505184974,10.0,10.0,0.0,0.0
2011-07-21,0.169888189933809,0.169888189933809,10.0,10.0,0.0,0.0
2011-07-22,0.16729447711039205,0.16729447711039205,10.0,10.0,0.0,0.0
2011-07-23,0.16729447711039205,0.16729447711039205,10.0,10.0,0.0,0.0
2011-07-24,0.16729447711039205,0.16729447711039205,10.0,10.0,0.0,0.0
2011-07-25,0.1659976206986836,0.1659976206986836,10.0,10.0,0.0,0.0
2011-07-26,0.16729447711039205,0.16729447711039205,10.0,10.0,0.0,0.0
2011-07-27,0.16729447711039205,0.16729447711039205,10.0,10.0,0.0,0.0
2011-07-28,0.16340390787526665,0.16340390787526665,10.0,10.0,0.0,0.0
2011-07-29,0.1659976206986836,0.1659976206986836,10.0,10.0,0.0,0.0
2011-07-30,0.1647007642869751,0.1647007642869751,10.0,10.0,0.0,0.0
2011-07-31,0.1647007642869751,0.1647007642869751,10.0,10.0,0.0,0.0
2011-08-01,0.16729447711039205,0.16729447711039205,10.0,10.0,0.0,0.0
2011-08-02,0.15302905658159893,0.15302905658159893,10.0,10.0,0.0,0.0
2011-08-03,0.1543259129933074,0.1543259129933074,10.0,10.0,0.0,0.0
2011-08-04,0.15562276940501585,0.15562276940501585,10.0,10.0,0.0,0.0
2011-08-05,0.15302905658159893,0.15302905658159893,10.0,10.0,0.0,0.0
2011-08-06,0.1543259129933074,0.1543259129933074,10.0,10.0,0.0,0.0
2011-08-07,0.16081019505184974,0.16081019505184974,10.0,10.0,0.0,0.0
2011-08-08,0.1543259129933074,0.1543259129933074,10.0,10.0,0.0,0.0
2011-08-09,0.14654477452305661,0.14654477452305661,10.0,10.0,0.0,0.0
2011-08-10,0.14654477452305661,0.14654477452305661,10.0,10.0,0.0,0.0
2011-08-11,0.14654477452305661,0.14654477452305661,10.0,10.0,0.0,0.0
2011-08-12,0.1543259129933074,0.1543259129933074,10.0,10.0,0.0,0.0
2011-08-13,0.14524791811134816,0.14524791811134816,10.0,10.0,0.0,0.0
2011-08-14,0.15302905658159893,0.15302905658159893,10.0,10.0,0.0,0.0
2011-08-15,0.14524791811134816,0.14524791811134816,10.0,10.0,0.0,0.0
2011-08-16,0.14524791811134816,0.14524791811134816,10.0,10.0,0.0,0.0
2011-08-17,0.14006049246451427,0.14006049246451427,10.0,10.0,0.0,0.0
2011-08-18,0.13487306681768044,0.13487306681768044,10.0,10.0,0.0,0.0
2011-08-19,0.12190450270059575,0.12190450270059575,10.0,10.0,0.0,0.0
2011-08-20,0.12320135911230422,0.12320135911230422,10.0,10.0,0.0,0.0
2011-08-21,0.1089359385835111,0.1089359385835111,10.0,10.0,0.0,0.0
2011-08-22,0.1089359385835111,0.1089359385835111,10.0,10.0,0.0,0.0
2011-08-23,0.10504536934838571,0.10504536934838571,1.1576583274646486,1.1576583274646486,0.0,0.0
2011-08-24,0.10504536934838571,0.10504536934838571,0.7718757518878246,0.7718757518878246,0.0,0.0
2011-08-25,0.11931078987717883,0.11931078987717883,0.7691568695283886,0.7691568695283886,0.0,0.0
2011-08-26,0.11801393346547037,0.11801393346547037,0.7439700980769096,0.7439700980769096,0.0,0.0
2011-08-27,0.12968564117084655,0.12968564117084655,0.7537564473764821,0.7537564473764821,0.0,0.0
2011-08-28,0.12190450270059575,0.12190450270059575,0.720193334727116,0.720193334727116,0.0,0.0
2011-08-29,0.1089359385835111,0.1089359385835111,0.691339486108208,0.691339486108208,0.0,0.0
2011-08-30,0.10374851293667725,0.10374851293667725,0.5525423387803237,0.5525423387803237,0.0,0.0
2011-08-31,0.10245165652496876,0.10245165652496876,0.3426032273233589,0.3426032273233589,0.0,0.0
2011-09-01,0.10245165652496876,0.10245165652496876,0.559415939292547,0.559415939292547,0.0,0.0
2011-09-02,0.10374851293667725,0.10374851293667725,0.5485178324245916,0.5485178324245916,0.0,0.0
2011-09-03,0.10374851293667725,0.10374851293667725,0.5706687035218929,0.5706687035218929,0.0,0.0
2011-09-04,0.10374851293667725,0.10374851293667725,0.5787540316385371,0.5787540316385371,0.0,0.0
2011-09-05,0.10374851293667725,0.10374851293667725,0.5591743462181651,0.5591743462181651,0.0,0.0
2011-09-06,0.10374851293667725,0.10374851293667725,0.4935516811815593,0.4935516811815593,0.0,0.0
2011-09-07,0.11801393346547037,0.11801393346547037,0.48085353179521173,0.48085353179521173,0.0,0.0
2011-09-08,0.11801393346547037,0.11801393346547037,0.4843764999381637,0.4843764999381637,0.0,0.0
2011-09-09,0.1167170770537619,0.1167170770537619,0.4607619653315701,0.4607619653315701,0.0,0.0
2011-09-10,0.11542022064205343,0.11542022064205343,0.3695404354459816,0.3695404354459816,0.0,0.0
2011-09-11,0.1167170770537619,0.1167170770537619,0.4753871850912724,0.4753871850912724,0.0,0.0
2011-09-12,0.1089359385835111,0.1089359385835111,0.8144178510091594,0.8144178510091594,0.0,0.0
2011-09-13,0.08818623599617564,0.08818623599617564,0.2872703823680924,0.2872703823680924,0.0,0.0
2011-09-14,0.08818623599617564,0.08818623599617564,1.6269948569340504,1.6269948569340504,0.0,0.0
2011-09-15,0.07392081546738254,0.07392081546738254,0.27033972930485906,0.27033972930485906,0.0,0.0
2011-09-16,0.07392081546738254,0.07392081546738254,0.28850323275526835,0.28850323275526835,0.0,0.0
2011-09-17,0.07392081546738254,0.07392081546738254,0.27002664764940404,0.27002664764940404,0.0,0.0
2011-09-18,0.07392081546738254,0.07392081546738254,0.25825602819683896,0.25825602819683896,0.0,0.0
2011-09-19,0.07392081546738254,0.07392081546738254,0.25101548932835804,0.25101548932835804,0.0,0.0
2011-09-20,0.07392081546738254,0.07392081546738254,0.27035037464676087,0.27035037464676087,0.0,0.0
2011-09-21,0.0907799488195926,0.0907799488195926,0.26592890932450597,0.26592890932450597,0.0,0.0
2011-09-22,0.09467051805471799,0.09467051805471799,1.1440088434488613,1.1440088434488613,0.0,0.0
2011-09-23,0.10115480011326032,0.10115480011326032,0.33660994015078116,0.33660994015078116,0.0,0.0
2011-09-24,0.08818623599617564,0.08818623599617564,0.32796630871417287,0.32796630871417287,0.0,0.0
2011-09-25,0.08170195393763333,0.08170195393763333,1.8732909652238667,1.8732909652238667,0.0,0.0
2011-09-26,0.08170195393763333,0.08170195393763333,0.20456150197511855,0.20456150197511855,0.0,0.0
2011-09-27,0.07392081546738254,0.07392081546738254,0.22774584061360914,0.22774584061360914,0.0,0.0
2011-09-28,0.06743653340884022,0.06743653340884022,0.2604104196551767,0.2604104196551767,0.0,0.0
2011-09-29,0.06873338982054866,0.06873338982054866,0.26580265954444954,0.26580265954444954,0.0,0.0
2011-09-30,0.07003024623225713,0.07003024623225713,0.2684748373629522,0.2684748373629522,0.0,0.0
2011-10-01,0.042796261586379364,0.042796261586379364,0.3846134143350787,0.3846134143350787,0.0,0.0
2011-10-02,0.042796261586379364,0.042796261586379364,0.30856241054719535,0.30856241054719535,0.0,0.0
2011-10-03,0.042796261586379364,0.042796261586379364,0.24474999069660144,0.24474999069660144,0.0,0.0
2011-10-04,0.042796261586379364,0.042796261586379364,1.8317465341194228,1.8317465341194228,0.0,0.0
2011-10-05,0.042796261586379364,0.042796261586379364,4.470255020625065,4.470255020625065,0.0,0.0
2011-10-06,0.042796261586379364,0.042796261586379364,1.8417436501321736,1.8417436501321736,0.0,0.0
2011-10-07,0.0414994051746709,0.0414994051746709,0.407337876491483,0.407337876491483,0.0,0.0
2011-10-08,0.05576482570346402,0.05576482570346402,0.39023484992107066,0.39023484992107066,0.0,0.0
2011-10-09,0.05706168211517248,0.05706168211517248,0.661002432520604,0.661002432520604,0.0,0.0
2011-10-10,0.04668683082150476,0.04668683082150476,0.7230009399993558,0.7230009399993558,0.0,0.0
2011-10-11,0.0453899744097963,0.0453899744097963,0.7373010206189994,0.7373010206189994,0.0,0.0
2011-10-12,0.0453899744097963,0.0453899744097963,0.6243959721890209,0.6243959721890209,0.0,0.0
2011-10-13,0.0453899744097963,0.0453899744097963,0.7073087739555859,0.7073087739555859,0.0,0.0
2011-10-14,0.0453899744097963,0.0453899744097963,0.7438758285844654,0.7438758285844654,0.0,0.0
2011-10-15,0.03631197952783704,0.03631197952783704,0.542582916134807,0.542582916134807,0.0,0.0
2011-10-16,0.042796261586379364,0.042796261586379364,0.4684924224211551,0.4684924224211551,0.0,0.0
2011-10-17,0.04409311799808782,0.04409311799808782,0.4451024889280438,0.4451024889280438,0.0,0.0
2011-10-18,0.042796261586379364,0.042796261586379364,0.4297552063346558,0.4297552063346558,0.0,0.0
2011-10-19,0.042796261586379364,0.042796261586379364,0.4006546791820764,0.4006546791820764,0.0,0.0
2011-10-20,0.042796261586379364,0.042796261586379364,0.36174532273743043,0.36174532273743043,0.0,0.0
2011-10-21,0.042796261586379364,0.042796261586379364,0.3578976164076271,0.3578976164076271,0.0,0.0
2011-10-22,0.042796261586379364,0.042796261586379364,0.3563830734986767,0.3563830734986767,0.0,0.0
2011-10-23,0.042796261586379364,0.042796261586379364,0.32612832493133315,0.32612832493133315,0.0,0.0
2011-10-24,0.04928054364492169,0.04928054364492169,0.2921389974254741,0.2921389974254741,0.0,0.0
2011-10-25,0.04928054364492169,0.04928054364492169,0.2814096416562446,0.2814096416562446,0.0,0.0
2011-10-26,0.03371826670442011,0.03371826670442011,0.28682926716331775,0.28682926716331775,0.0,0.0
2011-10-27,0.03242141029271164,0.03242141029271164,0.27876443035276516,0.27876443035276516,0.0,0.0
2011-10-28,0.03371826670442011,0.03371826670442011,0.26819173166204935,0.26819173166204935,0.0,0.0
2011-10-29,0.03371826670442011,0.03371826670442011,0.2588916268837835,0.2588916268837835,0.0,0.0
2011-10-30,0.03371826670442011,0.03371826670442011,0.2493440939007662,0.2493440939007662,0.0,0.0
2011-10-31,0.012968564117084656,0.012968564117084656,0.26046359365924515,0.26046359365924515,0.0,0.0
2011-11-01,0.012968564117084656,0.012968564117084656,0.24574465712341695,0.24574465712341695,0.0,0.0
2011-11-02,0.012968564117084656,0.012968564117084656,0.23806801825541982,0.23806801825541982,0.0,0.0
2011-11-03,0.012968564117084656,0.012968564117084656,0.5485640644528822,0.5485640644528822,0.0,0.0
2011-11-04,0.012968564117084656,0.012968564117084656,0.6249968137479853,0.6249968137479853,0.0,0.0
2011-11-05,0.012968564117084656,0.012968564117084656,0.3693926827960576,0.3693926827960576,0.0,0.0
2011-11-06,0.010374851293667725,0.010374851293667725,0.3687232018298841,0.3687232018298841,0.0,0.0
2011-11-07,0.00907799488195926,0.00907799488195926,0.22824935010597214,0.22824935010597214,0.0,0.0
2011-11-08,0.00907799488195926,0.00907799488195926,0.22822688449051573,0.22822688449051573,0.0,0.0
2011-11-09,0.00907799488195926,0.00907799488195926,0.26522972422438734,0.26522972422438734,0.0,0.0
2011-11-10,0.00907799488195926,0.00907799488195926,0.34471404644042164,0.34471404644042164,0.0,0.0
2011-11-11,0.00907799488195926,0.00907799488195926,0.5825227192652291,0.5825227192652291,0.0,0.0
2011-11-12,0.012968564117084656,0.012968564117084656,0.39667293888112054,0.39667293888112054,0.0,0.0
2011-11-13,0.01815598976391852,0.01815598976391852,0.22150129647472477,0.22150129647472477,0.0,0.0
2011-11-14,0.01815598976391852,0.01815598976391852,0.22194798809226268,0.22194798809226268,0.0,0.0
2011-11-15,0.01815598976391852,0.01815598976391852,0.20879298146078318,0.20879298146078318,0.0,0.0
2011-11-16,0.01815598976391852,0.01815598976391852,0.20955601363071777,0.20955601363071777,0.0,0.0
2011-11-17,0.01815598976391852,0.01815598976391852,0.21766713422520897,0.21766713422520897,0.0,0.0
2011-11-18,0.01815598976391852,0.01815598976391852,0.2273781154729375,0.2273781154729375,0.0,0.0
2011-11-19,0.01815598976391852,0.01815598976391852,0.30940741778694497,0.30940741778694497,0.0,0.0
2011-11-20,0.01815598976391852,0.01815598976391852,0.28138429771085927,0.28138429771085927,0.0,0.0
2011-11-21,0.01815598976391852,0.01815598976391852,0.22182883939625597,0.22182883939625597,0.0,0.0
2011-11-22,0.01815598976391852,0.01815598976391852,0.17703526246364357,0.17703526246364357,0.0,0.0
2011-11-23,0.01815598976391852,0.01815598976391852,0.19003640839417707,0.19003640839417707,0.0,0.0
2011-11-24,0.01815598976391852,0.01815598976391852,0.2868554488549139,0.2868554488549139,0.0,0.0
2011-11-25,0.01815598976391852,0.01815598976391852,0.17571638837599537,0.17571638837599537,0.0,0.0
2011-11-26,0.01815598976391852,0.01815598976391852,0.1624361480821367,0.1624361480821367,0.0,0.0
2011-11-27,0.01815598976391852,0.01815598976391852,0.18402076580800847,0.18402076580800847,0.0,0.0
2011-11-28,0.01815598976391852,0.01815598976391852,0.20609390541495937,0.20609390541495937,0.0,0.0
2011-11-29,0.01815598976391852,0.01815598976391852,0.20933325245156867,0.20933325245156867,0.0,0.0
2011-11-30,0.01815598976391852,0.01815598976391852,0.20089394898750218,0.20089394898750218,0.0,0.0
2011-12-01,0.01815598976391852,0.01815598976391852,0.21357635081026347,0.21357635081026347,0.0,0.0
2011-12-02,0.01815598976391852,0.01815598976391852,0.19575551730380297,0.19575551730380297,0.0,0.0
2011-12-03,0.01815598976391852,0.01815598976391852,0.20506357883246157,0.20506357883246157,0.0,0.0
2011-12-04,0.015562276940501586,0.015562276940501586,0.20430710910267502,0.20430710910267502,0.0,0.0
2011-12-05,0.015562276940501586,0.015562276940501586,0.203142247890594,0.203142247890594,0.0,0.0
2011-12-06,0.01815598976391852,0.01815598976391852,0.19745518925314257,0.19745518925314257,0.0,0.0
2011-12-07,0.01815598976391852,0.01815598976391852,0.19856198786398307,0.19856198786398307,0.0,0.0
2011-12-08,0.01815598976391852,0.01815598976391852,0.20323115035886657,0.20323115035886657,0.0,0.0
2011-12-09,0.01815598976391852,0.01815598976391852,0.2027114255766521,0.2027114255766521,0.0,0.0
2011-12-10,0.01815598976391852,0.01815598976391852,0.20055063496625758,0.20055063496625758,0.0,0.0
2011-12-11,0.01426542052879312,0.01426542052879312,0.19485002238505628,0.19485002238505628,0.0,0.0
2011-12-12,0.01167170770537619,0.01167170770537619,0.19078607120300423,0.19078607120300423,0.0,0.0
2011-12-13,0.010374851293667725,0.010374851293667725,0.18805287295968348,0.18805287295968348,0.0,0.0
2011-12-14,0.00907799488195926,0.00907799488195926,0.18907933960365964,0.18907933960365964,0.0,0.0
2011-12-15,0.00907799488195926,0.00907799488195926,0.19060293713139553,0.19060293713139553,0.0,0.0
2011-12-16,0.00907799488195926,0.00907799488195926,0.18836305820934113,0.18836305820934113,0.0,0.0
2011-12-17,0.00907799488195926,0.00907799488195926,0.18992856144178055,0.18992856144178055,0.0,0.0
2011-12-18,0.007781138470250793,0.007781138470250793,0.1896038596222715,0.1896038596222715,0.0,0.0
2011-12-19,0.00907799488195926,0.00907799488195926,0.19057687809639154,0.19057687809639154,0.0,0.0
2011-12-20,0.00907799488195926,0.00907799488195926,0.18330872236209994,0.18330872236209994,0.0,0.0
2011-12-21,0.00907799488195926,0.00907799488195926,0.18107682038512274,0.18107682038512274,0.0,0.0
2011-12-22,0.007781138470250793,0.007781138470250793,0.1837441393310846,0.1837441393310846,0.0,0.0
2011-12-23,0.006484282058542328,0.006484282058542328,0.18699222606651209,0.18699222606651209,0.0,0.0
2011-12-24,0.006484282058542328,0.006484282058542328,0.1858641375576298,0.1858641375576298,0.0,0.0
2011-12-25,0.006484282058542328,0.006484282058542328,0.1920122942208144,0.1920122942208144,0.0,0.0
2011-12-26,0.006484282058542328,0.006484282058542328,0.20154266174256688,0.20154266174256688,0.0,0.0
2011-12-27,0.007781138470250793,0.007781138470250793,0.2159807450893674,0.2159807450893674,0.0,0.0
2011-12-28,0.007781138470250793,0.007781138470250793,0.2049703322528173,0.2049703322528173,0.0,0.0
2011-12-29,0.007781138470250793,0.007781138470250793,0.295799947265861,0.295799947265861,0.0,0.0
2011-12-30,0.007781138470250793,0.007781138470250793,0.2241180724559225,0.2241180724559225,0.0,0.0
2011-12-31,0.007781138470250793,0.007781138470250793,0.2031485540696579,0.2031485540696579,0.0,0.0
2012-01-01,0.007781138470250793,0.007781138470250793,0.15934771716890508,0.15934771716890508,0.0,0.0
2012-01-02,0.007781138470250793,0.007781138470250793,0.16476622055895299,0.16476622055895299,0.0,0.0
2012-01-03,0.007781138470250793,0.007781138470250793,0.1592588992427089,0.1592588992427089,0.0,0.0
2012-01-04,0.007781138470250793,0.007781138470250793,0.1560347638466803,0.1560347638466803,0.0,0.0
2012-01-05,0.007781138470250793,0.007781138470250793,0.1570703749709006,0.1570703749709006,0.0,0.0
2012-01-06,0.007781138470250793,0.007781138470250793,0.1656934500391086,0.1656934500391086,0.0,0.0
2012-01-07,0.007781138470250793,0.007781138470250793,0.1504464433594649,0.1504464433594649,0.0,0.0
2012-01-08,0.007781138470250793,0.007781138470250793,0.1450460796603644,0.1450460796603644,0.0,0.0
2012-01-09,0.007781138470250793,0.007781138470250793,0.1462575978566865,0.1462575978566865,0.0,0.0
2012-01-10,0.007781138470250793,0.007781138470250793,0.1575207787017258,0.1575207787017258,0.0,0.0
2012-01-11,0.007781138470250793,0.007781138470250793,0.1600384651577333,0.1600384651577333,0.0,0.0
2012-01-12,0.007781138470250793,0.007781138470250793,0.1509019936545089,0.1509019936545089,0.0,0.0
2012-01-13,0.007781138470250793,0.007781138470250793,0.1564986591040361,0.1564986591040361,0.0,0.0
2012-01-14,0.007781138470250793,0.007781138470250793,0.1510482267005852,0.1510482267005852,0.0,0.0
2012-01-15,0.007781138470250793,0.007781138470250793,0.15742919904096558,0.15742919904096558,0.0,0.0
2012-01-16,0.007781138470250793,0.007781138470250793,0.151797044938062,0.151797044938062,0.0,0.0
2012-01-17,0.007781138470250793,0.007781138470250793,0.1506348864609596,0.1506348864609596,0.0,0.0
2012-01-18,0.007781138470250793,0.007781138470250793,0.15096596007051918,0.15096596007051918,0.0,0.0
2012-01-19,0.007781138470250793,0.007781138470250793,0.1873616204289148,0.1873616204289148,0.0,0.0
2012-01-20,0.007781138470250793,0.007781138470250793,6.403902620150418,6.403902620150418,0.0,0.0
2012-01-21,0.007781138470250793,0.007781138470250793,7.150116558572309,7.150116558572309,0.0,0.0
2012-01-22,0.007781138470250793,0.007781138470250793,2.378879736134599,2.378879736134599,0.0,0.0
2012-01-23,0.007781138470250793,0.007781138470250793,2.9927799658299916,2.9927799658299916,0.0,0.0
2012-01-24,0.007781138470250793,0.007781138470250793,1.0009947534380552,1.0009947534380552,0.0,0.0
2012-01-25,0.007781138470250793,0.007781138470250793,0.2407151221019478,0.2407151221019478,0.0,0.0
2012-01-26,0.007781138470250793,0.007781138470250793,0.4026667264378648,0.4026667264378648,0.0,0.0
2012-01-27,0.007781138470250793,0.007781138470250793,0.5000535755769285,0.5000535755769285,0.0,0.0
2012-01-28,0.007781138470250793,0.007781138470250793,0.373158537522311,0.373158537522311,0.0,0.0
2012-01-29,0.007781138470250793,0.007781138470250793,0.44140518352832997,0.44140518352832997,0.0,0.0
2012-01-30,0.007781138470250793,0.007781138470250793,0.4645392618190102,0.4645392618190102,0.0,0.0
2012-01-31,0.007781138470250793,0.007781138470250793,0.4270136716230455,0.4270136716230455,0.0,0.0
2012-02-01,0.007781138470250793,0.007781138470250793,0.369967259570799,0.369967259570799,0.0,0.0
2012-02-02,0.010374851293667725,0.010374851293667725,0.2640207890307108,0.2640207890307108,0.0,0.0
2012-02-03,0.010374851293667725,0.010374851293667725,0.26851645032193366,0.26851645032193366,0.0,0.0
2012-02-04,0.010374851293667725,0.010374851293667725,0.23977907993714886,0.23977907993714886,0.0,0.0
2012-02-05,0.010374851293667725,0.010374851293667725,0.23795161443449978,0.23795161443449978,0.0,0.0
2012-02-06,0.010374851293667725,0.010374851293667725,0.2547296988174291,0.2547296988174291,0.0,0.0
2012-02-07,0.010374851293667725,0.010374851293667725,0.22939479888947237,0.22939479888947237,0.0,0.0
2012-02-08,0.007781138470250793,0.007781138470250793,0.18471704186190419,0.18471704186190419,0.0,0.0
2012-02-09,0.007781138470250793,0.007781138470250793,0.2065839720552136,0.2065839720552136,0.0,0.0
2012-02-10,0.007781138470250793,0.007781138470250793,0.2514417771774765,0.2514417771774765,0.0,0.0
2012-02-11,0.010374851293667725,0.010374851293667725,0.20963357920056647,0.20963357920056647,0.0,0.0
2012-02-12,0.010374851293667725,0.010374851293667725,1.2275006825310433,1.2275006825310433,0.0,0.0
2012-02-13,0.007781138470250793,0.007781138470250793,0.801384811567711,0.801384811567711,0.0,0.0
2012-02-14,0.007781138470250793,0.007781138470250793,0.8626185369705716,0.8626185369705716,0.0,0.0
2012-02-15,0.007781138470250793,0.007781138470250793,0.4625239979622065,0.4625239979622065,0.0,0.0
2012-02-16,0.007781138470250793,0.007781138470250793,0.2150955510986878,0.2150955510986878,0.0,0.0
2012-02-17,0.0,0.0,0.2563307815444312,0.2563307815444312,0.0,0.0
2012-02-18,0.0,0.0,0.2862420082933704,0.2862420082933704,0.0,0.0
2012-02-19,0.0,0.0,0.2263355971199253,0.2263355971199253,0.0,0.0
2012-02-20,0.0,0.0,0.1909161944599138,0.1909161944599138,0.0,0.0
2012-02-21,0.0,0.0,0.1992383577646817,0.1992383577646817,0.0,0.0
2012-02-22,0.0,0.0,0.2163177256769021,0.2163177256769021,0.0,0.0
2012-02-23,0.0,0.0,0.291372361723998,0.291372361723998,0.0,0.0
2012-02-24,0.0,0.0,0.3554413658838174,0.3554413658838174,0.0,0.0
2012-02-25,0.0,0.0,0.5096427941425735,0.5096427941425735,0.0,0.0
2012-02-26,0.0,0.0,0.3825593909293729,0.3825593909293729,0.0,0.0
2012-02-27,0.0,0.0,0.2492760348483558,0.2492760348483558,0.0,0.0
2012-02-28,0.0,0.0,0.442566816519806,0.442566816519806,0.0,0.0
2012-02-29,0.0,0.0,1.2443764123631884,1.2443764123631884,0.0,0.0
2012-03-01,0.0,0.0,0.7079659179462403,0.7079659179462403,0.0,0.0
2012-03-02,0.0,0.0,0.2065784972747334,0.2065784972747334,0.0,0.0
2012-03-03,0.0,0.0,0.3085877637740517,0.3085877637740517,0.0,0.0
2012-03-04,0.0,0.0,0.3788572266386145,0.3788572266386145,0.0,0.0
2012-03-05,0.0,0.0,0.5415199585779878,0.5415199585779878,0.0,0.0
2012-03-06,0.0,0.0,0.4934471007570807,0.4934471007570807,0.0,0.0
2012-03-07,0.0,0.0,0.1806459248973136,0.1806459248973136,0.0,0.0
2012-03-08,0.0,0.0,0.1926588745581947,0.1926588745581947,0.0,0.0
2012-03-09,0.0,0.0,0.3392293461670402,0.3392293461670402,0.0,0.0
2012-03-10,0.0,0.0,0.6103928636686835,0.6103928636686835,0.0,0.0
2012-03-11,0.0,0.0,0.6569239430405103,0.6569239430405103,0.0,0.0
2012-03-12,0.0,0.0,0.6801895333070485,0.6801895333070485,0.0,0.0
2012-03-13,0.0,0.0,0.3235164511549028,0.3235164511549028,0.0,0.0
2012-03-14,0.0,0.0,0.4200329266815451,0.4200329266815451,0.0,0.0
2012-03-15,0.0,0.0,0.4580968040162585,0.4580968040162585,0.0,0.0
2012-03-16,0.0,0.0,8.057376256529018,8.057376256529018,0.0,0.0
2012-03-17,0.0,0.0,8.054113053506724,8.054113053506724,0.0,0.0
2012-03-18,0.0,0.0,2.452003485517744,2.452003485517744,0.0,0.0
2012-03-19,0.0,0.0,0.5575179794364993,0.5575179794364993,0.0,0.0
2012-03-20,0.0,0.0,0.3244858467056082,0.3244858467056082,0.0,0.0
2012-03-21,0.0,0.0,0.6405589361542292,0.6405589361542292,0.0,0.0
2012-03-22,0.0,0.0,0.7768606862834871,0.7768606862834871,0.0,0.0
2012-03-23,0.0,0.0,0.4977293671594516,0.4977293671594516,0.0,0.0
2012-03-24,0.0,0.0,0.5642296992634231,0.5642296992634231,0.0,0.0
2012-03-25,0.0,0.0,1.4684605522759044,1.4684605522759044,0.0,0.0
2012-03-26,0.0,0.0,0.8217899457564697,0.8217899457564697,0.0,0.0
2012-03-27,0.0,0.0,0.5862351195854267,0.5862351195854267,0.0,0.0
2012-03-28,0.0,0.0,0.449603929235176,0.449603929235176,0.0,0.0
2012-03-29,0.0,0.0,0.3571390081419602,0.3571390081419602,0.0,0.0
2012-03-30,0.0,0.0,0.5338500521444083,0.5338500521444083,0.0,0.0
2012-03-31,0.0,0.0,3.2077134075101537,3.2077134075101537,0.0,0.0
2012-04-01,0.0,0.0,1.72637031339844,1.72637031339844,0.0,0.0
2012-04-02,0.0,0.0,0.5660600137752504,0.5660600137752504,0.0,0.0
2012-04-03,0.0,0.0,0.661126243420032,0.661126243420032,0.0,0.0
2012-04-04,0.0,0.0,1.021319298815228,1.021319298815228,0.0,0.0
2012-04-05,0.0,0.0,0.8402810460291295,0.8402810460291295,0.0,0.0
2012-04-06,0.0,0.0,0.6013688334095003,0.6013688334095003,0.0,0.0
2012-04-07,0.0,0.0,0.6584790667955656,0.6584790667955656,0.0,0.0
2012-04-08,0.0,0.0,1.1932539200338246,1.1932539200338246,0.0,0.0
2012-04-09,0.0,0.0,1.6430395184776403,1.6430395184776403,0.0,0.0
2012-04-10,0.0,0.0,1.9135451555997265,1.9135451555997265,0.0,0.0
2012-04-11,0.0,0.0,2.4306409662744333,2.4306409662744333,0.0,0.0
2012-04-12,0.0,0.0,3.675379589083922,3.675379589083922,0.0,0.0
2012-04-13,0.0,0.0,3.596621794002722,3.596621794002722,0.0,0.0
2012-04-14,0.0,0.0,1.2273597226007622,1.2273597226007622,0.0,0.0
2012-04-15,0.0,0.0,0.9283629930930944,0.9283629930930944,0.0,0.0
2012-04-16,0.0,0.0,1.2126588088710295,1.2126588088710295,0.0,0.0
2012-04-17,0.0,0.0,1.8052568688853656,1.8052568688853656,0.0,0.0
2012-04-18,0.0,0.0,2.5522771226406142,2.5522771226406142,0.0,0.0
2012-04-19,0.0,0.0,2.8398514176926426,2.8398514176926426,0.0,0.0
2012-04-20,0.0,0.0,4.034271183336989,4.034271183336989,0.0,0.0
2012-04-21,0.0,0.0,6.755519865683199,6.755519865683199,0.0,0.0
2012-04-22,0.0,0.0,7.64305397522328,7.64305397522328,0.0,0.0
2012-04-23,0.0,0.0,8.534970632538995,8.534970632538995,0.0,0.0
2012-04-24,0.0,0.0,9.531280868142542,9.531280868142542,0.0,0.0
2012-04-25,0.10819487776570463,0.10819487776570463,10.0,10.0,0.0,0.0
2012-04-26,0.11227071222473452,0.11227071222473452,10.0,10.0,0.0,0.0
2012-04-27,0.11264124262066916,0.11264124262066916,10.0,10.0,0.0,0.0
2012-04-28,0.11264124262066916,0.11264124262066916,6.668776723663362,6.668776723663362,0.0,0.0
2012-04-29,0.11301177301660384,0.11301177301660384,6.743902666507194,6.743902666507194,0.0,0.0
2012-04-30,0.11412336423034496,0.11412336423034496,8.006751808441148,8.006751808441148,0.0,0.0
2012-05-01,0.1167170770537619,0.1167170770537619,8.222458556107958,8.222458556107958,0.0,0.0
2012-05-02,0.10367070155197473,0.10367070155197473,8.047757575337528,8.047757575337528,0.0,0.0
2012-05-03,0.1274624587433643,0.1274624587433643,8.041637437933444,8.041637437933444,0.0,0.0
2012-05-04,0.12598033713368853,0.12598033713368853,7.586756510188986,7.586756510188986,0.0,0.0
2012-05-05,0.12523927634181917,0.12523927634181917,7.009989301576471,7.009989301576471,0.0,0.0
2012-05-06,0.12486874591994737,0.12486874591994737,7.190250608602913,7.190250608602913,0.0,0.0
2012-05-07,0.12709192834742963,0.12709192834742963,7.645708507412328,7.645708507412328,0.0,0.0
2012-05-08,0.12635086752962316,0.12635086752962316,8.203041028748945,8.203041028748945,0.0,0.0
2012-05-09,0.12635086752962316,0.12635086752962316,8.26259034909442,8.26259034909442,0.0,0.0
2012-05-10,0.1289445803530401,0.1289445803530401,8.884819766160385,8.884819766160385,0.0,0.0
2012-05-11,0.13116776278052233,0.13116776278052233,9.382195962717706,9.382195962717706,0.0,0.0
2012-05-12,0.13709624924516267,0.13709624924516267,10.0,10.0,0.0,0.0
2012-05-13,0.13968996206857962,0.13968996206857962,10.0,10.0,0.0,0.0
2012-05-14,0.14191314447012474,0.14191314447012474,10.0,10.0,0.0,0.0
2012-05-15,0.14524791811134816,0.14524791811134816,10.0,10.0,0.0,0.0
2012-05-16,0.14673003972102394,0.14673003972102394,9.320579977718811,9.320579977718811,0.0,0.0
2012-05-17,0.14561844850728278,0.14561844850728278,8.486696157765078,8.486696157765078,0.0,0.0
2012-05-18,0.14376579650167234,0.14376579650167234,6.175264644226261,6.175264644226261,0.0,0.0
2012-05-19,0.14710057011695862,0.14710057011695862,5.549676981219268,5.549676981219268,0.0,0.0
2012-05-20,0.14747110053883042,0.14747110053883042,6.009422271175378,6.009422271175378,0.0,0.0
2012-05-21,0.14821216133069975,0.14821216133069975,5.966410214532158,5.966410214532158,0.0,0.0
2012-05-22,0.15043534375818202,0.15043534375818202,4.529241431704782,4.529241431704782,0.0,0.0
2012-05-23,0.15043534375818202,0.15043534375818202,3.7887969389610623,3.7887969389610623,0.0,0.0
2012-05-24,0.14969428294037554,0.14969428294037554,3.3768501622170577,3.3768501622170577,0.0,0.0
2012-05-25,0.1537701173994054,0.1537701173994054,3.121731593775923,3.121731593775923,0.0,0.0
2012-05-26,0.1537701173994054,0.1537701173994054,2.7680444769327615,2.7680444769327615,0.0,0.0
2012-05-27,0.1537701173994054,0.1537701173994054,2.6055166856359424,2.6055166856359424,0.0,0.0
2012-05-28,0.15525223900908122,0.15525223900908122,2.6371719131762483,2.6371719131762483,0.0,0.0
2012-05-29,0.15636383022282235,0.15636383022282235,2.344696061278683,2.344696061278683,0.0,0.0
2012-05-30,0.16340390787526665,0.16340390787526665,2.2206030545058204,2.2206030545058204,0.0,0.0
2012-05-31,0.16451549908900778,0.16451549908900778,2.1163559135768173,2.1163559135768173,0.0,0.0
2012-06-01,0.16822080312616586,0.16822080312616586,1.3913955122175587,1.3913955122175587,0.0,0.0
2012-06-02,0.16673868151649007,0.16673868151649007,1.3056303471949589,1.3056303471949589,0.0,0.0
2012-06-03,0.1685913335221005,0.1685913335221005,1.2356141754040244,1.2356141754040244,0.0,0.0
2012-06-04,0.1489532221485062,0.1489532221485062,2.1382637769808297,2.1382637769808297,0.0,0.0
2012-06-05,0.16488602948494246,0.16488602948494246,1.1966739106617261,1.1966739106617261,0.0,0.0
2012-06-06,0.17414928956486905,0.17414928956486905,0.8911287375626378,0.8911287375626378,0.0,0.0
2012-06-07,0.17489035038267553,0.17489035038267553,0.8460414158003804,0.8460414158003804,0.0,0.0
2012-06-08,0.17414928956486905,0.17414928956486905,0.7871554785358493,0.7871554785358493,0.0,0.0
2012-06-09,0.17340822877299972,0.17340822877299972,0.7221277930976173,0.7221277930976173,0.0,0.0
2012-06-10,0.17377875916893437,0.17377875916893437,0.651742538777105,0.651742538777105,0.0,0.0
2012-06-11,0.17007345513177632,0.17007345513177632,0.62075679357759,0.62075679357759,0.0,0.0
2012-06-12,0.1763724719923513,0.1763724719923513,0.5948587946948859,0.5948587946948859,0.0,0.0
2012-06-13,0.17377875916893437,0.17377875916893437,0.5133092541601352,0.5133092541601352,0.0,0.0
2012-06-14,0.17414928956486905,0.17414928956486905,0.4631187661930799,0.4631187661930799,0.0,0.0
2012-06-15,0.17785459360202713,0.17785459360202713,0.44351810068523156,0.44351810068523156,0.0,0.0
2012-06-16,0.18081883682137867,0.18081883682137867,0.4054802510360883,0.4054802510360883,0.0,0.0
2012-06-17,0.17785459360202713,0.17785459360202713,0.3939320483574241,0.3939320483574241,0.0,0.0
2012-06-18,0.17489035038267553,0.17489035038267553,0.37047243048626666,0.37047243048626666,0.0,0.0
2012-06-19,0.17340822877299972,0.17340822877299972,0.3767244766096321,0.3767244766096321,0.0,0.0
2012-06-20,0.17711353281015776,0.17711353281015776,0.3448025679731602,0.3448025679731602,0.0,0.0
2012-06-21,0.18044830642544402,0.18044830642544402,0.3246495862429592,0.3246495862429592,0.0,0.0
2012-06-22,0.18007777602950936,0.18007777602950936,0.2772577311136811,0.2772577311136811,0.0,0.0
2012-06-23,0.17563141117454487,0.17563141117454487,0.20150002204823844,0.20150002204823844,0.0,0.0
2012-06-24,0.1811893672432505,0.1811893672432505,0.1730382341400786,0.1730382341400786,0.0,0.0
2012-06-25,0.18081883682137867,0.18081883682137867,0.16544254802695113,0.16544254802695113,0.0,0.0
2012-06-26,0.18044830642544402,0.18044830642544402,0.15867177272687316,0.15867177272687316,0.0,0.0
2012-06-27,0.1811893672432505,0.1811893672432505,0.1462413711604936,0.1462413711604936,0.0,0.0
2012-06-28,0.18526520167634325,0.18526520167634325,0.08466448883401206,0.08466448883401206,0.0,0.0
2012-06-29,0.1845241408585368,0.1845241408585368,0.07660352835172107,0.07660352835172107,0.0,0.0
2012-06-30,0.18600626246821259,0.18600626246821259,0.06748801382015293,0.06748801382015293,0.0,0.0
2012-07-01,0.1766226057854703,0.1766226057854703,0.0,0.0,0.0,0.0
2012-07-02,0.1684650977108696,0.1684650977108696,0.0,0.0,0.0,0.0
2012-07-03,0.1557294706408768,0.1557294706408768,0.0,0.0,0.0,0.0
2012-07-04,0.1430473606660067,0.1430473606660067,0.0,0.0,0.0,0.0
2012-07-05,0.1316791349208613,0.1316791349208613,0.0,0.0,0.0,0.0
2012-07-06,0.1219075071740979,0.1219075071740979,0.0,0.0,0.0,0.0
2012-07-07,0.1133455687839406,0.1133455687839406,0.0,0.0,0.0,0.0
2012-07-08,0.105579447523504,0.105579447523504,0.0,0.0,0.0,0.0
2012-07-09,0.0987159489962533,0.0987159489962533,0.0,0.0,0.0,0.0
2012-07-10,0.0926486287531628,0.0926486287531628,0.0,0.0,0.0,0.0
2012-07-11,0.087179000073363,0.087179000073363,0.0,0.0,0.0,0.0
2012-07-12,0.082353379289961,0.082353379289961,0.0,0.0,0.0,0.0
2012-07-13,0.0782917464192918,0.0782917464192918,0.0,0.0,0.0,0.0
2012-07-14,0.0749183095741033,0.0749183095741033,0.0,0.0,0.0,0.0
2012-07-15,0.0720604189807571,0.0720604189807571,0.0,0.0,0.0,0.0
2012-07-16,0.0696304632265169,0.0696304632265169,0.0,0.0,0.0,0.0
2012-07-17,0.0675849929651336,0.0675849929651336,0.0,0.0,0.0,0.0
2012-07-18,0.065996600679725,0.065996600679725,0.0,0.0,0.0,0.0
2012-07-19,0.0730350647802436,0.0730350647802436,0.0,0.0,0.0,0.0
2012-07-20,0.0641212119452016,0.0641212119452016,0.0,0.0,0.0,0.0
2012-07-21,0.0625611679237024,0.0625611679237024,0.0,0.0,0.0,0.0
2012-07-22,0.0612291098176191,0.0612291098176191,0.0,0.0,0.0,0.0
2012-07-23,0.0600629958295181,0.0600629958295181,0.0,0.0,0.0,0.0
2012-07-24,0.0592067599437607,0.0592067599437607,0.0,0.0,0.0,0.0
2012-07-25,0.0583820854517868,0.0583820854517868,0.0,0.0,0.0,0.0
2012-07-26,0.057744305696682,0.057744305696682,0.0,0.0,0.0,0.0
2012-07-27,0.0571665533580741,0.0571665533580741,0.0,0.0,0.0,0.0
2012-07-28,0.0566220425855158,0.0566220425855158,0.0,0.0,0.0,0.0
2012-07-29,0.0561124483674683,0.0561124483674683,0.0,0.0,0.0,0.0
2012-07-30,0.0555800074727763,0.0555800074727763,0.0,0.0,0.0,0.0
2012-07-31,0.0550182282394858,0.0550182282394858,0.0,0.0,0.0,0.0
2012-08-01,0.0580180879584762,0.0580180879584762,0.0,0.0,0.0,0.0
2012-08-02,0.0574987900150672,0.0574987900150672,0.0,0.0,0.0,0.0
2012-08-03,0.056998410962107,0.056998410962107,0.0,0.0,0.0,0.0
2012-08-04,0.0601414159579768,0.0601414159579768,0.0,0.0,0.0,0.0
2012-08-05,0.0561833182100472,0.0561833182100472,0.0,0.0,0.0,0.0
2012-08-06,0.0557803016740002,0.0557803016740002,0.0,0.0,0.0,0.0
2012-08-07,0.0553788725120747,0.0553788725120747,0.0,0.0,0.0,0.0
2012-08-08,0.0549907224087276,0.0549907224087276,0.0,0.0,0.0,0.0
2012-08-09,0.056948485539837,0.056948485539837,0.0,0.0,0.0,0.0
2012-08-10,0.0542678877197713,0.0542678877197713,0.0,0.0,0.0,0.0
2012-08-11,0.0539294422616356,0.0539294422616356,0.0,0.0,0.0,0.0
2012-08-12,0.053611524180071,0.053611524180071,0.0,0.0,0.0,0.0
2012-08-13,0.0533273943987582,0.0533273943987582,0.0,0.0,0.0,0.0
2012-08-14,0.0600273831759509,0.0600273831759509,0.0,0.0,0.0,0.0
2012-08-15,0.0637641712732304,0.0637641712732304,0.0,0.0,0.0,0.0
2012-08-16,0.0526907397150279,0.0526907397150279,0.0,0.0,0.0,0.0
2012-08-17,0.0543653571053921,0.0543653571053921,0.0,0.0,0.0,0.0
2012-08-18,0.0532176691586864,0.0532176691586864,0.0,0.0,0.0,0.0
2012-08-19,0.0521835488814005,0.0521835488814005,0.0,0.0,0.0,0.0
2012-08-20,0.0520114305918355,0.0520114305918355,0.0,0.0,0.0,0.0
2012-08-21,0.0540598337664549,0.0540598337664549,0.0,0.0,0.0,0.0
2012-08-22,0.0518226500353663,0.0518226500353663,0.0,0.0,0.0,0.0
2012-08-23,0.0515958410373195,0.0515958410373195,0.0,0.0,0.0,0.0
2012-08-24,0.0514709115094043,0.0514709115094043,0.0,0.0,0.0,0.0
2012-08-25,0.0513456881810009,0.0513456881810009,0.0,0.0,0.0,0.0
2012-08-26,0.0512282291922987,0.0512282291922987,0.0,0.0,0.0,0.0
2012-08-27,0.0511325822935566,0.0511325822935566,0.0,0.0,0.0,0.0
2012-08-28,0.0510469891681483,0.0510469891681483,0.0,0.0,0.0,0.0
2012-08-29,0.0509538970086577,0.0509538970086577,0.0,0.0,0.0,0.0
2012-08-30,0.0508582213418737,0.0508582213418737,0.0,0.0,0.0,0.0
2012-08-31,0.0507672504233343,0.0507672504233343,0.0,0.0,0.0,0.0
2012-09-01,0.0713529851983705,0.0713529851983705,0.0,0.0,0.0,0.0
2012-09-02,0.07127370521285,0.07127370521285,0.0,0.0,0.0,0.0
2012-09-03,0.0711932202304031,0.0711932202304031,0.0,0.0,0.0,0.0
2012-09-04,0.0711053279521964,0.0711053279521964,0.0,0.0,0.0,0.0
2012-09-05,0.0879466623796516,0.0879466623796516,0.0,0.0,0.0,0.0
2012-09-06,0.0714837193869901,0.0714837193869901,0.0,0.0,0.0,0.0
2012-09-07,0.0708482184345651,0.0708482184345651,0.0,0.0,0.0,0.0
2012-09-08,0.0707998475529634,0.0707998475529634,0.0,0.0,0.0,0.0
2012-09-09,0.0707369493870884,0.0707369493870884,0.0,0.0,0.0,0.0
2012-09-10,0.0706482042580186,0.0706482042580186,0.0,0.0,0.0,0.0
2012-09-11,0.0705768521516813,0.0705768521516813,0.0,0.0,0.0,0.0
2012-09-12,0.0705136649426202,0.0705136649426202,0.0,0.0,0.0,0.0
2012-09-13,0.0704566769033983,0.0704566769033983,0.0,0.0,0.0,0.0
2012-09-14,0.0703995638909671,0.0703995638909671,0.0,0.0,0.0,0.0
2012-09-15,0.070340744132944,0.070340744132944,0.0,0.0,0.0,0.0
2012-09-16,0.0702829289972865,0.0702829289972865,0.0,0.0,0.0,0.0
2012-09-17,0.0702287719233112,0.0702287719233112,0.0,0.0,0.0,0.0
2012-09-18,0.0701785713765992,0.0701785713765992,0.0,0.0,0.0,0.0
2012-09-19,0.0701297800912077,0.0701297800912077,0.0,0.0,0.0,0.0
2012-09-20,0.0700818162117872,0.0700818162117872,0.0,0.0,0.0,0.0
2012-09-21,0.0700355441602327,0.0700355441602327,0.0,0.0,0.0,0.0
2012-09-22,0.0699916011901574,0.0699916011901574,0.0,0.0,0.0,0.0
2012-09-23,0.0699506574393531,0.0699506574393531,0.0,0.0,0.0,0.0
2012-09-24,0.0699127877825045,0.0699127877825045,0.0,0.0,0.0,0.0
2012-09-25,0.0698788036066201,0.0698788036066201,0.0,0.0,0.0,0.0
2012-09-26,0.0698477758939646,0.0698477758939646,0.0,0.0,0.0,0.0
2012-09-27,0.0698165687354461,0.0698165687354461,0.0,0.0,0.0,0.0
2012-09-28,0.0697827099285288,0.0697827099285288,0.0,0.0,0.0,0.0
2012-09-29,0.0697483242250674,0.0697483242250674,0.0,0.0,0.0,0.0
2012-09-30,0.06928918541445069,0.06928918541445069,0.00042504389669231757,0.00042504389669231757,0.0,0.0
