node,MID Northside,MID Northside,MID Main,MID Main
IFRs,Baseline,natural_flow,Baseline,natural_flow
Date,,,,
1990-10-01,0.07632926309283213,0.07632926309283213,1.177552612851424,1.177552612851424
1990-10-02,0.07632926309283213,0.07632926309283213,1.806776158068573,1.806776158068573
1990-10-03,0.068918655018516,0.068918655018516,1.8972345143829217,1.8972345143829217
1990-10-04,0.07114183744599828,0.07114183744599828,1.7191072664888425,1.7191072664888425
1990-10-05,0.06854812462258134,0.06854812462258134,1.7111373671275278,1.7111373671275278
1990-10-06,0.06410175976761681,0.06410175976761681,1.6963930534904106,1.6963930534904106
1990-10-07,0.0644722901894886,0.0644722901894886,1.6410022539195328,1.6410022539195328
1990-10-08,0.07077130705006361,0.07077130705006361,1.6481751633168211,1.6481751633168211
1990-10-09,0.06743653340884022,0.06743653340884022,1.6505661329299535,1.6505661329299535
1990-10-10,0.06669547259103374,0.06669547259103374,1.6071301819826278,1.6071301819826278
1990-10-11,0.06410175976761681,0.06410175976761681,1.591190383538945,1.591190383538945
1990-10-12,0.06150804694419988,0.06150804694419988,1.5605062714581446,1.5605062714581446
1990-10-13,0.047057361217439427,0.047057361217439427,1.1297332175203745,1.1297332175203745
1990-10-14,0.046316300425570084,0.046316300425570084,1.057605629262841,1.057605629262841
1990-10-15,0.044834178815894285,0.044834178815894285,1.0512297101085248,1.0512297101085248
1990-10-16,0.04557523960776363,0.04557523960776363,1.0038088096200153,1.0038088096200153
1990-10-17,0.045945770003698296,0.045945770003698296,0.9336736961330739,0.9336736961330739
1990-10-18,0.04001728356499509,0.04001728356499509,0.883463330909946,0.883463330909946
1990-10-19,0.04001728356499509,0.04001728356499509,0.8412228650481329,0.8412228650481329
1990-10-20,0.0444636483940225,0.0444636483940225,0.845207814589317,0.845207814589317
1990-10-21,0.04742789163931123,0.04742789163931123,0.8121327326164387,0.8121327326164387
1990-10-22,0.03964675316906043,0.03964675316906043,0.6108927768813875,0.6108927768813875
1990-10-23,0.04001728356499509,0.04001728356499509,0.7005541432317101,0.7005541432317101
1990-10-24,0.038164631533447506,0.038164631533447506,0.8436138346612649,0.8436138346612649
1990-10-25,0.03779410113751284,0.03779410113751284,0.6603061521404892,0.6603061521404892
1990-10-26,0.045204709211828974,0.045204709211828974,0.7017496283172225,0.7017496283172225
1990-10-27,0.04038781396092977,0.04038781396092977,0.6750504657776065,0.6750504657776065
1990-10-28,0.0370530403456435,0.0370530403456435,0.5666598359700361,0.5666598359700361
1990-10-29,0.03742357074157816,0.03742357074157816,0.4710210453079374,0.4710210453079374
1990-10-30,0.03557091871003057,0.03557091871003057,0.1685633689673424,0.1685633689673424
1990-10-31,0.0073488529988167345,0.0073488529988167345,0.12911236772856907,0.12911236772856907
1990-11-01,0.006484282058542328,0.006484282058542328,0.091122514673493,0.091122514673493
1990-11-02,0.006484282058542328,0.006484282058542328,0.091122514673493,0.091122514673493
1990-11-03,0.007040077662819179,0.007040077662819179,0.1120435001831296,0.1120435001831296
1990-11-04,0.009263260082520305,0.009263260082520305,0.15421755034013293,0.15421755034013293
1990-11-05,0.009263260082520305,0.009263260082520305,0.15421755034013293,0.15421755034013293
1990-11-06,0.008892729681398212,0.008892729681398212,0.16099196467172458,0.16099196467172458
1990-11-07,0.007781138470250793,0.007781138470250793,0.16099196467172458,0.16099196467172458
1990-11-08,0.007781138470250793,0.007781138470250793,0.16099196467172458,0.16099196467172458
1990-11-09,0.007781138470250793,0.007781138470250793,0.1605934697176062,0.1605934697176062
1990-11-10,0.007781138470250793,0.007781138470250793,0.11855225122127387,0.11855225122127387
1990-11-11,0.007781138470250793,0.007781138470250793,0.11855225122127387,0.11855225122127387
1990-11-12,0.007781138470250793,0.007781138470250793,0.11855225122127387,0.11855225122127387
1990-11-13,0.007781138470250793,0.007781138470250793,0.1152978756882544,0.1152978756882544
1990-11-14,0.0073488529988167345,0.0073488529988167345,0.11297332175203743,0.11297332175203743
1990-11-15,0.01469770600022718,0.01469770600022718,0.11297332175203743,0.11297332175203743
1990-11-16,0.009510280353393318,0.009510280353393318,0.11297332175203743,0.11297332175203743
1990-11-17,0.009510280353393318,0.009510280353393318,0.11297332175203743,0.11297332175203743
1990-11-18,0.006051996587108269,0.006051996587108269,0.11390314332094531,0.11390314332094531
1990-11-19,0.006051996587108269,0.006051996587108269,0.11483296491774782,0.11483296491774782
1990-11-20,0.005619711118267921,0.005619711118267921,0.11390314332094531,0.11390314332094531
1990-11-21,0.005619711118267921,0.005619711118267921,0.11390314332094531,0.11390314332094531
1990-11-22,0.005619711118267921,0.005619711118267921,0.11390314332094531,0.11390314332094531
1990-11-23,0.005187425646833862,0.005187425646833862,0.11483296491774782,0.11483296491774782
1990-11-24,0.005187425646833862,0.005187425646833862,0.11390314332094531,0.11390314332094531
1990-11-25,0.005557956050549668,0.005557956050549668,0.11297332175203743,0.11297332175203743
1990-11-26,0.005557956050549668,0.005557956050549668,0.11297332175203743,0.11297332175203743
1990-11-27,0.0044463648394022495,0.0044463648394022495,0.11297332175203743,0.11297332175203743
1990-11-28,0.0044463648394022495,0.0044463648394022495,0.11250841095363621,0.11250841095363621
1990-11-29,0.0014821216122695123,0.0014821216122695123,0.11250841095363621,0.11250841095363621
1990-11-30,0.0011115912111474189,0.0011115912111474189,0.053557722904669605,0.053557722904669605
1990-12-01,0.0011115912111474189,0.0011115912111474189,0.04797879343543318,0.04797879343543318
1990-12-02,0.0011115912111474189,0.0011115912111474189,0.04853668638235682,0.04853668638235682
1990-12-03,0.0011115912111474189,0.0011115912111474189,0.04853668638235682,0.04853668638235682
1990-12-04,0.0007410608074316124,0.0007410608074316124,0.03858759548625367,0.03858759548625367
1990-12-05,0.0007410608074316124,0.0007410608074316124,0.03951741708305617,0.03951741708305617
1990-12-06,0.0007410608074316124,0.0007410608074316124,0.04742090048850955,0.04742090048850955
1990-12-07,0.0007410608074316124,0.0007410608074316124,0.04797879343543318,0.04797879343543318
1990-12-08,0.0007410608074316124,0.0007410608074316124,0.045189328700814976,0.045189328700814976
1990-12-09,0.0007410608074316124,0.0007410608074316124,0.045189328700814976,0.045189328700814976
1990-12-10,0.0007410608074316124,0.0007410608074316124,0.045189328700814976,0.045189328700814976
1990-12-11,0.0007410608074316124,0.0007410608074316124,0.045189328700814976,0.045189328700814976
1990-12-12,0.0007410608074316124,0.0007410608074316124,0.04686300754158589,0.04686300754158589
1990-12-13,0.0018526520159853187,0.0018526520159853187,0.04630511459466227,0.04630511459466227
1990-12-14,0.0022231824197011247,0.0022231824197011247,0.04686300754158589,0.04686300754158589
1990-12-15,0.0022231824197011247,0.0022231824197011247,0.05369719614140051,0.05369719614140051
1990-12-16,0.0022231824197011247,0.0022231824197011247,0.05369719614140051,0.05369719614140051
1990-12-17,0.0022231824197011247,0.0022231824197011247,0.05369719614140051,0.05369719614140051
1990-12-18,0.0008645709402744061,0.0008645709402744061,0.027336754399258447,0.027336754399258447
1990-12-19,0.0008645709402744061,0.0008645709402744061,0.04742090048850955,0.04742090048850955
1990-12-20,0.0008645709402744061,0.0008645709402744061,0.04742090048850955,0.04742090048850955
1990-12-21,0.0008645709402744061,0.0008645709402744061,0.04742090048850955,0.04742090048850955
1990-12-22,0.0008645709402744061,0.0008645709402744061,0.05299982995774596,0.05299982995774596
1990-12-23,0.0008645709402744061,0.0008645709402744061,0.05369719614140051,0.05369719614140051
1990-12-24,0.0008645709402744061,0.0008645709402744061,0.05439456232505507,0.05439456232505507
1990-12-25,0.0005187425646833863,0.0005187425646833863,0.05439456232505507,0.05439456232505507
1990-12-26,0.0005187425646833863,0.0005187425646833863,0.05439456232505507,0.05439456232505507
1990-12-27,0.003025998294850991,0.003025998294850991,0.05439456232505507,0.05439456232505507
1990-12-28,0.003025998294850991,0.003025998294850991,0.05648666087601872,0.05648666087601872
1990-12-29,0.003112455388100317,0.003112455388100317,0.05369719614140051,0.05369719614140051
1990-12-30,0.003112455388100317,0.003112455388100317,0.04965247227620411,0.04965247227620411
1990-12-31,0.003112455388100317,0.003112455388100317,0.04909457932928048,0.04909457932928048
1991-01-01,0.0034582837636913367,0.0034582837636913367,0.04909457932928048,0.04909457932928048
1991-01-02,0.003025998294850991,0.003025998294850991,0.04965247227620411,0.04965247227620411
1991-01-03,0.003025998294850991,0.003025998294850991,0.04965247227620411,0.04965247227620411
1991-01-04,0.0036311979527837036,0.0036311979527837036,0.04965247227620411,0.04965247227620411
1991-01-05,0.0034582837636913367,0.0034582837636913367,0.04965247227620411,0.04965247227620411
1991-01-06,0.0034582837636913367,0.0034582837636913367,0.049512999039473204,0.049512999039473204
1991-01-07,0.0034582837636913367,0.0034582837636913367,0.049512999039473204,0.049512999039473204
1991-01-08,0.0034582837636913367,0.0034582837636913367,0.049512999039473204,0.049512999039473204
1991-01-09,0.002593712823416931,0.002593712823416931,0.04630511459466227,0.04630511459466227
1991-01-10,0.0021614273519828717,0.0021614273519828717,0.04574722164773862,0.04574722164773862
1991-01-11,0.0021614273519828717,0.0021614273519828717,0.04574722164773862,0.04574722164773862
1991-01-12,0.0021614273519828717,0.0021614273519828717,0.04686300754158589,0.04686300754158589
1991-01-13,0.0021614273519828717,0.0021614273519828717,0.04630511459466227,0.04630511459466227
1991-01-14,0.0021614273519828717,0.0021614273519828717,0.04797879343543318,0.04797879343543318
1991-01-15,0.0021614273519828717,0.0021614273519828717,0.04797879343543318,0.04797879343543318
1991-01-16,0.0021614273519828717,0.0021614273519828717,0.04909457932928048,0.04909457932928048
1991-01-17,0.0021614273519828717,0.0021614273519828717,0.05076825817005139,0.05076825817005139
1991-01-18,0.0021614273519828717,0.0021614273519828717,0.04965247227620411,0.04965247227620411
1991-01-19,0.0021614273519828717,0.0021614273519828717,0.04965247227620411,0.04965247227620411
1991-01-20,0.0021614273519828717,0.0021614273519828717,0.04909457932928048,0.04909457932928048
1991-01-21,0.0021614273519828717,0.0021614273519828717,0.04686300754158589,0.04686300754158589
1991-01-22,0.0018526520159853187,0.0018526520159853187,0.04742090048850955,0.04742090048850955
1991-01-23,0.0018526520159853187,0.0018526520159853187,0.04742090048850955,0.04742090048850955
1991-01-24,0.0021614273519828717,0.0021614273519828717,0.04686300754158589,0.04686300754158589
1991-01-25,0.0021614273519828717,0.0021614273519828717,0.04686300754158589,0.04686300754158589
1991-01-26,0.0021614273519828717,0.0021614273519828717,0.04742090048850955,0.04742090048850955
1991-01-27,0.0021614273519828717,0.0021614273519828717,0.04797879343543318,0.04797879343543318
1991-01-28,0.0021614273519828717,0.0021614273519828717,0.04909457932928048,0.04909457932928048
1991-01-29,0.0021614273519828717,0.0021614273519828717,0.04630511459466227,0.04630511459466227
1991-01-30,0.002593712823416931,0.002593712823416931,0.04742090048850955,0.04742090048850955
1991-01-31,0.002593712823416931,0.002593712823416931,0.04630511459466227,0.04630511459466227
1991-02-01,0.002593712823416931,0.002593712823416931,0.04574722164773862,0.04574722164773862
1991-02-02,0.002593712823416931,0.002593712823416931,0.04574722164773862,0.04574722164773862
1991-02-03,0.002593712823416931,0.002593712823416931,0.04630511459466227,0.04630511459466227
1991-02-04,0.002593712823416931,0.002593712823416931,0.04630511459466227,0.04630511459466227
1991-02-05,0.002593712823416931,0.002593712823416931,0.04742090048850955,0.04742090048850955
1991-02-06,0.002593712823416931,0.002593712823416931,0.04742090048850955,0.04742090048850955
1991-02-07,0.002593712823416931,0.002593712823416931,0.04742090048850955,0.04742090048850955
1991-02-08,0.002593712823416931,0.002593712823416931,0.04742090048850955,0.04742090048850955
1991-02-09,0.002593712823416931,0.002593712823416931,0.04239986396619677,0.04239986396619677
1991-02-10,0.002593712823416931,0.002593712823416931,0.05634718763928781,0.05634718763928781
1991-02-11,0.002593712823416931,0.002593712823416931,0.05690508058621145,0.05690508058621145
1991-02-12,0.002593712823416931,0.002593712823416931,0.05690508058621145,0.05690508058621145
1991-02-13,0.002593712823416931,0.002593712823416931,0.05690508058621145,0.05690508058621145
1991-02-14,0.002593712823416931,0.002593712823416931,0.0602524382677533,0.0602524382677533
1991-02-15,0.002593712823416931,0.002593712823416931,0.0602524382677533,0.0602524382677533
1991-02-16,0.0038905692351253966,0.0038905692351253966,0.05969454532082966,0.05969454532082966
1991-02-17,0.0038905692351253966,0.0038905692351253966,0.06764451981449154,0.06764451981449154
1991-02-18,0.0038905692351253966,0.0038905692351253966,0.06764451981449154,0.06764451981449154
1991-02-19,0.0038905692351253966,0.0038905692351253966,0.06764451981449154,0.06764451981449154
1991-02-20,0.0038905692351253966,0.0038905692351253966,0.06694715363083702,0.06694715363083702
1991-02-21,0.0038905692351253966,0.0038905692351253966,0.06694715363083702,0.06694715363083702
1991-02-22,0.0038905692351253966,0.0038905692351253966,0.06764451981449154,0.06764451981449154
1991-02-23,0.0021614273519828717,0.0021614273519828717,0.16625209818324524,0.16625209818324524
1991-02-24,0.0021614273519828717,0.0021614273519828717,0.16513631228939796,0.16513631228939796
1991-02-25,0.0021614273519828717,0.0021614273519828717,0.16513631228939796,0.16513631228939796
1991-02-26,0.0021614273519828717,0.0021614273519828717,0.16513631228939796,0.16513631228939796
1991-02-27,0.0021614273519828717,0.0021614273519828717,0.0641576888962188,0.0641576888962188
1991-02-28,0.0029642432271327376,0.0029642432271327376,0.0641576888962188,0.0641576888962188
1991-03-01,0.0029642432271327376,0.0029642432271327376,0.14133287989662077,0.14133287989662077
1991-03-02,0.002593712823416931,0.002593712823416931,0.299030619551072,0.299030619551072
1991-03-03,0.002593712823416931,0.002593712823416931,0.5188404406389868,0.5188404406389868
1991-03-04,0.002593712823416931,0.002593712823416931,0.6895556823976211,0.6895556823976211
1991-03-05,0.0029642432271327376,0.0029642432271327376,0.7397660476207489,0.7397660476207489
1991-03-06,0.0170443985527711,0.0170443985527711,0.7380923687799781,0.7380923687799781
1991-03-07,0.01963811137618803,0.01963811137618803,0.7397660476207489,0.7397660476207489
1991-03-08,0.019267580975065937,0.019267580975065937,0.8513446370054771,0.8513446370054771
1991-03-09,0.018897050571350132,0.018897050571350132,0.9679442629125183,0.9679442629125183
1991-03-10,0.018897050571350132,0.018897050571350132,0.9690600488063655,0.9690600488063655
1991-03-11,0.020008641779903837,0.020008641779903837,0.9657126911248237,0.9657126911248237
1991-03-12,0.02037917218361964,0.02037917218361964,0.9082497175916886,0.9082497175916886
1991-03-13,0.02334341541075238,0.02334341541075238,0.9155023259016961,0.9155023259016961
1991-03-14,0.023713945814468188,0.023713945814468188,0.8228920967123715,0.8228920967123715
1991-03-15,0.02334341541075238,0.02334341541075238,0.893093625959912,0.893093625959912
1991-03-16,0.02704871944791044,0.02704871944791044,0.8935585365630506,0.8935585365630506
1991-03-17,0.02741924984384511,0.02741924984384511,0.8470674578387115,0.8470674578387115
1991-03-18,0.02223182419960496,0.02223182419960496,0.8991374660322871,0.8991374660322871
1991-03-19,0.018897050571350132,0.018897050571350132,0.7833746795456316,0.7833746795456316
1991-03-20,0.018526520167634324,0.018526520167634324,0.7322344928372798,0.7322344928372798
1991-03-21,0.02223182419960496,0.02223182419960496,0.6280280601316367,0.6280280601316367
1991-03-22,0.02853084105758624,0.02853084105758624,0.8300650061096603,0.8300650061096603
1991-03-23,0.03408879710035477,0.03408879710035477,1.0484402453739063,1.0484402453739063
1991-03-24,0.03779410113751284,0.03779410113751284,1.0695604781653398,1.0695604781653398
1991-03-25,0.038164631533447506,0.038164631533447506,1.0898837212716934,1.0898837212716934
1991-03-26,0.04409311799808782,0.04409311799808782,1.072349942899958,1.072349942899958
1991-03-27,0.04261099638841203,0.04261099638841203,1.0328989417727632,1.0328989417727632
1991-03-28,0.040758344356864436,0.040758344356864436,1.096259640704956,1.096259640704956
1991-03-29,0.038164631533447506,0.038164631533447506,1.1078159944859687,1.1078159944859687
1991-03-30,0.0414994051746709,0.0414994051746709,1.3445220020859763,1.3445220020859763
1991-03-31,0.0414994051746709,0.0414994051746709,1.2074397352471444,1.2074397352471444
1991-04-01,0.08688937958446719,0.08688937958446719,1.5816265045285243,1.5816265045285243
1991-04-02,0.06873338982054866,0.06873338982054866,1.54117926587656,1.54117926587656
1991-04-03,0.06873338982054866,0.06873338982054866,1.3738113817994677,1.3738113817994677
1991-04-04,0.07392081546738254,0.07392081546738254,1.3556798610244494,1.3556798610244494
1991-04-05,0.07521767187909101,0.07521767187909101,1.376600846534086,1.376600846534086
1991-04-06,0.07262395905567408,0.07262395905567408,1.376600846534086,1.376600846534086
1991-04-07,0.07262395905567408,0.07262395905567408,1.4658637180418685,1.4658637180418685
1991-04-08,0.07262395905567408,0.07262395905567408,1.4895741682861232,1.4895741682861232
1991-04-09,0.06484282058542327,0.06484282058542327,1.2580485953128122,1.2580485953128122
1991-04-10,0.07781138470250792,0.07781138470250792,1.1687857238050294,1.1687857238050294
1991-04-11,0.08040509752592487,0.08040509752592487,1.2022593006204478,1.2022593006204478
1991-04-12,0.09207680523130105,0.09207680523130105,1.1966803711512115,1.1966803711512115
1991-04-13,0.07651452829079947,0.07651452829079947,1.2608380600474303,1.2608380600474303
1991-04-14,0.07651452829079947,0.07651452829079947,1.0809175846645558,1.0809175846645558
1991-04-15,0.06484282058542327,0.06484282058542327,0.9777073894836822,0.9777073894836822
1991-04-16,0.06484282058542327,0.06484282058542327,1.0530229373183737,1.0530229373183737
1991-04-17,0.06484282058542327,0.06484282058542327,1.0864965141337921,1.0864965141337921
1991-04-18,0.06484282058542327,0.06484282058542327,1.108812232010738,1.108812232010738
1991-04-19,0.0829988103493418,0.0829988103493418,1.1604173296011746,1.1604173296011746
1991-04-20,0.0829988103493418,0.0829988103493418,1.350100931555213,1.350100931555213
1991-04-21,0.08429566676105026,0.08429566676105026,1.4561005914707046,1.4561005914707046
1991-04-22,0.0907799488195926,0.0907799488195926,1.5899948987323789,1.5899948987323789
1991-04-23,0.09207680523130105,0.09207680523130105,1.630442137384343,1.630442137384343
1991-04-24,0.10374851293667725,0.10374851293667725,1.7699153741152531,1.7699153741152531
1991-04-25,0.10374851293667725,0.10374851293667725,1.846625654317254,1.846625654317254
1991-04-26,0.10115480011326032,0.10115480011326032,1.896836019540382,1.896836019540382
1991-04-27,0.10374851293667725,0.10374851293667725,2.376623953894714,2.376623953894714
1991-04-28,0.10245165652496876,0.10245165652496876,2.376623953894714,2.376623953894714
1991-04-29,0.0972642308781349,0.0972642308781349,2.2678348292446033,2.2678348292446033
1991-04-30,0.07651452829079947,0.07651452829079947,2.1562562398598755,2.1562562398598755
1991-05-01,0.07781138470250792,0.07781138470250792,2.1562562398598755,2.1562562398598755
1991-05-02,0.06484282058542327,0.06484282058542327,2.016783003128965,2.016783003128965
1991-05-03,0.06484282058542327,0.06484282058542327,1.6680999113016888,1.6680999113016888
1991-05-04,0.06354596417371482,0.06354596417371482,1.577442307426597,1.577442307426597
1991-05-05,0.06354596417371482,0.06354596417371482,1.3821797760033223,1.3821797760033223
1991-05-06,0.06354596417371482,0.06354596417371482,1.4337848735937593,1.4337848735937593
1991-05-07,0.06484282058542327,0.06484282058542327,1.4658637180418685,1.4658637180418685
1991-05-08,0.07003024623225713,0.07003024623225713,1.8257046688076173,1.8257046688076173
1991-05-09,0.06873338982054866,0.06873338982054866,2.3710450244254773,2.3710450244254773
1991-05-10,0.07003024623225713,0.07003024623225713,2.527255049564097,2.527255049564097
1991-05-11,0.07132710264396559,0.07132710264396559,2.596991667929552,2.596991667929552
1991-05-12,0.0907799488195926,0.0907799488195926,2.590018006093007,2.590018006093007
1991-05-13,0.10374851293667725,0.10374851293667725,2.384992348098568,2.384992348098568
1991-05-14,0.1089359385835111,0.1089359385835111,2.5188866553602423,2.5188866553602423
1991-05-15,0.11152965140692804,0.11152965140692804,2.8633855500855905,2.8633855500855905
1991-05-16,0.12320135911230422,0.12320135911230422,3.140937291180103,3.140937291180103
1991-05-17,0.12320135911230422,0.12320135911230422,3.2790157955437045,3.2790157955437045
1991-05-18,0.11282650781863648,0.11282650781863648,3.542620212965125,3.542620212965125
1991-05-19,0.11282650781863648,0.11282650781863648,3.542620212965125,3.542620212965125
1991-05-20,0.11152965140692804,0.11152965140692804,3.6904618438998895,3.6904618438998895
1991-05-21,0.11282650781863648,0.11282650781863648,4.044723865196402,4.044723865196402
1991-05-22,0.14006049246451427,0.14006049246451427,3.9331452758116736,3.9331452758116736
1991-05-23,0.14006049246451427,0.14006049246451427,3.6263041550036705,3.6263041550036705
1991-05-24,0.14135734887622275,0.14135734887622275,3.6263041550036705,3.6263041550036705
1991-05-25,0.14135734887622275,0.14135734887622275,3.5119361008843244,3.5119361008843244
1991-05-26,0.14913848734647353,0.14913848734647353,3.6249094226363616,3.6249094226363616
1991-05-27,0.14654477452305661,0.14654477452305661,3.6514093376152346,3.6514093376152346
1991-05-28,0.14913848734647353,0.14913848734647353,3.6514093376152346,3.6514093376152346
1991-05-29,0.15173220016989047,0.15173220016989047,3.6918565762671993,3.6918565762671993
1991-05-30,0.14913848734647353,0.14913848734647353,3.7183564912460723,3.7183564912460723
1991-05-31,0.15173220016989047,0.15173220016989047,3.828540348263491,3.828540348263491
1991-06-01,0.15173220016989047,0.15173220016989047,3.894092769527019,3.894092769527019
1991-06-02,0.13357621040597195,0.13357621040597195,3.9708030497290205,3.9708030497290205
1991-06-03,0.14913848734647353,0.14913848734647353,3.894092769527019,3.894092769527019
1991-06-04,0.14524791811134816,0.14524791811134816,3.793672039080764,3.793672039080764
1991-06-05,0.14524791811134816,0.14524791811134816,3.83132981299811,3.83132981299811
1991-06-06,0.1582164822284328,0.1582164822284328,3.5788832545151616,3.5788832545151616
1991-06-07,0.15173220016989047,0.15173220016989047,3.3445682168072324,3.3445682168072324
1991-06-08,0.15173220016989047,0.15173220016989047,3.3445682168072324,3.3445682168072324
1991-06-09,0.15173220016989047,0.15173220016989047,3.2162528390147944,3.2162528390147944
1991-06-10,0.15173220016989047,0.15173220016989047,3.177200332730139,3.177200332730139
1991-06-11,0.15173220016989047,0.15173220016989047,3.3543313433783957,3.3543313433783957
1991-06-12,0.14913848734647353,0.14913848734647353,3.5788832545151616,3.5788832545151616
1991-06-13,0.1659976206986836,0.1659976206986836,3.7657773917345816,3.7657773917345816
1991-06-14,0.1647007642869751,0.1647007642869751,3.7657773917345816,3.7657773917345816
1991-06-15,0.16340390787526665,0.16340390787526665,3.7657773917345816,3.7657773917345816
1991-06-16,0.15562276940501585,0.15562276940501585,3.6541988023498533,3.6541988023498533
1991-06-17,0.15562276940501585,0.15562276940501585,3.54959387480167,3.54959387480167
1991-06-18,0.15691962581672436,0.15691962581672436,3.7281196178172356,3.7281196178172356
1991-06-19,0.15562276940501585,0.15562276940501585,3.7197512236133807,3.7197512236133807
1991-06-20,0.15562276940501585,0.15562276940501585,3.8006457009173085,3.8006457009173085
1991-06-21,0.1543259129933074,0.1543259129933074,4.007066091279056,4.007066091279056
1991-06-22,0.16340390787526665,0.16340390787526665,4.044723865196402,4.044723865196402
1991-06-23,0.1647007642869751,0.1647007642869751,4.044723865196402,4.044723865196402
1991-06-24,0.16210705146355817,0.16210705146355817,3.895487501894328,3.895487501894328
1991-06-25,0.16210705146355817,0.16210705146355817,3.9708030497290205,3.9708030497290205
1991-06-26,0.17118504634551746,0.17118504634551746,4.01682921785022,4.01682921785022
1991-06-27,0.17118504634551746,0.17118504634551746,4.11027628645993,4.11027628645993
1991-06-28,0.15951333864014125,0.15951333864014125,4.156302454581131,4.156302454581131
1991-06-29,0.15302905658159893,0.15302905658159893,4.082381639113748,4.082381639113748
1991-06-30,0.16340390787526665,0.16340390787526665,4.193960228498476,4.193960228498476
1991-07-01,0.16340390787526665,0.16340390787526665,4.146539328009967,4.146539328009967
1991-07-02,0.16340390787526665,0.16340390787526665,4.184197101927313,4.184197101927313
1991-07-03,0.16340390787526665,0.16340390787526665,4.166065581152294,4.166065581152294
1991-07-04,0.16340390787526665,0.16340390787526665,4.023802879686765,4.023802879686765
1991-07-05,0.16340390787526665,0.16340390787526665,4.034960738625238,4.034960738625238
1991-07-06,0.16340390787526665,0.16340390787526665,4.034960738625238,4.034960738625238
1991-07-07,0.15951333864014125,0.15951333864014125,3.894092769527019,3.894092769527019
1991-07-08,0.15691962581672436,0.15691962581672436,4.03356600625793,4.03356600625793
1991-07-09,0.16729447711039205,0.16729447711039205,4.117249948296475,4.117249948296475
1991-07-10,0.17248190275722594,0.17248190275722594,4.03356600625793,4.03356600625793
1991-07-11,0.1685913335221005,0.1685913335221005,3.894092769527019,3.894092769527019
1991-07-12,0.16340390787526665,0.16340390787526665,3.894092769527019,3.894092769527019
1991-07-13,0.16340390787526665,0.16340390787526665,3.9708030497290205,3.9708030497290205
1991-07-14,0.1543259129933074,0.1543259129933074,3.942908402382838,3.942908402382838
1991-07-15,0.15951333864014125,0.15951333864014125,3.942908402382838,3.942908402382838
1991-07-16,0.16340390787526665,0.16340390787526665,4.0363554709925475,4.0363554709925475
1991-07-17,0.16081019505184974,0.16081019505184974,4.082381639113748,4.082381639113748
1991-07-18,0.16340390787526665,0.16340390787526665,4.11027628645993,4.11027628645993
1991-07-19,0.1647007642869751,0.1647007642869751,4.184197101927313,4.184197101927313
1991-07-20,0.16081019505184974,0.16081019505184974,4.184197101927313,4.184197101927313
1991-07-21,0.169888189933809,0.169888189933809,4.092144765684911,4.092144765684911
1991-07-22,0.16729447711039205,0.16729447711039205,4.20511808743695,4.20511808743695
1991-07-23,0.16729447711039205,0.16729447711039205,4.202328622702331,4.202328622702331
1991-07-24,0.16729447711039205,0.16729447711039205,4.192565496131167,4.192565496131167
1991-07-25,0.1659976206986836,0.1659976206986836,4.266486311598549,4.266486311598549
1991-07-26,0.16729447711039205,0.16729447711039205,4.304144085515896,4.304144085515896
1991-07-27,0.16729447711039205,0.16729447711039205,4.122828877765713,4.122828877765713
1991-07-28,0.16340390787526665,0.16340390787526665,4.021013414952148,4.021013414952148
1991-07-29,0.1659976206986836,0.1659976206986836,3.8843296429558554,3.8843296429558554
1991-07-30,0.1647007642869751,0.1647007642869751,3.8341192777327278,3.8341192777327278
1991-07-31,0.1647007642869751,0.1647007642869751,4.0112502883809835,4.0112502883809835
1991-08-01,0.16729447711039205,0.16729447711039205,4.057276456502184,4.057276456502184
1991-08-02,0.15302905658159893,0.15302905658159893,3.940118937648219,3.940118937648219
1991-08-03,0.1543259129933074,0.1543259129933074,3.8815401782212375,3.8815401782212375
1991-08-04,0.15562276940501585,0.15562276940501585,3.6290936197382893,3.6290936197382893
1991-08-05,0.15302905658159893,0.15302905658159893,3.5551728042709065,3.5551728042709065
1991-08-06,0.1543259129933074,0.1543259129933074,3.4156995675399964,3.4156995675399964
1991-08-07,0.16081019505184974,0.16081019505184974,3.4156995675399964,3.4156995675399964
1991-08-08,0.1543259129933074,0.1543259129933074,3.4059364409688326,3.4059364409688326
1991-08-09,0.14654477452305661,0.14654477452305661,3.312489372359122,3.312489372359122
1991-08-10,0.14654477452305661,0.14654477452305661,3.276226330809086,3.276226330809086
1991-08-11,0.14654477452305661,0.14654477452305661,3.20788444481094,3.20788444481094
1991-08-12,0.1543259129933074,0.1543259129933074,3.184173994566685,3.184173994566685
1991-08-13,0.14524791811134816,0.14524791811134816,3.2859894573802495,3.2859894573802495
1991-08-14,0.15302905658159893,0.15302905658159893,3.304120978155268,3.304120978155268
1991-08-15,0.14524791811134816,0.14524791811134816,3.304120978155268,3.304120978155268
1991-08-16,0.14524791811134816,0.14524791811134816,3.2957525839514132,3.2957525839514132
1991-08-17,0.14006049246451427,0.14006049246451427,3.426857426478469,3.426857426478469
1991-08-18,0.13487306681768044,0.13487306681768044,3.2999367810533404,3.2999367810533404
1991-08-19,0.12190450270059575,0.12190450270059575,3.1995160506070857,3.1995160506070857
1991-08-20,0.12320135911230422,0.12320135911230422,3.1660424737916664,3.1660424737916664
1991-08-21,0.1089359385835111,0.1089359385835111,3.1214110380377758,3.1214110380377758
1991-08-22,0.1089359385835111,0.1089359385835111,3.12977943224163,3.12977943224163
1991-08-23,0.10504536934838571,0.10504536934838571,3.12977943224163,3.12977943224163
1991-08-24,0.10504536934838571,0.10504536934838571,3.026569237060756,3.026569237060756
1991-08-25,0.11931078987717883,0.11931078987717883,2.909411718206792,2.909411718206792
1991-08-26,0.11801393346547037,0.11801393346547037,2.7378596370277717,2.7378596370277717
1991-08-27,0.12968564117084655,0.12968564117084655,2.675096680498862,2.675096680498862
1991-08-28,0.12190450270059575,0.12190450270059575,2.537018176135261,2.537018176135261
1991-08-29,0.1089359385835111,0.1089359385835111,2.5425971056044974,2.5425971056044974
1991-08-30,0.10374851293667725,0.10374851293667725,2.6053600621334065,2.6053600621334065
1991-08-31,0.10245165652496876,0.10245165652496876,2.668123018662316,2.668123018662316
1991-09-01,0.10245165652496876,0.10245165652496876,2.5774654147872247,2.5774654147872247
1991-09-02,0.10374851293667725,0.10374851293667725,2.6792808776007893,2.6792808776007893
1991-09-03,0.10374851293667725,0.10374851293667725,2.55375496454297,2.55375496454297
1991-09-04,0.10374851293667725,0.10374851293667725,2.534228711400642,2.534228711400642
1991-09-05,0.10374851293667725,0.10374851293667725,2.389176545200496,2.389176545200496
1991-09-06,0.10374851293667725,0.10374851293667725,2.389176545200496,2.389176545200496
1991-09-07,0.11801393346547037,0.11801393346547037,2.3194399268350407,2.3194399268350407
1991-09-08,0.11801393346547037,0.11801393346547037,2.3598871654870046,2.3598871654870046
1991-09-09,0.1167170770537619,0.1167170770537619,2.2678348292446033,2.2678348292446033
1991-09-10,0.11542022064205343,0.11542022064205343,2.2748084910811492,2.2748084910811492
1991-09-11,0.1167170770537619,0.1167170770537619,2.122782663044457,2.122782663044457
1991-09-12,0.1089359385835111,0.1089359385835111,2.122782663044457,2.122782663044457
1991-09-13,0.08818623599617564,0.08818623599617564,2.122782663044457,2.122782663044457
1991-09-14,0.08818623599617564,0.08818623599617564,2.1353352543502386,2.1353352543502386
1991-09-15,0.07392081546738254,0.07392081546738254,1.9177570050500183,1.9177570050500183
1991-09-16,0.07392081546738254,0.07392081546738254,1.6918103615459434,1.6918103615459434
1991-09-17,0.07392081546738254,0.07392081546738254,1.5091004214284507,1.5091004214284507
1991-09-18,0.07392081546738254,0.07392081546738254,1.5593107866515787,1.5593107866515787
1991-09-19,0.07392081546738254,0.07392081546738254,1.7071524175863435,1.7071524175863435
1991-09-20,0.07392081546738254,0.07392081546738254,1.808967880399908,1.808967880399908
1991-09-21,0.0907799488195926,0.0907799488195926,1.72807340309598,1.72807340309598
1991-09-22,0.09467051805471799,0.09467051805471799,1.72807340309598,1.72807340309598
1991-09-23,0.10115480011326032,0.10115480011326032,1.8117573451345266,1.8117573451345266
1991-09-24,0.08818623599617564,0.08818623599617564,1.9833094263135462,1.9833094263135462
1991-09-25,0.08170195393763333,0.08170195393763333,2.051651312311692,2.051651312311692
1991-09-26,0.08170195393763333,0.08170195393763333,2.0112040736597283,2.0112040736597283
1991-09-27,0.07392081546738254,0.07392081546738254,1.9372832581923458,1.9372832581923458
1991-09-28,0.06743653340884022,0.06743653340884022,2.6485967655199887,2.6485967655199887
1991-09-29,0.06873338982054866,0.06873338982054866,1.9303095963558001,1.9303095963558001
1991-09-30,0.07003024623225713,0.07003024623225713,0.6359979594929516,0.6359979594929516
1991-10-01,0.042796261586379364,0.042796261586379364,1.9303095963558001,1.9303095963558001
1991-10-02,0.042796261586379364,0.042796261586379364,0.6053138474121512,0.6053138474121512
1991-10-03,0.042796261586379364,0.042796261586379364,0.5718402705967327,0.5718402705967327
1991-10-04,0.042796261586379364,0.042796261586379364,0.5704455382294236,0.5704455382294236
1991-10-05,0.042796261586379364,0.042796261586379364,0.5676560734948055,0.5676560734948055
1991-10-06,0.042796261586379364,0.042796261586379364,0.6471558184314243,0.6471558184314243
1991-10-07,0.0414994051746709,0.0414994051746709,0.6471558184314243,0.6471558184314243
1991-10-08,0.05576482570346402,0.05576482570346402,0.6471558184314243,0.6471558184314243
1991-10-09,0.05706168211517248,0.05706168211517248,0.6471558184314243,0.6471558184314243
1991-10-10,0.04668683082150476,0.04668683082150476,0.6443663536968062,0.6443663536968062
1991-10-11,0.0453899744097963,0.0453899744097963,0.6443663536968062,0.6443663536968062
1991-10-12,0.0453899744097963,0.0453899744097963,0.5648666087601872,0.5648666087601872
1991-10-13,0.0453899744097963,0.0453899744097963,0.5369719614140052,0.5369719614140052
1991-10-14,0.0453899744097963,0.0453899744097963,0.5369719614140052,0.5369719614140052
1991-10-15,0.03631197952783704,0.03631197952783704,0.5411561585159324,0.5411561585159324
1991-10-16,0.042796261586379364,0.042796261586379364,0.5369719614140052,0.5369719614140052
1991-10-17,0.04409311799808782,0.04409311799808782,0.5369719614140052,0.5369719614140052
1991-10-18,0.042796261586379364,0.042796261586379364,0.5369719614140052,0.5369719614140052
1991-10-19,0.042796261586379364,0.042796261586379364,0.5369719614140052,0.5369719614140052
1991-10-20,0.042796261586379364,0.042796261586379364,0.49234052566011377,0.49234052566011377
1991-10-21,0.042796261586379364,0.042796261586379364,0.49234052566011377,0.49234052566011377
1991-10-22,0.042796261586379364,0.042796261586379364,0.46026168121200445,0.46026168121200445
1991-10-23,0.042796261586379364,0.042796261586379364,0.4560774841100771,0.4560774841100771
1991-10-24,0.04928054364492169,0.04928054364492169,0.4644458783139317,0.4644458783139317
1991-10-25,0.04928054364492169,0.04928054364492169,0.4560774841100771,0.4560774841100771
1991-10-26,0.03371826670442011,0.03371826670442011,0.25523602321756605,0.25523602321756605
1991-10-27,0.03242141029271164,0.03242141029271164,0.3291568386849486,0.3291568386849486
1991-10-28,0.03371826670442011,0.03371826670442011,0.3291568386849486,0.3291568386849486
1991-10-29,0.03371826670442011,0.03371826670442011,0.3249726415830213,0.3249726415830213
1991-10-30,0.03371826670442011,0.03371826670442011,0.08368394203854625,0.08368394203854625
1991-10-31,0.012968564117084656,0.012968564117084656,0.08089447730392804,0.08089447730392804
1991-11-01,0.012968564117084656,0.012968564117084656,0.08089447730392804,0.08089447730392804
1991-11-02,0.012968564117084656,0.012968564117084656,0.08089447730392804,0.08089447730392804
1991-11-03,0.012968564117084656,0.012968564117084656,0.07252608310007341,0.07252608310007341
1991-11-04,0.012968564117084656,0.012968564117084656,0.05578929469236416,0.05578929469236416
1991-11-05,0.012968564117084656,0.012968564117084656,0.04463143575389134,0.04463143575389134
1991-11-06,0.010374851293667725,0.010374851293667725,0.061368224161600586,0.061368224161600586
1991-11-07,0.00907799488195926,0.00907799488195926,0.061368224161600586,0.061368224161600586
1991-11-08,0.00907799488195926,0.00907799488195926,0.061368224161600586,0.061368224161600586
1991-11-09,0.00907799488195926,0.00907799488195926,0.061368224161600586,0.061368224161600586
1991-11-10,0.00907799488195926,0.00907799488195926,0.061368224161600586,0.061368224161600586
1991-11-11,0.00907799488195926,0.00907799488195926,0.061368224161600586,0.061368224161600586
1991-11-12,0.012968564117084656,0.012968564117084656,0.061368224161600586,0.061368224161600586
1991-11-13,0.01815598976391852,0.01815598976391852,0.06973661836545522,0.06973661836545522
1991-11-14,0.01815598976391852,0.01815598976391852,0.06973661836545522,0.06973661836545522
1991-11-15,0.01815598976391852,0.01815598976391852,0.06973661836545522,0.06973661836545522
1991-11-16,0.01815598976391852,0.01815598976391852,0.06973661836545522,0.06973661836545522
1991-11-17,0.01815598976391852,0.01815598976391852,0.06973661836545522,0.06973661836545522
1991-11-18,0.01815598976391852,0.01815598976391852,0.06973661836545522,0.06973661836545522
1991-11-19,0.01815598976391852,0.01815598976391852,0.06973661836545522,0.06973661836545522
1991-11-20,0.01815598976391852,0.01815598976391852,0.061368224161600586,0.061368224161600586
1991-11-21,0.01815598976391852,0.01815598976391852,0.061368224161600586,0.061368224161600586
1991-11-22,0.01815598976391852,0.01815598976391852,0.061368224161600586,0.061368224161600586
1991-11-23,0.01815598976391852,0.01815598976391852,0.061368224161600586,0.061368224161600586
1991-11-24,0.01815598976391852,0.01815598976391852,0.061368224161600586,0.061368224161600586
1991-11-25,0.01815598976391852,0.01815598976391852,0.061368224161600586,0.061368224161600586
1991-11-26,0.01815598976391852,0.01815598976391852,0.061368224161600586,0.061368224161600586
1991-11-27,0.01815598976391852,0.01815598976391852,0.061368224161600586,0.061368224161600586
1991-11-28,0.01815598976391852,0.01815598976391852,0.061368224161600586,0.061368224161600586
1991-11-29,0.01815598976391852,0.01815598976391852,0.061368224161600586,0.061368224161600586
1991-11-30,0.01815598976391852,0.01815598976391852,0.061368224161600586,0.061368224161600586
1991-12-01,0.01815598976391852,0.01815598976391852,0.061368224161600586,0.061368224161600586
1991-12-02,0.01815598976391852,0.01815598976391852,0.05857875942698238,0.05857875942698238
1991-12-03,0.01815598976391852,0.01815598976391852,0.05857875942698238,0.05857875942698238
1991-12-04,0.015562276940501586,0.015562276940501586,0.061368224161600586,0.061368224161600586
1991-12-05,0.015562276940501586,0.015562276940501586,0.061368224161600586,0.061368224161600586
1991-12-06,0.01815598976391852,0.01815598976391852,0.061368224161600586,0.061368224161600586
1991-12-07,0.01815598976391852,0.01815598976391852,0.061368224161600586,0.061368224161600586
1991-12-08,0.01815598976391852,0.01815598976391852,0.061368224161600586,0.061368224161600586
1991-12-09,0.01815598976391852,0.01815598976391852,0.061368224161600586,0.061368224161600586
1991-12-10,0.01815598976391852,0.01815598976391852,0.061368224161600586,0.061368224161600586
1991-12-11,0.01426542052879312,0.01426542052879312,0.061368224161600586,0.061368224161600586
1991-12-12,0.01167170770537619,0.01167170770537619,0.06973661836545522,0.06973661836545522
1991-12-13,0.010374851293667725,0.010374851293667725,0.06973661836545522,0.06973661836545522
1991-12-14,0.00907799488195926,0.00907799488195926,0.05857875942698238,0.05857875942698238
1991-12-15,0.00907799488195926,0.00907799488195926,0.05857875942698238,0.05857875942698238
1991-12-16,0.00907799488195926,0.00907799488195926,0.061368224161600586,0.061368224161600586
1991-12-17,0.00907799488195926,0.00907799488195926,0.061368224161600586,0.061368224161600586
1991-12-18,0.007781138470250793,0.007781138470250793,0.05857875942698238,0.05857875942698238
1991-12-19,0.00907799488195926,0.00907799488195926,0.061368224161600586,0.061368224161600586
1991-12-20,0.00907799488195926,0.00907799488195926,0.061368224161600586,0.061368224161600586
1991-12-21,0.00907799488195926,0.00907799488195926,0.05857875942698238,0.05857875942698238
1991-12-22,0.007781138470250793,0.007781138470250793,0.05857875942698238,0.05857875942698238
1991-12-23,0.006484282058542328,0.006484282058542328,0.05299982995774596,0.05299982995774596
1991-12-24,0.006484282058542328,0.006484282058542328,0.05299982995774596,0.05299982995774596
1991-12-25,0.006484282058542328,0.006484282058542328,0.05299982995774596,0.05299982995774596
1991-12-26,0.006484282058542328,0.006484282058542328,0.05299982995774596,0.05299982995774596
1991-12-27,0.007781138470250793,0.007781138470250793,0.05299982995774596,0.05299982995774596
1991-12-28,0.007781138470250793,0.007781138470250793,0.04742090048850955,0.04742090048850955
1991-12-29,0.007781138470250793,0.007781138470250793,0.04742090048850955,0.04742090048850955
1991-12-30,0.007781138470250793,0.007781138470250793,0.05299982995774596,0.05299982995774596
1991-12-31,0.007781138470250793,0.007781138470250793,0.05299982995774596,0.05299982995774596
1992-01-01,0.007781138470250793,0.007781138470250793,0.04742090048850955,0.04742090048850955
1992-01-02,0.007781138470250793,0.007781138470250793,0.04742090048850955,0.04742090048850955
1992-01-03,0.007781138470250793,0.007781138470250793,0.04742090048850955,0.04742090048850955
1992-01-04,0.007781138470250793,0.007781138470250793,0.05299982995774596,0.05299982995774596
1992-01-05,0.007781138470250793,0.007781138470250793,0.05299982995774596,0.05299982995774596
1992-01-06,0.007781138470250793,0.007781138470250793,0.05299982995774596,0.05299982995774596
1992-01-07,0.007781138470250793,0.007781138470250793,0.05299982995774596,0.05299982995774596
1992-01-08,0.007781138470250793,0.007781138470250793,0.05299982995774596,0.05299982995774596
1992-01-09,0.007781138470250793,0.007781138470250793,0.05299982995774596,0.05299982995774596
1992-01-10,0.007781138470250793,0.007781138470250793,0.05299982995774596,0.05299982995774596
1992-01-11,0.007781138470250793,0.007781138470250793,0.05299982995774596,0.05299982995774596
1992-01-12,0.007781138470250793,0.007781138470250793,0.05578929469236416,0.05578929469236416
1992-01-13,0.007781138470250793,0.007781138470250793,0.05578929469236416,0.05578929469236416
1992-01-14,0.007781138470250793,0.007781138470250793,0.05578929469236416,0.05578929469236416
1992-01-15,0.007781138470250793,0.007781138470250793,0.05578929469236416,0.05578929469236416
1992-01-16,0.007781138470250793,0.007781138470250793,0.05578929469236416,0.05578929469236416
1992-01-17,0.007781138470250793,0.007781138470250793,0.05578929469236416,0.05578929469236416
1992-01-18,0.007781138470250793,0.007781138470250793,0.05578929469236416,0.05578929469236416
1992-01-19,0.007781138470250793,0.007781138470250793,0.05578929469236416,0.05578929469236416
1992-01-20,0.007781138470250793,0.007781138470250793,0.05578929469236416,0.05578929469236416
1992-01-21,0.007781138470250793,0.007781138470250793,0.061368224161600586,0.061368224161600586
1992-01-22,0.007781138470250793,0.007781138470250793,0.05578929469236416,0.05578929469236416
1992-01-23,0.007781138470250793,0.007781138470250793,0.05578929469236416,0.05578929469236416
1992-01-24,0.007781138470250793,0.007781138470250793,0.05578929469236416,0.05578929469236416
1992-01-25,0.007781138470250793,0.007781138470250793,0.05299982995774596,0.05299982995774596
1992-01-26,0.007781138470250793,0.007781138470250793,0.05578929469236416,0.05578929469236416
1992-01-27,0.007781138470250793,0.007781138470250793,0.05578929469236416,0.05578929469236416
1992-01-28,0.007781138470250793,0.007781138470250793,0.05299982995774596,0.05299982995774596
1992-01-29,0.007781138470250793,0.007781138470250793,0.05578929469236416,0.05578929469236416
1992-01-30,0.007781138470250793,0.007781138470250793,0.05578929469236416,0.05578929469236416
1992-01-31,0.007781138470250793,0.007781138470250793,0.05578929469236416,0.05578929469236416
1992-02-01,0.007781138470250793,0.007781138470250793,0.05578929469236416,0.05578929469236416
1992-02-02,0.010374851293667725,0.010374851293667725,0.05578929469236416,0.05578929469236416
1992-02-03,0.010374851293667725,0.010374851293667725,0.061368224161600586,0.061368224161600586
1992-02-04,0.010374851293667725,0.010374851293667725,0.061368224161600586,0.061368224161600586
1992-02-05,0.010374851293667725,0.010374851293667725,0.05578929469236416,0.05578929469236416
1992-02-06,0.010374851293667725,0.010374851293667725,0.05578929469236416,0.05578929469236416
1992-02-07,0.010374851293667725,0.010374851293667725,0.05578929469236416,0.05578929469236416
1992-02-08,0.007781138470250793,0.007781138470250793,0.05578929469236416,0.05578929469236416
1992-02-09,0.007781138470250793,0.007781138470250793,0.05578929469236416,0.05578929469236416
1992-02-10,0.007781138470250793,0.007781138470250793,0.05578929469236416,0.05578929469236416
1992-02-11,0.010374851293667725,0.010374851293667725,0.05578929469236416,0.05578929469236416
1992-02-12,0.010374851293667725,0.010374851293667725,0.05578929469236416,0.05578929469236416
1992-02-13,0.007781138470250793,0.007781138470250793,0.05578929469236416,0.05578929469236416
1992-02-14,0.007781138470250793,0.007781138470250793,0.05578929469236416,0.05578929469236416
1992-02-15,0.007781138470250793,0.007781138470250793,0.05578929469236416,0.05578929469236416
1992-02-16,0.007781138470250793,0.007781138470250793,0.05578929469236416,0.05578929469236416
1992-02-17,0.0,0.0,0.05578929469236416,0.05578929469236416
1992-02-18,0.0,0.0,0.05578929469236416,0.05578929469236416
1992-02-19,0.0,0.0,0.05578929469236416,0.05578929469236416
1992-02-20,0.0,0.0,0.061368224161600586,0.061368224161600586
1992-02-21,0.0,0.0,0.05578929469236416,0.05578929469236416
1992-02-22,0.0,0.0,0.061368224161600586,0.061368224161600586
1992-02-23,0.0,0.0,0.05578929469236416,0.05578929469236416
1992-02-24,0.0,0.0,0.05578929469236416,0.05578929469236416
1992-02-25,0.0,0.0,0.05578929469236416,0.05578929469236416
1992-02-26,0.0,0.0,0.061368224161600586,0.061368224161600586
1992-02-27,0.0,0.0,0.061368224161600586,0.061368224161600586
1992-02-28,0.0,0.0,0.061368224161600586,0.061368224161600586
1992-02-29,0.0,0.0,0.061368224161600586,0.061368224161600586
1992-03-01,0.0,0.0,0.061368224161600586,0.061368224161600586
1992-03-02,0.0,0.0,0.061368224161600586,0.061368224161600586
1992-03-03,0.0,0.0,0.061368224161600586,0.061368224161600586
1992-03-04,0.0,0.0,0.061368224161600586,0.061368224161600586
1992-03-05,0.0,0.0,0.061368224161600586,0.061368224161600586
1992-03-06,0.0,0.0,0.061368224161600586,0.061368224161600586
1992-03-07,0.0038905692351253966,0.0038905692351253966,0.6499452831660426,0.6499452831660426
1992-03-08,0.005187425646833862,0.005187425646833862,0.6527347479006609,0.6527347479006609
1992-03-09,0.005187425646833862,0.005187425646833862,0.6527347479006609,0.6527347479006609
1992-03-10,0.01426542052879312,0.01426542052879312,0.6527347479006609,0.6527347479006609
1992-03-11,0.012968564117084656,0.012968564117084656,0.655524212635279,0.655524212635279
1992-03-12,0.012968564117084656,0.012968564117084656,0.6611031421045154,0.6611031421045154
1992-03-13,0.012968564117084656,0.012968564117084656,0.5258141024755323,0.5258141024755323
1992-03-14,0.01426542052879312,0.01426542052879312,0.454682751742768,0.454682751742768
1992-03-15,0.005187425646833862,0.005187425646833862,0.454682751742768,0.454682751742768
1992-03-16,0.006484282058542328,0.006484282058542328,0.454682751742768,0.454682751742768
1992-03-17,0.006484282058542328,0.006484282058542328,0.454682751742768,0.454682751742768
1992-03-18,0.012968564117084656,0.012968564117084656,0.454682751742768,0.454682751742768
1992-03-19,0.012968564117084656,0.012968564117084656,0.6053138474121512,0.6053138474121512
1992-03-20,0.012968564117084656,0.012968564117084656,1.3054694958013218,1.3054694958013218
1992-03-21,0.012968564117084656,0.012968564117084656,1.3863639731052495,1.3863639731052495
1992-03-22,0.012968564117084656,0.012968564117084656,1.4379690706956867,1.4379690706956867
1992-03-23,0.012968564117084656,0.012968564117084656,1.6276526726497247,1.6276526726497247
1992-03-24,0.04668683082150476,0.04668683082150476,1.6890208968113254,1.6890208968113254
1992-03-25,0.06484282058542327,0.06484282058542327,1.7559680504421622,1.7559680504421622
1992-03-26,0.062249107762006345,0.062249107762006345,1.7559680504421622,1.7559680504421622
1992-03-27,0.06354596417371482,0.06354596417371482,1.7559680504421622,1.7559680504421622
1992-03-28,0.06873338982054866,0.06873338982054866,1.7559680504421622,1.7559680504421622
1992-03-29,0.07003024623225713,0.07003024623225713,1.7559680504421622,1.7559680504421622
1992-03-30,0.07651452829079947,0.07651452829079947,1.6151000813439425,1.6151000813439425
1992-03-31,0.08170195393763333,0.08170195393763333,1.6234684755477973,1.6234684755477973
1992-04-01,0.04853948282711522,0.04853948282711522,1.260041070083404,1.260041070083404
1992-04-02,0.053726908473949085,0.053726908473949085,1.3875594579118158,1.3875594579118158
1992-04-03,0.06113751654826521,0.06113751654826521,1.484792228780913,1.484792228780913
1992-04-04,0.06484282058542327,0.06484282058542327,1.6322353645941918,1.6322353645941918
1992-04-05,0.07521767187909101,0.07521767187909101,1.722693721187487,1.722693721187487
1992-04-06,0.07744085430657327,0.07744085430657327,1.7079494075503696,1.7079494075503696
1992-04-07,0.08003456712999019,0.08003456712999019,1.7936258243595082,1.7936258243595082
1992-04-08,0.07707032388470147,0.07707032388470147,1.8836856858313167,1.8836856858313167
1992-04-09,0.07003024623225713,0.07003024623225713,1.7390320144737097,1.7390320144737097
1992-04-10,0.08262827995340713,0.08262827995340713,1.7350470649325256,1.7350470649325256
1992-04-11,0.07114183744599828,0.07114183744599828,1.6402052639555067,1.6402052639555067
1992-04-12,0.07484714148315633,0.07484714148315633,1.5541303520248821,1.5541303520248821
1992-04-13,0.06780706380477489,0.06780706380477489,1.6513631228939796,1.6513631228939796
1992-04-14,0.07299448945160873,0.07299448945160873,1.7884453897328116,1.7884453897328116
1992-04-15,0.08818623599617564,0.08818623599617564,2.0275423672248976,2.0275423672248976
1992-04-16,0.09596737446642645,0.09596737446642645,2.178173462894281,2.178173462894281
1992-04-17,0.10004320889951919,0.10004320889951919,2.3236241239369675,2.3236241239369675
1992-04-18,0.10004320889951919,0.10004320889951919,2.4619018758613125,2.4619018758613125
1992-04-19,0.10597169536415953,0.10597169536415953,2.3475338217419655,2.3475338217419655
1992-04-20,0.10374851293667725,0.10374851293667725,2.2240003834547384,2.2240003834547384
1992-04-21,0.09559684407049181,0.09559684407049181,2.289752052279009,2.289752052279009
1992-04-22,0.09300313124707485,0.09300313124707485,2.4308192686590253,2.4308192686590253
1992-04-23,0.09744949607610225,0.09744949607610225,2.4738567247638112,2.4738567247638112
1992-04-24,0.10560116494228772,0.10560116494228772,2.4937814727486787,2.4937814727486787
1992-04-25,0.10819487776570463,0.10819487776570463,2.6308637395875105,2.6308637395875105
1992-04-26,0.11227071222473452,0.11227071222473452,2.6073525369039987,2.6073525369039987
1992-04-27,0.11264124262066916,0.11264124262066916,2.69900637830386,2.69900637830386
1992-04-28,0.11264124262066916,0.11264124262066916,2.342353387115269,2.342353387115269
1992-04-29,0.11301177301660384,0.11301177301660384,2.9225620527526956,2.9225620527526956
1992-04-30,0.11412336423034496,0.11412336423034496,3.0150128835586902,3.0150128835586902
1992-05-01,0.1167170770537619,0.1167170770537619,3.0070429839184283,3.0070429839184283
1992-05-02,0.10367070155197473,0.10367070155197473,3.08714047209517,3.08714047209517
1992-05-03,0.1274624587433643,0.1274624587433643,3.1349598671472734,3.1349598671472734
1992-05-04,0.12598033713368853,0.12598033713368853,3.1489071908203643,3.1489071908203643
1992-05-05,0.12523927634181917,0.12523927634181917,3.194335615701442,3.194335615701442
1992-05-06,0.12486874591994737,0.12486874591994737,3.3864101878265047,3.3864101878265047
1992-05-07,0.12709192834742963,0.12709192834742963,3.4449889472534876,3.4449889472534876
1992-05-08,0.12635086752962316,0.12635086752962316,3.5286728892920336,3.5286728892920336
1992-05-09,0.12635086752962316,0.12635086752962316,3.615943285192386,3.615943285192386
1992-05-10,0.1289445803530401,0.1289445803530401,3.676116025663205,3.676116025663205
1992-05-11,0.13116776278052233,0.13116776278052233,3.70241669196555,3.70241669196555
1992-05-12,0.13709624924516267,0.13709624924516267,3.7458526440286604,3.7458526440286604
1992-05-13,0.13968996206857962,0.13968996206857962,3.8056268871464236,3.8056268871464236
1992-05-14,0.14191314447012474,0.14191314447012474,3.86540113305365,3.86540113305365
1992-05-15,0.14524791811134816,0.14524791811134816,3.757408997530727,3.757408997530727
1992-05-16,0.14673003972102394,0.14673003972102394,3.8020404332846183,3.8020404332846183
1992-05-17,0.14561844850728278,0.14561844850728278,3.8247546457251573,3.8247546457251573
1992-05-18,0.14376579650167234,0.14376579650167234,3.7972584929425683,3.7972584929425683
1992-05-19,0.14710057011695862,0.14710057011695862,3.8418899286964603,3.8418899286964603
1992-05-20,0.14747110053883042,0.14747110053883042,3.802837422411805,3.802837422411805
1992-05-21,0.14821216133069975,0.14821216133069975,3.8359789218189615,3.8359789218189615
1992-05-22,0.15043534375818202,0.15043534375818202,3.774610697657361,3.774610697657361
1992-05-23,0.15043534375818202,0.15043534375818202,3.755084444515033,3.755084444515033
1992-05-24,0.14969428294037554,0.14969428294037554,3.7466496331558474,3.7466496331558474
1992-05-25,0.1537701173994054,0.1537701173994054,3.7665743808617687,3.7665743808617687
1992-05-26,0.1537701173994054,0.1537701173994054,3.794867522771543,3.794867522771543
1992-05-27,0.1537701173994054,0.1537701173994054,3.7621909378727763,3.7621909378727763
1992-05-28,0.15525223900908122,0.15525223900908122,3.836709493790817,3.836709493790817
1992-05-29,0.15636383022282235,0.15636383022282235,3.8331230399290117,3.8331230399290117
1992-05-30,0.16340390787526665,0.16340390787526665,3.787694615047934,3.787694615047934
1992-05-31,0.16451549908900778,0.16451549908900778,3.7984539794228134,3.7984539794228134
1992-06-01,0.16822080312616586,0.16822080312616586,3.8745665163846916,3.8745665163846916
1992-06-02,0.16673868151649007,0.16673868151649007,3.934739256855512,3.934739256855512
1992-06-03,0.1685913335221005,0.1685913335221005,3.9443031347501463,3.9443031347501463
1992-06-04,0.1489532221485062,0.1489532221485062,4.022408147319457,4.022408147319457
1992-06-05,0.16488602948494246,0.16488602948494246,4.05946817799668,4.05946817799668
1992-06-06,0.17414928956486905,0.17414928956486905,3.9658218634999054,3.9658218634999054
1992-06-07,0.17489035038267553,0.17489035038267553,3.974987246830947,3.974987246830947
1992-06-08,0.17414928956486905,0.17414928956486905,3.9203934358293635,3.9203934358293635
1992-06-09,0.17340822877299972,0.17340822877299972,3.902461163730874,3.902461163730874
1992-06-10,0.17377875916893437,0.17377875916893437,3.973393265787109,3.973393265787109
1992-06-11,0.17007345513177632,0.17007345513177632,4.078994431139008,4.078994431139008
1992-06-12,0.1763724719923513,0.1763724719923513,4.192963990694761,4.192963990694761
1992-06-13,0.17377875916893437,0.17377875916893437,4.232016496979416,4.232016496979416
1992-06-14,0.17414928956486905,0.17414928956486905,4.246362315216101,4.246362315216101
1992-06-15,0.17785459360202713,0.17785459360202713,4.271467497827664,4.271467497827664
1992-06-16,0.18081883682137867,0.18081883682137867,4.304542580079489,4.304542580079489
1992-06-17,0.17785459360202713,0.17785459360202713,4.261505125369436,4.261505125369436
1992-06-18,0.17489035038267553,0.17489035038267553,4.364316825986716,4.364316825986716
1992-06-19,0.17340822877299972,0.17340822877299972,4.376271674052376,4.376271674052376
1992-06-20,0.17711353281015776,0.17711353281015776,4.292986226577423,4.292986226577423
1992-06-21,0.18044830642544402,0.18044830642544402,4.244369842398133,4.244369842398133
1992-06-22,0.18007777602950936,0.18007777602950936,4.197347436473217,4.197347436473217
1992-06-23,0.17563141117454487,0.17563141117454487,4.213685730317334,4.213685730317334
1992-06-24,0.1811893672432505,0.1811893672432505,4.245565326088914,4.245565326088914
1992-06-25,0.18081883682137867,0.18081883682137867,4.268279538529453,4.268279538529453
1992-06-26,0.18044830642544402,0.18044830642544402,4.25114425555815,4.25114425555815
1992-06-27,0.1811893672432505,0.1811893672432505,4.222851113648375,4.222851113648375
1992-06-28,0.18526520167634325,0.18526520167634325,4.3196853902328245,4.3196853902328245
1992-06-29,0.1845241408585368,0.1845241408585368,4.3491740158333805,4.3491740158333805
1992-06-30,0.18600626246821259,0.18600626246821259,4.514150929739448,4.514150929739448
1992-07-01,0.1878589144997602,0.1878589144997602,4.536865142179987,4.536865142179987
1992-07-02,0.1834125496447956,0.1834125496447956,4.420504615242674,4.420504615242674
1992-07-03,0.1841536104626021,0.1841536104626021,4.4440158168104,4.4440158168104
1992-07-04,0.18044830642544402,0.18044830642544402,4.455572170312466,4.455572170312466
1992-07-05,0.18193042803511986,0.18193042803511986,4.562767316708203,4.562767316708203
1992-07-06,0.18674732328601903,0.18674732328601903,4.60978972263312,4.60978972263312
1992-07-07,0.18711785368195374,0.18711785368195374,4.5683462461774385,4.5683462461774385
1992-07-08,0.18600626246821259,0.18600626246821259,4.488248758000697,4.488248758000697
1992-07-09,0.1841536104626021,0.1841536104626021,4.487451768873511,4.487451768873511
1992-07-10,0.18526520167634325,0.18526520167634325,4.410143745431387,4.410143745431387
1992-07-11,0.18600626246821259,0.18600626246821259,4.400579867536753,4.400579867536753
1992-07-12,0.18526520167634325,0.18526520167634325,4.419309128762429,4.419309128762429
1992-07-13,0.18378308006666744,0.18378308006666744,4.52092534568893,4.52092534568893
1992-07-14,0.18193042803511986,0.18193042803511986,4.51016598131405,4.51016598131405
1992-07-15,0.17896618481576823,0.17896618481576823,4.530489223583564,4.530489223583564
1992-07-16,0.17748406320609247,0.17748406320609247,4.59544390160697,4.59544390160697
1992-07-17,0.17711353281015776,0.17711353281015776,4.596240893523621,4.596240893523621
1992-07-18,0.17822512399796178,0.17822512399796178,4.584684540021556,4.584684540021556
1992-07-19,0.1811893672432505,0.1811893672432505,4.481474344840681,4.481474344840681
1992-07-20,0.17859565441983352,0.17859565441983352,4.431263979617554,4.431263979617554
1992-07-21,0.18081883682137867,0.18081883682137867,4.363519834070065,4.363519834070065
1992-07-22,0.17896618481576823,0.17896618481576823,4.291392245533585,4.291392245533585
1992-07-23,0.1834125496447956,0.1834125496447956,4.365047397958572,4.365047397958572
1992-07-24,0.1815598976391852,0.1815598976391852,4.3021516099084645,4.3021516099084645
1992-07-25,0.1848946712804086,0.1848946712804086,4.288602780798966,4.288602780798966
1992-07-26,0.1848946712804086,0.1848946712804086,4.420106120679081,4.420106120679081
1992-07-27,0.1845241408585368,0.1845241408585368,4.43206096874474,4.43206096874474
1992-07-28,0.18267148885292633,0.18267148885292633,4.400978362100346,4.400978362100346
1992-07-29,0.18081883682137867,0.18081883682137867,4.397790402802135,4.397790402802135
1992-07-30,0.17711353281015776,0.17711353281015776,4.310918498675913,4.310918498675913
1992-07-31,0.17748406320609247,0.17748406320609247,4.248354790823531,4.248354790823531
1992-08-01,0.16970292473584167,0.16970292473584167,4.149926535984707,4.149926535984707
1992-08-02,0.17118504634551746,0.17118504634551746,4.0957312195467175,4.0957312195467175
1992-08-03,0.16933239433990702,0.16933239433990702,4.095332724983123,4.095332724983123
1992-08-04,0.16785027270429403,0.16785027270429403,4.083776371481057,4.083776371481057
1992-08-05,0.16488602948494246,0.16488602948494246,4.112866502518019,4.112866502518019
1992-08-06,0.16562709030274894,0.16562709030274894,4.115257472689045,4.115257472689045
1992-08-07,0.15747542141062632,0.15747542141062632,4.050701289229233,4.050701289229233
1992-08-08,0.15858701262436747,0.15858701262436747,3.9984984483986725,3.9984984483986725
1992-08-09,0.15858701262436747,0.15858701262436747,3.7996494631135933,3.7996494631135933
1992-08-10,0.1519174653678578,0.1519174653678578,3.803634414328457,3.803634414328457
1992-08-11,0.15117640457598847,0.15117640457598847,3.7127775617768353,3.7127775617768353
1992-08-12,0.1533995869775336,0.1533995869775336,3.660176226382683,3.660176226382683
1992-08-13,0.14969428294037554,0.14969428294037554,3.680897966005255,3.680897966005255
1992-08-14,0.15228799576379246,0.15228799576379246,3.641048467803949,3.641048467803949
1992-08-15,0.1489532221485062,0.1489532221485062,3.661637375905323,3.661637375905323
1992-08-16,0.1463595093250893,0.1463595093250893,3.5872516487190165,3.5872516487190165
1992-08-17,0.13857837085483848,0.13857837085483848,3.5581615176820547,3.5581615176820547
1992-08-18,0.13931943164670782,0.13931943164670782,3.5816727192497795,3.5816727192497795
1992-08-19,0.13894890125077314,0.13894890125077314,3.555372052947436,3.555372052947436
1992-08-20,0.13635518842735622,0.13635518842735622,3.4852369372289216,3.4852369372289216
1992-08-21,0.14154261407419008,0.14154261407419008,3.3744553397608454,3.3744553397608454
1992-08-22,0.13450253642174576,0.13450253642174576,3.329425409443361,3.329425409443361
1992-08-23,0.11819919866343771,0.11819919866343771,3.1732153843047413,3.1732153843047413
1992-08-24,0.11745813787156836,0.11745813787156836,3.1361553508380533,3.1361553508380533
1992-08-25,0.1167170770537619,0.1167170770537619,2.97954683113584,2.97954683113584
1992-08-26,0.11449389462627964,0.11449389462627964,2.936509376425787,2.936509376425787
1992-08-27,0.11708760744969654,0.11708760744969654,2.8978553647047254,2.8978553647047254
1992-08-28,0.11708760744969654,0.11708760744969654,2.882314059987796,2.882314059987796
1992-08-29,0.11375283383441032,0.11375283383441032,2.8855020192860077,2.8855020192860077
1992-08-30,0.11560548584002077,0.11560548584002077,2.8269232598590253,2.8269232598590253
1992-08-31,0.11560548584002077,0.11560548584002077,2.811381957931561,2.811381957931561
1992-09-01,0.11560548584002077,0.11560548584002077,2.728893500420634,2.728893500420634
1992-09-02,0.1167170770537619,0.1167170770537619,2.700600357952966,2.700600357952966
1992-09-03,0.11894025948124416,0.11894025948124416,2.6388336389488245,2.6388336389488245
1992-09-04,0.11894025948124416,0.11894025948124416,2.642021598525983,2.642021598525983
1992-09-05,0.11486442504815143,0.11486442504815143,2.60017962750671,2.60017962750671
1992-09-06,0.1089359385835111,0.1089359385835111,2.5858338089910795,2.5858338089910795
1992-09-07,0.10634222576009418,0.10634222576009418,2.5324354841907937,2.5324354841907937
1992-09-08,0.1026369217229361,0.1026369217229361,1.8358662902213212,1.8358662902213212
1992-09-09,0.10041373929545386,0.10041373929545386,2.44396960236809,2.44396960236809
1992-09-10,0.10078426971732564,0.10078426971732564,2.45592445127059,2.45592445127059
1992-09-11,0.10152533050919497,0.10152533050919497,2.435999703285722,2.435999703285722
1992-09-12,0.1041190433326119,0.1041190433326119,2.396548701879581,2.396548701879581
1992-09-13,0.10560116494228772,0.10560116494228772,2.3694510444974246,2.3694510444974246
1992-09-14,0.10560116494228772,0.10560116494228772,2.33000004337023,2.33000004337023
1992-09-15,0.10671275615602883,0.10671275615602883,2.230774797730541,2.230774797730541
1992-09-16,0.10671275615602883,0.10671275615602883,2.181759917313979,2.181759917313979
1992-09-17,0.10597169536415953,0.10597169536415953,2.219218443949528,2.219218443949528
1992-09-18,0.10337798254074258,0.10337798254074258,2.2196169387920675,2.2196169387920675
1992-09-19,0.1041190433326119,0.1041190433326119,2.1590457045944933,2.1590457045944933
1992-09-20,0.10300745211887077,0.10300745211887077,2.0841286516023416,2.0841286516023416
1992-09-21,0.10189586093106678,0.10189586093106678,2.0793467120971316,2.0793467120971316
1992-09-22,0.10226639132700142,0.10226639132700142,2.0701813279292507,2.0701813279292507
1992-09-23,0.10078426971732564,0.10078426971732564,2.072572297821329,2.072572297821329
1992-09-24,0.10041373929545386,0.10041373929545386,2.0713768130147625,2.0713768130147625
1992-09-25,0.09115047921552726,0.09115047921552726,2.0992714603609453,2.0992714603609453
1992-09-26,0.09930214810764984,0.09930214810764984,2.0769557424839995,2.0769557424839995
1992-09-27,0.10041373929545386,0.10041373929545386,2.0458731352817128,2.0458731352817128
1992-09-28,0.1026369217229361,0.1026369217229361,2.0247529024902797,2.0247529024902797
1992-09-29,0.1026369217229361,0.1026369217229361,1.8820917059032647,1.8820917059032647
1992-09-30,0.06928918541445069,0.06928918541445069,1.807573148032599,1.807573148032599
1992-10-01,0.07632926309283213,0.07632926309283213,1.177552612851424,1.177552612851424
1992-10-02,0.07632926309283213,0.07632926309283213,1.806776158068573,1.806776158068573
1992-10-03,0.068918655018516,0.068918655018516,1.8972345143829217,1.8972345143829217
1992-10-04,0.07114183744599828,0.07114183744599828,1.7191072664888425,1.7191072664888425
1992-10-05,0.06854812462258134,0.06854812462258134,1.7111373671275278,1.7111373671275278
1992-10-06,0.06410175976761681,0.06410175976761681,1.6963930534904106,1.6963930534904106
1992-10-07,0.0644722901894886,0.0644722901894886,1.6410022539195328,1.6410022539195328
1992-10-08,0.07077130705006361,0.07077130705006361,1.6481751633168211,1.6481751633168211
1992-10-09,0.06743653340884022,0.06743653340884022,1.6505661329299535,1.6505661329299535
1992-10-10,0.06669547259103374,0.06669547259103374,1.6071301819826278,1.6071301819826278
1992-10-11,0.06410175976761681,0.06410175976761681,1.591190383538945,1.591190383538945
1992-10-12,0.06150804694419988,0.06150804694419988,1.5605062714581446,1.5605062714581446
1992-10-13,0.047057361217439427,0.047057361217439427,1.1297332175203745,1.1297332175203745
1992-10-14,0.046316300425570084,0.046316300425570084,1.057605629262841,1.057605629262841
1992-10-15,0.044834178815894285,0.044834178815894285,1.0512297101085248,1.0512297101085248
1992-10-16,0.04557523960776363,0.04557523960776363,1.0038088096200153,1.0038088096200153
1992-10-17,0.045945770003698296,0.045945770003698296,0.9336736961330739,0.9336736961330739
1992-10-18,0.04001728356499509,0.04001728356499509,0.883463330909946,0.883463330909946
1992-10-19,0.04001728356499509,0.04001728356499509,0.8412228650481329,0.8412228650481329
1992-10-20,0.0444636483940225,0.0444636483940225,0.845207814589317,0.845207814589317
1992-10-21,0.04742789163931123,0.04742789163931123,0.8121327326164387,0.8121327326164387
1992-10-22,0.03964675316906043,0.03964675316906043,0.6108927768813875,0.6108927768813875
1992-10-23,0.04001728356499509,0.04001728356499509,0.7005541432317101,0.7005541432317101
1992-10-24,0.038164631533447506,0.038164631533447506,0.8436138346612649,0.8436138346612649
1992-10-25,0.03779410113751284,0.03779410113751284,0.6603061521404892,0.6603061521404892
1992-10-26,0.045204709211828974,0.045204709211828974,0.7017496283172225,0.7017496283172225
1992-10-27,0.04038781396092977,0.04038781396092977,0.6750504657776065,0.6750504657776065
1992-10-28,0.0370530403456435,0.0370530403456435,0.5666598359700361,0.5666598359700361
1992-10-29,0.03742357074157816,0.03742357074157816,0.4710210453079374,0.4710210453079374
1992-10-30,0.03557091871003057,0.03557091871003057,0.1685633689673424,0.1685633689673424
1992-10-31,0.0073488529988167345,0.0073488529988167345,0.12911236772856907,0.12911236772856907
1992-11-01,0.006484282058542328,0.006484282058542328,0.091122514673493,0.091122514673493
1992-11-02,0.006484282058542328,0.006484282058542328,0.091122514673493,0.091122514673493
1992-11-03,0.007040077662819179,0.007040077662819179,0.1120435001831296,0.1120435001831296
1992-11-04,0.009263260082520305,0.009263260082520305,0.15421755034013293,0.15421755034013293
1992-11-05,0.009263260082520305,0.009263260082520305,0.15421755034013293,0.15421755034013293
1992-11-06,0.008892729681398212,0.008892729681398212,0.16099196467172458,0.16099196467172458
1992-11-07,0.007781138470250793,0.007781138470250793,0.16099196467172458,0.16099196467172458
1992-11-08,0.007781138470250793,0.007781138470250793,0.16099196467172458,0.16099196467172458
1992-11-09,0.007781138470250793,0.007781138470250793,0.1605934697176062,0.1605934697176062
1992-11-10,0.007781138470250793,0.007781138470250793,0.11855225122127387,0.11855225122127387
1992-11-11,0.007781138470250793,0.007781138470250793,0.11855225122127387,0.11855225122127387
1992-11-12,0.007781138470250793,0.007781138470250793,0.11855225122127387,0.11855225122127387
1992-11-13,0.007781138470250793,0.007781138470250793,0.1152978756882544,0.1152978756882544
1992-11-14,0.0073488529988167345,0.0073488529988167345,0.11297332175203743,0.11297332175203743
1992-11-15,0.01469770600022718,0.01469770600022718,0.11297332175203743,0.11297332175203743
1992-11-16,0.009510280353393318,0.009510280353393318,0.11297332175203743,0.11297332175203743
1992-11-17,0.009510280353393318,0.009510280353393318,0.11297332175203743,0.11297332175203743
1992-11-18,0.006051996587108269,0.006051996587108269,0.11390314332094531,0.11390314332094531
1992-11-19,0.006051996587108269,0.006051996587108269,0.11483296491774782,0.11483296491774782
1992-11-20,0.005619711118267921,0.005619711118267921,0.11390314332094531,0.11390314332094531
1992-11-21,0.005619711118267921,0.005619711118267921,0.11390314332094531,0.11390314332094531
1992-11-22,0.005619711118267921,0.005619711118267921,0.11390314332094531,0.11390314332094531
1992-11-23,0.005187425646833862,0.005187425646833862,0.11483296491774782,0.11483296491774782
1992-11-24,0.005187425646833862,0.005187425646833862,0.11390314332094531,0.11390314332094531
1992-11-25,0.005557956050549668,0.005557956050549668,0.11297332175203743,0.11297332175203743
1992-11-26,0.005557956050549668,0.005557956050549668,0.11297332175203743,0.11297332175203743
1992-11-27,0.0044463648394022495,0.0044463648394022495,0.11297332175203743,0.11297332175203743
1992-11-28,0.0044463648394022495,0.0044463648394022495,0.11250841095363621,0.11250841095363621
1992-11-29,0.0014821216122695123,0.0014821216122695123,0.11250841095363621,0.11250841095363621
1992-11-30,0.0011115912111474189,0.0011115912111474189,0.053557722904669605,0.053557722904669605
1992-12-01,0.0011115912111474189,0.0011115912111474189,0.04797879343543318,0.04797879343543318
1992-12-02,0.0011115912111474189,0.0011115912111474189,0.04853668638235682,0.04853668638235682
1992-12-03,0.0011115912111474189,0.0011115912111474189,0.04853668638235682,0.04853668638235682
1992-12-04,0.0007410608074316124,0.0007410608074316124,0.03858759548625367,0.03858759548625367
1992-12-05,0.0007410608074316124,0.0007410608074316124,0.03951741708305617,0.03951741708305617
1992-12-06,0.0007410608074316124,0.0007410608074316124,0.04742090048850955,0.04742090048850955
1992-12-07,0.0007410608074316124,0.0007410608074316124,0.04797879343543318,0.04797879343543318
1992-12-08,0.0007410608074316124,0.0007410608074316124,0.045189328700814976,0.045189328700814976
1992-12-09,0.0007410608074316124,0.0007410608074316124,0.045189328700814976,0.045189328700814976
1992-12-10,0.0007410608074316124,0.0007410608074316124,0.045189328700814976,0.045189328700814976
1992-12-11,0.0007410608074316124,0.0007410608074316124,0.045189328700814976,0.045189328700814976
1992-12-12,0.0007410608074316124,0.0007410608074316124,0.04686300754158589,0.04686300754158589
1992-12-13,0.0018526520159853187,0.0018526520159853187,0.04630511459466227,0.04630511459466227
1992-12-14,0.0022231824197011247,0.0022231824197011247,0.04686300754158589,0.04686300754158589
1992-12-15,0.0022231824197011247,0.0022231824197011247,0.05369719614140051,0.05369719614140051
1992-12-16,0.0022231824197011247,0.0022231824197011247,0.05369719614140051,0.05369719614140051
1992-12-17,0.0022231824197011247,0.0022231824197011247,0.05369719614140051,0.05369719614140051
1992-12-18,0.0008645709402744061,0.0008645709402744061,0.027336754399258447,0.027336754399258447
1992-12-19,0.0008645709402744061,0.0008645709402744061,0.04742090048850955,0.04742090048850955
1992-12-20,0.0008645709402744061,0.0008645709402744061,0.04742090048850955,0.04742090048850955
1992-12-21,0.0008645709402744061,0.0008645709402744061,0.04742090048850955,0.04742090048850955
1992-12-22,0.0008645709402744061,0.0008645709402744061,0.05299982995774596,0.05299982995774596
1992-12-23,0.0008645709402744061,0.0008645709402744061,0.05369719614140051,0.05369719614140051
1992-12-24,0.0008645709402744061,0.0008645709402744061,0.05439456232505507,0.05439456232505507
1992-12-25,0.0005187425646833863,0.0005187425646833863,0.05439456232505507,0.05439456232505507
1992-12-26,0.0005187425646833863,0.0005187425646833863,0.05439456232505507,0.05439456232505507
1992-12-27,0.003025998294850991,0.003025998294850991,0.05439456232505507,0.05439456232505507
1992-12-28,0.003025998294850991,0.003025998294850991,0.05648666087601872,0.05648666087601872
1992-12-29,0.003112455388100317,0.003112455388100317,0.05369719614140051,0.05369719614140051
1992-12-30,0.003112455388100317,0.003112455388100317,0.04965247227620411,0.04965247227620411
1992-12-31,0.003112455388100317,0.003112455388100317,0.04909457932928048,0.04909457932928048
1993-01-01,0.0034582837636913367,0.0034582837636913367,0.04909457932928048,0.04909457932928048
1993-01-02,0.003025998294850991,0.003025998294850991,0.04965247227620411,0.04965247227620411
1993-01-03,0.003025998294850991,0.003025998294850991,0.04965247227620411,0.04965247227620411
1993-01-04,0.0036311979527837036,0.0036311979527837036,0.04965247227620411,0.04965247227620411
1993-01-05,0.0034582837636913367,0.0034582837636913367,0.04965247227620411,0.04965247227620411
1993-01-06,0.0034582837636913367,0.0034582837636913367,0.049512999039473204,0.049512999039473204
1993-01-07,0.0034582837636913367,0.0034582837636913367,0.049512999039473204,0.049512999039473204
1993-01-08,0.0034582837636913367,0.0034582837636913367,0.049512999039473204,0.049512999039473204
1993-01-09,0.002593712823416931,0.002593712823416931,0.04630511459466227,0.04630511459466227
1993-01-10,0.0021614273519828717,0.0021614273519828717,0.04574722164773862,0.04574722164773862
1993-01-11,0.0021614273519828717,0.0021614273519828717,0.04574722164773862,0.04574722164773862
1993-01-12,0.0021614273519828717,0.0021614273519828717,0.04686300754158589,0.04686300754158589
1993-01-13,0.0021614273519828717,0.0021614273519828717,0.04630511459466227,0.04630511459466227
1993-01-14,0.0021614273519828717,0.0021614273519828717,0.04797879343543318,0.04797879343543318
1993-01-15,0.0021614273519828717,0.0021614273519828717,0.04797879343543318,0.04797879343543318
1993-01-16,0.0021614273519828717,0.0021614273519828717,0.04909457932928048,0.04909457932928048
1993-01-17,0.0021614273519828717,0.0021614273519828717,0.05076825817005139,0.05076825817005139
1993-01-18,0.0021614273519828717,0.0021614273519828717,0.04965247227620411,0.04965247227620411
1993-01-19,0.0021614273519828717,0.0021614273519828717,0.04965247227620411,0.04965247227620411
1993-01-20,0.0021614273519828717,0.0021614273519828717,0.04909457932928048,0.04909457932928048
1993-01-21,0.0021614273519828717,0.0021614273519828717,0.04686300754158589,0.04686300754158589
1993-01-22,0.0018526520159853187,0.0018526520159853187,0.04742090048850955,0.04742090048850955
1993-01-23,0.0018526520159853187,0.0018526520159853187,0.04742090048850955,0.04742090048850955
1993-01-24,0.0021614273519828717,0.0021614273519828717,0.04686300754158589,0.04686300754158589
1993-01-25,0.0021614273519828717,0.0021614273519828717,0.04686300754158589,0.04686300754158589
1993-01-26,0.0021614273519828717,0.0021614273519828717,0.04742090048850955,0.04742090048850955
1993-01-27,0.0021614273519828717,0.0021614273519828717,0.04797879343543318,0.04797879343543318
1993-01-28,0.0021614273519828717,0.0021614273519828717,0.04909457932928048,0.04909457932928048
1993-01-29,0.0021614273519828717,0.0021614273519828717,0.04630511459466227,0.04630511459466227
1993-01-30,0.002593712823416931,0.002593712823416931,0.04742090048850955,0.04742090048850955
1993-01-31,0.002593712823416931,0.002593712823416931,0.04630511459466227,0.04630511459466227
1993-02-01,0.002593712823416931,0.002593712823416931,0.04574722164773862,0.04574722164773862
1993-02-02,0.002593712823416931,0.002593712823416931,0.04574722164773862,0.04574722164773862
1993-02-03,0.002593712823416931,0.002593712823416931,0.04630511459466227,0.04630511459466227
1993-02-04,0.002593712823416931,0.002593712823416931,0.04630511459466227,0.04630511459466227
1993-02-05,0.002593712823416931,0.002593712823416931,0.04742090048850955,0.04742090048850955
1993-02-06,0.002593712823416931,0.002593712823416931,0.04742090048850955,0.04742090048850955
1993-02-07,0.002593712823416931,0.002593712823416931,0.04742090048850955,0.04742090048850955
1993-02-08,0.002593712823416931,0.002593712823416931,0.04742090048850955,0.04742090048850955
1993-02-09,0.002593712823416931,0.002593712823416931,0.04239986396619677,0.04239986396619677
1993-02-10,0.002593712823416931,0.002593712823416931,0.05634718763928781,0.05634718763928781
1993-02-11,0.002593712823416931,0.002593712823416931,0.05690508058621145,0.05690508058621145
1993-02-12,0.002593712823416931,0.002593712823416931,0.05690508058621145,0.05690508058621145
1993-02-13,0.002593712823416931,0.002593712823416931,0.05690508058621145,0.05690508058621145
1993-02-14,0.002593712823416931,0.002593712823416931,0.0602524382677533,0.0602524382677533
1993-02-15,0.002593712823416931,0.002593712823416931,0.0602524382677533,0.0602524382677533
1993-02-16,0.0038905692351253966,0.0038905692351253966,0.05969454532082966,0.05969454532082966
1993-02-17,0.0038905692351253966,0.0038905692351253966,0.06764451981449154,0.06764451981449154
1993-02-18,0.0038905692351253966,0.0038905692351253966,0.06764451981449154,0.06764451981449154
1993-02-19,0.0038905692351253966,0.0038905692351253966,0.06764451981449154,0.06764451981449154
1993-02-20,0.0038905692351253966,0.0038905692351253966,0.06694715363083702,0.06694715363083702
1993-02-21,0.0038905692351253966,0.0038905692351253966,0.06694715363083702,0.06694715363083702
1993-02-22,0.0038905692351253966,0.0038905692351253966,0.06764451981449154,0.06764451981449154
1993-02-23,0.0021614273519828717,0.0021614273519828717,0.16625209818324524,0.16625209818324524
1993-02-24,0.0021614273519828717,0.0021614273519828717,0.16513631228939796,0.16513631228939796
1993-02-25,0.0021614273519828717,0.0021614273519828717,0.16513631228939796,0.16513631228939796
1993-02-26,0.0021614273519828717,0.0021614273519828717,0.16513631228939796,0.16513631228939796
1993-02-27,0.0021614273519828717,0.0021614273519828717,0.0641576888962188,0.0641576888962188
1993-02-28,0.0029642432271327376,0.0029642432271327376,0.0641576888962188,0.0641576888962188
1993-03-01,0.0029642432271327376,0.0029642432271327376,0.14133287989662077,0.14133287989662077
1993-03-02,0.002593712823416931,0.002593712823416931,0.299030619551072,0.299030619551072
1993-03-03,0.002593712823416931,0.002593712823416931,0.5188404406389868,0.5188404406389868
1993-03-04,0.002593712823416931,0.002593712823416931,0.6895556823976211,0.6895556823976211
1993-03-05,0.0029642432271327376,0.0029642432271327376,0.7397660476207489,0.7397660476207489
1993-03-06,0.0170443985527711,0.0170443985527711,0.7380923687799781,0.7380923687799781
1993-03-07,0.01963811137618803,0.01963811137618803,0.7397660476207489,0.7397660476207489
1993-03-08,0.019267580975065937,0.019267580975065937,0.8513446370054771,0.8513446370054771
1993-03-09,0.018897050571350132,0.018897050571350132,0.9679442629125183,0.9679442629125183
1993-03-10,0.018897050571350132,0.018897050571350132,0.9690600488063655,0.9690600488063655
1993-03-11,0.020008641779903837,0.020008641779903837,0.9657126911248237,0.9657126911248237
1993-03-12,0.02037917218361964,0.02037917218361964,0.9082497175916886,0.9082497175916886
1993-03-13,0.02334341541075238,0.02334341541075238,0.9155023259016961,0.9155023259016961
1993-03-14,0.023713945814468188,0.023713945814468188,0.8228920967123715,0.8228920967123715
1993-03-15,0.02334341541075238,0.02334341541075238,0.893093625959912,0.893093625959912
1993-03-16,0.02704871944791044,0.02704871944791044,0.8935585365630506,0.8935585365630506
1993-03-17,0.02741924984384511,0.02741924984384511,0.8470674578387115,0.8470674578387115
1993-03-18,0.02223182419960496,0.02223182419960496,0.8991374660322871,0.8991374660322871
1993-03-19,0.018897050571350132,0.018897050571350132,0.7833746795456316,0.7833746795456316
1993-03-20,0.018526520167634324,0.018526520167634324,0.7322344928372798,0.7322344928372798
1993-03-21,0.02223182419960496,0.02223182419960496,0.6280280601316367,0.6280280601316367
1993-03-22,0.02853084105758624,0.02853084105758624,0.8300650061096603,0.8300650061096603
1993-03-23,0.03408879710035477,0.03408879710035477,1.0484402453739063,1.0484402453739063
1993-03-24,0.03779410113751284,0.03779410113751284,1.0695604781653398,1.0695604781653398
1993-03-25,0.038164631533447506,0.038164631533447506,1.0898837212716934,1.0898837212716934
1993-03-26,0.04409311799808782,0.04409311799808782,1.072349942899958,1.072349942899958
1993-03-27,0.04261099638841203,0.04261099638841203,1.0328989417727632,1.0328989417727632
1993-03-28,0.040758344356864436,0.040758344356864436,1.096259640704956,1.096259640704956
1993-03-29,0.038164631533447506,0.038164631533447506,1.1078159944859687,1.1078159944859687
1993-03-30,0.0414994051746709,0.0414994051746709,1.3445220020859763,1.3445220020859763
1993-03-31,0.0414994051746709,0.0414994051746709,1.2074397352471444,1.2074397352471444
1993-04-01,0.08688937958446719,0.08688937958446719,1.5816265045285243,1.5816265045285243
1993-04-02,0.06873338982054866,0.06873338982054866,1.54117926587656,1.54117926587656
1993-04-03,0.06873338982054866,0.06873338982054866,1.3738113817994677,1.3738113817994677
1993-04-04,0.07392081546738254,0.07392081546738254,1.3556798610244494,1.3556798610244494
1993-04-05,0.07521767187909101,0.07521767187909101,1.376600846534086,1.376600846534086
1993-04-06,0.07262395905567408,0.07262395905567408,1.376600846534086,1.376600846534086
1993-04-07,0.07262395905567408,0.07262395905567408,1.4658637180418685,1.4658637180418685
1993-04-08,0.07262395905567408,0.07262395905567408,1.4895741682861232,1.4895741682861232
1993-04-09,0.06484282058542327,0.06484282058542327,1.2580485953128122,1.2580485953128122
1993-04-10,0.07781138470250792,0.07781138470250792,1.1687857238050294,1.1687857238050294
1993-04-11,0.08040509752592487,0.08040509752592487,1.2022593006204478,1.2022593006204478
1993-04-12,0.09207680523130105,0.09207680523130105,1.1966803711512115,1.1966803711512115
1993-04-13,0.07651452829079947,0.07651452829079947,1.2608380600474303,1.2608380600474303
1993-04-14,0.07651452829079947,0.07651452829079947,1.0809175846645558,1.0809175846645558
1993-04-15,0.06484282058542327,0.06484282058542327,0.9777073894836822,0.9777073894836822
1993-04-16,0.06484282058542327,0.06484282058542327,1.0530229373183737,1.0530229373183737
1993-04-17,0.06484282058542327,0.06484282058542327,1.0864965141337921,1.0864965141337921
1993-04-18,0.06484282058542327,0.06484282058542327,1.108812232010738,1.108812232010738
1993-04-19,0.0829988103493418,0.0829988103493418,1.1604173296011746,1.1604173296011746
1993-04-20,0.0829988103493418,0.0829988103493418,1.350100931555213,1.350100931555213
1993-04-21,0.08429566676105026,0.08429566676105026,1.4561005914707046,1.4561005914707046
1993-04-22,0.0907799488195926,0.0907799488195926,1.5899948987323789,1.5899948987323789
1993-04-23,0.09207680523130105,0.09207680523130105,1.630442137384343,1.630442137384343
1993-04-24,0.10374851293667725,0.10374851293667725,1.7699153741152531,1.7699153741152531
1993-04-25,0.10374851293667725,0.10374851293667725,1.846625654317254,1.846625654317254
1993-04-26,0.10115480011326032,0.10115480011326032,1.896836019540382,1.896836019540382
1993-04-27,0.10374851293667725,0.10374851293667725,2.376623953894714,2.376623953894714
1993-04-28,0.10245165652496876,0.10245165652496876,2.376623953894714,2.376623953894714
1993-04-29,0.0972642308781349,0.0972642308781349,2.2678348292446033,2.2678348292446033
1993-04-30,0.07651452829079947,0.07651452829079947,2.1562562398598755,2.1562562398598755
1993-05-01,0.07781138470250792,0.07781138470250792,2.1562562398598755,2.1562562398598755
1993-05-02,0.06484282058542327,0.06484282058542327,2.016783003128965,2.016783003128965
1993-05-03,0.06484282058542327,0.06484282058542327,1.6680999113016888,1.6680999113016888
1993-05-04,0.06354596417371482,0.06354596417371482,1.577442307426597,1.577442307426597
1993-05-05,0.06354596417371482,0.06354596417371482,1.3821797760033223,1.3821797760033223
1993-05-06,0.06354596417371482,0.06354596417371482,1.4337848735937593,1.4337848735937593
1993-05-07,0.06484282058542327,0.06484282058542327,1.4658637180418685,1.4658637180418685
1993-05-08,0.07003024623225713,0.07003024623225713,1.8257046688076173,1.8257046688076173
1993-05-09,0.06873338982054866,0.06873338982054866,2.3710450244254773,2.3710450244254773
1993-05-10,0.07003024623225713,0.07003024623225713,2.527255049564097,2.527255049564097
1993-05-11,0.07132710264396559,0.07132710264396559,2.596991667929552,2.596991667929552
1993-05-12,0.0907799488195926,0.0907799488195926,2.590018006093007,2.590018006093007
1993-05-13,0.10374851293667725,0.10374851293667725,2.384992348098568,2.384992348098568
1993-05-14,0.1089359385835111,0.1089359385835111,2.5188866553602423,2.5188866553602423
1993-05-15,0.11152965140692804,0.11152965140692804,2.8633855500855905,2.8633855500855905
1993-05-16,0.12320135911230422,0.12320135911230422,3.140937291180103,3.140937291180103
1993-05-17,0.12320135911230422,0.12320135911230422,3.2790157955437045,3.2790157955437045
1993-05-18,0.11282650781863648,0.11282650781863648,3.542620212965125,3.542620212965125
1993-05-19,0.11282650781863648,0.11282650781863648,3.542620212965125,3.542620212965125
1993-05-20,0.11152965140692804,0.11152965140692804,3.6904618438998895,3.6904618438998895
1993-05-21,0.11282650781863648,0.11282650781863648,4.044723865196402,4.044723865196402
1993-05-22,0.14006049246451427,0.14006049246451427,3.9331452758116736,3.9331452758116736
1993-05-23,0.14006049246451427,0.14006049246451427,3.6263041550036705,3.6263041550036705
1993-05-24,0.14135734887622275,0.14135734887622275,3.6263041550036705,3.6263041550036705
1993-05-25,0.14135734887622275,0.14135734887622275,3.5119361008843244,3.5119361008843244
1993-05-26,0.14913848734647353,0.14913848734647353,3.6249094226363616,3.6249094226363616
1993-05-27,0.14654477452305661,0.14654477452305661,3.6514093376152346,3.6514093376152346
1993-05-28,0.14913848734647353,0.14913848734647353,3.6514093376152346,3.6514093376152346
1993-05-29,0.15173220016989047,0.15173220016989047,3.6918565762671993,3.6918565762671993
1993-05-30,0.14913848734647353,0.14913848734647353,3.7183564912460723,3.7183564912460723
1993-05-31,0.15173220016989047,0.15173220016989047,3.828540348263491,3.828540348263491
1993-06-01,0.15173220016989047,0.15173220016989047,3.894092769527019,3.894092769527019
1993-06-02,0.13357621040597195,0.13357621040597195,3.9708030497290205,3.9708030497290205
1993-06-03,0.14913848734647353,0.14913848734647353,3.894092769527019,3.894092769527019
1993-06-04,0.14524791811134816,0.14524791811134816,3.793672039080764,3.793672039080764
1993-06-05,0.14524791811134816,0.14524791811134816,3.83132981299811,3.83132981299811
1993-06-06,0.1582164822284328,0.1582164822284328,3.5788832545151616,3.5788832545151616
1993-06-07,0.15173220016989047,0.15173220016989047,3.3445682168072324,3.3445682168072324
1993-06-08,0.15173220016989047,0.15173220016989047,3.3445682168072324,3.3445682168072324
1993-06-09,0.15173220016989047,0.15173220016989047,3.2162528390147944,3.2162528390147944
1993-06-10,0.15173220016989047,0.15173220016989047,3.177200332730139,3.177200332730139
1993-06-11,0.15173220016989047,0.15173220016989047,3.3543313433783957,3.3543313433783957
1993-06-12,0.14913848734647353,0.14913848734647353,3.5788832545151616,3.5788832545151616
1993-06-13,0.1659976206986836,0.1659976206986836,3.7657773917345816,3.7657773917345816
1993-06-14,0.1647007642869751,0.1647007642869751,3.7657773917345816,3.7657773917345816
1993-06-15,0.16340390787526665,0.16340390787526665,3.7657773917345816,3.7657773917345816
1993-06-16,0.15562276940501585,0.15562276940501585,3.6541988023498533,3.6541988023498533
1993-06-17,0.15562276940501585,0.15562276940501585,3.54959387480167,3.54959387480167
1993-06-18,0.15691962581672436,0.15691962581672436,3.7281196178172356,3.7281196178172356
1993-06-19,0.15562276940501585,0.15562276940501585,3.7197512236133807,3.7197512236133807
1993-06-20,0.15562276940501585,0.15562276940501585,3.8006457009173085,3.8006457009173085
1993-06-21,0.1543259129933074,0.1543259129933074,4.007066091279056,4.007066091279056
1993-06-22,0.16340390787526665,0.16340390787526665,4.044723865196402,4.044723865196402
1993-06-23,0.1647007642869751,0.1647007642869751,4.044723865196402,4.044723865196402
1993-06-24,0.16210705146355817,0.16210705146355817,3.895487501894328,3.895487501894328
1993-06-25,0.16210705146355817,0.16210705146355817,3.9708030497290205,3.9708030497290205
1993-06-26,0.17118504634551746,0.17118504634551746,4.01682921785022,4.01682921785022
1993-06-27,0.17118504634551746,0.17118504634551746,4.11027628645993,4.11027628645993
1993-06-28,0.15951333864014125,0.15951333864014125,4.156302454581131,4.156302454581131
1993-06-29,0.15302905658159893,0.15302905658159893,4.082381639113748,4.082381639113748
1993-06-30,0.16340390787526665,0.16340390787526665,4.193960228498476,4.193960228498476
1993-07-01,0.16340390787526665,0.16340390787526665,4.146539328009967,4.146539328009967
1993-07-02,0.16340390787526665,0.16340390787526665,4.184197101927313,4.184197101927313
1993-07-03,0.16340390787526665,0.16340390787526665,4.166065581152294,4.166065581152294
1993-07-04,0.16340390787526665,0.16340390787526665,4.023802879686765,4.023802879686765
1993-07-05,0.16340390787526665,0.16340390787526665,4.034960738625238,4.034960738625238
1993-07-06,0.16340390787526665,0.16340390787526665,4.034960738625238,4.034960738625238
1993-07-07,0.15951333864014125,0.15951333864014125,3.894092769527019,3.894092769527019
1993-07-08,0.15691962581672436,0.15691962581672436,4.03356600625793,4.03356600625793
1993-07-09,0.16729447711039205,0.16729447711039205,4.117249948296475,4.117249948296475
1993-07-10,0.17248190275722594,0.17248190275722594,4.03356600625793,4.03356600625793
1993-07-11,0.1685913335221005,0.1685913335221005,3.894092769527019,3.894092769527019
1993-07-12,0.16340390787526665,0.16340390787526665,3.894092769527019,3.894092769527019
1993-07-13,0.16340390787526665,0.16340390787526665,3.9708030497290205,3.9708030497290205
1993-07-14,0.1543259129933074,0.1543259129933074,3.942908402382838,3.942908402382838
1993-07-15,0.15951333864014125,0.15951333864014125,3.942908402382838,3.942908402382838
1993-07-16,0.16340390787526665,0.16340390787526665,4.0363554709925475,4.0363554709925475
1993-07-17,0.16081019505184974,0.16081019505184974,4.082381639113748,4.082381639113748
1993-07-18,0.16340390787526665,0.16340390787526665,4.11027628645993,4.11027628645993
1993-07-19,0.1647007642869751,0.1647007642869751,4.184197101927313,4.184197101927313
1993-07-20,0.16081019505184974,0.16081019505184974,4.184197101927313,4.184197101927313
1993-07-21,0.169888189933809,0.169888189933809,4.092144765684911,4.092144765684911
1993-07-22,0.16729447711039205,0.16729447711039205,4.20511808743695,4.20511808743695
1993-07-23,0.16729447711039205,0.16729447711039205,4.202328622702331,4.202328622702331
1993-07-24,0.16729447711039205,0.16729447711039205,4.192565496131167,4.192565496131167
1993-07-25,0.1659976206986836,0.1659976206986836,4.266486311598549,4.266486311598549
1993-07-26,0.16729447711039205,0.16729447711039205,4.304144085515896,4.304144085515896
1993-07-27,0.16729447711039205,0.16729447711039205,4.122828877765713,4.122828877765713
1993-07-28,0.16340390787526665,0.16340390787526665,4.021013414952148,4.021013414952148
1993-07-29,0.1659976206986836,0.1659976206986836,3.8843296429558554,3.8843296429558554
1993-07-30,0.1647007642869751,0.1647007642869751,3.8341192777327278,3.8341192777327278
1993-07-31,0.1647007642869751,0.1647007642869751,4.0112502883809835,4.0112502883809835
1993-08-01,0.16729447711039205,0.16729447711039205,4.057276456502184,4.057276456502184
1993-08-02,0.15302905658159893,0.15302905658159893,3.940118937648219,3.940118937648219
1993-08-03,0.1543259129933074,0.1543259129933074,3.8815401782212375,3.8815401782212375
1993-08-04,0.15562276940501585,0.15562276940501585,3.6290936197382893,3.6290936197382893
1993-08-05,0.15302905658159893,0.15302905658159893,3.5551728042709065,3.5551728042709065
1993-08-06,0.1543259129933074,0.1543259129933074,3.4156995675399964,3.4156995675399964
1993-08-07,0.16081019505184974,0.16081019505184974,3.4156995675399964,3.4156995675399964
1993-08-08,0.1543259129933074,0.1543259129933074,3.4059364409688326,3.4059364409688326
1993-08-09,0.14654477452305661,0.14654477452305661,3.312489372359122,3.312489372359122
1993-08-10,0.14654477452305661,0.14654477452305661,3.276226330809086,3.276226330809086
1993-08-11,0.14654477452305661,0.14654477452305661,3.20788444481094,3.20788444481094
1993-08-12,0.1543259129933074,0.1543259129933074,3.184173994566685,3.184173994566685
1993-08-13,0.14524791811134816,0.14524791811134816,3.2859894573802495,3.2859894573802495
1993-08-14,0.15302905658159893,0.15302905658159893,3.304120978155268,3.304120978155268
1993-08-15,0.14524791811134816,0.14524791811134816,3.304120978155268,3.304120978155268
1993-08-16,0.14524791811134816,0.14524791811134816,3.2957525839514132,3.2957525839514132
1993-08-17,0.14006049246451427,0.14006049246451427,3.426857426478469,3.426857426478469
1993-08-18,0.13487306681768044,0.13487306681768044,3.2999367810533404,3.2999367810533404
1993-08-19,0.12190450270059575,0.12190450270059575,3.1995160506070857,3.1995160506070857
1993-08-20,0.12320135911230422,0.12320135911230422,3.1660424737916664,3.1660424737916664
1993-08-21,0.1089359385835111,0.1089359385835111,3.1214110380377758,3.1214110380377758
1993-08-22,0.1089359385835111,0.1089359385835111,3.12977943224163,3.12977943224163
1993-08-23,0.10504536934838571,0.10504536934838571,3.12977943224163,3.12977943224163
1993-08-24,0.10504536934838571,0.10504536934838571,3.026569237060756,3.026569237060756
1993-08-25,0.11931078987717883,0.11931078987717883,2.909411718206792,2.909411718206792
1993-08-26,0.11801393346547037,0.11801393346547037,2.7378596370277717,2.7378596370277717
1993-08-27,0.12968564117084655,0.12968564117084655,2.675096680498862,2.675096680498862
1993-08-28,0.12190450270059575,0.12190450270059575,2.537018176135261,2.537018176135261
1993-08-29,0.1089359385835111,0.1089359385835111,2.5425971056044974,2.5425971056044974
1993-08-30,0.10374851293667725,0.10374851293667725,2.6053600621334065,2.6053600621334065
1993-08-31,0.10245165652496876,0.10245165652496876,2.668123018662316,2.668123018662316
1993-09-01,0.10245165652496876,0.10245165652496876,2.5774654147872247,2.5774654147872247
1993-09-02,0.10374851293667725,0.10374851293667725,2.6792808776007893,2.6792808776007893
1993-09-03,0.10374851293667725,0.10374851293667725,2.55375496454297,2.55375496454297
1993-09-04,0.10374851293667725,0.10374851293667725,2.534228711400642,2.534228711400642
1993-09-05,0.10374851293667725,0.10374851293667725,2.389176545200496,2.389176545200496
1993-09-06,0.10374851293667725,0.10374851293667725,2.389176545200496,2.389176545200496
1993-09-07,0.11801393346547037,0.11801393346547037,2.3194399268350407,2.3194399268350407
1993-09-08,0.11801393346547037,0.11801393346547037,2.3598871654870046,2.3598871654870046
1993-09-09,0.1167170770537619,0.1167170770537619,2.2678348292446033,2.2678348292446033
1993-09-10,0.11542022064205343,0.11542022064205343,2.2748084910811492,2.2748084910811492
1993-09-11,0.1167170770537619,0.1167170770537619,2.122782663044457,2.122782663044457
1993-09-12,0.1089359385835111,0.1089359385835111,2.122782663044457,2.122782663044457
1993-09-13,0.08818623599617564,0.08818623599617564,2.122782663044457,2.122782663044457
1993-09-14,0.08818623599617564,0.08818623599617564,2.1353352543502386,2.1353352543502386
1993-09-15,0.07392081546738254,0.07392081546738254,1.9177570050500183,1.9177570050500183
1993-09-16,0.07392081546738254,0.07392081546738254,1.6918103615459434,1.6918103615459434
1993-09-17,0.07392081546738254,0.07392081546738254,1.5091004214284507,1.5091004214284507
1993-09-18,0.07392081546738254,0.07392081546738254,1.5593107866515787,1.5593107866515787
1993-09-19,0.07392081546738254,0.07392081546738254,1.7071524175863435,1.7071524175863435
1993-09-20,0.07392081546738254,0.07392081546738254,1.808967880399908,1.808967880399908
1993-09-21,0.0907799488195926,0.0907799488195926,1.72807340309598,1.72807340309598
1993-09-22,0.09467051805471799,0.09467051805471799,1.72807340309598,1.72807340309598
1993-09-23,0.10115480011326032,0.10115480011326032,1.8117573451345266,1.8117573451345266
1993-09-24,0.08818623599617564,0.08818623599617564,1.9833094263135462,1.9833094263135462
1993-09-25,0.08170195393763333,0.08170195393763333,2.051651312311692,2.051651312311692
1993-09-26,0.08170195393763333,0.08170195393763333,2.0112040736597283,2.0112040736597283
1993-09-27,0.07392081546738254,0.07392081546738254,1.9372832581923458,1.9372832581923458
1993-09-28,0.06743653340884022,0.06743653340884022,2.6485967655199887,2.6485967655199887
1993-09-29,0.06873338982054866,0.06873338982054866,1.9303095963558001,1.9303095963558001
1993-09-30,0.07003024623225713,0.07003024623225713,0.6359979594929516,0.6359979594929516
1993-10-01,0.042796261586379364,0.042796261586379364,1.9303095963558001,1.9303095963558001
1993-10-02,0.042796261586379364,0.042796261586379364,0.6053138474121512,0.6053138474121512
1993-10-03,0.042796261586379364,0.042796261586379364,0.5718402705967327,0.5718402705967327
1993-10-04,0.042796261586379364,0.042796261586379364,0.5704455382294236,0.5704455382294236
1993-10-05,0.042796261586379364,0.042796261586379364,0.5676560734948055,0.5676560734948055
1993-10-06,0.042796261586379364,0.042796261586379364,0.6471558184314243,0.6471558184314243
1993-10-07,0.0414994051746709,0.0414994051746709,0.6471558184314243,0.6471558184314243
1993-10-08,0.05576482570346402,0.05576482570346402,0.6471558184314243,0.6471558184314243
1993-10-09,0.05706168211517248,0.05706168211517248,0.6471558184314243,0.6471558184314243
1993-10-10,0.04668683082150476,0.04668683082150476,0.6443663536968062,0.6443663536968062
1993-10-11,0.0453899744097963,0.0453899744097963,0.6443663536968062,0.6443663536968062
1993-10-12,0.0453899744097963,0.0453899744097963,0.5648666087601872,0.5648666087601872
1993-10-13,0.0453899744097963,0.0453899744097963,0.5369719614140052,0.5369719614140052
1993-10-14,0.0453899744097963,0.0453899744097963,0.5369719614140052,0.5369719614140052
1993-10-15,0.03631197952783704,0.03631197952783704,0.5411561585159324,0.5411561585159324
1993-10-16,0.042796261586379364,0.042796261586379364,0.5369719614140052,0.5369719614140052
1993-10-17,0.04409311799808782,0.04409311799808782,0.5369719614140052,0.5369719614140052
1993-10-18,0.042796261586379364,0.042796261586379364,0.5369719614140052,0.5369719614140052
1993-10-19,0.042796261586379364,0.042796261586379364,0.5369719614140052,0.5369719614140052
1993-10-20,0.042796261586379364,0.042796261586379364,0.49234052566011377,0.49234052566011377
1993-10-21,0.042796261586379364,0.042796261586379364,0.49234052566011377,0.49234052566011377
1993-10-22,0.042796261586379364,0.042796261586379364,0.46026168121200445,0.46026168121200445
1993-10-23,0.042796261586379364,0.042796261586379364,0.4560774841100771,0.4560774841100771
1993-10-24,0.04928054364492169,0.04928054364492169,0.4644458783139317,0.4644458783139317
1993-10-25,0.04928054364492169,0.04928054364492169,0.4560774841100771,0.4560774841100771
1993-10-26,0.03371826670442011,0.03371826670442011,0.25523602321756605,0.25523602321756605
1993-10-27,0.03242141029271164,0.03242141029271164,0.3291568386849486,0.3291568386849486
1993-10-28,0.03371826670442011,0.03371826670442011,0.3291568386849486,0.3291568386849486
1993-10-29,0.03371826670442011,0.03371826670442011,0.3249726415830213,0.3249726415830213
1993-10-30,0.03371826670442011,0.03371826670442011,0.08368394203854625,0.08368394203854625
1993-10-31,0.012968564117084656,0.012968564117084656,0.08089447730392804,0.08089447730392804
1993-11-01,0.012968564117084656,0.012968564117084656,0.08089447730392804,0.08089447730392804
1993-11-02,0.012968564117084656,0.012968564117084656,0.08089447730392804,0.08089447730392804
1993-11-03,0.012968564117084656,0.012968564117084656,0.07252608310007341,0.07252608310007341
1993-11-04,0.012968564117084656,0.012968564117084656,0.05578929469236416,0.05578929469236416
1993-11-05,0.012968564117084656,0.012968564117084656,0.04463143575389134,0.04463143575389134
1993-11-06,0.010374851293667725,0.010374851293667725,0.061368224161600586,0.061368224161600586
1993-11-07,0.00907799488195926,0.00907799488195926,0.061368224161600586,0.061368224161600586
1993-11-08,0.00907799488195926,0.00907799488195926,0.061368224161600586,0.061368224161600586
1993-11-09,0.00907799488195926,0.00907799488195926,0.061368224161600586,0.061368224161600586
1993-11-10,0.00907799488195926,0.00907799488195926,0.061368224161600586,0.061368224161600586
1993-11-11,0.00907799488195926,0.00907799488195926,0.061368224161600586,0.061368224161600586
1993-11-12,0.012968564117084656,0.012968564117084656,0.061368224161600586,0.061368224161600586
1993-11-13,0.01815598976391852,0.01815598976391852,0.06973661836545522,0.06973661836545522
1993-11-14,0.01815598976391852,0.01815598976391852,0.06973661836545522,0.06973661836545522
1993-11-15,0.01815598976391852,0.01815598976391852,0.06973661836545522,0.06973661836545522
1993-11-16,0.01815598976391852,0.01815598976391852,0.06973661836545522,0.06973661836545522
1993-11-17,0.01815598976391852,0.01815598976391852,0.06973661836545522,0.06973661836545522
1993-11-18,0.01815598976391852,0.01815598976391852,0.06973661836545522,0.06973661836545522
1993-11-19,0.01815598976391852,0.01815598976391852,0.06973661836545522,0.06973661836545522
1993-11-20,0.01815598976391852,0.01815598976391852,0.061368224161600586,0.061368224161600586
1993-11-21,0.01815598976391852,0.01815598976391852,0.061368224161600586,0.061368224161600586
1993-11-22,0.01815598976391852,0.01815598976391852,0.061368224161600586,0.061368224161600586
1993-11-23,0.01815598976391852,0.01815598976391852,0.061368224161600586,0.061368224161600586
1993-11-24,0.01815598976391852,0.01815598976391852,0.061368224161600586,0.061368224161600586
1993-11-25,0.01815598976391852,0.01815598976391852,0.061368224161600586,0.061368224161600586
1993-11-26,0.01815598976391852,0.01815598976391852,0.061368224161600586,0.061368224161600586
1993-11-27,0.01815598976391852,0.01815598976391852,0.061368224161600586,0.061368224161600586
1993-11-28,0.01815598976391852,0.01815598976391852,0.061368224161600586,0.061368224161600586
1993-11-29,0.01815598976391852,0.01815598976391852,0.061368224161600586,0.061368224161600586
1993-11-30,0.01815598976391852,0.01815598976391852,0.061368224161600586,0.061368224161600586
1993-12-01,0.01815598976391852,0.01815598976391852,0.061368224161600586,0.061368224161600586
1993-12-02,0.01815598976391852,0.01815598976391852,0.05857875942698238,0.05857875942698238
1993-12-03,0.01815598976391852,0.01815598976391852,0.05857875942698238,0.05857875942698238
1993-12-04,0.015562276940501586,0.015562276940501586,0.061368224161600586,0.061368224161600586
1993-12-05,0.015562276940501586,0.015562276940501586,0.061368224161600586,0.061368224161600586
1993-12-06,0.01815598976391852,0.01815598976391852,0.061368224161600586,0.061368224161600586
1993-12-07,0.01815598976391852,0.01815598976391852,0.061368224161600586,0.061368224161600586
1993-12-08,0.01815598976391852,0.01815598976391852,0.061368224161600586,0.061368224161600586
1993-12-09,0.01815598976391852,0.01815598976391852,0.061368224161600586,0.061368224161600586
1993-12-10,0.01815598976391852,0.01815598976391852,0.061368224161600586,0.061368224161600586
1993-12-11,0.01426542052879312,0.01426542052879312,0.061368224161600586,0.061368224161600586
1993-12-12,0.01167170770537619,0.01167170770537619,0.06973661836545522,0.06973661836545522
1993-12-13,0.010374851293667725,0.010374851293667725,0.06973661836545522,0.06973661836545522
1993-12-14,0.00907799488195926,0.00907799488195926,0.05857875942698238,0.05857875942698238
1993-12-15,0.00907799488195926,0.00907799488195926,0.05857875942698238,0.05857875942698238
1993-12-16,0.00907799488195926,0.00907799488195926,0.061368224161600586,0.061368224161600586
1993-12-17,0.00907799488195926,0.00907799488195926,0.061368224161600586,0.061368224161600586
1993-12-18,0.007781138470250793,0.007781138470250793,0.05857875942698238,0.05857875942698238
1993-12-19,0.00907799488195926,0.00907799488195926,0.061368224161600586,0.061368224161600586
1993-12-20,0.00907799488195926,0.00907799488195926,0.061368224161600586,0.061368224161600586
1993-12-21,0.00907799488195926,0.00907799488195926,0.05857875942698238,0.05857875942698238
1993-12-22,0.007781138470250793,0.007781138470250793,0.05857875942698238,0.05857875942698238
1993-12-23,0.006484282058542328,0.006484282058542328,0.05299982995774596,0.05299982995774596
1993-12-24,0.006484282058542328,0.006484282058542328,0.05299982995774596,0.05299982995774596
1993-12-25,0.006484282058542328,0.006484282058542328,0.05299982995774596,0.05299982995774596
1993-12-26,0.006484282058542328,0.006484282058542328,0.05299982995774596,0.05299982995774596
1993-12-27,0.007781138470250793,0.007781138470250793,0.05299982995774596,0.05299982995774596
1993-12-28,0.007781138470250793,0.007781138470250793,0.04742090048850955,0.04742090048850955
1993-12-29,0.007781138470250793,0.007781138470250793,0.04742090048850955,0.04742090048850955
1993-12-30,0.007781138470250793,0.007781138470250793,0.05299982995774596,0.05299982995774596
1993-12-31,0.007781138470250793,0.007781138470250793,0.05299982995774596,0.05299982995774596
1994-01-01,0.007781138470250793,0.007781138470250793,0.04742090048850955,0.04742090048850955
1994-01-02,0.007781138470250793,0.007781138470250793,0.04742090048850955,0.04742090048850955
1994-01-03,0.007781138470250793,0.007781138470250793,0.04742090048850955,0.04742090048850955
1994-01-04,0.007781138470250793,0.007781138470250793,0.05299982995774596,0.05299982995774596
1994-01-05,0.007781138470250793,0.007781138470250793,0.05299982995774596,0.05299982995774596
1994-01-06,0.007781138470250793,0.007781138470250793,0.05299982995774596,0.05299982995774596
1994-01-07,0.007781138470250793,0.007781138470250793,0.05299982995774596,0.05299982995774596
1994-01-08,0.007781138470250793,0.007781138470250793,0.05299982995774596,0.05299982995774596
1994-01-09,0.007781138470250793,0.007781138470250793,0.05299982995774596,0.05299982995774596
1994-01-10,0.007781138470250793,0.007781138470250793,0.05299982995774596,0.05299982995774596
1994-01-11,0.007781138470250793,0.007781138470250793,0.05299982995774596,0.05299982995774596
1994-01-12,0.007781138470250793,0.007781138470250793,0.05578929469236416,0.05578929469236416
1994-01-13,0.007781138470250793,0.007781138470250793,0.05578929469236416,0.05578929469236416
1994-01-14,0.007781138470250793,0.007781138470250793,0.05578929469236416,0.05578929469236416
1994-01-15,0.007781138470250793,0.007781138470250793,0.05578929469236416,0.05578929469236416
1994-01-16,0.007781138470250793,0.007781138470250793,0.05578929469236416,0.05578929469236416
1994-01-17,0.007781138470250793,0.007781138470250793,0.05578929469236416,0.05578929469236416
1994-01-18,0.007781138470250793,0.007781138470250793,0.05578929469236416,0.05578929469236416
1994-01-19,0.007781138470250793,0.007781138470250793,0.05578929469236416,0.05578929469236416
1994-01-20,0.007781138470250793,0.007781138470250793,0.05578929469236416,0.05578929469236416
1994-01-21,0.007781138470250793,0.007781138470250793,0.061368224161600586,0.061368224161600586
1994-01-22,0.007781138470250793,0.007781138470250793,0.05578929469236416,0.05578929469236416
1994-01-23,0.007781138470250793,0.007781138470250793,0.05578929469236416,0.05578929469236416
1994-01-24,0.007781138470250793,0.007781138470250793,0.05578929469236416,0.05578929469236416
1994-01-25,0.007781138470250793,0.007781138470250793,0.05299982995774596,0.05299982995774596
1994-01-26,0.007781138470250793,0.007781138470250793,0.05578929469236416,0.05578929469236416
1994-01-27,0.007781138470250793,0.007781138470250793,0.05578929469236416,0.05578929469236416
1994-01-28,0.007781138470250793,0.007781138470250793,0.05299982995774596,0.05299982995774596
1994-01-29,0.007781138470250793,0.007781138470250793,0.05578929469236416,0.05578929469236416
1994-01-30,0.007781138470250793,0.007781138470250793,0.05578929469236416,0.05578929469236416
1994-01-31,0.007781138470250793,0.007781138470250793,0.05578929469236416,0.05578929469236416
1994-02-01,0.007781138470250793,0.007781138470250793,0.05578929469236416,0.05578929469236416
1994-02-02,0.010374851293667725,0.010374851293667725,0.05578929469236416,0.05578929469236416
1994-02-03,0.010374851293667725,0.010374851293667725,0.061368224161600586,0.061368224161600586
1994-02-04,0.010374851293667725,0.010374851293667725,0.061368224161600586,0.061368224161600586
1994-02-05,0.010374851293667725,0.010374851293667725,0.05578929469236416,0.05578929469236416
1994-02-06,0.010374851293667725,0.010374851293667725,0.05578929469236416,0.05578929469236416
1994-02-07,0.010374851293667725,0.010374851293667725,0.05578929469236416,0.05578929469236416
1994-02-08,0.007781138470250793,0.007781138470250793,0.05578929469236416,0.05578929469236416
1994-02-09,0.007781138470250793,0.007781138470250793,0.05578929469236416,0.05578929469236416
1994-02-10,0.007781138470250793,0.007781138470250793,0.05578929469236416,0.05578929469236416
1994-02-11,0.010374851293667725,0.010374851293667725,0.05578929469236416,0.05578929469236416
1994-02-12,0.010374851293667725,0.010374851293667725,0.05578929469236416,0.05578929469236416
1994-02-13,0.007781138470250793,0.007781138470250793,0.05578929469236416,0.05578929469236416
1994-02-14,0.007781138470250793,0.007781138470250793,0.05578929469236416,0.05578929469236416
1994-02-15,0.007781138470250793,0.007781138470250793,0.05578929469236416,0.05578929469236416
1994-02-16,0.007781138470250793,0.007781138470250793,0.05578929469236416,0.05578929469236416
1994-02-17,0.0,0.0,0.05578929469236416,0.05578929469236416
1994-02-18,0.0,0.0,0.05578929469236416,0.05578929469236416
1994-02-19,0.0,0.0,0.05578929469236416,0.05578929469236416
1994-02-20,0.0,0.0,0.061368224161600586,0.061368224161600586
1994-02-21,0.0,0.0,0.05578929469236416,0.05578929469236416
1994-02-22,0.0,0.0,0.061368224161600586,0.061368224161600586
1994-02-23,0.0,0.0,0.05578929469236416,0.05578929469236416
1994-02-24,0.0,0.0,0.05578929469236416,0.05578929469236416
1994-02-25,0.0,0.0,0.05578929469236416,0.05578929469236416
1994-02-26,0.0,0.0,0.061368224161600586,0.061368224161600586
1994-02-27,0.0,0.0,0.061368224161600586,0.061368224161600586
1994-02-28,0.0,0.0,0.061368224161600586,0.061368224161600586
1994-03-01,0.0,0.0,0.061368224161600586,0.061368224161600586
1994-03-02,0.0,0.0,0.061368224161600586,0.061368224161600586
1994-03-03,0.0,0.0,0.061368224161600586,0.061368224161600586
1994-03-04,0.0,0.0,0.061368224161600586,0.061368224161600586
1994-03-05,0.0,0.0,0.061368224161600586,0.061368224161600586
1994-03-06,0.0,0.0,0.061368224161600586,0.061368224161600586
1994-03-07,0.0038905692351253966,0.0038905692351253966,0.6499452831660426,0.6499452831660426
1994-03-08,0.005187425646833862,0.005187425646833862,0.6527347479006609,0.6527347479006609
1994-03-09,0.005187425646833862,0.005187425646833862,0.6527347479006609,0.6527347479006609
1994-03-10,0.01426542052879312,0.01426542052879312,0.6527347479006609,0.6527347479006609
1994-03-11,0.012968564117084656,0.012968564117084656,0.655524212635279,0.655524212635279
1994-03-12,0.012968564117084656,0.012968564117084656,0.6611031421045154,0.6611031421045154
1994-03-13,0.012968564117084656,0.012968564117084656,0.5258141024755323,0.5258141024755323
1994-03-14,0.01426542052879312,0.01426542052879312,0.454682751742768,0.454682751742768
1994-03-15,0.005187425646833862,0.005187425646833862,0.454682751742768,0.454682751742768
1994-03-16,0.006484282058542328,0.006484282058542328,0.454682751742768,0.454682751742768
1994-03-17,0.006484282058542328,0.006484282058542328,0.454682751742768,0.454682751742768
1994-03-18,0.012968564117084656,0.012968564117084656,0.454682751742768,0.454682751742768
1994-03-19,0.012968564117084656,0.012968564117084656,0.6053138474121512,0.6053138474121512
1994-03-20,0.012968564117084656,0.012968564117084656,1.3054694958013218,1.3054694958013218
1994-03-21,0.012968564117084656,0.012968564117084656,1.3863639731052495,1.3863639731052495
1994-03-22,0.012968564117084656,0.012968564117084656,1.4379690706956867,1.4379690706956867
1994-03-23,0.012968564117084656,0.012968564117084656,1.6276526726497247,1.6276526726497247
1994-03-24,0.04668683082150476,0.04668683082150476,1.6890208968113254,1.6890208968113254
1994-03-25,0.06484282058542327,0.06484282058542327,1.7559680504421622,1.7559680504421622
1994-03-26,0.062249107762006345,0.062249107762006345,1.7559680504421622,1.7559680504421622
1994-03-27,0.06354596417371482,0.06354596417371482,1.7559680504421622,1.7559680504421622
1994-03-28,0.06873338982054866,0.06873338982054866,1.7559680504421622,1.7559680504421622
1994-03-29,0.07003024623225713,0.07003024623225713,1.7559680504421622,1.7559680504421622
1994-03-30,0.07651452829079947,0.07651452829079947,1.6151000813439425,1.6151000813439425
1994-03-31,0.08170195393763333,0.08170195393763333,1.6234684755477973,1.6234684755477973
1994-04-01,0.04853948282711522,0.04853948282711522,1.260041070083404,1.260041070083404
1994-04-02,0.053726908473949085,0.053726908473949085,1.3875594579118158,1.3875594579118158
1994-04-03,0.06113751654826521,0.06113751654826521,1.484792228780913,1.484792228780913
1994-04-04,0.06484282058542327,0.06484282058542327,1.6322353645941918,1.6322353645941918
1994-04-05,0.07521767187909101,0.07521767187909101,1.722693721187487,1.722693721187487
1994-04-06,0.07744085430657327,0.07744085430657327,1.7079494075503696,1.7079494075503696
1994-04-07,0.08003456712999019,0.08003456712999019,1.7936258243595082,1.7936258243595082
1994-04-08,0.07707032388470147,0.07707032388470147,1.8836856858313167,1.8836856858313167
1994-04-09,0.07003024623225713,0.07003024623225713,1.7390320144737097,1.7390320144737097
1994-04-10,0.08262827995340713,0.08262827995340713,1.7350470649325256,1.7350470649325256
1994-04-11,0.07114183744599828,0.07114183744599828,1.6402052639555067,1.6402052639555067
1994-04-12,0.07484714148315633,0.07484714148315633,1.5541303520248821,1.5541303520248821
1994-04-13,0.06780706380477489,0.06780706380477489,1.6513631228939796,1.6513631228939796
1994-04-14,0.07299448945160873,0.07299448945160873,1.7884453897328116,1.7884453897328116
1994-04-15,0.08818623599617564,0.08818623599617564,2.0275423672248976,2.0275423672248976
1994-04-16,0.09596737446642645,0.09596737446642645,2.178173462894281,2.178173462894281
1994-04-17,0.10004320889951919,0.10004320889951919,2.3236241239369675,2.3236241239369675
1994-04-18,0.10004320889951919,0.10004320889951919,2.4619018758613125,2.4619018758613125
1994-04-19,0.10597169536415953,0.10597169536415953,2.3475338217419655,2.3475338217419655
1994-04-20,0.10374851293667725,0.10374851293667725,2.2240003834547384,2.2240003834547384
1994-04-21,0.09559684407049181,0.09559684407049181,2.289752052279009,2.289752052279009
1994-04-22,0.09300313124707485,0.09300313124707485,2.4308192686590253,2.4308192686590253
1994-04-23,0.09744949607610225,0.09744949607610225,2.4738567247638112,2.4738567247638112
1994-04-24,0.10560116494228772,0.10560116494228772,2.4937814727486787,2.4937814727486787
1994-04-25,0.10819487776570463,0.10819487776570463,2.6308637395875105,2.6308637395875105
1994-04-26,0.11227071222473452,0.11227071222473452,2.6073525369039987,2.6073525369039987
1994-04-27,0.11264124262066916,0.11264124262066916,2.69900637830386,2.69900637830386
1994-04-28,0.11264124262066916,0.11264124262066916,2.342353387115269,2.342353387115269
1994-04-29,0.11301177301660384,0.11301177301660384,2.9225620527526956,2.9225620527526956
1994-04-30,0.11412336423034496,0.11412336423034496,3.0150128835586902,3.0150128835586902
1994-05-01,0.1167170770537619,0.1167170770537619,3.0070429839184283,3.0070429839184283
1994-05-02,0.10367070155197473,0.10367070155197473,3.08714047209517,3.08714047209517
1994-05-03,0.1274624587433643,0.1274624587433643,3.1349598671472734,3.1349598671472734
1994-05-04,0.12598033713368853,0.12598033713368853,3.1489071908203643,3.1489071908203643
1994-05-05,0.12523927634181917,0.12523927634181917,3.194335615701442,3.194335615701442
1994-05-06,0.12486874591994737,0.12486874591994737,3.3864101878265047,3.3864101878265047
1994-05-07,0.12709192834742963,0.12709192834742963,3.4449889472534876,3.4449889472534876
1994-05-08,0.12635086752962316,0.12635086752962316,3.5286728892920336,3.5286728892920336
1994-05-09,0.12635086752962316,0.12635086752962316,3.615943285192386,3.615943285192386
1994-05-10,0.1289445803530401,0.1289445803530401,3.676116025663205,3.676116025663205
1994-05-11,0.13116776278052233,0.13116776278052233,3.70241669196555,3.70241669196555
1994-05-12,0.13709624924516267,0.13709624924516267,3.7458526440286604,3.7458526440286604
1994-05-13,0.13968996206857962,0.13968996206857962,3.8056268871464236,3.8056268871464236
1994-05-14,0.14191314447012474,0.14191314447012474,3.86540113305365,3.86540113305365
1994-05-15,0.14524791811134816,0.14524791811134816,3.757408997530727,3.757408997530727
1994-05-16,0.14673003972102394,0.14673003972102394,3.8020404332846183,3.8020404332846183
1994-05-17,0.14561844850728278,0.14561844850728278,3.8247546457251573,3.8247546457251573
1994-05-18,0.14376579650167234,0.14376579650167234,3.7972584929425683,3.7972584929425683
1994-05-19,0.14710057011695862,0.14710057011695862,3.8418899286964603,3.8418899286964603
1994-05-20,0.14747110053883042,0.14747110053883042,3.802837422411805,3.802837422411805
1994-05-21,0.14821216133069975,0.14821216133069975,3.8359789218189615,3.8359789218189615
1994-05-22,0.15043534375818202,0.15043534375818202,3.774610697657361,3.774610697657361
1994-05-23,0.15043534375818202,0.15043534375818202,3.755084444515033,3.755084444515033
1994-05-24,0.14969428294037554,0.14969428294037554,3.7466496331558474,3.7466496331558474
1994-05-25,0.1537701173994054,0.1537701173994054,3.7665743808617687,3.7665743808617687
1994-05-26,0.1537701173994054,0.1537701173994054,3.794867522771543,3.794867522771543
1994-05-27,0.1537701173994054,0.1537701173994054,3.7621909378727763,3.7621909378727763
1994-05-28,0.15525223900908122,0.15525223900908122,3.836709493790817,3.836709493790817
1994-05-29,0.15636383022282235,0.15636383022282235,3.8331230399290117,3.8331230399290117
1994-05-30,0.16340390787526665,0.16340390787526665,3.787694615047934,3.787694615047934
1994-05-31,0.16451549908900778,0.16451549908900778,3.7984539794228134,3.7984539794228134
1994-06-01,0.16822080312616586,0.16822080312616586,3.8745665163846916,3.8745665163846916
1994-06-02,0.16673868151649007,0.16673868151649007,3.934739256855512,3.934739256855512
1994-06-03,0.1685913335221005,0.1685913335221005,3.9443031347501463,3.9443031347501463
1994-06-04,0.1489532221485062,0.1489532221485062,4.022408147319457,4.022408147319457
1994-06-05,0.16488602948494246,0.16488602948494246,4.05946817799668,4.05946817799668
1994-06-06,0.17414928956486905,0.17414928956486905,3.9658218634999054,3.9658218634999054
1994-06-07,0.17489035038267553,0.17489035038267553,3.974987246830947,3.974987246830947
1994-06-08,0.17414928956486905,0.17414928956486905,3.9203934358293635,3.9203934358293635
1994-06-09,0.17340822877299972,0.17340822877299972,3.902461163730874,3.902461163730874
1994-06-10,0.17377875916893437,0.17377875916893437,3.973393265787109,3.973393265787109
1994-06-11,0.17007345513177632,0.17007345513177632,4.078994431139008,4.078994431139008
1994-06-12,0.1763724719923513,0.1763724719923513,4.192963990694761,4.192963990694761
1994-06-13,0.17377875916893437,0.17377875916893437,4.232016496979416,4.232016496979416
1994-06-14,0.17414928956486905,0.17414928956486905,4.246362315216101,4.246362315216101
1994-06-15,0.17785459360202713,0.17785459360202713,4.271467497827664,4.271467497827664
1994-06-16,0.18081883682137867,0.18081883682137867,4.304542580079489,4.304542580079489
1994-06-17,0.17785459360202713,0.17785459360202713,4.261505125369436,4.261505125369436
1994-06-18,0.17489035038267553,0.17489035038267553,4.364316825986716,4.364316825986716
1994-06-19,0.17340822877299972,0.17340822877299972,4.376271674052376,4.376271674052376
1994-06-20,0.17711353281015776,0.17711353281015776,4.292986226577423,4.292986226577423
1994-06-21,0.18044830642544402,0.18044830642544402,4.244369842398133,4.244369842398133
1994-06-22,0.18007777602950936,0.18007777602950936,4.197347436473217,4.197347436473217
1994-06-23,0.17563141117454487,0.17563141117454487,4.213685730317334,4.213685730317334
1994-06-24,0.1811893672432505,0.1811893672432505,4.245565326088914,4.245565326088914
1994-06-25,0.18081883682137867,0.18081883682137867,4.268279538529453,4.268279538529453
1994-06-26,0.18044830642544402,0.18044830642544402,4.25114425555815,4.25114425555815
1994-06-27,0.1811893672432505,0.1811893672432505,4.222851113648375,4.222851113648375
1994-06-28,0.18526520167634325,0.18526520167634325,4.3196853902328245,4.3196853902328245
1994-06-29,0.1845241408585368,0.1845241408585368,4.3491740158333805,4.3491740158333805
1994-06-30,0.18600626246821259,0.18600626246821259,4.514150929739448,4.514150929739448
1994-07-01,0.1878589144997602,0.1878589144997602,4.536865142179987,4.536865142179987
1994-07-02,0.1834125496447956,0.1834125496447956,4.420504615242674,4.420504615242674
1994-07-03,0.1841536104626021,0.1841536104626021,4.4440158168104,4.4440158168104
1994-07-04,0.18044830642544402,0.18044830642544402,4.455572170312466,4.455572170312466
1994-07-05,0.18193042803511986,0.18193042803511986,4.562767316708203,4.562767316708203
1994-07-06,0.18674732328601903,0.18674732328601903,4.60978972263312,4.60978972263312
1994-07-07,0.18711785368195374,0.18711785368195374,4.5683462461774385,4.5683462461774385
1994-07-08,0.18600626246821259,0.18600626246821259,4.488248758000697,4.488248758000697
1994-07-09,0.1841536104626021,0.1841536104626021,4.487451768873511,4.487451768873511
1994-07-10,0.18526520167634325,0.18526520167634325,4.410143745431387,4.410143745431387
1994-07-11,0.18600626246821259,0.18600626246821259,4.400579867536753,4.400579867536753
1994-07-12,0.18526520167634325,0.18526520167634325,4.419309128762429,4.419309128762429
1994-07-13,0.18378308006666744,0.18378308006666744,4.52092534568893,4.52092534568893
1994-07-14,0.18193042803511986,0.18193042803511986,4.51016598131405,4.51016598131405
1994-07-15,0.17896618481576823,0.17896618481576823,4.530489223583564,4.530489223583564
1994-07-16,0.17748406320609247,0.17748406320609247,4.59544390160697,4.59544390160697
1994-07-17,0.17711353281015776,0.17711353281015776,4.596240893523621,4.596240893523621
1994-07-18,0.17822512399796178,0.17822512399796178,4.584684540021556,4.584684540021556
1994-07-19,0.1811893672432505,0.1811893672432505,4.481474344840681,4.481474344840681
1994-07-20,0.17859565441983352,0.17859565441983352,4.431263979617554,4.431263979617554
1994-07-21,0.18081883682137867,0.18081883682137867,4.363519834070065,4.363519834070065
1994-07-22,0.17896618481576823,0.17896618481576823,4.291392245533585,4.291392245533585
1994-07-23,0.1834125496447956,0.1834125496447956,4.365047397958572,4.365047397958572
1994-07-24,0.1815598976391852,0.1815598976391852,4.3021516099084645,4.3021516099084645
1994-07-25,0.1848946712804086,0.1848946712804086,4.288602780798966,4.288602780798966
1994-07-26,0.1848946712804086,0.1848946712804086,4.420106120679081,4.420106120679081
1994-07-27,0.1845241408585368,0.1845241408585368,4.43206096874474,4.43206096874474
1994-07-28,0.18267148885292633,0.18267148885292633,4.400978362100346,4.400978362100346
1994-07-29,0.18081883682137867,0.18081883682137867,4.397790402802135,4.397790402802135
1994-07-30,0.17711353281015776,0.17711353281015776,4.310918498675913,4.310918498675913
1994-07-31,0.17748406320609247,0.17748406320609247,4.248354790823531,4.248354790823531
1994-08-01,0.16970292473584167,0.16970292473584167,4.149926535984707,4.149926535984707
1994-08-02,0.17118504634551746,0.17118504634551746,4.0957312195467175,4.0957312195467175
1994-08-03,0.16933239433990702,0.16933239433990702,4.095332724983123,4.095332724983123
1994-08-04,0.16785027270429403,0.16785027270429403,4.083776371481057,4.083776371481057
1994-08-05,0.16488602948494246,0.16488602948494246,4.112866502518019,4.112866502518019
1994-08-06,0.16562709030274894,0.16562709030274894,4.115257472689045,4.115257472689045
1994-08-07,0.15747542141062632,0.15747542141062632,4.050701289229233,4.050701289229233
1994-08-08,0.15858701262436747,0.15858701262436747,3.9984984483986725,3.9984984483986725
1994-08-09,0.15858701262436747,0.15858701262436747,3.7996494631135933,3.7996494631135933
1994-08-10,0.1519174653678578,0.1519174653678578,3.803634414328457,3.803634414328457
1994-08-11,0.15117640457598847,0.15117640457598847,3.7127775617768353,3.7127775617768353
1994-08-12,0.1533995869775336,0.1533995869775336,3.660176226382683,3.660176226382683
1994-08-13,0.14969428294037554,0.14969428294037554,3.680897966005255,3.680897966005255
1994-08-14,0.15228799576379246,0.15228799576379246,3.641048467803949,3.641048467803949
1994-08-15,0.1489532221485062,0.1489532221485062,3.661637375905323,3.661637375905323
1994-08-16,0.1463595093250893,0.1463595093250893,3.5872516487190165,3.5872516487190165
1994-08-17,0.13857837085483848,0.13857837085483848,3.5581615176820547,3.5581615176820547
1994-08-18,0.13931943164670782,0.13931943164670782,3.5816727192497795,3.5816727192497795
1994-08-19,0.13894890125077314,0.13894890125077314,3.555372052947436,3.555372052947436
1994-08-20,0.13635518842735622,0.13635518842735622,3.4852369372289216,3.4852369372289216
1994-08-21,0.14154261407419008,0.14154261407419008,3.3744553397608454,3.3744553397608454
1994-08-22,0.13450253642174576,0.13450253642174576,3.329425409443361,3.329425409443361
1994-08-23,0.11819919866343771,0.11819919866343771,3.1732153843047413,3.1732153843047413
1994-08-24,0.11745813787156836,0.11745813787156836,3.1361553508380533,3.1361553508380533
1994-08-25,0.1167170770537619,0.1167170770537619,2.97954683113584,2.97954683113584
1994-08-26,0.11449389462627964,0.11449389462627964,2.936509376425787,2.936509376425787
1994-08-27,0.11708760744969654,0.11708760744969654,2.8978553647047254,2.8978553647047254
1994-08-28,0.11708760744969654,0.11708760744969654,2.882314059987796,2.882314059987796
1994-08-29,0.11375283383441032,0.11375283383441032,2.8855020192860077,2.8855020192860077
1994-08-30,0.11560548584002077,0.11560548584002077,2.8269232598590253,2.8269232598590253
1994-08-31,0.11560548584002077,0.11560548584002077,2.811381957931561,2.811381957931561
1994-09-01,0.11560548584002077,0.11560548584002077,2.728893500420634,2.728893500420634
1994-09-02,0.1167170770537619,0.1167170770537619,2.700600357952966,2.700600357952966
1994-09-03,0.11894025948124416,0.11894025948124416,2.6388336389488245,2.6388336389488245
1994-09-04,0.11894025948124416,0.11894025948124416,2.642021598525983,2.642021598525983
1994-09-05,0.11486442504815143,0.11486442504815143,2.60017962750671,2.60017962750671
1994-09-06,0.1089359385835111,0.1089359385835111,2.5858338089910795,2.5858338089910795
1994-09-07,0.10634222576009418,0.10634222576009418,2.5324354841907937,2.5324354841907937
1994-09-08,0.1026369217229361,0.1026369217229361,1.8358662902213212,1.8358662902213212
1994-09-09,0.10041373929545386,0.10041373929545386,2.44396960236809,2.44396960236809
1994-09-10,0.10078426971732564,0.10078426971732564,2.45592445127059,2.45592445127059
1994-09-11,0.10152533050919497,0.10152533050919497,2.435999703285722,2.435999703285722
1994-09-12,0.1041190433326119,0.1041190433326119,2.396548701879581,2.396548701879581
1994-09-13,0.10560116494228772,0.10560116494228772,2.3694510444974246,2.3694510444974246
1994-09-14,0.10560116494228772,0.10560116494228772,2.33000004337023,2.33000004337023
1994-09-15,0.10671275615602883,0.10671275615602883,2.230774797730541,2.230774797730541
1994-09-16,0.10671275615602883,0.10671275615602883,2.181759917313979,2.181759917313979
1994-09-17,0.10597169536415953,0.10597169536415953,2.219218443949528,2.219218443949528
1994-09-18,0.10337798254074258,0.10337798254074258,2.2196169387920675,2.2196169387920675
1994-09-19,0.1041190433326119,0.1041190433326119,2.1590457045944933,2.1590457045944933
1994-09-20,0.10300745211887077,0.10300745211887077,2.0841286516023416,2.0841286516023416
1994-09-21,0.10189586093106678,0.10189586093106678,2.0793467120971316,2.0793467120971316
1994-09-22,0.10226639132700142,0.10226639132700142,2.0701813279292507,2.0701813279292507
1994-09-23,0.10078426971732564,0.10078426971732564,2.072572297821329,2.072572297821329
1994-09-24,0.10041373929545386,0.10041373929545386,2.0713768130147625,2.0713768130147625
1994-09-25,0.09115047921552726,0.09115047921552726,2.0992714603609453,2.0992714603609453
1994-09-26,0.09930214810764984,0.09930214810764984,2.0769557424839995,2.0769557424839995
1994-09-27,0.10041373929545386,0.10041373929545386,2.0458731352817128,2.0458731352817128
1994-09-28,0.1026369217229361,0.1026369217229361,2.0247529024902797,2.0247529024902797
1994-09-29,0.1026369217229361,0.1026369217229361,1.8820917059032647,1.8820917059032647
1994-09-30,0.06928918541445069,0.06928918541445069,1.807573148032599,1.807573148032599
1994-10-01,0.07632926309283213,0.07632926309283213,1.177552612851424,1.177552612851424
1994-10-02,0.07632926309283213,0.07632926309283213,1.806776158068573,1.806776158068573
1994-10-03,0.068918655018516,0.068918655018516,1.8972345143829217,1.8972345143829217
1994-10-04,0.07114183744599828,0.07114183744599828,1.7191072664888425,1.7191072664888425
1994-10-05,0.06854812462258134,0.06854812462258134,1.7111373671275278,1.7111373671275278
1994-10-06,0.06410175976761681,0.06410175976761681,1.6963930534904106,1.6963930534904106
1994-10-07,0.0644722901894886,0.0644722901894886,1.6410022539195328,1.6410022539195328
1994-10-08,0.07077130705006361,0.07077130705006361,1.6481751633168211,1.6481751633168211
1994-10-09,0.06743653340884022,0.06743653340884022,1.6505661329299535,1.6505661329299535
1994-10-10,0.06669547259103374,0.06669547259103374,1.6071301819826278,1.6071301819826278
1994-10-11,0.06410175976761681,0.06410175976761681,1.591190383538945,1.591190383538945
1994-10-12,0.06150804694419988,0.06150804694419988,1.5605062714581446,1.5605062714581446
1994-10-13,0.047057361217439427,0.047057361217439427,1.1297332175203745,1.1297332175203745
1994-10-14,0.046316300425570084,0.046316300425570084,1.057605629262841,1.057605629262841
1994-10-15,0.044834178815894285,0.044834178815894285,1.0512297101085248,1.0512297101085248
1994-10-16,0.04557523960776363,0.04557523960776363,1.0038088096200153,1.0038088096200153
1994-10-17,0.045945770003698296,0.045945770003698296,0.9336736961330739,0.9336736961330739
1994-10-18,0.04001728356499509,0.04001728356499509,0.883463330909946,0.883463330909946
1994-10-19,0.04001728356499509,0.04001728356499509,0.8412228650481329,0.8412228650481329
1994-10-20,0.0444636483940225,0.0444636483940225,0.845207814589317,0.845207814589317
1994-10-21,0.04742789163931123,0.04742789163931123,0.8121327326164387,0.8121327326164387
1994-10-22,0.03964675316906043,0.03964675316906043,0.6108927768813875,0.6108927768813875
1994-10-23,0.04001728356499509,0.04001728356499509,0.7005541432317101,0.7005541432317101
1994-10-24,0.038164631533447506,0.038164631533447506,0.8436138346612649,0.8436138346612649
1994-10-25,0.03779410113751284,0.03779410113751284,0.6603061521404892,0.6603061521404892
1994-10-26,0.045204709211828974,0.045204709211828974,0.7017496283172225,0.7017496283172225
1994-10-27,0.04038781396092977,0.04038781396092977,0.6750504657776065,0.6750504657776065
1994-10-28,0.0370530403456435,0.0370530403456435,0.5666598359700361,0.5666598359700361
1994-10-29,0.03742357074157816,0.03742357074157816,0.4710210453079374,0.4710210453079374
1994-10-30,0.03557091871003057,0.03557091871003057,0.1685633689673424,0.1685633689673424
1994-10-31,0.0073488529988167345,0.0073488529988167345,0.12911236772856907,0.12911236772856907
1994-11-01,0.006484282058542328,0.006484282058542328,0.091122514673493,0.091122514673493
1994-11-02,0.006484282058542328,0.006484282058542328,0.091122514673493,0.091122514673493
1994-11-03,0.007040077662819179,0.007040077662819179,0.1120435001831296,0.1120435001831296
1994-11-04,0.009263260082520305,0.009263260082520305,0.15421755034013293,0.15421755034013293
1994-11-05,0.009263260082520305,0.009263260082520305,0.15421755034013293,0.15421755034013293
1994-11-06,0.008892729681398212,0.008892729681398212,0.16099196467172458,0.16099196467172458
1994-11-07,0.007781138470250793,0.007781138470250793,0.16099196467172458,0.16099196467172458
1994-11-08,0.007781138470250793,0.007781138470250793,0.16099196467172458,0.16099196467172458
1994-11-09,0.007781138470250793,0.007781138470250793,0.1605934697176062,0.1605934697176062
1994-11-10,0.007781138470250793,0.007781138470250793,0.11855225122127387,0.11855225122127387
1994-11-11,0.007781138470250793,0.007781138470250793,0.11855225122127387,0.11855225122127387
1994-11-12,0.007781138470250793,0.007781138470250793,0.11855225122127387,0.11855225122127387
1994-11-13,0.007781138470250793,0.007781138470250793,0.1152978756882544,0.1152978756882544
1994-11-14,0.0073488529988167345,0.0073488529988167345,0.11297332175203743,0.11297332175203743
1994-11-15,0.01469770600022718,0.01469770600022718,0.11297332175203743,0.11297332175203743
1994-11-16,0.009510280353393318,0.009510280353393318,0.11297332175203743,0.11297332175203743
1994-11-17,0.009510280353393318,0.009510280353393318,0.11297332175203743,0.11297332175203743
1994-11-18,0.006051996587108269,0.006051996587108269,0.11390314332094531,0.11390314332094531
1994-11-19,0.006051996587108269,0.006051996587108269,0.11483296491774782,0.11483296491774782
1994-11-20,0.005619711118267921,0.005619711118267921,0.11390314332094531,0.11390314332094531
1994-11-21,0.005619711118267921,0.005619711118267921,0.11390314332094531,0.11390314332094531
1994-11-22,0.005619711118267921,0.005619711118267921,0.11390314332094531,0.11390314332094531
1994-11-23,0.005187425646833862,0.005187425646833862,0.11483296491774782,0.11483296491774782
1994-11-24,0.005187425646833862,0.005187425646833862,0.11390314332094531,0.11390314332094531
1994-11-25,0.005557956050549668,0.005557956050549668,0.11297332175203743,0.11297332175203743
1994-11-26,0.005557956050549668,0.005557956050549668,0.11297332175203743,0.11297332175203743
1994-11-27,0.0044463648394022495,0.0044463648394022495,0.11297332175203743,0.11297332175203743
1994-11-28,0.0044463648394022495,0.0044463648394022495,0.11250841095363621,0.11250841095363621
1994-11-29,0.0014821216122695123,0.0014821216122695123,0.11250841095363621,0.11250841095363621
1994-11-30,0.0011115912111474189,0.0011115912111474189,0.053557722904669605,0.053557722904669605
1994-12-01,0.0011115912111474189,0.0011115912111474189,0.04797879343543318,0.04797879343543318
1994-12-02,0.0011115912111474189,0.0011115912111474189,0.04853668638235682,0.04853668638235682
1994-12-03,0.0011115912111474189,0.0011115912111474189,0.04853668638235682,0.04853668638235682
1994-12-04,0.0007410608074316124,0.0007410608074316124,0.03858759548625367,0.03858759548625367
1994-12-05,0.0007410608074316124,0.0007410608074316124,0.03951741708305617,0.03951741708305617
1994-12-06,0.0007410608074316124,0.0007410608074316124,0.04742090048850955,0.04742090048850955
1994-12-07,0.0007410608074316124,0.0007410608074316124,0.04797879343543318,0.04797879343543318
1994-12-08,0.0007410608074316124,0.0007410608074316124,0.045189328700814976,0.045189328700814976
1994-12-09,0.0007410608074316124,0.0007410608074316124,0.045189328700814976,0.045189328700814976
1994-12-10,0.0007410608074316124,0.0007410608074316124,0.045189328700814976,0.045189328700814976
1994-12-11,0.0007410608074316124,0.0007410608074316124,0.045189328700814976,0.045189328700814976
1994-12-12,0.0007410608074316124,0.0007410608074316124,0.04686300754158589,0.04686300754158589
1994-12-13,0.0018526520159853187,0.0018526520159853187,0.04630511459466227,0.04630511459466227
1994-12-14,0.0022231824197011247,0.0022231824197011247,0.04686300754158589,0.04686300754158589
1994-12-15,0.0022231824197011247,0.0022231824197011247,0.05369719614140051,0.05369719614140051
1994-12-16,0.0022231824197011247,0.0022231824197011247,0.05369719614140051,0.05369719614140051
1994-12-17,0.0022231824197011247,0.0022231824197011247,0.05369719614140051,0.05369719614140051
1994-12-18,0.0008645709402744061,0.0008645709402744061,0.027336754399258447,0.027336754399258447
1994-12-19,0.0008645709402744061,0.0008645709402744061,0.04742090048850955,0.04742090048850955
1994-12-20,0.0008645709402744061,0.0008645709402744061,0.04742090048850955,0.04742090048850955
1994-12-21,0.0008645709402744061,0.0008645709402744061,0.04742090048850955,0.04742090048850955
1994-12-22,0.0008645709402744061,0.0008645709402744061,0.05299982995774596,0.05299982995774596
1994-12-23,0.0008645709402744061,0.0008645709402744061,0.05369719614140051,0.05369719614140051
1994-12-24,0.0008645709402744061,0.0008645709402744061,0.05439456232505507,0.05439456232505507
1994-12-25,0.0005187425646833863,0.0005187425646833863,0.05439456232505507,0.05439456232505507
1994-12-26,0.0005187425646833863,0.0005187425646833863,0.05439456232505507,0.05439456232505507
1994-12-27,0.003025998294850991,0.003025998294850991,0.05439456232505507,0.05439456232505507
1994-12-28,0.003025998294850991,0.003025998294850991,0.05648666087601872,0.05648666087601872
1994-12-29,0.003112455388100317,0.003112455388100317,0.05369719614140051,0.05369719614140051
1994-12-30,0.003112455388100317,0.003112455388100317,0.04965247227620411,0.04965247227620411
1994-12-31,0.003112455388100317,0.003112455388100317,0.04909457932928048,0.04909457932928048
1995-01-01,0.0034582837636913367,0.0034582837636913367,0.04909457932928048,0.04909457932928048
1995-01-02,0.003025998294850991,0.003025998294850991,0.04965247227620411,0.04965247227620411
1995-01-03,0.003025998294850991,0.003025998294850991,0.04965247227620411,0.04965247227620411
1995-01-04,0.0036311979527837036,0.0036311979527837036,0.04965247227620411,0.04965247227620411
1995-01-05,0.0034582837636913367,0.0034582837636913367,0.04965247227620411,0.04965247227620411
1995-01-06,0.0034582837636913367,0.0034582837636913367,0.049512999039473204,0.049512999039473204
1995-01-07,0.0034582837636913367,0.0034582837636913367,0.049512999039473204,0.049512999039473204
1995-01-08,0.0034582837636913367,0.0034582837636913367,0.049512999039473204,0.049512999039473204
1995-01-09,0.002593712823416931,0.002593712823416931,0.04630511459466227,0.04630511459466227
1995-01-10,0.0021614273519828717,0.0021614273519828717,0.04574722164773862,0.04574722164773862
1995-01-11,0.0021614273519828717,0.0021614273519828717,0.04574722164773862,0.04574722164773862
1995-01-12,0.0021614273519828717,0.0021614273519828717,0.04686300754158589,0.04686300754158589
1995-01-13,0.0021614273519828717,0.0021614273519828717,0.04630511459466227,0.04630511459466227
1995-01-14,0.0021614273519828717,0.0021614273519828717,0.04797879343543318,0.04797879343543318
1995-01-15,0.0021614273519828717,0.0021614273519828717,0.04797879343543318,0.04797879343543318
1995-01-16,0.0021614273519828717,0.0021614273519828717,0.04909457932928048,0.04909457932928048
1995-01-17,0.0021614273519828717,0.0021614273519828717,0.05076825817005139,0.05076825817005139
1995-01-18,0.0021614273519828717,0.0021614273519828717,0.04965247227620411,0.04965247227620411
1995-01-19,0.0021614273519828717,0.0021614273519828717,0.04965247227620411,0.04965247227620411
1995-01-20,0.0021614273519828717,0.0021614273519828717,0.04909457932928048,0.04909457932928048
1995-01-21,0.0021614273519828717,0.0021614273519828717,0.04686300754158589,0.04686300754158589
1995-01-22,0.0018526520159853187,0.0018526520159853187,0.04742090048850955,0.04742090048850955
1995-01-23,0.0018526520159853187,0.0018526520159853187,0.04742090048850955,0.04742090048850955
1995-01-24,0.0021614273519828717,0.0021614273519828717,0.04686300754158589,0.04686300754158589
1995-01-25,0.0021614273519828717,0.0021614273519828717,0.04686300754158589,0.04686300754158589
1995-01-26,0.0021614273519828717,0.0021614273519828717,0.04742090048850955,0.04742090048850955
1995-01-27,0.0021614273519828717,0.0021614273519828717,0.04797879343543318,0.04797879343543318
1995-01-28,0.0021614273519828717,0.0021614273519828717,0.04909457932928048,0.04909457932928048
1995-01-29,0.0021614273519828717,0.0021614273519828717,0.04630511459466227,0.04630511459466227
1995-01-30,0.002593712823416931,0.002593712823416931,0.04742090048850955,0.04742090048850955
1995-01-31,0.002593712823416931,0.002593712823416931,0.04630511459466227,0.04630511459466227
1995-02-01,0.002593712823416931,0.002593712823416931,0.04574722164773862,0.04574722164773862
1995-02-02,0.002593712823416931,0.002593712823416931,0.04574722164773862,0.04574722164773862
1995-02-03,0.002593712823416931,0.002593712823416931,0.04630511459466227,0.04630511459466227
1995-02-04,0.002593712823416931,0.002593712823416931,0.04630511459466227,0.04630511459466227
1995-02-05,0.002593712823416931,0.002593712823416931,0.04742090048850955,0.04742090048850955
1995-02-06,0.002593712823416931,0.002593712823416931,0.04742090048850955,0.04742090048850955
1995-02-07,0.002593712823416931,0.002593712823416931,0.04742090048850955,0.04742090048850955
1995-02-08,0.002593712823416931,0.002593712823416931,0.04742090048850955,0.04742090048850955
1995-02-09,0.002593712823416931,0.002593712823416931,0.04239986396619677,0.04239986396619677
1995-02-10,0.002593712823416931,0.002593712823416931,0.05634718763928781,0.05634718763928781
1995-02-11,0.002593712823416931,0.002593712823416931,0.05690508058621145,0.05690508058621145
1995-02-12,0.002593712823416931,0.002593712823416931,0.05690508058621145,0.05690508058621145
1995-02-13,0.002593712823416931,0.002593712823416931,0.05690508058621145,0.05690508058621145
1995-02-14,0.002593712823416931,0.002593712823416931,0.0602524382677533,0.0602524382677533
1995-02-15,0.002593712823416931,0.002593712823416931,0.0602524382677533,0.0602524382677533
1995-02-16,0.0038905692351253966,0.0038905692351253966,0.05969454532082966,0.05969454532082966
1995-02-17,0.0038905692351253966,0.0038905692351253966,0.06764451981449154,0.06764451981449154
1995-02-18,0.0038905692351253966,0.0038905692351253966,0.06764451981449154,0.06764451981449154
1995-02-19,0.0038905692351253966,0.0038905692351253966,0.06764451981449154,0.06764451981449154
1995-02-20,0.0038905692351253966,0.0038905692351253966,0.06694715363083702,0.06694715363083702
1995-02-21,0.0038905692351253966,0.0038905692351253966,0.06694715363083702,0.06694715363083702
1995-02-22,0.0038905692351253966,0.0038905692351253966,0.06764451981449154,0.06764451981449154
1995-02-23,0.0021614273519828717,0.0021614273519828717,0.16625209818324524,0.16625209818324524
1995-02-24,0.0021614273519828717,0.0021614273519828717,0.16513631228939796,0.16513631228939796
1995-02-25,0.0021614273519828717,0.0021614273519828717,0.16513631228939796,0.16513631228939796
1995-02-26,0.0021614273519828717,0.0021614273519828717,0.16513631228939796,0.16513631228939796
1995-02-27,0.0021614273519828717,0.0021614273519828717,0.0641576888962188,0.0641576888962188
1995-02-28,0.0029642432271327376,0.0029642432271327376,0.0641576888962188,0.0641576888962188
1995-03-01,0.0029642432271327376,0.0029642432271327376,0.14133287989662077,0.14133287989662077
1995-03-02,0.002593712823416931,0.002593712823416931,0.299030619551072,0.299030619551072
1995-03-03,0.002593712823416931,0.002593712823416931,0.5188404406389868,0.5188404406389868
1995-03-04,0.002593712823416931,0.002593712823416931,0.6895556823976211,0.6895556823976211
1995-03-05,0.0029642432271327376,0.0029642432271327376,0.7397660476207489,0.7397660476207489
1995-03-06,0.0170443985527711,0.0170443985527711,0.7380923687799781,0.7380923687799781
1995-03-07,0.01963811137618803,0.01963811137618803,0.7397660476207489,0.7397660476207489
1995-03-08,0.019267580975065937,0.019267580975065937,0.8513446370054771,0.8513446370054771
1995-03-09,0.018897050571350132,0.018897050571350132,0.9679442629125183,0.9679442629125183
1995-03-10,0.018897050571350132,0.018897050571350132,0.9690600488063655,0.9690600488063655
1995-03-11,0.020008641779903837,0.020008641779903837,0.9657126911248237,0.9657126911248237
1995-03-12,0.02037917218361964,0.02037917218361964,0.9082497175916886,0.9082497175916886
1995-03-13,0.02334341541075238,0.02334341541075238,0.9155023259016961,0.9155023259016961
1995-03-14,0.023713945814468188,0.023713945814468188,0.8228920967123715,0.8228920967123715
1995-03-15,0.02334341541075238,0.02334341541075238,0.893093625959912,0.893093625959912
1995-03-16,0.02704871944791044,0.02704871944791044,0.8935585365630506,0.8935585365630506
1995-03-17,0.02741924984384511,0.02741924984384511,0.8470674578387115,0.8470674578387115
1995-03-18,0.02223182419960496,0.02223182419960496,0.8991374660322871,0.8991374660322871
1995-03-19,0.018897050571350132,0.018897050571350132,0.7833746795456316,0.7833746795456316
1995-03-20,0.018526520167634324,0.018526520167634324,0.7322344928372798,0.7322344928372798
1995-03-21,0.02223182419960496,0.02223182419960496,0.6280280601316367,0.6280280601316367
1995-03-22,0.02853084105758624,0.02853084105758624,0.8300650061096603,0.8300650061096603
1995-03-23,0.03408879710035477,0.03408879710035477,1.0484402453739063,1.0484402453739063
1995-03-24,0.03779410113751284,0.03779410113751284,1.0695604781653398,1.0695604781653398
1995-03-25,0.038164631533447506,0.038164631533447506,1.0898837212716934,1.0898837212716934
1995-03-26,0.04409311799808782,0.04409311799808782,1.072349942899958,1.072349942899958
1995-03-27,0.04261099638841203,0.04261099638841203,1.0328989417727632,1.0328989417727632
1995-03-28,0.040758344356864436,0.040758344356864436,1.096259640704956,1.096259640704956
1995-03-29,0.038164631533447506,0.038164631533447506,1.1078159944859687,1.1078159944859687
1995-03-30,0.0414994051746709,0.0414994051746709,1.3445220020859763,1.3445220020859763
1995-03-31,0.0414994051746709,0.0414994051746709,1.2074397352471444,1.2074397352471444
1995-04-01,0.08688937958446719,0.08688937958446719,1.5816265045285243,1.5816265045285243
1995-04-02,0.06873338982054866,0.06873338982054866,1.54117926587656,1.54117926587656
1995-04-03,0.06873338982054866,0.06873338982054866,1.3738113817994677,1.3738113817994677
1995-04-04,0.07392081546738254,0.07392081546738254,1.3556798610244494,1.3556798610244494
1995-04-05,0.07521767187909101,0.07521767187909101,1.376600846534086,1.376600846534086
1995-04-06,0.07262395905567408,0.07262395905567408,1.376600846534086,1.376600846534086
1995-04-07,0.07262395905567408,0.07262395905567408,1.4658637180418685,1.4658637180418685
1995-04-08,0.07262395905567408,0.07262395905567408,1.4895741682861232,1.4895741682861232
1995-04-09,0.06484282058542327,0.06484282058542327,1.2580485953128122,1.2580485953128122
1995-04-10,0.07781138470250792,0.07781138470250792,1.1687857238050294,1.1687857238050294
1995-04-11,0.08040509752592487,0.08040509752592487,1.2022593006204478,1.2022593006204478
1995-04-12,0.09207680523130105,0.09207680523130105,1.1966803711512115,1.1966803711512115
1995-04-13,0.07651452829079947,0.07651452829079947,1.2608380600474303,1.2608380600474303
1995-04-14,0.07651452829079947,0.07651452829079947,1.0809175846645558,1.0809175846645558
1995-04-15,0.06484282058542327,0.06484282058542327,0.9777073894836822,0.9777073894836822
1995-04-16,0.06484282058542327,0.06484282058542327,1.0530229373183737,1.0530229373183737
1995-04-17,0.06484282058542327,0.06484282058542327,1.0864965141337921,1.0864965141337921
1995-04-18,0.06484282058542327,0.06484282058542327,1.108812232010738,1.108812232010738
1995-04-19,0.0829988103493418,0.0829988103493418,1.1604173296011746,1.1604173296011746
1995-04-20,0.0829988103493418,0.0829988103493418,1.350100931555213,1.350100931555213
1995-04-21,0.08429566676105026,0.08429566676105026,1.4561005914707046,1.4561005914707046
1995-04-22,0.0907799488195926,0.0907799488195926,1.5899948987323789,1.5899948987323789
1995-04-23,0.09207680523130105,0.09207680523130105,1.630442137384343,1.630442137384343
1995-04-24,0.10374851293667725,0.10374851293667725,1.7699153741152531,1.7699153741152531
1995-04-25,0.10374851293667725,0.10374851293667725,1.846625654317254,1.846625654317254
1995-04-26,0.10115480011326032,0.10115480011326032,1.896836019540382,1.896836019540382
1995-04-27,0.10374851293667725,0.10374851293667725,2.376623953894714,2.376623953894714
1995-04-28,0.10245165652496876,0.10245165652496876,2.376623953894714,2.376623953894714
1995-04-29,0.0972642308781349,0.0972642308781349,2.2678348292446033,2.2678348292446033
1995-04-30,0.07651452829079947,0.07651452829079947,2.1562562398598755,2.1562562398598755
1995-05-01,0.07781138470250792,0.07781138470250792,2.1562562398598755,2.1562562398598755
1995-05-02,0.06484282058542327,0.06484282058542327,2.016783003128965,2.016783003128965
1995-05-03,0.06484282058542327,0.06484282058542327,1.6680999113016888,1.6680999113016888
1995-05-04,0.06354596417371482,0.06354596417371482,1.577442307426597,1.577442307426597
1995-05-05,0.06354596417371482,0.06354596417371482,1.3821797760033223,1.3821797760033223
1995-05-06,0.06354596417371482,0.06354596417371482,1.4337848735937593,1.4337848735937593
1995-05-07,0.06484282058542327,0.06484282058542327,1.4658637180418685,1.4658637180418685
1995-05-08,0.07003024623225713,0.07003024623225713,1.8257046688076173,1.8257046688076173
1995-05-09,0.06873338982054866,0.06873338982054866,2.3710450244254773,2.3710450244254773
1995-05-10,0.07003024623225713,0.07003024623225713,2.527255049564097,2.527255049564097
1995-05-11,0.07132710264396559,0.07132710264396559,2.596991667929552,2.596991667929552
1995-05-12,0.0907799488195926,0.0907799488195926,2.590018006093007,2.590018006093007
1995-05-13,0.10374851293667725,0.10374851293667725,2.384992348098568,2.384992348098568
1995-05-14,0.1089359385835111,0.1089359385835111,2.5188866553602423,2.5188866553602423
1995-05-15,0.11152965140692804,0.11152965140692804,2.8633855500855905,2.8633855500855905
1995-05-16,0.12320135911230422,0.12320135911230422,3.140937291180103,3.140937291180103
1995-05-17,0.12320135911230422,0.12320135911230422,3.2790157955437045,3.2790157955437045
1995-05-18,0.11282650781863648,0.11282650781863648,3.542620212965125,3.542620212965125
1995-05-19,0.11282650781863648,0.11282650781863648,3.542620212965125,3.542620212965125
1995-05-20,0.11152965140692804,0.11152965140692804,3.6904618438998895,3.6904618438998895
1995-05-21,0.11282650781863648,0.11282650781863648,4.044723865196402,4.044723865196402
1995-05-22,0.14006049246451427,0.14006049246451427,3.9331452758116736,3.9331452758116736
1995-05-23,0.14006049246451427,0.14006049246451427,3.6263041550036705,3.6263041550036705
1995-05-24,0.14135734887622275,0.14135734887622275,3.6263041550036705,3.6263041550036705
1995-05-25,0.14135734887622275,0.14135734887622275,3.5119361008843244,3.5119361008843244
1995-05-26,0.14913848734647353,0.14913848734647353,3.6249094226363616,3.6249094226363616
1995-05-27,0.14654477452305661,0.14654477452305661,3.6514093376152346,3.6514093376152346
1995-05-28,0.14913848734647353,0.14913848734647353,3.6514093376152346,3.6514093376152346
1995-05-29,0.15173220016989047,0.15173220016989047,3.6918565762671993,3.6918565762671993
1995-05-30,0.14913848734647353,0.14913848734647353,3.7183564912460723,3.7183564912460723
1995-05-31,0.15173220016989047,0.15173220016989047,3.828540348263491,3.828540348263491
1995-06-01,0.15173220016989047,0.15173220016989047,3.894092769527019,3.894092769527019
1995-06-02,0.13357621040597195,0.13357621040597195,3.9708030497290205,3.9708030497290205
1995-06-03,0.14913848734647353,0.14913848734647353,3.894092769527019,3.894092769527019
1995-06-04,0.14524791811134816,0.14524791811134816,3.793672039080764,3.793672039080764
1995-06-05,0.14524791811134816,0.14524791811134816,3.83132981299811,3.83132981299811
1995-06-06,0.1582164822284328,0.1582164822284328,3.5788832545151616,3.5788832545151616
1995-06-07,0.15173220016989047,0.15173220016989047,3.3445682168072324,3.3445682168072324
1995-06-08,0.15173220016989047,0.15173220016989047,3.3445682168072324,3.3445682168072324
1995-06-09,0.15173220016989047,0.15173220016989047,3.2162528390147944,3.2162528390147944
1995-06-10,0.15173220016989047,0.15173220016989047,3.177200332730139,3.177200332730139
1995-06-11,0.15173220016989047,0.15173220016989047,3.3543313433783957,3.3543313433783957
1995-06-12,0.14913848734647353,0.14913848734647353,3.5788832545151616,3.5788832545151616
1995-06-13,0.1659976206986836,0.1659976206986836,3.7657773917345816,3.7657773917345816
1995-06-14,0.1647007642869751,0.1647007642869751,3.7657773917345816,3.7657773917345816
1995-06-15,0.16340390787526665,0.16340390787526665,3.7657773917345816,3.7657773917345816
1995-06-16,0.15562276940501585,0.15562276940501585,3.6541988023498533,3.6541988023498533
1995-06-17,0.15562276940501585,0.15562276940501585,3.54959387480167,3.54959387480167
1995-06-18,0.15691962581672436,0.15691962581672436,3.7281196178172356,3.7281196178172356
1995-06-19,0.15562276940501585,0.15562276940501585,3.7197512236133807,3.7197512236133807
1995-06-20,0.15562276940501585,0.15562276940501585,3.8006457009173085,3.8006457009173085
1995-06-21,0.1543259129933074,0.1543259129933074,4.007066091279056,4.007066091279056
1995-06-22,0.16340390787526665,0.16340390787526665,4.044723865196402,4.044723865196402
1995-06-23,0.1647007642869751,0.1647007642869751,4.044723865196402,4.044723865196402
1995-06-24,0.16210705146355817,0.16210705146355817,3.895487501894328,3.895487501894328
1995-06-25,0.16210705146355817,0.16210705146355817,3.9708030497290205,3.9708030497290205
1995-06-26,0.17118504634551746,0.17118504634551746,4.01682921785022,4.01682921785022
1995-06-27,0.17118504634551746,0.17118504634551746,4.11027628645993,4.11027628645993
1995-06-28,0.15951333864014125,0.15951333864014125,4.156302454581131,4.156302454581131
1995-06-29,0.15302905658159893,0.15302905658159893,4.082381639113748,4.082381639113748
1995-06-30,0.16340390787526665,0.16340390787526665,4.193960228498476,4.193960228498476
1995-07-01,0.16340390787526665,0.16340390787526665,4.146539328009967,4.146539328009967
1995-07-02,0.16340390787526665,0.16340390787526665,4.184197101927313,4.184197101927313
1995-07-03,0.16340390787526665,0.16340390787526665,4.166065581152294,4.166065581152294
1995-07-04,0.16340390787526665,0.16340390787526665,4.023802879686765,4.023802879686765
1995-07-05,0.16340390787526665,0.16340390787526665,4.034960738625238,4.034960738625238
1995-07-06,0.16340390787526665,0.16340390787526665,4.034960738625238,4.034960738625238
1995-07-07,0.15951333864014125,0.15951333864014125,3.894092769527019,3.894092769527019
1995-07-08,0.15691962581672436,0.15691962581672436,4.03356600625793,4.03356600625793
1995-07-09,0.16729447711039205,0.16729447711039205,4.117249948296475,4.117249948296475
1995-07-10,0.17248190275722594,0.17248190275722594,4.03356600625793,4.03356600625793
1995-07-11,0.1685913335221005,0.1685913335221005,3.894092769527019,3.894092769527019
1995-07-12,0.16340390787526665,0.16340390787526665,3.894092769527019,3.894092769527019
1995-07-13,0.16340390787526665,0.16340390787526665,3.9708030497290205,3.9708030497290205
1995-07-14,0.1543259129933074,0.1543259129933074,3.942908402382838,3.942908402382838
1995-07-15,0.15951333864014125,0.15951333864014125,3.942908402382838,3.942908402382838
1995-07-16,0.16340390787526665,0.16340390787526665,4.0363554709925475,4.0363554709925475
1995-07-17,0.16081019505184974,0.16081019505184974,4.082381639113748,4.082381639113748
1995-07-18,0.16340390787526665,0.16340390787526665,4.11027628645993,4.11027628645993
1995-07-19,0.1647007642869751,0.1647007642869751,4.184197101927313,4.184197101927313
1995-07-20,0.16081019505184974,0.16081019505184974,4.184197101927313,4.184197101927313
1995-07-21,0.169888189933809,0.169888189933809,4.092144765684911,4.092144765684911
1995-07-22,0.16729447711039205,0.16729447711039205,4.20511808743695,4.20511808743695
1995-07-23,0.16729447711039205,0.16729447711039205,4.202328622702331,4.202328622702331
1995-07-24,0.16729447711039205,0.16729447711039205,4.192565496131167,4.192565496131167
1995-07-25,0.1659976206986836,0.1659976206986836,4.266486311598549,4.266486311598549
1995-07-26,0.16729447711039205,0.16729447711039205,4.304144085515896,4.304144085515896
1995-07-27,0.16729447711039205,0.16729447711039205,4.122828877765713,4.122828877765713
1995-07-28,0.16340390787526665,0.16340390787526665,4.021013414952148,4.021013414952148
1995-07-29,0.1659976206986836,0.1659976206986836,3.8843296429558554,3.8843296429558554
1995-07-30,0.1647007642869751,0.1647007642869751,3.8341192777327278,3.8341192777327278
1995-07-31,0.1647007642869751,0.1647007642869751,4.0112502883809835,4.0112502883809835
1995-08-01,0.16729447711039205,0.16729447711039205,4.057276456502184,4.057276456502184
1995-08-02,0.15302905658159893,0.15302905658159893,3.940118937648219,3.940118937648219
1995-08-03,0.1543259129933074,0.1543259129933074,3.8815401782212375,3.8815401782212375
1995-08-04,0.15562276940501585,0.15562276940501585,3.6290936197382893,3.6290936197382893
1995-08-05,0.15302905658159893,0.15302905658159893,3.5551728042709065,3.5551728042709065
1995-08-06,0.1543259129933074,0.1543259129933074,3.4156995675399964,3.4156995675399964
1995-08-07,0.16081019505184974,0.16081019505184974,3.4156995675399964,3.4156995675399964
1995-08-08,0.1543259129933074,0.1543259129933074,3.4059364409688326,3.4059364409688326
1995-08-09,0.14654477452305661,0.14654477452305661,3.312489372359122,3.312489372359122
1995-08-10,0.14654477452305661,0.14654477452305661,3.276226330809086,3.276226330809086
1995-08-11,0.14654477452305661,0.14654477452305661,3.20788444481094,3.20788444481094
1995-08-12,0.1543259129933074,0.1543259129933074,3.184173994566685,3.184173994566685
1995-08-13,0.14524791811134816,0.14524791811134816,3.2859894573802495,3.2859894573802495
1995-08-14,0.15302905658159893,0.15302905658159893,3.304120978155268,3.304120978155268
1995-08-15,0.14524791811134816,0.14524791811134816,3.304120978155268,3.304120978155268
1995-08-16,0.14524791811134816,0.14524791811134816,3.2957525839514132,3.2957525839514132
1995-08-17,0.14006049246451427,0.14006049246451427,3.426857426478469,3.426857426478469
1995-08-18,0.13487306681768044,0.13487306681768044,3.2999367810533404,3.2999367810533404
1995-08-19,0.12190450270059575,0.12190450270059575,3.1995160506070857,3.1995160506070857
1995-08-20,0.12320135911230422,0.12320135911230422,3.1660424737916664,3.1660424737916664
1995-08-21,0.1089359385835111,0.1089359385835111,3.1214110380377758,3.1214110380377758
1995-08-22,0.1089359385835111,0.1089359385835111,3.12977943224163,3.12977943224163
1995-08-23,0.10504536934838571,0.10504536934838571,3.12977943224163,3.12977943224163
1995-08-24,0.10504536934838571,0.10504536934838571,3.026569237060756,3.026569237060756
1995-08-25,0.11931078987717883,0.11931078987717883,2.909411718206792,2.909411718206792
1995-08-26,0.11801393346547037,0.11801393346547037,2.7378596370277717,2.7378596370277717
1995-08-27,0.12968564117084655,0.12968564117084655,2.675096680498862,2.675096680498862
1995-08-28,0.12190450270059575,0.12190450270059575,2.537018176135261,2.537018176135261
1995-08-29,0.1089359385835111,0.1089359385835111,2.5425971056044974,2.5425971056044974
1995-08-30,0.10374851293667725,0.10374851293667725,2.6053600621334065,2.6053600621334065
1995-08-31,0.10245165652496876,0.10245165652496876,2.668123018662316,2.668123018662316
1995-09-01,0.10245165652496876,0.10245165652496876,2.5774654147872247,2.5774654147872247
1995-09-02,0.10374851293667725,0.10374851293667725,2.6792808776007893,2.6792808776007893
1995-09-03,0.10374851293667725,0.10374851293667725,2.55375496454297,2.55375496454297
1995-09-04,0.10374851293667725,0.10374851293667725,2.534228711400642,2.534228711400642
1995-09-05,0.10374851293667725,0.10374851293667725,2.389176545200496,2.389176545200496
1995-09-06,0.10374851293667725,0.10374851293667725,2.389176545200496,2.389176545200496
1995-09-07,0.11801393346547037,0.11801393346547037,2.3194399268350407,2.3194399268350407
1995-09-08,0.11801393346547037,0.11801393346547037,2.3598871654870046,2.3598871654870046
1995-09-09,0.1167170770537619,0.1167170770537619,2.2678348292446033,2.2678348292446033
1995-09-10,0.11542022064205343,0.11542022064205343,2.2748084910811492,2.2748084910811492
1995-09-11,0.1167170770537619,0.1167170770537619,2.122782663044457,2.122782663044457
1995-09-12,0.1089359385835111,0.1089359385835111,2.122782663044457,2.122782663044457
1995-09-13,0.08818623599617564,0.08818623599617564,2.122782663044457,2.122782663044457
1995-09-14,0.08818623599617564,0.08818623599617564,2.1353352543502386,2.1353352543502386
1995-09-15,0.07392081546738254,0.07392081546738254,1.9177570050500183,1.9177570050500183
1995-09-16,0.07392081546738254,0.07392081546738254,1.6918103615459434,1.6918103615459434
1995-09-17,0.07392081546738254,0.07392081546738254,1.5091004214284507,1.5091004214284507
1995-09-18,0.07392081546738254,0.07392081546738254,1.5593107866515787,1.5593107866515787
1995-09-19,0.07392081546738254,0.07392081546738254,1.7071524175863435,1.7071524175863435
1995-09-20,0.07392081546738254,0.07392081546738254,1.808967880399908,1.808967880399908
1995-09-21,0.0907799488195926,0.0907799488195926,1.72807340309598,1.72807340309598
1995-09-22,0.09467051805471799,0.09467051805471799,1.72807340309598,1.72807340309598
1995-09-23,0.10115480011326032,0.10115480011326032,1.8117573451345266,1.8117573451345266
1995-09-24,0.08818623599617564,0.08818623599617564,1.9833094263135462,1.9833094263135462
1995-09-25,0.08170195393763333,0.08170195393763333,2.051651312311692,2.051651312311692
1995-09-26,0.08170195393763333,0.08170195393763333,2.0112040736597283,2.0112040736597283
1995-09-27,0.07392081546738254,0.07392081546738254,1.9372832581923458,1.9372832581923458
1995-09-28,0.06743653340884022,0.06743653340884022,2.6485967655199887,2.6485967655199887
1995-09-29,0.06873338982054866,0.06873338982054866,1.9303095963558001,1.9303095963558001
1995-09-30,0.07003024623225713,0.07003024623225713,0.6359979594929516,0.6359979594929516
1995-10-01,0.042796261586379364,0.042796261586379364,1.9303095963558001,1.9303095963558001
1995-10-02,0.042796261586379364,0.042796261586379364,0.6053138474121512,0.6053138474121512
1995-10-03,0.042796261586379364,0.042796261586379364,0.5718402705967327,0.5718402705967327
1995-10-04,0.042796261586379364,0.042796261586379364,0.5704455382294236,0.5704455382294236
1995-10-05,0.042796261586379364,0.042796261586379364,0.5676560734948055,0.5676560734948055
1995-10-06,0.042796261586379364,0.042796261586379364,0.6471558184314243,0.6471558184314243
1995-10-07,0.0414994051746709,0.0414994051746709,0.6471558184314243,0.6471558184314243
1995-10-08,0.05576482570346402,0.05576482570346402,0.6471558184314243,0.6471558184314243
1995-10-09,0.05706168211517248,0.05706168211517248,0.6471558184314243,0.6471558184314243
1995-10-10,0.04668683082150476,0.04668683082150476,0.6443663536968062,0.6443663536968062
1995-10-11,0.0453899744097963,0.0453899744097963,0.6443663536968062,0.6443663536968062
1995-10-12,0.0453899744097963,0.0453899744097963,0.5648666087601872,0.5648666087601872
1995-10-13,0.0453899744097963,0.0453899744097963,0.5369719614140052,0.5369719614140052
1995-10-14,0.0453899744097963,0.0453899744097963,0.5369719614140052,0.5369719614140052
1995-10-15,0.03631197952783704,0.03631197952783704,0.5411561585159324,0.5411561585159324
1995-10-16,0.042796261586379364,0.042796261586379364,0.5369719614140052,0.5369719614140052
1995-10-17,0.04409311799808782,0.04409311799808782,0.5369719614140052,0.5369719614140052
1995-10-18,0.042796261586379364,0.042796261586379364,0.5369719614140052,0.5369719614140052
1995-10-19,0.042796261586379364,0.042796261586379364,0.5369719614140052,0.5369719614140052
1995-10-20,0.042796261586379364,0.042796261586379364,0.49234052566011377,0.49234052566011377
1995-10-21,0.042796261586379364,0.042796261586379364,0.49234052566011377,0.49234052566011377
1995-10-22,0.042796261586379364,0.042796261586379364,0.46026168121200445,0.46026168121200445
1995-10-23,0.042796261586379364,0.042796261586379364,0.4560774841100771,0.4560774841100771
1995-10-24,0.04928054364492169,0.04928054364492169,0.4644458783139317,0.4644458783139317
1995-10-25,0.04928054364492169,0.04928054364492169,0.4560774841100771,0.4560774841100771
1995-10-26,0.03371826670442011,0.03371826670442011,0.25523602321756605,0.25523602321756605
1995-10-27,0.03242141029271164,0.03242141029271164,0.3291568386849486,0.3291568386849486
1995-10-28,0.03371826670442011,0.03371826670442011,0.3291568386849486,0.3291568386849486
1995-10-29,0.03371826670442011,0.03371826670442011,0.3249726415830213,0.3249726415830213
1995-10-30,0.03371826670442011,0.03371826670442011,0.08368394203854625,0.08368394203854625
1995-10-31,0.012968564117084656,0.012968564117084656,0.08089447730392804,0.08089447730392804
1995-11-01,0.012968564117084656,0.012968564117084656,0.08089447730392804,0.08089447730392804
1995-11-02,0.012968564117084656,0.012968564117084656,0.08089447730392804,0.08089447730392804
1995-11-03,0.012968564117084656,0.012968564117084656,0.07252608310007341,0.07252608310007341
1995-11-04,0.012968564117084656,0.012968564117084656,0.05578929469236416,0.05578929469236416
1995-11-05,0.012968564117084656,0.012968564117084656,0.04463143575389134,0.04463143575389134
1995-11-06,0.010374851293667725,0.010374851293667725,0.061368224161600586,0.061368224161600586
1995-11-07,0.00907799488195926,0.00907799488195926,0.061368224161600586,0.061368224161600586
1995-11-08,0.00907799488195926,0.00907799488195926,0.061368224161600586,0.061368224161600586
1995-11-09,0.00907799488195926,0.00907799488195926,0.061368224161600586,0.061368224161600586
1995-11-10,0.00907799488195926,0.00907799488195926,0.061368224161600586,0.061368224161600586
1995-11-11,0.00907799488195926,0.00907799488195926,0.061368224161600586,0.061368224161600586
1995-11-12,0.012968564117084656,0.012968564117084656,0.061368224161600586,0.061368224161600586
1995-11-13,0.01815598976391852,0.01815598976391852,0.06973661836545522,0.06973661836545522
1995-11-14,0.01815598976391852,0.01815598976391852,0.06973661836545522,0.06973661836545522
1995-11-15,0.01815598976391852,0.01815598976391852,0.06973661836545522,0.06973661836545522
1995-11-16,0.01815598976391852,0.01815598976391852,0.06973661836545522,0.06973661836545522
1995-11-17,0.01815598976391852,0.01815598976391852,0.06973661836545522,0.06973661836545522
1995-11-18,0.01815598976391852,0.01815598976391852,0.06973661836545522,0.06973661836545522
1995-11-19,0.01815598976391852,0.01815598976391852,0.06973661836545522,0.06973661836545522
1995-11-20,0.01815598976391852,0.01815598976391852,0.061368224161600586,0.061368224161600586
1995-11-21,0.01815598976391852,0.01815598976391852,0.061368224161600586,0.061368224161600586
1995-11-22,0.01815598976391852,0.01815598976391852,0.061368224161600586,0.061368224161600586
1995-11-23,0.01815598976391852,0.01815598976391852,0.061368224161600586,0.061368224161600586
1995-11-24,0.01815598976391852,0.01815598976391852,0.061368224161600586,0.061368224161600586
1995-11-25,0.01815598976391852,0.01815598976391852,0.061368224161600586,0.061368224161600586
1995-11-26,0.01815598976391852,0.01815598976391852,0.061368224161600586,0.061368224161600586
1995-11-27,0.01815598976391852,0.01815598976391852,0.061368224161600586,0.061368224161600586
1995-11-28,0.01815598976391852,0.01815598976391852,0.061368224161600586,0.061368224161600586
1995-11-29,0.01815598976391852,0.01815598976391852,0.061368224161600586,0.061368224161600586
1995-11-30,0.01815598976391852,0.01815598976391852,0.061368224161600586,0.061368224161600586
1995-12-01,0.01815598976391852,0.01815598976391852,0.061368224161600586,0.061368224161600586
1995-12-02,0.01815598976391852,0.01815598976391852,0.05857875942698238,0.05857875942698238
1995-12-03,0.01815598976391852,0.01815598976391852,0.05857875942698238,0.05857875942698238
1995-12-04,0.015562276940501586,0.015562276940501586,0.061368224161600586,0.061368224161600586
1995-12-05,0.015562276940501586,0.015562276940501586,0.061368224161600586,0.061368224161600586
1995-12-06,0.01815598976391852,0.01815598976391852,0.061368224161600586,0.061368224161600586
1995-12-07,0.01815598976391852,0.01815598976391852,0.061368224161600586,0.061368224161600586
1995-12-08,0.01815598976391852,0.01815598976391852,0.061368224161600586,0.061368224161600586
1995-12-09,0.01815598976391852,0.01815598976391852,0.061368224161600586,0.061368224161600586
1995-12-10,0.01815598976391852,0.01815598976391852,0.061368224161600586,0.061368224161600586
1995-12-11,0.01426542052879312,0.01426542052879312,0.061368224161600586,0.061368224161600586
1995-12-12,0.01167170770537619,0.01167170770537619,0.06973661836545522,0.06973661836545522
1995-12-13,0.010374851293667725,0.010374851293667725,0.06973661836545522,0.06973661836545522
1995-12-14,0.00907799488195926,0.00907799488195926,0.05857875942698238,0.05857875942698238
1995-12-15,0.00907799488195926,0.00907799488195926,0.05857875942698238,0.05857875942698238
1995-12-16,0.00907799488195926,0.00907799488195926,0.061368224161600586,0.061368224161600586
1995-12-17,0.00907799488195926,0.00907799488195926,0.061368224161600586,0.061368224161600586
1995-12-18,0.007781138470250793,0.007781138470250793,0.05857875942698238,0.05857875942698238
1995-12-19,0.00907799488195926,0.00907799488195926,0.061368224161600586,0.061368224161600586
1995-12-20,0.00907799488195926,0.00907799488195926,0.061368224161600586,0.061368224161600586
1995-12-21,0.00907799488195926,0.00907799488195926,0.05857875942698238,0.05857875942698238
1995-12-22,0.007781138470250793,0.007781138470250793,0.05857875942698238,0.05857875942698238
1995-12-23,0.006484282058542328,0.006484282058542328,0.05299982995774596,0.05299982995774596
1995-12-24,0.006484282058542328,0.006484282058542328,0.05299982995774596,0.05299982995774596
1995-12-25,0.006484282058542328,0.006484282058542328,0.05299982995774596,0.05299982995774596
1995-12-26,0.006484282058542328,0.006484282058542328,0.05299982995774596,0.05299982995774596
1995-12-27,0.007781138470250793,0.007781138470250793,0.05299982995774596,0.05299982995774596
1995-12-28,0.007781138470250793,0.007781138470250793,0.04742090048850955,0.04742090048850955
1995-12-29,0.007781138470250793,0.007781138470250793,0.04742090048850955,0.04742090048850955
1995-12-30,0.007781138470250793,0.007781138470250793,0.05299982995774596,0.05299982995774596
1995-12-31,0.007781138470250793,0.007781138470250793,0.05299982995774596,0.05299982995774596
1996-01-01,0.007781138470250793,0.007781138470250793,0.04742090048850955,0.04742090048850955
1996-01-02,0.007781138470250793,0.007781138470250793,0.04742090048850955,0.04742090048850955
1996-01-03,0.007781138470250793,0.007781138470250793,0.04742090048850955,0.04742090048850955
1996-01-04,0.007781138470250793,0.007781138470250793,0.05299982995774596,0.05299982995774596
1996-01-05,0.007781138470250793,0.007781138470250793,0.05299982995774596,0.05299982995774596
1996-01-06,0.007781138470250793,0.007781138470250793,0.05299982995774596,0.05299982995774596
1996-01-07,0.007781138470250793,0.007781138470250793,0.05299982995774596,0.05299982995774596
1996-01-08,0.007781138470250793,0.007781138470250793,0.05299982995774596,0.05299982995774596
1996-01-09,0.007781138470250793,0.007781138470250793,0.05299982995774596,0.05299982995774596
1996-01-10,0.007781138470250793,0.007781138470250793,0.05299982995774596,0.05299982995774596
1996-01-11,0.007781138470250793,0.007781138470250793,0.05299982995774596,0.05299982995774596
1996-01-12,0.007781138470250793,0.007781138470250793,0.05578929469236416,0.05578929469236416
1996-01-13,0.007781138470250793,0.007781138470250793,0.05578929469236416,0.05578929469236416
1996-01-14,0.007781138470250793,0.007781138470250793,0.05578929469236416,0.05578929469236416
1996-01-15,0.007781138470250793,0.007781138470250793,0.05578929469236416,0.05578929469236416
1996-01-16,0.007781138470250793,0.007781138470250793,0.05578929469236416,0.05578929469236416
1996-01-17,0.007781138470250793,0.007781138470250793,0.05578929469236416,0.05578929469236416
1996-01-18,0.007781138470250793,0.007781138470250793,0.05578929469236416,0.05578929469236416
1996-01-19,0.007781138470250793,0.007781138470250793,0.05578929469236416,0.05578929469236416
1996-01-20,0.007781138470250793,0.007781138470250793,0.05578929469236416,0.05578929469236416
1996-01-21,0.007781138470250793,0.007781138470250793,0.061368224161600586,0.061368224161600586
1996-01-22,0.007781138470250793,0.007781138470250793,0.05578929469236416,0.05578929469236416
1996-01-23,0.007781138470250793,0.007781138470250793,0.05578929469236416,0.05578929469236416
1996-01-24,0.007781138470250793,0.007781138470250793,0.05578929469236416,0.05578929469236416
1996-01-25,0.007781138470250793,0.007781138470250793,0.05299982995774596,0.05299982995774596
1996-01-26,0.007781138470250793,0.007781138470250793,0.05578929469236416,0.05578929469236416
1996-01-27,0.007781138470250793,0.007781138470250793,0.05578929469236416,0.05578929469236416
1996-01-28,0.007781138470250793,0.007781138470250793,0.05299982995774596,0.05299982995774596
1996-01-29,0.007781138470250793,0.007781138470250793,0.05578929469236416,0.05578929469236416
1996-01-30,0.007781138470250793,0.007781138470250793,0.05578929469236416,0.05578929469236416
1996-01-31,0.007781138470250793,0.007781138470250793,0.05578929469236416,0.05578929469236416
1996-02-01,0.007781138470250793,0.007781138470250793,0.05578929469236416,0.05578929469236416
1996-02-02,0.010374851293667725,0.010374851293667725,0.05578929469236416,0.05578929469236416
1996-02-03,0.010374851293667725,0.010374851293667725,0.061368224161600586,0.061368224161600586
1996-02-04,0.010374851293667725,0.010374851293667725,0.061368224161600586,0.061368224161600586
1996-02-05,0.010374851293667725,0.010374851293667725,0.05578929469236416,0.05578929469236416
1996-02-06,0.010374851293667725,0.010374851293667725,0.05578929469236416,0.05578929469236416
1996-02-07,0.010374851293667725,0.010374851293667725,0.05578929469236416,0.05578929469236416
1996-02-08,0.007781138470250793,0.007781138470250793,0.05578929469236416,0.05578929469236416
1996-02-09,0.007781138470250793,0.007781138470250793,0.05578929469236416,0.05578929469236416
1996-02-10,0.007781138470250793,0.007781138470250793,0.05578929469236416,0.05578929469236416
1996-02-11,0.010374851293667725,0.010374851293667725,0.05578929469236416,0.05578929469236416
1996-02-12,0.010374851293667725,0.010374851293667725,0.05578929469236416,0.05578929469236416
1996-02-13,0.007781138470250793,0.007781138470250793,0.05578929469236416,0.05578929469236416
1996-02-14,0.007781138470250793,0.007781138470250793,0.05578929469236416,0.05578929469236416
1996-02-15,0.007781138470250793,0.007781138470250793,0.05578929469236416,0.05578929469236416
1996-02-16,0.007781138470250793,0.007781138470250793,0.05578929469236416,0.05578929469236416
1996-02-17,0.0,0.0,0.05578929469236416,0.05578929469236416
1996-02-18,0.0,0.0,0.05578929469236416,0.05578929469236416
1996-02-19,0.0,0.0,0.05578929469236416,0.05578929469236416
1996-02-20,0.0,0.0,0.061368224161600586,0.061368224161600586
1996-02-21,0.0,0.0,0.05578929469236416,0.05578929469236416
1996-02-22,0.0,0.0,0.061368224161600586,0.061368224161600586
1996-02-23,0.0,0.0,0.05578929469236416,0.05578929469236416
1996-02-24,0.0,0.0,0.05578929469236416,0.05578929469236416
1996-02-25,0.0,0.0,0.05578929469236416,0.05578929469236416
1996-02-26,0.0,0.0,0.061368224161600586,0.061368224161600586
1996-02-27,0.0,0.0,0.061368224161600586,0.061368224161600586
1996-02-28,0.0,0.0,0.061368224161600586,0.061368224161600586
1996-02-29,0.0,0.0,0.061368224161600586,0.061368224161600586
1996-03-01,0.0,0.0,0.061368224161600586,0.061368224161600586
1996-03-02,0.0,0.0,0.061368224161600586,0.061368224161600586
1996-03-03,0.0,0.0,0.061368224161600586,0.061368224161600586
1996-03-04,0.0,0.0,0.061368224161600586,0.061368224161600586
1996-03-05,0.0,0.0,0.061368224161600586,0.061368224161600586
1996-03-06,0.0,0.0,0.061368224161600586,0.061368224161600586
1996-03-07,0.0038905692351253966,0.0038905692351253966,0.6499452831660426,0.6499452831660426
1996-03-08,0.005187425646833862,0.005187425646833862,0.6527347479006609,0.6527347479006609
1996-03-09,0.005187425646833862,0.005187425646833862,0.6527347479006609,0.6527347479006609
1996-03-10,0.01426542052879312,0.01426542052879312,0.6527347479006609,0.6527347479006609
1996-03-11,0.012968564117084656,0.012968564117084656,0.655524212635279,0.655524212635279
1996-03-12,0.012968564117084656,0.012968564117084656,0.6611031421045154,0.6611031421045154
1996-03-13,0.012968564117084656,0.012968564117084656,0.5258141024755323,0.5258141024755323
1996-03-14,0.01426542052879312,0.01426542052879312,0.454682751742768,0.454682751742768
1996-03-15,0.005187425646833862,0.005187425646833862,0.454682751742768,0.454682751742768
1996-03-16,0.006484282058542328,0.006484282058542328,0.454682751742768,0.454682751742768
1996-03-17,0.006484282058542328,0.006484282058542328,0.454682751742768,0.454682751742768
1996-03-18,0.012968564117084656,0.012968564117084656,0.454682751742768,0.454682751742768
1996-03-19,0.012968564117084656,0.012968564117084656,0.6053138474121512,0.6053138474121512
1996-03-20,0.012968564117084656,0.012968564117084656,1.3054694958013218,1.3054694958013218
1996-03-21,0.012968564117084656,0.012968564117084656,1.3863639731052495,1.3863639731052495
1996-03-22,0.012968564117084656,0.012968564117084656,1.4379690706956867,1.4379690706956867
1996-03-23,0.012968564117084656,0.012968564117084656,1.6276526726497247,1.6276526726497247
1996-03-24,0.04668683082150476,0.04668683082150476,1.6890208968113254,1.6890208968113254
1996-03-25,0.06484282058542327,0.06484282058542327,1.7559680504421622,1.7559680504421622
1996-03-26,0.062249107762006345,0.062249107762006345,1.7559680504421622,1.7559680504421622
1996-03-27,0.06354596417371482,0.06354596417371482,1.7559680504421622,1.7559680504421622
1996-03-28,0.06873338982054866,0.06873338982054866,1.7559680504421622,1.7559680504421622
1996-03-29,0.07003024623225713,0.07003024623225713,1.7559680504421622,1.7559680504421622
1996-03-30,0.07651452829079947,0.07651452829079947,1.6151000813439425,1.6151000813439425
1996-03-31,0.08170195393763333,0.08170195393763333,1.6234684755477973,1.6234684755477973
1996-04-01,0.08688937958446719,0.08688937958446719,1.5816265045285243,1.5816265045285243
1996-04-02,0.06873338982054866,0.06873338982054866,1.54117926587656,1.54117926587656
1996-04-03,0.06873338982054866,0.06873338982054866,1.3738113817994677,1.3738113817994677
1996-04-04,0.07392081546738254,0.07392081546738254,1.3556798610244494,1.3556798610244494
1996-04-05,0.07521767187909101,0.07521767187909101,1.376600846534086,1.376600846534086
1996-04-06,0.07262395905567408,0.07262395905567408,1.376600846534086,1.376600846534086
1996-04-07,0.07262395905567408,0.07262395905567408,1.4658637180418685,1.4658637180418685
1996-04-08,0.07262395905567408,0.07262395905567408,1.4895741682861232,1.4895741682861232
1996-04-09,0.06484282058542327,0.06484282058542327,1.2580485953128122,1.2580485953128122
1996-04-10,0.07781138470250792,0.07781138470250792,1.1687857238050294,1.1687857238050294
1996-04-11,0.08040509752592487,0.08040509752592487,1.2022593006204478,1.2022593006204478
1996-04-12,0.09207680523130105,0.09207680523130105,1.1966803711512115,1.1966803711512115
1996-04-13,0.07651452829079947,0.07651452829079947,1.2608380600474303,1.2608380600474303
1996-04-14,0.07651452829079947,0.07651452829079947,1.0809175846645558,1.0809175846645558
1996-04-15,0.06484282058542327,0.06484282058542327,0.9777073894836822,0.9777073894836822
1996-04-16,0.06484282058542327,0.06484282058542327,1.0530229373183737,1.0530229373183737
1996-04-17,0.06484282058542327,0.06484282058542327,1.0864965141337921,1.0864965141337921
1996-04-18,0.06484282058542327,0.06484282058542327,1.108812232010738,1.108812232010738
1996-04-19,0.0829988103493418,0.0829988103493418,1.1604173296011746,1.1604173296011746
1996-04-20,0.0829988103493418,0.0829988103493418,1.350100931555213,1.350100931555213
1996-04-21,0.08429566676105026,0.08429566676105026,1.4561005914707046,1.4561005914707046
1996-04-22,0.0907799488195926,0.0907799488195926,1.5899948987323789,1.5899948987323789
1996-04-23,0.09207680523130105,0.09207680523130105,1.630442137384343,1.630442137384343
1996-04-24,0.10374851293667725,0.10374851293667725,1.7699153741152531,1.7699153741152531
1996-04-25,0.10374851293667725,0.10374851293667725,1.846625654317254,1.846625654317254
1996-04-26,0.10115480011326032,0.10115480011326032,1.896836019540382,1.896836019540382
1996-04-27,0.10374851293667725,0.10374851293667725,2.376623953894714,2.376623953894714
1996-04-28,0.10245165652496876,0.10245165652496876,2.376623953894714,2.376623953894714
1996-04-29,0.0972642308781349,0.0972642308781349,2.2678348292446033,2.2678348292446033
1996-04-30,0.07651452829079947,0.07651452829079947,2.1562562398598755,2.1562562398598755
1996-05-01,0.07781138470250792,0.07781138470250792,2.1562562398598755,2.1562562398598755
1996-05-02,0.06484282058542327,0.06484282058542327,2.016783003128965,2.016783003128965
1996-05-03,0.06484282058542327,0.06484282058542327,1.6680999113016888,1.6680999113016888
1996-05-04,0.06354596417371482,0.06354596417371482,1.577442307426597,1.577442307426597
1996-05-05,0.06354596417371482,0.06354596417371482,1.3821797760033223,1.3821797760033223
1996-05-06,0.06354596417371482,0.06354596417371482,1.4337848735937593,1.4337848735937593
1996-05-07,0.06484282058542327,0.06484282058542327,1.4658637180418685,1.4658637180418685
1996-05-08,0.07003024623225713,0.07003024623225713,1.8257046688076173,1.8257046688076173
1996-05-09,0.06873338982054866,0.06873338982054866,2.3710450244254773,2.3710450244254773
1996-05-10,0.07003024623225713,0.07003024623225713,2.527255049564097,2.527255049564097
1996-05-11,0.07132710264396559,0.07132710264396559,2.596991667929552,2.596991667929552
1996-05-12,0.0907799488195926,0.0907799488195926,2.590018006093007,2.590018006093007
1996-05-13,0.10374851293667725,0.10374851293667725,2.384992348098568,2.384992348098568
1996-05-14,0.1089359385835111,0.1089359385835111,2.5188866553602423,2.5188866553602423
1996-05-15,0.11152965140692804,0.11152965140692804,2.8633855500855905,2.8633855500855905
1996-05-16,0.12320135911230422,0.12320135911230422,3.140937291180103,3.140937291180103
1996-05-17,0.12320135911230422,0.12320135911230422,3.2790157955437045,3.2790157955437045
1996-05-18,0.11282650781863648,0.11282650781863648,3.542620212965125,3.542620212965125
1996-05-19,0.11282650781863648,0.11282650781863648,3.542620212965125,3.542620212965125
1996-05-20,0.11152965140692804,0.11152965140692804,3.6904618438998895,3.6904618438998895
1996-05-21,0.11282650781863648,0.11282650781863648,4.044723865196402,4.044723865196402
1996-05-22,0.14006049246451427,0.14006049246451427,3.9331452758116736,3.9331452758116736
1996-05-23,0.14006049246451427,0.14006049246451427,3.6263041550036705,3.6263041550036705
1996-05-24,0.14135734887622275,0.14135734887622275,3.6263041550036705,3.6263041550036705
1996-05-25,0.14135734887622275,0.14135734887622275,3.5119361008843244,3.5119361008843244
1996-05-26,0.14913848734647353,0.14913848734647353,3.6249094226363616,3.6249094226363616
1996-05-27,0.14654477452305661,0.14654477452305661,3.6514093376152346,3.6514093376152346
1996-05-28,0.14913848734647353,0.14913848734647353,3.6514093376152346,3.6514093376152346
1996-05-29,0.15173220016989047,0.15173220016989047,3.6918565762671993,3.6918565762671993
1996-05-30,0.14913848734647353,0.14913848734647353,3.7183564912460723,3.7183564912460723
1996-05-31,0.15173220016989047,0.15173220016989047,3.828540348263491,3.828540348263491
1996-06-01,0.15173220016989047,0.15173220016989047,3.894092769527019,3.894092769527019
1996-06-02,0.13357621040597195,0.13357621040597195,3.9708030497290205,3.9708030497290205
1996-06-03,0.14913848734647353,0.14913848734647353,3.894092769527019,3.894092769527019
1996-06-04,0.14524791811134816,0.14524791811134816,3.793672039080764,3.793672039080764
1996-06-05,0.14524791811134816,0.14524791811134816,3.83132981299811,3.83132981299811
1996-06-06,0.1582164822284328,0.1582164822284328,3.5788832545151616,3.5788832545151616
1996-06-07,0.15173220016989047,0.15173220016989047,3.3445682168072324,3.3445682168072324
1996-06-08,0.15173220016989047,0.15173220016989047,3.3445682168072324,3.3445682168072324
1996-06-09,0.15173220016989047,0.15173220016989047,3.2162528390147944,3.2162528390147944
1996-06-10,0.15173220016989047,0.15173220016989047,3.177200332730139,3.177200332730139
1996-06-11,0.15173220016989047,0.15173220016989047,3.3543313433783957,3.3543313433783957
1996-06-12,0.14913848734647353,0.14913848734647353,3.5788832545151616,3.5788832545151616
1996-06-13,0.1659976206986836,0.1659976206986836,3.7657773917345816,3.7657773917345816
1996-06-14,0.1647007642869751,0.1647007642869751,3.7657773917345816,3.7657773917345816
1996-06-15,0.16340390787526665,0.16340390787526665,3.7657773917345816,3.7657773917345816
1996-06-16,0.15562276940501585,0.15562276940501585,3.6541988023498533,3.6541988023498533
1996-06-17,0.15562276940501585,0.15562276940501585,3.54959387480167,3.54959387480167
1996-06-18,0.15691962581672436,0.15691962581672436,3.7281196178172356,3.7281196178172356
1996-06-19,0.15562276940501585,0.15562276940501585,3.7197512236133807,3.7197512236133807
1996-06-20,0.15562276940501585,0.15562276940501585,3.8006457009173085,3.8006457009173085
1996-06-21,0.1543259129933074,0.1543259129933074,4.007066091279056,4.007066091279056
1996-06-22,0.16340390787526665,0.16340390787526665,4.044723865196402,4.044723865196402
1996-06-23,0.1647007642869751,0.1647007642869751,4.044723865196402,4.044723865196402
1996-06-24,0.16210705146355817,0.16210705146355817,3.895487501894328,3.895487501894328
1996-06-25,0.16210705146355817,0.16210705146355817,3.9708030497290205,3.9708030497290205
1996-06-26,0.17118504634551746,0.17118504634551746,4.01682921785022,4.01682921785022
1996-06-27,0.17118504634551746,0.17118504634551746,4.11027628645993,4.11027628645993
1996-06-28,0.15951333864014125,0.15951333864014125,4.156302454581131,4.156302454581131
1996-06-29,0.15302905658159893,0.15302905658159893,4.082381639113748,4.082381639113748
1996-06-30,0.16340390787526665,0.16340390787526665,4.193960228498476,4.193960228498476
1996-07-01,0.16340390787526665,0.16340390787526665,4.146539328009967,4.146539328009967
1996-07-02,0.16340390787526665,0.16340390787526665,4.184197101927313,4.184197101927313
1996-07-03,0.16340390787526665,0.16340390787526665,4.166065581152294,4.166065581152294
1996-07-04,0.16340390787526665,0.16340390787526665,4.023802879686765,4.023802879686765
1996-07-05,0.16340390787526665,0.16340390787526665,4.034960738625238,4.034960738625238
1996-07-06,0.16340390787526665,0.16340390787526665,4.034960738625238,4.034960738625238
1996-07-07,0.15951333864014125,0.15951333864014125,3.894092769527019,3.894092769527019
1996-07-08,0.15691962581672436,0.15691962581672436,4.03356600625793,4.03356600625793
1996-07-09,0.16729447711039205,0.16729447711039205,4.117249948296475,4.117249948296475
1996-07-10,0.17248190275722594,0.17248190275722594,4.03356600625793,4.03356600625793
1996-07-11,0.1685913335221005,0.1685913335221005,3.894092769527019,3.894092769527019
1996-07-12,0.16340390787526665,0.16340390787526665,3.894092769527019,3.894092769527019
1996-07-13,0.16340390787526665,0.16340390787526665,3.9708030497290205,3.9708030497290205
1996-07-14,0.1543259129933074,0.1543259129933074,3.942908402382838,3.942908402382838
1996-07-15,0.15951333864014125,0.15951333864014125,3.942908402382838,3.942908402382838
1996-07-16,0.16340390787526665,0.16340390787526665,4.0363554709925475,4.0363554709925475
1996-07-17,0.16081019505184974,0.16081019505184974,4.082381639113748,4.082381639113748
1996-07-18,0.16340390787526665,0.16340390787526665,4.11027628645993,4.11027628645993
1996-07-19,0.1647007642869751,0.1647007642869751,4.184197101927313,4.184197101927313
1996-07-20,0.16081019505184974,0.16081019505184974,4.184197101927313,4.184197101927313
1996-07-21,0.169888189933809,0.169888189933809,4.092144765684911,4.092144765684911
1996-07-22,0.16729447711039205,0.16729447711039205,4.20511808743695,4.20511808743695
1996-07-23,0.16729447711039205,0.16729447711039205,4.202328622702331,4.202328622702331
1996-07-24,0.16729447711039205,0.16729447711039205,4.192565496131167,4.192565496131167
1996-07-25,0.1659976206986836,0.1659976206986836,4.266486311598549,4.266486311598549
1996-07-26,0.16729447711039205,0.16729447711039205,4.304144085515896,4.304144085515896
1996-07-27,0.16729447711039205,0.16729447711039205,4.122828877765713,4.122828877765713
1996-07-28,0.16340390787526665,0.16340390787526665,4.021013414952148,4.021013414952148
1996-07-29,0.1659976206986836,0.1659976206986836,3.8843296429558554,3.8843296429558554
1996-07-30,0.1647007642869751,0.1647007642869751,3.8341192777327278,3.8341192777327278
1996-07-31,0.1647007642869751,0.1647007642869751,4.0112502883809835,4.0112502883809835
1996-08-01,0.16729447711039205,0.16729447711039205,4.057276456502184,4.057276456502184
1996-08-02,0.15302905658159893,0.15302905658159893,3.940118937648219,3.940118937648219
1996-08-03,0.1543259129933074,0.1543259129933074,3.8815401782212375,3.8815401782212375
1996-08-04,0.15562276940501585,0.15562276940501585,3.6290936197382893,3.6290936197382893
1996-08-05,0.15302905658159893,0.15302905658159893,3.5551728042709065,3.5551728042709065
1996-08-06,0.1543259129933074,0.1543259129933074,3.4156995675399964,3.4156995675399964
1996-08-07,0.16081019505184974,0.16081019505184974,3.4156995675399964,3.4156995675399964
1996-08-08,0.1543259129933074,0.1543259129933074,3.4059364409688326,3.4059364409688326
1996-08-09,0.14654477452305661,0.14654477452305661,3.312489372359122,3.312489372359122
1996-08-10,0.14654477452305661,0.14654477452305661,3.276226330809086,3.276226330809086
1996-08-11,0.14654477452305661,0.14654477452305661,3.20788444481094,3.20788444481094
1996-08-12,0.1543259129933074,0.1543259129933074,3.184173994566685,3.184173994566685
1996-08-13,0.14524791811134816,0.14524791811134816,3.2859894573802495,3.2859894573802495
1996-08-14,0.15302905658159893,0.15302905658159893,3.304120978155268,3.304120978155268
1996-08-15,0.14524791811134816,0.14524791811134816,3.304120978155268,3.304120978155268
1996-08-16,0.14524791811134816,0.14524791811134816,3.2957525839514132,3.2957525839514132
1996-08-17,0.14006049246451427,0.14006049246451427,3.426857426478469,3.426857426478469
1996-08-18,0.13487306681768044,0.13487306681768044,3.2999367810533404,3.2999367810533404
1996-08-19,0.12190450270059575,0.12190450270059575,3.1995160506070857,3.1995160506070857
1996-08-20,0.12320135911230422,0.12320135911230422,3.1660424737916664,3.1660424737916664
1996-08-21,0.1089359385835111,0.1089359385835111,3.1214110380377758,3.1214110380377758
1996-08-22,0.1089359385835111,0.1089359385835111,3.12977943224163,3.12977943224163
1996-08-23,0.10504536934838571,0.10504536934838571,3.12977943224163,3.12977943224163
1996-08-24,0.10504536934838571,0.10504536934838571,3.026569237060756,3.026569237060756
1996-08-25,0.11931078987717883,0.11931078987717883,2.909411718206792,2.909411718206792
1996-08-26,0.11801393346547037,0.11801393346547037,2.7378596370277717,2.7378596370277717
1996-08-27,0.12968564117084655,0.12968564117084655,2.675096680498862,2.675096680498862
1996-08-28,0.12190450270059575,0.12190450270059575,2.537018176135261,2.537018176135261
1996-08-29,0.1089359385835111,0.1089359385835111,2.5425971056044974,2.5425971056044974
1996-08-30,0.10374851293667725,0.10374851293667725,2.6053600621334065,2.6053600621334065
1996-08-31,0.10245165652496876,0.10245165652496876,2.668123018662316,2.668123018662316
1996-09-01,0.10245165652496876,0.10245165652496876,2.5774654147872247,2.5774654147872247
1996-09-02,0.10374851293667725,0.10374851293667725,2.6792808776007893,2.6792808776007893
1996-09-03,0.10374851293667725,0.10374851293667725,2.55375496454297,2.55375496454297
1996-09-04,0.10374851293667725,0.10374851293667725,2.534228711400642,2.534228711400642
1996-09-05,0.10374851293667725,0.10374851293667725,2.389176545200496,2.389176545200496
1996-09-06,0.10374851293667725,0.10374851293667725,2.389176545200496,2.389176545200496
1996-09-07,0.11801393346547037,0.11801393346547037,2.3194399268350407,2.3194399268350407
1996-09-08,0.11801393346547037,0.11801393346547037,2.3598871654870046,2.3598871654870046
1996-09-09,0.1167170770537619,0.1167170770537619,2.2678348292446033,2.2678348292446033
1996-09-10,0.11542022064205343,0.11542022064205343,2.2748084910811492,2.2748084910811492
1996-09-11,0.1167170770537619,0.1167170770537619,2.122782663044457,2.122782663044457
1996-09-12,0.1089359385835111,0.1089359385835111,2.122782663044457,2.122782663044457
1996-09-13,0.08818623599617564,0.08818623599617564,2.122782663044457,2.122782663044457
1996-09-14,0.08818623599617564,0.08818623599617564,2.1353352543502386,2.1353352543502386
1996-09-15,0.07392081546738254,0.07392081546738254,1.9177570050500183,1.9177570050500183
1996-09-16,0.07392081546738254,0.07392081546738254,1.6918103615459434,1.6918103615459434
1996-09-17,0.07392081546738254,0.07392081546738254,1.5091004214284507,1.5091004214284507
1996-09-18,0.07392081546738254,0.07392081546738254,1.5593107866515787,1.5593107866515787
1996-09-19,0.07392081546738254,0.07392081546738254,1.7071524175863435,1.7071524175863435
1996-09-20,0.07392081546738254,0.07392081546738254,1.808967880399908,1.808967880399908
1996-09-21,0.0907799488195926,0.0907799488195926,1.72807340309598,1.72807340309598
1996-09-22,0.09467051805471799,0.09467051805471799,1.72807340309598,1.72807340309598
1996-09-23,0.10115480011326032,0.10115480011326032,1.8117573451345266,1.8117573451345266
1996-09-24,0.08818623599617564,0.08818623599617564,1.9833094263135462,1.9833094263135462
1996-09-25,0.08170195393763333,0.08170195393763333,2.051651312311692,2.051651312311692
1996-09-26,0.08170195393763333,0.08170195393763333,2.0112040736597283,2.0112040736597283
1996-09-27,0.07392081546738254,0.07392081546738254,1.9372832581923458,1.9372832581923458
1996-09-28,0.06743653340884022,0.06743653340884022,2.6485967655199887,2.6485967655199887
1996-09-29,0.06873338982054866,0.06873338982054866,1.9303095963558001,1.9303095963558001
1996-09-30,0.07003024623225713,0.07003024623225713,0.6359979594929516,0.6359979594929516
1996-10-01,0.042796261586379364,0.042796261586379364,1.9303095963558001,1.9303095963558001
1996-10-02,0.042796261586379364,0.042796261586379364,0.6053138474121512,0.6053138474121512
1996-10-03,0.042796261586379364,0.042796261586379364,0.5718402705967327,0.5718402705967327
1996-10-04,0.042796261586379364,0.042796261586379364,0.5704455382294236,0.5704455382294236
1996-10-05,0.042796261586379364,0.042796261586379364,0.5676560734948055,0.5676560734948055
1996-10-06,0.042796261586379364,0.042796261586379364,0.6471558184314243,0.6471558184314243
1996-10-07,0.0414994051746709,0.0414994051746709,0.6471558184314243,0.6471558184314243
1996-10-08,0.05576482570346402,0.05576482570346402,0.6471558184314243,0.6471558184314243
1996-10-09,0.05706168211517248,0.05706168211517248,0.6471558184314243,0.6471558184314243
1996-10-10,0.04668683082150476,0.04668683082150476,0.6443663536968062,0.6443663536968062
1996-10-11,0.0453899744097963,0.0453899744097963,0.6443663536968062,0.6443663536968062
1996-10-12,0.0453899744097963,0.0453899744097963,0.5648666087601872,0.5648666087601872
1996-10-13,0.0453899744097963,0.0453899744097963,0.5369719614140052,0.5369719614140052
1996-10-14,0.0453899744097963,0.0453899744097963,0.5369719614140052,0.5369719614140052
1996-10-15,0.03631197952783704,0.03631197952783704,0.5411561585159324,0.5411561585159324
1996-10-16,0.042796261586379364,0.042796261586379364,0.5369719614140052,0.5369719614140052
1996-10-17,0.04409311799808782,0.04409311799808782,0.5369719614140052,0.5369719614140052
1996-10-18,0.042796261586379364,0.042796261586379364,0.5369719614140052,0.5369719614140052
1996-10-19,0.042796261586379364,0.042796261586379364,0.5369719614140052,0.5369719614140052
1996-10-20,0.042796261586379364,0.042796261586379364,0.49234052566011377,0.49234052566011377
1996-10-21,0.042796261586379364,0.042796261586379364,0.49234052566011377,0.49234052566011377
1996-10-22,0.042796261586379364,0.042796261586379364,0.46026168121200445,0.46026168121200445
1996-10-23,0.042796261586379364,0.042796261586379364,0.4560774841100771,0.4560774841100771
1996-10-24,0.04928054364492169,0.04928054364492169,0.4644458783139317,0.4644458783139317
1996-10-25,0.04928054364492169,0.04928054364492169,0.4560774841100771,0.4560774841100771
1996-10-26,0.03371826670442011,0.03371826670442011,0.25523602321756605,0.25523602321756605
1996-10-27,0.03242141029271164,0.03242141029271164,0.3291568386849486,0.3291568386849486
1996-10-28,0.03371826670442011,0.03371826670442011,0.3291568386849486,0.3291568386849486
1996-10-29,0.03371826670442011,0.03371826670442011,0.3249726415830213,0.3249726415830213
1996-10-30,0.03371826670442011,0.03371826670442011,0.08368394203854625,0.08368394203854625
1996-10-31,0.012968564117084656,0.012968564117084656,0.08089447730392804,0.08089447730392804
1996-11-01,0.012968564117084656,0.012968564117084656,0.08089447730392804,0.08089447730392804
1996-11-02,0.012968564117084656,0.012968564117084656,0.08089447730392804,0.08089447730392804
1996-11-03,0.012968564117084656,0.012968564117084656,0.07252608310007341,0.07252608310007341
1996-11-04,0.012968564117084656,0.012968564117084656,0.05578929469236416,0.05578929469236416
1996-11-05,0.012968564117084656,0.012968564117084656,0.04463143575389134,0.04463143575389134
1996-11-06,0.010374851293667725,0.010374851293667725,0.061368224161600586,0.061368224161600586
1996-11-07,0.00907799488195926,0.00907799488195926,0.061368224161600586,0.061368224161600586
1996-11-08,0.00907799488195926,0.00907799488195926,0.061368224161600586,0.061368224161600586
1996-11-09,0.00907799488195926,0.00907799488195926,0.061368224161600586,0.061368224161600586
1996-11-10,0.00907799488195926,0.00907799488195926,0.061368224161600586,0.061368224161600586
1996-11-11,0.00907799488195926,0.00907799488195926,0.061368224161600586,0.061368224161600586
1996-11-12,0.012968564117084656,0.012968564117084656,0.061368224161600586,0.061368224161600586
1996-11-13,0.01815598976391852,0.01815598976391852,0.06973661836545522,0.06973661836545522
1996-11-14,0.01815598976391852,0.01815598976391852,0.06973661836545522,0.06973661836545522
1996-11-15,0.01815598976391852,0.01815598976391852,0.06973661836545522,0.06973661836545522
1996-11-16,0.01815598976391852,0.01815598976391852,0.06973661836545522,0.06973661836545522
1996-11-17,0.01815598976391852,0.01815598976391852,0.06973661836545522,0.06973661836545522
1996-11-18,0.01815598976391852,0.01815598976391852,0.06973661836545522,0.06973661836545522
1996-11-19,0.01815598976391852,0.01815598976391852,0.06973661836545522,0.06973661836545522
1996-11-20,0.01815598976391852,0.01815598976391852,0.061368224161600586,0.061368224161600586
1996-11-21,0.01815598976391852,0.01815598976391852,0.061368224161600586,0.061368224161600586
1996-11-22,0.01815598976391852,0.01815598976391852,0.061368224161600586,0.061368224161600586
1996-11-23,0.01815598976391852,0.01815598976391852,0.061368224161600586,0.061368224161600586
1996-11-24,0.01815598976391852,0.01815598976391852,0.061368224161600586,0.061368224161600586
1996-11-25,0.01815598976391852,0.01815598976391852,0.061368224161600586,0.061368224161600586
1996-11-26,0.01815598976391852,0.01815598976391852,0.061368224161600586,0.061368224161600586
1996-11-27,0.01815598976391852,0.01815598976391852,0.061368224161600586,0.061368224161600586
1996-11-28,0.01815598976391852,0.01815598976391852,0.061368224161600586,0.061368224161600586
1996-11-29,0.01815598976391852,0.01815598976391852,0.061368224161600586,0.061368224161600586
1996-11-30,0.01815598976391852,0.01815598976391852,0.061368224161600586,0.061368224161600586
1996-12-01,0.01815598976391852,0.01815598976391852,0.061368224161600586,0.061368224161600586
1996-12-02,0.01815598976391852,0.01815598976391852,0.05857875942698238,0.05857875942698238
1996-12-03,0.01815598976391852,0.01815598976391852,0.05857875942698238,0.05857875942698238
1996-12-04,0.015562276940501586,0.015562276940501586,0.061368224161600586,0.061368224161600586
1996-12-05,0.015562276940501586,0.015562276940501586,0.061368224161600586,0.061368224161600586
1996-12-06,0.01815598976391852,0.01815598976391852,0.061368224161600586,0.061368224161600586
1996-12-07,0.01815598976391852,0.01815598976391852,0.061368224161600586,0.061368224161600586
1996-12-08,0.01815598976391852,0.01815598976391852,0.061368224161600586,0.061368224161600586
1996-12-09,0.01815598976391852,0.01815598976391852,0.061368224161600586,0.061368224161600586
1996-12-10,0.01815598976391852,0.01815598976391852,0.061368224161600586,0.061368224161600586
1996-12-11,0.01426542052879312,0.01426542052879312,0.061368224161600586,0.061368224161600586
1996-12-12,0.01167170770537619,0.01167170770537619,0.06973661836545522,0.06973661836545522
1996-12-13,0.010374851293667725,0.010374851293667725,0.06973661836545522,0.06973661836545522
1996-12-14,0.00907799488195926,0.00907799488195926,0.05857875942698238,0.05857875942698238
1996-12-15,0.00907799488195926,0.00907799488195926,0.05857875942698238,0.05857875942698238
1996-12-16,0.00907799488195926,0.00907799488195926,0.061368224161600586,0.061368224161600586
1996-12-17,0.00907799488195926,0.00907799488195926,0.061368224161600586,0.061368224161600586
1996-12-18,0.007781138470250793,0.007781138470250793,0.05857875942698238,0.05857875942698238
1996-12-19,0.00907799488195926,0.00907799488195926,0.061368224161600586,0.061368224161600586
1996-12-20,0.00907799488195926,0.00907799488195926,0.061368224161600586,0.061368224161600586
1996-12-21,0.00907799488195926,0.00907799488195926,0.05857875942698238,0.05857875942698238
1996-12-22,0.007781138470250793,0.007781138470250793,0.05857875942698238,0.05857875942698238
1996-12-23,0.006484282058542328,0.006484282058542328,0.05299982995774596,0.05299982995774596
1996-12-24,0.006484282058542328,0.006484282058542328,0.05299982995774596,0.05299982995774596
1996-12-25,0.006484282058542328,0.006484282058542328,0.05299982995774596,0.05299982995774596
1996-12-26,0.006484282058542328,0.006484282058542328,0.05299982995774596,0.05299982995774596
1996-12-27,0.007781138470250793,0.007781138470250793,0.05299982995774596,0.05299982995774596
1996-12-28,0.007781138470250793,0.007781138470250793,0.04742090048850955,0.04742090048850955
1996-12-29,0.007781138470250793,0.007781138470250793,0.04742090048850955,0.04742090048850955
1996-12-30,0.007781138470250793,0.007781138470250793,0.05299982995774596,0.05299982995774596
1996-12-31,0.007781138470250793,0.007781138470250793,0.05299982995774596,0.05299982995774596
1997-01-01,0.007781138470250793,0.007781138470250793,0.04742090048850955,0.04742090048850955
1997-01-02,0.007781138470250793,0.007781138470250793,0.04742090048850955,0.04742090048850955
1997-01-03,0.007781138470250793,0.007781138470250793,0.04742090048850955,0.04742090048850955
1997-01-04,0.007781138470250793,0.007781138470250793,0.05299982995774596,0.05299982995774596
1997-01-05,0.007781138470250793,0.007781138470250793,0.05299982995774596,0.05299982995774596
1997-01-06,0.007781138470250793,0.007781138470250793,0.05299982995774596,0.05299982995774596
1997-01-07,0.007781138470250793,0.007781138470250793,0.05299982995774596,0.05299982995774596
1997-01-08,0.007781138470250793,0.007781138470250793,0.05299982995774596,0.05299982995774596
1997-01-09,0.007781138470250793,0.007781138470250793,0.05299982995774596,0.05299982995774596
1997-01-10,0.007781138470250793,0.007781138470250793,0.05299982995774596,0.05299982995774596
1997-01-11,0.007781138470250793,0.007781138470250793,0.05299982995774596,0.05299982995774596
1997-01-12,0.007781138470250793,0.007781138470250793,0.05578929469236416,0.05578929469236416
1997-01-13,0.007781138470250793,0.007781138470250793,0.05578929469236416,0.05578929469236416
1997-01-14,0.007781138470250793,0.007781138470250793,0.05578929469236416,0.05578929469236416
1997-01-15,0.007781138470250793,0.007781138470250793,0.05578929469236416,0.05578929469236416
1997-01-16,0.007781138470250793,0.007781138470250793,0.05578929469236416,0.05578929469236416
1997-01-17,0.007781138470250793,0.007781138470250793,0.05578929469236416,0.05578929469236416
1997-01-18,0.007781138470250793,0.007781138470250793,0.05578929469236416,0.05578929469236416
1997-01-19,0.007781138470250793,0.007781138470250793,0.05578929469236416,0.05578929469236416
1997-01-20,0.007781138470250793,0.007781138470250793,0.05578929469236416,0.05578929469236416
1997-01-21,0.007781138470250793,0.007781138470250793,0.061368224161600586,0.061368224161600586
1997-01-22,0.007781138470250793,0.007781138470250793,0.05578929469236416,0.05578929469236416
1997-01-23,0.007781138470250793,0.007781138470250793,0.05578929469236416,0.05578929469236416
1997-01-24,0.007781138470250793,0.007781138470250793,0.05578929469236416,0.05578929469236416
1997-01-25,0.007781138470250793,0.007781138470250793,0.05299982995774596,0.05299982995774596
1997-01-26,0.007781138470250793,0.007781138470250793,0.05578929469236416,0.05578929469236416
1997-01-27,0.007781138470250793,0.007781138470250793,0.05578929469236416,0.05578929469236416
1997-01-28,0.007781138470250793,0.007781138470250793,0.05299982995774596,0.05299982995774596
1997-01-29,0.007781138470250793,0.007781138470250793,0.05578929469236416,0.05578929469236416
1997-01-30,0.007781138470250793,0.007781138470250793,0.05578929469236416,0.05578929469236416
1997-01-31,0.007781138470250793,0.007781138470250793,0.05578929469236416,0.05578929469236416
1997-02-01,0.007781138470250793,0.007781138470250793,0.05578929469236416,0.05578929469236416
1997-02-02,0.010374851293667725,0.010374851293667725,0.05578929469236416,0.05578929469236416
1997-02-03,0.010374851293667725,0.010374851293667725,0.061368224161600586,0.061368224161600586
1997-02-04,0.010374851293667725,0.010374851293667725,0.061368224161600586,0.061368224161600586
1997-02-05,0.010374851293667725,0.010374851293667725,0.05578929469236416,0.05578929469236416
1997-02-06,0.010374851293667725,0.010374851293667725,0.05578929469236416,0.05578929469236416
1997-02-07,0.010374851293667725,0.010374851293667725,0.05578929469236416,0.05578929469236416
1997-02-08,0.007781138470250793,0.007781138470250793,0.05578929469236416,0.05578929469236416
1997-02-09,0.007781138470250793,0.007781138470250793,0.05578929469236416,0.05578929469236416
1997-02-10,0.007781138470250793,0.007781138470250793,0.05578929469236416,0.05578929469236416
1997-02-11,0.010374851293667725,0.010374851293667725,0.05578929469236416,0.05578929469236416
1997-02-12,0.010374851293667725,0.010374851293667725,0.05578929469236416,0.05578929469236416
1997-02-13,0.007781138470250793,0.007781138470250793,0.05578929469236416,0.05578929469236416
1997-02-14,0.007781138470250793,0.007781138470250793,0.05578929469236416,0.05578929469236416
1997-02-15,0.007781138470250793,0.007781138470250793,0.05578929469236416,0.05578929469236416
1997-02-16,0.007781138470250793,0.007781138470250793,0.05578929469236416,0.05578929469236416
1997-02-17,0.0,0.0,0.05578929469236416,0.05578929469236416
1997-02-18,0.0,0.0,0.05578929469236416,0.05578929469236416
1997-02-19,0.0,0.0,0.05578929469236416,0.05578929469236416
1997-02-20,0.0,0.0,0.061368224161600586,0.061368224161600586
1997-02-21,0.0,0.0,0.05578929469236416,0.05578929469236416
1997-02-22,0.0,0.0,0.061368224161600586,0.061368224161600586
1997-02-23,0.0,0.0,0.05578929469236416,0.05578929469236416
1997-02-24,0.0,0.0,0.05578929469236416,0.05578929469236416
1997-02-25,0.0,0.0,0.05578929469236416,0.05578929469236416
1997-02-26,0.0,0.0,0.061368224161600586,0.061368224161600586
1997-02-27,0.0,0.0,0.061368224161600586,0.061368224161600586
1997-02-28,0.0,0.0,0.061368224161600586,0.061368224161600586
1997-03-01,0.0,0.0,0.061368224161600586,0.061368224161600586
1997-03-02,0.0,0.0,0.061368224161600586,0.061368224161600586
1997-03-03,0.0,0.0,0.061368224161600586,0.061368224161600586
1997-03-04,0.0,0.0,0.061368224161600586,0.061368224161600586
1997-03-05,0.0,0.0,0.061368224161600586,0.061368224161600586
1997-03-06,0.0,0.0,0.061368224161600586,0.061368224161600586
1997-03-07,0.0038905692351253966,0.0038905692351253966,0.6499452831660426,0.6499452831660426
1997-03-08,0.005187425646833862,0.005187425646833862,0.6527347479006609,0.6527347479006609
1997-03-09,0.005187425646833862,0.005187425646833862,0.6527347479006609,0.6527347479006609
1997-03-10,0.01426542052879312,0.01426542052879312,0.6527347479006609,0.6527347479006609
1997-03-11,0.012968564117084656,0.012968564117084656,0.655524212635279,0.655524212635279
1997-03-12,0.012968564117084656,0.012968564117084656,0.6611031421045154,0.6611031421045154
1997-03-13,0.012968564117084656,0.012968564117084656,0.5258141024755323,0.5258141024755323
1997-03-14,0.01426542052879312,0.01426542052879312,0.454682751742768,0.454682751742768
1997-03-15,0.005187425646833862,0.005187425646833862,0.454682751742768,0.454682751742768
1997-03-16,0.006484282058542328,0.006484282058542328,0.454682751742768,0.454682751742768
1997-03-17,0.006484282058542328,0.006484282058542328,0.454682751742768,0.454682751742768
1997-03-18,0.012968564117084656,0.012968564117084656,0.454682751742768,0.454682751742768
1997-03-19,0.012968564117084656,0.012968564117084656,0.6053138474121512,0.6053138474121512
1997-03-20,0.012968564117084656,0.012968564117084656,1.3054694958013218,1.3054694958013218
1997-03-21,0.012968564117084656,0.012968564117084656,1.3863639731052495,1.3863639731052495
1997-03-22,0.012968564117084656,0.012968564117084656,1.4379690706956867,1.4379690706956867
1997-03-23,0.012968564117084656,0.012968564117084656,1.6276526726497247,1.6276526726497247
1997-03-24,0.04668683082150476,0.04668683082150476,1.6890208968113254,1.6890208968113254
1997-03-25,0.06484282058542327,0.06484282058542327,1.7559680504421622,1.7559680504421622
1997-03-26,0.062249107762006345,0.062249107762006345,1.7559680504421622,1.7559680504421622
1997-03-27,0.06354596417371482,0.06354596417371482,1.7559680504421622,1.7559680504421622
1997-03-28,0.06873338982054866,0.06873338982054866,1.7559680504421622,1.7559680504421622
1997-03-29,0.07003024623225713,0.07003024623225713,1.7559680504421622,1.7559680504421622
1997-03-30,0.07651452829079947,0.07651452829079947,1.6151000813439425,1.6151000813439425
1997-03-31,0.08170195393763333,0.08170195393763333,1.6234684755477973,1.6234684755477973
1997-04-01,0.08688937958446719,0.08688937958446719,1.5816265045285243,1.5816265045285243
1997-04-02,0.06873338982054866,0.06873338982054866,1.54117926587656,1.54117926587656
1997-04-03,0.06873338982054866,0.06873338982054866,1.3738113817994677,1.3738113817994677
1997-04-04,0.07392081546738254,0.07392081546738254,1.3556798610244494,1.3556798610244494
1997-04-05,0.07521767187909101,0.07521767187909101,1.376600846534086,1.376600846534086
1997-04-06,0.07262395905567408,0.07262395905567408,1.376600846534086,1.376600846534086
1997-04-07,0.07262395905567408,0.07262395905567408,1.4658637180418685,1.4658637180418685
1997-04-08,0.07262395905567408,0.07262395905567408,1.4895741682861232,1.4895741682861232
1997-04-09,0.06484282058542327,0.06484282058542327,1.2580485953128122,1.2580485953128122
1997-04-10,0.07781138470250792,0.07781138470250792,1.1687857238050294,1.1687857238050294
1997-04-11,0.08040509752592487,0.08040509752592487,1.2022593006204478,1.2022593006204478
1997-04-12,0.09207680523130105,0.09207680523130105,1.1966803711512115,1.1966803711512115
1997-04-13,0.07651452829079947,0.07651452829079947,1.2608380600474303,1.2608380600474303
1997-04-14,0.07651452829079947,0.07651452829079947,1.0809175846645558,1.0809175846645558
1997-04-15,0.06484282058542327,0.06484282058542327,0.9777073894836822,0.9777073894836822
1997-04-16,0.06484282058542327,0.06484282058542327,1.0530229373183737,1.0530229373183737
1997-04-17,0.06484282058542327,0.06484282058542327,1.0864965141337921,1.0864965141337921
1997-04-18,0.06484282058542327,0.06484282058542327,1.108812232010738,1.108812232010738
1997-04-19,0.0829988103493418,0.0829988103493418,1.1604173296011746,1.1604173296011746
1997-04-20,0.0829988103493418,0.0829988103493418,1.350100931555213,1.350100931555213
1997-04-21,0.08429566676105026,0.08429566676105026,1.4561005914707046,1.4561005914707046
1997-04-22,0.0907799488195926,0.0907799488195926,1.5899948987323789,1.5899948987323789
1997-04-23,0.09207680523130105,0.09207680523130105,1.630442137384343,1.630442137384343
1997-04-24,0.10374851293667725,0.10374851293667725,1.7699153741152531,1.7699153741152531
1997-04-25,0.10374851293667725,0.10374851293667725,1.846625654317254,1.846625654317254
1997-04-26,0.10115480011326032,0.10115480011326032,1.896836019540382,1.896836019540382
1997-04-27,0.10374851293667725,0.10374851293667725,2.376623953894714,2.376623953894714
1997-04-28,0.10245165652496876,0.10245165652496876,2.376623953894714,2.376623953894714
1997-04-29,0.0972642308781349,0.0972642308781349,2.2678348292446033,2.2678348292446033
1997-04-30,0.07651452829079947,0.07651452829079947,2.1562562398598755,2.1562562398598755
1997-05-01,0.07781138470250792,0.07781138470250792,2.1562562398598755,2.1562562398598755
1997-05-02,0.06484282058542327,0.06484282058542327,2.016783003128965,2.016783003128965
1997-05-03,0.06484282058542327,0.06484282058542327,1.6680999113016888,1.6680999113016888
1997-05-04,0.06354596417371482,0.06354596417371482,1.577442307426597,1.577442307426597
1997-05-05,0.06354596417371482,0.06354596417371482,1.3821797760033223,1.3821797760033223
1997-05-06,0.06354596417371482,0.06354596417371482,1.4337848735937593,1.4337848735937593
1997-05-07,0.06484282058542327,0.06484282058542327,1.4658637180418685,1.4658637180418685
1997-05-08,0.07003024623225713,0.07003024623225713,1.8257046688076173,1.8257046688076173
1997-05-09,0.06873338982054866,0.06873338982054866,2.3710450244254773,2.3710450244254773
1997-05-10,0.07003024623225713,0.07003024623225713,2.527255049564097,2.527255049564097
1997-05-11,0.07132710264396559,0.07132710264396559,2.596991667929552,2.596991667929552
1997-05-12,0.0907799488195926,0.0907799488195926,2.590018006093007,2.590018006093007
1997-05-13,0.10374851293667725,0.10374851293667725,2.384992348098568,2.384992348098568
1997-05-14,0.1089359385835111,0.1089359385835111,2.5188866553602423,2.5188866553602423
1997-05-15,0.11152965140692804,0.11152965140692804,2.8633855500855905,2.8633855500855905
1997-05-16,0.12320135911230422,0.12320135911230422,3.140937291180103,3.140937291180103
1997-05-17,0.12320135911230422,0.12320135911230422,3.2790157955437045,3.2790157955437045
1997-05-18,0.11282650781863648,0.11282650781863648,3.542620212965125,3.542620212965125
1997-05-19,0.11282650781863648,0.11282650781863648,3.542620212965125,3.542620212965125
1997-05-20,0.11152965140692804,0.11152965140692804,3.6904618438998895,3.6904618438998895
1997-05-21,0.11282650781863648,0.11282650781863648,4.044723865196402,4.044723865196402
1997-05-22,0.14006049246451427,0.14006049246451427,3.9331452758116736,3.9331452758116736
1997-05-23,0.14006049246451427,0.14006049246451427,3.6263041550036705,3.6263041550036705
1997-05-24,0.14135734887622275,0.14135734887622275,3.6263041550036705,3.6263041550036705
1997-05-25,0.14135734887622275,0.14135734887622275,3.5119361008843244,3.5119361008843244
1997-05-26,0.14913848734647353,0.14913848734647353,3.6249094226363616,3.6249094226363616
1997-05-27,0.14654477452305661,0.14654477452305661,3.6514093376152346,3.6514093376152346
1997-05-28,0.14913848734647353,0.14913848734647353,3.6514093376152346,3.6514093376152346
1997-05-29,0.15173220016989047,0.15173220016989047,3.6918565762671993,3.6918565762671993
1997-05-30,0.14913848734647353,0.14913848734647353,3.7183564912460723,3.7183564912460723
1997-05-31,0.15173220016989047,0.15173220016989047,3.828540348263491,3.828540348263491
1997-06-01,0.15173220016989047,0.15173220016989047,3.894092769527019,3.894092769527019
1997-06-02,0.13357621040597195,0.13357621040597195,3.9708030497290205,3.9708030497290205
1997-06-03,0.14913848734647353,0.14913848734647353,3.894092769527019,3.894092769527019
1997-06-04,0.14524791811134816,0.14524791811134816,3.793672039080764,3.793672039080764
1997-06-05,0.14524791811134816,0.14524791811134816,3.83132981299811,3.83132981299811
1997-06-06,0.1582164822284328,0.1582164822284328,3.5788832545151616,3.5788832545151616
1997-06-07,0.15173220016989047,0.15173220016989047,3.3445682168072324,3.3445682168072324
1997-06-08,0.15173220016989047,0.15173220016989047,3.3445682168072324,3.3445682168072324
1997-06-09,0.15173220016989047,0.15173220016989047,3.2162528390147944,3.2162528390147944
1997-06-10,0.15173220016989047,0.15173220016989047,3.177200332730139,3.177200332730139
1997-06-11,0.15173220016989047,0.15173220016989047,3.3543313433783957,3.3543313433783957
1997-06-12,0.14913848734647353,0.14913848734647353,3.5788832545151616,3.5788832545151616
1997-06-13,0.1659976206986836,0.1659976206986836,3.7657773917345816,3.7657773917345816
1997-06-14,0.1647007642869751,0.1647007642869751,3.7657773917345816,3.7657773917345816
1997-06-15,0.16340390787526665,0.16340390787526665,3.7657773917345816,3.7657773917345816
1997-06-16,0.15562276940501585,0.15562276940501585,3.6541988023498533,3.6541988023498533
1997-06-17,0.15562276940501585,0.15562276940501585,3.54959387480167,3.54959387480167
1997-06-18,0.15691962581672436,0.15691962581672436,3.7281196178172356,3.7281196178172356
1997-06-19,0.15562276940501585,0.15562276940501585,3.7197512236133807,3.7197512236133807
1997-06-20,0.15562276940501585,0.15562276940501585,3.8006457009173085,3.8006457009173085
1997-06-21,0.1543259129933074,0.1543259129933074,4.007066091279056,4.007066091279056
1997-06-22,0.16340390787526665,0.16340390787526665,4.044723865196402,4.044723865196402
1997-06-23,0.1647007642869751,0.1647007642869751,4.044723865196402,4.044723865196402
1997-06-24,0.16210705146355817,0.16210705146355817,3.895487501894328,3.895487501894328
1997-06-25,0.16210705146355817,0.16210705146355817,3.9708030497290205,3.9708030497290205
1997-06-26,0.17118504634551746,0.17118504634551746,4.01682921785022,4.01682921785022
1997-06-27,0.17118504634551746,0.17118504634551746,4.11027628645993,4.11027628645993
1997-06-28,0.15951333864014125,0.15951333864014125,4.156302454581131,4.156302454581131
1997-06-29,0.15302905658159893,0.15302905658159893,4.082381639113748,4.082381639113748
1997-06-30,0.16340390787526665,0.16340390787526665,4.193960228498476,4.193960228498476
1997-07-01,0.16340390787526665,0.16340390787526665,4.146539328009967,4.146539328009967
1997-07-02,0.16340390787526665,0.16340390787526665,4.184197101927313,4.184197101927313
1997-07-03,0.16340390787526665,0.16340390787526665,4.166065581152294,4.166065581152294
1997-07-04,0.16340390787526665,0.16340390787526665,4.023802879686765,4.023802879686765
1997-07-05,0.16340390787526665,0.16340390787526665,4.034960738625238,4.034960738625238
1997-07-06,0.16340390787526665,0.16340390787526665,4.034960738625238,4.034960738625238
1997-07-07,0.15951333864014125,0.15951333864014125,3.894092769527019,3.894092769527019
1997-07-08,0.15691962581672436,0.15691962581672436,4.03356600625793,4.03356600625793
1997-07-09,0.16729447711039205,0.16729447711039205,4.117249948296475,4.117249948296475
1997-07-10,0.17248190275722594,0.17248190275722594,4.03356600625793,4.03356600625793
1997-07-11,0.1685913335221005,0.1685913335221005,3.894092769527019,3.894092769527019
1997-07-12,0.16340390787526665,0.16340390787526665,3.894092769527019,3.894092769527019
1997-07-13,0.16340390787526665,0.16340390787526665,3.9708030497290205,3.9708030497290205
1997-07-14,0.1543259129933074,0.1543259129933074,3.942908402382838,3.942908402382838
1997-07-15,0.15951333864014125,0.15951333864014125,3.942908402382838,3.942908402382838
1997-07-16,0.16340390787526665,0.16340390787526665,4.0363554709925475,4.0363554709925475
1997-07-17,0.16081019505184974,0.16081019505184974,4.082381639113748,4.082381639113748
1997-07-18,0.16340390787526665,0.16340390787526665,4.11027628645993,4.11027628645993
1997-07-19,0.1647007642869751,0.1647007642869751,4.184197101927313,4.184197101927313
1997-07-20,0.16081019505184974,0.16081019505184974,4.184197101927313,4.184197101927313
1997-07-21,0.169888189933809,0.169888189933809,4.092144765684911,4.092144765684911
1997-07-22,0.16729447711039205,0.16729447711039205,4.20511808743695,4.20511808743695
1997-07-23,0.16729447711039205,0.16729447711039205,4.202328622702331,4.202328622702331
1997-07-24,0.16729447711039205,0.16729447711039205,4.192565496131167,4.192565496131167
1997-07-25,0.1659976206986836,0.1659976206986836,4.266486311598549,4.266486311598549
1997-07-26,0.16729447711039205,0.16729447711039205,4.304144085515896,4.304144085515896
1997-07-27,0.16729447711039205,0.16729447711039205,4.122828877765713,4.122828877765713
1997-07-28,0.16340390787526665,0.16340390787526665,4.021013414952148,4.021013414952148
1997-07-29,0.1659976206986836,0.1659976206986836,3.8843296429558554,3.8843296429558554
1997-07-30,0.1647007642869751,0.1647007642869751,3.8341192777327278,3.8341192777327278
1997-07-31,0.1647007642869751,0.1647007642869751,4.0112502883809835,4.0112502883809835
1997-08-01,0.16729447711039205,0.16729447711039205,4.057276456502184,4.057276456502184
1997-08-02,0.15302905658159893,0.15302905658159893,3.940118937648219,3.940118937648219
1997-08-03,0.1543259129933074,0.1543259129933074,3.8815401782212375,3.8815401782212375
1997-08-04,0.15562276940501585,0.15562276940501585,3.6290936197382893,3.6290936197382893
1997-08-05,0.15302905658159893,0.15302905658159893,3.5551728042709065,3.5551728042709065
1997-08-06,0.1543259129933074,0.1543259129933074,3.4156995675399964,3.4156995675399964
1997-08-07,0.16081019505184974,0.16081019505184974,3.4156995675399964,3.4156995675399964
1997-08-08,0.1543259129933074,0.1543259129933074,3.4059364409688326,3.4059364409688326
1997-08-09,0.14654477452305661,0.14654477452305661,3.312489372359122,3.312489372359122
1997-08-10,0.14654477452305661,0.14654477452305661,3.276226330809086,3.276226330809086
1997-08-11,0.14654477452305661,0.14654477452305661,3.20788444481094,3.20788444481094
1997-08-12,0.1543259129933074,0.1543259129933074,3.184173994566685,3.184173994566685
1997-08-13,0.14524791811134816,0.14524791811134816,3.2859894573802495,3.2859894573802495
1997-08-14,0.15302905658159893,0.15302905658159893,3.304120978155268,3.304120978155268
1997-08-15,0.14524791811134816,0.14524791811134816,3.304120978155268,3.304120978155268
1997-08-16,0.14524791811134816,0.14524791811134816,3.2957525839514132,3.2957525839514132
1997-08-17,0.14006049246451427,0.14006049246451427,3.426857426478469,3.426857426478469
1997-08-18,0.13487306681768044,0.13487306681768044,3.2999367810533404,3.2999367810533404
1997-08-19,0.12190450270059575,0.12190450270059575,3.1995160506070857,3.1995160506070857
1997-08-20,0.12320135911230422,0.12320135911230422,3.1660424737916664,3.1660424737916664
1997-08-21,0.1089359385835111,0.1089359385835111,3.1214110380377758,3.1214110380377758
1997-08-22,0.1089359385835111,0.1089359385835111,3.12977943224163,3.12977943224163
1997-08-23,0.10504536934838571,0.10504536934838571,3.12977943224163,3.12977943224163
1997-08-24,0.10504536934838571,0.10504536934838571,3.026569237060756,3.026569237060756
1997-08-25,0.11931078987717883,0.11931078987717883,2.909411718206792,2.909411718206792
1997-08-26,0.11801393346547037,0.11801393346547037,2.7378596370277717,2.7378596370277717
1997-08-27,0.12968564117084655,0.12968564117084655,2.675096680498862,2.675096680498862
1997-08-28,0.12190450270059575,0.12190450270059575,2.537018176135261,2.537018176135261
1997-08-29,0.1089359385835111,0.1089359385835111,2.5425971056044974,2.5425971056044974
1997-08-30,0.10374851293667725,0.10374851293667725,2.6053600621334065,2.6053600621334065
1997-08-31,0.10245165652496876,0.10245165652496876,2.668123018662316,2.668123018662316
1997-09-01,0.10245165652496876,0.10245165652496876,2.5774654147872247,2.5774654147872247
1997-09-02,0.10374851293667725,0.10374851293667725,2.6792808776007893,2.6792808776007893
1997-09-03,0.10374851293667725,0.10374851293667725,2.55375496454297,2.55375496454297
1997-09-04,0.10374851293667725,0.10374851293667725,2.534228711400642,2.534228711400642
1997-09-05,0.10374851293667725,0.10374851293667725,2.389176545200496,2.389176545200496
1997-09-06,0.10374851293667725,0.10374851293667725,2.389176545200496,2.389176545200496
1997-09-07,0.11801393346547037,0.11801393346547037,2.3194399268350407,2.3194399268350407
1997-09-08,0.11801393346547037,0.11801393346547037,2.3598871654870046,2.3598871654870046
1997-09-09,0.1167170770537619,0.1167170770537619,2.2678348292446033,2.2678348292446033
1997-09-10,0.11542022064205343,0.11542022064205343,2.2748084910811492,2.2748084910811492
1997-09-11,0.1167170770537619,0.1167170770537619,2.122782663044457,2.122782663044457
1997-09-12,0.1089359385835111,0.1089359385835111,2.122782663044457,2.122782663044457
1997-09-13,0.08818623599617564,0.08818623599617564,2.122782663044457,2.122782663044457
1997-09-14,0.08818623599617564,0.08818623599617564,2.1353352543502386,2.1353352543502386
1997-09-15,0.07392081546738254,0.07392081546738254,1.9177570050500183,1.9177570050500183
1997-09-16,0.07392081546738254,0.07392081546738254,1.6918103615459434,1.6918103615459434
1997-09-17,0.07392081546738254,0.07392081546738254,1.5091004214284507,1.5091004214284507
1997-09-18,0.07392081546738254,0.07392081546738254,1.5593107866515787,1.5593107866515787
1997-09-19,0.07392081546738254,0.07392081546738254,1.7071524175863435,1.7071524175863435
1997-09-20,0.07392081546738254,0.07392081546738254,1.808967880399908,1.808967880399908
1997-09-21,0.0907799488195926,0.0907799488195926,1.72807340309598,1.72807340309598
1997-09-22,0.09467051805471799,0.09467051805471799,1.72807340309598,1.72807340309598
1997-09-23,0.10115480011326032,0.10115480011326032,1.8117573451345266,1.8117573451345266
1997-09-24,0.08818623599617564,0.08818623599617564,1.9833094263135462,1.9833094263135462
1997-09-25,0.08170195393763333,0.08170195393763333,2.051651312311692,2.051651312311692
1997-09-26,0.08170195393763333,0.08170195393763333,2.0112040736597283,2.0112040736597283
1997-09-27,0.07392081546738254,0.07392081546738254,1.9372832581923458,1.9372832581923458
1997-09-28,0.06743653340884022,0.06743653340884022,2.6485967655199887,2.6485967655199887
1997-09-29,0.06873338982054866,0.06873338982054866,1.9303095963558001,1.9303095963558001
1997-09-30,0.07003024623225713,0.07003024623225713,0.6359979594929516,0.6359979594929516
1997-10-01,0.042796261586379364,0.042796261586379364,1.9303095963558001,1.9303095963558001
1997-10-02,0.042796261586379364,0.042796261586379364,0.6053138474121512,0.6053138474121512
1997-10-03,0.042796261586379364,0.042796261586379364,0.5718402705967327,0.5718402705967327
1997-10-04,0.042796261586379364,0.042796261586379364,0.5704455382294236,0.5704455382294236
1997-10-05,0.042796261586379364,0.042796261586379364,0.5676560734948055,0.5676560734948055
1997-10-06,0.042796261586379364,0.042796261586379364,0.6471558184314243,0.6471558184314243
1997-10-07,0.0414994051746709,0.0414994051746709,0.6471558184314243,0.6471558184314243
1997-10-08,0.05576482570346402,0.05576482570346402,0.6471558184314243,0.6471558184314243
1997-10-09,0.05706168211517248,0.05706168211517248,0.6471558184314243,0.6471558184314243
1997-10-10,0.04668683082150476,0.04668683082150476,0.6443663536968062,0.6443663536968062
1997-10-11,0.0453899744097963,0.0453899744097963,0.6443663536968062,0.6443663536968062
1997-10-12,0.0453899744097963,0.0453899744097963,0.5648666087601872,0.5648666087601872
1997-10-13,0.0453899744097963,0.0453899744097963,0.5369719614140052,0.5369719614140052
1997-10-14,0.0453899744097963,0.0453899744097963,0.5369719614140052,0.5369719614140052
1997-10-15,0.03631197952783704,0.03631197952783704,0.5411561585159324,0.5411561585159324
1997-10-16,0.042796261586379364,0.042796261586379364,0.5369719614140052,0.5369719614140052
1997-10-17,0.04409311799808782,0.04409311799808782,0.5369719614140052,0.5369719614140052
1997-10-18,0.042796261586379364,0.042796261586379364,0.5369719614140052,0.5369719614140052
1997-10-19,0.042796261586379364,0.042796261586379364,0.5369719614140052,0.5369719614140052
1997-10-20,0.042796261586379364,0.042796261586379364,0.49234052566011377,0.49234052566011377
1997-10-21,0.042796261586379364,0.042796261586379364,0.49234052566011377,0.49234052566011377
1997-10-22,0.042796261586379364,0.042796261586379364,0.46026168121200445,0.46026168121200445
1997-10-23,0.042796261586379364,0.042796261586379364,0.4560774841100771,0.4560774841100771
1997-10-24,0.04928054364492169,0.04928054364492169,0.4644458783139317,0.4644458783139317
1997-10-25,0.04928054364492169,0.04928054364492169,0.4560774841100771,0.4560774841100771
1997-10-26,0.03371826670442011,0.03371826670442011,0.25523602321756605,0.25523602321756605
1997-10-27,0.03242141029271164,0.03242141029271164,0.3291568386849486,0.3291568386849486
1997-10-28,0.03371826670442011,0.03371826670442011,0.3291568386849486,0.3291568386849486
1997-10-29,0.03371826670442011,0.03371826670442011,0.3249726415830213,0.3249726415830213
1997-10-30,0.03371826670442011,0.03371826670442011,0.08368394203854625,0.08368394203854625
1997-10-31,0.012968564117084656,0.012968564117084656,0.08089447730392804,0.08089447730392804
1997-11-01,0.012968564117084656,0.012968564117084656,0.08089447730392804,0.08089447730392804
1997-11-02,0.012968564117084656,0.012968564117084656,0.08089447730392804,0.08089447730392804
1997-11-03,0.012968564117084656,0.012968564117084656,0.07252608310007341,0.07252608310007341
1997-11-04,0.012968564117084656,0.012968564117084656,0.05578929469236416,0.05578929469236416
1997-11-05,0.012968564117084656,0.012968564117084656,0.04463143575389134,0.04463143575389134
1997-11-06,0.010374851293667725,0.010374851293667725,0.061368224161600586,0.061368224161600586
1997-11-07,0.00907799488195926,0.00907799488195926,0.061368224161600586,0.061368224161600586
1997-11-08,0.00907799488195926,0.00907799488195926,0.061368224161600586,0.061368224161600586
1997-11-09,0.00907799488195926,0.00907799488195926,0.061368224161600586,0.061368224161600586
1997-11-10,0.00907799488195926,0.00907799488195926,0.061368224161600586,0.061368224161600586
1997-11-11,0.00907799488195926,0.00907799488195926,0.061368224161600586,0.061368224161600586
1997-11-12,0.012968564117084656,0.012968564117084656,0.061368224161600586,0.061368224161600586
1997-11-13,0.01815598976391852,0.01815598976391852,0.06973661836545522,0.06973661836545522
1997-11-14,0.01815598976391852,0.01815598976391852,0.06973661836545522,0.06973661836545522
1997-11-15,0.01815598976391852,0.01815598976391852,0.06973661836545522,0.06973661836545522
1997-11-16,0.01815598976391852,0.01815598976391852,0.06973661836545522,0.06973661836545522
1997-11-17,0.01815598976391852,0.01815598976391852,0.06973661836545522,0.06973661836545522
1997-11-18,0.01815598976391852,0.01815598976391852,0.06973661836545522,0.06973661836545522
1997-11-19,0.01815598976391852,0.01815598976391852,0.06973661836545522,0.06973661836545522
1997-11-20,0.01815598976391852,0.01815598976391852,0.061368224161600586,0.061368224161600586
1997-11-21,0.01815598976391852,0.01815598976391852,0.061368224161600586,0.061368224161600586
1997-11-22,0.01815598976391852,0.01815598976391852,0.061368224161600586,0.061368224161600586
1997-11-23,0.01815598976391852,0.01815598976391852,0.061368224161600586,0.061368224161600586
1997-11-24,0.01815598976391852,0.01815598976391852,0.061368224161600586,0.061368224161600586
1997-11-25,0.01815598976391852,0.01815598976391852,0.061368224161600586,0.061368224161600586
1997-11-26,0.01815598976391852,0.01815598976391852,0.061368224161600586,0.061368224161600586
1997-11-27,0.01815598976391852,0.01815598976391852,0.061368224161600586,0.061368224161600586
1997-11-28,0.01815598976391852,0.01815598976391852,0.061368224161600586,0.061368224161600586
1997-11-29,0.01815598976391852,0.01815598976391852,0.061368224161600586,0.061368224161600586
1997-11-30,0.01815598976391852,0.01815598976391852,0.061368224161600586,0.061368224161600586
1997-12-01,0.01815598976391852,0.01815598976391852,0.061368224161600586,0.061368224161600586
1997-12-02,0.01815598976391852,0.01815598976391852,0.05857875942698238,0.05857875942698238
1997-12-03,0.01815598976391852,0.01815598976391852,0.05857875942698238,0.05857875942698238
1997-12-04,0.015562276940501586,0.015562276940501586,0.061368224161600586,0.061368224161600586
1997-12-05,0.015562276940501586,0.015562276940501586,0.061368224161600586,0.061368224161600586
1997-12-06,0.01815598976391852,0.01815598976391852,0.061368224161600586,0.061368224161600586
1997-12-07,0.01815598976391852,0.01815598976391852,0.061368224161600586,0.061368224161600586
1997-12-08,0.01815598976391852,0.01815598976391852,0.061368224161600586,0.061368224161600586
1997-12-09,0.01815598976391852,0.01815598976391852,0.061368224161600586,0.061368224161600586
1997-12-10,0.01815598976391852,0.01815598976391852,0.061368224161600586,0.061368224161600586
1997-12-11,0.01426542052879312,0.01426542052879312,0.061368224161600586,0.061368224161600586
1997-12-12,0.01167170770537619,0.01167170770537619,0.06973661836545522,0.06973661836545522
1997-12-13,0.010374851293667725,0.010374851293667725,0.06973661836545522,0.06973661836545522
1997-12-14,0.00907799488195926,0.00907799488195926,0.05857875942698238,0.05857875942698238
1997-12-15,0.00907799488195926,0.00907799488195926,0.05857875942698238,0.05857875942698238
1997-12-16,0.00907799488195926,0.00907799488195926,0.061368224161600586,0.061368224161600586
1997-12-17,0.00907799488195926,0.00907799488195926,0.061368224161600586,0.061368224161600586
1997-12-18,0.007781138470250793,0.007781138470250793,0.05857875942698238,0.05857875942698238
1997-12-19,0.00907799488195926,0.00907799488195926,0.061368224161600586,0.061368224161600586
1997-12-20,0.00907799488195926,0.00907799488195926,0.061368224161600586,0.061368224161600586
1997-12-21,0.00907799488195926,0.00907799488195926,0.05857875942698238,0.05857875942698238
1997-12-22,0.007781138470250793,0.007781138470250793,0.05857875942698238,0.05857875942698238
1997-12-23,0.006484282058542328,0.006484282058542328,0.05299982995774596,0.05299982995774596
1997-12-24,0.006484282058542328,0.006484282058542328,0.05299982995774596,0.05299982995774596
1997-12-25,0.006484282058542328,0.006484282058542328,0.05299982995774596,0.05299982995774596
1997-12-26,0.006484282058542328,0.006484282058542328,0.05299982995774596,0.05299982995774596
1997-12-27,0.007781138470250793,0.007781138470250793,0.05299982995774596,0.05299982995774596
1997-12-28,0.007781138470250793,0.007781138470250793,0.04742090048850955,0.04742090048850955
1997-12-29,0.007781138470250793,0.007781138470250793,0.04742090048850955,0.04742090048850955
1997-12-30,0.007781138470250793,0.007781138470250793,0.05299982995774596,0.05299982995774596
1997-12-31,0.007781138470250793,0.007781138470250793,0.05299982995774596,0.05299982995774596
1998-01-01,0.007781138470250793,0.007781138470250793,0.04742090048850955,0.04742090048850955
1998-01-02,0.007781138470250793,0.007781138470250793,0.04742090048850955,0.04742090048850955
1998-01-03,0.007781138470250793,0.007781138470250793,0.04742090048850955,0.04742090048850955
1998-01-04,0.007781138470250793,0.007781138470250793,0.05299982995774596,0.05299982995774596
1998-01-05,0.007781138470250793,0.007781138470250793,0.05299982995774596,0.05299982995774596
1998-01-06,0.007781138470250793,0.007781138470250793,0.05299982995774596,0.05299982995774596
1998-01-07,0.007781138470250793,0.007781138470250793,0.05299982995774596,0.05299982995774596
1998-01-08,0.007781138470250793,0.007781138470250793,0.05299982995774596,0.05299982995774596
1998-01-09,0.007781138470250793,0.007781138470250793,0.05299982995774596,0.05299982995774596
1998-01-10,0.007781138470250793,0.007781138470250793,0.05299982995774596,0.05299982995774596
1998-01-11,0.007781138470250793,0.007781138470250793,0.05299982995774596,0.05299982995774596
1998-01-12,0.007781138470250793,0.007781138470250793,0.05578929469236416,0.05578929469236416
1998-01-13,0.007781138470250793,0.007781138470250793,0.05578929469236416,0.05578929469236416
1998-01-14,0.007781138470250793,0.007781138470250793,0.05578929469236416,0.05578929469236416
1998-01-15,0.007781138470250793,0.007781138470250793,0.05578929469236416,0.05578929469236416
1998-01-16,0.007781138470250793,0.007781138470250793,0.05578929469236416,0.05578929469236416
1998-01-17,0.007781138470250793,0.007781138470250793,0.05578929469236416,0.05578929469236416
1998-01-18,0.007781138470250793,0.007781138470250793,0.05578929469236416,0.05578929469236416
1998-01-19,0.007781138470250793,0.007781138470250793,0.05578929469236416,0.05578929469236416
1998-01-20,0.007781138470250793,0.007781138470250793,0.05578929469236416,0.05578929469236416
1998-01-21,0.007781138470250793,0.007781138470250793,0.061368224161600586,0.061368224161600586
1998-01-22,0.007781138470250793,0.007781138470250793,0.05578929469236416,0.05578929469236416
1998-01-23,0.007781138470250793,0.007781138470250793,0.05578929469236416,0.05578929469236416
1998-01-24,0.007781138470250793,0.007781138470250793,0.05578929469236416,0.05578929469236416
1998-01-25,0.007781138470250793,0.007781138470250793,0.05299982995774596,0.05299982995774596
1998-01-26,0.007781138470250793,0.007781138470250793,0.05578929469236416,0.05578929469236416
1998-01-27,0.007781138470250793,0.007781138470250793,0.05578929469236416,0.05578929469236416
1998-01-28,0.007781138470250793,0.007781138470250793,0.05299982995774596,0.05299982995774596
1998-01-29,0.007781138470250793,0.007781138470250793,0.05578929469236416,0.05578929469236416
1998-01-30,0.007781138470250793,0.007781138470250793,0.05578929469236416,0.05578929469236416
1998-01-31,0.007781138470250793,0.007781138470250793,0.05578929469236416,0.05578929469236416
1998-02-01,0.007781138470250793,0.007781138470250793,0.05578929469236416,0.05578929469236416
1998-02-02,0.010374851293667725,0.010374851293667725,0.05578929469236416,0.05578929469236416
1998-02-03,0.010374851293667725,0.010374851293667725,0.061368224161600586,0.061368224161600586
1998-02-04,0.010374851293667725,0.010374851293667725,0.061368224161600586,0.061368224161600586
1998-02-05,0.010374851293667725,0.010374851293667725,0.05578929469236416,0.05578929469236416
1998-02-06,0.010374851293667725,0.010374851293667725,0.05578929469236416,0.05578929469236416
1998-02-07,0.010374851293667725,0.010374851293667725,0.05578929469236416,0.05578929469236416
1998-02-08,0.007781138470250793,0.007781138470250793,0.05578929469236416,0.05578929469236416
1998-02-09,0.007781138470250793,0.007781138470250793,0.05578929469236416,0.05578929469236416
1998-02-10,0.007781138470250793,0.007781138470250793,0.05578929469236416,0.05578929469236416
1998-02-11,0.010374851293667725,0.010374851293667725,0.05578929469236416,0.05578929469236416
1998-02-12,0.010374851293667725,0.010374851293667725,0.05578929469236416,0.05578929469236416
1998-02-13,0.007781138470250793,0.007781138470250793,0.05578929469236416,0.05578929469236416
1998-02-14,0.007781138470250793,0.007781138470250793,0.05578929469236416,0.05578929469236416
1998-02-15,0.007781138470250793,0.007781138470250793,0.05578929469236416,0.05578929469236416
1998-02-16,0.007781138470250793,0.007781138470250793,0.05578929469236416,0.05578929469236416
1998-02-17,0.0,0.0,0.05578929469236416,0.05578929469236416
1998-02-18,0.0,0.0,0.05578929469236416,0.05578929469236416
1998-02-19,0.0,0.0,0.05578929469236416,0.05578929469236416
1998-02-20,0.0,0.0,0.061368224161600586,0.061368224161600586
1998-02-21,0.0,0.0,0.05578929469236416,0.05578929469236416
1998-02-22,0.0,0.0,0.061368224161600586,0.061368224161600586
1998-02-23,0.0,0.0,0.05578929469236416,0.05578929469236416
1998-02-24,0.0,0.0,0.05578929469236416,0.05578929469236416
1998-02-25,0.0,0.0,0.05578929469236416,0.05578929469236416
1998-02-26,0.0,0.0,0.061368224161600586,0.061368224161600586
1998-02-27,0.0,0.0,0.061368224161600586,0.061368224161600586
1998-02-28,0.0,0.0,0.061368224161600586,0.061368224161600586
1998-03-01,0.0,0.0,0.061368224161600586,0.061368224161600586
1998-03-02,0.0,0.0,0.061368224161600586,0.061368224161600586
1998-03-03,0.0,0.0,0.061368224161600586,0.061368224161600586
1998-03-04,0.0,0.0,0.061368224161600586,0.061368224161600586
1998-03-05,0.0,0.0,0.061368224161600586,0.061368224161600586
1998-03-06,0.0,0.0,0.061368224161600586,0.061368224161600586
1998-03-07,0.0038905692351253966,0.0038905692351253966,0.6499452831660426,0.6499452831660426
1998-03-08,0.005187425646833862,0.005187425646833862,0.6527347479006609,0.6527347479006609
1998-03-09,0.005187425646833862,0.005187425646833862,0.6527347479006609,0.6527347479006609
1998-03-10,0.01426542052879312,0.01426542052879312,0.6527347479006609,0.6527347479006609
1998-03-11,0.012968564117084656,0.012968564117084656,0.655524212635279,0.655524212635279
1998-03-12,0.012968564117084656,0.012968564117084656,0.6611031421045154,0.6611031421045154
1998-03-13,0.012968564117084656,0.012968564117084656,0.5258141024755323,0.5258141024755323
1998-03-14,0.01426542052879312,0.01426542052879312,0.454682751742768,0.454682751742768
1998-03-15,0.005187425646833862,0.005187425646833862,0.454682751742768,0.454682751742768
1998-03-16,0.006484282058542328,0.006484282058542328,0.454682751742768,0.454682751742768
1998-03-17,0.006484282058542328,0.006484282058542328,0.454682751742768,0.454682751742768
1998-03-18,0.012968564117084656,0.012968564117084656,0.454682751742768,0.454682751742768
1998-03-19,0.012968564117084656,0.012968564117084656,0.6053138474121512,0.6053138474121512
1998-03-20,0.012968564117084656,0.012968564117084656,1.3054694958013218,1.3054694958013218
1998-03-21,0.012968564117084656,0.012968564117084656,1.3863639731052495,1.3863639731052495
1998-03-22,0.012968564117084656,0.012968564117084656,1.4379690706956867,1.4379690706956867
1998-03-23,0.012968564117084656,0.012968564117084656,1.6276526726497247,1.6276526726497247
1998-03-24,0.04668683082150476,0.04668683082150476,1.6890208968113254,1.6890208968113254
1998-03-25,0.06484282058542327,0.06484282058542327,1.7559680504421622,1.7559680504421622
1998-03-26,0.062249107762006345,0.062249107762006345,1.7559680504421622,1.7559680504421622
1998-03-27,0.06354596417371482,0.06354596417371482,1.7559680504421622,1.7559680504421622
1998-03-28,0.06873338982054866,0.06873338982054866,1.7559680504421622,1.7559680504421622
1998-03-29,0.07003024623225713,0.07003024623225713,1.7559680504421622,1.7559680504421622
1998-03-30,0.07651452829079947,0.07651452829079947,1.6151000813439425,1.6151000813439425
1998-03-31,0.08170195393763333,0.08170195393763333,1.6234684755477973,1.6234684755477973
1998-04-01,0.08688937958446719,0.08688937958446719,1.5816265045285243,1.5816265045285243
1998-04-02,0.06873338982054866,0.06873338982054866,1.54117926587656,1.54117926587656
1998-04-03,0.06873338982054866,0.06873338982054866,1.3738113817994677,1.3738113817994677
1998-04-04,0.07392081546738254,0.07392081546738254,1.3556798610244494,1.3556798610244494
1998-04-05,0.07521767187909101,0.07521767187909101,1.376600846534086,1.376600846534086
1998-04-06,0.07262395905567408,0.07262395905567408,1.376600846534086,1.376600846534086
1998-04-07,0.07262395905567408,0.07262395905567408,1.4658637180418685,1.4658637180418685
1998-04-08,0.07262395905567408,0.07262395905567408,1.4895741682861232,1.4895741682861232
1998-04-09,0.06484282058542327,0.06484282058542327,1.2580485953128122,1.2580485953128122
1998-04-10,0.07781138470250792,0.07781138470250792,1.1687857238050294,1.1687857238050294
1998-04-11,0.08040509752592487,0.08040509752592487,1.2022593006204478,1.2022593006204478
1998-04-12,0.09207680523130105,0.09207680523130105,1.1966803711512115,1.1966803711512115
1998-04-13,0.07651452829079947,0.07651452829079947,1.2608380600474303,1.2608380600474303
1998-04-14,0.07651452829079947,0.07651452829079947,1.0809175846645558,1.0809175846645558
1998-04-15,0.06484282058542327,0.06484282058542327,0.9777073894836822,0.9777073894836822
1998-04-16,0.06484282058542327,0.06484282058542327,1.0530229373183737,1.0530229373183737
1998-04-17,0.06484282058542327,0.06484282058542327,1.0864965141337921,1.0864965141337921
1998-04-18,0.06484282058542327,0.06484282058542327,1.108812232010738,1.108812232010738
1998-04-19,0.0829988103493418,0.0829988103493418,1.1604173296011746,1.1604173296011746
1998-04-20,0.0829988103493418,0.0829988103493418,1.350100931555213,1.350100931555213
1998-04-21,0.08429566676105026,0.08429566676105026,1.4561005914707046,1.4561005914707046
1998-04-22,0.0907799488195926,0.0907799488195926,1.5899948987323789,1.5899948987323789
1998-04-23,0.09207680523130105,0.09207680523130105,1.630442137384343,1.630442137384343
1998-04-24,0.10374851293667725,0.10374851293667725,1.7699153741152531,1.7699153741152531
1998-04-25,0.10374851293667725,0.10374851293667725,1.846625654317254,1.846625654317254
1998-04-26,0.10115480011326032,0.10115480011326032,1.896836019540382,1.896836019540382
1998-04-27,0.10374851293667725,0.10374851293667725,2.376623953894714,2.376623953894714
1998-04-28,0.10245165652496876,0.10245165652496876,2.376623953894714,2.376623953894714
1998-04-29,0.0972642308781349,0.0972642308781349,2.2678348292446033,2.2678348292446033
1998-04-30,0.07651452829079947,0.07651452829079947,2.1562562398598755,2.1562562398598755
1998-05-01,0.07781138470250792,0.07781138470250792,2.1562562398598755,2.1562562398598755
1998-05-02,0.06484282058542327,0.06484282058542327,2.016783003128965,2.016783003128965
1998-05-03,0.06484282058542327,0.06484282058542327,1.6680999113016888,1.6680999113016888
1998-05-04,0.06354596417371482,0.06354596417371482,1.577442307426597,1.577442307426597
1998-05-05,0.06354596417371482,0.06354596417371482,1.3821797760033223,1.3821797760033223
1998-05-06,0.06354596417371482,0.06354596417371482,1.4337848735937593,1.4337848735937593
1998-05-07,0.06484282058542327,0.06484282058542327,1.4658637180418685,1.4658637180418685
1998-05-08,0.07003024623225713,0.07003024623225713,1.8257046688076173,1.8257046688076173
1998-05-09,0.06873338982054866,0.06873338982054866,2.3710450244254773,2.3710450244254773
1998-05-10,0.07003024623225713,0.07003024623225713,2.527255049564097,2.527255049564097
1998-05-11,0.07132710264396559,0.07132710264396559,2.596991667929552,2.596991667929552
1998-05-12,0.0907799488195926,0.0907799488195926,2.590018006093007,2.590018006093007
1998-05-13,0.10374851293667725,0.10374851293667725,2.384992348098568,2.384992348098568
1998-05-14,0.1089359385835111,0.1089359385835111,2.5188866553602423,2.5188866553602423
1998-05-15,0.11152965140692804,0.11152965140692804,2.8633855500855905,2.8633855500855905
1998-05-16,0.12320135911230422,0.12320135911230422,3.140937291180103,3.140937291180103
1998-05-17,0.12320135911230422,0.12320135911230422,3.2790157955437045,3.2790157955437045
1998-05-18,0.11282650781863648,0.11282650781863648,3.542620212965125,3.542620212965125
1998-05-19,0.11282650781863648,0.11282650781863648,3.542620212965125,3.542620212965125
1998-05-20,0.11152965140692804,0.11152965140692804,3.6904618438998895,3.6904618438998895
1998-05-21,0.11282650781863648,0.11282650781863648,4.044723865196402,4.044723865196402
1998-05-22,0.14006049246451427,0.14006049246451427,3.9331452758116736,3.9331452758116736
1998-05-23,0.14006049246451427,0.14006049246451427,3.6263041550036705,3.6263041550036705
1998-05-24,0.14135734887622275,0.14135734887622275,3.6263041550036705,3.6263041550036705
1998-05-25,0.14135734887622275,0.14135734887622275,3.5119361008843244,3.5119361008843244
1998-05-26,0.14913848734647353,0.14913848734647353,3.6249094226363616,3.6249094226363616
1998-05-27,0.14654477452305661,0.14654477452305661,3.6514093376152346,3.6514093376152346
1998-05-28,0.14913848734647353,0.14913848734647353,3.6514093376152346,3.6514093376152346
1998-05-29,0.15173220016989047,0.15173220016989047,3.6918565762671993,3.6918565762671993
1998-05-30,0.14913848734647353,0.14913848734647353,3.7183564912460723,3.7183564912460723
1998-05-31,0.15173220016989047,0.15173220016989047,3.828540348263491,3.828540348263491
1998-06-01,0.15173220016989047,0.15173220016989047,3.894092769527019,3.894092769527019
1998-06-02,0.13357621040597195,0.13357621040597195,3.9708030497290205,3.9708030497290205
1998-06-03,0.14913848734647353,0.14913848734647353,3.894092769527019,3.894092769527019
1998-06-04,0.14524791811134816,0.14524791811134816,3.793672039080764,3.793672039080764
1998-06-05,0.14524791811134816,0.14524791811134816,3.83132981299811,3.83132981299811
1998-06-06,0.1582164822284328,0.1582164822284328,3.5788832545151616,3.5788832545151616
1998-06-07,0.15173220016989047,0.15173220016989047,3.3445682168072324,3.3445682168072324
1998-06-08,0.15173220016989047,0.15173220016989047,3.3445682168072324,3.3445682168072324
1998-06-09,0.15173220016989047,0.15173220016989047,3.2162528390147944,3.2162528390147944
1998-06-10,0.15173220016989047,0.15173220016989047,3.177200332730139,3.177200332730139
1998-06-11,0.15173220016989047,0.15173220016989047,3.3543313433783957,3.3543313433783957
1998-06-12,0.14913848734647353,0.14913848734647353,3.5788832545151616,3.5788832545151616
1998-06-13,0.1659976206986836,0.1659976206986836,3.7657773917345816,3.7657773917345816
1998-06-14,0.1647007642869751,0.1647007642869751,3.7657773917345816,3.7657773917345816
1998-06-15,0.16340390787526665,0.16340390787526665,3.7657773917345816,3.7657773917345816
1998-06-16,0.15562276940501585,0.15562276940501585,3.6541988023498533,3.6541988023498533
1998-06-17,0.15562276940501585,0.15562276940501585,3.54959387480167,3.54959387480167
1998-06-18,0.15691962581672436,0.15691962581672436,3.7281196178172356,3.7281196178172356
1998-06-19,0.15562276940501585,0.15562276940501585,3.7197512236133807,3.7197512236133807
1998-06-20,0.15562276940501585,0.15562276940501585,3.8006457009173085,3.8006457009173085
1998-06-21,0.1543259129933074,0.1543259129933074,4.007066091279056,4.007066091279056
1998-06-22,0.16340390787526665,0.16340390787526665,4.044723865196402,4.044723865196402
1998-06-23,0.1647007642869751,0.1647007642869751,4.044723865196402,4.044723865196402
1998-06-24,0.16210705146355817,0.16210705146355817,3.895487501894328,3.895487501894328
1998-06-25,0.16210705146355817,0.16210705146355817,3.9708030497290205,3.9708030497290205
1998-06-26,0.17118504634551746,0.17118504634551746,4.01682921785022,4.01682921785022
1998-06-27,0.17118504634551746,0.17118504634551746,4.11027628645993,4.11027628645993
1998-06-28,0.15951333864014125,0.15951333864014125,4.156302454581131,4.156302454581131
1998-06-29,0.15302905658159893,0.15302905658159893,4.082381639113748,4.082381639113748
1998-06-30,0.16340390787526665,0.16340390787526665,4.193960228498476,4.193960228498476
1998-07-01,0.16340390787526665,0.16340390787526665,4.146539328009967,4.146539328009967
1998-07-02,0.16340390787526665,0.16340390787526665,4.184197101927313,4.184197101927313
1998-07-03,0.16340390787526665,0.16340390787526665,4.166065581152294,4.166065581152294
1998-07-04,0.16340390787526665,0.16340390787526665,4.023802879686765,4.023802879686765
1998-07-05,0.16340390787526665,0.16340390787526665,4.034960738625238,4.034960738625238
1998-07-06,0.16340390787526665,0.16340390787526665,4.034960738625238,4.034960738625238
1998-07-07,0.15951333864014125,0.15951333864014125,3.894092769527019,3.894092769527019
1998-07-08,0.15691962581672436,0.15691962581672436,4.03356600625793,4.03356600625793
1998-07-09,0.16729447711039205,0.16729447711039205,4.117249948296475,4.117249948296475
1998-07-10,0.17248190275722594,0.17248190275722594,4.03356600625793,4.03356600625793
1998-07-11,0.1685913335221005,0.1685913335221005,3.894092769527019,3.894092769527019
1998-07-12,0.16340390787526665,0.16340390787526665,3.894092769527019,3.894092769527019
1998-07-13,0.16340390787526665,0.16340390787526665,3.9708030497290205,3.9708030497290205
1998-07-14,0.1543259129933074,0.1543259129933074,3.942908402382838,3.942908402382838
1998-07-15,0.15951333864014125,0.15951333864014125,3.942908402382838,3.942908402382838
1998-07-16,0.16340390787526665,0.16340390787526665,4.0363554709925475,4.0363554709925475
1998-07-17,0.16081019505184974,0.16081019505184974,4.082381639113748,4.082381639113748
1998-07-18,0.16340390787526665,0.16340390787526665,4.11027628645993,4.11027628645993
1998-07-19,0.1647007642869751,0.1647007642869751,4.184197101927313,4.184197101927313
1998-07-20,0.16081019505184974,0.16081019505184974,4.184197101927313,4.184197101927313
1998-07-21,0.169888189933809,0.169888189933809,4.092144765684911,4.092144765684911
1998-07-22,0.16729447711039205,0.16729447711039205,4.20511808743695,4.20511808743695
1998-07-23,0.16729447711039205,0.16729447711039205,4.202328622702331,4.202328622702331
1998-07-24,0.16729447711039205,0.16729447711039205,4.192565496131167,4.192565496131167
1998-07-25,0.1659976206986836,0.1659976206986836,4.266486311598549,4.266486311598549
1998-07-26,0.16729447711039205,0.16729447711039205,4.304144085515896,4.304144085515896
1998-07-27,0.16729447711039205,0.16729447711039205,4.122828877765713,4.122828877765713
1998-07-28,0.16340390787526665,0.16340390787526665,4.021013414952148,4.021013414952148
1998-07-29,0.1659976206986836,0.1659976206986836,3.8843296429558554,3.8843296429558554
1998-07-30,0.1647007642869751,0.1647007642869751,3.8341192777327278,3.8341192777327278
1998-07-31,0.1647007642869751,0.1647007642869751,4.0112502883809835,4.0112502883809835
1998-08-01,0.16729447711039205,0.16729447711039205,4.057276456502184,4.057276456502184
1998-08-02,0.15302905658159893,0.15302905658159893,3.940118937648219,3.940118937648219
1998-08-03,0.1543259129933074,0.1543259129933074,3.8815401782212375,3.8815401782212375
1998-08-04,0.15562276940501585,0.15562276940501585,3.6290936197382893,3.6290936197382893
1998-08-05,0.15302905658159893,0.15302905658159893,3.5551728042709065,3.5551728042709065
1998-08-06,0.1543259129933074,0.1543259129933074,3.4156995675399964,3.4156995675399964
1998-08-07,0.16081019505184974,0.16081019505184974,3.4156995675399964,3.4156995675399964
1998-08-08,0.1543259129933074,0.1543259129933074,3.4059364409688326,3.4059364409688326
1998-08-09,0.14654477452305661,0.14654477452305661,3.312489372359122,3.312489372359122
1998-08-10,0.14654477452305661,0.14654477452305661,3.276226330809086,3.276226330809086
1998-08-11,0.14654477452305661,0.14654477452305661,3.20788444481094,3.20788444481094
1998-08-12,0.1543259129933074,0.1543259129933074,3.184173994566685,3.184173994566685
1998-08-13,0.14524791811134816,0.14524791811134816,3.2859894573802495,3.2859894573802495
1998-08-14,0.15302905658159893,0.15302905658159893,3.304120978155268,3.304120978155268
1998-08-15,0.14524791811134816,0.14524791811134816,3.304120978155268,3.304120978155268
1998-08-16,0.14524791811134816,0.14524791811134816,3.2957525839514132,3.2957525839514132
1998-08-17,0.14006049246451427,0.14006049246451427,3.426857426478469,3.426857426478469
1998-08-18,0.13487306681768044,0.13487306681768044,3.2999367810533404,3.2999367810533404
1998-08-19,0.12190450270059575,0.12190450270059575,3.1995160506070857,3.1995160506070857
1998-08-20,0.12320135911230422,0.12320135911230422,3.1660424737916664,3.1660424737916664
1998-08-21,0.1089359385835111,0.1089359385835111,3.1214110380377758,3.1214110380377758
1998-08-22,0.1089359385835111,0.1089359385835111,3.12977943224163,3.12977943224163
1998-08-23,0.10504536934838571,0.10504536934838571,3.12977943224163,3.12977943224163
1998-08-24,0.10504536934838571,0.10504536934838571,3.026569237060756,3.026569237060756
1998-08-25,0.11931078987717883,0.11931078987717883,2.909411718206792,2.909411718206792
1998-08-26,0.11801393346547037,0.11801393346547037,2.7378596370277717,2.7378596370277717
1998-08-27,0.12968564117084655,0.12968564117084655,2.675096680498862,2.675096680498862
1998-08-28,0.12190450270059575,0.12190450270059575,2.537018176135261,2.537018176135261
1998-08-29,0.1089359385835111,0.1089359385835111,2.5425971056044974,2.5425971056044974
1998-08-30,0.10374851293667725,0.10374851293667725,2.6053600621334065,2.6053600621334065
1998-08-31,0.10245165652496876,0.10245165652496876,2.668123018662316,2.668123018662316
1998-09-01,0.10245165652496876,0.10245165652496876,2.5774654147872247,2.5774654147872247
1998-09-02,0.10374851293667725,0.10374851293667725,2.6792808776007893,2.6792808776007893
1998-09-03,0.10374851293667725,0.10374851293667725,2.55375496454297,2.55375496454297
1998-09-04,0.10374851293667725,0.10374851293667725,2.534228711400642,2.534228711400642
1998-09-05,0.10374851293667725,0.10374851293667725,2.389176545200496,2.389176545200496
1998-09-06,0.10374851293667725,0.10374851293667725,2.389176545200496,2.389176545200496
1998-09-07,0.11801393346547037,0.11801393346547037,2.3194399268350407,2.3194399268350407
1998-09-08,0.11801393346547037,0.11801393346547037,2.3598871654870046,2.3598871654870046
1998-09-09,0.1167170770537619,0.1167170770537619,2.2678348292446033,2.2678348292446033
1998-09-10,0.11542022064205343,0.11542022064205343,2.2748084910811492,2.2748084910811492
1998-09-11,0.1167170770537619,0.1167170770537619,2.122782663044457,2.122782663044457
1998-09-12,0.1089359385835111,0.1089359385835111,2.122782663044457,2.122782663044457
1998-09-13,0.08818623599617564,0.08818623599617564,2.122782663044457,2.122782663044457
1998-09-14,0.08818623599617564,0.08818623599617564,2.1353352543502386,2.1353352543502386
1998-09-15,0.07392081546738254,0.07392081546738254,1.9177570050500183,1.9177570050500183
1998-09-16,0.07392081546738254,0.07392081546738254,1.6918103615459434,1.6918103615459434
1998-09-17,0.07392081546738254,0.07392081546738254,1.5091004214284507,1.5091004214284507
1998-09-18,0.07392081546738254,0.07392081546738254,1.5593107866515787,1.5593107866515787
1998-09-19,0.07392081546738254,0.07392081546738254,1.7071524175863435,1.7071524175863435
1998-09-20,0.07392081546738254,0.07392081546738254,1.808967880399908,1.808967880399908
1998-09-21,0.0907799488195926,0.0907799488195926,1.72807340309598,1.72807340309598
1998-09-22,0.09467051805471799,0.09467051805471799,1.72807340309598,1.72807340309598
1998-09-23,0.10115480011326032,0.10115480011326032,1.8117573451345266,1.8117573451345266
1998-09-24,0.08818623599617564,0.08818623599617564,1.9833094263135462,1.9833094263135462
1998-09-25,0.08170195393763333,0.08170195393763333,2.051651312311692,2.051651312311692
1998-09-26,0.08170195393763333,0.08170195393763333,2.0112040736597283,2.0112040736597283
1998-09-27,0.07392081546738254,0.07392081546738254,1.9372832581923458,1.9372832581923458
1998-09-28,0.06743653340884022,0.06743653340884022,2.6485967655199887,2.6485967655199887
1998-09-29,0.06873338982054866,0.06873338982054866,1.9303095963558001,1.9303095963558001
1998-09-30,0.07003024623225713,0.07003024623225713,0.6359979594929516,0.6359979594929516
1998-10-01,0.042796261586379364,0.042796261586379364,1.9303095963558001,1.9303095963558001
1998-10-02,0.042796261586379364,0.042796261586379364,0.6053138474121512,0.6053138474121512
1998-10-03,0.042796261586379364,0.042796261586379364,0.5718402705967327,0.5718402705967327
1998-10-04,0.042796261586379364,0.042796261586379364,0.5704455382294236,0.5704455382294236
1998-10-05,0.042796261586379364,0.042796261586379364,0.5676560734948055,0.5676560734948055
1998-10-06,0.042796261586379364,0.042796261586379364,0.6471558184314243,0.6471558184314243
1998-10-07,0.0414994051746709,0.0414994051746709,0.6471558184314243,0.6471558184314243
1998-10-08,0.05576482570346402,0.05576482570346402,0.6471558184314243,0.6471558184314243
1998-10-09,0.05706168211517248,0.05706168211517248,0.6471558184314243,0.6471558184314243
1998-10-10,0.04668683082150476,0.04668683082150476,0.6443663536968062,0.6443663536968062
1998-10-11,0.0453899744097963,0.0453899744097963,0.6443663536968062,0.6443663536968062
1998-10-12,0.0453899744097963,0.0453899744097963,0.5648666087601872,0.5648666087601872
1998-10-13,0.0453899744097963,0.0453899744097963,0.5369719614140052,0.5369719614140052
1998-10-14,0.0453899744097963,0.0453899744097963,0.5369719614140052,0.5369719614140052
1998-10-15,0.03631197952783704,0.03631197952783704,0.5411561585159324,0.5411561585159324
1998-10-16,0.042796261586379364,0.042796261586379364,0.5369719614140052,0.5369719614140052
1998-10-17,0.04409311799808782,0.04409311799808782,0.5369719614140052,0.5369719614140052
1998-10-18,0.042796261586379364,0.042796261586379364,0.5369719614140052,0.5369719614140052
1998-10-19,0.042796261586379364,0.042796261586379364,0.5369719614140052,0.5369719614140052
1998-10-20,0.042796261586379364,0.042796261586379364,0.49234052566011377,0.49234052566011377
1998-10-21,0.042796261586379364,0.042796261586379364,0.49234052566011377,0.49234052566011377
1998-10-22,0.042796261586379364,0.042796261586379364,0.46026168121200445,0.46026168121200445
1998-10-23,0.042796261586379364,0.042796261586379364,0.4560774841100771,0.4560774841100771
1998-10-24,0.04928054364492169,0.04928054364492169,0.4644458783139317,0.4644458783139317
1998-10-25,0.04928054364492169,0.04928054364492169,0.4560774841100771,0.4560774841100771
1998-10-26,0.03371826670442011,0.03371826670442011,0.25523602321756605,0.25523602321756605
1998-10-27,0.03242141029271164,0.03242141029271164,0.3291568386849486,0.3291568386849486
1998-10-28,0.03371826670442011,0.03371826670442011,0.3291568386849486,0.3291568386849486
1998-10-29,0.03371826670442011,0.03371826670442011,0.3249726415830213,0.3249726415830213
1998-10-30,0.03371826670442011,0.03371826670442011,0.08368394203854625,0.08368394203854625
1998-10-31,0.012968564117084656,0.012968564117084656,0.08089447730392804,0.08089447730392804
1998-11-01,0.012968564117084656,0.012968564117084656,0.08089447730392804,0.08089447730392804
1998-11-02,0.012968564117084656,0.012968564117084656,0.08089447730392804,0.08089447730392804
1998-11-03,0.012968564117084656,0.012968564117084656,0.07252608310007341,0.07252608310007341
1998-11-04,0.012968564117084656,0.012968564117084656,0.05578929469236416,0.05578929469236416
1998-11-05,0.012968564117084656,0.012968564117084656,0.04463143575389134,0.04463143575389134
1998-11-06,0.010374851293667725,0.010374851293667725,0.061368224161600586,0.061368224161600586
1998-11-07,0.00907799488195926,0.00907799488195926,0.061368224161600586,0.061368224161600586
1998-11-08,0.00907799488195926,0.00907799488195926,0.061368224161600586,0.061368224161600586
1998-11-09,0.00907799488195926,0.00907799488195926,0.061368224161600586,0.061368224161600586
1998-11-10,0.00907799488195926,0.00907799488195926,0.061368224161600586,0.061368224161600586
1998-11-11,0.00907799488195926,0.00907799488195926,0.061368224161600586,0.061368224161600586
1998-11-12,0.012968564117084656,0.012968564117084656,0.061368224161600586,0.061368224161600586
1998-11-13,0.01815598976391852,0.01815598976391852,0.06973661836545522,0.06973661836545522
1998-11-14,0.01815598976391852,0.01815598976391852,0.06973661836545522,0.06973661836545522
1998-11-15,0.01815598976391852,0.01815598976391852,0.06973661836545522,0.06973661836545522
1998-11-16,0.01815598976391852,0.01815598976391852,0.06973661836545522,0.06973661836545522
1998-11-17,0.01815598976391852,0.01815598976391852,0.06973661836545522,0.06973661836545522
1998-11-18,0.01815598976391852,0.01815598976391852,0.06973661836545522,0.06973661836545522
1998-11-19,0.01815598976391852,0.01815598976391852,0.06973661836545522,0.06973661836545522
1998-11-20,0.01815598976391852,0.01815598976391852,0.061368224161600586,0.061368224161600586
1998-11-21,0.01815598976391852,0.01815598976391852,0.061368224161600586,0.061368224161600586
1998-11-22,0.01815598976391852,0.01815598976391852,0.061368224161600586,0.061368224161600586
1998-11-23,0.01815598976391852,0.01815598976391852,0.061368224161600586,0.061368224161600586
1998-11-24,0.01815598976391852,0.01815598976391852,0.061368224161600586,0.061368224161600586
1998-11-25,0.01815598976391852,0.01815598976391852,0.061368224161600586,0.061368224161600586
1998-11-26,0.01815598976391852,0.01815598976391852,0.061368224161600586,0.061368224161600586
1998-11-27,0.01815598976391852,0.01815598976391852,0.061368224161600586,0.061368224161600586
1998-11-28,0.01815598976391852,0.01815598976391852,0.061368224161600586,0.061368224161600586
1998-11-29,0.01815598976391852,0.01815598976391852,0.061368224161600586,0.061368224161600586
1998-11-30,0.01815598976391852,0.01815598976391852,0.061368224161600586,0.061368224161600586
1998-12-01,0.01815598976391852,0.01815598976391852,0.061368224161600586,0.061368224161600586
1998-12-02,0.01815598976391852,0.01815598976391852,0.05857875942698238,0.05857875942698238
1998-12-03,0.01815598976391852,0.01815598976391852,0.05857875942698238,0.05857875942698238
1998-12-04,0.015562276940501586,0.015562276940501586,0.061368224161600586,0.061368224161600586
1998-12-05,0.015562276940501586,0.015562276940501586,0.061368224161600586,0.061368224161600586
1998-12-06,0.01815598976391852,0.01815598976391852,0.061368224161600586,0.061368224161600586
1998-12-07,0.01815598976391852,0.01815598976391852,0.061368224161600586,0.061368224161600586
1998-12-08,0.01815598976391852,0.01815598976391852,0.061368224161600586,0.061368224161600586
1998-12-09,0.01815598976391852,0.01815598976391852,0.061368224161600586,0.061368224161600586
1998-12-10,0.01815598976391852,0.01815598976391852,0.061368224161600586,0.061368224161600586
1998-12-11,0.01426542052879312,0.01426542052879312,0.061368224161600586,0.061368224161600586
1998-12-12,0.01167170770537619,0.01167170770537619,0.06973661836545522,0.06973661836545522
1998-12-13,0.010374851293667725,0.010374851293667725,0.06973661836545522,0.06973661836545522
1998-12-14,0.00907799488195926,0.00907799488195926,0.05857875942698238,0.05857875942698238
1998-12-15,0.00907799488195926,0.00907799488195926,0.05857875942698238,0.05857875942698238
1998-12-16,0.00907799488195926,0.00907799488195926,0.061368224161600586,0.061368224161600586
1998-12-17,0.00907799488195926,0.00907799488195926,0.061368224161600586,0.061368224161600586
1998-12-18,0.007781138470250793,0.007781138470250793,0.05857875942698238,0.05857875942698238
1998-12-19,0.00907799488195926,0.00907799488195926,0.061368224161600586,0.061368224161600586
1998-12-20,0.00907799488195926,0.00907799488195926,0.061368224161600586,0.061368224161600586
1998-12-21,0.00907799488195926,0.00907799488195926,0.05857875942698238,0.05857875942698238
1998-12-22,0.007781138470250793,0.007781138470250793,0.05857875942698238,0.05857875942698238
1998-12-23,0.006484282058542328,0.006484282058542328,0.05299982995774596,0.05299982995774596
1998-12-24,0.006484282058542328,0.006484282058542328,0.05299982995774596,0.05299982995774596
1998-12-25,0.006484282058542328,0.006484282058542328,0.05299982995774596,0.05299982995774596
1998-12-26,0.006484282058542328,0.006484282058542328,0.05299982995774596,0.05299982995774596
1998-12-27,0.007781138470250793,0.007781138470250793,0.05299982995774596,0.05299982995774596
1998-12-28,0.007781138470250793,0.007781138470250793,0.04742090048850955,0.04742090048850955
1998-12-29,0.007781138470250793,0.007781138470250793,0.04742090048850955,0.04742090048850955
1998-12-30,0.007781138470250793,0.007781138470250793,0.05299982995774596,0.05299982995774596
1998-12-31,0.007781138470250793,0.007781138470250793,0.05299982995774596,0.05299982995774596
1999-01-01,0.007781138470250793,0.007781138470250793,0.04742090048850955,0.04742090048850955
1999-01-02,0.007781138470250793,0.007781138470250793,0.04742090048850955,0.04742090048850955
1999-01-03,0.007781138470250793,0.007781138470250793,0.04742090048850955,0.04742090048850955
1999-01-04,0.007781138470250793,0.007781138470250793,0.05299982995774596,0.05299982995774596
1999-01-05,0.007781138470250793,0.007781138470250793,0.05299982995774596,0.05299982995774596
1999-01-06,0.007781138470250793,0.007781138470250793,0.05299982995774596,0.05299982995774596
1999-01-07,0.007781138470250793,0.007781138470250793,0.05299982995774596,0.05299982995774596
1999-01-08,0.007781138470250793,0.007781138470250793,0.05299982995774596,0.05299982995774596
1999-01-09,0.007781138470250793,0.007781138470250793,0.05299982995774596,0.05299982995774596
1999-01-10,0.007781138470250793,0.007781138470250793,0.05299982995774596,0.05299982995774596
1999-01-11,0.007781138470250793,0.007781138470250793,0.05299982995774596,0.05299982995774596
1999-01-12,0.007781138470250793,0.007781138470250793,0.05578929469236416,0.05578929469236416
1999-01-13,0.007781138470250793,0.007781138470250793,0.05578929469236416,0.05578929469236416
1999-01-14,0.007781138470250793,0.007781138470250793,0.05578929469236416,0.05578929469236416
1999-01-15,0.007781138470250793,0.007781138470250793,0.05578929469236416,0.05578929469236416
1999-01-16,0.007781138470250793,0.007781138470250793,0.05578929469236416,0.05578929469236416
1999-01-17,0.007781138470250793,0.007781138470250793,0.05578929469236416,0.05578929469236416
1999-01-18,0.007781138470250793,0.007781138470250793,0.05578929469236416,0.05578929469236416
1999-01-19,0.007781138470250793,0.007781138470250793,0.05578929469236416,0.05578929469236416
1999-01-20,0.007781138470250793,0.007781138470250793,0.05578929469236416,0.05578929469236416
1999-01-21,0.007781138470250793,0.007781138470250793,0.061368224161600586,0.061368224161600586
1999-01-22,0.007781138470250793,0.007781138470250793,0.05578929469236416,0.05578929469236416
1999-01-23,0.007781138470250793,0.007781138470250793,0.05578929469236416,0.05578929469236416
1999-01-24,0.007781138470250793,0.007781138470250793,0.05578929469236416,0.05578929469236416
1999-01-25,0.007781138470250793,0.007781138470250793,0.05299982995774596,0.05299982995774596
1999-01-26,0.007781138470250793,0.007781138470250793,0.05578929469236416,0.05578929469236416
1999-01-27,0.007781138470250793,0.007781138470250793,0.05578929469236416,0.05578929469236416
1999-01-28,0.007781138470250793,0.007781138470250793,0.05299982995774596,0.05299982995774596
1999-01-29,0.007781138470250793,0.007781138470250793,0.05578929469236416,0.05578929469236416
1999-01-30,0.007781138470250793,0.007781138470250793,0.05578929469236416,0.05578929469236416
1999-01-31,0.007781138470250793,0.007781138470250793,0.05578929469236416,0.05578929469236416
1999-02-01,0.007781138470250793,0.007781138470250793,0.05578929469236416,0.05578929469236416
1999-02-02,0.010374851293667725,0.010374851293667725,0.05578929469236416,0.05578929469236416
1999-02-03,0.010374851293667725,0.010374851293667725,0.061368224161600586,0.061368224161600586
1999-02-04,0.010374851293667725,0.010374851293667725,0.061368224161600586,0.061368224161600586
1999-02-05,0.010374851293667725,0.010374851293667725,0.05578929469236416,0.05578929469236416
1999-02-06,0.010374851293667725,0.010374851293667725,0.05578929469236416,0.05578929469236416
1999-02-07,0.010374851293667725,0.010374851293667725,0.05578929469236416,0.05578929469236416
1999-02-08,0.007781138470250793,0.007781138470250793,0.05578929469236416,0.05578929469236416
1999-02-09,0.007781138470250793,0.007781138470250793,0.05578929469236416,0.05578929469236416
1999-02-10,0.007781138470250793,0.007781138470250793,0.05578929469236416,0.05578929469236416
1999-02-11,0.010374851293667725,0.010374851293667725,0.05578929469236416,0.05578929469236416
1999-02-12,0.010374851293667725,0.010374851293667725,0.05578929469236416,0.05578929469236416
1999-02-13,0.007781138470250793,0.007781138470250793,0.05578929469236416,0.05578929469236416
1999-02-14,0.007781138470250793,0.007781138470250793,0.05578929469236416,0.05578929469236416
1999-02-15,0.007781138470250793,0.007781138470250793,0.05578929469236416,0.05578929469236416
1999-02-16,0.007781138470250793,0.007781138470250793,0.05578929469236416,0.05578929469236416
1999-02-17,0.0,0.0,0.05578929469236416,0.05578929469236416
1999-02-18,0.0,0.0,0.05578929469236416,0.05578929469236416
1999-02-19,0.0,0.0,0.05578929469236416,0.05578929469236416
1999-02-20,0.0,0.0,0.061368224161600586,0.061368224161600586
1999-02-21,0.0,0.0,0.05578929469236416,0.05578929469236416
1999-02-22,0.0,0.0,0.061368224161600586,0.061368224161600586
1999-02-23,0.0,0.0,0.05578929469236416,0.05578929469236416
1999-02-24,0.0,0.0,0.05578929469236416,0.05578929469236416
1999-02-25,0.0,0.0,0.05578929469236416,0.05578929469236416
1999-02-26,0.0,0.0,0.061368224161600586,0.061368224161600586
1999-02-27,0.0,0.0,0.061368224161600586,0.061368224161600586
1999-02-28,0.0,0.0,0.061368224161600586,0.061368224161600586
1999-03-01,0.0,0.0,0.061368224161600586,0.061368224161600586
1999-03-02,0.0,0.0,0.061368224161600586,0.061368224161600586
1999-03-03,0.0,0.0,0.061368224161600586,0.061368224161600586
1999-03-04,0.0,0.0,0.061368224161600586,0.061368224161600586
1999-03-05,0.0,0.0,0.061368224161600586,0.061368224161600586
1999-03-06,0.0,0.0,0.061368224161600586,0.061368224161600586
1999-03-07,0.0038905692351253966,0.0038905692351253966,0.6499452831660426,0.6499452831660426
1999-03-08,0.005187425646833862,0.005187425646833862,0.6527347479006609,0.6527347479006609
1999-03-09,0.005187425646833862,0.005187425646833862,0.6527347479006609,0.6527347479006609
1999-03-10,0.01426542052879312,0.01426542052879312,0.6527347479006609,0.6527347479006609
1999-03-11,0.012968564117084656,0.012968564117084656,0.655524212635279,0.655524212635279
1999-03-12,0.012968564117084656,0.012968564117084656,0.6611031421045154,0.6611031421045154
1999-03-13,0.012968564117084656,0.012968564117084656,0.5258141024755323,0.5258141024755323
1999-03-14,0.01426542052879312,0.01426542052879312,0.454682751742768,0.454682751742768
1999-03-15,0.005187425646833862,0.005187425646833862,0.454682751742768,0.454682751742768
1999-03-16,0.006484282058542328,0.006484282058542328,0.454682751742768,0.454682751742768
1999-03-17,0.006484282058542328,0.006484282058542328,0.454682751742768,0.454682751742768
1999-03-18,0.012968564117084656,0.012968564117084656,0.454682751742768,0.454682751742768
1999-03-19,0.012968564117084656,0.012968564117084656,0.6053138474121512,0.6053138474121512
1999-03-20,0.012968564117084656,0.012968564117084656,1.3054694958013218,1.3054694958013218
1999-03-21,0.012968564117084656,0.012968564117084656,1.3863639731052495,1.3863639731052495
1999-03-22,0.012968564117084656,0.012968564117084656,1.4379690706956867,1.4379690706956867
1999-03-23,0.012968564117084656,0.012968564117084656,1.6276526726497247,1.6276526726497247
1999-03-24,0.04668683082150476,0.04668683082150476,1.6890208968113254,1.6890208968113254
1999-03-25,0.06484282058542327,0.06484282058542327,1.7559680504421622,1.7559680504421622
1999-03-26,0.062249107762006345,0.062249107762006345,1.7559680504421622,1.7559680504421622
1999-03-27,0.06354596417371482,0.06354596417371482,1.7559680504421622,1.7559680504421622
1999-03-28,0.06873338982054866,0.06873338982054866,1.7559680504421622,1.7559680504421622
1999-03-29,0.07003024623225713,0.07003024623225713,1.7559680504421622,1.7559680504421622
1999-03-30,0.07651452829079947,0.07651452829079947,1.6151000813439425,1.6151000813439425
1999-03-31,0.08170195393763333,0.08170195393763333,1.6234684755477973,1.6234684755477973
1999-04-01,0.08688937958446719,0.08688937958446719,1.5816265045285243,1.5816265045285243
1999-04-02,0.06873338982054866,0.06873338982054866,1.54117926587656,1.54117926587656
1999-04-03,0.06873338982054866,0.06873338982054866,1.3738113817994677,1.3738113817994677
1999-04-04,0.07392081546738254,0.07392081546738254,1.3556798610244494,1.3556798610244494
1999-04-05,0.07521767187909101,0.07521767187909101,1.376600846534086,1.376600846534086
1999-04-06,0.07262395905567408,0.07262395905567408,1.376600846534086,1.376600846534086
1999-04-07,0.07262395905567408,0.07262395905567408,1.4658637180418685,1.4658637180418685
1999-04-08,0.07262395905567408,0.07262395905567408,1.4895741682861232,1.4895741682861232
1999-04-09,0.06484282058542327,0.06484282058542327,1.2580485953128122,1.2580485953128122
1999-04-10,0.07781138470250792,0.07781138470250792,1.1687857238050294,1.1687857238050294
1999-04-11,0.08040509752592487,0.08040509752592487,1.2022593006204478,1.2022593006204478
1999-04-12,0.09207680523130105,0.09207680523130105,1.1966803711512115,1.1966803711512115
1999-04-13,0.07651452829079947,0.07651452829079947,1.2608380600474303,1.2608380600474303
1999-04-14,0.07651452829079947,0.07651452829079947,1.0809175846645558,1.0809175846645558
1999-04-15,0.06484282058542327,0.06484282058542327,0.9777073894836822,0.9777073894836822
1999-04-16,0.06484282058542327,0.06484282058542327,1.0530229373183737,1.0530229373183737
1999-04-17,0.06484282058542327,0.06484282058542327,1.0864965141337921,1.0864965141337921
1999-04-18,0.06484282058542327,0.06484282058542327,1.108812232010738,1.108812232010738
1999-04-19,0.0829988103493418,0.0829988103493418,1.1604173296011746,1.1604173296011746
1999-04-20,0.0829988103493418,0.0829988103493418,1.350100931555213,1.350100931555213
1999-04-21,0.08429566676105026,0.08429566676105026,1.4561005914707046,1.4561005914707046
1999-04-22,0.0907799488195926,0.0907799488195926,1.5899948987323789,1.5899948987323789
1999-04-23,0.09207680523130105,0.09207680523130105,1.630442137384343,1.630442137384343
1999-04-24,0.10374851293667725,0.10374851293667725,1.7699153741152531,1.7699153741152531
1999-04-25,0.10374851293667725,0.10374851293667725,1.846625654317254,1.846625654317254
1999-04-26,0.10115480011326032,0.10115480011326032,1.896836019540382,1.896836019540382
1999-04-27,0.10374851293667725,0.10374851293667725,2.376623953894714,2.376623953894714
1999-04-28,0.10245165652496876,0.10245165652496876,2.376623953894714,2.376623953894714
1999-04-29,0.0972642308781349,0.0972642308781349,2.2678348292446033,2.2678348292446033
1999-04-30,0.07651452829079947,0.07651452829079947,2.1562562398598755,2.1562562398598755
1999-05-01,0.07781138470250792,0.07781138470250792,2.1562562398598755,2.1562562398598755
1999-05-02,0.06484282058542327,0.06484282058542327,2.016783003128965,2.016783003128965
1999-05-03,0.06484282058542327,0.06484282058542327,1.6680999113016888,1.6680999113016888
1999-05-04,0.06354596417371482,0.06354596417371482,1.577442307426597,1.577442307426597
1999-05-05,0.06354596417371482,0.06354596417371482,1.3821797760033223,1.3821797760033223
1999-05-06,0.06354596417371482,0.06354596417371482,1.4337848735937593,1.4337848735937593
1999-05-07,0.06484282058542327,0.06484282058542327,1.4658637180418685,1.4658637180418685
1999-05-08,0.07003024623225713,0.07003024623225713,1.8257046688076173,1.8257046688076173
1999-05-09,0.06873338982054866,0.06873338982054866,2.3710450244254773,2.3710450244254773
1999-05-10,0.07003024623225713,0.07003024623225713,2.527255049564097,2.527255049564097
1999-05-11,0.07132710264396559,0.07132710264396559,2.596991667929552,2.596991667929552
1999-05-12,0.0907799488195926,0.0907799488195926,2.590018006093007,2.590018006093007
1999-05-13,0.10374851293667725,0.10374851293667725,2.384992348098568,2.384992348098568
1999-05-14,0.1089359385835111,0.1089359385835111,2.5188866553602423,2.5188866553602423
1999-05-15,0.11152965140692804,0.11152965140692804,2.8633855500855905,2.8633855500855905
1999-05-16,0.12320135911230422,0.12320135911230422,3.140937291180103,3.140937291180103
1999-05-17,0.12320135911230422,0.12320135911230422,3.2790157955437045,3.2790157955437045
1999-05-18,0.11282650781863648,0.11282650781863648,3.542620212965125,3.542620212965125
1999-05-19,0.11282650781863648,0.11282650781863648,3.542620212965125,3.542620212965125
1999-05-20,0.11152965140692804,0.11152965140692804,3.6904618438998895,3.6904618438998895
1999-05-21,0.11282650781863648,0.11282650781863648,4.044723865196402,4.044723865196402
1999-05-22,0.14006049246451427,0.14006049246451427,3.9331452758116736,3.9331452758116736
1999-05-23,0.14006049246451427,0.14006049246451427,3.6263041550036705,3.6263041550036705
1999-05-24,0.14135734887622275,0.14135734887622275,3.6263041550036705,3.6263041550036705
1999-05-25,0.14135734887622275,0.14135734887622275,3.5119361008843244,3.5119361008843244
1999-05-26,0.14913848734647353,0.14913848734647353,3.6249094226363616,3.6249094226363616
1999-05-27,0.14654477452305661,0.14654477452305661,3.6514093376152346,3.6514093376152346
1999-05-28,0.14913848734647353,0.14913848734647353,3.6514093376152346,3.6514093376152346
1999-05-29,0.15173220016989047,0.15173220016989047,3.6918565762671993,3.6918565762671993
1999-05-30,0.14913848734647353,0.14913848734647353,3.7183564912460723,3.7183564912460723
1999-05-31,0.15173220016989047,0.15173220016989047,3.828540348263491,3.828540348263491
1999-06-01,0.15173220016989047,0.15173220016989047,3.894092769527019,3.894092769527019
1999-06-02,0.13357621040597195,0.13357621040597195,3.9708030497290205,3.9708030497290205
1999-06-03,0.14913848734647353,0.14913848734647353,3.894092769527019,3.894092769527019
1999-06-04,0.14524791811134816,0.14524791811134816,3.793672039080764,3.793672039080764
1999-06-05,0.14524791811134816,0.14524791811134816,3.83132981299811,3.83132981299811
1999-06-06,0.1582164822284328,0.1582164822284328,3.5788832545151616,3.5788832545151616
1999-06-07,0.15173220016989047,0.15173220016989047,3.3445682168072324,3.3445682168072324
1999-06-08,0.15173220016989047,0.15173220016989047,3.3445682168072324,3.3445682168072324
1999-06-09,0.15173220016989047,0.15173220016989047,3.2162528390147944,3.2162528390147944
1999-06-10,0.15173220016989047,0.15173220016989047,3.177200332730139,3.177200332730139
1999-06-11,0.15173220016989047,0.15173220016989047,3.3543313433783957,3.3543313433783957
1999-06-12,0.14913848734647353,0.14913848734647353,3.5788832545151616,3.5788832545151616
1999-06-13,0.1659976206986836,0.1659976206986836,3.7657773917345816,3.7657773917345816
1999-06-14,0.1647007642869751,0.1647007642869751,3.7657773917345816,3.7657773917345816
1999-06-15,0.16340390787526665,0.16340390787526665,3.7657773917345816,3.7657773917345816
1999-06-16,0.15562276940501585,0.15562276940501585,3.6541988023498533,3.6541988023498533
1999-06-17,0.15562276940501585,0.15562276940501585,3.54959387480167,3.54959387480167
1999-06-18,0.15691962581672436,0.15691962581672436,3.7281196178172356,3.7281196178172356
1999-06-19,0.15562276940501585,0.15562276940501585,3.7197512236133807,3.7197512236133807
1999-06-20,0.15562276940501585,0.15562276940501585,3.8006457009173085,3.8006457009173085
1999-06-21,0.1543259129933074,0.1543259129933074,4.007066091279056,4.007066091279056
1999-06-22,0.16340390787526665,0.16340390787526665,4.044723865196402,4.044723865196402
1999-06-23,0.1647007642869751,0.1647007642869751,4.044723865196402,4.044723865196402
1999-06-24,0.16210705146355817,0.16210705146355817,3.895487501894328,3.895487501894328
1999-06-25,0.16210705146355817,0.16210705146355817,3.9708030497290205,3.9708030497290205
1999-06-26,0.17118504634551746,0.17118504634551746,4.01682921785022,4.01682921785022
1999-06-27,0.17118504634551746,0.17118504634551746,4.11027628645993,4.11027628645993
1999-06-28,0.15951333864014125,0.15951333864014125,4.156302454581131,4.156302454581131
1999-06-29,0.15302905658159893,0.15302905658159893,4.082381639113748,4.082381639113748
1999-06-30,0.16340390787526665,0.16340390787526665,4.193960228498476,4.193960228498476
1999-07-01,0.16340390787526665,0.16340390787526665,4.146539328009967,4.146539328009967
1999-07-02,0.16340390787526665,0.16340390787526665,4.184197101927313,4.184197101927313
1999-07-03,0.16340390787526665,0.16340390787526665,4.166065581152294,4.166065581152294
1999-07-04,0.16340390787526665,0.16340390787526665,4.023802879686765,4.023802879686765
1999-07-05,0.16340390787526665,0.16340390787526665,4.034960738625238,4.034960738625238
1999-07-06,0.16340390787526665,0.16340390787526665,4.034960738625238,4.034960738625238
1999-07-07,0.15951333864014125,0.15951333864014125,3.894092769527019,3.894092769527019
1999-07-08,0.15691962581672436,0.15691962581672436,4.03356600625793,4.03356600625793
1999-07-09,0.16729447711039205,0.16729447711039205,4.117249948296475,4.117249948296475
1999-07-10,0.17248190275722594,0.17248190275722594,4.03356600625793,4.03356600625793
1999-07-11,0.1685913335221005,0.1685913335221005,3.894092769527019,3.894092769527019
1999-07-12,0.16340390787526665,0.16340390787526665,3.894092769527019,3.894092769527019
1999-07-13,0.16340390787526665,0.16340390787526665,3.9708030497290205,3.9708030497290205
1999-07-14,0.1543259129933074,0.1543259129933074,3.942908402382838,3.942908402382838
1999-07-15,0.15951333864014125,0.15951333864014125,3.942908402382838,3.942908402382838
1999-07-16,0.16340390787526665,0.16340390787526665,4.0363554709925475,4.0363554709925475
1999-07-17,0.16081019505184974,0.16081019505184974,4.082381639113748,4.082381639113748
1999-07-18,0.16340390787526665,0.16340390787526665,4.11027628645993,4.11027628645993
1999-07-19,0.1647007642869751,0.1647007642869751,4.184197101927313,4.184197101927313
1999-07-20,0.16081019505184974,0.16081019505184974,4.184197101927313,4.184197101927313
1999-07-21,0.169888189933809,0.169888189933809,4.092144765684911,4.092144765684911
1999-07-22,0.16729447711039205,0.16729447711039205,4.20511808743695,4.20511808743695
1999-07-23,0.16729447711039205,0.16729447711039205,4.202328622702331,4.202328622702331
1999-07-24,0.16729447711039205,0.16729447711039205,4.192565496131167,4.192565496131167
1999-07-25,0.1659976206986836,0.1659976206986836,4.266486311598549,4.266486311598549
1999-07-26,0.16729447711039205,0.16729447711039205,4.304144085515896,4.304144085515896
1999-07-27,0.16729447711039205,0.16729447711039205,4.122828877765713,4.122828877765713
1999-07-28,0.16340390787526665,0.16340390787526665,4.021013414952148,4.021013414952148
1999-07-29,0.1659976206986836,0.1659976206986836,3.8843296429558554,3.8843296429558554
1999-07-30,0.1647007642869751,0.1647007642869751,3.8341192777327278,3.8341192777327278
1999-07-31,0.1647007642869751,0.1647007642869751,4.0112502883809835,4.0112502883809835
1999-08-01,0.16729447711039205,0.16729447711039205,4.057276456502184,4.057276456502184
1999-08-02,0.15302905658159893,0.15302905658159893,3.940118937648219,3.940118937648219
1999-08-03,0.1543259129933074,0.1543259129933074,3.8815401782212375,3.8815401782212375
1999-08-04,0.15562276940501585,0.15562276940501585,3.6290936197382893,3.6290936197382893
1999-08-05,0.15302905658159893,0.15302905658159893,3.5551728042709065,3.5551728042709065
1999-08-06,0.1543259129933074,0.1543259129933074,3.4156995675399964,3.4156995675399964
1999-08-07,0.16081019505184974,0.16081019505184974,3.4156995675399964,3.4156995675399964
1999-08-08,0.1543259129933074,0.1543259129933074,3.4059364409688326,3.4059364409688326
1999-08-09,0.14654477452305661,0.14654477452305661,3.312489372359122,3.312489372359122
1999-08-10,0.14654477452305661,0.14654477452305661,3.276226330809086,3.276226330809086
1999-08-11,0.14654477452305661,0.14654477452305661,3.20788444481094,3.20788444481094
1999-08-12,0.1543259129933074,0.1543259129933074,3.184173994566685,3.184173994566685
1999-08-13,0.14524791811134816,0.14524791811134816,3.2859894573802495,3.2859894573802495
1999-08-14,0.15302905658159893,0.15302905658159893,3.304120978155268,3.304120978155268
1999-08-15,0.14524791811134816,0.14524791811134816,3.304120978155268,3.304120978155268
1999-08-16,0.14524791811134816,0.14524791811134816,3.2957525839514132,3.2957525839514132
1999-08-17,0.14006049246451427,0.14006049246451427,3.426857426478469,3.426857426478469
1999-08-18,0.13487306681768044,0.13487306681768044,3.2999367810533404,3.2999367810533404
1999-08-19,0.12190450270059575,0.12190450270059575,3.1995160506070857,3.1995160506070857
1999-08-20,0.12320135911230422,0.12320135911230422,3.1660424737916664,3.1660424737916664
1999-08-21,0.1089359385835111,0.1089359385835111,3.1214110380377758,3.1214110380377758
1999-08-22,0.1089359385835111,0.1089359385835111,3.12977943224163,3.12977943224163
1999-08-23,0.10504536934838571,0.10504536934838571,3.12977943224163,3.12977943224163
1999-08-24,0.10504536934838571,0.10504536934838571,3.026569237060756,3.026569237060756
1999-08-25,0.11931078987717883,0.11931078987717883,2.909411718206792,2.909411718206792
1999-08-26,0.11801393346547037,0.11801393346547037,2.7378596370277717,2.7378596370277717
1999-08-27,0.12968564117084655,0.12968564117084655,2.675096680498862,2.675096680498862
1999-08-28,0.12190450270059575,0.12190450270059575,2.537018176135261,2.537018176135261
1999-08-29,0.1089359385835111,0.1089359385835111,2.5425971056044974,2.5425971056044974
1999-08-30,0.10374851293667725,0.10374851293667725,2.6053600621334065,2.6053600621334065
1999-08-31,0.10245165652496876,0.10245165652496876,2.668123018662316,2.668123018662316
1999-09-01,0.10245165652496876,0.10245165652496876,2.5774654147872247,2.5774654147872247
1999-09-02,0.10374851293667725,0.10374851293667725,2.6792808776007893,2.6792808776007893
1999-09-03,0.10374851293667725,0.10374851293667725,2.55375496454297,2.55375496454297
1999-09-04,0.10374851293667725,0.10374851293667725,2.534228711400642,2.534228711400642
1999-09-05,0.10374851293667725,0.10374851293667725,2.389176545200496,2.389176545200496
1999-09-06,0.10374851293667725,0.10374851293667725,2.389176545200496,2.389176545200496
1999-09-07,0.11801393346547037,0.11801393346547037,2.3194399268350407,2.3194399268350407
1999-09-08,0.11801393346547037,0.11801393346547037,2.3598871654870046,2.3598871654870046
1999-09-09,0.1167170770537619,0.1167170770537619,2.2678348292446033,2.2678348292446033
1999-09-10,0.11542022064205343,0.11542022064205343,2.2748084910811492,2.2748084910811492
1999-09-11,0.1167170770537619,0.1167170770537619,2.122782663044457,2.122782663044457
1999-09-12,0.1089359385835111,0.1089359385835111,2.122782663044457,2.122782663044457
1999-09-13,0.08818623599617564,0.08818623599617564,2.122782663044457,2.122782663044457
1999-09-14,0.08818623599617564,0.08818623599617564,2.1353352543502386,2.1353352543502386
1999-09-15,0.07392081546738254,0.07392081546738254,1.9177570050500183,1.9177570050500183
1999-09-16,0.07392081546738254,0.07392081546738254,1.6918103615459434,1.6918103615459434
1999-09-17,0.07392081546738254,0.07392081546738254,1.5091004214284507,1.5091004214284507
1999-09-18,0.07392081546738254,0.07392081546738254,1.5593107866515787,1.5593107866515787
1999-09-19,0.07392081546738254,0.07392081546738254,1.7071524175863435,1.7071524175863435
1999-09-20,0.07392081546738254,0.07392081546738254,1.808967880399908,1.808967880399908
1999-09-21,0.0907799488195926,0.0907799488195926,1.72807340309598,1.72807340309598
1999-09-22,0.09467051805471799,0.09467051805471799,1.72807340309598,1.72807340309598
1999-09-23,0.10115480011326032,0.10115480011326032,1.8117573451345266,1.8117573451345266
1999-09-24,0.08818623599617564,0.08818623599617564,1.9833094263135462,1.9833094263135462
1999-09-25,0.08170195393763333,0.08170195393763333,2.051651312311692,2.051651312311692
1999-09-26,0.08170195393763333,0.08170195393763333,2.0112040736597283,2.0112040736597283
1999-09-27,0.07392081546738254,0.07392081546738254,1.9372832581923458,1.9372832581923458
1999-09-28,0.06743653340884022,0.06743653340884022,2.6485967655199887,2.6485967655199887
1999-09-29,0.06873338982054866,0.06873338982054866,1.9303095963558001,1.9303095963558001
1999-09-30,0.07003024623225713,0.07003024623225713,0.6359979594929516,0.6359979594929516
1999-10-01,0.042796261586379364,0.042796261586379364,1.9303095963558001,1.9303095963558001
1999-10-02,0.042796261586379364,0.042796261586379364,0.6053138474121512,0.6053138474121512
1999-10-03,0.042796261586379364,0.042796261586379364,0.5718402705967327,0.5718402705967327
1999-10-04,0.042796261586379364,0.042796261586379364,0.5704455382294236,0.5704455382294236
1999-10-05,0.042796261586379364,0.042796261586379364,0.5676560734948055,0.5676560734948055
1999-10-06,0.042796261586379364,0.042796261586379364,0.6471558184314243,0.6471558184314243
1999-10-07,0.0414994051746709,0.0414994051746709,0.6471558184314243,0.6471558184314243
1999-10-08,0.05576482570346402,0.05576482570346402,0.6471558184314243,0.6471558184314243
1999-10-09,0.05706168211517248,0.05706168211517248,0.6471558184314243,0.6471558184314243
1999-10-10,0.04668683082150476,0.04668683082150476,0.6443663536968062,0.6443663536968062
1999-10-11,0.0453899744097963,0.0453899744097963,0.6443663536968062,0.6443663536968062
1999-10-12,0.0453899744097963,0.0453899744097963,0.5648666087601872,0.5648666087601872
1999-10-13,0.0453899744097963,0.0453899744097963,0.5369719614140052,0.5369719614140052
1999-10-14,0.0453899744097963,0.0453899744097963,0.5369719614140052,0.5369719614140052
1999-10-15,0.03631197952783704,0.03631197952783704,0.5411561585159324,0.5411561585159324
1999-10-16,0.042796261586379364,0.042796261586379364,0.5369719614140052,0.5369719614140052
1999-10-17,0.04409311799808782,0.04409311799808782,0.5369719614140052,0.5369719614140052
1999-10-18,0.042796261586379364,0.042796261586379364,0.5369719614140052,0.5369719614140052
1999-10-19,0.042796261586379364,0.042796261586379364,0.5369719614140052,0.5369719614140052
1999-10-20,0.042796261586379364,0.042796261586379364,0.49234052566011377,0.49234052566011377
1999-10-21,0.042796261586379364,0.042796261586379364,0.49234052566011377,0.49234052566011377
1999-10-22,0.042796261586379364,0.042796261586379364,0.46026168121200445,0.46026168121200445
1999-10-23,0.042796261586379364,0.042796261586379364,0.4560774841100771,0.4560774841100771
1999-10-24,0.04928054364492169,0.04928054364492169,0.4644458783139317,0.4644458783139317
1999-10-25,0.04928054364492169,0.04928054364492169,0.4560774841100771,0.4560774841100771
1999-10-26,0.03371826670442011,0.03371826670442011,0.25523602321756605,0.25523602321756605
1999-10-27,0.03242141029271164,0.03242141029271164,0.3291568386849486,0.3291568386849486
1999-10-28,0.03371826670442011,0.03371826670442011,0.3291568386849486,0.3291568386849486
1999-10-29,0.03371826670442011,0.03371826670442011,0.3249726415830213,0.3249726415830213
1999-10-30,0.03371826670442011,0.03371826670442011,0.08368394203854625,0.08368394203854625
1999-10-31,0.012968564117084656,0.012968564117084656,0.08089447730392804,0.08089447730392804
1999-11-01,0.012968564117084656,0.012968564117084656,0.08089447730392804,0.08089447730392804
1999-11-02,0.012968564117084656,0.012968564117084656,0.08089447730392804,0.08089447730392804
1999-11-03,0.012968564117084656,0.012968564117084656,0.07252608310007341,0.07252608310007341
1999-11-04,0.012968564117084656,0.012968564117084656,0.05578929469236416,0.05578929469236416
1999-11-05,0.012968564117084656,0.012968564117084656,0.04463143575389134,0.04463143575389134
1999-11-06,0.010374851293667725,0.010374851293667725,0.061368224161600586,0.061368224161600586
1999-11-07,0.00907799488195926,0.00907799488195926,0.061368224161600586,0.061368224161600586
1999-11-08,0.00907799488195926,0.00907799488195926,0.061368224161600586,0.061368224161600586
1999-11-09,0.00907799488195926,0.00907799488195926,0.061368224161600586,0.061368224161600586
1999-11-10,0.00907799488195926,0.00907799488195926,0.061368224161600586,0.061368224161600586
1999-11-11,0.00907799488195926,0.00907799488195926,0.061368224161600586,0.061368224161600586
1999-11-12,0.012968564117084656,0.012968564117084656,0.061368224161600586,0.061368224161600586
1999-11-13,0.01815598976391852,0.01815598976391852,0.06973661836545522,0.06973661836545522
1999-11-14,0.01815598976391852,0.01815598976391852,0.06973661836545522,0.06973661836545522
1999-11-15,0.01815598976391852,0.01815598976391852,0.06973661836545522,0.06973661836545522
1999-11-16,0.01815598976391852,0.01815598976391852,0.06973661836545522,0.06973661836545522
1999-11-17,0.01815598976391852,0.01815598976391852,0.06973661836545522,0.06973661836545522
1999-11-18,0.01815598976391852,0.01815598976391852,0.06973661836545522,0.06973661836545522
1999-11-19,0.01815598976391852,0.01815598976391852,0.06973661836545522,0.06973661836545522
1999-11-20,0.01815598976391852,0.01815598976391852,0.061368224161600586,0.061368224161600586
1999-11-21,0.01815598976391852,0.01815598976391852,0.061368224161600586,0.061368224161600586
1999-11-22,0.01815598976391852,0.01815598976391852,0.061368224161600586,0.061368224161600586
1999-11-23,0.01815598976391852,0.01815598976391852,0.061368224161600586,0.061368224161600586
1999-11-24,0.01815598976391852,0.01815598976391852,0.061368224161600586,0.061368224161600586
1999-11-25,0.01815598976391852,0.01815598976391852,0.061368224161600586,0.061368224161600586
1999-11-26,0.01815598976391852,0.01815598976391852,0.061368224161600586,0.061368224161600586
1999-11-27,0.01815598976391852,0.01815598976391852,0.061368224161600586,0.061368224161600586
1999-11-28,0.01815598976391852,0.01815598976391852,0.061368224161600586,0.061368224161600586
1999-11-29,0.01815598976391852,0.01815598976391852,0.061368224161600586,0.061368224161600586
1999-11-30,0.01815598976391852,0.01815598976391852,0.061368224161600586,0.061368224161600586
1999-12-01,0.01815598976391852,0.01815598976391852,0.061368224161600586,0.061368224161600586
1999-12-02,0.01815598976391852,0.01815598976391852,0.05857875942698238,0.05857875942698238
1999-12-03,0.01815598976391852,0.01815598976391852,0.05857875942698238,0.05857875942698238
1999-12-04,0.015562276940501586,0.015562276940501586,0.061368224161600586,0.061368224161600586
1999-12-05,0.015562276940501586,0.015562276940501586,0.061368224161600586,0.061368224161600586
1999-12-06,0.01815598976391852,0.01815598976391852,0.061368224161600586,0.061368224161600586
1999-12-07,0.01815598976391852,0.01815598976391852,0.061368224161600586,0.061368224161600586
1999-12-08,0.01815598976391852,0.01815598976391852,0.061368224161600586,0.061368224161600586
1999-12-09,0.01815598976391852,0.01815598976391852,0.061368224161600586,0.061368224161600586
1999-12-10,0.01815598976391852,0.01815598976391852,0.061368224161600586,0.061368224161600586
1999-12-11,0.01426542052879312,0.01426542052879312,0.061368224161600586,0.061368224161600586
1999-12-12,0.01167170770537619,0.01167170770537619,0.06973661836545522,0.06973661836545522
1999-12-13,0.010374851293667725,0.010374851293667725,0.06973661836545522,0.06973661836545522
1999-12-14,0.00907799488195926,0.00907799488195926,0.05857875942698238,0.05857875942698238
1999-12-15,0.00907799488195926,0.00907799488195926,0.05857875942698238,0.05857875942698238
1999-12-16,0.00907799488195926,0.00907799488195926,0.061368224161600586,0.061368224161600586
1999-12-17,0.00907799488195926,0.00907799488195926,0.061368224161600586,0.061368224161600586
1999-12-18,0.007781138470250793,0.007781138470250793,0.05857875942698238,0.05857875942698238
1999-12-19,0.00907799488195926,0.00907799488195926,0.061368224161600586,0.061368224161600586
1999-12-20,0.00907799488195926,0.00907799488195926,0.061368224161600586,0.061368224161600586
1999-12-21,0.00907799488195926,0.00907799488195926,0.05857875942698238,0.05857875942698238
1999-12-22,0.007781138470250793,0.007781138470250793,0.05857875942698238,0.05857875942698238
1999-12-23,0.006484282058542328,0.006484282058542328,0.05299982995774596,0.05299982995774596
1999-12-24,0.006484282058542328,0.006484282058542328,0.05299982995774596,0.05299982995774596
1999-12-25,0.006484282058542328,0.006484282058542328,0.05299982995774596,0.05299982995774596
1999-12-26,0.006484282058542328,0.006484282058542328,0.05299982995774596,0.05299982995774596
1999-12-27,0.007781138470250793,0.007781138470250793,0.05299982995774596,0.05299982995774596
1999-12-28,0.007781138470250793,0.007781138470250793,0.04742090048850955,0.04742090048850955
1999-12-29,0.007781138470250793,0.007781138470250793,0.04742090048850955,0.04742090048850955
1999-12-30,0.007781138470250793,0.007781138470250793,0.05299982995774596,0.05299982995774596
1999-12-31,0.007781138470250793,0.007781138470250793,0.05299982995774596,0.05299982995774596
2000-01-01,0.007781138470250793,0.007781138470250793,0.04742090048850955,0.04742090048850955
2000-01-02,0.007781138470250793,0.007781138470250793,0.04742090048850955,0.04742090048850955
2000-01-03,0.007781138470250793,0.007781138470250793,0.04742090048850955,0.04742090048850955
2000-01-04,0.007781138470250793,0.007781138470250793,0.05299982995774596,0.05299982995774596
2000-01-05,0.007781138470250793,0.007781138470250793,0.05299982995774596,0.05299982995774596
2000-01-06,0.007781138470250793,0.007781138470250793,0.05299982995774596,0.05299982995774596
2000-01-07,0.007781138470250793,0.007781138470250793,0.05299982995774596,0.05299982995774596
2000-01-08,0.007781138470250793,0.007781138470250793,0.05299982995774596,0.05299982995774596
2000-01-09,0.007781138470250793,0.007781138470250793,0.05299982995774596,0.05299982995774596
2000-01-10,0.007781138470250793,0.007781138470250793,0.05299982995774596,0.05299982995774596
2000-01-11,0.007781138470250793,0.007781138470250793,0.05299982995774596,0.05299982995774596
2000-01-12,0.007781138470250793,0.007781138470250793,0.05578929469236416,0.05578929469236416
2000-01-13,0.007781138470250793,0.007781138470250793,0.05578929469236416,0.05578929469236416
2000-01-14,0.007781138470250793,0.007781138470250793,0.05578929469236416,0.05578929469236416
2000-01-15,0.007781138470250793,0.007781138470250793,0.05578929469236416,0.05578929469236416
2000-01-16,0.007781138470250793,0.007781138470250793,0.05578929469236416,0.05578929469236416
2000-01-17,0.007781138470250793,0.007781138470250793,0.05578929469236416,0.05578929469236416
2000-01-18,0.007781138470250793,0.007781138470250793,0.05578929469236416,0.05578929469236416
2000-01-19,0.007781138470250793,0.007781138470250793,0.05578929469236416,0.05578929469236416
2000-01-20,0.007781138470250793,0.007781138470250793,0.05578929469236416,0.05578929469236416
2000-01-21,0.007781138470250793,0.007781138470250793,0.061368224161600586,0.061368224161600586
2000-01-22,0.007781138470250793,0.007781138470250793,0.05578929469236416,0.05578929469236416
2000-01-23,0.007781138470250793,0.007781138470250793,0.05578929469236416,0.05578929469236416
2000-01-24,0.007781138470250793,0.007781138470250793,0.05578929469236416,0.05578929469236416
2000-01-25,0.007781138470250793,0.007781138470250793,0.05299982995774596,0.05299982995774596
2000-01-26,0.007781138470250793,0.007781138470250793,0.05578929469236416,0.05578929469236416
2000-01-27,0.007781138470250793,0.007781138470250793,0.05578929469236416,0.05578929469236416
2000-01-28,0.007781138470250793,0.007781138470250793,0.05299982995774596,0.05299982995774596
2000-01-29,0.007781138470250793,0.007781138470250793,0.05578929469236416,0.05578929469236416
2000-01-30,0.007781138470250793,0.007781138470250793,0.05578929469236416,0.05578929469236416
2000-01-31,0.007781138470250793,0.007781138470250793,0.05578929469236416,0.05578929469236416
2000-02-01,0.007781138470250793,0.007781138470250793,0.05578929469236416,0.05578929469236416
2000-02-02,0.010374851293667725,0.010374851293667725,0.05578929469236416,0.05578929469236416
2000-02-03,0.010374851293667725,0.010374851293667725,0.061368224161600586,0.061368224161600586
2000-02-04,0.010374851293667725,0.010374851293667725,0.061368224161600586,0.061368224161600586
2000-02-05,0.010374851293667725,0.010374851293667725,0.05578929469236416,0.05578929469236416
2000-02-06,0.010374851293667725,0.010374851293667725,0.05578929469236416,0.05578929469236416
2000-02-07,0.010374851293667725,0.010374851293667725,0.05578929469236416,0.05578929469236416
2000-02-08,0.007781138470250793,0.007781138470250793,0.05578929469236416,0.05578929469236416
2000-02-09,0.007781138470250793,0.007781138470250793,0.05578929469236416,0.05578929469236416
2000-02-10,0.007781138470250793,0.007781138470250793,0.05578929469236416,0.05578929469236416
2000-02-11,0.010374851293667725,0.010374851293667725,0.05578929469236416,0.05578929469236416
2000-02-12,0.010374851293667725,0.010374851293667725,0.05578929469236416,0.05578929469236416
2000-02-13,0.007781138470250793,0.007781138470250793,0.05578929469236416,0.05578929469236416
2000-02-14,0.007781138470250793,0.007781138470250793,0.05578929469236416,0.05578929469236416
2000-02-15,0.007781138470250793,0.007781138470250793,0.05578929469236416,0.05578929469236416
2000-02-16,0.007781138470250793,0.007781138470250793,0.05578929469236416,0.05578929469236416
2000-02-17,0.0,0.0,0.05578929469236416,0.05578929469236416
2000-02-18,0.0,0.0,0.05578929469236416,0.05578929469236416
2000-02-19,0.0,0.0,0.05578929469236416,0.05578929469236416
2000-02-20,0.0,0.0,0.061368224161600586,0.061368224161600586
2000-02-21,0.0,0.0,0.05578929469236416,0.05578929469236416
2000-02-22,0.0,0.0,0.061368224161600586,0.061368224161600586
2000-02-23,0.0,0.0,0.05578929469236416,0.05578929469236416
2000-02-24,0.0,0.0,0.05578929469236416,0.05578929469236416
2000-02-25,0.0,0.0,0.05578929469236416,0.05578929469236416
2000-02-26,0.0,0.0,0.061368224161600586,0.061368224161600586
2000-02-27,0.0,0.0,0.061368224161600586,0.061368224161600586
2000-02-28,0.0,0.0,0.061368224161600586,0.061368224161600586
2000-02-29,0.0,0.0,0.061368224161600586,0.061368224161600586
2000-03-01,0.0,0.0,0.061368224161600586,0.061368224161600586
2000-03-02,0.0,0.0,0.061368224161600586,0.061368224161600586
2000-03-03,0.0,0.0,0.061368224161600586,0.061368224161600586
2000-03-04,0.0,0.0,0.061368224161600586,0.061368224161600586
2000-03-05,0.0,0.0,0.061368224161600586,0.061368224161600586
2000-03-06,0.0,0.0,0.061368224161600586,0.061368224161600586
2000-03-07,0.0038905692351253966,0.0038905692351253966,0.6499452831660426,0.6499452831660426
2000-03-08,0.005187425646833862,0.005187425646833862,0.6527347479006609,0.6527347479006609
2000-03-09,0.005187425646833862,0.005187425646833862,0.6527347479006609,0.6527347479006609
2000-03-10,0.01426542052879312,0.01426542052879312,0.6527347479006609,0.6527347479006609
2000-03-11,0.012968564117084656,0.012968564117084656,0.655524212635279,0.655524212635279
2000-03-12,0.012968564117084656,0.012968564117084656,0.6611031421045154,0.6611031421045154
2000-03-13,0.012968564117084656,0.012968564117084656,0.5258141024755323,0.5258141024755323
2000-03-14,0.01426542052879312,0.01426542052879312,0.454682751742768,0.454682751742768
2000-03-15,0.005187425646833862,0.005187425646833862,0.454682751742768,0.454682751742768
2000-03-16,0.006484282058542328,0.006484282058542328,0.454682751742768,0.454682751742768
2000-03-17,0.006484282058542328,0.006484282058542328,0.454682751742768,0.454682751742768
2000-03-18,0.012968564117084656,0.012968564117084656,0.454682751742768,0.454682751742768
2000-03-19,0.012968564117084656,0.012968564117084656,0.6053138474121512,0.6053138474121512
2000-03-20,0.012968564117084656,0.012968564117084656,1.3054694958013218,1.3054694958013218
2000-03-21,0.012968564117084656,0.012968564117084656,1.3863639731052495,1.3863639731052495
2000-03-22,0.012968564117084656,0.012968564117084656,1.4379690706956867,1.4379690706956867
2000-03-23,0.012968564117084656,0.012968564117084656,1.6276526726497247,1.6276526726497247
2000-03-24,0.04668683082150476,0.04668683082150476,1.6890208968113254,1.6890208968113254
2000-03-25,0.06484282058542327,0.06484282058542327,1.7559680504421622,1.7559680504421622
2000-03-26,0.062249107762006345,0.062249107762006345,1.7559680504421622,1.7559680504421622
2000-03-27,0.06354596417371482,0.06354596417371482,1.7559680504421622,1.7559680504421622
2000-03-28,0.06873338982054866,0.06873338982054866,1.7559680504421622,1.7559680504421622
2000-03-29,0.07003024623225713,0.07003024623225713,1.7559680504421622,1.7559680504421622
2000-03-30,0.07651452829079947,0.07651452829079947,1.6151000813439425,1.6151000813439425
2000-03-31,0.08170195393763333,0.08170195393763333,1.6234684755477973,1.6234684755477973
2000-04-01,0.08688937958446719,0.08688937958446719,1.5816265045285243,1.5816265045285243
2000-04-02,0.06873338982054866,0.06873338982054866,1.54117926587656,1.54117926587656
2000-04-03,0.06873338982054866,0.06873338982054866,1.3738113817994677,1.3738113817994677
2000-04-04,0.07392081546738254,0.07392081546738254,1.3556798610244494,1.3556798610244494
2000-04-05,0.07521767187909101,0.07521767187909101,1.376600846534086,1.376600846534086
2000-04-06,0.07262395905567408,0.07262395905567408,1.376600846534086,1.376600846534086
2000-04-07,0.07262395905567408,0.07262395905567408,1.4658637180418685,1.4658637180418685
2000-04-08,0.07262395905567408,0.07262395905567408,1.4895741682861232,1.4895741682861232
2000-04-09,0.06484282058542327,0.06484282058542327,1.2580485953128122,1.2580485953128122
2000-04-10,0.07781138470250792,0.07781138470250792,1.1687857238050294,1.1687857238050294
2000-04-11,0.08040509752592487,0.08040509752592487,1.2022593006204478,1.2022593006204478
2000-04-12,0.09207680523130105,0.09207680523130105,1.1966803711512115,1.1966803711512115
2000-04-13,0.07651452829079947,0.07651452829079947,1.2608380600474303,1.2608380600474303
2000-04-14,0.07651452829079947,0.07651452829079947,1.0809175846645558,1.0809175846645558
2000-04-15,0.06484282058542327,0.06484282058542327,0.9777073894836822,0.9777073894836822
2000-04-16,0.06484282058542327,0.06484282058542327,1.0530229373183737,1.0530229373183737
2000-04-17,0.06484282058542327,0.06484282058542327,1.0864965141337921,1.0864965141337921
2000-04-18,0.06484282058542327,0.06484282058542327,1.108812232010738,1.108812232010738
2000-04-19,0.0829988103493418,0.0829988103493418,1.1604173296011746,1.1604173296011746
2000-04-20,0.0829988103493418,0.0829988103493418,1.350100931555213,1.350100931555213
2000-04-21,0.08429566676105026,0.08429566676105026,1.4561005914707046,1.4561005914707046
2000-04-22,0.0907799488195926,0.0907799488195926,1.5899948987323789,1.5899948987323789
2000-04-23,0.09207680523130105,0.09207680523130105,1.630442137384343,1.630442137384343
2000-04-24,0.10374851293667725,0.10374851293667725,1.7699153741152531,1.7699153741152531
2000-04-25,0.10374851293667725,0.10374851293667725,1.846625654317254,1.846625654317254
2000-04-26,0.10115480011326032,0.10115480011326032,1.896836019540382,1.896836019540382
2000-04-27,0.10374851293667725,0.10374851293667725,2.376623953894714,2.376623953894714
2000-04-28,0.10245165652496876,0.10245165652496876,2.376623953894714,2.376623953894714
2000-04-29,0.0972642308781349,0.0972642308781349,2.2678348292446033,2.2678348292446033
2000-04-30,0.07651452829079947,0.07651452829079947,2.1562562398598755,2.1562562398598755
2000-05-01,0.07781138470250792,0.07781138470250792,2.1562562398598755,2.1562562398598755
2000-05-02,0.06484282058542327,0.06484282058542327,2.016783003128965,2.016783003128965
2000-05-03,0.06484282058542327,0.06484282058542327,1.6680999113016888,1.6680999113016888
2000-05-04,0.06354596417371482,0.06354596417371482,1.577442307426597,1.577442307426597
2000-05-05,0.06354596417371482,0.06354596417371482,1.3821797760033223,1.3821797760033223
2000-05-06,0.06354596417371482,0.06354596417371482,1.4337848735937593,1.4337848735937593
2000-05-07,0.06484282058542327,0.06484282058542327,1.4658637180418685,1.4658637180418685
2000-05-08,0.07003024623225713,0.07003024623225713,1.8257046688076173,1.8257046688076173
2000-05-09,0.06873338982054866,0.06873338982054866,2.3710450244254773,2.3710450244254773
2000-05-10,0.07003024623225713,0.07003024623225713,2.527255049564097,2.527255049564097
2000-05-11,0.07132710264396559,0.07132710264396559,2.596991667929552,2.596991667929552
2000-05-12,0.0907799488195926,0.0907799488195926,2.590018006093007,2.590018006093007
2000-05-13,0.10374851293667725,0.10374851293667725,2.384992348098568,2.384992348098568
2000-05-14,0.1089359385835111,0.1089359385835111,2.5188866553602423,2.5188866553602423
2000-05-15,0.11152965140692804,0.11152965140692804,2.8633855500855905,2.8633855500855905
2000-05-16,0.12320135911230422,0.12320135911230422,3.140937291180103,3.140937291180103
2000-05-17,0.12320135911230422,0.12320135911230422,3.2790157955437045,3.2790157955437045
2000-05-18,0.11282650781863648,0.11282650781863648,3.542620212965125,3.542620212965125
2000-05-19,0.11282650781863648,0.11282650781863648,3.542620212965125,3.542620212965125
2000-05-20,0.11152965140692804,0.11152965140692804,3.6904618438998895,3.6904618438998895
2000-05-21,0.11282650781863648,0.11282650781863648,4.044723865196402,4.044723865196402
2000-05-22,0.14006049246451427,0.14006049246451427,3.9331452758116736,3.9331452758116736
2000-05-23,0.14006049246451427,0.14006049246451427,3.6263041550036705,3.6263041550036705
2000-05-24,0.14135734887622275,0.14135734887622275,3.6263041550036705,3.6263041550036705
2000-05-25,0.14135734887622275,0.14135734887622275,3.5119361008843244,3.5119361008843244
2000-05-26,0.14913848734647353,0.14913848734647353,3.6249094226363616,3.6249094226363616
2000-05-27,0.14654477452305661,0.14654477452305661,3.6514093376152346,3.6514093376152346
2000-05-28,0.14913848734647353,0.14913848734647353,3.6514093376152346,3.6514093376152346
2000-05-29,0.15173220016989047,0.15173220016989047,3.6918565762671993,3.6918565762671993
2000-05-30,0.14913848734647353,0.14913848734647353,3.7183564912460723,3.7183564912460723
2000-05-31,0.15173220016989047,0.15173220016989047,3.828540348263491,3.828540348263491
2000-06-01,0.15173220016989047,0.15173220016989047,3.894092769527019,3.894092769527019
2000-06-02,0.13357621040597195,0.13357621040597195,3.9708030497290205,3.9708030497290205
2000-06-03,0.14913848734647353,0.14913848734647353,3.894092769527019,3.894092769527019
2000-06-04,0.14524791811134816,0.14524791811134816,3.793672039080764,3.793672039080764
2000-06-05,0.14524791811134816,0.14524791811134816,3.83132981299811,3.83132981299811
2000-06-06,0.1582164822284328,0.1582164822284328,3.5788832545151616,3.5788832545151616
2000-06-07,0.15173220016989047,0.15173220016989047,3.3445682168072324,3.3445682168072324
2000-06-08,0.15173220016989047,0.15173220016989047,3.3445682168072324,3.3445682168072324
2000-06-09,0.15173220016989047,0.15173220016989047,3.2162528390147944,3.2162528390147944
2000-06-10,0.15173220016989047,0.15173220016989047,3.177200332730139,3.177200332730139
2000-06-11,0.15173220016989047,0.15173220016989047,3.3543313433783957,3.3543313433783957
2000-06-12,0.14913848734647353,0.14913848734647353,3.5788832545151616,3.5788832545151616
2000-06-13,0.1659976206986836,0.1659976206986836,3.7657773917345816,3.7657773917345816
2000-06-14,0.1647007642869751,0.1647007642869751,3.7657773917345816,3.7657773917345816
2000-06-15,0.16340390787526665,0.16340390787526665,3.7657773917345816,3.7657773917345816
2000-06-16,0.15562276940501585,0.15562276940501585,3.6541988023498533,3.6541988023498533
2000-06-17,0.15562276940501585,0.15562276940501585,3.54959387480167,3.54959387480167
2000-06-18,0.15691962581672436,0.15691962581672436,3.7281196178172356,3.7281196178172356
2000-06-19,0.15562276940501585,0.15562276940501585,3.7197512236133807,3.7197512236133807
2000-06-20,0.15562276940501585,0.15562276940501585,3.8006457009173085,3.8006457009173085
2000-06-21,0.1543259129933074,0.1543259129933074,4.007066091279056,4.007066091279056
2000-06-22,0.16340390787526665,0.16340390787526665,4.044723865196402,4.044723865196402
2000-06-23,0.1647007642869751,0.1647007642869751,4.044723865196402,4.044723865196402
2000-06-24,0.16210705146355817,0.16210705146355817,3.895487501894328,3.895487501894328
2000-06-25,0.16210705146355817,0.16210705146355817,3.9708030497290205,3.9708030497290205
2000-06-26,0.17118504634551746,0.17118504634551746,4.01682921785022,4.01682921785022
2000-06-27,0.17118504634551746,0.17118504634551746,4.11027628645993,4.11027628645993
2000-06-28,0.15951333864014125,0.15951333864014125,4.156302454581131,4.156302454581131
2000-06-29,0.15302905658159893,0.15302905658159893,4.082381639113748,4.082381639113748
2000-06-30,0.16340390787526665,0.16340390787526665,4.193960228498476,4.193960228498476
2000-07-01,0.16340390787526665,0.16340390787526665,4.146539328009967,4.146539328009967
2000-07-02,0.16340390787526665,0.16340390787526665,4.184197101927313,4.184197101927313
2000-07-03,0.16340390787526665,0.16340390787526665,4.166065581152294,4.166065581152294
2000-07-04,0.16340390787526665,0.16340390787526665,4.023802879686765,4.023802879686765
2000-07-05,0.16340390787526665,0.16340390787526665,4.034960738625238,4.034960738625238
2000-07-06,0.16340390787526665,0.16340390787526665,4.034960738625238,4.034960738625238
2000-07-07,0.15951333864014125,0.15951333864014125,3.894092769527019,3.894092769527019
2000-07-08,0.15691962581672436,0.15691962581672436,4.03356600625793,4.03356600625793
2000-07-09,0.16729447711039205,0.16729447711039205,4.117249948296475,4.117249948296475
2000-07-10,0.17248190275722594,0.17248190275722594,4.03356600625793,4.03356600625793
2000-07-11,0.1685913335221005,0.1685913335221005,3.894092769527019,3.894092769527019
2000-07-12,0.16340390787526665,0.16340390787526665,3.894092769527019,3.894092769527019
2000-07-13,0.16340390787526665,0.16340390787526665,3.9708030497290205,3.9708030497290205
2000-07-14,0.1543259129933074,0.1543259129933074,3.942908402382838,3.942908402382838
2000-07-15,0.15951333864014125,0.15951333864014125,3.942908402382838,3.942908402382838
2000-07-16,0.16340390787526665,0.16340390787526665,4.0363554709925475,4.0363554709925475
2000-07-17,0.16081019505184974,0.16081019505184974,4.082381639113748,4.082381639113748
2000-07-18,0.16340390787526665,0.16340390787526665,4.11027628645993,4.11027628645993
2000-07-19,0.1647007642869751,0.1647007642869751,4.184197101927313,4.184197101927313
2000-07-20,0.16081019505184974,0.16081019505184974,4.184197101927313,4.184197101927313
2000-07-21,0.169888189933809,0.169888189933809,4.092144765684911,4.092144765684911
2000-07-22,0.16729447711039205,0.16729447711039205,4.20511808743695,4.20511808743695
2000-07-23,0.16729447711039205,0.16729447711039205,4.202328622702331,4.202328622702331
2000-07-24,0.16729447711039205,0.16729447711039205,4.192565496131167,4.192565496131167
2000-07-25,0.1659976206986836,0.1659976206986836,4.266486311598549,4.266486311598549
2000-07-26,0.16729447711039205,0.16729447711039205,4.304144085515896,4.304144085515896
2000-07-27,0.16729447711039205,0.16729447711039205,4.122828877765713,4.122828877765713
2000-07-28,0.16340390787526665,0.16340390787526665,4.021013414952148,4.021013414952148
2000-07-29,0.1659976206986836,0.1659976206986836,3.8843296429558554,3.8843296429558554
2000-07-30,0.1647007642869751,0.1647007642869751,3.8341192777327278,3.8341192777327278
2000-07-31,0.1647007642869751,0.1647007642869751,4.0112502883809835,4.0112502883809835
2000-08-01,0.16729447711039205,0.16729447711039205,4.057276456502184,4.057276456502184
2000-08-02,0.15302905658159893,0.15302905658159893,3.940118937648219,3.940118937648219
2000-08-03,0.1543259129933074,0.1543259129933074,3.8815401782212375,3.8815401782212375
2000-08-04,0.15562276940501585,0.15562276940501585,3.6290936197382893,3.6290936197382893
2000-08-05,0.15302905658159893,0.15302905658159893,3.5551728042709065,3.5551728042709065
2000-08-06,0.1543259129933074,0.1543259129933074,3.4156995675399964,3.4156995675399964
2000-08-07,0.16081019505184974,0.16081019505184974,3.4156995675399964,3.4156995675399964
2000-08-08,0.1543259129933074,0.1543259129933074,3.4059364409688326,3.4059364409688326
2000-08-09,0.14654477452305661,0.14654477452305661,3.312489372359122,3.312489372359122
2000-08-10,0.14654477452305661,0.14654477452305661,3.276226330809086,3.276226330809086
2000-08-11,0.14654477452305661,0.14654477452305661,3.20788444481094,3.20788444481094
2000-08-12,0.1543259129933074,0.1543259129933074,3.184173994566685,3.184173994566685
2000-08-13,0.14524791811134816,0.14524791811134816,3.2859894573802495,3.2859894573802495
2000-08-14,0.15302905658159893,0.15302905658159893,3.304120978155268,3.304120978155268
2000-08-15,0.14524791811134816,0.14524791811134816,3.304120978155268,3.304120978155268
2000-08-16,0.14524791811134816,0.14524791811134816,3.2957525839514132,3.2957525839514132
2000-08-17,0.14006049246451427,0.14006049246451427,3.426857426478469,3.426857426478469
2000-08-18,0.13487306681768044,0.13487306681768044,3.2999367810533404,3.2999367810533404
2000-08-19,0.12190450270059575,0.12190450270059575,3.1995160506070857,3.1995160506070857
2000-08-20,0.12320135911230422,0.12320135911230422,3.1660424737916664,3.1660424737916664
2000-08-21,0.1089359385835111,0.1089359385835111,3.1214110380377758,3.1214110380377758
2000-08-22,0.1089359385835111,0.1089359385835111,3.12977943224163,3.12977943224163
2000-08-23,0.10504536934838571,0.10504536934838571,3.12977943224163,3.12977943224163
2000-08-24,0.10504536934838571,0.10504536934838571,3.026569237060756,3.026569237060756
2000-08-25,0.11931078987717883,0.11931078987717883,2.909411718206792,2.909411718206792
2000-08-26,0.11801393346547037,0.11801393346547037,2.7378596370277717,2.7378596370277717
2000-08-27,0.12968564117084655,0.12968564117084655,2.675096680498862,2.675096680498862
2000-08-28,0.12190450270059575,0.12190450270059575,2.537018176135261,2.537018176135261
2000-08-29,0.1089359385835111,0.1089359385835111,2.5425971056044974,2.5425971056044974
2000-08-30,0.10374851293667725,0.10374851293667725,2.6053600621334065,2.6053600621334065
2000-08-31,0.10245165652496876,0.10245165652496876,2.668123018662316,2.668123018662316
2000-09-01,0.10245165652496876,0.10245165652496876,2.5774654147872247,2.5774654147872247
2000-09-02,0.10374851293667725,0.10374851293667725,2.6792808776007893,2.6792808776007893
2000-09-03,0.10374851293667725,0.10374851293667725,2.55375496454297,2.55375496454297
2000-09-04,0.10374851293667725,0.10374851293667725,2.534228711400642,2.534228711400642
2000-09-05,0.10374851293667725,0.10374851293667725,2.389176545200496,2.389176545200496
2000-09-06,0.10374851293667725,0.10374851293667725,2.389176545200496,2.389176545200496
2000-09-07,0.11801393346547037,0.11801393346547037,2.3194399268350407,2.3194399268350407
2000-09-08,0.11801393346547037,0.11801393346547037,2.3598871654870046,2.3598871654870046
2000-09-09,0.1167170770537619,0.1167170770537619,2.2678348292446033,2.2678348292446033
2000-09-10,0.11542022064205343,0.11542022064205343,2.2748084910811492,2.2748084910811492
2000-09-11,0.1167170770537619,0.1167170770537619,2.122782663044457,2.122782663044457
2000-09-12,0.1089359385835111,0.1089359385835111,2.122782663044457,2.122782663044457
2000-09-13,0.08818623599617564,0.08818623599617564,2.122782663044457,2.122782663044457
2000-09-14,0.08818623599617564,0.08818623599617564,2.1353352543502386,2.1353352543502386
2000-09-15,0.07392081546738254,0.07392081546738254,1.9177570050500183,1.9177570050500183
2000-09-16,0.07392081546738254,0.07392081546738254,1.6918103615459434,1.6918103615459434
2000-09-17,0.07392081546738254,0.07392081546738254,1.5091004214284507,1.5091004214284507
2000-09-18,0.07392081546738254,0.07392081546738254,1.5593107866515787,1.5593107866515787
2000-09-19,0.07392081546738254,0.07392081546738254,1.7071524175863435,1.7071524175863435
2000-09-20,0.07392081546738254,0.07392081546738254,1.808967880399908,1.808967880399908
2000-09-21,0.0907799488195926,0.0907799488195926,1.72807340309598,1.72807340309598
2000-09-22,0.09467051805471799,0.09467051805471799,1.72807340309598,1.72807340309598
2000-09-23,0.10115480011326032,0.10115480011326032,1.8117573451345266,1.8117573451345266
2000-09-24,0.08818623599617564,0.08818623599617564,1.9833094263135462,1.9833094263135462
2000-09-25,0.08170195393763333,0.08170195393763333,2.051651312311692,2.051651312311692
2000-09-26,0.08170195393763333,0.08170195393763333,2.0112040736597283,2.0112040736597283
2000-09-27,0.07392081546738254,0.07392081546738254,1.9372832581923458,1.9372832581923458
2000-09-28,0.06743653340884022,0.06743653340884022,2.6485967655199887,2.6485967655199887
2000-09-29,0.06873338982054866,0.06873338982054866,1.9303095963558001,1.9303095963558001
2000-09-30,0.07003024623225713,0.07003024623225713,0.6359979594929516,0.6359979594929516
2000-10-01,0.042796261586379364,0.042796261586379364,1.9303095963558001,1.9303095963558001
2000-10-02,0.042796261586379364,0.042796261586379364,0.6053138474121512,0.6053138474121512
2000-10-03,0.042796261586379364,0.042796261586379364,0.5718402705967327,0.5718402705967327
2000-10-04,0.042796261586379364,0.042796261586379364,0.5704455382294236,0.5704455382294236
2000-10-05,0.042796261586379364,0.042796261586379364,0.5676560734948055,0.5676560734948055
2000-10-06,0.042796261586379364,0.042796261586379364,0.6471558184314243,0.6471558184314243
2000-10-07,0.0414994051746709,0.0414994051746709,0.6471558184314243,0.6471558184314243
2000-10-08,0.05576482570346402,0.05576482570346402,0.6471558184314243,0.6471558184314243
2000-10-09,0.05706168211517248,0.05706168211517248,0.6471558184314243,0.6471558184314243
2000-10-10,0.04668683082150476,0.04668683082150476,0.6443663536968062,0.6443663536968062
2000-10-11,0.0453899744097963,0.0453899744097963,0.6443663536968062,0.6443663536968062
2000-10-12,0.0453899744097963,0.0453899744097963,0.5648666087601872,0.5648666087601872
2000-10-13,0.0453899744097963,0.0453899744097963,0.5369719614140052,0.5369719614140052
2000-10-14,0.0453899744097963,0.0453899744097963,0.5369719614140052,0.5369719614140052
2000-10-15,0.03631197952783704,0.03631197952783704,0.5411561585159324,0.5411561585159324
2000-10-16,0.042796261586379364,0.042796261586379364,0.5369719614140052,0.5369719614140052
2000-10-17,0.04409311799808782,0.04409311799808782,0.5369719614140052,0.5369719614140052
2000-10-18,0.042796261586379364,0.042796261586379364,0.5369719614140052,0.5369719614140052
2000-10-19,0.042796261586379364,0.042796261586379364,0.5369719614140052,0.5369719614140052
2000-10-20,0.042796261586379364,0.042796261586379364,0.49234052566011377,0.49234052566011377
2000-10-21,0.042796261586379364,0.042796261586379364,0.49234052566011377,0.49234052566011377
2000-10-22,0.042796261586379364,0.042796261586379364,0.46026168121200445,0.46026168121200445
2000-10-23,0.042796261586379364,0.042796261586379364,0.4560774841100771,0.4560774841100771
2000-10-24,0.04928054364492169,0.04928054364492169,0.4644458783139317,0.4644458783139317
2000-10-25,0.04928054364492169,0.04928054364492169,0.4560774841100771,0.4560774841100771
2000-10-26,0.03371826670442011,0.03371826670442011,0.25523602321756605,0.25523602321756605
2000-10-27,0.03242141029271164,0.03242141029271164,0.3291568386849486,0.3291568386849486
2000-10-28,0.03371826670442011,0.03371826670442011,0.3291568386849486,0.3291568386849486
2000-10-29,0.03371826670442011,0.03371826670442011,0.3249726415830213,0.3249726415830213
2000-10-30,0.03371826670442011,0.03371826670442011,0.08368394203854625,0.08368394203854625
2000-10-31,0.012968564117084656,0.012968564117084656,0.08089447730392804,0.08089447730392804
2000-11-01,0.012968564117084656,0.012968564117084656,0.08089447730392804,0.08089447730392804
2000-11-02,0.012968564117084656,0.012968564117084656,0.08089447730392804,0.08089447730392804
2000-11-03,0.012968564117084656,0.012968564117084656,0.07252608310007341,0.07252608310007341
2000-11-04,0.012968564117084656,0.012968564117084656,0.05578929469236416,0.05578929469236416
2000-11-05,0.012968564117084656,0.012968564117084656,0.04463143575389134,0.04463143575389134
2000-11-06,0.010374851293667725,0.010374851293667725,0.061368224161600586,0.061368224161600586
2000-11-07,0.00907799488195926,0.00907799488195926,0.061368224161600586,0.061368224161600586
2000-11-08,0.00907799488195926,0.00907799488195926,0.061368224161600586,0.061368224161600586
2000-11-09,0.00907799488195926,0.00907799488195926,0.061368224161600586,0.061368224161600586
2000-11-10,0.00907799488195926,0.00907799488195926,0.061368224161600586,0.061368224161600586
2000-11-11,0.00907799488195926,0.00907799488195926,0.061368224161600586,0.061368224161600586
2000-11-12,0.012968564117084656,0.012968564117084656,0.061368224161600586,0.061368224161600586
2000-11-13,0.01815598976391852,0.01815598976391852,0.06973661836545522,0.06973661836545522
2000-11-14,0.01815598976391852,0.01815598976391852,0.06973661836545522,0.06973661836545522
2000-11-15,0.01815598976391852,0.01815598976391852,0.06973661836545522,0.06973661836545522
2000-11-16,0.01815598976391852,0.01815598976391852,0.06973661836545522,0.06973661836545522
2000-11-17,0.01815598976391852,0.01815598976391852,0.06973661836545522,0.06973661836545522
2000-11-18,0.01815598976391852,0.01815598976391852,0.06973661836545522,0.06973661836545522
2000-11-19,0.01815598976391852,0.01815598976391852,0.06973661836545522,0.06973661836545522
2000-11-20,0.01815598976391852,0.01815598976391852,0.061368224161600586,0.061368224161600586
2000-11-21,0.01815598976391852,0.01815598976391852,0.061368224161600586,0.061368224161600586
2000-11-22,0.01815598976391852,0.01815598976391852,0.061368224161600586,0.061368224161600586
2000-11-23,0.01815598976391852,0.01815598976391852,0.061368224161600586,0.061368224161600586
2000-11-24,0.01815598976391852,0.01815598976391852,0.061368224161600586,0.061368224161600586
2000-11-25,0.01815598976391852,0.01815598976391852,0.061368224161600586,0.061368224161600586
2000-11-26,0.01815598976391852,0.01815598976391852,0.061368224161600586,0.061368224161600586
2000-11-27,0.01815598976391852,0.01815598976391852,0.061368224161600586,0.061368224161600586
2000-11-28,0.01815598976391852,0.01815598976391852,0.061368224161600586,0.061368224161600586
2000-11-29,0.01815598976391852,0.01815598976391852,0.061368224161600586,0.061368224161600586
2000-11-30,0.01815598976391852,0.01815598976391852,0.061368224161600586,0.061368224161600586
2000-12-01,0.01815598976391852,0.01815598976391852,0.061368224161600586,0.061368224161600586
2000-12-02,0.01815598976391852,0.01815598976391852,0.05857875942698238,0.05857875942698238
2000-12-03,0.01815598976391852,0.01815598976391852,0.05857875942698238,0.05857875942698238
2000-12-04,0.015562276940501586,0.015562276940501586,0.061368224161600586,0.061368224161600586
2000-12-05,0.015562276940501586,0.015562276940501586,0.061368224161600586,0.061368224161600586
2000-12-06,0.01815598976391852,0.01815598976391852,0.061368224161600586,0.061368224161600586
2000-12-07,0.01815598976391852,0.01815598976391852,0.061368224161600586,0.061368224161600586
2000-12-08,0.01815598976391852,0.01815598976391852,0.061368224161600586,0.061368224161600586
2000-12-09,0.01815598976391852,0.01815598976391852,0.061368224161600586,0.061368224161600586
2000-12-10,0.01815598976391852,0.01815598976391852,0.061368224161600586,0.061368224161600586
2000-12-11,0.01426542052879312,0.01426542052879312,0.061368224161600586,0.061368224161600586
2000-12-12,0.01167170770537619,0.01167170770537619,0.06973661836545522,0.06973661836545522
2000-12-13,0.010374851293667725,0.010374851293667725,0.06973661836545522,0.06973661836545522
2000-12-14,0.00907799488195926,0.00907799488195926,0.05857875942698238,0.05857875942698238
2000-12-15,0.00907799488195926,0.00907799488195926,0.05857875942698238,0.05857875942698238
2000-12-16,0.00907799488195926,0.00907799488195926,0.061368224161600586,0.061368224161600586
2000-12-17,0.00907799488195926,0.00907799488195926,0.061368224161600586,0.061368224161600586
2000-12-18,0.007781138470250793,0.007781138470250793,0.05857875942698238,0.05857875942698238
2000-12-19,0.00907799488195926,0.00907799488195926,0.061368224161600586,0.061368224161600586
2000-12-20,0.00907799488195926,0.00907799488195926,0.061368224161600586,0.061368224161600586
2000-12-21,0.00907799488195926,0.00907799488195926,0.05857875942698238,0.05857875942698238
2000-12-22,0.007781138470250793,0.007781138470250793,0.05857875942698238,0.05857875942698238
2000-12-23,0.006484282058542328,0.006484282058542328,0.05299982995774596,0.05299982995774596
2000-12-24,0.006484282058542328,0.006484282058542328,0.05299982995774596,0.05299982995774596
2000-12-25,0.006484282058542328,0.006484282058542328,0.05299982995774596,0.05299982995774596
2000-12-26,0.006484282058542328,0.006484282058542328,0.05299982995774596,0.05299982995774596
2000-12-27,0.007781138470250793,0.007781138470250793,0.05299982995774596,0.05299982995774596
2000-12-28,0.007781138470250793,0.007781138470250793,0.04742090048850955,0.04742090048850955
2000-12-29,0.007781138470250793,0.007781138470250793,0.04742090048850955,0.04742090048850955
2000-12-30,0.007781138470250793,0.007781138470250793,0.05299982995774596,0.05299982995774596
2000-12-31,0.007781138470250793,0.007781138470250793,0.05299982995774596,0.05299982995774596
2001-01-01,0.007781138470250793,0.007781138470250793,0.04742090048850955,0.04742090048850955
2001-01-02,0.007781138470250793,0.007781138470250793,0.04742090048850955,0.04742090048850955
2001-01-03,0.007781138470250793,0.007781138470250793,0.04742090048850955,0.04742090048850955
2001-01-04,0.007781138470250793,0.007781138470250793,0.05299982995774596,0.05299982995774596
2001-01-05,0.007781138470250793,0.007781138470250793,0.05299982995774596,0.05299982995774596
2001-01-06,0.007781138470250793,0.007781138470250793,0.05299982995774596,0.05299982995774596
2001-01-07,0.007781138470250793,0.007781138470250793,0.05299982995774596,0.05299982995774596
2001-01-08,0.007781138470250793,0.007781138470250793,0.05299982995774596,0.05299982995774596
2001-01-09,0.007781138470250793,0.007781138470250793,0.05299982995774596,0.05299982995774596
2001-01-10,0.007781138470250793,0.007781138470250793,0.05299982995774596,0.05299982995774596
2001-01-11,0.007781138470250793,0.007781138470250793,0.05299982995774596,0.05299982995774596
2001-01-12,0.007781138470250793,0.007781138470250793,0.05578929469236416,0.05578929469236416
2001-01-13,0.007781138470250793,0.007781138470250793,0.05578929469236416,0.05578929469236416
2001-01-14,0.007781138470250793,0.007781138470250793,0.05578929469236416,0.05578929469236416
2001-01-15,0.007781138470250793,0.007781138470250793,0.05578929469236416,0.05578929469236416
2001-01-16,0.007781138470250793,0.007781138470250793,0.05578929469236416,0.05578929469236416
2001-01-17,0.007781138470250793,0.007781138470250793,0.05578929469236416,0.05578929469236416
2001-01-18,0.007781138470250793,0.007781138470250793,0.05578929469236416,0.05578929469236416
2001-01-19,0.007781138470250793,0.007781138470250793,0.05578929469236416,0.05578929469236416
2001-01-20,0.007781138470250793,0.007781138470250793,0.05578929469236416,0.05578929469236416
2001-01-21,0.007781138470250793,0.007781138470250793,0.061368224161600586,0.061368224161600586
2001-01-22,0.007781138470250793,0.007781138470250793,0.05578929469236416,0.05578929469236416
2001-01-23,0.007781138470250793,0.007781138470250793,0.05578929469236416,0.05578929469236416
2001-01-24,0.007781138470250793,0.007781138470250793,0.05578929469236416,0.05578929469236416
2001-01-25,0.007781138470250793,0.007781138470250793,0.05299982995774596,0.05299982995774596
2001-01-26,0.007781138470250793,0.007781138470250793,0.05578929469236416,0.05578929469236416
2001-01-27,0.007781138470250793,0.007781138470250793,0.05578929469236416,0.05578929469236416
2001-01-28,0.007781138470250793,0.007781138470250793,0.05299982995774596,0.05299982995774596
2001-01-29,0.007781138470250793,0.007781138470250793,0.05578929469236416,0.05578929469236416
2001-01-30,0.007781138470250793,0.007781138470250793,0.05578929469236416,0.05578929469236416
2001-01-31,0.007781138470250793,0.007781138470250793,0.05578929469236416,0.05578929469236416
2001-02-01,0.007781138470250793,0.007781138470250793,0.05578929469236416,0.05578929469236416
2001-02-02,0.010374851293667725,0.010374851293667725,0.05578929469236416,0.05578929469236416
2001-02-03,0.010374851293667725,0.010374851293667725,0.061368224161600586,0.061368224161600586
2001-02-04,0.010374851293667725,0.010374851293667725,0.061368224161600586,0.061368224161600586
2001-02-05,0.010374851293667725,0.010374851293667725,0.05578929469236416,0.05578929469236416
2001-02-06,0.010374851293667725,0.010374851293667725,0.05578929469236416,0.05578929469236416
2001-02-07,0.010374851293667725,0.010374851293667725,0.05578929469236416,0.05578929469236416
2001-02-08,0.007781138470250793,0.007781138470250793,0.05578929469236416,0.05578929469236416
2001-02-09,0.007781138470250793,0.007781138470250793,0.05578929469236416,0.05578929469236416
2001-02-10,0.007781138470250793,0.007781138470250793,0.05578929469236416,0.05578929469236416
2001-02-11,0.010374851293667725,0.010374851293667725,0.05578929469236416,0.05578929469236416
2001-02-12,0.010374851293667725,0.010374851293667725,0.05578929469236416,0.05578929469236416
2001-02-13,0.007781138470250793,0.007781138470250793,0.05578929469236416,0.05578929469236416
2001-02-14,0.007781138470250793,0.007781138470250793,0.05578929469236416,0.05578929469236416
2001-02-15,0.007781138470250793,0.007781138470250793,0.05578929469236416,0.05578929469236416
2001-02-16,0.007781138470250793,0.007781138470250793,0.05578929469236416,0.05578929469236416
2001-02-17,0.0,0.0,0.05578929469236416,0.05578929469236416
2001-02-18,0.0,0.0,0.05578929469236416,0.05578929469236416
2001-02-19,0.0,0.0,0.05578929469236416,0.05578929469236416
2001-02-20,0.0,0.0,0.061368224161600586,0.061368224161600586
2001-02-21,0.0,0.0,0.05578929469236416,0.05578929469236416
2001-02-22,0.0,0.0,0.061368224161600586,0.061368224161600586
2001-02-23,0.0,0.0,0.05578929469236416,0.05578929469236416
2001-02-24,0.0,0.0,0.05578929469236416,0.05578929469236416
2001-02-25,0.0,0.0,0.05578929469236416,0.05578929469236416
2001-02-26,0.0,0.0,0.061368224161600586,0.061368224161600586
2001-02-27,0.0,0.0,0.061368224161600586,0.061368224161600586
2001-02-28,0.0,0.0,0.061368224161600586,0.061368224161600586
2001-03-01,0.0,0.0,0.061368224161600586,0.061368224161600586
2001-03-02,0.0,0.0,0.061368224161600586,0.061368224161600586
2001-03-03,0.0,0.0,0.061368224161600586,0.061368224161600586
2001-03-04,0.0,0.0,0.061368224161600586,0.061368224161600586
2001-03-05,0.0,0.0,0.061368224161600586,0.061368224161600586
2001-03-06,0.0,0.0,0.061368224161600586,0.061368224161600586
2001-03-07,0.0038905692351253966,0.0038905692351253966,0.6499452831660426,0.6499452831660426
2001-03-08,0.005187425646833862,0.005187425646833862,0.6527347479006609,0.6527347479006609
2001-03-09,0.005187425646833862,0.005187425646833862,0.6527347479006609,0.6527347479006609
2001-03-10,0.01426542052879312,0.01426542052879312,0.6527347479006609,0.6527347479006609
2001-03-11,0.012968564117084656,0.012968564117084656,0.655524212635279,0.655524212635279
2001-03-12,0.012968564117084656,0.012968564117084656,0.6611031421045154,0.6611031421045154
2001-03-13,0.012968564117084656,0.012968564117084656,0.5258141024755323,0.5258141024755323
2001-03-14,0.01426542052879312,0.01426542052879312,0.454682751742768,0.454682751742768
2001-03-15,0.005187425646833862,0.005187425646833862,0.454682751742768,0.454682751742768
2001-03-16,0.006484282058542328,0.006484282058542328,0.454682751742768,0.454682751742768
2001-03-17,0.006484282058542328,0.006484282058542328,0.454682751742768,0.454682751742768
2001-03-18,0.012968564117084656,0.012968564117084656,0.454682751742768,0.454682751742768
2001-03-19,0.012968564117084656,0.012968564117084656,0.6053138474121512,0.6053138474121512
2001-03-20,0.012968564117084656,0.012968564117084656,1.3054694958013218,1.3054694958013218
2001-03-21,0.012968564117084656,0.012968564117084656,1.3863639731052495,1.3863639731052495
2001-03-22,0.012968564117084656,0.012968564117084656,1.4379690706956867,1.4379690706956867
2001-03-23,0.012968564117084656,0.012968564117084656,1.6276526726497247,1.6276526726497247
2001-03-24,0.04668683082150476,0.04668683082150476,1.6890208968113254,1.6890208968113254
2001-03-25,0.06484282058542327,0.06484282058542327,1.7559680504421622,1.7559680504421622
2001-03-26,0.062249107762006345,0.062249107762006345,1.7559680504421622,1.7559680504421622
2001-03-27,0.06354596417371482,0.06354596417371482,1.7559680504421622,1.7559680504421622
2001-03-28,0.06873338982054866,0.06873338982054866,1.7559680504421622,1.7559680504421622
2001-03-29,0.07003024623225713,0.07003024623225713,1.7559680504421622,1.7559680504421622
2001-03-30,0.07651452829079947,0.07651452829079947,1.6151000813439425,1.6151000813439425
2001-03-31,0.08170195393763333,0.08170195393763333,1.6234684755477973,1.6234684755477973
2001-04-01,0.04853948282711522,0.04853948282711522,1.260041070083404,1.260041070083404
2001-04-02,0.053726908473949085,0.053726908473949085,1.3875594579118158,1.3875594579118158
2001-04-03,0.06113751654826521,0.06113751654826521,1.484792228780913,1.484792228780913
2001-04-04,0.06484282058542327,0.06484282058542327,1.6322353645941918,1.6322353645941918
2001-04-05,0.07521767187909101,0.07521767187909101,1.722693721187487,1.722693721187487
2001-04-06,0.07744085430657327,0.07744085430657327,1.7079494075503696,1.7079494075503696
2001-04-07,0.08003456712999019,0.08003456712999019,1.7936258243595082,1.7936258243595082
2001-04-08,0.07707032388470147,0.07707032388470147,1.8836856858313167,1.8836856858313167
2001-04-09,0.07003024623225713,0.07003024623225713,1.7390320144737097,1.7390320144737097
2001-04-10,0.08262827995340713,0.08262827995340713,1.7350470649325256,1.7350470649325256
2001-04-11,0.07114183744599828,0.07114183744599828,1.6402052639555067,1.6402052639555067
2001-04-12,0.07484714148315633,0.07484714148315633,1.5541303520248821,1.5541303520248821
2001-04-13,0.06780706380477489,0.06780706380477489,1.6513631228939796,1.6513631228939796
2001-04-14,0.07299448945160873,0.07299448945160873,1.7884453897328116,1.7884453897328116
2001-04-15,0.08818623599617564,0.08818623599617564,2.0275423672248976,2.0275423672248976
2001-04-16,0.09596737446642645,0.09596737446642645,2.178173462894281,2.178173462894281
2001-04-17,0.10004320889951919,0.10004320889951919,2.3236241239369675,2.3236241239369675
2001-04-18,0.10004320889951919,0.10004320889951919,2.4619018758613125,2.4619018758613125
2001-04-19,0.10597169536415953,0.10597169536415953,2.3475338217419655,2.3475338217419655
2001-04-20,0.10374851293667725,0.10374851293667725,2.2240003834547384,2.2240003834547384
2001-04-21,0.09559684407049181,0.09559684407049181,2.289752052279009,2.289752052279009
2001-04-22,0.09300313124707485,0.09300313124707485,2.4308192686590253,2.4308192686590253
2001-04-23,0.09744949607610225,0.09744949607610225,2.4738567247638112,2.4738567247638112
2001-04-24,0.10560116494228772,0.10560116494228772,2.4937814727486787,2.4937814727486787
2001-04-25,0.10819487776570463,0.10819487776570463,2.6308637395875105,2.6308637395875105
2001-04-26,0.11227071222473452,0.11227071222473452,2.6073525369039987,2.6073525369039987
2001-04-27,0.11264124262066916,0.11264124262066916,2.69900637830386,2.69900637830386
2001-04-28,0.11264124262066916,0.11264124262066916,2.342353387115269,2.342353387115269
2001-04-29,0.11301177301660384,0.11301177301660384,2.9225620527526956,2.9225620527526956
2001-04-30,0.11412336423034496,0.11412336423034496,3.0150128835586902,3.0150128835586902
2001-05-01,0.1167170770537619,0.1167170770537619,3.0070429839184283,3.0070429839184283
2001-05-02,0.10367070155197473,0.10367070155197473,3.08714047209517,3.08714047209517
2001-05-03,0.1274624587433643,0.1274624587433643,3.1349598671472734,3.1349598671472734
2001-05-04,0.12598033713368853,0.12598033713368853,3.1489071908203643,3.1489071908203643
2001-05-05,0.12523927634181917,0.12523927634181917,3.194335615701442,3.194335615701442
2001-05-06,0.12486874591994737,0.12486874591994737,3.3864101878265047,3.3864101878265047
2001-05-07,0.12709192834742963,0.12709192834742963,3.4449889472534876,3.4449889472534876
2001-05-08,0.12635086752962316,0.12635086752962316,3.5286728892920336,3.5286728892920336
2001-05-09,0.12635086752962316,0.12635086752962316,3.615943285192386,3.615943285192386
2001-05-10,0.1289445803530401,0.1289445803530401,3.676116025663205,3.676116025663205
2001-05-11,0.13116776278052233,0.13116776278052233,3.70241669196555,3.70241669196555
2001-05-12,0.13709624924516267,0.13709624924516267,3.7458526440286604,3.7458526440286604
2001-05-13,0.13968996206857962,0.13968996206857962,3.8056268871464236,3.8056268871464236
2001-05-14,0.14191314447012474,0.14191314447012474,3.86540113305365,3.86540113305365
2001-05-15,0.14524791811134816,0.14524791811134816,3.757408997530727,3.757408997530727
2001-05-16,0.14673003972102394,0.14673003972102394,3.8020404332846183,3.8020404332846183
2001-05-17,0.14561844850728278,0.14561844850728278,3.8247546457251573,3.8247546457251573
2001-05-18,0.14376579650167234,0.14376579650167234,3.7972584929425683,3.7972584929425683
2001-05-19,0.14710057011695862,0.14710057011695862,3.8418899286964603,3.8418899286964603
2001-05-20,0.14747110053883042,0.14747110053883042,3.802837422411805,3.802837422411805
2001-05-21,0.14821216133069975,0.14821216133069975,3.8359789218189615,3.8359789218189615
2001-05-22,0.15043534375818202,0.15043534375818202,3.774610697657361,3.774610697657361
2001-05-23,0.15043534375818202,0.15043534375818202,3.755084444515033,3.755084444515033
2001-05-24,0.14969428294037554,0.14969428294037554,3.7466496331558474,3.7466496331558474
2001-05-25,0.1537701173994054,0.1537701173994054,3.7665743808617687,3.7665743808617687
2001-05-26,0.1537701173994054,0.1537701173994054,3.794867522771543,3.794867522771543
2001-05-27,0.1537701173994054,0.1537701173994054,3.7621909378727763,3.7621909378727763
2001-05-28,0.15525223900908122,0.15525223900908122,3.836709493790817,3.836709493790817
2001-05-29,0.15636383022282235,0.15636383022282235,3.8331230399290117,3.8331230399290117
2001-05-30,0.16340390787526665,0.16340390787526665,3.787694615047934,3.787694615047934
2001-05-31,0.16451549908900778,0.16451549908900778,3.7984539794228134,3.7984539794228134
2001-06-01,0.16822080312616586,0.16822080312616586,3.8745665163846916,3.8745665163846916
2001-06-02,0.16673868151649007,0.16673868151649007,3.934739256855512,3.934739256855512
2001-06-03,0.1685913335221005,0.1685913335221005,3.9443031347501463,3.9443031347501463
2001-06-04,0.1489532221485062,0.1489532221485062,4.022408147319457,4.022408147319457
2001-06-05,0.16488602948494246,0.16488602948494246,4.05946817799668,4.05946817799668
2001-06-06,0.17414928956486905,0.17414928956486905,3.9658218634999054,3.9658218634999054
2001-06-07,0.17489035038267553,0.17489035038267553,3.974987246830947,3.974987246830947
2001-06-08,0.17414928956486905,0.17414928956486905,3.9203934358293635,3.9203934358293635
2001-06-09,0.17340822877299972,0.17340822877299972,3.902461163730874,3.902461163730874
2001-06-10,0.17377875916893437,0.17377875916893437,3.973393265787109,3.973393265787109
2001-06-11,0.17007345513177632,0.17007345513177632,4.078994431139008,4.078994431139008
2001-06-12,0.1763724719923513,0.1763724719923513,4.192963990694761,4.192963990694761
2001-06-13,0.17377875916893437,0.17377875916893437,4.232016496979416,4.232016496979416
2001-06-14,0.17414928956486905,0.17414928956486905,4.246362315216101,4.246362315216101
2001-06-15,0.17785459360202713,0.17785459360202713,4.271467497827664,4.271467497827664
2001-06-16,0.18081883682137867,0.18081883682137867,4.304542580079489,4.304542580079489
2001-06-17,0.17785459360202713,0.17785459360202713,4.261505125369436,4.261505125369436
2001-06-18,0.17489035038267553,0.17489035038267553,4.364316825986716,4.364316825986716
2001-06-19,0.17340822877299972,0.17340822877299972,4.376271674052376,4.376271674052376
2001-06-20,0.17711353281015776,0.17711353281015776,4.292986226577423,4.292986226577423
2001-06-21,0.18044830642544402,0.18044830642544402,4.244369842398133,4.244369842398133
2001-06-22,0.18007777602950936,0.18007777602950936,4.197347436473217,4.197347436473217
2001-06-23,0.17563141117454487,0.17563141117454487,4.213685730317334,4.213685730317334
2001-06-24,0.1811893672432505,0.1811893672432505,4.245565326088914,4.245565326088914
2001-06-25,0.18081883682137867,0.18081883682137867,4.268279538529453,4.268279538529453
2001-06-26,0.18044830642544402,0.18044830642544402,4.25114425555815,4.25114425555815
2001-06-27,0.1811893672432505,0.1811893672432505,4.222851113648375,4.222851113648375
2001-06-28,0.18526520167634325,0.18526520167634325,4.3196853902328245,4.3196853902328245
2001-06-29,0.1845241408585368,0.1845241408585368,4.3491740158333805,4.3491740158333805
2001-06-30,0.18600626246821259,0.18600626246821259,4.514150929739448,4.514150929739448
2001-07-01,0.1878589144997602,0.1878589144997602,4.536865142179987,4.536865142179987
2001-07-02,0.1834125496447956,0.1834125496447956,4.420504615242674,4.420504615242674
2001-07-03,0.1841536104626021,0.1841536104626021,4.4440158168104,4.4440158168104
2001-07-04,0.18044830642544402,0.18044830642544402,4.455572170312466,4.455572170312466
2001-07-05,0.18193042803511986,0.18193042803511986,4.562767316708203,4.562767316708203
2001-07-06,0.18674732328601903,0.18674732328601903,4.60978972263312,4.60978972263312
2001-07-07,0.18711785368195374,0.18711785368195374,4.5683462461774385,4.5683462461774385
2001-07-08,0.18600626246821259,0.18600626246821259,4.488248758000697,4.488248758000697
2001-07-09,0.1841536104626021,0.1841536104626021,4.487451768873511,4.487451768873511
2001-07-10,0.18526520167634325,0.18526520167634325,4.410143745431387,4.410143745431387
2001-07-11,0.18600626246821259,0.18600626246821259,4.400579867536753,4.400579867536753
2001-07-12,0.18526520167634325,0.18526520167634325,4.419309128762429,4.419309128762429
2001-07-13,0.18378308006666744,0.18378308006666744,4.52092534568893,4.52092534568893
2001-07-14,0.18193042803511986,0.18193042803511986,4.51016598131405,4.51016598131405
2001-07-15,0.17896618481576823,0.17896618481576823,4.530489223583564,4.530489223583564
2001-07-16,0.17748406320609247,0.17748406320609247,4.59544390160697,4.59544390160697
2001-07-17,0.17711353281015776,0.17711353281015776,4.596240893523621,4.596240893523621
2001-07-18,0.17822512399796178,0.17822512399796178,4.584684540021556,4.584684540021556
2001-07-19,0.1811893672432505,0.1811893672432505,4.481474344840681,4.481474344840681
2001-07-20,0.17859565441983352,0.17859565441983352,4.431263979617554,4.431263979617554
2001-07-21,0.18081883682137867,0.18081883682137867,4.363519834070065,4.363519834070065
2001-07-22,0.17896618481576823,0.17896618481576823,4.291392245533585,4.291392245533585
2001-07-23,0.1834125496447956,0.1834125496447956,4.365047397958572,4.365047397958572
2001-07-24,0.1815598976391852,0.1815598976391852,4.3021516099084645,4.3021516099084645
2001-07-25,0.1848946712804086,0.1848946712804086,4.288602780798966,4.288602780798966
2001-07-26,0.1848946712804086,0.1848946712804086,4.420106120679081,4.420106120679081
2001-07-27,0.1845241408585368,0.1845241408585368,4.43206096874474,4.43206096874474
2001-07-28,0.18267148885292633,0.18267148885292633,4.400978362100346,4.400978362100346
2001-07-29,0.18081883682137867,0.18081883682137867,4.397790402802135,4.397790402802135
2001-07-30,0.17711353281015776,0.17711353281015776,4.310918498675913,4.310918498675913
2001-07-31,0.17748406320609247,0.17748406320609247,4.248354790823531,4.248354790823531
2001-08-01,0.16970292473584167,0.16970292473584167,4.149926535984707,4.149926535984707
2001-08-02,0.17118504634551746,0.17118504634551746,4.0957312195467175,4.0957312195467175
2001-08-03,0.16933239433990702,0.16933239433990702,4.095332724983123,4.095332724983123
2001-08-04,0.16785027270429403,0.16785027270429403,4.083776371481057,4.083776371481057
2001-08-05,0.16488602948494246,0.16488602948494246,4.112866502518019,4.112866502518019
2001-08-06,0.16562709030274894,0.16562709030274894,4.115257472689045,4.115257472689045
2001-08-07,0.15747542141062632,0.15747542141062632,4.050701289229233,4.050701289229233
2001-08-08,0.15858701262436747,0.15858701262436747,3.9984984483986725,3.9984984483986725
2001-08-09,0.15858701262436747,0.15858701262436747,3.7996494631135933,3.7996494631135933
2001-08-10,0.1519174653678578,0.1519174653678578,3.803634414328457,3.803634414328457
2001-08-11,0.15117640457598847,0.15117640457598847,3.7127775617768353,3.7127775617768353
2001-08-12,0.1533995869775336,0.1533995869775336,3.660176226382683,3.660176226382683
2001-08-13,0.14969428294037554,0.14969428294037554,3.680897966005255,3.680897966005255
2001-08-14,0.15228799576379246,0.15228799576379246,3.641048467803949,3.641048467803949
2001-08-15,0.1489532221485062,0.1489532221485062,3.661637375905323,3.661637375905323
2001-08-16,0.1463595093250893,0.1463595093250893,3.5872516487190165,3.5872516487190165
2001-08-17,0.13857837085483848,0.13857837085483848,3.5581615176820547,3.5581615176820547
2001-08-18,0.13931943164670782,0.13931943164670782,3.5816727192497795,3.5816727192497795
2001-08-19,0.13894890125077314,0.13894890125077314,3.555372052947436,3.555372052947436
2001-08-20,0.13635518842735622,0.13635518842735622,3.4852369372289216,3.4852369372289216
2001-08-21,0.14154261407419008,0.14154261407419008,3.3744553397608454,3.3744553397608454
2001-08-22,0.13450253642174576,0.13450253642174576,3.329425409443361,3.329425409443361
2001-08-23,0.11819919866343771,0.11819919866343771,3.1732153843047413,3.1732153843047413
2001-08-24,0.11745813787156836,0.11745813787156836,3.1361553508380533,3.1361553508380533
2001-08-25,0.1167170770537619,0.1167170770537619,2.97954683113584,2.97954683113584
2001-08-26,0.11449389462627964,0.11449389462627964,2.936509376425787,2.936509376425787
2001-08-27,0.11708760744969654,0.11708760744969654,2.8978553647047254,2.8978553647047254
2001-08-28,0.11708760744969654,0.11708760744969654,2.882314059987796,2.882314059987796
2001-08-29,0.11375283383441032,0.11375283383441032,2.8855020192860077,2.8855020192860077
2001-08-30,0.11560548584002077,0.11560548584002077,2.8269232598590253,2.8269232598590253
2001-08-31,0.11560548584002077,0.11560548584002077,2.811381957931561,2.811381957931561
2001-09-01,0.11560548584002077,0.11560548584002077,2.728893500420634,2.728893500420634
2001-09-02,0.1167170770537619,0.1167170770537619,2.700600357952966,2.700600357952966
2001-09-03,0.11894025948124416,0.11894025948124416,2.6388336389488245,2.6388336389488245
2001-09-04,0.11894025948124416,0.11894025948124416,2.642021598525983,2.642021598525983
2001-09-05,0.11486442504815143,0.11486442504815143,2.60017962750671,2.60017962750671
2001-09-06,0.1089359385835111,0.1089359385835111,2.5858338089910795,2.5858338089910795
2001-09-07,0.10634222576009418,0.10634222576009418,2.5324354841907937,2.5324354841907937
2001-09-08,0.1026369217229361,0.1026369217229361,1.8358662902213212,1.8358662902213212
2001-09-09,0.10041373929545386,0.10041373929545386,2.44396960236809,2.44396960236809
2001-09-10,0.10078426971732564,0.10078426971732564,2.45592445127059,2.45592445127059
2001-09-11,0.10152533050919497,0.10152533050919497,2.435999703285722,2.435999703285722
2001-09-12,0.1041190433326119,0.1041190433326119,2.396548701879581,2.396548701879581
2001-09-13,0.10560116494228772,0.10560116494228772,2.3694510444974246,2.3694510444974246
2001-09-14,0.10560116494228772,0.10560116494228772,2.33000004337023,2.33000004337023
2001-09-15,0.10671275615602883,0.10671275615602883,2.230774797730541,2.230774797730541
2001-09-16,0.10671275615602883,0.10671275615602883,2.181759917313979,2.181759917313979
2001-09-17,0.10597169536415953,0.10597169536415953,2.219218443949528,2.219218443949528
2001-09-18,0.10337798254074258,0.10337798254074258,2.2196169387920675,2.2196169387920675
2001-09-19,0.1041190433326119,0.1041190433326119,2.1590457045944933,2.1590457045944933
2001-09-20,0.10300745211887077,0.10300745211887077,2.0841286516023416,2.0841286516023416
2001-09-21,0.10189586093106678,0.10189586093106678,2.0793467120971316,2.0793467120971316
2001-09-22,0.10226639132700142,0.10226639132700142,2.0701813279292507,2.0701813279292507
2001-09-23,0.10078426971732564,0.10078426971732564,2.072572297821329,2.072572297821329
2001-09-24,0.10041373929545386,0.10041373929545386,2.0713768130147625,2.0713768130147625
2001-09-25,0.09115047921552726,0.09115047921552726,2.0992714603609453,2.0992714603609453
2001-09-26,0.09930214810764984,0.09930214810764984,2.0769557424839995,2.0769557424839995
2001-09-27,0.10041373929545386,0.10041373929545386,2.0458731352817128,2.0458731352817128
2001-09-28,0.1026369217229361,0.1026369217229361,2.0247529024902797,2.0247529024902797
2001-09-29,0.1026369217229361,0.1026369217229361,1.8820917059032647,1.8820917059032647
2001-09-30,0.06928918541445069,0.06928918541445069,1.807573148032599,1.807573148032599
2001-10-01,0.07632926309283213,0.07632926309283213,1.177552612851424,1.177552612851424
2001-10-02,0.07632926309283213,0.07632926309283213,1.806776158068573,1.806776158068573
2001-10-03,0.068918655018516,0.068918655018516,1.8972345143829217,1.8972345143829217
2001-10-04,0.07114183744599828,0.07114183744599828,1.7191072664888425,1.7191072664888425
2001-10-05,0.06854812462258134,0.06854812462258134,1.7111373671275278,1.7111373671275278
2001-10-06,0.06410175976761681,0.06410175976761681,1.6963930534904106,1.6963930534904106
2001-10-07,0.0644722901894886,0.0644722901894886,1.6410022539195328,1.6410022539195328
2001-10-08,0.07077130705006361,0.07077130705006361,1.6481751633168211,1.6481751633168211
2001-10-09,0.06743653340884022,0.06743653340884022,1.6505661329299535,1.6505661329299535
2001-10-10,0.06669547259103374,0.06669547259103374,1.6071301819826278,1.6071301819826278
2001-10-11,0.06410175976761681,0.06410175976761681,1.591190383538945,1.591190383538945
2001-10-12,0.06150804694419988,0.06150804694419988,1.5605062714581446,1.5605062714581446
2001-10-13,0.047057361217439427,0.047057361217439427,1.1297332175203745,1.1297332175203745
2001-10-14,0.046316300425570084,0.046316300425570084,1.057605629262841,1.057605629262841
2001-10-15,0.044834178815894285,0.044834178815894285,1.0512297101085248,1.0512297101085248
2001-10-16,0.04557523960776363,0.04557523960776363,1.0038088096200153,1.0038088096200153
2001-10-17,0.045945770003698296,0.045945770003698296,0.9336736961330739,0.9336736961330739
2001-10-18,0.04001728356499509,0.04001728356499509,0.883463330909946,0.883463330909946
2001-10-19,0.04001728356499509,0.04001728356499509,0.8412228650481329,0.8412228650481329
2001-10-20,0.0444636483940225,0.0444636483940225,0.845207814589317,0.845207814589317
2001-10-21,0.04742789163931123,0.04742789163931123,0.8121327326164387,0.8121327326164387
2001-10-22,0.03964675316906043,0.03964675316906043,0.6108927768813875,0.6108927768813875
2001-10-23,0.04001728356499509,0.04001728356499509,0.7005541432317101,0.7005541432317101
2001-10-24,0.038164631533447506,0.038164631533447506,0.8436138346612649,0.8436138346612649
2001-10-25,0.03779410113751284,0.03779410113751284,0.6603061521404892,0.6603061521404892
2001-10-26,0.045204709211828974,0.045204709211828974,0.7017496283172225,0.7017496283172225
2001-10-27,0.04038781396092977,0.04038781396092977,0.6750504657776065,0.6750504657776065
2001-10-28,0.0370530403456435,0.0370530403456435,0.5666598359700361,0.5666598359700361
2001-10-29,0.03742357074157816,0.03742357074157816,0.4710210453079374,0.4710210453079374
2001-10-30,0.03557091871003057,0.03557091871003057,0.1685633689673424,0.1685633689673424
2001-10-31,0.0073488529988167345,0.0073488529988167345,0.12911236772856907,0.12911236772856907
2001-11-01,0.006484282058542328,0.006484282058542328,0.091122514673493,0.091122514673493
2001-11-02,0.006484282058542328,0.006484282058542328,0.091122514673493,0.091122514673493
2001-11-03,0.007040077662819179,0.007040077662819179,0.1120435001831296,0.1120435001831296
2001-11-04,0.009263260082520305,0.009263260082520305,0.15421755034013293,0.15421755034013293
2001-11-05,0.009263260082520305,0.009263260082520305,0.15421755034013293,0.15421755034013293
2001-11-06,0.008892729681398212,0.008892729681398212,0.16099196467172458,0.16099196467172458
2001-11-07,0.007781138470250793,0.007781138470250793,0.16099196467172458,0.16099196467172458
2001-11-08,0.007781138470250793,0.007781138470250793,0.16099196467172458,0.16099196467172458
2001-11-09,0.007781138470250793,0.007781138470250793,0.1605934697176062,0.1605934697176062
2001-11-10,0.007781138470250793,0.007781138470250793,0.11855225122127387,0.11855225122127387
2001-11-11,0.007781138470250793,0.007781138470250793,0.11855225122127387,0.11855225122127387
2001-11-12,0.007781138470250793,0.007781138470250793,0.11855225122127387,0.11855225122127387
2001-11-13,0.007781138470250793,0.007781138470250793,0.1152978756882544,0.1152978756882544
2001-11-14,0.0073488529988167345,0.0073488529988167345,0.11297332175203743,0.11297332175203743
2001-11-15,0.01469770600022718,0.01469770600022718,0.11297332175203743,0.11297332175203743
2001-11-16,0.009510280353393318,0.009510280353393318,0.11297332175203743,0.11297332175203743
2001-11-17,0.009510280353393318,0.009510280353393318,0.11297332175203743,0.11297332175203743
2001-11-18,0.006051996587108269,0.006051996587108269,0.11390314332094531,0.11390314332094531
2001-11-19,0.006051996587108269,0.006051996587108269,0.11483296491774782,0.11483296491774782
2001-11-20,0.005619711118267921,0.005619711118267921,0.11390314332094531,0.11390314332094531
2001-11-21,0.005619711118267921,0.005619711118267921,0.11390314332094531,0.11390314332094531
2001-11-22,0.005619711118267921,0.005619711118267921,0.11390314332094531,0.11390314332094531
2001-11-23,0.005187425646833862,0.005187425646833862,0.11483296491774782,0.11483296491774782
2001-11-24,0.005187425646833862,0.005187425646833862,0.11390314332094531,0.11390314332094531
2001-11-25,0.005557956050549668,0.005557956050549668,0.11297332175203743,0.11297332175203743
2001-11-26,0.005557956050549668,0.005557956050549668,0.11297332175203743,0.11297332175203743
2001-11-27,0.0044463648394022495,0.0044463648394022495,0.11297332175203743,0.11297332175203743
2001-11-28,0.0044463648394022495,0.0044463648394022495,0.11250841095363621,0.11250841095363621
2001-11-29,0.0014821216122695123,0.0014821216122695123,0.11250841095363621,0.11250841095363621
2001-11-30,0.0011115912111474189,0.0011115912111474189,0.053557722904669605,0.053557722904669605
2001-12-01,0.0011115912111474189,0.0011115912111474189,0.04797879343543318,0.04797879343543318
2001-12-02,0.0011115912111474189,0.0011115912111474189,0.04853668638235682,0.04853668638235682
2001-12-03,0.0011115912111474189,0.0011115912111474189,0.04853668638235682,0.04853668638235682
2001-12-04,0.0007410608074316124,0.0007410608074316124,0.03858759548625367,0.03858759548625367
2001-12-05,0.0007410608074316124,0.0007410608074316124,0.03951741708305617,0.03951741708305617
2001-12-06,0.0007410608074316124,0.0007410608074316124,0.04742090048850955,0.04742090048850955
2001-12-07,0.0007410608074316124,0.0007410608074316124,0.04797879343543318,0.04797879343543318
2001-12-08,0.0007410608074316124,0.0007410608074316124,0.045189328700814976,0.045189328700814976
2001-12-09,0.0007410608074316124,0.0007410608074316124,0.045189328700814976,0.045189328700814976
2001-12-10,0.0007410608074316124,0.0007410608074316124,0.045189328700814976,0.045189328700814976
2001-12-11,0.0007410608074316124,0.0007410608074316124,0.045189328700814976,0.045189328700814976
2001-12-12,0.0007410608074316124,0.0007410608074316124,0.04686300754158589,0.04686300754158589
2001-12-13,0.0018526520159853187,0.0018526520159853187,0.04630511459466227,0.04630511459466227
2001-12-14,0.0022231824197011247,0.0022231824197011247,0.04686300754158589,0.04686300754158589
2001-12-15,0.0022231824197011247,0.0022231824197011247,0.05369719614140051,0.05369719614140051
2001-12-16,0.0022231824197011247,0.0022231824197011247,0.05369719614140051,0.05369719614140051
2001-12-17,0.0022231824197011247,0.0022231824197011247,0.05369719614140051,0.05369719614140051
2001-12-18,0.0008645709402744061,0.0008645709402744061,0.027336754399258447,0.027336754399258447
2001-12-19,0.0008645709402744061,0.0008645709402744061,0.04742090048850955,0.04742090048850955
2001-12-20,0.0008645709402744061,0.0008645709402744061,0.04742090048850955,0.04742090048850955
2001-12-21,0.0008645709402744061,0.0008645709402744061,0.04742090048850955,0.04742090048850955
2001-12-22,0.0008645709402744061,0.0008645709402744061,0.05299982995774596,0.05299982995774596
2001-12-23,0.0008645709402744061,0.0008645709402744061,0.05369719614140051,0.05369719614140051
2001-12-24,0.0008645709402744061,0.0008645709402744061,0.05439456232505507,0.05439456232505507
2001-12-25,0.0005187425646833863,0.0005187425646833863,0.05439456232505507,0.05439456232505507
2001-12-26,0.0005187425646833863,0.0005187425646833863,0.05439456232505507,0.05439456232505507
2001-12-27,0.003025998294850991,0.003025998294850991,0.05439456232505507,0.05439456232505507
2001-12-28,0.003025998294850991,0.003025998294850991,0.05648666087601872,0.05648666087601872
2001-12-29,0.003112455388100317,0.003112455388100317,0.05369719614140051,0.05369719614140051
2001-12-30,0.003112455388100317,0.003112455388100317,0.04965247227620411,0.04965247227620411
2001-12-31,0.003112455388100317,0.003112455388100317,0.04909457932928048,0.04909457932928048
2002-01-01,0.0034582837636913367,0.0034582837636913367,0.04909457932928048,0.04909457932928048
2002-01-02,0.003025998294850991,0.003025998294850991,0.04965247227620411,0.04965247227620411
2002-01-03,0.003025998294850991,0.003025998294850991,0.04965247227620411,0.04965247227620411
2002-01-04,0.0036311979527837036,0.0036311979527837036,0.04965247227620411,0.04965247227620411
2002-01-05,0.0034582837636913367,0.0034582837636913367,0.04965247227620411,0.04965247227620411
2002-01-06,0.0034582837636913367,0.0034582837636913367,0.049512999039473204,0.049512999039473204
2002-01-07,0.0034582837636913367,0.0034582837636913367,0.049512999039473204,0.049512999039473204
2002-01-08,0.0034582837636913367,0.0034582837636913367,0.049512999039473204,0.049512999039473204
2002-01-09,0.002593712823416931,0.002593712823416931,0.04630511459466227,0.04630511459466227
2002-01-10,0.0021614273519828717,0.0021614273519828717,0.04574722164773862,0.04574722164773862
2002-01-11,0.0021614273519828717,0.0021614273519828717,0.04574722164773862,0.04574722164773862
2002-01-12,0.0021614273519828717,0.0021614273519828717,0.04686300754158589,0.04686300754158589
2002-01-13,0.0021614273519828717,0.0021614273519828717,0.04630511459466227,0.04630511459466227
2002-01-14,0.0021614273519828717,0.0021614273519828717,0.04797879343543318,0.04797879343543318
2002-01-15,0.0021614273519828717,0.0021614273519828717,0.04797879343543318,0.04797879343543318
2002-01-16,0.0021614273519828717,0.0021614273519828717,0.04909457932928048,0.04909457932928048
2002-01-17,0.0021614273519828717,0.0021614273519828717,0.05076825817005139,0.05076825817005139
2002-01-18,0.0021614273519828717,0.0021614273519828717,0.04965247227620411,0.04965247227620411
2002-01-19,0.0021614273519828717,0.0021614273519828717,0.04965247227620411,0.04965247227620411
2002-01-20,0.0021614273519828717,0.0021614273519828717,0.04909457932928048,0.04909457932928048
2002-01-21,0.0021614273519828717,0.0021614273519828717,0.04686300754158589,0.04686300754158589
2002-01-22,0.0018526520159853187,0.0018526520159853187,0.04742090048850955,0.04742090048850955
2002-01-23,0.0018526520159853187,0.0018526520159853187,0.04742090048850955,0.04742090048850955
2002-01-24,0.0021614273519828717,0.0021614273519828717,0.04686300754158589,0.04686300754158589
2002-01-25,0.0021614273519828717,0.0021614273519828717,0.04686300754158589,0.04686300754158589
2002-01-26,0.0021614273519828717,0.0021614273519828717,0.04742090048850955,0.04742090048850955
2002-01-27,0.0021614273519828717,0.0021614273519828717,0.04797879343543318,0.04797879343543318
2002-01-28,0.0021614273519828717,0.0021614273519828717,0.04909457932928048,0.04909457932928048
2002-01-29,0.0021614273519828717,0.0021614273519828717,0.04630511459466227,0.04630511459466227
2002-01-30,0.002593712823416931,0.002593712823416931,0.04742090048850955,0.04742090048850955
2002-01-31,0.002593712823416931,0.002593712823416931,0.04630511459466227,0.04630511459466227
2002-02-01,0.002593712823416931,0.002593712823416931,0.04574722164773862,0.04574722164773862
2002-02-02,0.002593712823416931,0.002593712823416931,0.04574722164773862,0.04574722164773862
2002-02-03,0.002593712823416931,0.002593712823416931,0.04630511459466227,0.04630511459466227
2002-02-04,0.002593712823416931,0.002593712823416931,0.04630511459466227,0.04630511459466227
2002-02-05,0.002593712823416931,0.002593712823416931,0.04742090048850955,0.04742090048850955
2002-02-06,0.002593712823416931,0.002593712823416931,0.04742090048850955,0.04742090048850955
2002-02-07,0.002593712823416931,0.002593712823416931,0.04742090048850955,0.04742090048850955
2002-02-08,0.002593712823416931,0.002593712823416931,0.04742090048850955,0.04742090048850955
2002-02-09,0.002593712823416931,0.002593712823416931,0.04239986396619677,0.04239986396619677
2002-02-10,0.002593712823416931,0.002593712823416931,0.05634718763928781,0.05634718763928781
2002-02-11,0.002593712823416931,0.002593712823416931,0.05690508058621145,0.05690508058621145
2002-02-12,0.002593712823416931,0.002593712823416931,0.05690508058621145,0.05690508058621145
2002-02-13,0.002593712823416931,0.002593712823416931,0.05690508058621145,0.05690508058621145
2002-02-14,0.002593712823416931,0.002593712823416931,0.0602524382677533,0.0602524382677533
2002-02-15,0.002593712823416931,0.002593712823416931,0.0602524382677533,0.0602524382677533
2002-02-16,0.0038905692351253966,0.0038905692351253966,0.05969454532082966,0.05969454532082966
2002-02-17,0.0038905692351253966,0.0038905692351253966,0.06764451981449154,0.06764451981449154
2002-02-18,0.0038905692351253966,0.0038905692351253966,0.06764451981449154,0.06764451981449154
2002-02-19,0.0038905692351253966,0.0038905692351253966,0.06764451981449154,0.06764451981449154
2002-02-20,0.0038905692351253966,0.0038905692351253966,0.06694715363083702,0.06694715363083702
2002-02-21,0.0038905692351253966,0.0038905692351253966,0.06694715363083702,0.06694715363083702
2002-02-22,0.0038905692351253966,0.0038905692351253966,0.06764451981449154,0.06764451981449154
2002-02-23,0.0021614273519828717,0.0021614273519828717,0.16625209818324524,0.16625209818324524
2002-02-24,0.0021614273519828717,0.0021614273519828717,0.16513631228939796,0.16513631228939796
2002-02-25,0.0021614273519828717,0.0021614273519828717,0.16513631228939796,0.16513631228939796
2002-02-26,0.0021614273519828717,0.0021614273519828717,0.16513631228939796,0.16513631228939796
2002-02-27,0.0021614273519828717,0.0021614273519828717,0.0641576888962188,0.0641576888962188
2002-02-28,0.0029642432271327376,0.0029642432271327376,0.0641576888962188,0.0641576888962188
2002-03-01,0.0029642432271327376,0.0029642432271327376,0.14133287989662077,0.14133287989662077
2002-03-02,0.002593712823416931,0.002593712823416931,0.299030619551072,0.299030619551072
2002-03-03,0.002593712823416931,0.002593712823416931,0.5188404406389868,0.5188404406389868
2002-03-04,0.002593712823416931,0.002593712823416931,0.6895556823976211,0.6895556823976211
2002-03-05,0.0029642432271327376,0.0029642432271327376,0.7397660476207489,0.7397660476207489
2002-03-06,0.0170443985527711,0.0170443985527711,0.7380923687799781,0.7380923687799781
2002-03-07,0.01963811137618803,0.01963811137618803,0.7397660476207489,0.7397660476207489
2002-03-08,0.019267580975065937,0.019267580975065937,0.8513446370054771,0.8513446370054771
2002-03-09,0.018897050571350132,0.018897050571350132,0.9679442629125183,0.9679442629125183
2002-03-10,0.018897050571350132,0.018897050571350132,0.9690600488063655,0.9690600488063655
2002-03-11,0.020008641779903837,0.020008641779903837,0.9657126911248237,0.9657126911248237
2002-03-12,0.02037917218361964,0.02037917218361964,0.9082497175916886,0.9082497175916886
2002-03-13,0.02334341541075238,0.02334341541075238,0.9155023259016961,0.9155023259016961
2002-03-14,0.023713945814468188,0.023713945814468188,0.8228920967123715,0.8228920967123715
2002-03-15,0.02334341541075238,0.02334341541075238,0.893093625959912,0.893093625959912
2002-03-16,0.02704871944791044,0.02704871944791044,0.8935585365630506,0.8935585365630506
2002-03-17,0.02741924984384511,0.02741924984384511,0.8470674578387115,0.8470674578387115
2002-03-18,0.02223182419960496,0.02223182419960496,0.8991374660322871,0.8991374660322871
2002-03-19,0.018897050571350132,0.018897050571350132,0.7833746795456316,0.7833746795456316
2002-03-20,0.018526520167634324,0.018526520167634324,0.7322344928372798,0.7322344928372798
2002-03-21,0.02223182419960496,0.02223182419960496,0.6280280601316367,0.6280280601316367
2002-03-22,0.02853084105758624,0.02853084105758624,0.8300650061096603,0.8300650061096603
2002-03-23,0.03408879710035477,0.03408879710035477,1.0484402453739063,1.0484402453739063
2002-03-24,0.03779410113751284,0.03779410113751284,1.0695604781653398,1.0695604781653398
2002-03-25,0.038164631533447506,0.038164631533447506,1.0898837212716934,1.0898837212716934
2002-03-26,0.04409311799808782,0.04409311799808782,1.072349942899958,1.072349942899958
2002-03-27,0.04261099638841203,0.04261099638841203,1.0328989417727632,1.0328989417727632
2002-03-28,0.040758344356864436,0.040758344356864436,1.096259640704956,1.096259640704956
2002-03-29,0.038164631533447506,0.038164631533447506,1.1078159944859687,1.1078159944859687
2002-03-30,0.0414994051746709,0.0414994051746709,1.3445220020859763,1.3445220020859763
2002-03-31,0.0414994051746709,0.0414994051746709,1.2074397352471444,1.2074397352471444
2002-04-01,0.08688937958446719,0.08688937958446719,1.5816265045285243,1.5816265045285243
2002-04-02,0.06873338982054866,0.06873338982054866,1.54117926587656,1.54117926587656
2002-04-03,0.06873338982054866,0.06873338982054866,1.3738113817994677,1.3738113817994677
2002-04-04,0.07392081546738254,0.07392081546738254,1.3556798610244494,1.3556798610244494
2002-04-05,0.07521767187909101,0.07521767187909101,1.376600846534086,1.376600846534086
2002-04-06,0.07262395905567408,0.07262395905567408,1.376600846534086,1.376600846534086
2002-04-07,0.07262395905567408,0.07262395905567408,1.4658637180418685,1.4658637180418685
2002-04-08,0.07262395905567408,0.07262395905567408,1.4895741682861232,1.4895741682861232
2002-04-09,0.06484282058542327,0.06484282058542327,1.2580485953128122,1.2580485953128122
2002-04-10,0.07781138470250792,0.07781138470250792,1.1687857238050294,1.1687857238050294
2002-04-11,0.08040509752592487,0.08040509752592487,1.2022593006204478,1.2022593006204478
2002-04-12,0.09207680523130105,0.09207680523130105,1.1966803711512115,1.1966803711512115
2002-04-13,0.07651452829079947,0.07651452829079947,1.2608380600474303,1.2608380600474303
2002-04-14,0.07651452829079947,0.07651452829079947,1.0809175846645558,1.0809175846645558
2002-04-15,0.06484282058542327,0.06484282058542327,0.9777073894836822,0.9777073894836822
2002-04-16,0.06484282058542327,0.06484282058542327,1.0530229373183737,1.0530229373183737
2002-04-17,0.06484282058542327,0.06484282058542327,1.0864965141337921,1.0864965141337921
2002-04-18,0.06484282058542327,0.06484282058542327,1.108812232010738,1.108812232010738
2002-04-19,0.0829988103493418,0.0829988103493418,1.1604173296011746,1.1604173296011746
2002-04-20,0.0829988103493418,0.0829988103493418,1.350100931555213,1.350100931555213
2002-04-21,0.08429566676105026,0.08429566676105026,1.4561005914707046,1.4561005914707046
2002-04-22,0.0907799488195926,0.0907799488195926,1.5899948987323789,1.5899948987323789
2002-04-23,0.09207680523130105,0.09207680523130105,1.630442137384343,1.630442137384343
2002-04-24,0.10374851293667725,0.10374851293667725,1.7699153741152531,1.7699153741152531
2002-04-25,0.10374851293667725,0.10374851293667725,1.846625654317254,1.846625654317254
2002-04-26,0.10115480011326032,0.10115480011326032,1.896836019540382,1.896836019540382
2002-04-27,0.10374851293667725,0.10374851293667725,2.376623953894714,2.376623953894714
2002-04-28,0.10245165652496876,0.10245165652496876,2.376623953894714,2.376623953894714
2002-04-29,0.0972642308781349,0.0972642308781349,2.2678348292446033,2.2678348292446033
2002-04-30,0.07651452829079947,0.07651452829079947,2.1562562398598755,2.1562562398598755
2002-05-01,0.07781138470250792,0.07781138470250792,2.1562562398598755,2.1562562398598755
2002-05-02,0.06484282058542327,0.06484282058542327,2.016783003128965,2.016783003128965
2002-05-03,0.06484282058542327,0.06484282058542327,1.6680999113016888,1.6680999113016888
2002-05-04,0.06354596417371482,0.06354596417371482,1.577442307426597,1.577442307426597
2002-05-05,0.06354596417371482,0.06354596417371482,1.3821797760033223,1.3821797760033223
2002-05-06,0.06354596417371482,0.06354596417371482,1.4337848735937593,1.4337848735937593
2002-05-07,0.06484282058542327,0.06484282058542327,1.4658637180418685,1.4658637180418685
2002-05-08,0.07003024623225713,0.07003024623225713,1.8257046688076173,1.8257046688076173
2002-05-09,0.06873338982054866,0.06873338982054866,2.3710450244254773,2.3710450244254773
2002-05-10,0.07003024623225713,0.07003024623225713,2.527255049564097,2.527255049564097
2002-05-11,0.07132710264396559,0.07132710264396559,2.596991667929552,2.596991667929552
2002-05-12,0.0907799488195926,0.0907799488195926,2.590018006093007,2.590018006093007
2002-05-13,0.10374851293667725,0.10374851293667725,2.384992348098568,2.384992348098568
2002-05-14,0.1089359385835111,0.1089359385835111,2.5188866553602423,2.5188866553602423
2002-05-15,0.11152965140692804,0.11152965140692804,2.8633855500855905,2.8633855500855905
2002-05-16,0.12320135911230422,0.12320135911230422,3.140937291180103,3.140937291180103
2002-05-17,0.12320135911230422,0.12320135911230422,3.2790157955437045,3.2790157955437045
2002-05-18,0.11282650781863648,0.11282650781863648,3.542620212965125,3.542620212965125
2002-05-19,0.11282650781863648,0.11282650781863648,3.542620212965125,3.542620212965125
2002-05-20,0.11152965140692804,0.11152965140692804,3.6904618438998895,3.6904618438998895
2002-05-21,0.11282650781863648,0.11282650781863648,4.044723865196402,4.044723865196402
2002-05-22,0.14006049246451427,0.14006049246451427,3.9331452758116736,3.9331452758116736
2002-05-23,0.14006049246451427,0.14006049246451427,3.6263041550036705,3.6263041550036705
2002-05-24,0.14135734887622275,0.14135734887622275,3.6263041550036705,3.6263041550036705
2002-05-25,0.14135734887622275,0.14135734887622275,3.5119361008843244,3.5119361008843244
2002-05-26,0.14913848734647353,0.14913848734647353,3.6249094226363616,3.6249094226363616
2002-05-27,0.14654477452305661,0.14654477452305661,3.6514093376152346,3.6514093376152346
2002-05-28,0.14913848734647353,0.14913848734647353,3.6514093376152346,3.6514093376152346
2002-05-29,0.15173220016989047,0.15173220016989047,3.6918565762671993,3.6918565762671993
2002-05-30,0.14913848734647353,0.14913848734647353,3.7183564912460723,3.7183564912460723
2002-05-31,0.15173220016989047,0.15173220016989047,3.828540348263491,3.828540348263491
2002-06-01,0.15173220016989047,0.15173220016989047,3.894092769527019,3.894092769527019
2002-06-02,0.13357621040597195,0.13357621040597195,3.9708030497290205,3.9708030497290205
2002-06-03,0.14913848734647353,0.14913848734647353,3.894092769527019,3.894092769527019
2002-06-04,0.14524791811134816,0.14524791811134816,3.793672039080764,3.793672039080764
2002-06-05,0.14524791811134816,0.14524791811134816,3.83132981299811,3.83132981299811
2002-06-06,0.1582164822284328,0.1582164822284328,3.5788832545151616,3.5788832545151616
2002-06-07,0.15173220016989047,0.15173220016989047,3.3445682168072324,3.3445682168072324
2002-06-08,0.15173220016989047,0.15173220016989047,3.3445682168072324,3.3445682168072324
2002-06-09,0.15173220016989047,0.15173220016989047,3.2162528390147944,3.2162528390147944
2002-06-10,0.15173220016989047,0.15173220016989047,3.177200332730139,3.177200332730139
2002-06-11,0.15173220016989047,0.15173220016989047,3.3543313433783957,3.3543313433783957
2002-06-12,0.14913848734647353,0.14913848734647353,3.5788832545151616,3.5788832545151616
2002-06-13,0.1659976206986836,0.1659976206986836,3.7657773917345816,3.7657773917345816
2002-06-14,0.1647007642869751,0.1647007642869751,3.7657773917345816,3.7657773917345816
2002-06-15,0.16340390787526665,0.16340390787526665,3.7657773917345816,3.7657773917345816
2002-06-16,0.15562276940501585,0.15562276940501585,3.6541988023498533,3.6541988023498533
2002-06-17,0.15562276940501585,0.15562276940501585,3.54959387480167,3.54959387480167
2002-06-18,0.15691962581672436,0.15691962581672436,3.7281196178172356,3.7281196178172356
2002-06-19,0.15562276940501585,0.15562276940501585,3.7197512236133807,3.7197512236133807
2002-06-20,0.15562276940501585,0.15562276940501585,3.8006457009173085,3.8006457009173085
2002-06-21,0.1543259129933074,0.1543259129933074,4.007066091279056,4.007066091279056
2002-06-22,0.16340390787526665,0.16340390787526665,4.044723865196402,4.044723865196402
2002-06-23,0.1647007642869751,0.1647007642869751,4.044723865196402,4.044723865196402
2002-06-24,0.16210705146355817,0.16210705146355817,3.895487501894328,3.895487501894328
2002-06-25,0.16210705146355817,0.16210705146355817,3.9708030497290205,3.9708030497290205
2002-06-26,0.17118504634551746,0.17118504634551746,4.01682921785022,4.01682921785022
2002-06-27,0.17118504634551746,0.17118504634551746,4.11027628645993,4.11027628645993
2002-06-28,0.15951333864014125,0.15951333864014125,4.156302454581131,4.156302454581131
2002-06-29,0.15302905658159893,0.15302905658159893,4.082381639113748,4.082381639113748
2002-06-30,0.16340390787526665,0.16340390787526665,4.193960228498476,4.193960228498476
2002-07-01,0.16340390787526665,0.16340390787526665,4.146539328009967,4.146539328009967
2002-07-02,0.16340390787526665,0.16340390787526665,4.184197101927313,4.184197101927313
2002-07-03,0.16340390787526665,0.16340390787526665,4.166065581152294,4.166065581152294
2002-07-04,0.16340390787526665,0.16340390787526665,4.023802879686765,4.023802879686765
2002-07-05,0.16340390787526665,0.16340390787526665,4.034960738625238,4.034960738625238
2002-07-06,0.16340390787526665,0.16340390787526665,4.034960738625238,4.034960738625238
2002-07-07,0.15951333864014125,0.15951333864014125,3.894092769527019,3.894092769527019
2002-07-08,0.15691962581672436,0.15691962581672436,4.03356600625793,4.03356600625793
2002-07-09,0.16729447711039205,0.16729447711039205,4.117249948296475,4.117249948296475
2002-07-10,0.17248190275722594,0.17248190275722594,4.03356600625793,4.03356600625793
2002-07-11,0.1685913335221005,0.1685913335221005,3.894092769527019,3.894092769527019
2002-07-12,0.16340390787526665,0.16340390787526665,3.894092769527019,3.894092769527019
2002-07-13,0.16340390787526665,0.16340390787526665,3.9708030497290205,3.9708030497290205
2002-07-14,0.1543259129933074,0.1543259129933074,3.942908402382838,3.942908402382838
2002-07-15,0.15951333864014125,0.15951333864014125,3.942908402382838,3.942908402382838
2002-07-16,0.16340390787526665,0.16340390787526665,4.0363554709925475,4.0363554709925475
2002-07-17,0.16081019505184974,0.16081019505184974,4.082381639113748,4.082381639113748
2002-07-18,0.16340390787526665,0.16340390787526665,4.11027628645993,4.11027628645993
2002-07-19,0.1647007642869751,0.1647007642869751,4.184197101927313,4.184197101927313
2002-07-20,0.16081019505184974,0.16081019505184974,4.184197101927313,4.184197101927313
2002-07-21,0.169888189933809,0.169888189933809,4.092144765684911,4.092144765684911
2002-07-22,0.16729447711039205,0.16729447711039205,4.20511808743695,4.20511808743695
2002-07-23,0.16729447711039205,0.16729447711039205,4.202328622702331,4.202328622702331
2002-07-24,0.16729447711039205,0.16729447711039205,4.192565496131167,4.192565496131167
2002-07-25,0.1659976206986836,0.1659976206986836,4.266486311598549,4.266486311598549
2002-07-26,0.16729447711039205,0.16729447711039205,4.304144085515896,4.304144085515896
2002-07-27,0.16729447711039205,0.16729447711039205,4.122828877765713,4.122828877765713
2002-07-28,0.16340390787526665,0.16340390787526665,4.021013414952148,4.021013414952148
2002-07-29,0.1659976206986836,0.1659976206986836,3.8843296429558554,3.8843296429558554
2002-07-30,0.1647007642869751,0.1647007642869751,3.8341192777327278,3.8341192777327278
2002-07-31,0.1647007642869751,0.1647007642869751,4.0112502883809835,4.0112502883809835
2002-08-01,0.16729447711039205,0.16729447711039205,4.057276456502184,4.057276456502184
2002-08-02,0.15302905658159893,0.15302905658159893,3.940118937648219,3.940118937648219
2002-08-03,0.1543259129933074,0.1543259129933074,3.8815401782212375,3.8815401782212375
2002-08-04,0.15562276940501585,0.15562276940501585,3.6290936197382893,3.6290936197382893
2002-08-05,0.15302905658159893,0.15302905658159893,3.5551728042709065,3.5551728042709065
2002-08-06,0.1543259129933074,0.1543259129933074,3.4156995675399964,3.4156995675399964
2002-08-07,0.16081019505184974,0.16081019505184974,3.4156995675399964,3.4156995675399964
2002-08-08,0.1543259129933074,0.1543259129933074,3.4059364409688326,3.4059364409688326
2002-08-09,0.14654477452305661,0.14654477452305661,3.312489372359122,3.312489372359122
2002-08-10,0.14654477452305661,0.14654477452305661,3.276226330809086,3.276226330809086
2002-08-11,0.14654477452305661,0.14654477452305661,3.20788444481094,3.20788444481094
2002-08-12,0.1543259129933074,0.1543259129933074,3.184173994566685,3.184173994566685
2002-08-13,0.14524791811134816,0.14524791811134816,3.2859894573802495,3.2859894573802495
2002-08-14,0.15302905658159893,0.15302905658159893,3.304120978155268,3.304120978155268
2002-08-15,0.14524791811134816,0.14524791811134816,3.304120978155268,3.304120978155268
2002-08-16,0.14524791811134816,0.14524791811134816,3.2957525839514132,3.2957525839514132
2002-08-17,0.14006049246451427,0.14006049246451427,3.426857426478469,3.426857426478469
2002-08-18,0.13487306681768044,0.13487306681768044,3.2999367810533404,3.2999367810533404
2002-08-19,0.12190450270059575,0.12190450270059575,3.1995160506070857,3.1995160506070857
2002-08-20,0.12320135911230422,0.12320135911230422,3.1660424737916664,3.1660424737916664
2002-08-21,0.1089359385835111,0.1089359385835111,3.1214110380377758,3.1214110380377758
2002-08-22,0.1089359385835111,0.1089359385835111,3.12977943224163,3.12977943224163
2002-08-23,0.10504536934838571,0.10504536934838571,3.12977943224163,3.12977943224163
2002-08-24,0.10504536934838571,0.10504536934838571,3.026569237060756,3.026569237060756
2002-08-25,0.11931078987717883,0.11931078987717883,2.909411718206792,2.909411718206792
2002-08-26,0.11801393346547037,0.11801393346547037,2.7378596370277717,2.7378596370277717
2002-08-27,0.12968564117084655,0.12968564117084655,2.675096680498862,2.675096680498862
2002-08-28,0.12190450270059575,0.12190450270059575,2.537018176135261,2.537018176135261
2002-08-29,0.1089359385835111,0.1089359385835111,2.5425971056044974,2.5425971056044974
2002-08-30,0.10374851293667725,0.10374851293667725,2.6053600621334065,2.6053600621334065
2002-08-31,0.10245165652496876,0.10245165652496876,2.668123018662316,2.668123018662316
2002-09-01,0.10245165652496876,0.10245165652496876,2.5774654147872247,2.5774654147872247
2002-09-02,0.10374851293667725,0.10374851293667725,2.6792808776007893,2.6792808776007893
2002-09-03,0.10374851293667725,0.10374851293667725,2.55375496454297,2.55375496454297
2002-09-04,0.10374851293667725,0.10374851293667725,2.534228711400642,2.534228711400642
2002-09-05,0.10374851293667725,0.10374851293667725,2.389176545200496,2.389176545200496
2002-09-06,0.10374851293667725,0.10374851293667725,2.389176545200496,2.389176545200496
2002-09-07,0.11801393346547037,0.11801393346547037,2.3194399268350407,2.3194399268350407
2002-09-08,0.11801393346547037,0.11801393346547037,2.3598871654870046,2.3598871654870046
2002-09-09,0.1167170770537619,0.1167170770537619,2.2678348292446033,2.2678348292446033
2002-09-10,0.11542022064205343,0.11542022064205343,2.2748084910811492,2.2748084910811492
2002-09-11,0.1167170770537619,0.1167170770537619,2.122782663044457,2.122782663044457
2002-09-12,0.1089359385835111,0.1089359385835111,2.122782663044457,2.122782663044457
2002-09-13,0.08818623599617564,0.08818623599617564,2.122782663044457,2.122782663044457
2002-09-14,0.08818623599617564,0.08818623599617564,2.1353352543502386,2.1353352543502386
2002-09-15,0.07392081546738254,0.07392081546738254,1.9177570050500183,1.9177570050500183
2002-09-16,0.07392081546738254,0.07392081546738254,1.6918103615459434,1.6918103615459434
2002-09-17,0.07392081546738254,0.07392081546738254,1.5091004214284507,1.5091004214284507
2002-09-18,0.07392081546738254,0.07392081546738254,1.5593107866515787,1.5593107866515787
2002-09-19,0.07392081546738254,0.07392081546738254,1.7071524175863435,1.7071524175863435
2002-09-20,0.07392081546738254,0.07392081546738254,1.808967880399908,1.808967880399908
2002-09-21,0.0907799488195926,0.0907799488195926,1.72807340309598,1.72807340309598
2002-09-22,0.09467051805471799,0.09467051805471799,1.72807340309598,1.72807340309598
2002-09-23,0.10115480011326032,0.10115480011326032,1.8117573451345266,1.8117573451345266
2002-09-24,0.08818623599617564,0.08818623599617564,1.9833094263135462,1.9833094263135462
2002-09-25,0.08170195393763333,0.08170195393763333,2.051651312311692,2.051651312311692
2002-09-26,0.08170195393763333,0.08170195393763333,2.0112040736597283,2.0112040736597283
2002-09-27,0.07392081546738254,0.07392081546738254,1.9372832581923458,1.9372832581923458
2002-09-28,0.06743653340884022,0.06743653340884022,2.6485967655199887,2.6485967655199887
2002-09-29,0.06873338982054866,0.06873338982054866,1.9303095963558001,1.9303095963558001
2002-09-30,0.07003024623225713,0.07003024623225713,0.6359979594929516,0.6359979594929516
2002-10-01,0.042796261586379364,0.042796261586379364,1.9303095963558001,1.9303095963558001
2002-10-02,0.042796261586379364,0.042796261586379364,0.6053138474121512,0.6053138474121512
2002-10-03,0.042796261586379364,0.042796261586379364,0.5718402705967327,0.5718402705967327
2002-10-04,0.042796261586379364,0.042796261586379364,0.5704455382294236,0.5704455382294236
2002-10-05,0.042796261586379364,0.042796261586379364,0.5676560734948055,0.5676560734948055
2002-10-06,0.042796261586379364,0.042796261586379364,0.6471558184314243,0.6471558184314243
2002-10-07,0.0414994051746709,0.0414994051746709,0.6471558184314243,0.6471558184314243
2002-10-08,0.05576482570346402,0.05576482570346402,0.6471558184314243,0.6471558184314243
2002-10-09,0.05706168211517248,0.05706168211517248,0.6471558184314243,0.6471558184314243
2002-10-10,0.04668683082150476,0.04668683082150476,0.6443663536968062,0.6443663536968062
2002-10-11,0.0453899744097963,0.0453899744097963,0.6443663536968062,0.6443663536968062
2002-10-12,0.0453899744097963,0.0453899744097963,0.5648666087601872,0.5648666087601872
2002-10-13,0.0453899744097963,0.0453899744097963,0.5369719614140052,0.5369719614140052
2002-10-14,0.0453899744097963,0.0453899744097963,0.5369719614140052,0.5369719614140052
2002-10-15,0.03631197952783704,0.03631197952783704,0.5411561585159324,0.5411561585159324
2002-10-16,0.042796261586379364,0.042796261586379364,0.5369719614140052,0.5369719614140052
2002-10-17,0.04409311799808782,0.04409311799808782,0.5369719614140052,0.5369719614140052
2002-10-18,0.042796261586379364,0.042796261586379364,0.5369719614140052,0.5369719614140052
2002-10-19,0.042796261586379364,0.042796261586379364,0.5369719614140052,0.5369719614140052
2002-10-20,0.042796261586379364,0.042796261586379364,0.49234052566011377,0.49234052566011377
2002-10-21,0.042796261586379364,0.042796261586379364,0.49234052566011377,0.49234052566011377
2002-10-22,0.042796261586379364,0.042796261586379364,0.46026168121200445,0.46026168121200445
2002-10-23,0.042796261586379364,0.042796261586379364,0.4560774841100771,0.4560774841100771
2002-10-24,0.04928054364492169,0.04928054364492169,0.4644458783139317,0.4644458783139317
2002-10-25,0.04928054364492169,0.04928054364492169,0.4560774841100771,0.4560774841100771
2002-10-26,0.03371826670442011,0.03371826670442011,0.25523602321756605,0.25523602321756605
2002-10-27,0.03242141029271164,0.03242141029271164,0.3291568386849486,0.3291568386849486
2002-10-28,0.03371826670442011,0.03371826670442011,0.3291568386849486,0.3291568386849486
2002-10-29,0.03371826670442011,0.03371826670442011,0.3249726415830213,0.3249726415830213
2002-10-30,0.03371826670442011,0.03371826670442011,0.08368394203854625,0.08368394203854625
2002-10-31,0.012968564117084656,0.012968564117084656,0.08089447730392804,0.08089447730392804
2002-11-01,0.012968564117084656,0.012968564117084656,0.08089447730392804,0.08089447730392804
2002-11-02,0.012968564117084656,0.012968564117084656,0.08089447730392804,0.08089447730392804
2002-11-03,0.012968564117084656,0.012968564117084656,0.07252608310007341,0.07252608310007341
2002-11-04,0.012968564117084656,0.012968564117084656,0.05578929469236416,0.05578929469236416
2002-11-05,0.012968564117084656,0.012968564117084656,0.04463143575389134,0.04463143575389134
2002-11-06,0.010374851293667725,0.010374851293667725,0.061368224161600586,0.061368224161600586
2002-11-07,0.00907799488195926,0.00907799488195926,0.061368224161600586,0.061368224161600586
2002-11-08,0.00907799488195926,0.00907799488195926,0.061368224161600586,0.061368224161600586
2002-11-09,0.00907799488195926,0.00907799488195926,0.061368224161600586,0.061368224161600586
2002-11-10,0.00907799488195926,0.00907799488195926,0.061368224161600586,0.061368224161600586
2002-11-11,0.00907799488195926,0.00907799488195926,0.061368224161600586,0.061368224161600586
2002-11-12,0.012968564117084656,0.012968564117084656,0.061368224161600586,0.061368224161600586
2002-11-13,0.01815598976391852,0.01815598976391852,0.06973661836545522,0.06973661836545522
2002-11-14,0.01815598976391852,0.01815598976391852,0.06973661836545522,0.06973661836545522
2002-11-15,0.01815598976391852,0.01815598976391852,0.06973661836545522,0.06973661836545522
2002-11-16,0.01815598976391852,0.01815598976391852,0.06973661836545522,0.06973661836545522
2002-11-17,0.01815598976391852,0.01815598976391852,0.06973661836545522,0.06973661836545522
2002-11-18,0.01815598976391852,0.01815598976391852,0.06973661836545522,0.06973661836545522
2002-11-19,0.01815598976391852,0.01815598976391852,0.06973661836545522,0.06973661836545522
2002-11-20,0.01815598976391852,0.01815598976391852,0.061368224161600586,0.061368224161600586
2002-11-21,0.01815598976391852,0.01815598976391852,0.061368224161600586,0.061368224161600586
2002-11-22,0.01815598976391852,0.01815598976391852,0.061368224161600586,0.061368224161600586
2002-11-23,0.01815598976391852,0.01815598976391852,0.061368224161600586,0.061368224161600586
2002-11-24,0.01815598976391852,0.01815598976391852,0.061368224161600586,0.061368224161600586
2002-11-25,0.01815598976391852,0.01815598976391852,0.061368224161600586,0.061368224161600586
2002-11-26,0.01815598976391852,0.01815598976391852,0.061368224161600586,0.061368224161600586
2002-11-27,0.01815598976391852,0.01815598976391852,0.061368224161600586,0.061368224161600586
2002-11-28,0.01815598976391852,0.01815598976391852,0.061368224161600586,0.061368224161600586
2002-11-29,0.01815598976391852,0.01815598976391852,0.061368224161600586,0.061368224161600586
2002-11-30,0.01815598976391852,0.01815598976391852,0.061368224161600586,0.061368224161600586
2002-12-01,0.01815598976391852,0.01815598976391852,0.061368224161600586,0.061368224161600586
2002-12-02,0.01815598976391852,0.01815598976391852,0.05857875942698238,0.05857875942698238
2002-12-03,0.01815598976391852,0.01815598976391852,0.05857875942698238,0.05857875942698238
2002-12-04,0.015562276940501586,0.015562276940501586,0.061368224161600586,0.061368224161600586
2002-12-05,0.015562276940501586,0.015562276940501586,0.061368224161600586,0.061368224161600586
2002-12-06,0.01815598976391852,0.01815598976391852,0.061368224161600586,0.061368224161600586
2002-12-07,0.01815598976391852,0.01815598976391852,0.061368224161600586,0.061368224161600586
2002-12-08,0.01815598976391852,0.01815598976391852,0.061368224161600586,0.061368224161600586
2002-12-09,0.01815598976391852,0.01815598976391852,0.061368224161600586,0.061368224161600586
2002-12-10,0.01815598976391852,0.01815598976391852,0.061368224161600586,0.061368224161600586
2002-12-11,0.01426542052879312,0.01426542052879312,0.061368224161600586,0.061368224161600586
2002-12-12,0.01167170770537619,0.01167170770537619,0.06973661836545522,0.06973661836545522
2002-12-13,0.010374851293667725,0.010374851293667725,0.06973661836545522,0.06973661836545522
2002-12-14,0.00907799488195926,0.00907799488195926,0.05857875942698238,0.05857875942698238
2002-12-15,0.00907799488195926,0.00907799488195926,0.05857875942698238,0.05857875942698238
2002-12-16,0.00907799488195926,0.00907799488195926,0.061368224161600586,0.061368224161600586
2002-12-17,0.00907799488195926,0.00907799488195926,0.061368224161600586,0.061368224161600586
2002-12-18,0.007781138470250793,0.007781138470250793,0.05857875942698238,0.05857875942698238
2002-12-19,0.00907799488195926,0.00907799488195926,0.061368224161600586,0.061368224161600586
2002-12-20,0.00907799488195926,0.00907799488195926,0.061368224161600586,0.061368224161600586
2002-12-21,0.00907799488195926,0.00907799488195926,0.05857875942698238,0.05857875942698238
2002-12-22,0.007781138470250793,0.007781138470250793,0.05857875942698238,0.05857875942698238
2002-12-23,0.006484282058542328,0.006484282058542328,0.05299982995774596,0.05299982995774596
2002-12-24,0.006484282058542328,0.006484282058542328,0.05299982995774596,0.05299982995774596
2002-12-25,0.006484282058542328,0.006484282058542328,0.05299982995774596,0.05299982995774596
2002-12-26,0.006484282058542328,0.006484282058542328,0.05299982995774596,0.05299982995774596
2002-12-27,0.007781138470250793,0.007781138470250793,0.05299982995774596,0.05299982995774596
2002-12-28,0.007781138470250793,0.007781138470250793,0.04742090048850955,0.04742090048850955
2002-12-29,0.007781138470250793,0.007781138470250793,0.04742090048850955,0.04742090048850955
2002-12-30,0.007781138470250793,0.007781138470250793,0.05299982995774596,0.05299982995774596
2002-12-31,0.007781138470250793,0.007781138470250793,0.05299982995774596,0.05299982995774596
2003-01-01,0.007781138470250793,0.007781138470250793,0.04742090048850955,0.04742090048850955
2003-01-02,0.007781138470250793,0.007781138470250793,0.04742090048850955,0.04742090048850955
2003-01-03,0.007781138470250793,0.007781138470250793,0.04742090048850955,0.04742090048850955
2003-01-04,0.007781138470250793,0.007781138470250793,0.05299982995774596,0.05299982995774596
2003-01-05,0.007781138470250793,0.007781138470250793,0.05299982995774596,0.05299982995774596
2003-01-06,0.007781138470250793,0.007781138470250793,0.05299982995774596,0.05299982995774596
2003-01-07,0.007781138470250793,0.007781138470250793,0.05299982995774596,0.05299982995774596
2003-01-08,0.007781138470250793,0.007781138470250793,0.05299982995774596,0.05299982995774596
2003-01-09,0.007781138470250793,0.007781138470250793,0.05299982995774596,0.05299982995774596
2003-01-10,0.007781138470250793,0.007781138470250793,0.05299982995774596,0.05299982995774596
2003-01-11,0.007781138470250793,0.007781138470250793,0.05299982995774596,0.05299982995774596
2003-01-12,0.007781138470250793,0.007781138470250793,0.05578929469236416,0.05578929469236416
2003-01-13,0.007781138470250793,0.007781138470250793,0.05578929469236416,0.05578929469236416
2003-01-14,0.007781138470250793,0.007781138470250793,0.05578929469236416,0.05578929469236416
2003-01-15,0.007781138470250793,0.007781138470250793,0.05578929469236416,0.05578929469236416
2003-01-16,0.007781138470250793,0.007781138470250793,0.05578929469236416,0.05578929469236416
2003-01-17,0.007781138470250793,0.007781138470250793,0.05578929469236416,0.05578929469236416
2003-01-18,0.007781138470250793,0.007781138470250793,0.05578929469236416,0.05578929469236416
2003-01-19,0.007781138470250793,0.007781138470250793,0.05578929469236416,0.05578929469236416
2003-01-20,0.007781138470250793,0.007781138470250793,0.05578929469236416,0.05578929469236416
2003-01-21,0.007781138470250793,0.007781138470250793,0.061368224161600586,0.061368224161600586
2003-01-22,0.007781138470250793,0.007781138470250793,0.05578929469236416,0.05578929469236416
2003-01-23,0.007781138470250793,0.007781138470250793,0.05578929469236416,0.05578929469236416
2003-01-24,0.007781138470250793,0.007781138470250793,0.05578929469236416,0.05578929469236416
2003-01-25,0.007781138470250793,0.007781138470250793,0.05299982995774596,0.05299982995774596
2003-01-26,0.007781138470250793,0.007781138470250793,0.05578929469236416,0.05578929469236416
2003-01-27,0.007781138470250793,0.007781138470250793,0.05578929469236416,0.05578929469236416
2003-01-28,0.007781138470250793,0.007781138470250793,0.05299982995774596,0.05299982995774596
2003-01-29,0.007781138470250793,0.007781138470250793,0.05578929469236416,0.05578929469236416
2003-01-30,0.007781138470250793,0.007781138470250793,0.05578929469236416,0.05578929469236416
2003-01-31,0.007781138470250793,0.007781138470250793,0.05578929469236416,0.05578929469236416
2003-02-01,0.007781138470250793,0.007781138470250793,0.05578929469236416,0.05578929469236416
2003-02-02,0.010374851293667725,0.010374851293667725,0.05578929469236416,0.05578929469236416
2003-02-03,0.010374851293667725,0.010374851293667725,0.061368224161600586,0.061368224161600586
2003-02-04,0.010374851293667725,0.010374851293667725,0.061368224161600586,0.061368224161600586
2003-02-05,0.010374851293667725,0.010374851293667725,0.05578929469236416,0.05578929469236416
2003-02-06,0.010374851293667725,0.010374851293667725,0.05578929469236416,0.05578929469236416
2003-02-07,0.010374851293667725,0.010374851293667725,0.05578929469236416,0.05578929469236416
2003-02-08,0.007781138470250793,0.007781138470250793,0.05578929469236416,0.05578929469236416
2003-02-09,0.007781138470250793,0.007781138470250793,0.05578929469236416,0.05578929469236416
2003-02-10,0.007781138470250793,0.007781138470250793,0.05578929469236416,0.05578929469236416
2003-02-11,0.010374851293667725,0.010374851293667725,0.05578929469236416,0.05578929469236416
2003-02-12,0.010374851293667725,0.010374851293667725,0.05578929469236416,0.05578929469236416
2003-02-13,0.007781138470250793,0.007781138470250793,0.05578929469236416,0.05578929469236416
2003-02-14,0.007781138470250793,0.007781138470250793,0.05578929469236416,0.05578929469236416
2003-02-15,0.007781138470250793,0.007781138470250793,0.05578929469236416,0.05578929469236416
2003-02-16,0.007781138470250793,0.007781138470250793,0.05578929469236416,0.05578929469236416
2003-02-17,0.0,0.0,0.05578929469236416,0.05578929469236416
2003-02-18,0.0,0.0,0.05578929469236416,0.05578929469236416
2003-02-19,0.0,0.0,0.05578929469236416,0.05578929469236416
2003-02-20,0.0,0.0,0.061368224161600586,0.061368224161600586
2003-02-21,0.0,0.0,0.05578929469236416,0.05578929469236416
2003-02-22,0.0,0.0,0.061368224161600586,0.061368224161600586
2003-02-23,0.0,0.0,0.05578929469236416,0.05578929469236416
2003-02-24,0.0,0.0,0.05578929469236416,0.05578929469236416
2003-02-25,0.0,0.0,0.05578929469236416,0.05578929469236416
2003-02-26,0.0,0.0,0.061368224161600586,0.061368224161600586
2003-02-27,0.0,0.0,0.061368224161600586,0.061368224161600586
2003-02-28,0.0,0.0,0.061368224161600586,0.061368224161600586
2003-03-01,0.0,0.0,0.061368224161600586,0.061368224161600586
2003-03-02,0.0,0.0,0.061368224161600586,0.061368224161600586
2003-03-03,0.0,0.0,0.061368224161600586,0.061368224161600586
2003-03-04,0.0,0.0,0.061368224161600586,0.061368224161600586
2003-03-05,0.0,0.0,0.061368224161600586,0.061368224161600586
2003-03-06,0.0,0.0,0.061368224161600586,0.061368224161600586
2003-03-07,0.0038905692351253966,0.0038905692351253966,0.6499452831660426,0.6499452831660426
2003-03-08,0.005187425646833862,0.005187425646833862,0.6527347479006609,0.6527347479006609
2003-03-09,0.005187425646833862,0.005187425646833862,0.6527347479006609,0.6527347479006609
2003-03-10,0.01426542052879312,0.01426542052879312,0.6527347479006609,0.6527347479006609
2003-03-11,0.012968564117084656,0.012968564117084656,0.655524212635279,0.655524212635279
2003-03-12,0.012968564117084656,0.012968564117084656,0.6611031421045154,0.6611031421045154
2003-03-13,0.012968564117084656,0.012968564117084656,0.5258141024755323,0.5258141024755323
2003-03-14,0.01426542052879312,0.01426542052879312,0.454682751742768,0.454682751742768
2003-03-15,0.005187425646833862,0.005187425646833862,0.454682751742768,0.454682751742768
2003-03-16,0.006484282058542328,0.006484282058542328,0.454682751742768,0.454682751742768
2003-03-17,0.006484282058542328,0.006484282058542328,0.454682751742768,0.454682751742768
2003-03-18,0.012968564117084656,0.012968564117084656,0.454682751742768,0.454682751742768
2003-03-19,0.012968564117084656,0.012968564117084656,0.6053138474121512,0.6053138474121512
2003-03-20,0.012968564117084656,0.012968564117084656,1.3054694958013218,1.3054694958013218
2003-03-21,0.012968564117084656,0.012968564117084656,1.3863639731052495,1.3863639731052495
2003-03-22,0.012968564117084656,0.012968564117084656,1.4379690706956867,1.4379690706956867
2003-03-23,0.012968564117084656,0.012968564117084656,1.6276526726497247,1.6276526726497247
2003-03-24,0.04668683082150476,0.04668683082150476,1.6890208968113254,1.6890208968113254
2003-03-25,0.06484282058542327,0.06484282058542327,1.7559680504421622,1.7559680504421622
2003-03-26,0.062249107762006345,0.062249107762006345,1.7559680504421622,1.7559680504421622
2003-03-27,0.06354596417371482,0.06354596417371482,1.7559680504421622,1.7559680504421622
2003-03-28,0.06873338982054866,0.06873338982054866,1.7559680504421622,1.7559680504421622
2003-03-29,0.07003024623225713,0.07003024623225713,1.7559680504421622,1.7559680504421622
2003-03-30,0.07651452829079947,0.07651452829079947,1.6151000813439425,1.6151000813439425
2003-03-31,0.08170195393763333,0.08170195393763333,1.6234684755477973,1.6234684755477973
2003-04-01,0.08688937958446719,0.08688937958446719,1.5816265045285243,1.5816265045285243
2003-04-02,0.06873338982054866,0.06873338982054866,1.54117926587656,1.54117926587656
2003-04-03,0.06873338982054866,0.06873338982054866,1.3738113817994677,1.3738113817994677
2003-04-04,0.07392081546738254,0.07392081546738254,1.3556798610244494,1.3556798610244494
2003-04-05,0.07521767187909101,0.07521767187909101,1.376600846534086,1.376600846534086
2003-04-06,0.07262395905567408,0.07262395905567408,1.376600846534086,1.376600846534086
2003-04-07,0.07262395905567408,0.07262395905567408,1.4658637180418685,1.4658637180418685
2003-04-08,0.07262395905567408,0.07262395905567408,1.4895741682861232,1.4895741682861232
2003-04-09,0.06484282058542327,0.06484282058542327,1.2580485953128122,1.2580485953128122
2003-04-10,0.07781138470250792,0.07781138470250792,1.1687857238050294,1.1687857238050294
2003-04-11,0.08040509752592487,0.08040509752592487,1.2022593006204478,1.2022593006204478
2003-04-12,0.09207680523130105,0.09207680523130105,1.1966803711512115,1.1966803711512115
2003-04-13,0.07651452829079947,0.07651452829079947,1.2608380600474303,1.2608380600474303
2003-04-14,0.07651452829079947,0.07651452829079947,1.0809175846645558,1.0809175846645558
2003-04-15,0.06484282058542327,0.06484282058542327,0.9777073894836822,0.9777073894836822
2003-04-16,0.06484282058542327,0.06484282058542327,1.0530229373183737,1.0530229373183737
2003-04-17,0.06484282058542327,0.06484282058542327,1.0864965141337921,1.0864965141337921
2003-04-18,0.06484282058542327,0.06484282058542327,1.108812232010738,1.108812232010738
2003-04-19,0.0829988103493418,0.0829988103493418,1.1604173296011746,1.1604173296011746
2003-04-20,0.0829988103493418,0.0829988103493418,1.350100931555213,1.350100931555213
2003-04-21,0.08429566676105026,0.08429566676105026,1.4561005914707046,1.4561005914707046
2003-04-22,0.0907799488195926,0.0907799488195926,1.5899948987323789,1.5899948987323789
2003-04-23,0.09207680523130105,0.09207680523130105,1.630442137384343,1.630442137384343
2003-04-24,0.10374851293667725,0.10374851293667725,1.7699153741152531,1.7699153741152531
2003-04-25,0.10374851293667725,0.10374851293667725,1.846625654317254,1.846625654317254
2003-04-26,0.10115480011326032,0.10115480011326032,1.896836019540382,1.896836019540382
2003-04-27,0.10374851293667725,0.10374851293667725,2.376623953894714,2.376623953894714
2003-04-28,0.10245165652496876,0.10245165652496876,2.376623953894714,2.376623953894714
2003-04-29,0.0972642308781349,0.0972642308781349,2.2678348292446033,2.2678348292446033
2003-04-30,0.07651452829079947,0.07651452829079947,2.1562562398598755,2.1562562398598755
2003-05-01,0.07781138470250792,0.07781138470250792,2.1562562398598755,2.1562562398598755
2003-05-02,0.06484282058542327,0.06484282058542327,2.016783003128965,2.016783003128965
2003-05-03,0.06484282058542327,0.06484282058542327,1.6680999113016888,1.6680999113016888
2003-05-04,0.06354596417371482,0.06354596417371482,1.577442307426597,1.577442307426597
2003-05-05,0.06354596417371482,0.06354596417371482,1.3821797760033223,1.3821797760033223
2003-05-06,0.06354596417371482,0.06354596417371482,1.4337848735937593,1.4337848735937593
2003-05-07,0.06484282058542327,0.06484282058542327,1.4658637180418685,1.4658637180418685
2003-05-08,0.07003024623225713,0.07003024623225713,1.8257046688076173,1.8257046688076173
2003-05-09,0.06873338982054866,0.06873338982054866,2.3710450244254773,2.3710450244254773
2003-05-10,0.07003024623225713,0.07003024623225713,2.527255049564097,2.527255049564097
2003-05-11,0.07132710264396559,0.07132710264396559,2.596991667929552,2.596991667929552
2003-05-12,0.0907799488195926,0.0907799488195926,2.590018006093007,2.590018006093007
2003-05-13,0.10374851293667725,0.10374851293667725,2.384992348098568,2.384992348098568
2003-05-14,0.1089359385835111,0.1089359385835111,2.5188866553602423,2.5188866553602423
2003-05-15,0.11152965140692804,0.11152965140692804,2.8633855500855905,2.8633855500855905
2003-05-16,0.12320135911230422,0.12320135911230422,3.140937291180103,3.140937291180103
2003-05-17,0.12320135911230422,0.12320135911230422,3.2790157955437045,3.2790157955437045
2003-05-18,0.11282650781863648,0.11282650781863648,3.542620212965125,3.542620212965125
2003-05-19,0.11282650781863648,0.11282650781863648,3.542620212965125,3.542620212965125
2003-05-20,0.11152965140692804,0.11152965140692804,3.6904618438998895,3.6904618438998895
2003-05-21,0.11282650781863648,0.11282650781863648,4.044723865196402,4.044723865196402
2003-05-22,0.14006049246451427,0.14006049246451427,3.9331452758116736,3.9331452758116736
2003-05-23,0.14006049246451427,0.14006049246451427,3.6263041550036705,3.6263041550036705
2003-05-24,0.14135734887622275,0.14135734887622275,3.6263041550036705,3.6263041550036705
2003-05-25,0.14135734887622275,0.14135734887622275,3.5119361008843244,3.5119361008843244
2003-05-26,0.14913848734647353,0.14913848734647353,3.6249094226363616,3.6249094226363616
2003-05-27,0.14654477452305661,0.14654477452305661,3.6514093376152346,3.6514093376152346
2003-05-28,0.14913848734647353,0.14913848734647353,3.6514093376152346,3.6514093376152346
2003-05-29,0.15173220016989047,0.15173220016989047,3.6918565762671993,3.6918565762671993
2003-05-30,0.14913848734647353,0.14913848734647353,3.7183564912460723,3.7183564912460723
2003-05-31,0.15173220016989047,0.15173220016989047,3.828540348263491,3.828540348263491
2003-06-01,0.15173220016989047,0.15173220016989047,3.894092769527019,3.894092769527019
2003-06-02,0.13357621040597195,0.13357621040597195,3.9708030497290205,3.9708030497290205
2003-06-03,0.14913848734647353,0.14913848734647353,3.894092769527019,3.894092769527019
2003-06-04,0.14524791811134816,0.14524791811134816,3.793672039080764,3.793672039080764
2003-06-05,0.14524791811134816,0.14524791811134816,3.83132981299811,3.83132981299811
2003-06-06,0.1582164822284328,0.1582164822284328,3.5788832545151616,3.5788832545151616
2003-06-07,0.15173220016989047,0.15173220016989047,3.3445682168072324,3.3445682168072324
2003-06-08,0.15173220016989047,0.15173220016989047,3.3445682168072324,3.3445682168072324
2003-06-09,0.15173220016989047,0.15173220016989047,3.2162528390147944,3.2162528390147944
2003-06-10,0.15173220016989047,0.15173220016989047,3.177200332730139,3.177200332730139
2003-06-11,0.15173220016989047,0.15173220016989047,3.3543313433783957,3.3543313433783957
2003-06-12,0.14913848734647353,0.14913848734647353,3.5788832545151616,3.5788832545151616
2003-06-13,0.1659976206986836,0.1659976206986836,3.7657773917345816,3.7657773917345816
2003-06-14,0.1647007642869751,0.1647007642869751,3.7657773917345816,3.7657773917345816
2003-06-15,0.16340390787526665,0.16340390787526665,3.7657773917345816,3.7657773917345816
2003-06-16,0.15562276940501585,0.15562276940501585,3.6541988023498533,3.6541988023498533
2003-06-17,0.15562276940501585,0.15562276940501585,3.54959387480167,3.54959387480167
2003-06-18,0.15691962581672436,0.15691962581672436,3.7281196178172356,3.7281196178172356
2003-06-19,0.15562276940501585,0.15562276940501585,3.7197512236133807,3.7197512236133807
2003-06-20,0.15562276940501585,0.15562276940501585,3.8006457009173085,3.8006457009173085
2003-06-21,0.1543259129933074,0.1543259129933074,4.007066091279056,4.007066091279056
2003-06-22,0.16340390787526665,0.16340390787526665,4.044723865196402,4.044723865196402
2003-06-23,0.1647007642869751,0.1647007642869751,4.044723865196402,4.044723865196402
2003-06-24,0.16210705146355817,0.16210705146355817,3.895487501894328,3.895487501894328
2003-06-25,0.16210705146355817,0.16210705146355817,3.9708030497290205,3.9708030497290205
2003-06-26,0.17118504634551746,0.17118504634551746,4.01682921785022,4.01682921785022
2003-06-27,0.17118504634551746,0.17118504634551746,4.11027628645993,4.11027628645993
2003-06-28,0.15951333864014125,0.15951333864014125,4.156302454581131,4.156302454581131
2003-06-29,0.15302905658159893,0.15302905658159893,4.082381639113748,4.082381639113748
2003-06-30,0.16340390787526665,0.16340390787526665,4.193960228498476,4.193960228498476
2003-07-01,0.16340390787526665,0.16340390787526665,4.146539328009967,4.146539328009967
2003-07-02,0.16340390787526665,0.16340390787526665,4.184197101927313,4.184197101927313
2003-07-03,0.16340390787526665,0.16340390787526665,4.166065581152294,4.166065581152294
2003-07-04,0.16340390787526665,0.16340390787526665,4.023802879686765,4.023802879686765
2003-07-05,0.16340390787526665,0.16340390787526665,4.034960738625238,4.034960738625238
2003-07-06,0.16340390787526665,0.16340390787526665,4.034960738625238,4.034960738625238
2003-07-07,0.15951333864014125,0.15951333864014125,3.894092769527019,3.894092769527019
2003-07-08,0.15691962581672436,0.15691962581672436,4.03356600625793,4.03356600625793
2003-07-09,0.16729447711039205,0.16729447711039205,4.117249948296475,4.117249948296475
2003-07-10,0.17248190275722594,0.17248190275722594,4.03356600625793,4.03356600625793
2003-07-11,0.1685913335221005,0.1685913335221005,3.894092769527019,3.894092769527019
2003-07-12,0.16340390787526665,0.16340390787526665,3.894092769527019,3.894092769527019
2003-07-13,0.16340390787526665,0.16340390787526665,3.9708030497290205,3.9708030497290205
2003-07-14,0.1543259129933074,0.1543259129933074,3.942908402382838,3.942908402382838
2003-07-15,0.15951333864014125,0.15951333864014125,3.942908402382838,3.942908402382838
2003-07-16,0.16340390787526665,0.16340390787526665,4.0363554709925475,4.0363554709925475
2003-07-17,0.16081019505184974,0.16081019505184974,4.082381639113748,4.082381639113748
2003-07-18,0.16340390787526665,0.16340390787526665,4.11027628645993,4.11027628645993
2003-07-19,0.1647007642869751,0.1647007642869751,4.184197101927313,4.184197101927313
2003-07-20,0.16081019505184974,0.16081019505184974,4.184197101927313,4.184197101927313
2003-07-21,0.169888189933809,0.169888189933809,4.092144765684911,4.092144765684911
2003-07-22,0.16729447711039205,0.16729447711039205,4.20511808743695,4.20511808743695
2003-07-23,0.16729447711039205,0.16729447711039205,4.202328622702331,4.202328622702331
2003-07-24,0.16729447711039205,0.16729447711039205,4.192565496131167,4.192565496131167
2003-07-25,0.1659976206986836,0.1659976206986836,4.266486311598549,4.266486311598549
2003-07-26,0.16729447711039205,0.16729447711039205,4.304144085515896,4.304144085515896
2003-07-27,0.16729447711039205,0.16729447711039205,4.122828877765713,4.122828877765713
2003-07-28,0.16340390787526665,0.16340390787526665,4.021013414952148,4.021013414952148
2003-07-29,0.1659976206986836,0.1659976206986836,3.8843296429558554,3.8843296429558554
2003-07-30,0.1647007642869751,0.1647007642869751,3.8341192777327278,3.8341192777327278
2003-07-31,0.1647007642869751,0.1647007642869751,4.0112502883809835,4.0112502883809835
2003-08-01,0.16729447711039205,0.16729447711039205,4.057276456502184,4.057276456502184
2003-08-02,0.15302905658159893,0.15302905658159893,3.940118937648219,3.940118937648219
2003-08-03,0.1543259129933074,0.1543259129933074,3.8815401782212375,3.8815401782212375
2003-08-04,0.15562276940501585,0.15562276940501585,3.6290936197382893,3.6290936197382893
2003-08-05,0.15302905658159893,0.15302905658159893,3.5551728042709065,3.5551728042709065
2003-08-06,0.1543259129933074,0.1543259129933074,3.4156995675399964,3.4156995675399964
2003-08-07,0.16081019505184974,0.16081019505184974,3.4156995675399964,3.4156995675399964
2003-08-08,0.1543259129933074,0.1543259129933074,3.4059364409688326,3.4059364409688326
2003-08-09,0.14654477452305661,0.14654477452305661,3.312489372359122,3.312489372359122
2003-08-10,0.14654477452305661,0.14654477452305661,3.276226330809086,3.276226330809086
2003-08-11,0.14654477452305661,0.14654477452305661,3.20788444481094,3.20788444481094
2003-08-12,0.1543259129933074,0.1543259129933074,3.184173994566685,3.184173994566685
2003-08-13,0.14524791811134816,0.14524791811134816,3.2859894573802495,3.2859894573802495
2003-08-14,0.15302905658159893,0.15302905658159893,3.304120978155268,3.304120978155268
2003-08-15,0.14524791811134816,0.14524791811134816,3.304120978155268,3.304120978155268
2003-08-16,0.14524791811134816,0.14524791811134816,3.2957525839514132,3.2957525839514132
2003-08-17,0.14006049246451427,0.14006049246451427,3.426857426478469,3.426857426478469
2003-08-18,0.13487306681768044,0.13487306681768044,3.2999367810533404,3.2999367810533404
2003-08-19,0.12190450270059575,0.12190450270059575,3.1995160506070857,3.1995160506070857
2003-08-20,0.12320135911230422,0.12320135911230422,3.1660424737916664,3.1660424737916664
2003-08-21,0.1089359385835111,0.1089359385835111,3.1214110380377758,3.1214110380377758
2003-08-22,0.1089359385835111,0.1089359385835111,3.12977943224163,3.12977943224163
2003-08-23,0.10504536934838571,0.10504536934838571,3.12977943224163,3.12977943224163
2003-08-24,0.10504536934838571,0.10504536934838571,3.026569237060756,3.026569237060756
2003-08-25,0.11931078987717883,0.11931078987717883,2.909411718206792,2.909411718206792
2003-08-26,0.11801393346547037,0.11801393346547037,2.7378596370277717,2.7378596370277717
2003-08-27,0.12968564117084655,0.12968564117084655,2.675096680498862,2.675096680498862
2003-08-28,0.12190450270059575,0.12190450270059575,2.537018176135261,2.537018176135261
2003-08-29,0.1089359385835111,0.1089359385835111,2.5425971056044974,2.5425971056044974
2003-08-30,0.10374851293667725,0.10374851293667725,2.6053600621334065,2.6053600621334065
2003-08-31,0.10245165652496876,0.10245165652496876,2.668123018662316,2.668123018662316
2003-09-01,0.10245165652496876,0.10245165652496876,2.5774654147872247,2.5774654147872247
2003-09-02,0.10374851293667725,0.10374851293667725,2.6792808776007893,2.6792808776007893
2003-09-03,0.10374851293667725,0.10374851293667725,2.55375496454297,2.55375496454297
2003-09-04,0.10374851293667725,0.10374851293667725,2.534228711400642,2.534228711400642
2003-09-05,0.10374851293667725,0.10374851293667725,2.389176545200496,2.389176545200496
2003-09-06,0.10374851293667725,0.10374851293667725,2.389176545200496,2.389176545200496
2003-09-07,0.11801393346547037,0.11801393346547037,2.3194399268350407,2.3194399268350407
2003-09-08,0.11801393346547037,0.11801393346547037,2.3598871654870046,2.3598871654870046
2003-09-09,0.1167170770537619,0.1167170770537619,2.2678348292446033,2.2678348292446033
2003-09-10,0.11542022064205343,0.11542022064205343,2.2748084910811492,2.2748084910811492
2003-09-11,0.1167170770537619,0.1167170770537619,2.122782663044457,2.122782663044457
2003-09-12,0.1089359385835111,0.1089359385835111,2.122782663044457,2.122782663044457
2003-09-13,0.08818623599617564,0.08818623599617564,2.122782663044457,2.122782663044457
2003-09-14,0.08818623599617564,0.08818623599617564,2.1353352543502386,2.1353352543502386
2003-09-15,0.07392081546738254,0.07392081546738254,1.9177570050500183,1.9177570050500183
2003-09-16,0.07392081546738254,0.07392081546738254,1.6918103615459434,1.6918103615459434
2003-09-17,0.07392081546738254,0.07392081546738254,1.5091004214284507,1.5091004214284507
2003-09-18,0.07392081546738254,0.07392081546738254,1.5593107866515787,1.5593107866515787
2003-09-19,0.07392081546738254,0.07392081546738254,1.7071524175863435,1.7071524175863435
2003-09-20,0.07392081546738254,0.07392081546738254,1.808967880399908,1.808967880399908
2003-09-21,0.0907799488195926,0.0907799488195926,1.72807340309598,1.72807340309598
2003-09-22,0.09467051805471799,0.09467051805471799,1.72807340309598,1.72807340309598
2003-09-23,0.10115480011326032,0.10115480011326032,1.8117573451345266,1.8117573451345266
2003-09-24,0.08818623599617564,0.08818623599617564,1.9833094263135462,1.9833094263135462
2003-09-25,0.08170195393763333,0.08170195393763333,2.051651312311692,2.051651312311692
2003-09-26,0.08170195393763333,0.08170195393763333,2.0112040736597283,2.0112040736597283
2003-09-27,0.07392081546738254,0.07392081546738254,1.9372832581923458,1.9372832581923458
2003-09-28,0.06743653340884022,0.06743653340884022,2.6485967655199887,2.6485967655199887
2003-09-29,0.06873338982054866,0.06873338982054866,1.9303095963558001,1.9303095963558001
2003-09-30,0.07003024623225713,0.07003024623225713,0.6359979594929516,0.6359979594929516
2003-10-01,0.042796261586379364,0.042796261586379364,1.9303095963558001,1.9303095963558001
2003-10-02,0.042796261586379364,0.042796261586379364,0.6053138474121512,0.6053138474121512
2003-10-03,0.042796261586379364,0.042796261586379364,0.5718402705967327,0.5718402705967327
2003-10-04,0.042796261586379364,0.042796261586379364,0.5704455382294236,0.5704455382294236
2003-10-05,0.042796261586379364,0.042796261586379364,0.5676560734948055,0.5676560734948055
2003-10-06,0.042796261586379364,0.042796261586379364,0.6471558184314243,0.6471558184314243
2003-10-07,0.0414994051746709,0.0414994051746709,0.6471558184314243,0.6471558184314243
2003-10-08,0.05576482570346402,0.05576482570346402,0.6471558184314243,0.6471558184314243
2003-10-09,0.05706168211517248,0.05706168211517248,0.6471558184314243,0.6471558184314243
2003-10-10,0.04668683082150476,0.04668683082150476,0.6443663536968062,0.6443663536968062
2003-10-11,0.0453899744097963,0.0453899744097963,0.6443663536968062,0.6443663536968062
2003-10-12,0.0453899744097963,0.0453899744097963,0.5648666087601872,0.5648666087601872
2003-10-13,0.0453899744097963,0.0453899744097963,0.5369719614140052,0.5369719614140052
2003-10-14,0.0453899744097963,0.0453899744097963,0.5369719614140052,0.5369719614140052
2003-10-15,0.03631197952783704,0.03631197952783704,0.5411561585159324,0.5411561585159324
2003-10-16,0.042796261586379364,0.042796261586379364,0.5369719614140052,0.5369719614140052
2003-10-17,0.04409311799808782,0.04409311799808782,0.5369719614140052,0.5369719614140052
2003-10-18,0.042796261586379364,0.042796261586379364,0.5369719614140052,0.5369719614140052
2003-10-19,0.042796261586379364,0.042796261586379364,0.5369719614140052,0.5369719614140052
2003-10-20,0.042796261586379364,0.042796261586379364,0.49234052566011377,0.49234052566011377
2003-10-21,0.042796261586379364,0.042796261586379364,0.49234052566011377,0.49234052566011377
2003-10-22,0.042796261586379364,0.042796261586379364,0.46026168121200445,0.46026168121200445
2003-10-23,0.042796261586379364,0.042796261586379364,0.4560774841100771,0.4560774841100771
2003-10-24,0.04928054364492169,0.04928054364492169,0.4644458783139317,0.4644458783139317
2003-10-25,0.04928054364492169,0.04928054364492169,0.4560774841100771,0.4560774841100771
2003-10-26,0.03371826670442011,0.03371826670442011,0.25523602321756605,0.25523602321756605
2003-10-27,0.03242141029271164,0.03242141029271164,0.3291568386849486,0.3291568386849486
2003-10-28,0.03371826670442011,0.03371826670442011,0.3291568386849486,0.3291568386849486
2003-10-29,0.03371826670442011,0.03371826670442011,0.3249726415830213,0.3249726415830213
2003-10-30,0.03371826670442011,0.03371826670442011,0.08368394203854625,0.08368394203854625
2003-10-31,0.012968564117084656,0.012968564117084656,0.08089447730392804,0.08089447730392804
2003-11-01,0.012968564117084656,0.012968564117084656,0.08089447730392804,0.08089447730392804
2003-11-02,0.012968564117084656,0.012968564117084656,0.08089447730392804,0.08089447730392804
2003-11-03,0.012968564117084656,0.012968564117084656,0.07252608310007341,0.07252608310007341
2003-11-04,0.012968564117084656,0.012968564117084656,0.05578929469236416,0.05578929469236416
2003-11-05,0.012968564117084656,0.012968564117084656,0.04463143575389134,0.04463143575389134
2003-11-06,0.010374851293667725,0.010374851293667725,0.061368224161600586,0.061368224161600586
2003-11-07,0.00907799488195926,0.00907799488195926,0.061368224161600586,0.061368224161600586
2003-11-08,0.00907799488195926,0.00907799488195926,0.061368224161600586,0.061368224161600586
2003-11-09,0.00907799488195926,0.00907799488195926,0.061368224161600586,0.061368224161600586
2003-11-10,0.00907799488195926,0.00907799488195926,0.061368224161600586,0.061368224161600586
2003-11-11,0.00907799488195926,0.00907799488195926,0.061368224161600586,0.061368224161600586
2003-11-12,0.012968564117084656,0.012968564117084656,0.061368224161600586,0.061368224161600586
2003-11-13,0.01815598976391852,0.01815598976391852,0.06973661836545522,0.06973661836545522
2003-11-14,0.01815598976391852,0.01815598976391852,0.06973661836545522,0.06973661836545522
2003-11-15,0.01815598976391852,0.01815598976391852,0.06973661836545522,0.06973661836545522
2003-11-16,0.01815598976391852,0.01815598976391852,0.06973661836545522,0.06973661836545522
2003-11-17,0.01815598976391852,0.01815598976391852,0.06973661836545522,0.06973661836545522
2003-11-18,0.01815598976391852,0.01815598976391852,0.06973661836545522,0.06973661836545522
2003-11-19,0.01815598976391852,0.01815598976391852,0.06973661836545522,0.06973661836545522
2003-11-20,0.01815598976391852,0.01815598976391852,0.061368224161600586,0.061368224161600586
2003-11-21,0.01815598976391852,0.01815598976391852,0.061368224161600586,0.061368224161600586
2003-11-22,0.01815598976391852,0.01815598976391852,0.061368224161600586,0.061368224161600586
2003-11-23,0.01815598976391852,0.01815598976391852,0.061368224161600586,0.061368224161600586
2003-11-24,0.01815598976391852,0.01815598976391852,0.061368224161600586,0.061368224161600586
2003-11-25,0.01815598976391852,0.01815598976391852,0.061368224161600586,0.061368224161600586
2003-11-26,0.01815598976391852,0.01815598976391852,0.061368224161600586,0.061368224161600586
2003-11-27,0.01815598976391852,0.01815598976391852,0.061368224161600586,0.061368224161600586
2003-11-28,0.01815598976391852,0.01815598976391852,0.061368224161600586,0.061368224161600586
2003-11-29,0.01815598976391852,0.01815598976391852,0.061368224161600586,0.061368224161600586
2003-11-30,0.01815598976391852,0.01815598976391852,0.061368224161600586,0.061368224161600586
2003-12-01,0.01815598976391852,0.01815598976391852,0.061368224161600586,0.061368224161600586
2003-12-02,0.01815598976391852,0.01815598976391852,0.05857875942698238,0.05857875942698238
2003-12-03,0.01815598976391852,0.01815598976391852,0.05857875942698238,0.05857875942698238
2003-12-04,0.015562276940501586,0.015562276940501586,0.061368224161600586,0.061368224161600586
2003-12-05,0.015562276940501586,0.015562276940501586,0.061368224161600586,0.061368224161600586
2003-12-06,0.01815598976391852,0.01815598976391852,0.061368224161600586,0.061368224161600586
2003-12-07,0.01815598976391852,0.01815598976391852,0.061368224161600586,0.061368224161600586
2003-12-08,0.01815598976391852,0.01815598976391852,0.061368224161600586,0.061368224161600586
2003-12-09,0.01815598976391852,0.01815598976391852,0.061368224161600586,0.061368224161600586
2003-12-10,0.01815598976391852,0.01815598976391852,0.061368224161600586,0.061368224161600586
2003-12-11,0.01426542052879312,0.01426542052879312,0.061368224161600586,0.061368224161600586
2003-12-12,0.01167170770537619,0.01167170770537619,0.06973661836545522,0.06973661836545522
2003-12-13,0.010374851293667725,0.010374851293667725,0.06973661836545522,0.06973661836545522
2003-12-14,0.00907799488195926,0.00907799488195926,0.05857875942698238,0.05857875942698238
2003-12-15,0.00907799488195926,0.00907799488195926,0.05857875942698238,0.05857875942698238
2003-12-16,0.00907799488195926,0.00907799488195926,0.061368224161600586,0.061368224161600586
2003-12-17,0.00907799488195926,0.00907799488195926,0.061368224161600586,0.061368224161600586
2003-12-18,0.007781138470250793,0.007781138470250793,0.05857875942698238,0.05857875942698238
2003-12-19,0.00907799488195926,0.00907799488195926,0.061368224161600586,0.061368224161600586
2003-12-20,0.00907799488195926,0.00907799488195926,0.061368224161600586,0.061368224161600586
2003-12-21,0.00907799488195926,0.00907799488195926,0.05857875942698238,0.05857875942698238
2003-12-22,0.007781138470250793,0.007781138470250793,0.05857875942698238,0.05857875942698238
2003-12-23,0.006484282058542328,0.006484282058542328,0.05299982995774596,0.05299982995774596
2003-12-24,0.006484282058542328,0.006484282058542328,0.05299982995774596,0.05299982995774596
2003-12-25,0.006484282058542328,0.006484282058542328,0.05299982995774596,0.05299982995774596
2003-12-26,0.006484282058542328,0.006484282058542328,0.05299982995774596,0.05299982995774596
2003-12-27,0.007781138470250793,0.007781138470250793,0.05299982995774596,0.05299982995774596
2003-12-28,0.007781138470250793,0.007781138470250793,0.04742090048850955,0.04742090048850955
2003-12-29,0.007781138470250793,0.007781138470250793,0.04742090048850955,0.04742090048850955
2003-12-30,0.007781138470250793,0.007781138470250793,0.05299982995774596,0.05299982995774596
2003-12-31,0.007781138470250793,0.007781138470250793,0.05299982995774596,0.05299982995774596
2004-01-01,0.007781138470250793,0.007781138470250793,0.04742090048850955,0.04742090048850955
2004-01-02,0.007781138470250793,0.007781138470250793,0.04742090048850955,0.04742090048850955
2004-01-03,0.007781138470250793,0.007781138470250793,0.04742090048850955,0.04742090048850955
2004-01-04,0.007781138470250793,0.007781138470250793,0.05299982995774596,0.05299982995774596
2004-01-05,0.007781138470250793,0.007781138470250793,0.05299982995774596,0.05299982995774596
2004-01-06,0.007781138470250793,0.007781138470250793,0.05299982995774596,0.05299982995774596
2004-01-07,0.007781138470250793,0.007781138470250793,0.05299982995774596,0.05299982995774596
2004-01-08,0.007781138470250793,0.007781138470250793,0.05299982995774596,0.05299982995774596
2004-01-09,0.007781138470250793,0.007781138470250793,0.05299982995774596,0.05299982995774596
2004-01-10,0.007781138470250793,0.007781138470250793,0.05299982995774596,0.05299982995774596
2004-01-11,0.007781138470250793,0.007781138470250793,0.05299982995774596,0.05299982995774596
2004-01-12,0.007781138470250793,0.007781138470250793,0.05578929469236416,0.05578929469236416
2004-01-13,0.007781138470250793,0.007781138470250793,0.05578929469236416,0.05578929469236416
2004-01-14,0.007781138470250793,0.007781138470250793,0.05578929469236416,0.05578929469236416
2004-01-15,0.007781138470250793,0.007781138470250793,0.05578929469236416,0.05578929469236416
2004-01-16,0.007781138470250793,0.007781138470250793,0.05578929469236416,0.05578929469236416
2004-01-17,0.007781138470250793,0.007781138470250793,0.05578929469236416,0.05578929469236416
2004-01-18,0.007781138470250793,0.007781138470250793,0.05578929469236416,0.05578929469236416
2004-01-19,0.007781138470250793,0.007781138470250793,0.05578929469236416,0.05578929469236416
2004-01-20,0.007781138470250793,0.007781138470250793,0.05578929469236416,0.05578929469236416
2004-01-21,0.007781138470250793,0.007781138470250793,0.061368224161600586,0.061368224161600586
2004-01-22,0.007781138470250793,0.007781138470250793,0.05578929469236416,0.05578929469236416
2004-01-23,0.007781138470250793,0.007781138470250793,0.05578929469236416,0.05578929469236416
2004-01-24,0.007781138470250793,0.007781138470250793,0.05578929469236416,0.05578929469236416
2004-01-25,0.007781138470250793,0.007781138470250793,0.05299982995774596,0.05299982995774596
2004-01-26,0.007781138470250793,0.007781138470250793,0.05578929469236416,0.05578929469236416
2004-01-27,0.007781138470250793,0.007781138470250793,0.05578929469236416,0.05578929469236416
2004-01-28,0.007781138470250793,0.007781138470250793,0.05299982995774596,0.05299982995774596
2004-01-29,0.007781138470250793,0.007781138470250793,0.05578929469236416,0.05578929469236416
2004-01-30,0.007781138470250793,0.007781138470250793,0.05578929469236416,0.05578929469236416
2004-01-31,0.007781138470250793,0.007781138470250793,0.05578929469236416,0.05578929469236416
2004-02-01,0.007781138470250793,0.007781138470250793,0.05578929469236416,0.05578929469236416
2004-02-02,0.010374851293667725,0.010374851293667725,0.05578929469236416,0.05578929469236416
2004-02-03,0.010374851293667725,0.010374851293667725,0.061368224161600586,0.061368224161600586
2004-02-04,0.010374851293667725,0.010374851293667725,0.061368224161600586,0.061368224161600586
2004-02-05,0.010374851293667725,0.010374851293667725,0.05578929469236416,0.05578929469236416
2004-02-06,0.010374851293667725,0.010374851293667725,0.05578929469236416,0.05578929469236416
2004-02-07,0.010374851293667725,0.010374851293667725,0.05578929469236416,0.05578929469236416
2004-02-08,0.007781138470250793,0.007781138470250793,0.05578929469236416,0.05578929469236416
2004-02-09,0.007781138470250793,0.007781138470250793,0.05578929469236416,0.05578929469236416
2004-02-10,0.007781138470250793,0.007781138470250793,0.05578929469236416,0.05578929469236416
2004-02-11,0.010374851293667725,0.010374851293667725,0.05578929469236416,0.05578929469236416
2004-02-12,0.010374851293667725,0.010374851293667725,0.05578929469236416,0.05578929469236416
2004-02-13,0.007781138470250793,0.007781138470250793,0.05578929469236416,0.05578929469236416
2004-02-14,0.007781138470250793,0.007781138470250793,0.05578929469236416,0.05578929469236416
2004-02-15,0.007781138470250793,0.007781138470250793,0.05578929469236416,0.05578929469236416
2004-02-16,0.007781138470250793,0.007781138470250793,0.05578929469236416,0.05578929469236416
2004-02-17,0.0,0.0,0.05578929469236416,0.05578929469236416
2004-02-18,0.0,0.0,0.05578929469236416,0.05578929469236416
2004-02-19,0.0,0.0,0.05578929469236416,0.05578929469236416
2004-02-20,0.0,0.0,0.061368224161600586,0.061368224161600586
2004-02-21,0.0,0.0,0.05578929469236416,0.05578929469236416
2004-02-22,0.0,0.0,0.061368224161600586,0.061368224161600586
2004-02-23,0.0,0.0,0.05578929469236416,0.05578929469236416
2004-02-24,0.0,0.0,0.05578929469236416,0.05578929469236416
2004-02-25,0.0,0.0,0.05578929469236416,0.05578929469236416
2004-02-26,0.0,0.0,0.061368224161600586,0.061368224161600586
2004-02-27,0.0,0.0,0.061368224161600586,0.061368224161600586
2004-02-28,0.0,0.0,0.061368224161600586,0.061368224161600586
2004-02-29,0.0,0.0,0.061368224161600586,0.061368224161600586
2004-03-01,0.0,0.0,0.061368224161600586,0.061368224161600586
2004-03-02,0.0,0.0,0.061368224161600586,0.061368224161600586
2004-03-03,0.0,0.0,0.061368224161600586,0.061368224161600586
2004-03-04,0.0,0.0,0.061368224161600586,0.061368224161600586
2004-03-05,0.0,0.0,0.061368224161600586,0.061368224161600586
2004-03-06,0.0,0.0,0.061368224161600586,0.061368224161600586
2004-03-07,0.0038905692351253966,0.0038905692351253966,0.6499452831660426,0.6499452831660426
2004-03-08,0.005187425646833862,0.005187425646833862,0.6527347479006609,0.6527347479006609
2004-03-09,0.005187425646833862,0.005187425646833862,0.6527347479006609,0.6527347479006609
2004-03-10,0.01426542052879312,0.01426542052879312,0.6527347479006609,0.6527347479006609
2004-03-11,0.012968564117084656,0.012968564117084656,0.655524212635279,0.655524212635279
2004-03-12,0.012968564117084656,0.012968564117084656,0.6611031421045154,0.6611031421045154
2004-03-13,0.012968564117084656,0.012968564117084656,0.5258141024755323,0.5258141024755323
2004-03-14,0.01426542052879312,0.01426542052879312,0.454682751742768,0.454682751742768
2004-03-15,0.005187425646833862,0.005187425646833862,0.454682751742768,0.454682751742768
2004-03-16,0.006484282058542328,0.006484282058542328,0.454682751742768,0.454682751742768
2004-03-17,0.006484282058542328,0.006484282058542328,0.454682751742768,0.454682751742768
2004-03-18,0.012968564117084656,0.012968564117084656,0.454682751742768,0.454682751742768
2004-03-19,0.012968564117084656,0.012968564117084656,0.6053138474121512,0.6053138474121512
2004-03-20,0.012968564117084656,0.012968564117084656,1.3054694958013218,1.3054694958013218
2004-03-21,0.012968564117084656,0.012968564117084656,1.3863639731052495,1.3863639731052495
2004-03-22,0.012968564117084656,0.012968564117084656,1.4379690706956867,1.4379690706956867
2004-03-23,0.012968564117084656,0.012968564117084656,1.6276526726497247,1.6276526726497247
2004-03-24,0.04668683082150476,0.04668683082150476,1.6890208968113254,1.6890208968113254
2004-03-25,0.06484282058542327,0.06484282058542327,1.7559680504421622,1.7559680504421622
2004-03-26,0.062249107762006345,0.062249107762006345,1.7559680504421622,1.7559680504421622
2004-03-27,0.06354596417371482,0.06354596417371482,1.7559680504421622,1.7559680504421622
2004-03-28,0.06873338982054866,0.06873338982054866,1.7559680504421622,1.7559680504421622
2004-03-29,0.07003024623225713,0.07003024623225713,1.7559680504421622,1.7559680504421622
2004-03-30,0.07651452829079947,0.07651452829079947,1.6151000813439425,1.6151000813439425
2004-03-31,0.08170195393763333,0.08170195393763333,1.6234684755477973,1.6234684755477973
2004-04-01,0.04853948282711522,0.04853948282711522,1.260041070083404,1.260041070083404
2004-04-02,0.053726908473949085,0.053726908473949085,1.3875594579118158,1.3875594579118158
2004-04-03,0.06113751654826521,0.06113751654826521,1.484792228780913,1.484792228780913
2004-04-04,0.06484282058542327,0.06484282058542327,1.6322353645941918,1.6322353645941918
2004-04-05,0.07521767187909101,0.07521767187909101,1.722693721187487,1.722693721187487
2004-04-06,0.07744085430657327,0.07744085430657327,1.7079494075503696,1.7079494075503696
2004-04-07,0.08003456712999019,0.08003456712999019,1.7936258243595082,1.7936258243595082
2004-04-08,0.07707032388470147,0.07707032388470147,1.8836856858313167,1.8836856858313167
2004-04-09,0.07003024623225713,0.07003024623225713,1.7390320144737097,1.7390320144737097
2004-04-10,0.08262827995340713,0.08262827995340713,1.7350470649325256,1.7350470649325256
2004-04-11,0.07114183744599828,0.07114183744599828,1.6402052639555067,1.6402052639555067
2004-04-12,0.07484714148315633,0.07484714148315633,1.5541303520248821,1.5541303520248821
2004-04-13,0.06780706380477489,0.06780706380477489,1.6513631228939796,1.6513631228939796
2004-04-14,0.07299448945160873,0.07299448945160873,1.7884453897328116,1.7884453897328116
2004-04-15,0.08818623599617564,0.08818623599617564,2.0275423672248976,2.0275423672248976
2004-04-16,0.09596737446642645,0.09596737446642645,2.178173462894281,2.178173462894281
2004-04-17,0.10004320889951919,0.10004320889951919,2.3236241239369675,2.3236241239369675
2004-04-18,0.10004320889951919,0.10004320889951919,2.4619018758613125,2.4619018758613125
2004-04-19,0.10597169536415953,0.10597169536415953,2.3475338217419655,2.3475338217419655
2004-04-20,0.10374851293667725,0.10374851293667725,2.2240003834547384,2.2240003834547384
2004-04-21,0.09559684407049181,0.09559684407049181,2.289752052279009,2.289752052279009
2004-04-22,0.09300313124707485,0.09300313124707485,2.4308192686590253,2.4308192686590253
2004-04-23,0.09744949607610225,0.09744949607610225,2.4738567247638112,2.4738567247638112
2004-04-24,0.10560116494228772,0.10560116494228772,2.4937814727486787,2.4937814727486787
2004-04-25,0.10819487776570463,0.10819487776570463,2.6308637395875105,2.6308637395875105
2004-04-26,0.11227071222473452,0.11227071222473452,2.6073525369039987,2.6073525369039987
2004-04-27,0.11264124262066916,0.11264124262066916,2.69900637830386,2.69900637830386
2004-04-28,0.11264124262066916,0.11264124262066916,2.342353387115269,2.342353387115269
2004-04-29,0.11301177301660384,0.11301177301660384,2.9225620527526956,2.9225620527526956
2004-04-30,0.11412336423034496,0.11412336423034496,3.0150128835586902,3.0150128835586902
2004-05-01,0.1167170770537619,0.1167170770537619,3.0070429839184283,3.0070429839184283
2004-05-02,0.10367070155197473,0.10367070155197473,3.08714047209517,3.08714047209517
2004-05-03,0.1274624587433643,0.1274624587433643,3.1349598671472734,3.1349598671472734
2004-05-04,0.12598033713368853,0.12598033713368853,3.1489071908203643,3.1489071908203643
2004-05-05,0.12523927634181917,0.12523927634181917,3.194335615701442,3.194335615701442
2004-05-06,0.12486874591994737,0.12486874591994737,3.3864101878265047,3.3864101878265047
2004-05-07,0.12709192834742963,0.12709192834742963,3.4449889472534876,3.4449889472534876
2004-05-08,0.12635086752962316,0.12635086752962316,3.5286728892920336,3.5286728892920336
2004-05-09,0.12635086752962316,0.12635086752962316,3.615943285192386,3.615943285192386
2004-05-10,0.1289445803530401,0.1289445803530401,3.676116025663205,3.676116025663205
2004-05-11,0.13116776278052233,0.13116776278052233,3.70241669196555,3.70241669196555
2004-05-12,0.13709624924516267,0.13709624924516267,3.7458526440286604,3.7458526440286604
2004-05-13,0.13968996206857962,0.13968996206857962,3.8056268871464236,3.8056268871464236
2004-05-14,0.14191314447012474,0.14191314447012474,3.86540113305365,3.86540113305365
2004-05-15,0.14524791811134816,0.14524791811134816,3.757408997530727,3.757408997530727
2004-05-16,0.14673003972102394,0.14673003972102394,3.8020404332846183,3.8020404332846183
2004-05-17,0.14561844850728278,0.14561844850728278,3.8247546457251573,3.8247546457251573
2004-05-18,0.14376579650167234,0.14376579650167234,3.7972584929425683,3.7972584929425683
2004-05-19,0.14710057011695862,0.14710057011695862,3.8418899286964603,3.8418899286964603
2004-05-20,0.14747110053883042,0.14747110053883042,3.802837422411805,3.802837422411805
2004-05-21,0.14821216133069975,0.14821216133069975,3.8359789218189615,3.8359789218189615
2004-05-22,0.15043534375818202,0.15043534375818202,3.774610697657361,3.774610697657361
2004-05-23,0.15043534375818202,0.15043534375818202,3.755084444515033,3.755084444515033
2004-05-24,0.14969428294037554,0.14969428294037554,3.7466496331558474,3.7466496331558474
2004-05-25,0.1537701173994054,0.1537701173994054,3.7665743808617687,3.7665743808617687
2004-05-26,0.1537701173994054,0.1537701173994054,3.794867522771543,3.794867522771543
2004-05-27,0.1537701173994054,0.1537701173994054,3.7621909378727763,3.7621909378727763
2004-05-28,0.15525223900908122,0.15525223900908122,3.836709493790817,3.836709493790817
2004-05-29,0.15636383022282235,0.15636383022282235,3.8331230399290117,3.8331230399290117
2004-05-30,0.16340390787526665,0.16340390787526665,3.787694615047934,3.787694615047934
2004-05-31,0.16451549908900778,0.16451549908900778,3.7984539794228134,3.7984539794228134
2004-06-01,0.16822080312616586,0.16822080312616586,3.8745665163846916,3.8745665163846916
2004-06-02,0.16673868151649007,0.16673868151649007,3.934739256855512,3.934739256855512
2004-06-03,0.1685913335221005,0.1685913335221005,3.9443031347501463,3.9443031347501463
2004-06-04,0.1489532221485062,0.1489532221485062,4.022408147319457,4.022408147319457
2004-06-05,0.16488602948494246,0.16488602948494246,4.05946817799668,4.05946817799668
2004-06-06,0.17414928956486905,0.17414928956486905,3.9658218634999054,3.9658218634999054
2004-06-07,0.17489035038267553,0.17489035038267553,3.974987246830947,3.974987246830947
2004-06-08,0.17414928956486905,0.17414928956486905,3.9203934358293635,3.9203934358293635
2004-06-09,0.17340822877299972,0.17340822877299972,3.902461163730874,3.902461163730874
2004-06-10,0.17377875916893437,0.17377875916893437,3.973393265787109,3.973393265787109
2004-06-11,0.17007345513177632,0.17007345513177632,4.078994431139008,4.078994431139008
2004-06-12,0.1763724719923513,0.1763724719923513,4.192963990694761,4.192963990694761
2004-06-13,0.17377875916893437,0.17377875916893437,4.232016496979416,4.232016496979416
2004-06-14,0.17414928956486905,0.17414928956486905,4.246362315216101,4.246362315216101
2004-06-15,0.17785459360202713,0.17785459360202713,4.271467497827664,4.271467497827664
2004-06-16,0.18081883682137867,0.18081883682137867,4.304542580079489,4.304542580079489
2004-06-17,0.17785459360202713,0.17785459360202713,4.261505125369436,4.261505125369436
2004-06-18,0.17489035038267553,0.17489035038267553,4.364316825986716,4.364316825986716
2004-06-19,0.17340822877299972,0.17340822877299972,4.376271674052376,4.376271674052376
2004-06-20,0.17711353281015776,0.17711353281015776,4.292986226577423,4.292986226577423
2004-06-21,0.18044830642544402,0.18044830642544402,4.244369842398133,4.244369842398133
2004-06-22,0.18007777602950936,0.18007777602950936,4.197347436473217,4.197347436473217
2004-06-23,0.17563141117454487,0.17563141117454487,4.213685730317334,4.213685730317334
2004-06-24,0.1811893672432505,0.1811893672432505,4.245565326088914,4.245565326088914
2004-06-25,0.18081883682137867,0.18081883682137867,4.268279538529453,4.268279538529453
2004-06-26,0.18044830642544402,0.18044830642544402,4.25114425555815,4.25114425555815
2004-06-27,0.1811893672432505,0.1811893672432505,4.222851113648375,4.222851113648375
2004-06-28,0.18526520167634325,0.18526520167634325,4.3196853902328245,4.3196853902328245
2004-06-29,0.1845241408585368,0.1845241408585368,4.3491740158333805,4.3491740158333805
2004-06-30,0.18600626246821259,0.18600626246821259,4.514150929739448,4.514150929739448
2004-07-01,0.1878589144997602,0.1878589144997602,4.536865142179987,4.536865142179987
2004-07-02,0.1834125496447956,0.1834125496447956,4.420504615242674,4.420504615242674
2004-07-03,0.1841536104626021,0.1841536104626021,4.4440158168104,4.4440158168104
2004-07-04,0.18044830642544402,0.18044830642544402,4.455572170312466,4.455572170312466
2004-07-05,0.18193042803511986,0.18193042803511986,4.562767316708203,4.562767316708203
2004-07-06,0.18674732328601903,0.18674732328601903,4.60978972263312,4.60978972263312
2004-07-07,0.18711785368195374,0.18711785368195374,4.5683462461774385,4.5683462461774385
2004-07-08,0.18600626246821259,0.18600626246821259,4.488248758000697,4.488248758000697
2004-07-09,0.1841536104626021,0.1841536104626021,4.487451768873511,4.487451768873511
2004-07-10,0.18526520167634325,0.18526520167634325,4.410143745431387,4.410143745431387
2004-07-11,0.18600626246821259,0.18600626246821259,4.400579867536753,4.400579867536753
2004-07-12,0.18526520167634325,0.18526520167634325,4.419309128762429,4.419309128762429
2004-07-13,0.18378308006666744,0.18378308006666744,4.52092534568893,4.52092534568893
2004-07-14,0.18193042803511986,0.18193042803511986,4.51016598131405,4.51016598131405
2004-07-15,0.17896618481576823,0.17896618481576823,4.530489223583564,4.530489223583564
2004-07-16,0.17748406320609247,0.17748406320609247,4.59544390160697,4.59544390160697
2004-07-17,0.17711353281015776,0.17711353281015776,4.596240893523621,4.596240893523621
2004-07-18,0.17822512399796178,0.17822512399796178,4.584684540021556,4.584684540021556
2004-07-19,0.1811893672432505,0.1811893672432505,4.481474344840681,4.481474344840681
2004-07-20,0.17859565441983352,0.17859565441983352,4.431263979617554,4.431263979617554
2004-07-21,0.18081883682137867,0.18081883682137867,4.363519834070065,4.363519834070065
2004-07-22,0.17896618481576823,0.17896618481576823,4.291392245533585,4.291392245533585
2004-07-23,0.1834125496447956,0.1834125496447956,4.365047397958572,4.365047397958572
2004-07-24,0.1815598976391852,0.1815598976391852,4.3021516099084645,4.3021516099084645
2004-07-25,0.1848946712804086,0.1848946712804086,4.288602780798966,4.288602780798966
2004-07-26,0.1848946712804086,0.1848946712804086,4.420106120679081,4.420106120679081
2004-07-27,0.1845241408585368,0.1845241408585368,4.43206096874474,4.43206096874474
2004-07-28,0.18267148885292633,0.18267148885292633,4.400978362100346,4.400978362100346
2004-07-29,0.18081883682137867,0.18081883682137867,4.397790402802135,4.397790402802135
2004-07-30,0.17711353281015776,0.17711353281015776,4.310918498675913,4.310918498675913
2004-07-31,0.17748406320609247,0.17748406320609247,4.248354790823531,4.248354790823531
2004-08-01,0.16970292473584167,0.16970292473584167,4.149926535984707,4.149926535984707
2004-08-02,0.17118504634551746,0.17118504634551746,4.0957312195467175,4.0957312195467175
2004-08-03,0.16933239433990702,0.16933239433990702,4.095332724983123,4.095332724983123
2004-08-04,0.16785027270429403,0.16785027270429403,4.083776371481057,4.083776371481057
2004-08-05,0.16488602948494246,0.16488602948494246,4.112866502518019,4.112866502518019
2004-08-06,0.16562709030274894,0.16562709030274894,4.115257472689045,4.115257472689045
2004-08-07,0.15747542141062632,0.15747542141062632,4.050701289229233,4.050701289229233
2004-08-08,0.15858701262436747,0.15858701262436747,3.9984984483986725,3.9984984483986725
2004-08-09,0.15858701262436747,0.15858701262436747,3.7996494631135933,3.7996494631135933
2004-08-10,0.1519174653678578,0.1519174653678578,3.803634414328457,3.803634414328457
2004-08-11,0.15117640457598847,0.15117640457598847,3.7127775617768353,3.7127775617768353
2004-08-12,0.1533995869775336,0.1533995869775336,3.660176226382683,3.660176226382683
2004-08-13,0.14969428294037554,0.14969428294037554,3.680897966005255,3.680897966005255
2004-08-14,0.15228799576379246,0.15228799576379246,3.641048467803949,3.641048467803949
2004-08-15,0.1489532221485062,0.1489532221485062,3.661637375905323,3.661637375905323
2004-08-16,0.1463595093250893,0.1463595093250893,3.5872516487190165,3.5872516487190165
2004-08-17,0.13857837085483848,0.13857837085483848,3.5581615176820547,3.5581615176820547
2004-08-18,0.13931943164670782,0.13931943164670782,3.5816727192497795,3.5816727192497795
2004-08-19,0.13894890125077314,0.13894890125077314,3.555372052947436,3.555372052947436
2004-08-20,0.13635518842735622,0.13635518842735622,3.4852369372289216,3.4852369372289216
2004-08-21,0.14154261407419008,0.14154261407419008,3.3744553397608454,3.3744553397608454
2004-08-22,0.13450253642174576,0.13450253642174576,3.329425409443361,3.329425409443361
2004-08-23,0.11819919866343771,0.11819919866343771,3.1732153843047413,3.1732153843047413
2004-08-24,0.11745813787156836,0.11745813787156836,3.1361553508380533,3.1361553508380533
2004-08-25,0.1167170770537619,0.1167170770537619,2.97954683113584,2.97954683113584
2004-08-26,0.11449389462627964,0.11449389462627964,2.936509376425787,2.936509376425787
2004-08-27,0.11708760744969654,0.11708760744969654,2.8978553647047254,2.8978553647047254
2004-08-28,0.11708760744969654,0.11708760744969654,2.882314059987796,2.882314059987796
2004-08-29,0.11375283383441032,0.11375283383441032,2.8855020192860077,2.8855020192860077
2004-08-30,0.11560548584002077,0.11560548584002077,2.8269232598590253,2.8269232598590253
2004-08-31,0.11560548584002077,0.11560548584002077,2.811381957931561,2.811381957931561
2004-09-01,0.11560548584002077,0.11560548584002077,2.728893500420634,2.728893500420634
2004-09-02,0.1167170770537619,0.1167170770537619,2.700600357952966,2.700600357952966
2004-09-03,0.11894025948124416,0.11894025948124416,2.6388336389488245,2.6388336389488245
2004-09-04,0.11894025948124416,0.11894025948124416,2.642021598525983,2.642021598525983
2004-09-05,0.11486442504815143,0.11486442504815143,2.60017962750671,2.60017962750671
2004-09-06,0.1089359385835111,0.1089359385835111,2.5858338089910795,2.5858338089910795
2004-09-07,0.10634222576009418,0.10634222576009418,2.5324354841907937,2.5324354841907937
2004-09-08,0.1026369217229361,0.1026369217229361,1.8358662902213212,1.8358662902213212
2004-09-09,0.10041373929545386,0.10041373929545386,2.44396960236809,2.44396960236809
2004-09-10,0.10078426971732564,0.10078426971732564,2.45592445127059,2.45592445127059
2004-09-11,0.10152533050919497,0.10152533050919497,2.435999703285722,2.435999703285722
2004-09-12,0.1041190433326119,0.1041190433326119,2.396548701879581,2.396548701879581
2004-09-13,0.10560116494228772,0.10560116494228772,2.3694510444974246,2.3694510444974246
2004-09-14,0.10560116494228772,0.10560116494228772,2.33000004337023,2.33000004337023
2004-09-15,0.10671275615602883,0.10671275615602883,2.230774797730541,2.230774797730541
2004-09-16,0.10671275615602883,0.10671275615602883,2.181759917313979,2.181759917313979
2004-09-17,0.10597169536415953,0.10597169536415953,2.219218443949528,2.219218443949528
2004-09-18,0.10337798254074258,0.10337798254074258,2.2196169387920675,2.2196169387920675
2004-09-19,0.1041190433326119,0.1041190433326119,2.1590457045944933,2.1590457045944933
2004-09-20,0.10300745211887077,0.10300745211887077,2.0841286516023416,2.0841286516023416
2004-09-21,0.10189586093106678,0.10189586093106678,2.0793467120971316,2.0793467120971316
2004-09-22,0.10226639132700142,0.10226639132700142,2.0701813279292507,2.0701813279292507
2004-09-23,0.10078426971732564,0.10078426971732564,2.072572297821329,2.072572297821329
2004-09-24,0.10041373929545386,0.10041373929545386,2.0713768130147625,2.0713768130147625
2004-09-25,0.09115047921552726,0.09115047921552726,2.0992714603609453,2.0992714603609453
2004-09-26,0.09930214810764984,0.09930214810764984,2.0769557424839995,2.0769557424839995
2004-09-27,0.10041373929545386,0.10041373929545386,2.0458731352817128,2.0458731352817128
2004-09-28,0.1026369217229361,0.1026369217229361,2.0247529024902797,2.0247529024902797
2004-09-29,0.1026369217229361,0.1026369217229361,1.8820917059032647,1.8820917059032647
2004-09-30,0.06928918541445069,0.06928918541445069,1.807573148032599,1.807573148032599
2004-10-01,0.07632926309283213,0.07632926309283213,1.177552612851424,1.177552612851424
2004-10-02,0.07632926309283213,0.07632926309283213,1.806776158068573,1.806776158068573
2004-10-03,0.068918655018516,0.068918655018516,1.8972345143829217,1.8972345143829217
2004-10-04,0.07114183744599828,0.07114183744599828,1.7191072664888425,1.7191072664888425
2004-10-05,0.06854812462258134,0.06854812462258134,1.7111373671275278,1.7111373671275278
2004-10-06,0.06410175976761681,0.06410175976761681,1.6963930534904106,1.6963930534904106
2004-10-07,0.0644722901894886,0.0644722901894886,1.6410022539195328,1.6410022539195328
2004-10-08,0.07077130705006361,0.07077130705006361,1.6481751633168211,1.6481751633168211
2004-10-09,0.06743653340884022,0.06743653340884022,1.6505661329299535,1.6505661329299535
2004-10-10,0.06669547259103374,0.06669547259103374,1.6071301819826278,1.6071301819826278
2004-10-11,0.06410175976761681,0.06410175976761681,1.591190383538945,1.591190383538945
2004-10-12,0.06150804694419988,0.06150804694419988,1.5605062714581446,1.5605062714581446
2004-10-13,0.047057361217439427,0.047057361217439427,1.1297332175203745,1.1297332175203745
2004-10-14,0.046316300425570084,0.046316300425570084,1.057605629262841,1.057605629262841
2004-10-15,0.044834178815894285,0.044834178815894285,1.0512297101085248,1.0512297101085248
2004-10-16,0.04557523960776363,0.04557523960776363,1.0038088096200153,1.0038088096200153
2004-10-17,0.045945770003698296,0.045945770003698296,0.9336736961330739,0.9336736961330739
2004-10-18,0.04001728356499509,0.04001728356499509,0.883463330909946,0.883463330909946
2004-10-19,0.04001728356499509,0.04001728356499509,0.8412228650481329,0.8412228650481329
2004-10-20,0.0444636483940225,0.0444636483940225,0.845207814589317,0.845207814589317
2004-10-21,0.04742789163931123,0.04742789163931123,0.8121327326164387,0.8121327326164387
2004-10-22,0.03964675316906043,0.03964675316906043,0.6108927768813875,0.6108927768813875
2004-10-23,0.04001728356499509,0.04001728356499509,0.7005541432317101,0.7005541432317101
2004-10-24,0.038164631533447506,0.038164631533447506,0.8436138346612649,0.8436138346612649
2004-10-25,0.03779410113751284,0.03779410113751284,0.6603061521404892,0.6603061521404892
2004-10-26,0.045204709211828974,0.045204709211828974,0.7017496283172225,0.7017496283172225
2004-10-27,0.04038781396092977,0.04038781396092977,0.6750504657776065,0.6750504657776065
2004-10-28,0.0370530403456435,0.0370530403456435,0.5666598359700361,0.5666598359700361
2004-10-29,0.03742357074157816,0.03742357074157816,0.4710210453079374,0.4710210453079374
2004-10-30,0.03557091871003057,0.03557091871003057,0.1685633689673424,0.1685633689673424
2004-10-31,0.0073488529988167345,0.0073488529988167345,0.12911236772856907,0.12911236772856907
2004-11-01,0.006484282058542328,0.006484282058542328,0.091122514673493,0.091122514673493
2004-11-02,0.006484282058542328,0.006484282058542328,0.091122514673493,0.091122514673493
2004-11-03,0.007040077662819179,0.007040077662819179,0.1120435001831296,0.1120435001831296
2004-11-04,0.009263260082520305,0.009263260082520305,0.15421755034013293,0.15421755034013293
2004-11-05,0.009263260082520305,0.009263260082520305,0.15421755034013293,0.15421755034013293
2004-11-06,0.008892729681398212,0.008892729681398212,0.16099196467172458,0.16099196467172458
2004-11-07,0.007781138470250793,0.007781138470250793,0.16099196467172458,0.16099196467172458
2004-11-08,0.007781138470250793,0.007781138470250793,0.16099196467172458,0.16099196467172458
2004-11-09,0.007781138470250793,0.007781138470250793,0.1605934697176062,0.1605934697176062
2004-11-10,0.007781138470250793,0.007781138470250793,0.11855225122127387,0.11855225122127387
2004-11-11,0.007781138470250793,0.007781138470250793,0.11855225122127387,0.11855225122127387
2004-11-12,0.007781138470250793,0.007781138470250793,0.11855225122127387,0.11855225122127387
2004-11-13,0.007781138470250793,0.007781138470250793,0.1152978756882544,0.1152978756882544
2004-11-14,0.0073488529988167345,0.0073488529988167345,0.11297332175203743,0.11297332175203743
2004-11-15,0.01469770600022718,0.01469770600022718,0.11297332175203743,0.11297332175203743
2004-11-16,0.009510280353393318,0.009510280353393318,0.11297332175203743,0.11297332175203743
2004-11-17,0.009510280353393318,0.009510280353393318,0.11297332175203743,0.11297332175203743
2004-11-18,0.006051996587108269,0.006051996587108269,0.11390314332094531,0.11390314332094531
2004-11-19,0.006051996587108269,0.006051996587108269,0.11483296491774782,0.11483296491774782
2004-11-20,0.005619711118267921,0.005619711118267921,0.11390314332094531,0.11390314332094531
2004-11-21,0.005619711118267921,0.005619711118267921,0.11390314332094531,0.11390314332094531
2004-11-22,0.005619711118267921,0.005619711118267921,0.11390314332094531,0.11390314332094531
2004-11-23,0.005187425646833862,0.005187425646833862,0.11483296491774782,0.11483296491774782
2004-11-24,0.005187425646833862,0.005187425646833862,0.11390314332094531,0.11390314332094531
2004-11-25,0.005557956050549668,0.005557956050549668,0.11297332175203743,0.11297332175203743
2004-11-26,0.005557956050549668,0.005557956050549668,0.11297332175203743,0.11297332175203743
2004-11-27,0.0044463648394022495,0.0044463648394022495,0.11297332175203743,0.11297332175203743
2004-11-28,0.0044463648394022495,0.0044463648394022495,0.11250841095363621,0.11250841095363621
2004-11-29,0.0014821216122695123,0.0014821216122695123,0.11250841095363621,0.11250841095363621
2004-11-30,0.0011115912111474189,0.0011115912111474189,0.053557722904669605,0.053557722904669605
2004-12-01,0.0011115912111474189,0.0011115912111474189,0.04797879343543318,0.04797879343543318
2004-12-02,0.0011115912111474189,0.0011115912111474189,0.04853668638235682,0.04853668638235682
2004-12-03,0.0011115912111474189,0.0011115912111474189,0.04853668638235682,0.04853668638235682
2004-12-04,0.0007410608074316124,0.0007410608074316124,0.03858759548625367,0.03858759548625367
2004-12-05,0.0007410608074316124,0.0007410608074316124,0.03951741708305617,0.03951741708305617
2004-12-06,0.0007410608074316124,0.0007410608074316124,0.04742090048850955,0.04742090048850955
2004-12-07,0.0007410608074316124,0.0007410608074316124,0.04797879343543318,0.04797879343543318
2004-12-08,0.0007410608074316124,0.0007410608074316124,0.045189328700814976,0.045189328700814976
2004-12-09,0.0007410608074316124,0.0007410608074316124,0.045189328700814976,0.045189328700814976
2004-12-10,0.0007410608074316124,0.0007410608074316124,0.045189328700814976,0.045189328700814976
2004-12-11,0.0007410608074316124,0.0007410608074316124,0.045189328700814976,0.045189328700814976
2004-12-12,0.0007410608074316124,0.0007410608074316124,0.04686300754158589,0.04686300754158589
2004-12-13,0.0018526520159853187,0.0018526520159853187,0.04630511459466227,0.04630511459466227
2004-12-14,0.0022231824197011247,0.0022231824197011247,0.04686300754158589,0.04686300754158589
2004-12-15,0.0022231824197011247,0.0022231824197011247,0.05369719614140051,0.05369719614140051
2004-12-16,0.0022231824197011247,0.0022231824197011247,0.05369719614140051,0.05369719614140051
2004-12-17,0.0022231824197011247,0.0022231824197011247,0.05369719614140051,0.05369719614140051
2004-12-18,0.0008645709402744061,0.0008645709402744061,0.027336754399258447,0.027336754399258447
2004-12-19,0.0008645709402744061,0.0008645709402744061,0.04742090048850955,0.04742090048850955
2004-12-20,0.0008645709402744061,0.0008645709402744061,0.04742090048850955,0.04742090048850955
2004-12-21,0.0008645709402744061,0.0008645709402744061,0.04742090048850955,0.04742090048850955
2004-12-22,0.0008645709402744061,0.0008645709402744061,0.05299982995774596,0.05299982995774596
2004-12-23,0.0008645709402744061,0.0008645709402744061,0.05369719614140051,0.05369719614140051
2004-12-24,0.0008645709402744061,0.0008645709402744061,0.05439456232505507,0.05439456232505507
2004-12-25,0.0005187425646833863,0.0005187425646833863,0.05439456232505507,0.05439456232505507
2004-12-26,0.0005187425646833863,0.0005187425646833863,0.05439456232505507,0.05439456232505507
2004-12-27,0.003025998294850991,0.003025998294850991,0.05439456232505507,0.05439456232505507
2004-12-28,0.003025998294850991,0.003025998294850991,0.05648666087601872,0.05648666087601872
2004-12-29,0.003112455388100317,0.003112455388100317,0.05369719614140051,0.05369719614140051
2004-12-30,0.003112455388100317,0.003112455388100317,0.04965247227620411,0.04965247227620411
2004-12-31,0.003112455388100317,0.003112455388100317,0.04909457932928048,0.04909457932928048
2005-01-01,0.0034582837636913367,0.0034582837636913367,0.04909457932928048,0.04909457932928048
2005-01-02,0.003025998294850991,0.003025998294850991,0.04965247227620411,0.04965247227620411
2005-01-03,0.003025998294850991,0.003025998294850991,0.04965247227620411,0.04965247227620411
2005-01-04,0.0036311979527837036,0.0036311979527837036,0.04965247227620411,0.04965247227620411
2005-01-05,0.0034582837636913367,0.0034582837636913367,0.04965247227620411,0.04965247227620411
2005-01-06,0.0034582837636913367,0.0034582837636913367,0.049512999039473204,0.049512999039473204
2005-01-07,0.0034582837636913367,0.0034582837636913367,0.049512999039473204,0.049512999039473204
2005-01-08,0.0034582837636913367,0.0034582837636913367,0.049512999039473204,0.049512999039473204
2005-01-09,0.002593712823416931,0.002593712823416931,0.04630511459466227,0.04630511459466227
2005-01-10,0.0021614273519828717,0.0021614273519828717,0.04574722164773862,0.04574722164773862
2005-01-11,0.0021614273519828717,0.0021614273519828717,0.04574722164773862,0.04574722164773862
2005-01-12,0.0021614273519828717,0.0021614273519828717,0.04686300754158589,0.04686300754158589
2005-01-13,0.0021614273519828717,0.0021614273519828717,0.04630511459466227,0.04630511459466227
2005-01-14,0.0021614273519828717,0.0021614273519828717,0.04797879343543318,0.04797879343543318
2005-01-15,0.0021614273519828717,0.0021614273519828717,0.04797879343543318,0.04797879343543318
2005-01-16,0.0021614273519828717,0.0021614273519828717,0.04909457932928048,0.04909457932928048
2005-01-17,0.0021614273519828717,0.0021614273519828717,0.05076825817005139,0.05076825817005139
2005-01-18,0.0021614273519828717,0.0021614273519828717,0.04965247227620411,0.04965247227620411
2005-01-19,0.0021614273519828717,0.0021614273519828717,0.04965247227620411,0.04965247227620411
2005-01-20,0.0021614273519828717,0.0021614273519828717,0.04909457932928048,0.04909457932928048
2005-01-21,0.0021614273519828717,0.0021614273519828717,0.04686300754158589,0.04686300754158589
2005-01-22,0.0018526520159853187,0.0018526520159853187,0.04742090048850955,0.04742090048850955
2005-01-23,0.0018526520159853187,0.0018526520159853187,0.04742090048850955,0.04742090048850955
2005-01-24,0.0021614273519828717,0.0021614273519828717,0.04686300754158589,0.04686300754158589
2005-01-25,0.0021614273519828717,0.0021614273519828717,0.04686300754158589,0.04686300754158589
2005-01-26,0.0021614273519828717,0.0021614273519828717,0.04742090048850955,0.04742090048850955
2005-01-27,0.0021614273519828717,0.0021614273519828717,0.04797879343543318,0.04797879343543318
2005-01-28,0.0021614273519828717,0.0021614273519828717,0.04909457932928048,0.04909457932928048
2005-01-29,0.0021614273519828717,0.0021614273519828717,0.04630511459466227,0.04630511459466227
2005-01-30,0.002593712823416931,0.002593712823416931,0.04742090048850955,0.04742090048850955
2005-01-31,0.002593712823416931,0.002593712823416931,0.04630511459466227,0.04630511459466227
2005-02-01,0.002593712823416931,0.002593712823416931,0.04574722164773862,0.04574722164773862
2005-02-02,0.002593712823416931,0.002593712823416931,0.04574722164773862,0.04574722164773862
2005-02-03,0.002593712823416931,0.002593712823416931,0.04630511459466227,0.04630511459466227
2005-02-04,0.002593712823416931,0.002593712823416931,0.04630511459466227,0.04630511459466227
2005-02-05,0.002593712823416931,0.002593712823416931,0.04742090048850955,0.04742090048850955
2005-02-06,0.002593712823416931,0.002593712823416931,0.04742090048850955,0.04742090048850955
2005-02-07,0.002593712823416931,0.002593712823416931,0.04742090048850955,0.04742090048850955
2005-02-08,0.002593712823416931,0.002593712823416931,0.04742090048850955,0.04742090048850955
2005-02-09,0.002593712823416931,0.002593712823416931,0.04239986396619677,0.04239986396619677
2005-02-10,0.002593712823416931,0.002593712823416931,0.05634718763928781,0.05634718763928781
2005-02-11,0.002593712823416931,0.002593712823416931,0.05690508058621145,0.05690508058621145
2005-02-12,0.002593712823416931,0.002593712823416931,0.05690508058621145,0.05690508058621145
2005-02-13,0.002593712823416931,0.002593712823416931,0.05690508058621145,0.05690508058621145
2005-02-14,0.002593712823416931,0.002593712823416931,0.0602524382677533,0.0602524382677533
2005-02-15,0.002593712823416931,0.002593712823416931,0.0602524382677533,0.0602524382677533
2005-02-16,0.0038905692351253966,0.0038905692351253966,0.05969454532082966,0.05969454532082966
2005-02-17,0.0038905692351253966,0.0038905692351253966,0.06764451981449154,0.06764451981449154
2005-02-18,0.0038905692351253966,0.0038905692351253966,0.06764451981449154,0.06764451981449154
2005-02-19,0.0038905692351253966,0.0038905692351253966,0.06764451981449154,0.06764451981449154
2005-02-20,0.0038905692351253966,0.0038905692351253966,0.06694715363083702,0.06694715363083702
2005-02-21,0.0038905692351253966,0.0038905692351253966,0.06694715363083702,0.06694715363083702
2005-02-22,0.0038905692351253966,0.0038905692351253966,0.06764451981449154,0.06764451981449154
2005-02-23,0.0021614273519828717,0.0021614273519828717,0.16625209818324524,0.16625209818324524
2005-02-24,0.0021614273519828717,0.0021614273519828717,0.16513631228939796,0.16513631228939796
2005-02-25,0.0021614273519828717,0.0021614273519828717,0.16513631228939796,0.16513631228939796
2005-02-26,0.0021614273519828717,0.0021614273519828717,0.16513631228939796,0.16513631228939796
2005-02-27,0.0021614273519828717,0.0021614273519828717,0.0641576888962188,0.0641576888962188
2005-02-28,0.0029642432271327376,0.0029642432271327376,0.0641576888962188,0.0641576888962188
2005-03-01,0.0029642432271327376,0.0029642432271327376,0.14133287989662077,0.14133287989662077
2005-03-02,0.002593712823416931,0.002593712823416931,0.299030619551072,0.299030619551072
2005-03-03,0.002593712823416931,0.002593712823416931,0.5188404406389868,0.5188404406389868
2005-03-04,0.002593712823416931,0.002593712823416931,0.6895556823976211,0.6895556823976211
2005-03-05,0.0029642432271327376,0.0029642432271327376,0.7397660476207489,0.7397660476207489
2005-03-06,0.0170443985527711,0.0170443985527711,0.7380923687799781,0.7380923687799781
2005-03-07,0.01963811137618803,0.01963811137618803,0.7397660476207489,0.7397660476207489
2005-03-08,0.019267580975065937,0.019267580975065937,0.8513446370054771,0.8513446370054771
2005-03-09,0.018897050571350132,0.018897050571350132,0.9679442629125183,0.9679442629125183
2005-03-10,0.018897050571350132,0.018897050571350132,0.9690600488063655,0.9690600488063655
2005-03-11,0.020008641779903837,0.020008641779903837,0.9657126911248237,0.9657126911248237
2005-03-12,0.02037917218361964,0.02037917218361964,0.9082497175916886,0.9082497175916886
2005-03-13,0.02334341541075238,0.02334341541075238,0.9155023259016961,0.9155023259016961
2005-03-14,0.023713945814468188,0.023713945814468188,0.8228920967123715,0.8228920967123715
2005-03-15,0.02334341541075238,0.02334341541075238,0.893093625959912,0.893093625959912
2005-03-16,0.02704871944791044,0.02704871944791044,0.8935585365630506,0.8935585365630506
2005-03-17,0.02741924984384511,0.02741924984384511,0.8470674578387115,0.8470674578387115
2005-03-18,0.02223182419960496,0.02223182419960496,0.8991374660322871,0.8991374660322871
2005-03-19,0.018897050571350132,0.018897050571350132,0.7833746795456316,0.7833746795456316
2005-03-20,0.018526520167634324,0.018526520167634324,0.7322344928372798,0.7322344928372798
2005-03-21,0.02223182419960496,0.02223182419960496,0.6280280601316367,0.6280280601316367
2005-03-22,0.02853084105758624,0.02853084105758624,0.8300650061096603,0.8300650061096603
2005-03-23,0.03408879710035477,0.03408879710035477,1.0484402453739063,1.0484402453739063
2005-03-24,0.03779410113751284,0.03779410113751284,1.0695604781653398,1.0695604781653398
2005-03-25,0.038164631533447506,0.038164631533447506,1.0898837212716934,1.0898837212716934
2005-03-26,0.04409311799808782,0.04409311799808782,1.072349942899958,1.072349942899958
2005-03-27,0.04261099638841203,0.04261099638841203,1.0328989417727632,1.0328989417727632
2005-03-28,0.040758344356864436,0.040758344356864436,1.096259640704956,1.096259640704956
2005-03-29,0.038164631533447506,0.038164631533447506,1.1078159944859687,1.1078159944859687
2005-03-30,0.0414994051746709,0.0414994051746709,1.3445220020859763,1.3445220020859763
2005-03-31,0.0414994051746709,0.0414994051746709,1.2074397352471444,1.2074397352471444
2005-04-01,0.08688937958446719,0.08688937958446719,1.5816265045285243,1.5816265045285243
2005-04-02,0.06873338982054866,0.06873338982054866,1.54117926587656,1.54117926587656
2005-04-03,0.06873338982054866,0.06873338982054866,1.3738113817994677,1.3738113817994677
2005-04-04,0.07392081546738254,0.07392081546738254,1.3556798610244494,1.3556798610244494
2005-04-05,0.07521767187909101,0.07521767187909101,1.376600846534086,1.376600846534086
2005-04-06,0.07262395905567408,0.07262395905567408,1.376600846534086,1.376600846534086
2005-04-07,0.07262395905567408,0.07262395905567408,1.4658637180418685,1.4658637180418685
2005-04-08,0.07262395905567408,0.07262395905567408,1.4895741682861232,1.4895741682861232
2005-04-09,0.06484282058542327,0.06484282058542327,1.2580485953128122,1.2580485953128122
2005-04-10,0.07781138470250792,0.07781138470250792,1.1687857238050294,1.1687857238050294
2005-04-11,0.08040509752592487,0.08040509752592487,1.2022593006204478,1.2022593006204478
2005-04-12,0.09207680523130105,0.09207680523130105,1.1966803711512115,1.1966803711512115
2005-04-13,0.07651452829079947,0.07651452829079947,1.2608380600474303,1.2608380600474303
2005-04-14,0.07651452829079947,0.07651452829079947,1.0809175846645558,1.0809175846645558
2005-04-15,0.06484282058542327,0.06484282058542327,0.9777073894836822,0.9777073894836822
2005-04-16,0.06484282058542327,0.06484282058542327,1.0530229373183737,1.0530229373183737
2005-04-17,0.06484282058542327,0.06484282058542327,1.0864965141337921,1.0864965141337921
2005-04-18,0.06484282058542327,0.06484282058542327,1.108812232010738,1.108812232010738
2005-04-19,0.0829988103493418,0.0829988103493418,1.1604173296011746,1.1604173296011746
2005-04-20,0.0829988103493418,0.0829988103493418,1.350100931555213,1.350100931555213
2005-04-21,0.08429566676105026,0.08429566676105026,1.4561005914707046,1.4561005914707046
2005-04-22,0.0907799488195926,0.0907799488195926,1.5899948987323789,1.5899948987323789
2005-04-23,0.09207680523130105,0.09207680523130105,1.630442137384343,1.630442137384343
2005-04-24,0.10374851293667725,0.10374851293667725,1.7699153741152531,1.7699153741152531
2005-04-25,0.10374851293667725,0.10374851293667725,1.846625654317254,1.846625654317254
2005-04-26,0.10115480011326032,0.10115480011326032,1.896836019540382,1.896836019540382
2005-04-27,0.10374851293667725,0.10374851293667725,2.376623953894714,2.376623953894714
2005-04-28,0.10245165652496876,0.10245165652496876,2.376623953894714,2.376623953894714
2005-04-29,0.0972642308781349,0.0972642308781349,2.2678348292446033,2.2678348292446033
2005-04-30,0.07651452829079947,0.07651452829079947,2.1562562398598755,2.1562562398598755
2005-05-01,0.07781138470250792,0.07781138470250792,2.1562562398598755,2.1562562398598755
2005-05-02,0.06484282058542327,0.06484282058542327,2.016783003128965,2.016783003128965
2005-05-03,0.06484282058542327,0.06484282058542327,1.6680999113016888,1.6680999113016888
2005-05-04,0.06354596417371482,0.06354596417371482,1.577442307426597,1.577442307426597
2005-05-05,0.06354596417371482,0.06354596417371482,1.3821797760033223,1.3821797760033223
2005-05-06,0.06354596417371482,0.06354596417371482,1.4337848735937593,1.4337848735937593
2005-05-07,0.06484282058542327,0.06484282058542327,1.4658637180418685,1.4658637180418685
2005-05-08,0.07003024623225713,0.07003024623225713,1.8257046688076173,1.8257046688076173
2005-05-09,0.06873338982054866,0.06873338982054866,2.3710450244254773,2.3710450244254773
2005-05-10,0.07003024623225713,0.07003024623225713,2.527255049564097,2.527255049564097
2005-05-11,0.07132710264396559,0.07132710264396559,2.596991667929552,2.596991667929552
2005-05-12,0.0907799488195926,0.0907799488195926,2.590018006093007,2.590018006093007
2005-05-13,0.10374851293667725,0.10374851293667725,2.384992348098568,2.384992348098568
2005-05-14,0.1089359385835111,0.1089359385835111,2.5188866553602423,2.5188866553602423
2005-05-15,0.11152965140692804,0.11152965140692804,2.8633855500855905,2.8633855500855905
2005-05-16,0.12320135911230422,0.12320135911230422,3.140937291180103,3.140937291180103
2005-05-17,0.12320135911230422,0.12320135911230422,3.2790157955437045,3.2790157955437045
2005-05-18,0.11282650781863648,0.11282650781863648,3.542620212965125,3.542620212965125
2005-05-19,0.11282650781863648,0.11282650781863648,3.542620212965125,3.542620212965125
2005-05-20,0.11152965140692804,0.11152965140692804,3.6904618438998895,3.6904618438998895
2005-05-21,0.11282650781863648,0.11282650781863648,4.044723865196402,4.044723865196402
2005-05-22,0.14006049246451427,0.14006049246451427,3.9331452758116736,3.9331452758116736
2005-05-23,0.14006049246451427,0.14006049246451427,3.6263041550036705,3.6263041550036705
2005-05-24,0.14135734887622275,0.14135734887622275,3.6263041550036705,3.6263041550036705
2005-05-25,0.14135734887622275,0.14135734887622275,3.5119361008843244,3.5119361008843244
2005-05-26,0.14913848734647353,0.14913848734647353,3.6249094226363616,3.6249094226363616
2005-05-27,0.14654477452305661,0.14654477452305661,3.6514093376152346,3.6514093376152346
2005-05-28,0.14913848734647353,0.14913848734647353,3.6514093376152346,3.6514093376152346
2005-05-29,0.15173220016989047,0.15173220016989047,3.6918565762671993,3.6918565762671993
2005-05-30,0.14913848734647353,0.14913848734647353,3.7183564912460723,3.7183564912460723
2005-05-31,0.15173220016989047,0.15173220016989047,3.828540348263491,3.828540348263491
2005-06-01,0.15173220016989047,0.15173220016989047,3.894092769527019,3.894092769527019
2005-06-02,0.13357621040597195,0.13357621040597195,3.9708030497290205,3.9708030497290205
2005-06-03,0.14913848734647353,0.14913848734647353,3.894092769527019,3.894092769527019
2005-06-04,0.14524791811134816,0.14524791811134816,3.793672039080764,3.793672039080764
2005-06-05,0.14524791811134816,0.14524791811134816,3.83132981299811,3.83132981299811
2005-06-06,0.1582164822284328,0.1582164822284328,3.5788832545151616,3.5788832545151616
2005-06-07,0.15173220016989047,0.15173220016989047,3.3445682168072324,3.3445682168072324
2005-06-08,0.15173220016989047,0.15173220016989047,3.3445682168072324,3.3445682168072324
2005-06-09,0.15173220016989047,0.15173220016989047,3.2162528390147944,3.2162528390147944
2005-06-10,0.15173220016989047,0.15173220016989047,3.177200332730139,3.177200332730139
2005-06-11,0.15173220016989047,0.15173220016989047,3.3543313433783957,3.3543313433783957
2005-06-12,0.14913848734647353,0.14913848734647353,3.5788832545151616,3.5788832545151616
2005-06-13,0.1659976206986836,0.1659976206986836,3.7657773917345816,3.7657773917345816
2005-06-14,0.1647007642869751,0.1647007642869751,3.7657773917345816,3.7657773917345816
2005-06-15,0.16340390787526665,0.16340390787526665,3.7657773917345816,3.7657773917345816
2005-06-16,0.15562276940501585,0.15562276940501585,3.6541988023498533,3.6541988023498533
2005-06-17,0.15562276940501585,0.15562276940501585,3.54959387480167,3.54959387480167
2005-06-18,0.15691962581672436,0.15691962581672436,3.7281196178172356,3.7281196178172356
2005-06-19,0.15562276940501585,0.15562276940501585,3.7197512236133807,3.7197512236133807
2005-06-20,0.15562276940501585,0.15562276940501585,3.8006457009173085,3.8006457009173085
2005-06-21,0.1543259129933074,0.1543259129933074,4.007066091279056,4.007066091279056
2005-06-22,0.16340390787526665,0.16340390787526665,4.044723865196402,4.044723865196402
2005-06-23,0.1647007642869751,0.1647007642869751,4.044723865196402,4.044723865196402
2005-06-24,0.16210705146355817,0.16210705146355817,3.895487501894328,3.895487501894328
2005-06-25,0.16210705146355817,0.16210705146355817,3.9708030497290205,3.9708030497290205
2005-06-26,0.17118504634551746,0.17118504634551746,4.01682921785022,4.01682921785022
2005-06-27,0.17118504634551746,0.17118504634551746,4.11027628645993,4.11027628645993
2005-06-28,0.15951333864014125,0.15951333864014125,4.156302454581131,4.156302454581131
2005-06-29,0.15302905658159893,0.15302905658159893,4.082381639113748,4.082381639113748
2005-06-30,0.16340390787526665,0.16340390787526665,4.193960228498476,4.193960228498476
2005-07-01,0.16340390787526665,0.16340390787526665,4.146539328009967,4.146539328009967
2005-07-02,0.16340390787526665,0.16340390787526665,4.184197101927313,4.184197101927313
2005-07-03,0.16340390787526665,0.16340390787526665,4.166065581152294,4.166065581152294
2005-07-04,0.16340390787526665,0.16340390787526665,4.023802879686765,4.023802879686765
2005-07-05,0.16340390787526665,0.16340390787526665,4.034960738625238,4.034960738625238
2005-07-06,0.16340390787526665,0.16340390787526665,4.034960738625238,4.034960738625238
2005-07-07,0.15951333864014125,0.15951333864014125,3.894092769527019,3.894092769527019
2005-07-08,0.15691962581672436,0.15691962581672436,4.03356600625793,4.03356600625793
2005-07-09,0.16729447711039205,0.16729447711039205,4.117249948296475,4.117249948296475
2005-07-10,0.17248190275722594,0.17248190275722594,4.03356600625793,4.03356600625793
2005-07-11,0.1685913335221005,0.1685913335221005,3.894092769527019,3.894092769527019
2005-07-12,0.16340390787526665,0.16340390787526665,3.894092769527019,3.894092769527019
2005-07-13,0.16340390787526665,0.16340390787526665,3.9708030497290205,3.9708030497290205
2005-07-14,0.1543259129933074,0.1543259129933074,3.942908402382838,3.942908402382838
2005-07-15,0.15951333864014125,0.15951333864014125,3.942908402382838,3.942908402382838
2005-07-16,0.16340390787526665,0.16340390787526665,4.0363554709925475,4.0363554709925475
2005-07-17,0.16081019505184974,0.16081019505184974,4.082381639113748,4.082381639113748
2005-07-18,0.16340390787526665,0.16340390787526665,4.11027628645993,4.11027628645993
2005-07-19,0.1647007642869751,0.1647007642869751,4.184197101927313,4.184197101927313
2005-07-20,0.16081019505184974,0.16081019505184974,4.184197101927313,4.184197101927313
2005-07-21,0.169888189933809,0.169888189933809,4.092144765684911,4.092144765684911
2005-07-22,0.16729447711039205,0.16729447711039205,4.20511808743695,4.20511808743695
2005-07-23,0.16729447711039205,0.16729447711039205,4.202328622702331,4.202328622702331
2005-07-24,0.16729447711039205,0.16729447711039205,4.192565496131167,4.192565496131167
2005-07-25,0.1659976206986836,0.1659976206986836,4.266486311598549,4.266486311598549
2005-07-26,0.16729447711039205,0.16729447711039205,4.304144085515896,4.304144085515896
2005-07-27,0.16729447711039205,0.16729447711039205,4.122828877765713,4.122828877765713
2005-07-28,0.16340390787526665,0.16340390787526665,4.021013414952148,4.021013414952148
2005-07-29,0.1659976206986836,0.1659976206986836,3.8843296429558554,3.8843296429558554
2005-07-30,0.1647007642869751,0.1647007642869751,3.8341192777327278,3.8341192777327278
2005-07-31,0.1647007642869751,0.1647007642869751,4.0112502883809835,4.0112502883809835
2005-08-01,0.16729447711039205,0.16729447711039205,4.057276456502184,4.057276456502184
2005-08-02,0.15302905658159893,0.15302905658159893,3.940118937648219,3.940118937648219
2005-08-03,0.1543259129933074,0.1543259129933074,3.8815401782212375,3.8815401782212375
2005-08-04,0.15562276940501585,0.15562276940501585,3.6290936197382893,3.6290936197382893
2005-08-05,0.15302905658159893,0.15302905658159893,3.5551728042709065,3.5551728042709065
2005-08-06,0.1543259129933074,0.1543259129933074,3.4156995675399964,3.4156995675399964
2005-08-07,0.16081019505184974,0.16081019505184974,3.4156995675399964,3.4156995675399964
2005-08-08,0.1543259129933074,0.1543259129933074,3.4059364409688326,3.4059364409688326
2005-08-09,0.14654477452305661,0.14654477452305661,3.312489372359122,3.312489372359122
2005-08-10,0.14654477452305661,0.14654477452305661,3.276226330809086,3.276226330809086
2005-08-11,0.14654477452305661,0.14654477452305661,3.20788444481094,3.20788444481094
2005-08-12,0.1543259129933074,0.1543259129933074,3.184173994566685,3.184173994566685
2005-08-13,0.14524791811134816,0.14524791811134816,3.2859894573802495,3.2859894573802495
2005-08-14,0.15302905658159893,0.15302905658159893,3.304120978155268,3.304120978155268
2005-08-15,0.14524791811134816,0.14524791811134816,3.304120978155268,3.304120978155268
2005-08-16,0.14524791811134816,0.14524791811134816,3.2957525839514132,3.2957525839514132
2005-08-17,0.14006049246451427,0.14006049246451427,3.426857426478469,3.426857426478469
2005-08-18,0.13487306681768044,0.13487306681768044,3.2999367810533404,3.2999367810533404
2005-08-19,0.12190450270059575,0.12190450270059575,3.1995160506070857,3.1995160506070857
2005-08-20,0.12320135911230422,0.12320135911230422,3.1660424737916664,3.1660424737916664
2005-08-21,0.1089359385835111,0.1089359385835111,3.1214110380377758,3.1214110380377758
2005-08-22,0.1089359385835111,0.1089359385835111,3.12977943224163,3.12977943224163
2005-08-23,0.10504536934838571,0.10504536934838571,3.12977943224163,3.12977943224163
2005-08-24,0.10504536934838571,0.10504536934838571,3.026569237060756,3.026569237060756
2005-08-25,0.11931078987717883,0.11931078987717883,2.909411718206792,2.909411718206792
2005-08-26,0.11801393346547037,0.11801393346547037,2.7378596370277717,2.7378596370277717
2005-08-27,0.12968564117084655,0.12968564117084655,2.675096680498862,2.675096680498862
2005-08-28,0.12190450270059575,0.12190450270059575,2.537018176135261,2.537018176135261
2005-08-29,0.1089359385835111,0.1089359385835111,2.5425971056044974,2.5425971056044974
2005-08-30,0.10374851293667725,0.10374851293667725,2.6053600621334065,2.6053600621334065
2005-08-31,0.10245165652496876,0.10245165652496876,2.668123018662316,2.668123018662316
2005-09-01,0.10245165652496876,0.10245165652496876,2.5774654147872247,2.5774654147872247
2005-09-02,0.10374851293667725,0.10374851293667725,2.6792808776007893,2.6792808776007893
2005-09-03,0.10374851293667725,0.10374851293667725,2.55375496454297,2.55375496454297
2005-09-04,0.10374851293667725,0.10374851293667725,2.534228711400642,2.534228711400642
2005-09-05,0.10374851293667725,0.10374851293667725,2.389176545200496,2.389176545200496
2005-09-06,0.10374851293667725,0.10374851293667725,2.389176545200496,2.389176545200496
2005-09-07,0.11801393346547037,0.11801393346547037,2.3194399268350407,2.3194399268350407
2005-09-08,0.11801393346547037,0.11801393346547037,2.3598871654870046,2.3598871654870046
2005-09-09,0.1167170770537619,0.1167170770537619,2.2678348292446033,2.2678348292446033
2005-09-10,0.11542022064205343,0.11542022064205343,2.2748084910811492,2.2748084910811492
2005-09-11,0.1167170770537619,0.1167170770537619,2.122782663044457,2.122782663044457
2005-09-12,0.1089359385835111,0.1089359385835111,2.122782663044457,2.122782663044457
2005-09-13,0.08818623599617564,0.08818623599617564,2.122782663044457,2.122782663044457
2005-09-14,0.08818623599617564,0.08818623599617564,2.1353352543502386,2.1353352543502386
2005-09-15,0.07392081546738254,0.07392081546738254,1.9177570050500183,1.9177570050500183
2005-09-16,0.07392081546738254,0.07392081546738254,1.6918103615459434,1.6918103615459434
2005-09-17,0.07392081546738254,0.07392081546738254,1.5091004214284507,1.5091004214284507
2005-09-18,0.07392081546738254,0.07392081546738254,1.5593107866515787,1.5593107866515787
2005-09-19,0.07392081546738254,0.07392081546738254,1.7071524175863435,1.7071524175863435
2005-09-20,0.07392081546738254,0.07392081546738254,1.808967880399908,1.808967880399908
2005-09-21,0.0907799488195926,0.0907799488195926,1.72807340309598,1.72807340309598
2005-09-22,0.09467051805471799,0.09467051805471799,1.72807340309598,1.72807340309598
2005-09-23,0.10115480011326032,0.10115480011326032,1.8117573451345266,1.8117573451345266
2005-09-24,0.08818623599617564,0.08818623599617564,1.9833094263135462,1.9833094263135462
2005-09-25,0.08170195393763333,0.08170195393763333,2.051651312311692,2.051651312311692
2005-09-26,0.08170195393763333,0.08170195393763333,2.0112040736597283,2.0112040736597283
2005-09-27,0.07392081546738254,0.07392081546738254,1.9372832581923458,1.9372832581923458
2005-09-28,0.06743653340884022,0.06743653340884022,2.6485967655199887,2.6485967655199887
2005-09-29,0.06873338982054866,0.06873338982054866,1.9303095963558001,1.9303095963558001
2005-09-30,0.07003024623225713,0.07003024623225713,0.6359979594929516,0.6359979594929516
2005-10-01,0.042796261586379364,0.042796261586379364,1.9303095963558001,1.9303095963558001
2005-10-02,0.042796261586379364,0.042796261586379364,0.6053138474121512,0.6053138474121512
2005-10-03,0.042796261586379364,0.042796261586379364,0.5718402705967327,0.5718402705967327
2005-10-04,0.042796261586379364,0.042796261586379364,0.5704455382294236,0.5704455382294236
2005-10-05,0.042796261586379364,0.042796261586379364,0.5676560734948055,0.5676560734948055
2005-10-06,0.042796261586379364,0.042796261586379364,0.6471558184314243,0.6471558184314243
2005-10-07,0.0414994051746709,0.0414994051746709,0.6471558184314243,0.6471558184314243
2005-10-08,0.05576482570346402,0.05576482570346402,0.6471558184314243,0.6471558184314243
2005-10-09,0.05706168211517248,0.05706168211517248,0.6471558184314243,0.6471558184314243
2005-10-10,0.04668683082150476,0.04668683082150476,0.6443663536968062,0.6443663536968062
2005-10-11,0.0453899744097963,0.0453899744097963,0.6443663536968062,0.6443663536968062
2005-10-12,0.0453899744097963,0.0453899744097963,0.5648666087601872,0.5648666087601872
2005-10-13,0.0453899744097963,0.0453899744097963,0.5369719614140052,0.5369719614140052
2005-10-14,0.0453899744097963,0.0453899744097963,0.5369719614140052,0.5369719614140052
2005-10-15,0.03631197952783704,0.03631197952783704,0.5411561585159324,0.5411561585159324
2005-10-16,0.042796261586379364,0.042796261586379364,0.5369719614140052,0.5369719614140052
2005-10-17,0.04409311799808782,0.04409311799808782,0.5369719614140052,0.5369719614140052
2005-10-18,0.042796261586379364,0.042796261586379364,0.5369719614140052,0.5369719614140052
2005-10-19,0.042796261586379364,0.042796261586379364,0.5369719614140052,0.5369719614140052
2005-10-20,0.042796261586379364,0.042796261586379364,0.49234052566011377,0.49234052566011377
2005-10-21,0.042796261586379364,0.042796261586379364,0.49234052566011377,0.49234052566011377
2005-10-22,0.042796261586379364,0.042796261586379364,0.46026168121200445,0.46026168121200445
2005-10-23,0.042796261586379364,0.042796261586379364,0.4560774841100771,0.4560774841100771
2005-10-24,0.04928054364492169,0.04928054364492169,0.4644458783139317,0.4644458783139317
2005-10-25,0.04928054364492169,0.04928054364492169,0.4560774841100771,0.4560774841100771
2005-10-26,0.03371826670442011,0.03371826670442011,0.25523602321756605,0.25523602321756605
2005-10-27,0.03242141029271164,0.03242141029271164,0.3291568386849486,0.3291568386849486
2005-10-28,0.03371826670442011,0.03371826670442011,0.3291568386849486,0.3291568386849486
2005-10-29,0.03371826670442011,0.03371826670442011,0.3249726415830213,0.3249726415830213
2005-10-30,0.03371826670442011,0.03371826670442011,0.08368394203854625,0.08368394203854625
2005-10-31,0.012968564117084656,0.012968564117084656,0.08089447730392804,0.08089447730392804
2005-11-01,0.012968564117084656,0.012968564117084656,0.08089447730392804,0.08089447730392804
2005-11-02,0.012968564117084656,0.012968564117084656,0.08089447730392804,0.08089447730392804
2005-11-03,0.012968564117084656,0.012968564117084656,0.07252608310007341,0.07252608310007341
2005-11-04,0.012968564117084656,0.012968564117084656,0.05578929469236416,0.05578929469236416
2005-11-05,0.012968564117084656,0.012968564117084656,0.04463143575389134,0.04463143575389134
2005-11-06,0.010374851293667725,0.010374851293667725,0.061368224161600586,0.061368224161600586
2005-11-07,0.00907799488195926,0.00907799488195926,0.061368224161600586,0.061368224161600586
2005-11-08,0.00907799488195926,0.00907799488195926,0.061368224161600586,0.061368224161600586
2005-11-09,0.00907799488195926,0.00907799488195926,0.061368224161600586,0.061368224161600586
2005-11-10,0.00907799488195926,0.00907799488195926,0.061368224161600586,0.061368224161600586
2005-11-11,0.00907799488195926,0.00907799488195926,0.061368224161600586,0.061368224161600586
2005-11-12,0.012968564117084656,0.012968564117084656,0.061368224161600586,0.061368224161600586
2005-11-13,0.01815598976391852,0.01815598976391852,0.06973661836545522,0.06973661836545522
2005-11-14,0.01815598976391852,0.01815598976391852,0.06973661836545522,0.06973661836545522
2005-11-15,0.01815598976391852,0.01815598976391852,0.06973661836545522,0.06973661836545522
2005-11-16,0.01815598976391852,0.01815598976391852,0.06973661836545522,0.06973661836545522
2005-11-17,0.01815598976391852,0.01815598976391852,0.06973661836545522,0.06973661836545522
2005-11-18,0.01815598976391852,0.01815598976391852,0.06973661836545522,0.06973661836545522
2005-11-19,0.01815598976391852,0.01815598976391852,0.06973661836545522,0.06973661836545522
2005-11-20,0.01815598976391852,0.01815598976391852,0.061368224161600586,0.061368224161600586
2005-11-21,0.01815598976391852,0.01815598976391852,0.061368224161600586,0.061368224161600586
2005-11-22,0.01815598976391852,0.01815598976391852,0.061368224161600586,0.061368224161600586
2005-11-23,0.01815598976391852,0.01815598976391852,0.061368224161600586,0.061368224161600586
2005-11-24,0.01815598976391852,0.01815598976391852,0.061368224161600586,0.061368224161600586
2005-11-25,0.01815598976391852,0.01815598976391852,0.061368224161600586,0.061368224161600586
2005-11-26,0.01815598976391852,0.01815598976391852,0.061368224161600586,0.061368224161600586
2005-11-27,0.01815598976391852,0.01815598976391852,0.061368224161600586,0.061368224161600586
2005-11-28,0.01815598976391852,0.01815598976391852,0.061368224161600586,0.061368224161600586
2005-11-29,0.01815598976391852,0.01815598976391852,0.061368224161600586,0.061368224161600586
2005-11-30,0.01815598976391852,0.01815598976391852,0.061368224161600586,0.061368224161600586
2005-12-01,0.01815598976391852,0.01815598976391852,0.061368224161600586,0.061368224161600586
2005-12-02,0.01815598976391852,0.01815598976391852,0.05857875942698238,0.05857875942698238
2005-12-03,0.01815598976391852,0.01815598976391852,0.05857875942698238,0.05857875942698238
2005-12-04,0.015562276940501586,0.015562276940501586,0.061368224161600586,0.061368224161600586
2005-12-05,0.015562276940501586,0.015562276940501586,0.061368224161600586,0.061368224161600586
2005-12-06,0.01815598976391852,0.01815598976391852,0.061368224161600586,0.061368224161600586
2005-12-07,0.01815598976391852,0.01815598976391852,0.061368224161600586,0.061368224161600586
2005-12-08,0.01815598976391852,0.01815598976391852,0.061368224161600586,0.061368224161600586
2005-12-09,0.01815598976391852,0.01815598976391852,0.061368224161600586,0.061368224161600586
2005-12-10,0.01815598976391852,0.01815598976391852,0.061368224161600586,0.061368224161600586
2005-12-11,0.01426542052879312,0.01426542052879312,0.061368224161600586,0.061368224161600586
2005-12-12,0.01167170770537619,0.01167170770537619,0.06973661836545522,0.06973661836545522
2005-12-13,0.010374851293667725,0.010374851293667725,0.06973661836545522,0.06973661836545522
2005-12-14,0.00907799488195926,0.00907799488195926,0.05857875942698238,0.05857875942698238
2005-12-15,0.00907799488195926,0.00907799488195926,0.05857875942698238,0.05857875942698238
2005-12-16,0.00907799488195926,0.00907799488195926,0.061368224161600586,0.061368224161600586
2005-12-17,0.00907799488195926,0.00907799488195926,0.061368224161600586,0.061368224161600586
2005-12-18,0.007781138470250793,0.007781138470250793,0.05857875942698238,0.05857875942698238
2005-12-19,0.00907799488195926,0.00907799488195926,0.061368224161600586,0.061368224161600586
2005-12-20,0.00907799488195926,0.00907799488195926,0.061368224161600586,0.061368224161600586
2005-12-21,0.00907799488195926,0.00907799488195926,0.05857875942698238,0.05857875942698238
2005-12-22,0.007781138470250793,0.007781138470250793,0.05857875942698238,0.05857875942698238
2005-12-23,0.006484282058542328,0.006484282058542328,0.05299982995774596,0.05299982995774596
2005-12-24,0.006484282058542328,0.006484282058542328,0.05299982995774596,0.05299982995774596
2005-12-25,0.006484282058542328,0.006484282058542328,0.05299982995774596,0.05299982995774596
2005-12-26,0.006484282058542328,0.006484282058542328,0.05299982995774596,0.05299982995774596
2005-12-27,0.007781138470250793,0.007781138470250793,0.05299982995774596,0.05299982995774596
2005-12-28,0.007781138470250793,0.007781138470250793,0.04742090048850955,0.04742090048850955
2005-12-29,0.007781138470250793,0.007781138470250793,0.04742090048850955,0.04742090048850955
2005-12-30,0.007781138470250793,0.007781138470250793,0.05299982995774596,0.05299982995774596
2005-12-31,0.007781138470250793,0.007781138470250793,0.05299982995774596,0.05299982995774596
2006-01-01,0.007781138470250793,0.007781138470250793,0.04742090048850955,0.04742090048850955
2006-01-02,0.007781138470250793,0.007781138470250793,0.04742090048850955,0.04742090048850955
2006-01-03,0.007781138470250793,0.007781138470250793,0.04742090048850955,0.04742090048850955
2006-01-04,0.007781138470250793,0.007781138470250793,0.05299982995774596,0.05299982995774596
2006-01-05,0.007781138470250793,0.007781138470250793,0.05299982995774596,0.05299982995774596
2006-01-06,0.007781138470250793,0.007781138470250793,0.05299982995774596,0.05299982995774596
2006-01-07,0.007781138470250793,0.007781138470250793,0.05299982995774596,0.05299982995774596
2006-01-08,0.007781138470250793,0.007781138470250793,0.05299982995774596,0.05299982995774596
2006-01-09,0.007781138470250793,0.007781138470250793,0.05299982995774596,0.05299982995774596
2006-01-10,0.007781138470250793,0.007781138470250793,0.05299982995774596,0.05299982995774596
2006-01-11,0.007781138470250793,0.007781138470250793,0.05299982995774596,0.05299982995774596
2006-01-12,0.007781138470250793,0.007781138470250793,0.05578929469236416,0.05578929469236416
2006-01-13,0.007781138470250793,0.007781138470250793,0.05578929469236416,0.05578929469236416
2006-01-14,0.007781138470250793,0.007781138470250793,0.05578929469236416,0.05578929469236416
2006-01-15,0.007781138470250793,0.007781138470250793,0.05578929469236416,0.05578929469236416
2006-01-16,0.007781138470250793,0.007781138470250793,0.05578929469236416,0.05578929469236416
2006-01-17,0.007781138470250793,0.007781138470250793,0.05578929469236416,0.05578929469236416
2006-01-18,0.007781138470250793,0.007781138470250793,0.05578929469236416,0.05578929469236416
2006-01-19,0.007781138470250793,0.007781138470250793,0.05578929469236416,0.05578929469236416
2006-01-20,0.007781138470250793,0.007781138470250793,0.05578929469236416,0.05578929469236416
2006-01-21,0.007781138470250793,0.007781138470250793,0.061368224161600586,0.061368224161600586
2006-01-22,0.007781138470250793,0.007781138470250793,0.05578929469236416,0.05578929469236416
2006-01-23,0.007781138470250793,0.007781138470250793,0.05578929469236416,0.05578929469236416
2006-01-24,0.007781138470250793,0.007781138470250793,0.05578929469236416,0.05578929469236416
2006-01-25,0.007781138470250793,0.007781138470250793,0.05299982995774596,0.05299982995774596
2006-01-26,0.007781138470250793,0.007781138470250793,0.05578929469236416,0.05578929469236416
2006-01-27,0.007781138470250793,0.007781138470250793,0.05578929469236416,0.05578929469236416
2006-01-28,0.007781138470250793,0.007781138470250793,0.05299982995774596,0.05299982995774596
2006-01-29,0.007781138470250793,0.007781138470250793,0.05578929469236416,0.05578929469236416
2006-01-30,0.007781138470250793,0.007781138470250793,0.05578929469236416,0.05578929469236416
2006-01-31,0.007781138470250793,0.007781138470250793,0.05578929469236416,0.05578929469236416
2006-02-01,0.007781138470250793,0.007781138470250793,0.05578929469236416,0.05578929469236416
2006-02-02,0.010374851293667725,0.010374851293667725,0.05578929469236416,0.05578929469236416
2006-02-03,0.010374851293667725,0.010374851293667725,0.061368224161600586,0.061368224161600586
2006-02-04,0.010374851293667725,0.010374851293667725,0.061368224161600586,0.061368224161600586
2006-02-05,0.010374851293667725,0.010374851293667725,0.05578929469236416,0.05578929469236416
2006-02-06,0.010374851293667725,0.010374851293667725,0.05578929469236416,0.05578929469236416
2006-02-07,0.010374851293667725,0.010374851293667725,0.05578929469236416,0.05578929469236416
2006-02-08,0.007781138470250793,0.007781138470250793,0.05578929469236416,0.05578929469236416
2006-02-09,0.007781138470250793,0.007781138470250793,0.05578929469236416,0.05578929469236416
2006-02-10,0.007781138470250793,0.007781138470250793,0.05578929469236416,0.05578929469236416
2006-02-11,0.010374851293667725,0.010374851293667725,0.05578929469236416,0.05578929469236416
2006-02-12,0.010374851293667725,0.010374851293667725,0.05578929469236416,0.05578929469236416
2006-02-13,0.007781138470250793,0.007781138470250793,0.05578929469236416,0.05578929469236416
2006-02-14,0.007781138470250793,0.007781138470250793,0.05578929469236416,0.05578929469236416
2006-02-15,0.007781138470250793,0.007781138470250793,0.05578929469236416,0.05578929469236416
2006-02-16,0.007781138470250793,0.007781138470250793,0.05578929469236416,0.05578929469236416
2006-02-17,0.0,0.0,0.05578929469236416,0.05578929469236416
2006-02-18,0.0,0.0,0.05578929469236416,0.05578929469236416
2006-02-19,0.0,0.0,0.05578929469236416,0.05578929469236416
2006-02-20,0.0,0.0,0.061368224161600586,0.061368224161600586
2006-02-21,0.0,0.0,0.05578929469236416,0.05578929469236416
2006-02-22,0.0,0.0,0.061368224161600586,0.061368224161600586
2006-02-23,0.0,0.0,0.05578929469236416,0.05578929469236416
2006-02-24,0.0,0.0,0.05578929469236416,0.05578929469236416
2006-02-25,0.0,0.0,0.05578929469236416,0.05578929469236416
2006-02-26,0.0,0.0,0.061368224161600586,0.061368224161600586
2006-02-27,0.0,0.0,0.061368224161600586,0.061368224161600586
2006-02-28,0.0,0.0,0.061368224161600586,0.061368224161600586
2006-03-01,0.0,0.0,0.061368224161600586,0.061368224161600586
2006-03-02,0.0,0.0,0.061368224161600586,0.061368224161600586
2006-03-03,0.0,0.0,0.061368224161600586,0.061368224161600586
2006-03-04,0.0,0.0,0.061368224161600586,0.061368224161600586
2006-03-05,0.0,0.0,0.061368224161600586,0.061368224161600586
2006-03-06,0.0,0.0,0.061368224161600586,0.061368224161600586
2006-03-07,0.0038905692351253966,0.0038905692351253966,0.6499452831660426,0.6499452831660426
2006-03-08,0.005187425646833862,0.005187425646833862,0.6527347479006609,0.6527347479006609
2006-03-09,0.005187425646833862,0.005187425646833862,0.6527347479006609,0.6527347479006609
2006-03-10,0.01426542052879312,0.01426542052879312,0.6527347479006609,0.6527347479006609
2006-03-11,0.012968564117084656,0.012968564117084656,0.655524212635279,0.655524212635279
2006-03-12,0.012968564117084656,0.012968564117084656,0.6611031421045154,0.6611031421045154
2006-03-13,0.012968564117084656,0.012968564117084656,0.5258141024755323,0.5258141024755323
2006-03-14,0.01426542052879312,0.01426542052879312,0.454682751742768,0.454682751742768
2006-03-15,0.005187425646833862,0.005187425646833862,0.454682751742768,0.454682751742768
2006-03-16,0.006484282058542328,0.006484282058542328,0.454682751742768,0.454682751742768
2006-03-17,0.006484282058542328,0.006484282058542328,0.454682751742768,0.454682751742768
2006-03-18,0.012968564117084656,0.012968564117084656,0.454682751742768,0.454682751742768
2006-03-19,0.012968564117084656,0.012968564117084656,0.6053138474121512,0.6053138474121512
2006-03-20,0.012968564117084656,0.012968564117084656,1.3054694958013218,1.3054694958013218
2006-03-21,0.012968564117084656,0.012968564117084656,1.3863639731052495,1.3863639731052495
2006-03-22,0.012968564117084656,0.012968564117084656,1.4379690706956867,1.4379690706956867
2006-03-23,0.012968564117084656,0.012968564117084656,1.6276526726497247,1.6276526726497247
2006-03-24,0.04668683082150476,0.04668683082150476,1.6890208968113254,1.6890208968113254
2006-03-25,0.06484282058542327,0.06484282058542327,1.7559680504421622,1.7559680504421622
2006-03-26,0.062249107762006345,0.062249107762006345,1.7559680504421622,1.7559680504421622
2006-03-27,0.06354596417371482,0.06354596417371482,1.7559680504421622,1.7559680504421622
2006-03-28,0.06873338982054866,0.06873338982054866,1.7559680504421622,1.7559680504421622
2006-03-29,0.07003024623225713,0.07003024623225713,1.7559680504421622,1.7559680504421622
2006-03-30,0.07651452829079947,0.07651452829079947,1.6151000813439425,1.6151000813439425
2006-03-31,0.08170195393763333,0.08170195393763333,1.6234684755477973,1.6234684755477973
2006-04-01,0.08688937958446719,0.08688937958446719,1.5816265045285243,1.5816265045285243
2006-04-02,0.06873338982054866,0.06873338982054866,1.54117926587656,1.54117926587656
2006-04-03,0.06873338982054866,0.06873338982054866,1.3738113817994677,1.3738113817994677
2006-04-04,0.07392081546738254,0.07392081546738254,1.3556798610244494,1.3556798610244494
2006-04-05,0.07521767187909101,0.07521767187909101,1.376600846534086,1.376600846534086
2006-04-06,0.07262395905567408,0.07262395905567408,1.376600846534086,1.376600846534086
2006-04-07,0.07262395905567408,0.07262395905567408,1.4658637180418685,1.4658637180418685
2006-04-08,0.07262395905567408,0.07262395905567408,1.4895741682861232,1.4895741682861232
2006-04-09,0.06484282058542327,0.06484282058542327,1.2580485953128122,1.2580485953128122
2006-04-10,0.07781138470250792,0.07781138470250792,1.1687857238050294,1.1687857238050294
2006-04-11,0.08040509752592487,0.08040509752592487,1.2022593006204478,1.2022593006204478
2006-04-12,0.09207680523130105,0.09207680523130105,1.1966803711512115,1.1966803711512115
2006-04-13,0.07651452829079947,0.07651452829079947,1.2608380600474303,1.2608380600474303
2006-04-14,0.07651452829079947,0.07651452829079947,1.0809175846645558,1.0809175846645558
2006-04-15,0.06484282058542327,0.06484282058542327,0.9777073894836822,0.9777073894836822
2006-04-16,0.06484282058542327,0.06484282058542327,1.0530229373183737,1.0530229373183737
2006-04-17,0.06484282058542327,0.06484282058542327,1.0864965141337921,1.0864965141337921
2006-04-18,0.06484282058542327,0.06484282058542327,1.108812232010738,1.108812232010738
2006-04-19,0.0829988103493418,0.0829988103493418,1.1604173296011746,1.1604173296011746
2006-04-20,0.0829988103493418,0.0829988103493418,1.350100931555213,1.350100931555213
2006-04-21,0.08429566676105026,0.08429566676105026,1.4561005914707046,1.4561005914707046
2006-04-22,0.0907799488195926,0.0907799488195926,1.5899948987323789,1.5899948987323789
2006-04-23,0.09207680523130105,0.09207680523130105,1.630442137384343,1.630442137384343
2006-04-24,0.10374851293667725,0.10374851293667725,1.7699153741152531,1.7699153741152531
2006-04-25,0.10374851293667725,0.10374851293667725,1.846625654317254,1.846625654317254
2006-04-26,0.10115480011326032,0.10115480011326032,1.896836019540382,1.896836019540382
2006-04-27,0.10374851293667725,0.10374851293667725,2.376623953894714,2.376623953894714
2006-04-28,0.10245165652496876,0.10245165652496876,2.376623953894714,2.376623953894714
2006-04-29,0.0972642308781349,0.0972642308781349,2.2678348292446033,2.2678348292446033
2006-04-30,0.07651452829079947,0.07651452829079947,2.1562562398598755,2.1562562398598755
2006-05-01,0.07781138470250792,0.07781138470250792,2.1562562398598755,2.1562562398598755
2006-05-02,0.06484282058542327,0.06484282058542327,2.016783003128965,2.016783003128965
2006-05-03,0.06484282058542327,0.06484282058542327,1.6680999113016888,1.6680999113016888
2006-05-04,0.06354596417371482,0.06354596417371482,1.577442307426597,1.577442307426597
2006-05-05,0.06354596417371482,0.06354596417371482,1.3821797760033223,1.3821797760033223
2006-05-06,0.06354596417371482,0.06354596417371482,1.4337848735937593,1.4337848735937593
2006-05-07,0.06484282058542327,0.06484282058542327,1.4658637180418685,1.4658637180418685
2006-05-08,0.07003024623225713,0.07003024623225713,1.8257046688076173,1.8257046688076173
2006-05-09,0.06873338982054866,0.06873338982054866,2.3710450244254773,2.3710450244254773
2006-05-10,0.07003024623225713,0.07003024623225713,2.527255049564097,2.527255049564097
2006-05-11,0.07132710264396559,0.07132710264396559,2.596991667929552,2.596991667929552
2006-05-12,0.0907799488195926,0.0907799488195926,2.590018006093007,2.590018006093007
2006-05-13,0.10374851293667725,0.10374851293667725,2.384992348098568,2.384992348098568
2006-05-14,0.1089359385835111,0.1089359385835111,2.5188866553602423,2.5188866553602423
2006-05-15,0.11152965140692804,0.11152965140692804,2.8633855500855905,2.8633855500855905
2006-05-16,0.12320135911230422,0.12320135911230422,3.140937291180103,3.140937291180103
2006-05-17,0.12320135911230422,0.12320135911230422,3.2790157955437045,3.2790157955437045
2006-05-18,0.11282650781863648,0.11282650781863648,3.542620212965125,3.542620212965125
2006-05-19,0.11282650781863648,0.11282650781863648,3.542620212965125,3.542620212965125
2006-05-20,0.11152965140692804,0.11152965140692804,3.6904618438998895,3.6904618438998895
2006-05-21,0.11282650781863648,0.11282650781863648,4.044723865196402,4.044723865196402
2006-05-22,0.14006049246451427,0.14006049246451427,3.9331452758116736,3.9331452758116736
2006-05-23,0.14006049246451427,0.14006049246451427,3.6263041550036705,3.6263041550036705
2006-05-24,0.14135734887622275,0.14135734887622275,3.6263041550036705,3.6263041550036705
2006-05-25,0.14135734887622275,0.14135734887622275,3.5119361008843244,3.5119361008843244
2006-05-26,0.14913848734647353,0.14913848734647353,3.6249094226363616,3.6249094226363616
2006-05-27,0.14654477452305661,0.14654477452305661,3.6514093376152346,3.6514093376152346
2006-05-28,0.14913848734647353,0.14913848734647353,3.6514093376152346,3.6514093376152346
2006-05-29,0.15173220016989047,0.15173220016989047,3.6918565762671993,3.6918565762671993
2006-05-30,0.14913848734647353,0.14913848734647353,3.7183564912460723,3.7183564912460723
2006-05-31,0.15173220016989047,0.15173220016989047,3.828540348263491,3.828540348263491
2006-06-01,0.15173220016989047,0.15173220016989047,3.894092769527019,3.894092769527019
2006-06-02,0.13357621040597195,0.13357621040597195,3.9708030497290205,3.9708030497290205
2006-06-03,0.14913848734647353,0.14913848734647353,3.894092769527019,3.894092769527019
2006-06-04,0.14524791811134816,0.14524791811134816,3.793672039080764,3.793672039080764
2006-06-05,0.14524791811134816,0.14524791811134816,3.83132981299811,3.83132981299811
2006-06-06,0.1582164822284328,0.1582164822284328,3.5788832545151616,3.5788832545151616
2006-06-07,0.15173220016989047,0.15173220016989047,3.3445682168072324,3.3445682168072324
2006-06-08,0.15173220016989047,0.15173220016989047,3.3445682168072324,3.3445682168072324
2006-06-09,0.15173220016989047,0.15173220016989047,3.2162528390147944,3.2162528390147944
2006-06-10,0.15173220016989047,0.15173220016989047,3.177200332730139,3.177200332730139
2006-06-11,0.15173220016989047,0.15173220016989047,3.3543313433783957,3.3543313433783957
2006-06-12,0.14913848734647353,0.14913848734647353,3.5788832545151616,3.5788832545151616
2006-06-13,0.1659976206986836,0.1659976206986836,3.7657773917345816,3.7657773917345816
2006-06-14,0.1647007642869751,0.1647007642869751,3.7657773917345816,3.7657773917345816
2006-06-15,0.16340390787526665,0.16340390787526665,3.7657773917345816,3.7657773917345816
2006-06-16,0.15562276940501585,0.15562276940501585,3.6541988023498533,3.6541988023498533
2006-06-17,0.15562276940501585,0.15562276940501585,3.54959387480167,3.54959387480167
2006-06-18,0.15691962581672436,0.15691962581672436,3.7281196178172356,3.7281196178172356
2006-06-19,0.15562276940501585,0.15562276940501585,3.7197512236133807,3.7197512236133807
2006-06-20,0.15562276940501585,0.15562276940501585,3.8006457009173085,3.8006457009173085
2006-06-21,0.1543259129933074,0.1543259129933074,4.007066091279056,4.007066091279056
2006-06-22,0.16340390787526665,0.16340390787526665,4.044723865196402,4.044723865196402
2006-06-23,0.1647007642869751,0.1647007642869751,4.044723865196402,4.044723865196402
2006-06-24,0.16210705146355817,0.16210705146355817,3.895487501894328,3.895487501894328
2006-06-25,0.16210705146355817,0.16210705146355817,3.9708030497290205,3.9708030497290205
2006-06-26,0.17118504634551746,0.17118504634551746,4.01682921785022,4.01682921785022
2006-06-27,0.17118504634551746,0.17118504634551746,4.11027628645993,4.11027628645993
2006-06-28,0.15951333864014125,0.15951333864014125,4.156302454581131,4.156302454581131
2006-06-29,0.15302905658159893,0.15302905658159893,4.082381639113748,4.082381639113748
2006-06-30,0.16340390787526665,0.16340390787526665,4.193960228498476,4.193960228498476
2006-07-01,0.16340390787526665,0.16340390787526665,4.146539328009967,4.146539328009967
2006-07-02,0.16340390787526665,0.16340390787526665,4.184197101927313,4.184197101927313
2006-07-03,0.16340390787526665,0.16340390787526665,4.166065581152294,4.166065581152294
2006-07-04,0.16340390787526665,0.16340390787526665,4.023802879686765,4.023802879686765
2006-07-05,0.16340390787526665,0.16340390787526665,4.034960738625238,4.034960738625238
2006-07-06,0.16340390787526665,0.16340390787526665,4.034960738625238,4.034960738625238
2006-07-07,0.15951333864014125,0.15951333864014125,3.894092769527019,3.894092769527019
2006-07-08,0.15691962581672436,0.15691962581672436,4.03356600625793,4.03356600625793
2006-07-09,0.16729447711039205,0.16729447711039205,4.117249948296475,4.117249948296475
2006-07-10,0.17248190275722594,0.17248190275722594,4.03356600625793,4.03356600625793
2006-07-11,0.1685913335221005,0.1685913335221005,3.894092769527019,3.894092769527019
2006-07-12,0.16340390787526665,0.16340390787526665,3.894092769527019,3.894092769527019
2006-07-13,0.16340390787526665,0.16340390787526665,3.9708030497290205,3.9708030497290205
2006-07-14,0.1543259129933074,0.1543259129933074,3.942908402382838,3.942908402382838
2006-07-15,0.15951333864014125,0.15951333864014125,3.942908402382838,3.942908402382838
2006-07-16,0.16340390787526665,0.16340390787526665,4.0363554709925475,4.0363554709925475
2006-07-17,0.16081019505184974,0.16081019505184974,4.082381639113748,4.082381639113748
2006-07-18,0.16340390787526665,0.16340390787526665,4.11027628645993,4.11027628645993
2006-07-19,0.1647007642869751,0.1647007642869751,4.184197101927313,4.184197101927313
2006-07-20,0.16081019505184974,0.16081019505184974,4.184197101927313,4.184197101927313
2006-07-21,0.169888189933809,0.169888189933809,4.092144765684911,4.092144765684911
2006-07-22,0.16729447711039205,0.16729447711039205,4.20511808743695,4.20511808743695
2006-07-23,0.16729447711039205,0.16729447711039205,4.202328622702331,4.202328622702331
2006-07-24,0.16729447711039205,0.16729447711039205,4.192565496131167,4.192565496131167
2006-07-25,0.1659976206986836,0.1659976206986836,4.266486311598549,4.266486311598549
2006-07-26,0.16729447711039205,0.16729447711039205,4.304144085515896,4.304144085515896
2006-07-27,0.16729447711039205,0.16729447711039205,4.122828877765713,4.122828877765713
2006-07-28,0.16340390787526665,0.16340390787526665,4.021013414952148,4.021013414952148
2006-07-29,0.1659976206986836,0.1659976206986836,3.8843296429558554,3.8843296429558554
2006-07-30,0.1647007642869751,0.1647007642869751,3.8341192777327278,3.8341192777327278
2006-07-31,0.1647007642869751,0.1647007642869751,4.0112502883809835,4.0112502883809835
2006-08-01,0.16729447711039205,0.16729447711039205,4.057276456502184,4.057276456502184
2006-08-02,0.15302905658159893,0.15302905658159893,3.940118937648219,3.940118937648219
2006-08-03,0.1543259129933074,0.1543259129933074,3.8815401782212375,3.8815401782212375
2006-08-04,0.15562276940501585,0.15562276940501585,3.6290936197382893,3.6290936197382893
2006-08-05,0.15302905658159893,0.15302905658159893,3.5551728042709065,3.5551728042709065
2006-08-06,0.1543259129933074,0.1543259129933074,3.4156995675399964,3.4156995675399964
2006-08-07,0.16081019505184974,0.16081019505184974,3.4156995675399964,3.4156995675399964
2006-08-08,0.1543259129933074,0.1543259129933074,3.4059364409688326,3.4059364409688326
2006-08-09,0.14654477452305661,0.14654477452305661,3.312489372359122,3.312489372359122
2006-08-10,0.14654477452305661,0.14654477452305661,3.276226330809086,3.276226330809086
2006-08-11,0.14654477452305661,0.14654477452305661,3.20788444481094,3.20788444481094
2006-08-12,0.1543259129933074,0.1543259129933074,3.184173994566685,3.184173994566685
2006-08-13,0.14524791811134816,0.14524791811134816,3.2859894573802495,3.2859894573802495
2006-08-14,0.15302905658159893,0.15302905658159893,3.304120978155268,3.304120978155268
2006-08-15,0.14524791811134816,0.14524791811134816,3.304120978155268,3.304120978155268
2006-08-16,0.14524791811134816,0.14524791811134816,3.2957525839514132,3.2957525839514132
2006-08-17,0.14006049246451427,0.14006049246451427,3.426857426478469,3.426857426478469
2006-08-18,0.13487306681768044,0.13487306681768044,3.2999367810533404,3.2999367810533404
2006-08-19,0.12190450270059575,0.12190450270059575,3.1995160506070857,3.1995160506070857
2006-08-20,0.12320135911230422,0.12320135911230422,3.1660424737916664,3.1660424737916664
2006-08-21,0.1089359385835111,0.1089359385835111,3.1214110380377758,3.1214110380377758
2006-08-22,0.1089359385835111,0.1089359385835111,3.12977943224163,3.12977943224163
2006-08-23,0.10504536934838571,0.10504536934838571,3.12977943224163,3.12977943224163
2006-08-24,0.10504536934838571,0.10504536934838571,3.026569237060756,3.026569237060756
2006-08-25,0.11931078987717883,0.11931078987717883,2.909411718206792,2.909411718206792
2006-08-26,0.11801393346547037,0.11801393346547037,2.7378596370277717,2.7378596370277717
2006-08-27,0.12968564117084655,0.12968564117084655,2.675096680498862,2.675096680498862
2006-08-28,0.12190450270059575,0.12190450270059575,2.537018176135261,2.537018176135261
2006-08-29,0.1089359385835111,0.1089359385835111,2.5425971056044974,2.5425971056044974
2006-08-30,0.10374851293667725,0.10374851293667725,2.6053600621334065,2.6053600621334065
2006-08-31,0.10245165652496876,0.10245165652496876,2.668123018662316,2.668123018662316
2006-09-01,0.10245165652496876,0.10245165652496876,2.5774654147872247,2.5774654147872247
2006-09-02,0.10374851293667725,0.10374851293667725,2.6792808776007893,2.6792808776007893
2006-09-03,0.10374851293667725,0.10374851293667725,2.55375496454297,2.55375496454297
2006-09-04,0.10374851293667725,0.10374851293667725,2.534228711400642,2.534228711400642
2006-09-05,0.10374851293667725,0.10374851293667725,2.389176545200496,2.389176545200496
2006-09-06,0.10374851293667725,0.10374851293667725,2.389176545200496,2.389176545200496
2006-09-07,0.11801393346547037,0.11801393346547037,2.3194399268350407,2.3194399268350407
2006-09-08,0.11801393346547037,0.11801393346547037,2.3598871654870046,2.3598871654870046
2006-09-09,0.1167170770537619,0.1167170770537619,2.2678348292446033,2.2678348292446033
2006-09-10,0.11542022064205343,0.11542022064205343,2.2748084910811492,2.2748084910811492
2006-09-11,0.1167170770537619,0.1167170770537619,2.122782663044457,2.122782663044457
2006-09-12,0.1089359385835111,0.1089359385835111,2.122782663044457,2.122782663044457
2006-09-13,0.08818623599617564,0.08818623599617564,2.122782663044457,2.122782663044457
2006-09-14,0.08818623599617564,0.08818623599617564,2.1353352543502386,2.1353352543502386
2006-09-15,0.07392081546738254,0.07392081546738254,1.9177570050500183,1.9177570050500183
2006-09-16,0.07392081546738254,0.07392081546738254,1.6918103615459434,1.6918103615459434
2006-09-17,0.07392081546738254,0.07392081546738254,1.5091004214284507,1.5091004214284507
2006-09-18,0.07392081546738254,0.07392081546738254,1.5593107866515787,1.5593107866515787
2006-09-19,0.07392081546738254,0.07392081546738254,1.7071524175863435,1.7071524175863435
2006-09-20,0.07392081546738254,0.07392081546738254,1.808967880399908,1.808967880399908
2006-09-21,0.0907799488195926,0.0907799488195926,1.72807340309598,1.72807340309598
2006-09-22,0.09467051805471799,0.09467051805471799,1.72807340309598,1.72807340309598
2006-09-23,0.10115480011326032,0.10115480011326032,1.8117573451345266,1.8117573451345266
2006-09-24,0.08818623599617564,0.08818623599617564,1.9833094263135462,1.9833094263135462
2006-09-25,0.08170195393763333,0.08170195393763333,2.051651312311692,2.051651312311692
2006-09-26,0.08170195393763333,0.08170195393763333,2.0112040736597283,2.0112040736597283
2006-09-27,0.07392081546738254,0.07392081546738254,1.9372832581923458,1.9372832581923458
2006-09-28,0.06743653340884022,0.06743653340884022,2.6485967655199887,2.6485967655199887
2006-09-29,0.06873338982054866,0.06873338982054866,1.9303095963558001,1.9303095963558001
2006-09-30,0.07003024623225713,0.07003024623225713,0.6359979594929516,0.6359979594929516
2006-10-01,0.042796261586379364,0.042796261586379364,1.9303095963558001,1.9303095963558001
2006-10-02,0.042796261586379364,0.042796261586379364,0.6053138474121512,0.6053138474121512
2006-10-03,0.042796261586379364,0.042796261586379364,0.5718402705967327,0.5718402705967327
2006-10-04,0.042796261586379364,0.042796261586379364,0.5704455382294236,0.5704455382294236
2006-10-05,0.042796261586379364,0.042796261586379364,0.5676560734948055,0.5676560734948055
2006-10-06,0.042796261586379364,0.042796261586379364,0.6471558184314243,0.6471558184314243
2006-10-07,0.0414994051746709,0.0414994051746709,0.6471558184314243,0.6471558184314243
2006-10-08,0.05576482570346402,0.05576482570346402,0.6471558184314243,0.6471558184314243
2006-10-09,0.05706168211517248,0.05706168211517248,0.6471558184314243,0.6471558184314243
2006-10-10,0.04668683082150476,0.04668683082150476,0.6443663536968062,0.6443663536968062
2006-10-11,0.0453899744097963,0.0453899744097963,0.6443663536968062,0.6443663536968062
2006-10-12,0.0453899744097963,0.0453899744097963,0.5648666087601872,0.5648666087601872
2006-10-13,0.0453899744097963,0.0453899744097963,0.5369719614140052,0.5369719614140052
2006-10-14,0.0453899744097963,0.0453899744097963,0.5369719614140052,0.5369719614140052
2006-10-15,0.03631197952783704,0.03631197952783704,0.5411561585159324,0.5411561585159324
2006-10-16,0.042796261586379364,0.042796261586379364,0.5369719614140052,0.5369719614140052
2006-10-17,0.04409311799808782,0.04409311799808782,0.5369719614140052,0.5369719614140052
2006-10-18,0.042796261586379364,0.042796261586379364,0.5369719614140052,0.5369719614140052
2006-10-19,0.042796261586379364,0.042796261586379364,0.5369719614140052,0.5369719614140052
2006-10-20,0.042796261586379364,0.042796261586379364,0.49234052566011377,0.49234052566011377
2006-10-21,0.042796261586379364,0.042796261586379364,0.49234052566011377,0.49234052566011377
2006-10-22,0.042796261586379364,0.042796261586379364,0.46026168121200445,0.46026168121200445
2006-10-23,0.042796261586379364,0.042796261586379364,0.4560774841100771,0.4560774841100771
2006-10-24,0.04928054364492169,0.04928054364492169,0.4644458783139317,0.4644458783139317
2006-10-25,0.04928054364492169,0.04928054364492169,0.4560774841100771,0.4560774841100771
2006-10-26,0.03371826670442011,0.03371826670442011,0.25523602321756605,0.25523602321756605
2006-10-27,0.03242141029271164,0.03242141029271164,0.3291568386849486,0.3291568386849486
2006-10-28,0.03371826670442011,0.03371826670442011,0.3291568386849486,0.3291568386849486
2006-10-29,0.03371826670442011,0.03371826670442011,0.3249726415830213,0.3249726415830213
2006-10-30,0.03371826670442011,0.03371826670442011,0.08368394203854625,0.08368394203854625
2006-10-31,0.012968564117084656,0.012968564117084656,0.08089447730392804,0.08089447730392804
2006-11-01,0.012968564117084656,0.012968564117084656,0.08089447730392804,0.08089447730392804
2006-11-02,0.012968564117084656,0.012968564117084656,0.08089447730392804,0.08089447730392804
2006-11-03,0.012968564117084656,0.012968564117084656,0.07252608310007341,0.07252608310007341
2006-11-04,0.012968564117084656,0.012968564117084656,0.05578929469236416,0.05578929469236416
2006-11-05,0.012968564117084656,0.012968564117084656,0.04463143575389134,0.04463143575389134
2006-11-06,0.010374851293667725,0.010374851293667725,0.061368224161600586,0.061368224161600586
2006-11-07,0.00907799488195926,0.00907799488195926,0.061368224161600586,0.061368224161600586
2006-11-08,0.00907799488195926,0.00907799488195926,0.061368224161600586,0.061368224161600586
2006-11-09,0.00907799488195926,0.00907799488195926,0.061368224161600586,0.061368224161600586
2006-11-10,0.00907799488195926,0.00907799488195926,0.061368224161600586,0.061368224161600586
2006-11-11,0.00907799488195926,0.00907799488195926,0.061368224161600586,0.061368224161600586
2006-11-12,0.012968564117084656,0.012968564117084656,0.061368224161600586,0.061368224161600586
2006-11-13,0.01815598976391852,0.01815598976391852,0.06973661836545522,0.06973661836545522
2006-11-14,0.01815598976391852,0.01815598976391852,0.06973661836545522,0.06973661836545522
2006-11-15,0.01815598976391852,0.01815598976391852,0.06973661836545522,0.06973661836545522
2006-11-16,0.01815598976391852,0.01815598976391852,0.06973661836545522,0.06973661836545522
2006-11-17,0.01815598976391852,0.01815598976391852,0.06973661836545522,0.06973661836545522
2006-11-18,0.01815598976391852,0.01815598976391852,0.06973661836545522,0.06973661836545522
2006-11-19,0.01815598976391852,0.01815598976391852,0.06973661836545522,0.06973661836545522
2006-11-20,0.01815598976391852,0.01815598976391852,0.061368224161600586,0.061368224161600586
2006-11-21,0.01815598976391852,0.01815598976391852,0.061368224161600586,0.061368224161600586
2006-11-22,0.01815598976391852,0.01815598976391852,0.061368224161600586,0.061368224161600586
2006-11-23,0.01815598976391852,0.01815598976391852,0.061368224161600586,0.061368224161600586
2006-11-24,0.01815598976391852,0.01815598976391852,0.061368224161600586,0.061368224161600586
2006-11-25,0.01815598976391852,0.01815598976391852,0.061368224161600586,0.061368224161600586
2006-11-26,0.01815598976391852,0.01815598976391852,0.061368224161600586,0.061368224161600586
2006-11-27,0.01815598976391852,0.01815598976391852,0.061368224161600586,0.061368224161600586
2006-11-28,0.01815598976391852,0.01815598976391852,0.061368224161600586,0.061368224161600586
2006-11-29,0.01815598976391852,0.01815598976391852,0.061368224161600586,0.061368224161600586
2006-11-30,0.01815598976391852,0.01815598976391852,0.061368224161600586,0.061368224161600586
2006-12-01,0.01815598976391852,0.01815598976391852,0.061368224161600586,0.061368224161600586
2006-12-02,0.01815598976391852,0.01815598976391852,0.05857875942698238,0.05857875942698238
2006-12-03,0.01815598976391852,0.01815598976391852,0.05857875942698238,0.05857875942698238
2006-12-04,0.015562276940501586,0.015562276940501586,0.061368224161600586,0.061368224161600586
2006-12-05,0.015562276940501586,0.015562276940501586,0.061368224161600586,0.061368224161600586
2006-12-06,0.01815598976391852,0.01815598976391852,0.061368224161600586,0.061368224161600586
2006-12-07,0.01815598976391852,0.01815598976391852,0.061368224161600586,0.061368224161600586
2006-12-08,0.01815598976391852,0.01815598976391852,0.061368224161600586,0.061368224161600586
2006-12-09,0.01815598976391852,0.01815598976391852,0.061368224161600586,0.061368224161600586
2006-12-10,0.01815598976391852,0.01815598976391852,0.061368224161600586,0.061368224161600586
2006-12-11,0.01426542052879312,0.01426542052879312,0.061368224161600586,0.061368224161600586
2006-12-12,0.01167170770537619,0.01167170770537619,0.06973661836545522,0.06973661836545522
2006-12-13,0.010374851293667725,0.010374851293667725,0.06973661836545522,0.06973661836545522
2006-12-14,0.00907799488195926,0.00907799488195926,0.05857875942698238,0.05857875942698238
2006-12-15,0.00907799488195926,0.00907799488195926,0.05857875942698238,0.05857875942698238
2006-12-16,0.00907799488195926,0.00907799488195926,0.061368224161600586,0.061368224161600586
2006-12-17,0.00907799488195926,0.00907799488195926,0.061368224161600586,0.061368224161600586
2006-12-18,0.007781138470250793,0.007781138470250793,0.05857875942698238,0.05857875942698238
2006-12-19,0.00907799488195926,0.00907799488195926,0.061368224161600586,0.061368224161600586
2006-12-20,0.00907799488195926,0.00907799488195926,0.061368224161600586,0.061368224161600586
2006-12-21,0.00907799488195926,0.00907799488195926,0.05857875942698238,0.05857875942698238
2006-12-22,0.007781138470250793,0.007781138470250793,0.05857875942698238,0.05857875942698238
2006-12-23,0.006484282058542328,0.006484282058542328,0.05299982995774596,0.05299982995774596
2006-12-24,0.006484282058542328,0.006484282058542328,0.05299982995774596,0.05299982995774596
2006-12-25,0.006484282058542328,0.006484282058542328,0.05299982995774596,0.05299982995774596
2006-12-26,0.006484282058542328,0.006484282058542328,0.05299982995774596,0.05299982995774596
2006-12-27,0.007781138470250793,0.007781138470250793,0.05299982995774596,0.05299982995774596
2006-12-28,0.007781138470250793,0.007781138470250793,0.04742090048850955,0.04742090048850955
2006-12-29,0.007781138470250793,0.007781138470250793,0.04742090048850955,0.04742090048850955
2006-12-30,0.007781138470250793,0.007781138470250793,0.05299982995774596,0.05299982995774596
2006-12-31,0.007781138470250793,0.007781138470250793,0.05299982995774596,0.05299982995774596
2007-01-01,0.007781138470250793,0.007781138470250793,0.04742090048850955,0.04742090048850955
2007-01-02,0.007781138470250793,0.007781138470250793,0.04742090048850955,0.04742090048850955
2007-01-03,0.007781138470250793,0.007781138470250793,0.04742090048850955,0.04742090048850955
2007-01-04,0.007781138470250793,0.007781138470250793,0.05299982995774596,0.05299982995774596
2007-01-05,0.007781138470250793,0.007781138470250793,0.05299982995774596,0.05299982995774596
2007-01-06,0.007781138470250793,0.007781138470250793,0.05299982995774596,0.05299982995774596
2007-01-07,0.007781138470250793,0.007781138470250793,0.05299982995774596,0.05299982995774596
2007-01-08,0.007781138470250793,0.007781138470250793,0.05299982995774596,0.05299982995774596
2007-01-09,0.007781138470250793,0.007781138470250793,0.05299982995774596,0.05299982995774596
2007-01-10,0.007781138470250793,0.007781138470250793,0.05299982995774596,0.05299982995774596
2007-01-11,0.007781138470250793,0.007781138470250793,0.05299982995774596,0.05299982995774596
2007-01-12,0.007781138470250793,0.007781138470250793,0.05578929469236416,0.05578929469236416
2007-01-13,0.007781138470250793,0.007781138470250793,0.05578929469236416,0.05578929469236416
2007-01-14,0.007781138470250793,0.007781138470250793,0.05578929469236416,0.05578929469236416
2007-01-15,0.007781138470250793,0.007781138470250793,0.05578929469236416,0.05578929469236416
2007-01-16,0.007781138470250793,0.007781138470250793,0.05578929469236416,0.05578929469236416
2007-01-17,0.007781138470250793,0.007781138470250793,0.05578929469236416,0.05578929469236416
2007-01-18,0.007781138470250793,0.007781138470250793,0.05578929469236416,0.05578929469236416
2007-01-19,0.007781138470250793,0.007781138470250793,0.05578929469236416,0.05578929469236416
2007-01-20,0.007781138470250793,0.007781138470250793,0.05578929469236416,0.05578929469236416
2007-01-21,0.007781138470250793,0.007781138470250793,0.061368224161600586,0.061368224161600586
2007-01-22,0.007781138470250793,0.007781138470250793,0.05578929469236416,0.05578929469236416
2007-01-23,0.007781138470250793,0.007781138470250793,0.05578929469236416,0.05578929469236416
2007-01-24,0.007781138470250793,0.007781138470250793,0.05578929469236416,0.05578929469236416
2007-01-25,0.007781138470250793,0.007781138470250793,0.05299982995774596,0.05299982995774596
2007-01-26,0.007781138470250793,0.007781138470250793,0.05578929469236416,0.05578929469236416
2007-01-27,0.007781138470250793,0.007781138470250793,0.05578929469236416,0.05578929469236416
2007-01-28,0.007781138470250793,0.007781138470250793,0.05299982995774596,0.05299982995774596
2007-01-29,0.007781138470250793,0.007781138470250793,0.05578929469236416,0.05578929469236416
2007-01-30,0.007781138470250793,0.007781138470250793,0.05578929469236416,0.05578929469236416
2007-01-31,0.007781138470250793,0.007781138470250793,0.05578929469236416,0.05578929469236416
2007-02-01,0.007781138470250793,0.007781138470250793,0.05578929469236416,0.05578929469236416
2007-02-02,0.010374851293667725,0.010374851293667725,0.05578929469236416,0.05578929469236416
2007-02-03,0.010374851293667725,0.010374851293667725,0.061368224161600586,0.061368224161600586
2007-02-04,0.010374851293667725,0.010374851293667725,0.061368224161600586,0.061368224161600586
2007-02-05,0.010374851293667725,0.010374851293667725,0.05578929469236416,0.05578929469236416
2007-02-06,0.010374851293667725,0.010374851293667725,0.05578929469236416,0.05578929469236416
2007-02-07,0.010374851293667725,0.010374851293667725,0.05578929469236416,0.05578929469236416
2007-02-08,0.007781138470250793,0.007781138470250793,0.05578929469236416,0.05578929469236416
2007-02-09,0.007781138470250793,0.007781138470250793,0.05578929469236416,0.05578929469236416
2007-02-10,0.007781138470250793,0.007781138470250793,0.05578929469236416,0.05578929469236416
2007-02-11,0.010374851293667725,0.010374851293667725,0.05578929469236416,0.05578929469236416
2007-02-12,0.010374851293667725,0.010374851293667725,0.05578929469236416,0.05578929469236416
2007-02-13,0.007781138470250793,0.007781138470250793,0.05578929469236416,0.05578929469236416
2007-02-14,0.007781138470250793,0.007781138470250793,0.05578929469236416,0.05578929469236416
2007-02-15,0.007781138470250793,0.007781138470250793,0.05578929469236416,0.05578929469236416
2007-02-16,0.007781138470250793,0.007781138470250793,0.05578929469236416,0.05578929469236416
2007-02-17,0.0,0.0,0.05578929469236416,0.05578929469236416
2007-02-18,0.0,0.0,0.05578929469236416,0.05578929469236416
2007-02-19,0.0,0.0,0.05578929469236416,0.05578929469236416
2007-02-20,0.0,0.0,0.061368224161600586,0.061368224161600586
2007-02-21,0.0,0.0,0.05578929469236416,0.05578929469236416
2007-02-22,0.0,0.0,0.061368224161600586,0.061368224161600586
2007-02-23,0.0,0.0,0.05578929469236416,0.05578929469236416
2007-02-24,0.0,0.0,0.05578929469236416,0.05578929469236416
2007-02-25,0.0,0.0,0.05578929469236416,0.05578929469236416
2007-02-26,0.0,0.0,0.061368224161600586,0.061368224161600586
2007-02-27,0.0,0.0,0.061368224161600586,0.061368224161600586
2007-02-28,0.0,0.0,0.061368224161600586,0.061368224161600586
2007-03-01,0.0,0.0,0.061368224161600586,0.061368224161600586
2007-03-02,0.0,0.0,0.061368224161600586,0.061368224161600586
2007-03-03,0.0,0.0,0.061368224161600586,0.061368224161600586
2007-03-04,0.0,0.0,0.061368224161600586,0.061368224161600586
2007-03-05,0.0,0.0,0.061368224161600586,0.061368224161600586
2007-03-06,0.0,0.0,0.061368224161600586,0.061368224161600586
2007-03-07,0.0038905692351253966,0.0038905692351253966,0.6499452831660426,0.6499452831660426
2007-03-08,0.005187425646833862,0.005187425646833862,0.6527347479006609,0.6527347479006609
2007-03-09,0.005187425646833862,0.005187425646833862,0.6527347479006609,0.6527347479006609
2007-03-10,0.01426542052879312,0.01426542052879312,0.6527347479006609,0.6527347479006609
2007-03-11,0.012968564117084656,0.012968564117084656,0.655524212635279,0.655524212635279
2007-03-12,0.012968564117084656,0.012968564117084656,0.6611031421045154,0.6611031421045154
2007-03-13,0.012968564117084656,0.012968564117084656,0.5258141024755323,0.5258141024755323
2007-03-14,0.01426542052879312,0.01426542052879312,0.454682751742768,0.454682751742768
2007-03-15,0.005187425646833862,0.005187425646833862,0.454682751742768,0.454682751742768
2007-03-16,0.006484282058542328,0.006484282058542328,0.454682751742768,0.454682751742768
2007-03-17,0.006484282058542328,0.006484282058542328,0.454682751742768,0.454682751742768
2007-03-18,0.012968564117084656,0.012968564117084656,0.454682751742768,0.454682751742768
2007-03-19,0.012968564117084656,0.012968564117084656,0.6053138474121512,0.6053138474121512
2007-03-20,0.012968564117084656,0.012968564117084656,1.3054694958013218,1.3054694958013218
2007-03-21,0.012968564117084656,0.012968564117084656,1.3863639731052495,1.3863639731052495
2007-03-22,0.012968564117084656,0.012968564117084656,1.4379690706956867,1.4379690706956867
2007-03-23,0.012968564117084656,0.012968564117084656,1.6276526726497247,1.6276526726497247
2007-03-24,0.04668683082150476,0.04668683082150476,1.6890208968113254,1.6890208968113254
2007-03-25,0.06484282058542327,0.06484282058542327,1.7559680504421622,1.7559680504421622
2007-03-26,0.062249107762006345,0.062249107762006345,1.7559680504421622,1.7559680504421622
2007-03-27,0.06354596417371482,0.06354596417371482,1.7559680504421622,1.7559680504421622
2007-03-28,0.06873338982054866,0.06873338982054866,1.7559680504421622,1.7559680504421622
2007-03-29,0.07003024623225713,0.07003024623225713,1.7559680504421622,1.7559680504421622
2007-03-30,0.07651452829079947,0.07651452829079947,1.6151000813439425,1.6151000813439425
2007-03-31,0.08170195393763333,0.08170195393763333,1.6234684755477973,1.6234684755477973
2007-04-01,0.04853948282711522,0.04853948282711522,1.260041070083404,1.260041070083404
2007-04-02,0.053726908473949085,0.053726908473949085,1.3875594579118158,1.3875594579118158
2007-04-03,0.06113751654826521,0.06113751654826521,1.484792228780913,1.484792228780913
2007-04-04,0.06484282058542327,0.06484282058542327,1.6322353645941918,1.6322353645941918
2007-04-05,0.07521767187909101,0.07521767187909101,1.722693721187487,1.722693721187487
2007-04-06,0.07744085430657327,0.07744085430657327,1.7079494075503696,1.7079494075503696
2007-04-07,0.08003456712999019,0.08003456712999019,1.7936258243595082,1.7936258243595082
2007-04-08,0.07707032388470147,0.07707032388470147,1.8836856858313167,1.8836856858313167
2007-04-09,0.07003024623225713,0.07003024623225713,1.7390320144737097,1.7390320144737097
2007-04-10,0.08262827995340713,0.08262827995340713,1.7350470649325256,1.7350470649325256
2007-04-11,0.07114183744599828,0.07114183744599828,1.6402052639555067,1.6402052639555067
2007-04-12,0.07484714148315633,0.07484714148315633,1.5541303520248821,1.5541303520248821
2007-04-13,0.06780706380477489,0.06780706380477489,1.6513631228939796,1.6513631228939796
2007-04-14,0.07299448945160873,0.07299448945160873,1.7884453897328116,1.7884453897328116
2007-04-15,0.08818623599617564,0.08818623599617564,2.0275423672248976,2.0275423672248976
2007-04-16,0.09596737446642645,0.09596737446642645,2.178173462894281,2.178173462894281
2007-04-17,0.10004320889951919,0.10004320889951919,2.3236241239369675,2.3236241239369675
2007-04-18,0.10004320889951919,0.10004320889951919,2.4619018758613125,2.4619018758613125
2007-04-19,0.10597169536415953,0.10597169536415953,2.3475338217419655,2.3475338217419655
2007-04-20,0.10374851293667725,0.10374851293667725,2.2240003834547384,2.2240003834547384
2007-04-21,0.09559684407049181,0.09559684407049181,2.289752052279009,2.289752052279009
2007-04-22,0.09300313124707485,0.09300313124707485,2.4308192686590253,2.4308192686590253
2007-04-23,0.09744949607610225,0.09744949607610225,2.4738567247638112,2.4738567247638112
2007-04-24,0.10560116494228772,0.10560116494228772,2.4937814727486787,2.4937814727486787
2007-04-25,0.10819487776570463,0.10819487776570463,2.6308637395875105,2.6308637395875105
2007-04-26,0.11227071222473452,0.11227071222473452,2.6073525369039987,2.6073525369039987
2007-04-27,0.11264124262066916,0.11264124262066916,2.69900637830386,2.69900637830386
2007-04-28,0.11264124262066916,0.11264124262066916,2.342353387115269,2.342353387115269
2007-04-29,0.11301177301660384,0.11301177301660384,2.9225620527526956,2.9225620527526956
2007-04-30,0.11412336423034496,0.11412336423034496,3.0150128835586902,3.0150128835586902
2007-05-01,0.1167170770537619,0.1167170770537619,3.0070429839184283,3.0070429839184283
2007-05-02,0.10367070155197473,0.10367070155197473,3.08714047209517,3.08714047209517
2007-05-03,0.1274624587433643,0.1274624587433643,3.1349598671472734,3.1349598671472734
2007-05-04,0.12598033713368853,0.12598033713368853,3.1489071908203643,3.1489071908203643
2007-05-05,0.12523927634181917,0.12523927634181917,3.194335615701442,3.194335615701442
2007-05-06,0.12486874591994737,0.12486874591994737,3.3864101878265047,3.3864101878265047
2007-05-07,0.12709192834742963,0.12709192834742963,3.4449889472534876,3.4449889472534876
2007-05-08,0.12635086752962316,0.12635086752962316,3.5286728892920336,3.5286728892920336
2007-05-09,0.12635086752962316,0.12635086752962316,3.615943285192386,3.615943285192386
2007-05-10,0.1289445803530401,0.1289445803530401,3.676116025663205,3.676116025663205
2007-05-11,0.13116776278052233,0.13116776278052233,3.70241669196555,3.70241669196555
2007-05-12,0.13709624924516267,0.13709624924516267,3.7458526440286604,3.7458526440286604
2007-05-13,0.13968996206857962,0.13968996206857962,3.8056268871464236,3.8056268871464236
2007-05-14,0.14191314447012474,0.14191314447012474,3.86540113305365,3.86540113305365
2007-05-15,0.14524791811134816,0.14524791811134816,3.757408997530727,3.757408997530727
2007-05-16,0.14673003972102394,0.14673003972102394,3.8020404332846183,3.8020404332846183
2007-05-17,0.14561844850728278,0.14561844850728278,3.8247546457251573,3.8247546457251573
2007-05-18,0.14376579650167234,0.14376579650167234,3.7972584929425683,3.7972584929425683
2007-05-19,0.14710057011695862,0.14710057011695862,3.8418899286964603,3.8418899286964603
2007-05-20,0.14747110053883042,0.14747110053883042,3.802837422411805,3.802837422411805
2007-05-21,0.14821216133069975,0.14821216133069975,3.8359789218189615,3.8359789218189615
2007-05-22,0.15043534375818202,0.15043534375818202,3.774610697657361,3.774610697657361
2007-05-23,0.15043534375818202,0.15043534375818202,3.755084444515033,3.755084444515033
2007-05-24,0.14969428294037554,0.14969428294037554,3.7466496331558474,3.7466496331558474
2007-05-25,0.1537701173994054,0.1537701173994054,3.7665743808617687,3.7665743808617687
2007-05-26,0.1537701173994054,0.1537701173994054,3.794867522771543,3.794867522771543
2007-05-27,0.1537701173994054,0.1537701173994054,3.7621909378727763,3.7621909378727763
2007-05-28,0.15525223900908122,0.15525223900908122,3.836709493790817,3.836709493790817
2007-05-29,0.15636383022282235,0.15636383022282235,3.8331230399290117,3.8331230399290117
2007-05-30,0.16340390787526665,0.16340390787526665,3.787694615047934,3.787694615047934
2007-05-31,0.16451549908900778,0.16451549908900778,3.7984539794228134,3.7984539794228134
2007-06-01,0.16822080312616586,0.16822080312616586,3.8745665163846916,3.8745665163846916
2007-06-02,0.16673868151649007,0.16673868151649007,3.934739256855512,3.934739256855512
2007-06-03,0.1685913335221005,0.1685913335221005,3.9443031347501463,3.9443031347501463
2007-06-04,0.1489532221485062,0.1489532221485062,4.022408147319457,4.022408147319457
2007-06-05,0.16488602948494246,0.16488602948494246,4.05946817799668,4.05946817799668
2007-06-06,0.17414928956486905,0.17414928956486905,3.9658218634999054,3.9658218634999054
2007-06-07,0.17489035038267553,0.17489035038267553,3.974987246830947,3.974987246830947
2007-06-08,0.17414928956486905,0.17414928956486905,3.9203934358293635,3.9203934358293635
2007-06-09,0.17340822877299972,0.17340822877299972,3.902461163730874,3.902461163730874
2007-06-10,0.17377875916893437,0.17377875916893437,3.973393265787109,3.973393265787109
2007-06-11,0.17007345513177632,0.17007345513177632,4.078994431139008,4.078994431139008
2007-06-12,0.1763724719923513,0.1763724719923513,4.192963990694761,4.192963990694761
2007-06-13,0.17377875916893437,0.17377875916893437,4.232016496979416,4.232016496979416
2007-06-14,0.17414928956486905,0.17414928956486905,4.246362315216101,4.246362315216101
2007-06-15,0.17785459360202713,0.17785459360202713,4.271467497827664,4.271467497827664
2007-06-16,0.18081883682137867,0.18081883682137867,4.304542580079489,4.304542580079489
2007-06-17,0.17785459360202713,0.17785459360202713,4.261505125369436,4.261505125369436
2007-06-18,0.17489035038267553,0.17489035038267553,4.364316825986716,4.364316825986716
2007-06-19,0.17340822877299972,0.17340822877299972,4.376271674052376,4.376271674052376
2007-06-20,0.17711353281015776,0.17711353281015776,4.292986226577423,4.292986226577423
2007-06-21,0.18044830642544402,0.18044830642544402,4.244369842398133,4.244369842398133
2007-06-22,0.18007777602950936,0.18007777602950936,4.197347436473217,4.197347436473217
2007-06-23,0.17563141117454487,0.17563141117454487,4.213685730317334,4.213685730317334
2007-06-24,0.1811893672432505,0.1811893672432505,4.245565326088914,4.245565326088914
2007-06-25,0.18081883682137867,0.18081883682137867,4.268279538529453,4.268279538529453
2007-06-26,0.18044830642544402,0.18044830642544402,4.25114425555815,4.25114425555815
2007-06-27,0.1811893672432505,0.1811893672432505,4.222851113648375,4.222851113648375
2007-06-28,0.18526520167634325,0.18526520167634325,4.3196853902328245,4.3196853902328245
2007-06-29,0.1845241408585368,0.1845241408585368,4.3491740158333805,4.3491740158333805
2007-06-30,0.18600626246821259,0.18600626246821259,4.514150929739448,4.514150929739448
2007-07-01,0.1878589144997602,0.1878589144997602,4.536865142179987,4.536865142179987
2007-07-02,0.1834125496447956,0.1834125496447956,4.420504615242674,4.420504615242674
2007-07-03,0.1841536104626021,0.1841536104626021,4.4440158168104,4.4440158168104
2007-07-04,0.18044830642544402,0.18044830642544402,4.455572170312466,4.455572170312466
2007-07-05,0.18193042803511986,0.18193042803511986,4.562767316708203,4.562767316708203
2007-07-06,0.18674732328601903,0.18674732328601903,4.60978972263312,4.60978972263312
2007-07-07,0.18711785368195374,0.18711785368195374,4.5683462461774385,4.5683462461774385
2007-07-08,0.18600626246821259,0.18600626246821259,4.488248758000697,4.488248758000697
2007-07-09,0.1841536104626021,0.1841536104626021,4.487451768873511,4.487451768873511
2007-07-10,0.18526520167634325,0.18526520167634325,4.410143745431387,4.410143745431387
2007-07-11,0.18600626246821259,0.18600626246821259,4.400579867536753,4.400579867536753
2007-07-12,0.18526520167634325,0.18526520167634325,4.419309128762429,4.419309128762429
2007-07-13,0.18378308006666744,0.18378308006666744,4.52092534568893,4.52092534568893
2007-07-14,0.18193042803511986,0.18193042803511986,4.51016598131405,4.51016598131405
2007-07-15,0.17896618481576823,0.17896618481576823,4.530489223583564,4.530489223583564
2007-07-16,0.17748406320609247,0.17748406320609247,4.59544390160697,4.59544390160697
2007-07-17,0.17711353281015776,0.17711353281015776,4.596240893523621,4.596240893523621
2007-07-18,0.17822512399796178,0.17822512399796178,4.584684540021556,4.584684540021556
2007-07-19,0.1811893672432505,0.1811893672432505,4.481474344840681,4.481474344840681
2007-07-20,0.17859565441983352,0.17859565441983352,4.431263979617554,4.431263979617554
2007-07-21,0.18081883682137867,0.18081883682137867,4.363519834070065,4.363519834070065
2007-07-22,0.17896618481576823,0.17896618481576823,4.291392245533585,4.291392245533585
2007-07-23,0.1834125496447956,0.1834125496447956,4.365047397958572,4.365047397958572
2007-07-24,0.1815598976391852,0.1815598976391852,4.3021516099084645,4.3021516099084645
2007-07-25,0.1848946712804086,0.1848946712804086,4.288602780798966,4.288602780798966
2007-07-26,0.1848946712804086,0.1848946712804086,4.420106120679081,4.420106120679081
2007-07-27,0.1845241408585368,0.1845241408585368,4.43206096874474,4.43206096874474
2007-07-28,0.18267148885292633,0.18267148885292633,4.400978362100346,4.400978362100346
2007-07-29,0.18081883682137867,0.18081883682137867,4.397790402802135,4.397790402802135
2007-07-30,0.17711353281015776,0.17711353281015776,4.310918498675913,4.310918498675913
2007-07-31,0.17748406320609247,0.17748406320609247,4.248354790823531,4.248354790823531
2007-08-01,0.16970292473584167,0.16970292473584167,4.149926535984707,4.149926535984707
2007-08-02,0.17118504634551746,0.17118504634551746,4.0957312195467175,4.0957312195467175
2007-08-03,0.16933239433990702,0.16933239433990702,4.095332724983123,4.095332724983123
2007-08-04,0.16785027270429403,0.16785027270429403,4.083776371481057,4.083776371481057
2007-08-05,0.16488602948494246,0.16488602948494246,4.112866502518019,4.112866502518019
2007-08-06,0.16562709030274894,0.16562709030274894,4.115257472689045,4.115257472689045
2007-08-07,0.15747542141062632,0.15747542141062632,4.050701289229233,4.050701289229233
2007-08-08,0.15858701262436747,0.15858701262436747,3.9984984483986725,3.9984984483986725
2007-08-09,0.15858701262436747,0.15858701262436747,3.7996494631135933,3.7996494631135933
2007-08-10,0.1519174653678578,0.1519174653678578,3.803634414328457,3.803634414328457
2007-08-11,0.15117640457598847,0.15117640457598847,3.7127775617768353,3.7127775617768353
2007-08-12,0.1533995869775336,0.1533995869775336,3.660176226382683,3.660176226382683
2007-08-13,0.14969428294037554,0.14969428294037554,3.680897966005255,3.680897966005255
2007-08-14,0.15228799576379246,0.15228799576379246,3.641048467803949,3.641048467803949
2007-08-15,0.1489532221485062,0.1489532221485062,3.661637375905323,3.661637375905323
2007-08-16,0.1463595093250893,0.1463595093250893,3.5872516487190165,3.5872516487190165
2007-08-17,0.13857837085483848,0.13857837085483848,3.5581615176820547,3.5581615176820547
2007-08-18,0.13931943164670782,0.13931943164670782,3.5816727192497795,3.5816727192497795
2007-08-19,0.13894890125077314,0.13894890125077314,3.555372052947436,3.555372052947436
2007-08-20,0.13635518842735622,0.13635518842735622,3.4852369372289216,3.4852369372289216
2007-08-21,0.14154261407419008,0.14154261407419008,3.3744553397608454,3.3744553397608454
2007-08-22,0.13450253642174576,0.13450253642174576,3.329425409443361,3.329425409443361
2007-08-23,0.11819919866343771,0.11819919866343771,3.1732153843047413,3.1732153843047413
2007-08-24,0.11745813787156836,0.11745813787156836,3.1361553508380533,3.1361553508380533
2007-08-25,0.1167170770537619,0.1167170770537619,2.97954683113584,2.97954683113584
2007-08-26,0.11449389462627964,0.11449389462627964,2.936509376425787,2.936509376425787
2007-08-27,0.11708760744969654,0.11708760744969654,2.8978553647047254,2.8978553647047254
2007-08-28,0.11708760744969654,0.11708760744969654,2.882314059987796,2.882314059987796
2007-08-29,0.11375283383441032,0.11375283383441032,2.8855020192860077,2.8855020192860077
2007-08-30,0.11560548584002077,0.11560548584002077,2.8269232598590253,2.8269232598590253
2007-08-31,0.11560548584002077,0.11560548584002077,2.811381957931561,2.811381957931561
2007-09-01,0.11560548584002077,0.11560548584002077,2.728893500420634,2.728893500420634
2007-09-02,0.1167170770537619,0.1167170770537619,2.700600357952966,2.700600357952966
2007-09-03,0.11894025948124416,0.11894025948124416,2.6388336389488245,2.6388336389488245
2007-09-04,0.11894025948124416,0.11894025948124416,2.642021598525983,2.642021598525983
2007-09-05,0.11486442504815143,0.11486442504815143,2.60017962750671,2.60017962750671
2007-09-06,0.1089359385835111,0.1089359385835111,2.5858338089910795,2.5858338089910795
2007-09-07,0.10634222576009418,0.10634222576009418,2.5324354841907937,2.5324354841907937
2007-09-08,0.1026369217229361,0.1026369217229361,1.8358662902213212,1.8358662902213212
2007-09-09,0.10041373929545386,0.10041373929545386,2.44396960236809,2.44396960236809
2007-09-10,0.10078426971732564,0.10078426971732564,2.45592445127059,2.45592445127059
2007-09-11,0.10152533050919497,0.10152533050919497,2.435999703285722,2.435999703285722
2007-09-12,0.1041190433326119,0.1041190433326119,2.396548701879581,2.396548701879581
2007-09-13,0.10560116494228772,0.10560116494228772,2.3694510444974246,2.3694510444974246
2007-09-14,0.10560116494228772,0.10560116494228772,2.33000004337023,2.33000004337023
2007-09-15,0.10671275615602883,0.10671275615602883,2.230774797730541,2.230774797730541
2007-09-16,0.10671275615602883,0.10671275615602883,2.181759917313979,2.181759917313979
2007-09-17,0.10597169536415953,0.10597169536415953,2.219218443949528,2.219218443949528
2007-09-18,0.10337798254074258,0.10337798254074258,2.2196169387920675,2.2196169387920675
2007-09-19,0.1041190433326119,0.1041190433326119,2.1590457045944933,2.1590457045944933
2007-09-20,0.10300745211887077,0.10300745211887077,2.0841286516023416,2.0841286516023416
2007-09-21,0.10189586093106678,0.10189586093106678,2.0793467120971316,2.0793467120971316
2007-09-22,0.10226639132700142,0.10226639132700142,2.0701813279292507,2.0701813279292507
2007-09-23,0.10078426971732564,0.10078426971732564,2.072572297821329,2.072572297821329
2007-09-24,0.10041373929545386,0.10041373929545386,2.0713768130147625,2.0713768130147625
2007-09-25,0.09115047921552726,0.09115047921552726,2.0992714603609453,2.0992714603609453
2007-09-26,0.09930214810764984,0.09930214810764984,2.0769557424839995,2.0769557424839995
2007-09-27,0.10041373929545386,0.10041373929545386,2.0458731352817128,2.0458731352817128
2007-09-28,0.1026369217229361,0.1026369217229361,2.0247529024902797,2.0247529024902797
2007-09-29,0.1026369217229361,0.1026369217229361,1.8820917059032647,1.8820917059032647
2007-09-30,0.06928918541445069,0.06928918541445069,1.807573148032599,1.807573148032599
2007-10-01,0.07632926309283213,0.07632926309283213,1.177552612851424,1.177552612851424
2007-10-02,0.07632926309283213,0.07632926309283213,1.806776158068573,1.806776158068573
2007-10-03,0.068918655018516,0.068918655018516,1.8972345143829217,1.8972345143829217
2007-10-04,0.07114183744599828,0.07114183744599828,1.7191072664888425,1.7191072664888425
2007-10-05,0.06854812462258134,0.06854812462258134,1.7111373671275278,1.7111373671275278
2007-10-06,0.06410175976761681,0.06410175976761681,1.6963930534904106,1.6963930534904106
2007-10-07,0.0644722901894886,0.0644722901894886,1.6410022539195328,1.6410022539195328
2007-10-08,0.07077130705006361,0.07077130705006361,1.6481751633168211,1.6481751633168211
2007-10-09,0.06743653340884022,0.06743653340884022,1.6505661329299535,1.6505661329299535
2007-10-10,0.06669547259103374,0.06669547259103374,1.6071301819826278,1.6071301819826278
2007-10-11,0.06410175976761681,0.06410175976761681,1.591190383538945,1.591190383538945
2007-10-12,0.06150804694419988,0.06150804694419988,1.5605062714581446,1.5605062714581446
2007-10-13,0.047057361217439427,0.047057361217439427,1.1297332175203745,1.1297332175203745
2007-10-14,0.046316300425570084,0.046316300425570084,1.057605629262841,1.057605629262841
2007-10-15,0.044834178815894285,0.044834178815894285,1.0512297101085248,1.0512297101085248
2007-10-16,0.04557523960776363,0.04557523960776363,1.0038088096200153,1.0038088096200153
2007-10-17,0.045945770003698296,0.045945770003698296,0.9336736961330739,0.9336736961330739
2007-10-18,0.04001728356499509,0.04001728356499509,0.883463330909946,0.883463330909946
2007-10-19,0.04001728356499509,0.04001728356499509,0.8412228650481329,0.8412228650481329
2007-10-20,0.0444636483940225,0.0444636483940225,0.845207814589317,0.845207814589317
2007-10-21,0.04742789163931123,0.04742789163931123,0.8121327326164387,0.8121327326164387
2007-10-22,0.03964675316906043,0.03964675316906043,0.6108927768813875,0.6108927768813875
2007-10-23,0.04001728356499509,0.04001728356499509,0.7005541432317101,0.7005541432317101
2007-10-24,0.038164631533447506,0.038164631533447506,0.8436138346612649,0.8436138346612649
2007-10-25,0.03779410113751284,0.03779410113751284,0.6603061521404892,0.6603061521404892
2007-10-26,0.045204709211828974,0.045204709211828974,0.7017496283172225,0.7017496283172225
2007-10-27,0.04038781396092977,0.04038781396092977,0.6750504657776065,0.6750504657776065
2007-10-28,0.0370530403456435,0.0370530403456435,0.5666598359700361,0.5666598359700361
2007-10-29,0.03742357074157816,0.03742357074157816,0.4710210453079374,0.4710210453079374
2007-10-30,0.03557091871003057,0.03557091871003057,0.1685633689673424,0.1685633689673424
2007-10-31,0.0073488529988167345,0.0073488529988167345,0.12911236772856907,0.12911236772856907
2007-11-01,0.006484282058542328,0.006484282058542328,0.091122514673493,0.091122514673493
2007-11-02,0.006484282058542328,0.006484282058542328,0.091122514673493,0.091122514673493
2007-11-03,0.007040077662819179,0.007040077662819179,0.1120435001831296,0.1120435001831296
2007-11-04,0.009263260082520305,0.009263260082520305,0.15421755034013293,0.15421755034013293
2007-11-05,0.009263260082520305,0.009263260082520305,0.15421755034013293,0.15421755034013293
2007-11-06,0.008892729681398212,0.008892729681398212,0.16099196467172458,0.16099196467172458
2007-11-07,0.007781138470250793,0.007781138470250793,0.16099196467172458,0.16099196467172458
2007-11-08,0.007781138470250793,0.007781138470250793,0.16099196467172458,0.16099196467172458
2007-11-09,0.007781138470250793,0.007781138470250793,0.1605934697176062,0.1605934697176062
2007-11-10,0.007781138470250793,0.007781138470250793,0.11855225122127387,0.11855225122127387
2007-11-11,0.007781138470250793,0.007781138470250793,0.11855225122127387,0.11855225122127387
2007-11-12,0.007781138470250793,0.007781138470250793,0.11855225122127387,0.11855225122127387
2007-11-13,0.007781138470250793,0.007781138470250793,0.1152978756882544,0.1152978756882544
2007-11-14,0.0073488529988167345,0.0073488529988167345,0.11297332175203743,0.11297332175203743
2007-11-15,0.01469770600022718,0.01469770600022718,0.11297332175203743,0.11297332175203743
2007-11-16,0.009510280353393318,0.009510280353393318,0.11297332175203743,0.11297332175203743
2007-11-17,0.009510280353393318,0.009510280353393318,0.11297332175203743,0.11297332175203743
2007-11-18,0.006051996587108269,0.006051996587108269,0.11390314332094531,0.11390314332094531
2007-11-19,0.006051996587108269,0.006051996587108269,0.11483296491774782,0.11483296491774782
2007-11-20,0.005619711118267921,0.005619711118267921,0.11390314332094531,0.11390314332094531
2007-11-21,0.005619711118267921,0.005619711118267921,0.11390314332094531,0.11390314332094531
2007-11-22,0.005619711118267921,0.005619711118267921,0.11390314332094531,0.11390314332094531
2007-11-23,0.005187425646833862,0.005187425646833862,0.11483296491774782,0.11483296491774782
2007-11-24,0.005187425646833862,0.005187425646833862,0.11390314332094531,0.11390314332094531
2007-11-25,0.005557956050549668,0.005557956050549668,0.11297332175203743,0.11297332175203743
2007-11-26,0.005557956050549668,0.005557956050549668,0.11297332175203743,0.11297332175203743
2007-11-27,0.0044463648394022495,0.0044463648394022495,0.11297332175203743,0.11297332175203743
2007-11-28,0.0044463648394022495,0.0044463648394022495,0.11250841095363621,0.11250841095363621
2007-11-29,0.0014821216122695123,0.0014821216122695123,0.11250841095363621,0.11250841095363621
2007-11-30,0.0011115912111474189,0.0011115912111474189,0.053557722904669605,0.053557722904669605
2007-12-01,0.0011115912111474189,0.0011115912111474189,0.04797879343543318,0.04797879343543318
2007-12-02,0.0011115912111474189,0.0011115912111474189,0.04853668638235682,0.04853668638235682
2007-12-03,0.0011115912111474189,0.0011115912111474189,0.04853668638235682,0.04853668638235682
2007-12-04,0.0007410608074316124,0.0007410608074316124,0.03858759548625367,0.03858759548625367
2007-12-05,0.0007410608074316124,0.0007410608074316124,0.03951741708305617,0.03951741708305617
2007-12-06,0.0007410608074316124,0.0007410608074316124,0.04742090048850955,0.04742090048850955
2007-12-07,0.0007410608074316124,0.0007410608074316124,0.04797879343543318,0.04797879343543318
2007-12-08,0.0007410608074316124,0.0007410608074316124,0.045189328700814976,0.045189328700814976
2007-12-09,0.0007410608074316124,0.0007410608074316124,0.045189328700814976,0.045189328700814976
2007-12-10,0.0007410608074316124,0.0007410608074316124,0.045189328700814976,0.045189328700814976
2007-12-11,0.0007410608074316124,0.0007410608074316124,0.045189328700814976,0.045189328700814976
2007-12-12,0.0007410608074316124,0.0007410608074316124,0.04686300754158589,0.04686300754158589
2007-12-13,0.0018526520159853187,0.0018526520159853187,0.04630511459466227,0.04630511459466227
2007-12-14,0.0022231824197011247,0.0022231824197011247,0.04686300754158589,0.04686300754158589
2007-12-15,0.0022231824197011247,0.0022231824197011247,0.05369719614140051,0.05369719614140051
2007-12-16,0.0022231824197011247,0.0022231824197011247,0.05369719614140051,0.05369719614140051
2007-12-17,0.0022231824197011247,0.0022231824197011247,0.05369719614140051,0.05369719614140051
2007-12-18,0.0008645709402744061,0.0008645709402744061,0.027336754399258447,0.027336754399258447
2007-12-19,0.0008645709402744061,0.0008645709402744061,0.04742090048850955,0.04742090048850955
2007-12-20,0.0008645709402744061,0.0008645709402744061,0.04742090048850955,0.04742090048850955
2007-12-21,0.0008645709402744061,0.0008645709402744061,0.04742090048850955,0.04742090048850955
2007-12-22,0.0008645709402744061,0.0008645709402744061,0.05299982995774596,0.05299982995774596
2007-12-23,0.0008645709402744061,0.0008645709402744061,0.05369719614140051,0.05369719614140051
2007-12-24,0.0008645709402744061,0.0008645709402744061,0.05439456232505507,0.05439456232505507
2007-12-25,0.0005187425646833863,0.0005187425646833863,0.05439456232505507,0.05439456232505507
2007-12-26,0.0005187425646833863,0.0005187425646833863,0.05439456232505507,0.05439456232505507
2007-12-27,0.003025998294850991,0.003025998294850991,0.05439456232505507,0.05439456232505507
2007-12-28,0.003025998294850991,0.003025998294850991,0.05648666087601872,0.05648666087601872
2007-12-29,0.003112455388100317,0.003112455388100317,0.05369719614140051,0.05369719614140051
2007-12-30,0.003112455388100317,0.003112455388100317,0.04965247227620411,0.04965247227620411
2007-12-31,0.003112455388100317,0.003112455388100317,0.04909457932928048,0.04909457932928048
2008-01-01,0.0034582837636913367,0.0034582837636913367,0.04909457932928048,0.04909457932928048
2008-01-02,0.003025998294850991,0.003025998294850991,0.04965247227620411,0.04965247227620411
2008-01-03,0.003025998294850991,0.003025998294850991,0.04965247227620411,0.04965247227620411
2008-01-04,0.0036311979527837036,0.0036311979527837036,0.04965247227620411,0.04965247227620411
2008-01-05,0.0034582837636913367,0.0034582837636913367,0.04965247227620411,0.04965247227620411
2008-01-06,0.0034582837636913367,0.0034582837636913367,0.049512999039473204,0.049512999039473204
2008-01-07,0.0034582837636913367,0.0034582837636913367,0.049512999039473204,0.049512999039473204
2008-01-08,0.0034582837636913367,0.0034582837636913367,0.049512999039473204,0.049512999039473204
2008-01-09,0.002593712823416931,0.002593712823416931,0.04630511459466227,0.04630511459466227
2008-01-10,0.0021614273519828717,0.0021614273519828717,0.04574722164773862,0.04574722164773862
2008-01-11,0.0021614273519828717,0.0021614273519828717,0.04574722164773862,0.04574722164773862
2008-01-12,0.0021614273519828717,0.0021614273519828717,0.04686300754158589,0.04686300754158589
2008-01-13,0.0021614273519828717,0.0021614273519828717,0.04630511459466227,0.04630511459466227
2008-01-14,0.0021614273519828717,0.0021614273519828717,0.04797879343543318,0.04797879343543318
2008-01-15,0.0021614273519828717,0.0021614273519828717,0.04797879343543318,0.04797879343543318
2008-01-16,0.0021614273519828717,0.0021614273519828717,0.04909457932928048,0.04909457932928048
2008-01-17,0.0021614273519828717,0.0021614273519828717,0.05076825817005139,0.05076825817005139
2008-01-18,0.0021614273519828717,0.0021614273519828717,0.04965247227620411,0.04965247227620411
2008-01-19,0.0021614273519828717,0.0021614273519828717,0.04965247227620411,0.04965247227620411
2008-01-20,0.0021614273519828717,0.0021614273519828717,0.04909457932928048,0.04909457932928048
2008-01-21,0.0021614273519828717,0.0021614273519828717,0.04686300754158589,0.04686300754158589
2008-01-22,0.0018526520159853187,0.0018526520159853187,0.04742090048850955,0.04742090048850955
2008-01-23,0.0018526520159853187,0.0018526520159853187,0.04742090048850955,0.04742090048850955
2008-01-24,0.0021614273519828717,0.0021614273519828717,0.04686300754158589,0.04686300754158589
2008-01-25,0.0021614273519828717,0.0021614273519828717,0.04686300754158589,0.04686300754158589
2008-01-26,0.0021614273519828717,0.0021614273519828717,0.04742090048850955,0.04742090048850955
2008-01-27,0.0021614273519828717,0.0021614273519828717,0.04797879343543318,0.04797879343543318
2008-01-28,0.0021614273519828717,0.0021614273519828717,0.04909457932928048,0.04909457932928048
2008-01-29,0.0021614273519828717,0.0021614273519828717,0.04630511459466227,0.04630511459466227
2008-01-30,0.002593712823416931,0.002593712823416931,0.04742090048850955,0.04742090048850955
2008-01-31,0.002593712823416931,0.002593712823416931,0.04630511459466227,0.04630511459466227
2008-02-01,0.002593712823416931,0.002593712823416931,0.04574722164773862,0.04574722164773862
2008-02-02,0.002593712823416931,0.002593712823416931,0.04574722164773862,0.04574722164773862
2008-02-03,0.002593712823416931,0.002593712823416931,0.04630511459466227,0.04630511459466227
2008-02-04,0.002593712823416931,0.002593712823416931,0.04630511459466227,0.04630511459466227
2008-02-05,0.002593712823416931,0.002593712823416931,0.04742090048850955,0.04742090048850955
2008-02-06,0.002593712823416931,0.002593712823416931,0.04742090048850955,0.04742090048850955
2008-02-07,0.002593712823416931,0.002593712823416931,0.04742090048850955,0.04742090048850955
2008-02-08,0.002593712823416931,0.002593712823416931,0.04742090048850955,0.04742090048850955
2008-02-09,0.002593712823416931,0.002593712823416931,0.04239986396619677,0.04239986396619677
2008-02-10,0.002593712823416931,0.002593712823416931,0.05634718763928781,0.05634718763928781
2008-02-11,0.002593712823416931,0.002593712823416931,0.05690508058621145,0.05690508058621145
2008-02-12,0.002593712823416931,0.002593712823416931,0.05690508058621145,0.05690508058621145
2008-02-13,0.002593712823416931,0.002593712823416931,0.05690508058621145,0.05690508058621145
2008-02-14,0.002593712823416931,0.002593712823416931,0.0602524382677533,0.0602524382677533
2008-02-15,0.002593712823416931,0.002593712823416931,0.0602524382677533,0.0602524382677533
2008-02-16,0.0038905692351253966,0.0038905692351253966,0.05969454532082966,0.05969454532082966
2008-02-17,0.0038905692351253966,0.0038905692351253966,0.06764451981449154,0.06764451981449154
2008-02-18,0.0038905692351253966,0.0038905692351253966,0.06764451981449154,0.06764451981449154
2008-02-19,0.0038905692351253966,0.0038905692351253966,0.06764451981449154,0.06764451981449154
2008-02-20,0.0038905692351253966,0.0038905692351253966,0.06694715363083702,0.06694715363083702
2008-02-21,0.0038905692351253966,0.0038905692351253966,0.06694715363083702,0.06694715363083702
2008-02-22,0.0038905692351253966,0.0038905692351253966,0.06764451981449154,0.06764451981449154
2008-02-23,0.0021614273519828717,0.0021614273519828717,0.16625209818324524,0.16625209818324524
2008-02-24,0.0021614273519828717,0.0021614273519828717,0.16513631228939796,0.16513631228939796
2008-02-25,0.0021614273519828717,0.0021614273519828717,0.16513631228939796,0.16513631228939796
2008-02-26,0.0021614273519828717,0.0021614273519828717,0.16513631228939796,0.16513631228939796
2008-02-27,0.0021614273519828717,0.0021614273519828717,0.0641576888962188,0.0641576888962188
2008-02-28,0.0029642432271327376,0.0029642432271327376,0.0641576888962188,0.0641576888962188
2008-02-29,0.0017291418831425248,0.0017291418831425248,0.07810501256930984,0.07810501256930984
2008-03-01,0.0029642432271327376,0.0029642432271327376,0.14133287989662077,0.14133287989662077
2008-03-02,0.002593712823416931,0.002593712823416931,0.299030619551072,0.299030619551072
2008-03-03,0.002593712823416931,0.002593712823416931,0.5188404406389868,0.5188404406389868
2008-03-04,0.002593712823416931,0.002593712823416931,0.6895556823976211,0.6895556823976211
2008-03-05,0.0029642432271327376,0.0029642432271327376,0.7397660476207489,0.7397660476207489
2008-03-06,0.0170443985527711,0.0170443985527711,0.7380923687799781,0.7380923687799781
2008-03-07,0.01963811137618803,0.01963811137618803,0.7397660476207489,0.7397660476207489
2008-03-08,0.019267580975065937,0.019267580975065937,0.8513446370054771,0.8513446370054771
2008-03-09,0.018897050571350132,0.018897050571350132,0.9679442629125183,0.9679442629125183
2008-03-10,0.018897050571350132,0.018897050571350132,0.9690600488063655,0.9690600488063655
2008-03-11,0.020008641779903837,0.020008641779903837,0.9657126911248237,0.9657126911248237
2008-03-12,0.02037917218361964,0.02037917218361964,0.9082497175916886,0.9082497175916886
2008-03-13,0.02334341541075238,0.02334341541075238,0.9155023259016961,0.9155023259016961
2008-03-14,0.023713945814468188,0.023713945814468188,0.8228920967123715,0.8228920967123715
2008-03-15,0.02334341541075238,0.02334341541075238,0.893093625959912,0.893093625959912
2008-03-16,0.02704871944791044,0.02704871944791044,0.8935585365630506,0.8935585365630506
2008-03-17,0.02741924984384511,0.02741924984384511,0.8470674578387115,0.8470674578387115
2008-03-18,0.02223182419960496,0.02223182419960496,0.8991374660322871,0.8991374660322871
2008-03-19,0.018897050571350132,0.018897050571350132,0.7833746795456316,0.7833746795456316
2008-03-20,0.018526520167634324,0.018526520167634324,0.7322344928372798,0.7322344928372798
2008-03-21,0.02223182419960496,0.02223182419960496,0.6280280601316367,0.6280280601316367
2008-03-22,0.02853084105758624,0.02853084105758624,0.8300650061096603,0.8300650061096603
2008-03-23,0.03408879710035477,0.03408879710035477,1.0484402453739063,1.0484402453739063
2008-03-24,0.03779410113751284,0.03779410113751284,1.0695604781653398,1.0695604781653398
2008-03-25,0.038164631533447506,0.038164631533447506,1.0898837212716934,1.0898837212716934
2008-03-26,0.04409311799808782,0.04409311799808782,1.072349942899958,1.072349942899958
2008-03-27,0.04261099638841203,0.04261099638841203,1.0328989417727632,1.0328989417727632
2008-03-28,0.040758344356864436,0.040758344356864436,1.096259640704956,1.096259640704956
2008-03-29,0.038164631533447506,0.038164631533447506,1.1078159944859687,1.1078159944859687
2008-03-30,0.0414994051746709,0.0414994051746709,1.3445220020859763,1.3445220020859763
2008-03-31,0.0414994051746709,0.0414994051746709,1.2074397352471444,1.2074397352471444
2008-04-01,0.04853948282711522,0.04853948282711522,1.260041070083404,1.260041070083404
2008-04-02,0.053726908473949085,0.053726908473949085,1.3875594579118158,1.3875594579118158
2008-04-03,0.06113751654826521,0.06113751654826521,1.484792228780913,1.484792228780913
2008-04-04,0.06484282058542327,0.06484282058542327,1.6322353645941918,1.6322353645941918
2008-04-05,0.07521767187909101,0.07521767187909101,1.722693721187487,1.722693721187487
2008-04-06,0.07744085430657327,0.07744085430657327,1.7079494075503696,1.7079494075503696
2008-04-07,0.08003456712999019,0.08003456712999019,1.7936258243595082,1.7936258243595082
2008-04-08,0.07707032388470147,0.07707032388470147,1.8836856858313167,1.8836856858313167
2008-04-09,0.07003024623225713,0.07003024623225713,1.7390320144737097,1.7390320144737097
2008-04-10,0.08262827995340713,0.08262827995340713,1.7350470649325256,1.7350470649325256
2008-04-11,0.07114183744599828,0.07114183744599828,1.6402052639555067,1.6402052639555067
2008-04-12,0.07484714148315633,0.07484714148315633,1.5541303520248821,1.5541303520248821
2008-04-13,0.06780706380477489,0.06780706380477489,1.6513631228939796,1.6513631228939796
2008-04-14,0.07299448945160873,0.07299448945160873,1.7884453897328116,1.7884453897328116
2008-04-15,0.08818623599617564,0.08818623599617564,2.0275423672248976,2.0275423672248976
2008-04-16,0.09596737446642645,0.09596737446642645,2.178173462894281,2.178173462894281
2008-04-17,0.10004320889951919,0.10004320889951919,2.3236241239369675,2.3236241239369675
2008-04-18,0.10004320889951919,0.10004320889951919,2.4619018758613125,2.4619018758613125
2008-04-19,0.10597169536415953,0.10597169536415953,2.3475338217419655,2.3475338217419655
2008-04-20,0.10374851293667725,0.10374851293667725,2.2240003834547384,2.2240003834547384
2008-04-21,0.09559684407049181,0.09559684407049181,2.289752052279009,2.289752052279009
2008-04-22,0.09300313124707485,0.09300313124707485,2.4308192686590253,2.4308192686590253
2008-04-23,0.09744949607610225,0.09744949607610225,2.4738567247638112,2.4738567247638112
2008-04-24,0.10560116494228772,0.10560116494228772,2.4937814727486787,2.4937814727486787
2008-04-25,0.10819487776570463,0.10819487776570463,2.6308637395875105,2.6308637395875105
2008-04-26,0.11227071222473452,0.11227071222473452,2.6073525369039987,2.6073525369039987
2008-04-27,0.11264124262066916,0.11264124262066916,2.69900637830386,2.69900637830386
2008-04-28,0.11264124262066916,0.11264124262066916,2.342353387115269,2.342353387115269
2008-04-29,0.11301177301660384,0.11301177301660384,2.9225620527526956,2.9225620527526956
2008-04-30,0.11412336423034496,0.11412336423034496,3.0150128835586902,3.0150128835586902
2008-05-01,0.1167170770537619,0.1167170770537619,3.0070429839184283,3.0070429839184283
2008-05-02,0.10367070155197473,0.10367070155197473,3.08714047209517,3.08714047209517
2008-05-03,0.1274624587433643,0.1274624587433643,3.1349598671472734,3.1349598671472734
2008-05-04,0.12598033713368853,0.12598033713368853,3.1489071908203643,3.1489071908203643
2008-05-05,0.12523927634181917,0.12523927634181917,3.194335615701442,3.194335615701442
2008-05-06,0.12486874591994737,0.12486874591994737,3.3864101878265047,3.3864101878265047
2008-05-07,0.12709192834742963,0.12709192834742963,3.4449889472534876,3.4449889472534876
2008-05-08,0.12635086752962316,0.12635086752962316,3.5286728892920336,3.5286728892920336
2008-05-09,0.12635086752962316,0.12635086752962316,3.615943285192386,3.615943285192386
2008-05-10,0.1289445803530401,0.1289445803530401,3.676116025663205,3.676116025663205
2008-05-11,0.13116776278052233,0.13116776278052233,3.70241669196555,3.70241669196555
2008-05-12,0.13709624924516267,0.13709624924516267,3.7458526440286604,3.7458526440286604
2008-05-13,0.13968996206857962,0.13968996206857962,3.8056268871464236,3.8056268871464236
2008-05-14,0.14191314447012474,0.14191314447012474,3.86540113305365,3.86540113305365
2008-05-15,0.14524791811134816,0.14524791811134816,3.757408997530727,3.757408997530727
2008-05-16,0.14673003972102394,0.14673003972102394,3.8020404332846183,3.8020404332846183
2008-05-17,0.14561844850728278,0.14561844850728278,3.8247546457251573,3.8247546457251573
2008-05-18,0.14376579650167234,0.14376579650167234,3.7972584929425683,3.7972584929425683
2008-05-19,0.14710057011695862,0.14710057011695862,3.8418899286964603,3.8418899286964603
2008-05-20,0.14747110053883042,0.14747110053883042,3.802837422411805,3.802837422411805
2008-05-21,0.14821216133069975,0.14821216133069975,3.8359789218189615,3.8359789218189615
2008-05-22,0.15043534375818202,0.15043534375818202,3.774610697657361,3.774610697657361
2008-05-23,0.15043534375818202,0.15043534375818202,3.755084444515033,3.755084444515033
2008-05-24,0.14969428294037554,0.14969428294037554,3.7466496331558474,3.7466496331558474
2008-05-25,0.1537701173994054,0.1537701173994054,3.7665743808617687,3.7665743808617687
2008-05-26,0.1537701173994054,0.1537701173994054,3.794867522771543,3.794867522771543
2008-05-27,0.1537701173994054,0.1537701173994054,3.7621909378727763,3.7621909378727763
2008-05-28,0.15525223900908122,0.15525223900908122,3.836709493790817,3.836709493790817
2008-05-29,0.15636383022282235,0.15636383022282235,3.8331230399290117,3.8331230399290117
2008-05-30,0.16340390787526665,0.16340390787526665,3.787694615047934,3.787694615047934
2008-05-31,0.16451549908900778,0.16451549908900778,3.7984539794228134,3.7984539794228134
2008-06-01,0.16822080312616586,0.16822080312616586,3.8745665163846916,3.8745665163846916
2008-06-02,0.16673868151649007,0.16673868151649007,3.934739256855512,3.934739256855512
2008-06-03,0.1685913335221005,0.1685913335221005,3.9443031347501463,3.9443031347501463
2008-06-04,0.1489532221485062,0.1489532221485062,4.022408147319457,4.022408147319457
2008-06-05,0.16488602948494246,0.16488602948494246,4.05946817799668,4.05946817799668
2008-06-06,0.17414928956486905,0.17414928956486905,3.9658218634999054,3.9658218634999054
2008-06-07,0.17489035038267553,0.17489035038267553,3.974987246830947,3.974987246830947
2008-06-08,0.17414928956486905,0.17414928956486905,3.9203934358293635,3.9203934358293635
2008-06-09,0.17340822877299972,0.17340822877299972,3.902461163730874,3.902461163730874
2008-06-10,0.17377875916893437,0.17377875916893437,3.973393265787109,3.973393265787109
2008-06-11,0.17007345513177632,0.17007345513177632,4.078994431139008,4.078994431139008
2008-06-12,0.1763724719923513,0.1763724719923513,4.192963990694761,4.192963990694761
2008-06-13,0.17377875916893437,0.17377875916893437,4.232016496979416,4.232016496979416
2008-06-14,0.17414928956486905,0.17414928956486905,4.246362315216101,4.246362315216101
2008-06-15,0.17785459360202713,0.17785459360202713,4.271467497827664,4.271467497827664
2008-06-16,0.18081883682137867,0.18081883682137867,4.304542580079489,4.304542580079489
2008-06-17,0.17785459360202713,0.17785459360202713,4.261505125369436,4.261505125369436
2008-06-18,0.17489035038267553,0.17489035038267553,4.364316825986716,4.364316825986716
2008-06-19,0.17340822877299972,0.17340822877299972,4.376271674052376,4.376271674052376
2008-06-20,0.17711353281015776,0.17711353281015776,4.292986226577423,4.292986226577423
2008-06-21,0.18044830642544402,0.18044830642544402,4.244369842398133,4.244369842398133
2008-06-22,0.18007777602950936,0.18007777602950936,4.197347436473217,4.197347436473217
2008-06-23,0.17563141117454487,0.17563141117454487,4.213685730317334,4.213685730317334
2008-06-24,0.1811893672432505,0.1811893672432505,4.245565326088914,4.245565326088914
2008-06-25,0.18081883682137867,0.18081883682137867,4.268279538529453,4.268279538529453
2008-06-26,0.18044830642544402,0.18044830642544402,4.25114425555815,4.25114425555815
2008-06-27,0.1811893672432505,0.1811893672432505,4.222851113648375,4.222851113648375
2008-06-28,0.18526520167634325,0.18526520167634325,4.3196853902328245,4.3196853902328245
2008-06-29,0.1845241408585368,0.1845241408585368,4.3491740158333805,4.3491740158333805
2008-06-30,0.18600626246821259,0.18600626246821259,4.514150929739448,4.514150929739448
2008-07-01,0.1878589144997602,0.1878589144997602,4.536865142179987,4.536865142179987
2008-07-02,0.1834125496447956,0.1834125496447956,4.420504615242674,4.420504615242674
2008-07-03,0.1841536104626021,0.1841536104626021,4.4440158168104,4.4440158168104
2008-07-04,0.18044830642544402,0.18044830642544402,4.455572170312466,4.455572170312466
2008-07-05,0.18193042803511986,0.18193042803511986,4.562767316708203,4.562767316708203
2008-07-06,0.18674732328601903,0.18674732328601903,4.60978972263312,4.60978972263312
2008-07-07,0.18711785368195374,0.18711785368195374,4.5683462461774385,4.5683462461774385
2008-07-08,0.18600626246821259,0.18600626246821259,4.488248758000697,4.488248758000697
2008-07-09,0.1841536104626021,0.1841536104626021,4.487451768873511,4.487451768873511
2008-07-10,0.18526520167634325,0.18526520167634325,4.410143745431387,4.410143745431387
2008-07-11,0.18600626246821259,0.18600626246821259,4.400579867536753,4.400579867536753
2008-07-12,0.18526520167634325,0.18526520167634325,4.419309128762429,4.419309128762429
2008-07-13,0.18378308006666744,0.18378308006666744,4.52092534568893,4.52092534568893
2008-07-14,0.18193042803511986,0.18193042803511986,4.51016598131405,4.51016598131405
2008-07-15,0.17896618481576823,0.17896618481576823,4.530489223583564,4.530489223583564
2008-07-16,0.17748406320609247,0.17748406320609247,4.59544390160697,4.59544390160697
2008-07-17,0.17711353281015776,0.17711353281015776,4.596240893523621,4.596240893523621
2008-07-18,0.17822512399796178,0.17822512399796178,4.584684540021556,4.584684540021556
2008-07-19,0.1811893672432505,0.1811893672432505,4.481474344840681,4.481474344840681
2008-07-20,0.17859565441983352,0.17859565441983352,4.431263979617554,4.431263979617554
2008-07-21,0.18081883682137867,0.18081883682137867,4.363519834070065,4.363519834070065
2008-07-22,0.17896618481576823,0.17896618481576823,4.291392245533585,4.291392245533585
2008-07-23,0.1834125496447956,0.1834125496447956,4.365047397958572,4.365047397958572
2008-07-24,0.1815598976391852,0.1815598976391852,4.3021516099084645,4.3021516099084645
2008-07-25,0.1848946712804086,0.1848946712804086,4.288602780798966,4.288602780798966
2008-07-26,0.1848946712804086,0.1848946712804086,4.420106120679081,4.420106120679081
2008-07-27,0.1845241408585368,0.1845241408585368,4.43206096874474,4.43206096874474
2008-07-28,0.18267148885292633,0.18267148885292633,4.400978362100346,4.400978362100346
2008-07-29,0.18081883682137867,0.18081883682137867,4.397790402802135,4.397790402802135
2008-07-30,0.17711353281015776,0.17711353281015776,4.310918498675913,4.310918498675913
2008-07-31,0.17748406320609247,0.17748406320609247,4.248354790823531,4.248354790823531
2008-08-01,0.16970292473584167,0.16970292473584167,4.149926535984707,4.149926535984707
2008-08-02,0.17118504634551746,0.17118504634551746,4.0957312195467175,4.0957312195467175
2008-08-03,0.16933239433990702,0.16933239433990702,4.095332724983123,4.095332724983123
2008-08-04,0.16785027270429403,0.16785027270429403,4.083776371481057,4.083776371481057
2008-08-05,0.16488602948494246,0.16488602948494246,4.112866502518019,4.112866502518019
2008-08-06,0.16562709030274894,0.16562709030274894,4.115257472689045,4.115257472689045
2008-08-07,0.15747542141062632,0.15747542141062632,4.050701289229233,4.050701289229233
2008-08-08,0.15858701262436747,0.15858701262436747,3.9984984483986725,3.9984984483986725
2008-08-09,0.15858701262436747,0.15858701262436747,3.7996494631135933,3.7996494631135933
2008-08-10,0.1519174653678578,0.1519174653678578,3.803634414328457,3.803634414328457
2008-08-11,0.15117640457598847,0.15117640457598847,3.7127775617768353,3.7127775617768353
2008-08-12,0.1533995869775336,0.1533995869775336,3.660176226382683,3.660176226382683
2008-08-13,0.14969428294037554,0.14969428294037554,3.680897966005255,3.680897966005255
2008-08-14,0.15228799576379246,0.15228799576379246,3.641048467803949,3.641048467803949
2008-08-15,0.1489532221485062,0.1489532221485062,3.661637375905323,3.661637375905323
2008-08-16,0.1463595093250893,0.1463595093250893,3.5872516487190165,3.5872516487190165
2008-08-17,0.13857837085483848,0.13857837085483848,3.5581615176820547,3.5581615176820547
2008-08-18,0.13931943164670782,0.13931943164670782,3.5816727192497795,3.5816727192497795
2008-08-19,0.13894890125077314,0.13894890125077314,3.555372052947436,3.555372052947436
2008-08-20,0.13635518842735622,0.13635518842735622,3.4852369372289216,3.4852369372289216
2008-08-21,0.14154261407419008,0.14154261407419008,3.3744553397608454,3.3744553397608454
2008-08-22,0.13450253642174576,0.13450253642174576,3.329425409443361,3.329425409443361
2008-08-23,0.11819919866343771,0.11819919866343771,3.1732153843047413,3.1732153843047413
2008-08-24,0.11745813787156836,0.11745813787156836,3.1361553508380533,3.1361553508380533
2008-08-25,0.1167170770537619,0.1167170770537619,2.97954683113584,2.97954683113584
2008-08-26,0.11449389462627964,0.11449389462627964,2.936509376425787,2.936509376425787
2008-08-27,0.11708760744969654,0.11708760744969654,2.8978553647047254,2.8978553647047254
2008-08-28,0.11708760744969654,0.11708760744969654,2.882314059987796,2.882314059987796
2008-08-29,0.11375283383441032,0.11375283383441032,2.8855020192860077,2.8855020192860077
2008-08-30,0.11560548584002077,0.11560548584002077,2.8269232598590253,2.8269232598590253
2008-08-31,0.11560548584002077,0.11560548584002077,2.811381957931561,2.811381957931561
2008-09-01,0.11560548584002077,0.11560548584002077,2.728893500420634,2.728893500420634
2008-09-02,0.1167170770537619,0.1167170770537619,2.700600357952966,2.700600357952966
2008-09-03,0.11894025948124416,0.11894025948124416,2.6388336389488245,2.6388336389488245
2008-09-04,0.11894025948124416,0.11894025948124416,2.642021598525983,2.642021598525983
2008-09-05,0.11486442504815143,0.11486442504815143,2.60017962750671,2.60017962750671
2008-09-06,0.1089359385835111,0.1089359385835111,2.5858338089910795,2.5858338089910795
2008-09-07,0.10634222576009418,0.10634222576009418,2.5324354841907937,2.5324354841907937
2008-09-08,0.1026369217229361,0.1026369217229361,1.8358662902213212,1.8358662902213212
2008-09-09,0.10041373929545386,0.10041373929545386,2.44396960236809,2.44396960236809
2008-09-10,0.10078426971732564,0.10078426971732564,2.45592445127059,2.45592445127059
2008-09-11,0.10152533050919497,0.10152533050919497,2.435999703285722,2.435999703285722
2008-09-12,0.1041190433326119,0.1041190433326119,2.396548701879581,2.396548701879581
2008-09-13,0.10560116494228772,0.10560116494228772,2.3694510444974246,2.3694510444974246
2008-09-14,0.10560116494228772,0.10560116494228772,2.33000004337023,2.33000004337023
2008-09-15,0.10671275615602883,0.10671275615602883,2.230774797730541,2.230774797730541
2008-09-16,0.10671275615602883,0.10671275615602883,2.181759917313979,2.181759917313979
2008-09-17,0.10597169536415953,0.10597169536415953,2.219218443949528,2.219218443949528
2008-09-18,0.10337798254074258,0.10337798254074258,2.2196169387920675,2.2196169387920675
2008-09-19,0.1041190433326119,0.1041190433326119,2.1590457045944933,2.1590457045944933
2008-09-20,0.10300745211887077,0.10300745211887077,2.0841286516023416,2.0841286516023416
2008-09-21,0.10189586093106678,0.10189586093106678,2.0793467120971316,2.0793467120971316
2008-09-22,0.10226639132700142,0.10226639132700142,2.0701813279292507,2.0701813279292507
2008-09-23,0.10078426971732564,0.10078426971732564,2.072572297821329,2.072572297821329
2008-09-24,0.10041373929545386,0.10041373929545386,2.0713768130147625,2.0713768130147625
2008-09-25,0.09115047921552726,0.09115047921552726,2.0992714603609453,2.0992714603609453
2008-09-26,0.09930214810764984,0.09930214810764984,2.0769557424839995,2.0769557424839995
2008-09-27,0.10041373929545386,0.10041373929545386,2.0458731352817128,2.0458731352817128
2008-09-28,0.1026369217229361,0.1026369217229361,2.0247529024902797,2.0247529024902797
2008-09-29,0.1026369217229361,0.1026369217229361,1.8820917059032647,1.8820917059032647
2008-09-30,0.06928918541445069,0.06928918541445069,1.807573148032599,1.807573148032599
2008-10-01,0.07632926309283213,0.07632926309283213,1.177552612851424,1.177552612851424
2008-10-02,0.07632926309283213,0.07632926309283213,1.806776158068573,1.806776158068573
2008-10-03,0.068918655018516,0.068918655018516,1.8972345143829217,1.8972345143829217
2008-10-04,0.07114183744599828,0.07114183744599828,1.7191072664888425,1.7191072664888425
2008-10-05,0.06854812462258134,0.06854812462258134,1.7111373671275278,1.7111373671275278
2008-10-06,0.06410175976761681,0.06410175976761681,1.6963930534904106,1.6963930534904106
2008-10-07,0.0644722901894886,0.0644722901894886,1.6410022539195328,1.6410022539195328
2008-10-08,0.07077130705006361,0.07077130705006361,1.6481751633168211,1.6481751633168211
2008-10-09,0.06743653340884022,0.06743653340884022,1.6505661329299535,1.6505661329299535
2008-10-10,0.06669547259103374,0.06669547259103374,1.6071301819826278,1.6071301819826278
2008-10-11,0.06410175976761681,0.06410175976761681,1.591190383538945,1.591190383538945
2008-10-12,0.06150804694419988,0.06150804694419988,1.5605062714581446,1.5605062714581446
2008-10-13,0.047057361217439427,0.047057361217439427,1.1297332175203745,1.1297332175203745
2008-10-14,0.046316300425570084,0.046316300425570084,1.057605629262841,1.057605629262841
2008-10-15,0.044834178815894285,0.044834178815894285,1.0512297101085248,1.0512297101085248
2008-10-16,0.04557523960776363,0.04557523960776363,1.0038088096200153,1.0038088096200153
2008-10-17,0.045945770003698296,0.045945770003698296,0.9336736961330739,0.9336736961330739
2008-10-18,0.04001728356499509,0.04001728356499509,0.883463330909946,0.883463330909946
2008-10-19,0.04001728356499509,0.04001728356499509,0.8412228650481329,0.8412228650481329
2008-10-20,0.0444636483940225,0.0444636483940225,0.845207814589317,0.845207814589317
2008-10-21,0.04742789163931123,0.04742789163931123,0.8121327326164387,0.8121327326164387
2008-10-22,0.03964675316906043,0.03964675316906043,0.6108927768813875,0.6108927768813875
2008-10-23,0.04001728356499509,0.04001728356499509,0.7005541432317101,0.7005541432317101
2008-10-24,0.038164631533447506,0.038164631533447506,0.8436138346612649,0.8436138346612649
2008-10-25,0.03779410113751284,0.03779410113751284,0.6603061521404892,0.6603061521404892
2008-10-26,0.045204709211828974,0.045204709211828974,0.7017496283172225,0.7017496283172225
2008-10-27,0.04038781396092977,0.04038781396092977,0.6750504657776065,0.6750504657776065
2008-10-28,0.0370530403456435,0.0370530403456435,0.5666598359700361,0.5666598359700361
2008-10-29,0.03742357074157816,0.03742357074157816,0.4710210453079374,0.4710210453079374
2008-10-30,0.03557091871003057,0.03557091871003057,0.1685633689673424,0.1685633689673424
2008-10-31,0.0073488529988167345,0.0073488529988167345,0.12911236772856907,0.12911236772856907
2008-11-01,0.006484282058542328,0.006484282058542328,0.091122514673493,0.091122514673493
2008-11-02,0.006484282058542328,0.006484282058542328,0.091122514673493,0.091122514673493
2008-11-03,0.007040077662819179,0.007040077662819179,0.1120435001831296,0.1120435001831296
2008-11-04,0.009263260082520305,0.009263260082520305,0.15421755034013293,0.15421755034013293
2008-11-05,0.009263260082520305,0.009263260082520305,0.15421755034013293,0.15421755034013293
2008-11-06,0.008892729681398212,0.008892729681398212,0.16099196467172458,0.16099196467172458
2008-11-07,0.007781138470250793,0.007781138470250793,0.16099196467172458,0.16099196467172458
2008-11-08,0.007781138470250793,0.007781138470250793,0.16099196467172458,0.16099196467172458
2008-11-09,0.007781138470250793,0.007781138470250793,0.1605934697176062,0.1605934697176062
2008-11-10,0.007781138470250793,0.007781138470250793,0.11855225122127387,0.11855225122127387
2008-11-11,0.007781138470250793,0.007781138470250793,0.11855225122127387,0.11855225122127387
2008-11-12,0.007781138470250793,0.007781138470250793,0.11855225122127387,0.11855225122127387
2008-11-13,0.007781138470250793,0.007781138470250793,0.1152978756882544,0.1152978756882544
2008-11-14,0.0073488529988167345,0.0073488529988167345,0.11297332175203743,0.11297332175203743
2008-11-15,0.01469770600022718,0.01469770600022718,0.11297332175203743,0.11297332175203743
2008-11-16,0.009510280353393318,0.009510280353393318,0.11297332175203743,0.11297332175203743
2008-11-17,0.009510280353393318,0.009510280353393318,0.11297332175203743,0.11297332175203743
2008-11-18,0.006051996587108269,0.006051996587108269,0.11390314332094531,0.11390314332094531
2008-11-19,0.006051996587108269,0.006051996587108269,0.11483296491774782,0.11483296491774782
2008-11-20,0.005619711118267921,0.005619711118267921,0.11390314332094531,0.11390314332094531
2008-11-21,0.005619711118267921,0.005619711118267921,0.11390314332094531,0.11390314332094531
2008-11-22,0.005619711118267921,0.005619711118267921,0.11390314332094531,0.11390314332094531
2008-11-23,0.005187425646833862,0.005187425646833862,0.11483296491774782,0.11483296491774782
2008-11-24,0.005187425646833862,0.005187425646833862,0.11390314332094531,0.11390314332094531
2008-11-25,0.005557956050549668,0.005557956050549668,0.11297332175203743,0.11297332175203743
2008-11-26,0.005557956050549668,0.005557956050549668,0.11297332175203743,0.11297332175203743
2008-11-27,0.0044463648394022495,0.0044463648394022495,0.11297332175203743,0.11297332175203743
2008-11-28,0.0044463648394022495,0.0044463648394022495,0.11250841095363621,0.11250841095363621
2008-11-29,0.0014821216122695123,0.0014821216122695123,0.11250841095363621,0.11250841095363621
2008-11-30,0.0011115912111474189,0.0011115912111474189,0.053557722904669605,0.053557722904669605
2008-12-01,0.0011115912111474189,0.0011115912111474189,0.04797879343543318,0.04797879343543318
2008-12-02,0.0011115912111474189,0.0011115912111474189,0.04853668638235682,0.04853668638235682
2008-12-03,0.0011115912111474189,0.0011115912111474189,0.04853668638235682,0.04853668638235682
2008-12-04,0.0007410608074316124,0.0007410608074316124,0.03858759548625367,0.03858759548625367
2008-12-05,0.0007410608074316124,0.0007410608074316124,0.03951741708305617,0.03951741708305617
2008-12-06,0.0007410608074316124,0.0007410608074316124,0.04742090048850955,0.04742090048850955
2008-12-07,0.0007410608074316124,0.0007410608074316124,0.04797879343543318,0.04797879343543318
2008-12-08,0.0007410608074316124,0.0007410608074316124,0.045189328700814976,0.045189328700814976
2008-12-09,0.0007410608074316124,0.0007410608074316124,0.045189328700814976,0.045189328700814976
2008-12-10,0.0007410608074316124,0.0007410608074316124,0.045189328700814976,0.045189328700814976
2008-12-11,0.0007410608074316124,0.0007410608074316124,0.045189328700814976,0.045189328700814976
2008-12-12,0.0007410608074316124,0.0007410608074316124,0.04686300754158589,0.04686300754158589
2008-12-13,0.0018526520159853187,0.0018526520159853187,0.04630511459466227,0.04630511459466227
2008-12-14,0.0022231824197011247,0.0022231824197011247,0.04686300754158589,0.04686300754158589
2008-12-15,0.0022231824197011247,0.0022231824197011247,0.05369719614140051,0.05369719614140051
2008-12-16,0.0022231824197011247,0.0022231824197011247,0.05369719614140051,0.05369719614140051
2008-12-17,0.0022231824197011247,0.0022231824197011247,0.05369719614140051,0.05369719614140051
2008-12-18,0.0008645709402744061,0.0008645709402744061,0.027336754399258447,0.027336754399258447
2008-12-19,0.0008645709402744061,0.0008645709402744061,0.04742090048850955,0.04742090048850955
2008-12-20,0.0008645709402744061,0.0008645709402744061,0.04742090048850955,0.04742090048850955
2008-12-21,0.0008645709402744061,0.0008645709402744061,0.04742090048850955,0.04742090048850955
2008-12-22,0.0008645709402744061,0.0008645709402744061,0.05299982995774596,0.05299982995774596
2008-12-23,0.0008645709402744061,0.0008645709402744061,0.05369719614140051,0.05369719614140051
2008-12-24,0.0008645709402744061,0.0008645709402744061,0.05439456232505507,0.05439456232505507
2008-12-25,0.0005187425646833863,0.0005187425646833863,0.05439456232505507,0.05439456232505507
2008-12-26,0.0005187425646833863,0.0005187425646833863,0.05439456232505507,0.05439456232505507
2008-12-27,0.003025998294850991,0.003025998294850991,0.05439456232505507,0.05439456232505507
2008-12-28,0.003025998294850991,0.003025998294850991,0.05648666087601872,0.05648666087601872
2008-12-29,0.003112455388100317,0.003112455388100317,0.05369719614140051,0.05369719614140051
2008-12-30,0.003112455388100317,0.003112455388100317,0.04965247227620411,0.04965247227620411
2008-12-31,0.003112455388100317,0.003112455388100317,0.04909457932928048,0.04909457932928048
2009-01-01,0.0034582837636913367,0.0034582837636913367,0.04909457932928048,0.04909457932928048
2009-01-02,0.003025998294850991,0.003025998294850991,0.04965247227620411,0.04965247227620411
2009-01-03,0.003025998294850991,0.003025998294850991,0.04965247227620411,0.04965247227620411
2009-01-04,0.0036311979527837036,0.0036311979527837036,0.04965247227620411,0.04965247227620411
2009-01-05,0.0034582837636913367,0.0034582837636913367,0.04965247227620411,0.04965247227620411
2009-01-06,0.0034582837636913367,0.0034582837636913367,0.049512999039473204,0.049512999039473204
2009-01-07,0.0034582837636913367,0.0034582837636913367,0.049512999039473204,0.049512999039473204
2009-01-08,0.0034582837636913367,0.0034582837636913367,0.049512999039473204,0.049512999039473204
2009-01-09,0.002593712823416931,0.002593712823416931,0.04630511459466227,0.04630511459466227
2009-01-10,0.0021614273519828717,0.0021614273519828717,0.04574722164773862,0.04574722164773862
2009-01-11,0.0021614273519828717,0.0021614273519828717,0.04574722164773862,0.04574722164773862
2009-01-12,0.0021614273519828717,0.0021614273519828717,0.04686300754158589,0.04686300754158589
2009-01-13,0.0021614273519828717,0.0021614273519828717,0.04630511459466227,0.04630511459466227
2009-01-14,0.0021614273519828717,0.0021614273519828717,0.04797879343543318,0.04797879343543318
2009-01-15,0.0021614273519828717,0.0021614273519828717,0.04797879343543318,0.04797879343543318
2009-01-16,0.0021614273519828717,0.0021614273519828717,0.04909457932928048,0.04909457932928048
2009-01-17,0.0021614273519828717,0.0021614273519828717,0.05076825817005139,0.05076825817005139
2009-01-18,0.0021614273519828717,0.0021614273519828717,0.04965247227620411,0.04965247227620411
2009-01-19,0.0021614273519828717,0.0021614273519828717,0.04965247227620411,0.04965247227620411
2009-01-20,0.0021614273519828717,0.0021614273519828717,0.04909457932928048,0.04909457932928048
2009-01-21,0.0021614273519828717,0.0021614273519828717,0.04686300754158589,0.04686300754158589
2009-01-22,0.0018526520159853187,0.0018526520159853187,0.04742090048850955,0.04742090048850955
2009-01-23,0.0018526520159853187,0.0018526520159853187,0.04742090048850955,0.04742090048850955
2009-01-24,0.0021614273519828717,0.0021614273519828717,0.04686300754158589,0.04686300754158589
2009-01-25,0.0021614273519828717,0.0021614273519828717,0.04686300754158589,0.04686300754158589
2009-01-26,0.0021614273519828717,0.0021614273519828717,0.04742090048850955,0.04742090048850955
2009-01-27,0.0021614273519828717,0.0021614273519828717,0.04797879343543318,0.04797879343543318
2009-01-28,0.0021614273519828717,0.0021614273519828717,0.04909457932928048,0.04909457932928048
2009-01-29,0.0021614273519828717,0.0021614273519828717,0.04630511459466227,0.04630511459466227
2009-01-30,0.002593712823416931,0.002593712823416931,0.04742090048850955,0.04742090048850955
2009-01-31,0.002593712823416931,0.002593712823416931,0.04630511459466227,0.04630511459466227
2009-02-01,0.002593712823416931,0.002593712823416931,0.04574722164773862,0.04574722164773862
2009-02-02,0.002593712823416931,0.002593712823416931,0.04574722164773862,0.04574722164773862
2009-02-03,0.002593712823416931,0.002593712823416931,0.04630511459466227,0.04630511459466227
2009-02-04,0.002593712823416931,0.002593712823416931,0.04630511459466227,0.04630511459466227
2009-02-05,0.002593712823416931,0.002593712823416931,0.04742090048850955,0.04742090048850955
2009-02-06,0.002593712823416931,0.002593712823416931,0.04742090048850955,0.04742090048850955
2009-02-07,0.002593712823416931,0.002593712823416931,0.04742090048850955,0.04742090048850955
2009-02-08,0.002593712823416931,0.002593712823416931,0.04742090048850955,0.04742090048850955
2009-02-09,0.002593712823416931,0.002593712823416931,0.04239986396619677,0.04239986396619677
2009-02-10,0.002593712823416931,0.002593712823416931,0.05634718763928781,0.05634718763928781
2009-02-11,0.002593712823416931,0.002593712823416931,0.05690508058621145,0.05690508058621145
2009-02-12,0.002593712823416931,0.002593712823416931,0.05690508058621145,0.05690508058621145
2009-02-13,0.002593712823416931,0.002593712823416931,0.05690508058621145,0.05690508058621145
2009-02-14,0.002593712823416931,0.002593712823416931,0.0602524382677533,0.0602524382677533
2009-02-15,0.002593712823416931,0.002593712823416931,0.0602524382677533,0.0602524382677533
2009-02-16,0.0038905692351253966,0.0038905692351253966,0.05969454532082966,0.05969454532082966
2009-02-17,0.0038905692351253966,0.0038905692351253966,0.06764451981449154,0.06764451981449154
2009-02-18,0.0038905692351253966,0.0038905692351253966,0.06764451981449154,0.06764451981449154
2009-02-19,0.0038905692351253966,0.0038905692351253966,0.06764451981449154,0.06764451981449154
2009-02-20,0.0038905692351253966,0.0038905692351253966,0.06694715363083702,0.06694715363083702
2009-02-21,0.0038905692351253966,0.0038905692351253966,0.06694715363083702,0.06694715363083702
2009-02-22,0.0038905692351253966,0.0038905692351253966,0.06764451981449154,0.06764451981449154
2009-02-23,0.0021614273519828717,0.0021614273519828717,0.16625209818324524,0.16625209818324524
2009-02-24,0.0021614273519828717,0.0021614273519828717,0.16513631228939796,0.16513631228939796
2009-02-25,0.0021614273519828717,0.0021614273519828717,0.16513631228939796,0.16513631228939796
2009-02-26,0.0021614273519828717,0.0021614273519828717,0.16513631228939796,0.16513631228939796
2009-02-27,0.0021614273519828717,0.0021614273519828717,0.0641576888962188,0.0641576888962188
2009-02-28,0.0029642432271327376,0.0029642432271327376,0.0641576888962188,0.0641576888962188
2009-03-01,0.0029642432271327376,0.0029642432271327376,0.14133287989662077,0.14133287989662077
2009-03-02,0.002593712823416931,0.002593712823416931,0.299030619551072,0.299030619551072
2009-03-03,0.002593712823416931,0.002593712823416931,0.5188404406389868,0.5188404406389868
2009-03-04,0.002593712823416931,0.002593712823416931,0.6895556823976211,0.6895556823976211
2009-03-05,0.0029642432271327376,0.0029642432271327376,0.7397660476207489,0.7397660476207489
2009-03-06,0.0170443985527711,0.0170443985527711,0.7380923687799781,0.7380923687799781
2009-03-07,0.01963811137618803,0.01963811137618803,0.7397660476207489,0.7397660476207489
2009-03-08,0.019267580975065937,0.019267580975065937,0.8513446370054771,0.8513446370054771
2009-03-09,0.018897050571350132,0.018897050571350132,0.9679442629125183,0.9679442629125183
2009-03-10,0.018897050571350132,0.018897050571350132,0.9690600488063655,0.9690600488063655
2009-03-11,0.020008641779903837,0.020008641779903837,0.9657126911248237,0.9657126911248237
2009-03-12,0.02037917218361964,0.02037917218361964,0.9082497175916886,0.9082497175916886
2009-03-13,0.02334341541075238,0.02334341541075238,0.9155023259016961,0.9155023259016961
2009-03-14,0.023713945814468188,0.023713945814468188,0.8228920967123715,0.8228920967123715
2009-03-15,0.02334341541075238,0.02334341541075238,0.893093625959912,0.893093625959912
2009-03-16,0.02704871944791044,0.02704871944791044,0.8935585365630506,0.8935585365630506
2009-03-17,0.02741924984384511,0.02741924984384511,0.8470674578387115,0.8470674578387115
2009-03-18,0.02223182419960496,0.02223182419960496,0.8991374660322871,0.8991374660322871
2009-03-19,0.018897050571350132,0.018897050571350132,0.7833746795456316,0.7833746795456316
2009-03-20,0.018526520167634324,0.018526520167634324,0.7322344928372798,0.7322344928372798
2009-03-21,0.02223182419960496,0.02223182419960496,0.6280280601316367,0.6280280601316367
2009-03-22,0.02853084105758624,0.02853084105758624,0.8300650061096603,0.8300650061096603
2009-03-23,0.03408879710035477,0.03408879710035477,1.0484402453739063,1.0484402453739063
2009-03-24,0.03779410113751284,0.03779410113751284,1.0695604781653398,1.0695604781653398
2009-03-25,0.038164631533447506,0.038164631533447506,1.0898837212716934,1.0898837212716934
2009-03-26,0.04409311799808782,0.04409311799808782,1.072349942899958,1.072349942899958
2009-03-27,0.04261099638841203,0.04261099638841203,1.0328989417727632,1.0328989417727632
2009-03-28,0.040758344356864436,0.040758344356864436,1.096259640704956,1.096259640704956
2009-03-29,0.038164631533447506,0.038164631533447506,1.1078159944859687,1.1078159944859687
2009-03-30,0.0414994051746709,0.0414994051746709,1.3445220020859763,1.3445220020859763
2009-03-31,0.0414994051746709,0.0414994051746709,1.2074397352471444,1.2074397352471444
2009-04-01,0.08688937958446719,0.08688937958446719,1.5816265045285243,1.5816265045285243
2009-04-02,0.06873338982054866,0.06873338982054866,1.54117926587656,1.54117926587656
2009-04-03,0.06873338982054866,0.06873338982054866,1.3738113817994677,1.3738113817994677
2009-04-04,0.07392081546738254,0.07392081546738254,1.3556798610244494,1.3556798610244494
2009-04-05,0.07521767187909101,0.07521767187909101,1.376600846534086,1.376600846534086
2009-04-06,0.07262395905567408,0.07262395905567408,1.376600846534086,1.376600846534086
2009-04-07,0.07262395905567408,0.07262395905567408,1.4658637180418685,1.4658637180418685
2009-04-08,0.07262395905567408,0.07262395905567408,1.4895741682861232,1.4895741682861232
2009-04-09,0.06484282058542327,0.06484282058542327,1.2580485953128122,1.2580485953128122
2009-04-10,0.07781138470250792,0.07781138470250792,1.1687857238050294,1.1687857238050294
2009-04-11,0.08040509752592487,0.08040509752592487,1.2022593006204478,1.2022593006204478
2009-04-12,0.09207680523130105,0.09207680523130105,1.1966803711512115,1.1966803711512115
2009-04-13,0.07651452829079947,0.07651452829079947,1.2608380600474303,1.2608380600474303
2009-04-14,0.07651452829079947,0.07651452829079947,1.0809175846645558,1.0809175846645558
2009-04-15,0.06484282058542327,0.06484282058542327,0.9777073894836822,0.9777073894836822
2009-04-16,0.06484282058542327,0.06484282058542327,1.0530229373183737,1.0530229373183737
2009-04-17,0.06484282058542327,0.06484282058542327,1.0864965141337921,1.0864965141337921
2009-04-18,0.06484282058542327,0.06484282058542327,1.108812232010738,1.108812232010738
2009-04-19,0.0829988103493418,0.0829988103493418,1.1604173296011746,1.1604173296011746
2009-04-20,0.0829988103493418,0.0829988103493418,1.350100931555213,1.350100931555213
2009-04-21,0.08429566676105026,0.08429566676105026,1.4561005914707046,1.4561005914707046
2009-04-22,0.0907799488195926,0.0907799488195926,1.5899948987323789,1.5899948987323789
2009-04-23,0.09207680523130105,0.09207680523130105,1.630442137384343,1.630442137384343
2009-04-24,0.10374851293667725,0.10374851293667725,1.7699153741152531,1.7699153741152531
2009-04-25,0.10374851293667725,0.10374851293667725,1.846625654317254,1.846625654317254
2009-04-26,0.10115480011326032,0.10115480011326032,1.896836019540382,1.896836019540382
2009-04-27,0.10374851293667725,0.10374851293667725,2.376623953894714,2.376623953894714
2009-04-28,0.10245165652496876,0.10245165652496876,2.376623953894714,2.376623953894714
2009-04-29,0.0972642308781349,0.0972642308781349,2.2678348292446033,2.2678348292446033
2009-04-30,0.07651452829079947,0.07651452829079947,2.1562562398598755,2.1562562398598755
2009-05-01,0.07781138470250792,0.07781138470250792,2.1562562398598755,2.1562562398598755
2009-05-02,0.06484282058542327,0.06484282058542327,2.016783003128965,2.016783003128965
2009-05-03,0.06484282058542327,0.06484282058542327,1.6680999113016888,1.6680999113016888
2009-05-04,0.06354596417371482,0.06354596417371482,1.577442307426597,1.577442307426597
2009-05-05,0.06354596417371482,0.06354596417371482,1.3821797760033223,1.3821797760033223
2009-05-06,0.06354596417371482,0.06354596417371482,1.4337848735937593,1.4337848735937593
2009-05-07,0.06484282058542327,0.06484282058542327,1.4658637180418685,1.4658637180418685
2009-05-08,0.07003024623225713,0.07003024623225713,1.8257046688076173,1.8257046688076173
2009-05-09,0.06873338982054866,0.06873338982054866,2.3710450244254773,2.3710450244254773
2009-05-10,0.07003024623225713,0.07003024623225713,2.527255049564097,2.527255049564097
2009-05-11,0.07132710264396559,0.07132710264396559,2.596991667929552,2.596991667929552
2009-05-12,0.0907799488195926,0.0907799488195926,2.590018006093007,2.590018006093007
2009-05-13,0.10374851293667725,0.10374851293667725,2.384992348098568,2.384992348098568
2009-05-14,0.1089359385835111,0.1089359385835111,2.5188866553602423,2.5188866553602423
2009-05-15,0.11152965140692804,0.11152965140692804,2.8633855500855905,2.8633855500855905
2009-05-16,0.12320135911230422,0.12320135911230422,3.140937291180103,3.140937291180103
2009-05-17,0.12320135911230422,0.12320135911230422,3.2790157955437045,3.2790157955437045
2009-05-18,0.11282650781863648,0.11282650781863648,3.542620212965125,3.542620212965125
2009-05-19,0.11282650781863648,0.11282650781863648,3.542620212965125,3.542620212965125
2009-05-20,0.11152965140692804,0.11152965140692804,3.6904618438998895,3.6904618438998895
2009-05-21,0.11282650781863648,0.11282650781863648,4.044723865196402,4.044723865196402
2009-05-22,0.14006049246451427,0.14006049246451427,3.9331452758116736,3.9331452758116736
2009-05-23,0.14006049246451427,0.14006049246451427,3.6263041550036705,3.6263041550036705
2009-05-24,0.14135734887622275,0.14135734887622275,3.6263041550036705,3.6263041550036705
2009-05-25,0.14135734887622275,0.14135734887622275,3.5119361008843244,3.5119361008843244
2009-05-26,0.14913848734647353,0.14913848734647353,3.6249094226363616,3.6249094226363616
2009-05-27,0.14654477452305661,0.14654477452305661,3.6514093376152346,3.6514093376152346
2009-05-28,0.14913848734647353,0.14913848734647353,3.6514093376152346,3.6514093376152346
2009-05-29,0.15173220016989047,0.15173220016989047,3.6918565762671993,3.6918565762671993
2009-05-30,0.14913848734647353,0.14913848734647353,3.7183564912460723,3.7183564912460723
2009-05-31,0.15173220016989047,0.15173220016989047,3.828540348263491,3.828540348263491
2009-06-01,0.15173220016989047,0.15173220016989047,3.894092769527019,3.894092769527019
2009-06-02,0.13357621040597195,0.13357621040597195,3.9708030497290205,3.9708030497290205
2009-06-03,0.14913848734647353,0.14913848734647353,3.894092769527019,3.894092769527019
2009-06-04,0.14524791811134816,0.14524791811134816,3.793672039080764,3.793672039080764
2009-06-05,0.14524791811134816,0.14524791811134816,3.83132981299811,3.83132981299811
2009-06-06,0.1582164822284328,0.1582164822284328,3.5788832545151616,3.5788832545151616
2009-06-07,0.15173220016989047,0.15173220016989047,3.3445682168072324,3.3445682168072324
2009-06-08,0.15173220016989047,0.15173220016989047,3.3445682168072324,3.3445682168072324
2009-06-09,0.15173220016989047,0.15173220016989047,3.2162528390147944,3.2162528390147944
2009-06-10,0.15173220016989047,0.15173220016989047,3.177200332730139,3.177200332730139
2009-06-11,0.15173220016989047,0.15173220016989047,3.3543313433783957,3.3543313433783957
2009-06-12,0.14913848734647353,0.14913848734647353,3.5788832545151616,3.5788832545151616
2009-06-13,0.1659976206986836,0.1659976206986836,3.7657773917345816,3.7657773917345816
2009-06-14,0.1647007642869751,0.1647007642869751,3.7657773917345816,3.7657773917345816
2009-06-15,0.16340390787526665,0.16340390787526665,3.7657773917345816,3.7657773917345816
2009-06-16,0.15562276940501585,0.15562276940501585,3.6541988023498533,3.6541988023498533
2009-06-17,0.15562276940501585,0.15562276940501585,3.54959387480167,3.54959387480167
2009-06-18,0.15691962581672436,0.15691962581672436,3.7281196178172356,3.7281196178172356
2009-06-19,0.15562276940501585,0.15562276940501585,3.7197512236133807,3.7197512236133807
2009-06-20,0.15562276940501585,0.15562276940501585,3.8006457009173085,3.8006457009173085
2009-06-21,0.1543259129933074,0.1543259129933074,4.007066091279056,4.007066091279056
2009-06-22,0.16340390787526665,0.16340390787526665,4.044723865196402,4.044723865196402
2009-06-23,0.1647007642869751,0.1647007642869751,4.044723865196402,4.044723865196402
2009-06-24,0.16210705146355817,0.16210705146355817,3.895487501894328,3.895487501894328
2009-06-25,0.16210705146355817,0.16210705146355817,3.9708030497290205,3.9708030497290205
2009-06-26,0.17118504634551746,0.17118504634551746,4.01682921785022,4.01682921785022
2009-06-27,0.17118504634551746,0.17118504634551746,4.11027628645993,4.11027628645993
2009-06-28,0.15951333864014125,0.15951333864014125,4.156302454581131,4.156302454581131
2009-06-29,0.15302905658159893,0.15302905658159893,4.082381639113748,4.082381639113748
2009-06-30,0.16340390787526665,0.16340390787526665,4.193960228498476,4.193960228498476
2009-07-01,0.16340390787526665,0.16340390787526665,4.146539328009967,4.146539328009967
2009-07-02,0.16340390787526665,0.16340390787526665,4.184197101927313,4.184197101927313
2009-07-03,0.16340390787526665,0.16340390787526665,4.166065581152294,4.166065581152294
2009-07-04,0.16340390787526665,0.16340390787526665,4.023802879686765,4.023802879686765
2009-07-05,0.16340390787526665,0.16340390787526665,4.034960738625238,4.034960738625238
2009-07-06,0.16340390787526665,0.16340390787526665,4.034960738625238,4.034960738625238
2009-07-07,0.15951333864014125,0.15951333864014125,3.894092769527019,3.894092769527019
2009-07-08,0.15691962581672436,0.15691962581672436,4.03356600625793,4.03356600625793
2009-07-09,0.16729447711039205,0.16729447711039205,4.117249948296475,4.117249948296475
2009-07-10,0.17248190275722594,0.17248190275722594,4.03356600625793,4.03356600625793
2009-07-11,0.1685913335221005,0.1685913335221005,3.894092769527019,3.894092769527019
2009-07-12,0.16340390787526665,0.16340390787526665,3.894092769527019,3.894092769527019
2009-07-13,0.16340390787526665,0.16340390787526665,3.9708030497290205,3.9708030497290205
2009-07-14,0.1543259129933074,0.1543259129933074,3.942908402382838,3.942908402382838
2009-07-15,0.15951333864014125,0.15951333864014125,3.942908402382838,3.942908402382838
2009-07-16,0.16340390787526665,0.16340390787526665,4.0363554709925475,4.0363554709925475
2009-07-17,0.16081019505184974,0.16081019505184974,4.082381639113748,4.082381639113748
2009-07-18,0.16340390787526665,0.16340390787526665,4.11027628645993,4.11027628645993
2009-07-19,0.1647007642869751,0.1647007642869751,4.184197101927313,4.184197101927313
2009-07-20,0.16081019505184974,0.16081019505184974,4.184197101927313,4.184197101927313
2009-07-21,0.169888189933809,0.169888189933809,4.092144765684911,4.092144765684911
2009-07-22,0.16729447711039205,0.16729447711039205,4.20511808743695,4.20511808743695
2009-07-23,0.16729447711039205,0.16729447711039205,4.202328622702331,4.202328622702331
2009-07-24,0.16729447711039205,0.16729447711039205,4.192565496131167,4.192565496131167
2009-07-25,0.1659976206986836,0.1659976206986836,4.266486311598549,4.266486311598549
2009-07-26,0.16729447711039205,0.16729447711039205,4.304144085515896,4.304144085515896
2009-07-27,0.16729447711039205,0.16729447711039205,4.122828877765713,4.122828877765713
2009-07-28,0.16340390787526665,0.16340390787526665,4.021013414952148,4.021013414952148
2009-07-29,0.1659976206986836,0.1659976206986836,3.8843296429558554,3.8843296429558554
2009-07-30,0.1647007642869751,0.1647007642869751,3.8341192777327278,3.8341192777327278
2009-07-31,0.1647007642869751,0.1647007642869751,4.0112502883809835,4.0112502883809835
2009-08-01,0.16729447711039205,0.16729447711039205,4.057276456502184,4.057276456502184
2009-08-02,0.15302905658159893,0.15302905658159893,3.940118937648219,3.940118937648219
2009-08-03,0.1543259129933074,0.1543259129933074,3.8815401782212375,3.8815401782212375
2009-08-04,0.15562276940501585,0.15562276940501585,3.6290936197382893,3.6290936197382893
2009-08-05,0.15302905658159893,0.15302905658159893,3.5551728042709065,3.5551728042709065
2009-08-06,0.1543259129933074,0.1543259129933074,3.4156995675399964,3.4156995675399964
2009-08-07,0.16081019505184974,0.16081019505184974,3.4156995675399964,3.4156995675399964
2009-08-08,0.1543259129933074,0.1543259129933074,3.4059364409688326,3.4059364409688326
2009-08-09,0.14654477452305661,0.14654477452305661,3.312489372359122,3.312489372359122
2009-08-10,0.14654477452305661,0.14654477452305661,3.276226330809086,3.276226330809086
2009-08-11,0.14654477452305661,0.14654477452305661,3.20788444481094,3.20788444481094
2009-08-12,0.1543259129933074,0.1543259129933074,3.184173994566685,3.184173994566685
2009-08-13,0.14524791811134816,0.14524791811134816,3.2859894573802495,3.2859894573802495
2009-08-14,0.15302905658159893,0.15302905658159893,3.304120978155268,3.304120978155268
2009-08-15,0.14524791811134816,0.14524791811134816,3.304120978155268,3.304120978155268
2009-08-16,0.14524791811134816,0.14524791811134816,3.2957525839514132,3.2957525839514132
2009-08-17,0.14006049246451427,0.14006049246451427,3.426857426478469,3.426857426478469
2009-08-18,0.13487306681768044,0.13487306681768044,3.2999367810533404,3.2999367810533404
2009-08-19,0.12190450270059575,0.12190450270059575,3.1995160506070857,3.1995160506070857
2009-08-20,0.12320135911230422,0.12320135911230422,3.1660424737916664,3.1660424737916664
2009-08-21,0.1089359385835111,0.1089359385835111,3.1214110380377758,3.1214110380377758
2009-08-22,0.1089359385835111,0.1089359385835111,3.12977943224163,3.12977943224163
2009-08-23,0.10504536934838571,0.10504536934838571,3.12977943224163,3.12977943224163
2009-08-24,0.10504536934838571,0.10504536934838571,3.026569237060756,3.026569237060756
2009-08-25,0.11931078987717883,0.11931078987717883,2.909411718206792,2.909411718206792
2009-08-26,0.11801393346547037,0.11801393346547037,2.7378596370277717,2.7378596370277717
2009-08-27,0.12968564117084655,0.12968564117084655,2.675096680498862,2.675096680498862
2009-08-28,0.12190450270059575,0.12190450270059575,2.537018176135261,2.537018176135261
2009-08-29,0.1089359385835111,0.1089359385835111,2.5425971056044974,2.5425971056044974
2009-08-30,0.10374851293667725,0.10374851293667725,2.6053600621334065,2.6053600621334065
2009-08-31,0.10245165652496876,0.10245165652496876,2.668123018662316,2.668123018662316
2009-09-01,0.10245165652496876,0.10245165652496876,2.5774654147872247,2.5774654147872247
2009-09-02,0.10374851293667725,0.10374851293667725,2.6792808776007893,2.6792808776007893
2009-09-03,0.10374851293667725,0.10374851293667725,2.55375496454297,2.55375496454297
2009-09-04,0.10374851293667725,0.10374851293667725,2.534228711400642,2.534228711400642
2009-09-05,0.10374851293667725,0.10374851293667725,2.389176545200496,2.389176545200496
2009-09-06,0.10374851293667725,0.10374851293667725,2.389176545200496,2.389176545200496
2009-09-07,0.11801393346547037,0.11801393346547037,2.3194399268350407,2.3194399268350407
2009-09-08,0.11801393346547037,0.11801393346547037,2.3598871654870046,2.3598871654870046
2009-09-09,0.1167170770537619,0.1167170770537619,2.2678348292446033,2.2678348292446033
2009-09-10,0.11542022064205343,0.11542022064205343,2.2748084910811492,2.2748084910811492
2009-09-11,0.1167170770537619,0.1167170770537619,2.122782663044457,2.122782663044457
2009-09-12,0.1089359385835111,0.1089359385835111,2.122782663044457,2.122782663044457
2009-09-13,0.08818623599617564,0.08818623599617564,2.122782663044457,2.122782663044457
2009-09-14,0.08818623599617564,0.08818623599617564,2.1353352543502386,2.1353352543502386
2009-09-15,0.07392081546738254,0.07392081546738254,1.9177570050500183,1.9177570050500183
2009-09-16,0.07392081546738254,0.07392081546738254,1.6918103615459434,1.6918103615459434
2009-09-17,0.07392081546738254,0.07392081546738254,1.5091004214284507,1.5091004214284507
2009-09-18,0.07392081546738254,0.07392081546738254,1.5593107866515787,1.5593107866515787
2009-09-19,0.07392081546738254,0.07392081546738254,1.7071524175863435,1.7071524175863435
2009-09-20,0.07392081546738254,0.07392081546738254,1.808967880399908,1.808967880399908
2009-09-21,0.0907799488195926,0.0907799488195926,1.72807340309598,1.72807340309598
2009-09-22,0.09467051805471799,0.09467051805471799,1.72807340309598,1.72807340309598
2009-09-23,0.10115480011326032,0.10115480011326032,1.8117573451345266,1.8117573451345266
2009-09-24,0.08818623599617564,0.08818623599617564,1.9833094263135462,1.9833094263135462
2009-09-25,0.08170195393763333,0.08170195393763333,2.051651312311692,2.051651312311692
2009-09-26,0.08170195393763333,0.08170195393763333,2.0112040736597283,2.0112040736597283
2009-09-27,0.07392081546738254,0.07392081546738254,1.9372832581923458,1.9372832581923458
2009-09-28,0.06743653340884022,0.06743653340884022,2.6485967655199887,2.6485967655199887
2009-09-29,0.06873338982054866,0.06873338982054866,1.9303095963558001,1.9303095963558001
2009-09-30,0.07003024623225713,0.07003024623225713,0.6359979594929516,0.6359979594929516
2009-10-01,0.042796261586379364,0.042796261586379364,1.9303095963558001,1.9303095963558001
2009-10-02,0.042796261586379364,0.042796261586379364,0.6053138474121512,0.6053138474121512
2009-10-03,0.042796261586379364,0.042796261586379364,0.5718402705967327,0.5718402705967327
2009-10-04,0.042796261586379364,0.042796261586379364,0.5704455382294236,0.5704455382294236
2009-10-05,0.042796261586379364,0.042796261586379364,0.5676560734948055,0.5676560734948055
2009-10-06,0.042796261586379364,0.042796261586379364,0.6471558184314243,0.6471558184314243
2009-10-07,0.0414994051746709,0.0414994051746709,0.6471558184314243,0.6471558184314243
2009-10-08,0.05576482570346402,0.05576482570346402,0.6471558184314243,0.6471558184314243
2009-10-09,0.05706168211517248,0.05706168211517248,0.6471558184314243,0.6471558184314243
2009-10-10,0.04668683082150476,0.04668683082150476,0.6443663536968062,0.6443663536968062
2009-10-11,0.0453899744097963,0.0453899744097963,0.6443663536968062,0.6443663536968062
2009-10-12,0.0453899744097963,0.0453899744097963,0.5648666087601872,0.5648666087601872
2009-10-13,0.0453899744097963,0.0453899744097963,0.5369719614140052,0.5369719614140052
2009-10-14,0.0453899744097963,0.0453899744097963,0.5369719614140052,0.5369719614140052
2009-10-15,0.03631197952783704,0.03631197952783704,0.5411561585159324,0.5411561585159324
2009-10-16,0.042796261586379364,0.042796261586379364,0.5369719614140052,0.5369719614140052
2009-10-17,0.04409311799808782,0.04409311799808782,0.5369719614140052,0.5369719614140052
2009-10-18,0.042796261586379364,0.042796261586379364,0.5369719614140052,0.5369719614140052
2009-10-19,0.042796261586379364,0.042796261586379364,0.5369719614140052,0.5369719614140052
2009-10-20,0.042796261586379364,0.042796261586379364,0.49234052566011377,0.49234052566011377
2009-10-21,0.042796261586379364,0.042796261586379364,0.49234052566011377,0.49234052566011377
2009-10-22,0.042796261586379364,0.042796261586379364,0.46026168121200445,0.46026168121200445
2009-10-23,0.042796261586379364,0.042796261586379364,0.4560774841100771,0.4560774841100771
2009-10-24,0.04928054364492169,0.04928054364492169,0.4644458783139317,0.4644458783139317
2009-10-25,0.04928054364492169,0.04928054364492169,0.4560774841100771,0.4560774841100771
2009-10-26,0.03371826670442011,0.03371826670442011,0.25523602321756605,0.25523602321756605
2009-10-27,0.03242141029271164,0.03242141029271164,0.3291568386849486,0.3291568386849486
2009-10-28,0.03371826670442011,0.03371826670442011,0.3291568386849486,0.3291568386849486
2009-10-29,0.03371826670442011,0.03371826670442011,0.3249726415830213,0.3249726415830213
2009-10-30,0.03371826670442011,0.03371826670442011,0.08368394203854625,0.08368394203854625
2009-10-31,0.012968564117084656,0.012968564117084656,0.08089447730392804,0.08089447730392804
2009-11-01,0.012968564117084656,0.012968564117084656,0.08089447730392804,0.08089447730392804
2009-11-02,0.012968564117084656,0.012968564117084656,0.08089447730392804,0.08089447730392804
2009-11-03,0.012968564117084656,0.012968564117084656,0.07252608310007341,0.07252608310007341
2009-11-04,0.012968564117084656,0.012968564117084656,0.05578929469236416,0.05578929469236416
2009-11-05,0.012968564117084656,0.012968564117084656,0.04463143575389134,0.04463143575389134
2009-11-06,0.010374851293667725,0.010374851293667725,0.061368224161600586,0.061368224161600586
2009-11-07,0.00907799488195926,0.00907799488195926,0.061368224161600586,0.061368224161600586
2009-11-08,0.00907799488195926,0.00907799488195926,0.061368224161600586,0.061368224161600586
2009-11-09,0.00907799488195926,0.00907799488195926,0.061368224161600586,0.061368224161600586
2009-11-10,0.00907799488195926,0.00907799488195926,0.061368224161600586,0.061368224161600586
2009-11-11,0.00907799488195926,0.00907799488195926,0.061368224161600586,0.061368224161600586
2009-11-12,0.012968564117084656,0.012968564117084656,0.061368224161600586,0.061368224161600586
2009-11-13,0.01815598976391852,0.01815598976391852,0.06973661836545522,0.06973661836545522
2009-11-14,0.01815598976391852,0.01815598976391852,0.06973661836545522,0.06973661836545522
2009-11-15,0.01815598976391852,0.01815598976391852,0.06973661836545522,0.06973661836545522
2009-11-16,0.01815598976391852,0.01815598976391852,0.06973661836545522,0.06973661836545522
2009-11-17,0.01815598976391852,0.01815598976391852,0.06973661836545522,0.06973661836545522
2009-11-18,0.01815598976391852,0.01815598976391852,0.06973661836545522,0.06973661836545522
2009-11-19,0.01815598976391852,0.01815598976391852,0.06973661836545522,0.06973661836545522
2009-11-20,0.01815598976391852,0.01815598976391852,0.061368224161600586,0.061368224161600586
2009-11-21,0.01815598976391852,0.01815598976391852,0.061368224161600586,0.061368224161600586
2009-11-22,0.01815598976391852,0.01815598976391852,0.061368224161600586,0.061368224161600586
2009-11-23,0.01815598976391852,0.01815598976391852,0.061368224161600586,0.061368224161600586
2009-11-24,0.01815598976391852,0.01815598976391852,0.061368224161600586,0.061368224161600586
2009-11-25,0.01815598976391852,0.01815598976391852,0.061368224161600586,0.061368224161600586
2009-11-26,0.01815598976391852,0.01815598976391852,0.061368224161600586,0.061368224161600586
2009-11-27,0.01815598976391852,0.01815598976391852,0.061368224161600586,0.061368224161600586
2009-11-28,0.01815598976391852,0.01815598976391852,0.061368224161600586,0.061368224161600586
2009-11-29,0.01815598976391852,0.01815598976391852,0.061368224161600586,0.061368224161600586
2009-11-30,0.01815598976391852,0.01815598976391852,0.061368224161600586,0.061368224161600586
2009-12-01,0.01815598976391852,0.01815598976391852,0.061368224161600586,0.061368224161600586
2009-12-02,0.01815598976391852,0.01815598976391852,0.05857875942698238,0.05857875942698238
2009-12-03,0.01815598976391852,0.01815598976391852,0.05857875942698238,0.05857875942698238
2009-12-04,0.015562276940501586,0.015562276940501586,0.061368224161600586,0.061368224161600586
2009-12-05,0.015562276940501586,0.015562276940501586,0.061368224161600586,0.061368224161600586
2009-12-06,0.01815598976391852,0.01815598976391852,0.061368224161600586,0.061368224161600586
2009-12-07,0.01815598976391852,0.01815598976391852,0.061368224161600586,0.061368224161600586
2009-12-08,0.01815598976391852,0.01815598976391852,0.061368224161600586,0.061368224161600586
2009-12-09,0.01815598976391852,0.01815598976391852,0.061368224161600586,0.061368224161600586
2009-12-10,0.01815598976391852,0.01815598976391852,0.061368224161600586,0.061368224161600586
2009-12-11,0.01426542052879312,0.01426542052879312,0.061368224161600586,0.061368224161600586
2009-12-12,0.01167170770537619,0.01167170770537619,0.06973661836545522,0.06973661836545522
2009-12-13,0.010374851293667725,0.010374851293667725,0.06973661836545522,0.06973661836545522
2009-12-14,0.00907799488195926,0.00907799488195926,0.05857875942698238,0.05857875942698238
2009-12-15,0.00907799488195926,0.00907799488195926,0.05857875942698238,0.05857875942698238
2009-12-16,0.00907799488195926,0.00907799488195926,0.061368224161600586,0.061368224161600586
2009-12-17,0.00907799488195926,0.00907799488195926,0.061368224161600586,0.061368224161600586
2009-12-18,0.007781138470250793,0.007781138470250793,0.05857875942698238,0.05857875942698238
2009-12-19,0.00907799488195926,0.00907799488195926,0.061368224161600586,0.061368224161600586
2009-12-20,0.00907799488195926,0.00907799488195926,0.061368224161600586,0.061368224161600586
2009-12-21,0.00907799488195926,0.00907799488195926,0.05857875942698238,0.05857875942698238
2009-12-22,0.007781138470250793,0.007781138470250793,0.05857875942698238,0.05857875942698238
2009-12-23,0.006484282058542328,0.006484282058542328,0.05299982995774596,0.05299982995774596
2009-12-24,0.006484282058542328,0.006484282058542328,0.05299982995774596,0.05299982995774596
2009-12-25,0.006484282058542328,0.006484282058542328,0.05299982995774596,0.05299982995774596
2009-12-26,0.006484282058542328,0.006484282058542328,0.05299982995774596,0.05299982995774596
2009-12-27,0.007781138470250793,0.007781138470250793,0.05299982995774596,0.05299982995774596
2009-12-28,0.007781138470250793,0.007781138470250793,0.04742090048850955,0.04742090048850955
2009-12-29,0.007781138470250793,0.007781138470250793,0.04742090048850955,0.04742090048850955
2009-12-30,0.007781138470250793,0.007781138470250793,0.05299982995774596,0.05299982995774596
2009-12-31,0.007781138470250793,0.007781138470250793,0.05299982995774596,0.05299982995774596
2010-01-01,0.007781138470250793,0.007781138470250793,0.04742090048850955,0.04742090048850955
2010-01-02,0.007781138470250793,0.007781138470250793,0.04742090048850955,0.04742090048850955
2010-01-03,0.007781138470250793,0.007781138470250793,0.04742090048850955,0.04742090048850955
2010-01-04,0.007781138470250793,0.007781138470250793,0.05299982995774596,0.05299982995774596
2010-01-05,0.007781138470250793,0.007781138470250793,0.05299982995774596,0.05299982995774596
2010-01-06,0.007781138470250793,0.007781138470250793,0.05299982995774596,0.05299982995774596
2010-01-07,0.007781138470250793,0.007781138470250793,0.05299982995774596,0.05299982995774596
2010-01-08,0.007781138470250793,0.007781138470250793,0.05299982995774596,0.05299982995774596
2010-01-09,0.007781138470250793,0.007781138470250793,0.05299982995774596,0.05299982995774596
2010-01-10,0.007781138470250793,0.007781138470250793,0.05299982995774596,0.05299982995774596
2010-01-11,0.007781138470250793,0.007781138470250793,0.05299982995774596,0.05299982995774596
2010-01-12,0.007781138470250793,0.007781138470250793,0.05578929469236416,0.05578929469236416
2010-01-13,0.007781138470250793,0.007781138470250793,0.05578929469236416,0.05578929469236416
2010-01-14,0.007781138470250793,0.007781138470250793,0.05578929469236416,0.05578929469236416
2010-01-15,0.007781138470250793,0.007781138470250793,0.05578929469236416,0.05578929469236416
2010-01-16,0.007781138470250793,0.007781138470250793,0.05578929469236416,0.05578929469236416
2010-01-17,0.007781138470250793,0.007781138470250793,0.05578929469236416,0.05578929469236416
2010-01-18,0.007781138470250793,0.007781138470250793,0.05578929469236416,0.05578929469236416
2010-01-19,0.007781138470250793,0.007781138470250793,0.05578929469236416,0.05578929469236416
2010-01-20,0.007781138470250793,0.007781138470250793,0.05578929469236416,0.05578929469236416
2010-01-21,0.007781138470250793,0.007781138470250793,0.061368224161600586,0.061368224161600586
2010-01-22,0.007781138470250793,0.007781138470250793,0.05578929469236416,0.05578929469236416
2010-01-23,0.007781138470250793,0.007781138470250793,0.05578929469236416,0.05578929469236416
2010-01-24,0.007781138470250793,0.007781138470250793,0.05578929469236416,0.05578929469236416
2010-01-25,0.007781138470250793,0.007781138470250793,0.05299982995774596,0.05299982995774596
2010-01-26,0.007781138470250793,0.007781138470250793,0.05578929469236416,0.05578929469236416
2010-01-27,0.007781138470250793,0.007781138470250793,0.05578929469236416,0.05578929469236416
2010-01-28,0.007781138470250793,0.007781138470250793,0.05299982995774596,0.05299982995774596
2010-01-29,0.007781138470250793,0.007781138470250793,0.05578929469236416,0.05578929469236416
2010-01-30,0.007781138470250793,0.007781138470250793,0.05578929469236416,0.05578929469236416
2010-01-31,0.007781138470250793,0.007781138470250793,0.05578929469236416,0.05578929469236416
2010-02-01,0.007781138470250793,0.007781138470250793,0.05578929469236416,0.05578929469236416
2010-02-02,0.010374851293667725,0.010374851293667725,0.05578929469236416,0.05578929469236416
2010-02-03,0.010374851293667725,0.010374851293667725,0.061368224161600586,0.061368224161600586
2010-02-04,0.010374851293667725,0.010374851293667725,0.061368224161600586,0.061368224161600586
2010-02-05,0.010374851293667725,0.010374851293667725,0.05578929469236416,0.05578929469236416
2010-02-06,0.010374851293667725,0.010374851293667725,0.05578929469236416,0.05578929469236416
2010-02-07,0.010374851293667725,0.010374851293667725,0.05578929469236416,0.05578929469236416
2010-02-08,0.007781138470250793,0.007781138470250793,0.05578929469236416,0.05578929469236416
2010-02-09,0.007781138470250793,0.007781138470250793,0.05578929469236416,0.05578929469236416
2010-02-10,0.007781138470250793,0.007781138470250793,0.05578929469236416,0.05578929469236416
2010-02-11,0.010374851293667725,0.010374851293667725,0.05578929469236416,0.05578929469236416
2010-02-12,0.010374851293667725,0.010374851293667725,0.05578929469236416,0.05578929469236416
2010-02-13,0.007781138470250793,0.007781138470250793,0.05578929469236416,0.05578929469236416
2010-02-14,0.007781138470250793,0.007781138470250793,0.05578929469236416,0.05578929469236416
2010-02-15,0.007781138470250793,0.007781138470250793,0.05578929469236416,0.05578929469236416
2010-02-16,0.007781138470250793,0.007781138470250793,0.05578929469236416,0.05578929469236416
2010-02-17,0.0,0.0,0.05578929469236416,0.05578929469236416
2010-02-18,0.0,0.0,0.05578929469236416,0.05578929469236416
2010-02-19,0.0,0.0,0.05578929469236416,0.05578929469236416
2010-02-20,0.0,0.0,0.061368224161600586,0.061368224161600586
2010-02-21,0.0,0.0,0.05578929469236416,0.05578929469236416
2010-02-22,0.0,0.0,0.061368224161600586,0.061368224161600586
2010-02-23,0.0,0.0,0.05578929469236416,0.05578929469236416
2010-02-24,0.0,0.0,0.05578929469236416,0.05578929469236416
2010-02-25,0.0,0.0,0.05578929469236416,0.05578929469236416
2010-02-26,0.0,0.0,0.061368224161600586,0.061368224161600586
2010-02-27,0.0,0.0,0.061368224161600586,0.061368224161600586
2010-02-28,0.0,0.0,0.061368224161600586,0.061368224161600586
2010-03-01,0.0,0.0,0.061368224161600586,0.061368224161600586
2010-03-02,0.0,0.0,0.061368224161600586,0.061368224161600586
2010-03-03,0.0,0.0,0.061368224161600586,0.061368224161600586
2010-03-04,0.0,0.0,0.061368224161600586,0.061368224161600586
2010-03-05,0.0,0.0,0.061368224161600586,0.061368224161600586
2010-03-06,0.0,0.0,0.061368224161600586,0.061368224161600586
2010-03-07,0.0038905692351253966,0.0038905692351253966,0.6499452831660426,0.6499452831660426
2010-03-08,0.005187425646833862,0.005187425646833862,0.6527347479006609,0.6527347479006609
2010-03-09,0.005187425646833862,0.005187425646833862,0.6527347479006609,0.6527347479006609
2010-03-10,0.01426542052879312,0.01426542052879312,0.6527347479006609,0.6527347479006609
2010-03-11,0.012968564117084656,0.012968564117084656,0.655524212635279,0.655524212635279
2010-03-12,0.012968564117084656,0.012968564117084656,0.6611031421045154,0.6611031421045154
2010-03-13,0.012968564117084656,0.012968564117084656,0.5258141024755323,0.5258141024755323
2010-03-14,0.01426542052879312,0.01426542052879312,0.454682751742768,0.454682751742768
2010-03-15,0.005187425646833862,0.005187425646833862,0.454682751742768,0.454682751742768
2010-03-16,0.006484282058542328,0.006484282058542328,0.454682751742768,0.454682751742768
2010-03-17,0.006484282058542328,0.006484282058542328,0.454682751742768,0.454682751742768
2010-03-18,0.012968564117084656,0.012968564117084656,0.454682751742768,0.454682751742768
2010-03-19,0.012968564117084656,0.012968564117084656,0.6053138474121512,0.6053138474121512
2010-03-20,0.012968564117084656,0.012968564117084656,1.3054694958013218,1.3054694958013218
2010-03-21,0.012968564117084656,0.012968564117084656,1.3863639731052495,1.3863639731052495
2010-03-22,0.012968564117084656,0.012968564117084656,1.4379690706956867,1.4379690706956867
2010-03-23,0.012968564117084656,0.012968564117084656,1.6276526726497247,1.6276526726497247
2010-03-24,0.04668683082150476,0.04668683082150476,1.6890208968113254,1.6890208968113254
2010-03-25,0.06484282058542327,0.06484282058542327,1.7559680504421622,1.7559680504421622
2010-03-26,0.062249107762006345,0.062249107762006345,1.7559680504421622,1.7559680504421622
2010-03-27,0.06354596417371482,0.06354596417371482,1.7559680504421622,1.7559680504421622
2010-03-28,0.06873338982054866,0.06873338982054866,1.7559680504421622,1.7559680504421622
2010-03-29,0.07003024623225713,0.07003024623225713,1.7559680504421622,1.7559680504421622
2010-03-30,0.07651452829079947,0.07651452829079947,1.6151000813439425,1.6151000813439425
2010-03-31,0.08170195393763333,0.08170195393763333,1.6234684755477973,1.6234684755477973
2010-04-01,0.08688937958446719,0.08688937958446719,1.5816265045285243,1.5816265045285243
2010-04-02,0.06873338982054866,0.06873338982054866,1.54117926587656,1.54117926587656
2010-04-03,0.06873338982054866,0.06873338982054866,1.3738113817994677,1.3738113817994677
2010-04-04,0.07392081546738254,0.07392081546738254,1.3556798610244494,1.3556798610244494
2010-04-05,0.07521767187909101,0.07521767187909101,1.376600846534086,1.376600846534086
2010-04-06,0.07262395905567408,0.07262395905567408,1.376600846534086,1.376600846534086
2010-04-07,0.07262395905567408,0.07262395905567408,1.4658637180418685,1.4658637180418685
2010-04-08,0.07262395905567408,0.07262395905567408,1.4895741682861232,1.4895741682861232
2010-04-09,0.06484282058542327,0.06484282058542327,1.2580485953128122,1.2580485953128122
2010-04-10,0.07781138470250792,0.07781138470250792,1.1687857238050294,1.1687857238050294
2010-04-11,0.08040509752592487,0.08040509752592487,1.2022593006204478,1.2022593006204478
2010-04-12,0.09207680523130105,0.09207680523130105,1.1966803711512115,1.1966803711512115
2010-04-13,0.07651452829079947,0.07651452829079947,1.2608380600474303,1.2608380600474303
2010-04-14,0.07651452829079947,0.07651452829079947,1.0809175846645558,1.0809175846645558
2010-04-15,0.06484282058542327,0.06484282058542327,0.9777073894836822,0.9777073894836822
2010-04-16,0.06484282058542327,0.06484282058542327,1.0530229373183737,1.0530229373183737
2010-04-17,0.06484282058542327,0.06484282058542327,1.0864965141337921,1.0864965141337921
2010-04-18,0.06484282058542327,0.06484282058542327,1.108812232010738,1.108812232010738
2010-04-19,0.0829988103493418,0.0829988103493418,1.1604173296011746,1.1604173296011746
2010-04-20,0.0829988103493418,0.0829988103493418,1.350100931555213,1.350100931555213
2010-04-21,0.08429566676105026,0.08429566676105026,1.4561005914707046,1.4561005914707046
2010-04-22,0.0907799488195926,0.0907799488195926,1.5899948987323789,1.5899948987323789
2010-04-23,0.09207680523130105,0.09207680523130105,1.630442137384343,1.630442137384343
2010-04-24,0.10374851293667725,0.10374851293667725,1.7699153741152531,1.7699153741152531
2010-04-25,0.10374851293667725,0.10374851293667725,1.846625654317254,1.846625654317254
2010-04-26,0.10115480011326032,0.10115480011326032,1.896836019540382,1.896836019540382
2010-04-27,0.10374851293667725,0.10374851293667725,2.376623953894714,2.376623953894714
2010-04-28,0.10245165652496876,0.10245165652496876,2.376623953894714,2.376623953894714
2010-04-29,0.0972642308781349,0.0972642308781349,2.2678348292446033,2.2678348292446033
2010-04-30,0.07651452829079947,0.07651452829079947,2.1562562398598755,2.1562562398598755
2010-05-01,0.07781138470250792,0.07781138470250792,2.1562562398598755,2.1562562398598755
2010-05-02,0.06484282058542327,0.06484282058542327,2.016783003128965,2.016783003128965
2010-05-03,0.06484282058542327,0.06484282058542327,1.6680999113016888,1.6680999113016888
2010-05-04,0.06354596417371482,0.06354596417371482,1.577442307426597,1.577442307426597
2010-05-05,0.06354596417371482,0.06354596417371482,1.3821797760033223,1.3821797760033223
2010-05-06,0.06354596417371482,0.06354596417371482,1.4337848735937593,1.4337848735937593
2010-05-07,0.06484282058542327,0.06484282058542327,1.4658637180418685,1.4658637180418685
2010-05-08,0.07003024623225713,0.07003024623225713,1.8257046688076173,1.8257046688076173
2010-05-09,0.06873338982054866,0.06873338982054866,2.3710450244254773,2.3710450244254773
2010-05-10,0.07003024623225713,0.07003024623225713,2.527255049564097,2.527255049564097
2010-05-11,0.07132710264396559,0.07132710264396559,2.596991667929552,2.596991667929552
2010-05-12,0.0907799488195926,0.0907799488195926,2.590018006093007,2.590018006093007
2010-05-13,0.10374851293667725,0.10374851293667725,2.384992348098568,2.384992348098568
2010-05-14,0.1089359385835111,0.1089359385835111,2.5188866553602423,2.5188866553602423
2010-05-15,0.11152965140692804,0.11152965140692804,2.8633855500855905,2.8633855500855905
2010-05-16,0.12320135911230422,0.12320135911230422,3.140937291180103,3.140937291180103
2010-05-17,0.12320135911230422,0.12320135911230422,3.2790157955437045,3.2790157955437045
2010-05-18,0.11282650781863648,0.11282650781863648,3.542620212965125,3.542620212965125
2010-05-19,0.11282650781863648,0.11282650781863648,3.542620212965125,3.542620212965125
2010-05-20,0.11152965140692804,0.11152965140692804,3.6904618438998895,3.6904618438998895
2010-05-21,0.11282650781863648,0.11282650781863648,4.044723865196402,4.044723865196402
2010-05-22,0.14006049246451427,0.14006049246451427,3.9331452758116736,3.9331452758116736
2010-05-23,0.14006049246451427,0.14006049246451427,3.6263041550036705,3.6263041550036705
2010-05-24,0.14135734887622275,0.14135734887622275,3.6263041550036705,3.6263041550036705
2010-05-25,0.14135734887622275,0.14135734887622275,3.5119361008843244,3.5119361008843244
2010-05-26,0.14913848734647353,0.14913848734647353,3.6249094226363616,3.6249094226363616
2010-05-27,0.14654477452305661,0.14654477452305661,3.6514093376152346,3.6514093376152346
2010-05-28,0.14913848734647353,0.14913848734647353,3.6514093376152346,3.6514093376152346
2010-05-29,0.15173220016989047,0.15173220016989047,3.6918565762671993,3.6918565762671993
2010-05-30,0.14913848734647353,0.14913848734647353,3.7183564912460723,3.7183564912460723
2010-05-31,0.15173220016989047,0.15173220016989047,3.828540348263491,3.828540348263491
2010-06-01,0.15173220016989047,0.15173220016989047,3.894092769527019,3.894092769527019
2010-06-02,0.13357621040597195,0.13357621040597195,3.9708030497290205,3.9708030497290205
2010-06-03,0.14913848734647353,0.14913848734647353,3.894092769527019,3.894092769527019
2010-06-04,0.14524791811134816,0.14524791811134816,3.793672039080764,3.793672039080764
2010-06-05,0.14524791811134816,0.14524791811134816,3.83132981299811,3.83132981299811
2010-06-06,0.1582164822284328,0.1582164822284328,3.5788832545151616,3.5788832545151616
2010-06-07,0.15173220016989047,0.15173220016989047,3.3445682168072324,3.3445682168072324
2010-06-08,0.15173220016989047,0.15173220016989047,3.3445682168072324,3.3445682168072324
2010-06-09,0.15173220016989047,0.15173220016989047,3.2162528390147944,3.2162528390147944
2010-06-10,0.15173220016989047,0.15173220016989047,3.177200332730139,3.177200332730139
2010-06-11,0.15173220016989047,0.15173220016989047,3.3543313433783957,3.3543313433783957
2010-06-12,0.14913848734647353,0.14913848734647353,3.5788832545151616,3.5788832545151616
2010-06-13,0.1659976206986836,0.1659976206986836,3.7657773917345816,3.7657773917345816
2010-06-14,0.1647007642869751,0.1647007642869751,3.7657773917345816,3.7657773917345816
2010-06-15,0.16340390787526665,0.16340390787526665,3.7657773917345816,3.7657773917345816
2010-06-16,0.15562276940501585,0.15562276940501585,3.6541988023498533,3.6541988023498533
2010-06-17,0.15562276940501585,0.15562276940501585,3.54959387480167,3.54959387480167
2010-06-18,0.15691962581672436,0.15691962581672436,3.7281196178172356,3.7281196178172356
2010-06-19,0.15562276940501585,0.15562276940501585,3.7197512236133807,3.7197512236133807
2010-06-20,0.15562276940501585,0.15562276940501585,3.8006457009173085,3.8006457009173085
2010-06-21,0.1543259129933074,0.1543259129933074,4.007066091279056,4.007066091279056
2010-06-22,0.16340390787526665,0.16340390787526665,4.044723865196402,4.044723865196402
2010-06-23,0.1647007642869751,0.1647007642869751,4.044723865196402,4.044723865196402
2010-06-24,0.16210705146355817,0.16210705146355817,3.895487501894328,3.895487501894328
2010-06-25,0.16210705146355817,0.16210705146355817,3.9708030497290205,3.9708030497290205
2010-06-26,0.17118504634551746,0.17118504634551746,4.01682921785022,4.01682921785022
2010-06-27,0.17118504634551746,0.17118504634551746,4.11027628645993,4.11027628645993
2010-06-28,0.15951333864014125,0.15951333864014125,4.156302454581131,4.156302454581131
2010-06-29,0.15302905658159893,0.15302905658159893,4.082381639113748,4.082381639113748
2010-06-30,0.16340390787526665,0.16340390787526665,4.193960228498476,4.193960228498476
2010-07-01,0.16340390787526665,0.16340390787526665,4.146539328009967,4.146539328009967
2010-07-02,0.16340390787526665,0.16340390787526665,4.184197101927313,4.184197101927313
2010-07-03,0.16340390787526665,0.16340390787526665,4.166065581152294,4.166065581152294
2010-07-04,0.16340390787526665,0.16340390787526665,4.023802879686765,4.023802879686765
2010-07-05,0.16340390787526665,0.16340390787526665,4.034960738625238,4.034960738625238
2010-07-06,0.16340390787526665,0.16340390787526665,4.034960738625238,4.034960738625238
2010-07-07,0.15951333864014125,0.15951333864014125,3.894092769527019,3.894092769527019
2010-07-08,0.15691962581672436,0.15691962581672436,4.03356600625793,4.03356600625793
2010-07-09,0.16729447711039205,0.16729447711039205,4.117249948296475,4.117249948296475
2010-07-10,0.17248190275722594,0.17248190275722594,4.03356600625793,4.03356600625793
2010-07-11,0.1685913335221005,0.1685913335221005,3.894092769527019,3.894092769527019
2010-07-12,0.16340390787526665,0.16340390787526665,3.894092769527019,3.894092769527019
2010-07-13,0.16340390787526665,0.16340390787526665,3.9708030497290205,3.9708030497290205
2010-07-14,0.1543259129933074,0.1543259129933074,3.942908402382838,3.942908402382838
2010-07-15,0.15951333864014125,0.15951333864014125,3.942908402382838,3.942908402382838
2010-07-16,0.16340390787526665,0.16340390787526665,4.0363554709925475,4.0363554709925475
2010-07-17,0.16081019505184974,0.16081019505184974,4.082381639113748,4.082381639113748
2010-07-18,0.16340390787526665,0.16340390787526665,4.11027628645993,4.11027628645993
2010-07-19,0.1647007642869751,0.1647007642869751,4.184197101927313,4.184197101927313
2010-07-20,0.16081019505184974,0.16081019505184974,4.184197101927313,4.184197101927313
2010-07-21,0.169888189933809,0.169888189933809,4.092144765684911,4.092144765684911
2010-07-22,0.16729447711039205,0.16729447711039205,4.20511808743695,4.20511808743695
2010-07-23,0.16729447711039205,0.16729447711039205,4.202328622702331,4.202328622702331
2010-07-24,0.16729447711039205,0.16729447711039205,4.192565496131167,4.192565496131167
2010-07-25,0.1659976206986836,0.1659976206986836,4.266486311598549,4.266486311598549
2010-07-26,0.16729447711039205,0.16729447711039205,4.304144085515896,4.304144085515896
2010-07-27,0.16729447711039205,0.16729447711039205,4.122828877765713,4.122828877765713
2010-07-28,0.16340390787526665,0.16340390787526665,4.021013414952148,4.021013414952148
2010-07-29,0.1659976206986836,0.1659976206986836,3.8843296429558554,3.8843296429558554
2010-07-30,0.1647007642869751,0.1647007642869751,3.8341192777327278,3.8341192777327278
2010-07-31,0.1647007642869751,0.1647007642869751,4.0112502883809835,4.0112502883809835
2010-08-01,0.16729447711039205,0.16729447711039205,4.057276456502184,4.057276456502184
2010-08-02,0.15302905658159893,0.15302905658159893,3.940118937648219,3.940118937648219
2010-08-03,0.1543259129933074,0.1543259129933074,3.8815401782212375,3.8815401782212375
2010-08-04,0.15562276940501585,0.15562276940501585,3.6290936197382893,3.6290936197382893
2010-08-05,0.15302905658159893,0.15302905658159893,3.5551728042709065,3.5551728042709065
2010-08-06,0.1543259129933074,0.1543259129933074,3.4156995675399964,3.4156995675399964
2010-08-07,0.16081019505184974,0.16081019505184974,3.4156995675399964,3.4156995675399964
2010-08-08,0.1543259129933074,0.1543259129933074,3.4059364409688326,3.4059364409688326
2010-08-09,0.14654477452305661,0.14654477452305661,3.312489372359122,3.312489372359122
2010-08-10,0.14654477452305661,0.14654477452305661,3.276226330809086,3.276226330809086
2010-08-11,0.14654477452305661,0.14654477452305661,3.20788444481094,3.20788444481094
2010-08-12,0.1543259129933074,0.1543259129933074,3.184173994566685,3.184173994566685
2010-08-13,0.14524791811134816,0.14524791811134816,3.2859894573802495,3.2859894573802495
2010-08-14,0.15302905658159893,0.15302905658159893,3.304120978155268,3.304120978155268
2010-08-15,0.14524791811134816,0.14524791811134816,3.304120978155268,3.304120978155268
2010-08-16,0.14524791811134816,0.14524791811134816,3.2957525839514132,3.2957525839514132
2010-08-17,0.14006049246451427,0.14006049246451427,3.426857426478469,3.426857426478469
2010-08-18,0.13487306681768044,0.13487306681768044,3.2999367810533404,3.2999367810533404
2010-08-19,0.12190450270059575,0.12190450270059575,3.1995160506070857,3.1995160506070857
2010-08-20,0.12320135911230422,0.12320135911230422,3.1660424737916664,3.1660424737916664
2010-08-21,0.1089359385835111,0.1089359385835111,3.1214110380377758,3.1214110380377758
2010-08-22,0.1089359385835111,0.1089359385835111,3.12977943224163,3.12977943224163
2010-08-23,0.10504536934838571,0.10504536934838571,3.12977943224163,3.12977943224163
2010-08-24,0.10504536934838571,0.10504536934838571,3.026569237060756,3.026569237060756
2010-08-25,0.11931078987717883,0.11931078987717883,2.909411718206792,2.909411718206792
2010-08-26,0.11801393346547037,0.11801393346547037,2.7378596370277717,2.7378596370277717
2010-08-27,0.12968564117084655,0.12968564117084655,2.675096680498862,2.675096680498862
2010-08-28,0.12190450270059575,0.12190450270059575,2.537018176135261,2.537018176135261
2010-08-29,0.1089359385835111,0.1089359385835111,2.5425971056044974,2.5425971056044974
2010-08-30,0.10374851293667725,0.10374851293667725,2.6053600621334065,2.6053600621334065
2010-08-31,0.10245165652496876,0.10245165652496876,2.668123018662316,2.668123018662316
2010-09-01,0.10245165652496876,0.10245165652496876,2.5774654147872247,2.5774654147872247
2010-09-02,0.10374851293667725,0.10374851293667725,2.6792808776007893,2.6792808776007893
2010-09-03,0.10374851293667725,0.10374851293667725,2.55375496454297,2.55375496454297
2010-09-04,0.10374851293667725,0.10374851293667725,2.534228711400642,2.534228711400642
2010-09-05,0.10374851293667725,0.10374851293667725,2.389176545200496,2.389176545200496
2010-09-06,0.10374851293667725,0.10374851293667725,2.389176545200496,2.389176545200496
2010-09-07,0.11801393346547037,0.11801393346547037,2.3194399268350407,2.3194399268350407
2010-09-08,0.11801393346547037,0.11801393346547037,2.3598871654870046,2.3598871654870046
2010-09-09,0.1167170770537619,0.1167170770537619,2.2678348292446033,2.2678348292446033
2010-09-10,0.11542022064205343,0.11542022064205343,2.2748084910811492,2.2748084910811492
2010-09-11,0.1167170770537619,0.1167170770537619,2.122782663044457,2.122782663044457
2010-09-12,0.1089359385835111,0.1089359385835111,2.122782663044457,2.122782663044457
2010-09-13,0.08818623599617564,0.08818623599617564,2.122782663044457,2.122782663044457
2010-09-14,0.08818623599617564,0.08818623599617564,2.1353352543502386,2.1353352543502386
2010-09-15,0.07392081546738254,0.07392081546738254,1.9177570050500183,1.9177570050500183
2010-09-16,0.07392081546738254,0.07392081546738254,1.6918103615459434,1.6918103615459434
2010-09-17,0.07392081546738254,0.07392081546738254,1.5091004214284507,1.5091004214284507
2010-09-18,0.07392081546738254,0.07392081546738254,1.5593107866515787,1.5593107866515787
2010-09-19,0.07392081546738254,0.07392081546738254,1.7071524175863435,1.7071524175863435
2010-09-20,0.07392081546738254,0.07392081546738254,1.808967880399908,1.808967880399908
2010-09-21,0.0907799488195926,0.0907799488195926,1.72807340309598,1.72807340309598
2010-09-22,0.09467051805471799,0.09467051805471799,1.72807340309598,1.72807340309598
2010-09-23,0.10115480011326032,0.10115480011326032,1.8117573451345266,1.8117573451345266
2010-09-24,0.08818623599617564,0.08818623599617564,1.9833094263135462,1.9833094263135462
2010-09-25,0.08170195393763333,0.08170195393763333,2.051651312311692,2.051651312311692
2010-09-26,0.08170195393763333,0.08170195393763333,2.0112040736597283,2.0112040736597283
2010-09-27,0.07392081546738254,0.07392081546738254,1.9372832581923458,1.9372832581923458
2010-09-28,0.06743653340884022,0.06743653340884022,2.6485967655199887,2.6485967655199887
2010-09-29,0.06873338982054866,0.06873338982054866,1.9303095963558001,1.9303095963558001
2010-09-30,0.07003024623225713,0.07003024623225713,0.6359979594929516,0.6359979594929516
2010-10-01,0.042796261586379364,0.042796261586379364,1.9303095963558001,1.9303095963558001
2010-10-02,0.042796261586379364,0.042796261586379364,0.6053138474121512,0.6053138474121512
2010-10-03,0.042796261586379364,0.042796261586379364,0.5718402705967327,0.5718402705967327
2010-10-04,0.042796261586379364,0.042796261586379364,0.5704455382294236,0.5704455382294236
2010-10-05,0.042796261586379364,0.042796261586379364,0.5676560734948055,0.5676560734948055
2010-10-06,0.042796261586379364,0.042796261586379364,0.6471558184314243,0.6471558184314243
2010-10-07,0.0414994051746709,0.0414994051746709,0.6471558184314243,0.6471558184314243
2010-10-08,0.05576482570346402,0.05576482570346402,0.6471558184314243,0.6471558184314243
2010-10-09,0.05706168211517248,0.05706168211517248,0.6471558184314243,0.6471558184314243
2010-10-10,0.04668683082150476,0.04668683082150476,0.6443663536968062,0.6443663536968062
2010-10-11,0.0453899744097963,0.0453899744097963,0.6443663536968062,0.6443663536968062
2010-10-12,0.0453899744097963,0.0453899744097963,0.5648666087601872,0.5648666087601872
2010-10-13,0.0453899744097963,0.0453899744097963,0.5369719614140052,0.5369719614140052
2010-10-14,0.0453899744097963,0.0453899744097963,0.5369719614140052,0.5369719614140052
2010-10-15,0.03631197952783704,0.03631197952783704,0.5411561585159324,0.5411561585159324
2010-10-16,0.042796261586379364,0.042796261586379364,0.5369719614140052,0.5369719614140052
2010-10-17,0.04409311799808782,0.04409311799808782,0.5369719614140052,0.5369719614140052
2010-10-18,0.042796261586379364,0.042796261586379364,0.5369719614140052,0.5369719614140052
2010-10-19,0.042796261586379364,0.042796261586379364,0.5369719614140052,0.5369719614140052
2010-10-20,0.042796261586379364,0.042796261586379364,0.49234052566011377,0.49234052566011377
2010-10-21,0.042796261586379364,0.042796261586379364,0.49234052566011377,0.49234052566011377
2010-10-22,0.042796261586379364,0.042796261586379364,0.46026168121200445,0.46026168121200445
2010-10-23,0.042796261586379364,0.042796261586379364,0.4560774841100771,0.4560774841100771
2010-10-24,0.04928054364492169,0.04928054364492169,0.4644458783139317,0.4644458783139317
2010-10-25,0.04928054364492169,0.04928054364492169,0.4560774841100771,0.4560774841100771
2010-10-26,0.03371826670442011,0.03371826670442011,0.25523602321756605,0.25523602321756605
2010-10-27,0.03242141029271164,0.03242141029271164,0.3291568386849486,0.3291568386849486
2010-10-28,0.03371826670442011,0.03371826670442011,0.3291568386849486,0.3291568386849486
2010-10-29,0.03371826670442011,0.03371826670442011,0.3249726415830213,0.3249726415830213
2010-10-30,0.03371826670442011,0.03371826670442011,0.08368394203854625,0.08368394203854625
2010-10-31,0.012968564117084656,0.012968564117084656,0.08089447730392804,0.08089447730392804
2010-11-01,0.012968564117084656,0.012968564117084656,0.08089447730392804,0.08089447730392804
2010-11-02,0.012968564117084656,0.012968564117084656,0.08089447730392804,0.08089447730392804
2010-11-03,0.012968564117084656,0.012968564117084656,0.07252608310007341,0.07252608310007341
2010-11-04,0.012968564117084656,0.012968564117084656,0.05578929469236416,0.05578929469236416
2010-11-05,0.012968564117084656,0.012968564117084656,0.04463143575389134,0.04463143575389134
2010-11-06,0.010374851293667725,0.010374851293667725,0.061368224161600586,0.061368224161600586
2010-11-07,0.00907799488195926,0.00907799488195926,0.061368224161600586,0.061368224161600586
2010-11-08,0.00907799488195926,0.00907799488195926,0.061368224161600586,0.061368224161600586
2010-11-09,0.00907799488195926,0.00907799488195926,0.061368224161600586,0.061368224161600586
2010-11-10,0.00907799488195926,0.00907799488195926,0.061368224161600586,0.061368224161600586
2010-11-11,0.00907799488195926,0.00907799488195926,0.061368224161600586,0.061368224161600586
2010-11-12,0.012968564117084656,0.012968564117084656,0.061368224161600586,0.061368224161600586
2010-11-13,0.01815598976391852,0.01815598976391852,0.06973661836545522,0.06973661836545522
2010-11-14,0.01815598976391852,0.01815598976391852,0.06973661836545522,0.06973661836545522
2010-11-15,0.01815598976391852,0.01815598976391852,0.06973661836545522,0.06973661836545522
2010-11-16,0.01815598976391852,0.01815598976391852,0.06973661836545522,0.06973661836545522
2010-11-17,0.01815598976391852,0.01815598976391852,0.06973661836545522,0.06973661836545522
2010-11-18,0.01815598976391852,0.01815598976391852,0.06973661836545522,0.06973661836545522
2010-11-19,0.01815598976391852,0.01815598976391852,0.06973661836545522,0.06973661836545522
2010-11-20,0.01815598976391852,0.01815598976391852,0.061368224161600586,0.061368224161600586
2010-11-21,0.01815598976391852,0.01815598976391852,0.061368224161600586,0.061368224161600586
2010-11-22,0.01815598976391852,0.01815598976391852,0.061368224161600586,0.061368224161600586
2010-11-23,0.01815598976391852,0.01815598976391852,0.061368224161600586,0.061368224161600586
2010-11-24,0.01815598976391852,0.01815598976391852,0.061368224161600586,0.061368224161600586
2010-11-25,0.01815598976391852,0.01815598976391852,0.061368224161600586,0.061368224161600586
2010-11-26,0.01815598976391852,0.01815598976391852,0.061368224161600586,0.061368224161600586
2010-11-27,0.01815598976391852,0.01815598976391852,0.061368224161600586,0.061368224161600586
2010-11-28,0.01815598976391852,0.01815598976391852,0.061368224161600586,0.061368224161600586
2010-11-29,0.01815598976391852,0.01815598976391852,0.061368224161600586,0.061368224161600586
2010-11-30,0.01815598976391852,0.01815598976391852,0.061368224161600586,0.061368224161600586
2010-12-01,0.01815598976391852,0.01815598976391852,0.061368224161600586,0.061368224161600586
2010-12-02,0.01815598976391852,0.01815598976391852,0.05857875942698238,0.05857875942698238
2010-12-03,0.01815598976391852,0.01815598976391852,0.05857875942698238,0.05857875942698238
2010-12-04,0.015562276940501586,0.015562276940501586,0.061368224161600586,0.061368224161600586
2010-12-05,0.015562276940501586,0.015562276940501586,0.061368224161600586,0.061368224161600586
2010-12-06,0.01815598976391852,0.01815598976391852,0.061368224161600586,0.061368224161600586
2010-12-07,0.01815598976391852,0.01815598976391852,0.061368224161600586,0.061368224161600586
2010-12-08,0.01815598976391852,0.01815598976391852,0.061368224161600586,0.061368224161600586
2010-12-09,0.01815598976391852,0.01815598976391852,0.061368224161600586,0.061368224161600586
2010-12-10,0.01815598976391852,0.01815598976391852,0.061368224161600586,0.061368224161600586
2010-12-11,0.01426542052879312,0.01426542052879312,0.061368224161600586,0.061368224161600586
2010-12-12,0.01167170770537619,0.01167170770537619,0.06973661836545522,0.06973661836545522
2010-12-13,0.010374851293667725,0.010374851293667725,0.06973661836545522,0.06973661836545522
2010-12-14,0.00907799488195926,0.00907799488195926,0.05857875942698238,0.05857875942698238
2010-12-15,0.00907799488195926,0.00907799488195926,0.05857875942698238,0.05857875942698238
2010-12-16,0.00907799488195926,0.00907799488195926,0.061368224161600586,0.061368224161600586
2010-12-17,0.00907799488195926,0.00907799488195926,0.061368224161600586,0.061368224161600586
2010-12-18,0.007781138470250793,0.007781138470250793,0.05857875942698238,0.05857875942698238
2010-12-19,0.00907799488195926,0.00907799488195926,0.061368224161600586,0.061368224161600586
2010-12-20,0.00907799488195926,0.00907799488195926,0.061368224161600586,0.061368224161600586
2010-12-21,0.00907799488195926,0.00907799488195926,0.05857875942698238,0.05857875942698238
2010-12-22,0.007781138470250793,0.007781138470250793,0.05857875942698238,0.05857875942698238
2010-12-23,0.006484282058542328,0.006484282058542328,0.05299982995774596,0.05299982995774596
2010-12-24,0.006484282058542328,0.006484282058542328,0.05299982995774596,0.05299982995774596
2010-12-25,0.006484282058542328,0.006484282058542328,0.05299982995774596,0.05299982995774596
2010-12-26,0.006484282058542328,0.006484282058542328,0.05299982995774596,0.05299982995774596
2010-12-27,0.007781138470250793,0.007781138470250793,0.05299982995774596,0.05299982995774596
2010-12-28,0.007781138470250793,0.007781138470250793,0.04742090048850955,0.04742090048850955
2010-12-29,0.007781138470250793,0.007781138470250793,0.04742090048850955,0.04742090048850955
2010-12-30,0.007781138470250793,0.007781138470250793,0.05299982995774596,0.05299982995774596
2010-12-31,0.007781138470250793,0.007781138470250793,0.05299982995774596,0.05299982995774596
2011-01-01,0.007781138470250793,0.007781138470250793,0.04742090048850955,0.04742090048850955
2011-01-02,0.007781138470250793,0.007781138470250793,0.04742090048850955,0.04742090048850955
2011-01-03,0.007781138470250793,0.007781138470250793,0.04742090048850955,0.04742090048850955
2011-01-04,0.007781138470250793,0.007781138470250793,0.05299982995774596,0.05299982995774596
2011-01-05,0.007781138470250793,0.007781138470250793,0.05299982995774596,0.05299982995774596
2011-01-06,0.007781138470250793,0.007781138470250793,0.05299982995774596,0.05299982995774596
2011-01-07,0.007781138470250793,0.007781138470250793,0.05299982995774596,0.05299982995774596
2011-01-08,0.007781138470250793,0.007781138470250793,0.05299982995774596,0.05299982995774596
2011-01-09,0.007781138470250793,0.007781138470250793,0.05299982995774596,0.05299982995774596
2011-01-10,0.007781138470250793,0.007781138470250793,0.05299982995774596,0.05299982995774596
2011-01-11,0.007781138470250793,0.007781138470250793,0.05299982995774596,0.05299982995774596
2011-01-12,0.007781138470250793,0.007781138470250793,0.05578929469236416,0.05578929469236416
2011-01-13,0.007781138470250793,0.007781138470250793,0.05578929469236416,0.05578929469236416
2011-01-14,0.007781138470250793,0.007781138470250793,0.05578929469236416,0.05578929469236416
2011-01-15,0.007781138470250793,0.007781138470250793,0.05578929469236416,0.05578929469236416
2011-01-16,0.007781138470250793,0.007781138470250793,0.05578929469236416,0.05578929469236416
2011-01-17,0.007781138470250793,0.007781138470250793,0.05578929469236416,0.05578929469236416
2011-01-18,0.007781138470250793,0.007781138470250793,0.05578929469236416,0.05578929469236416
2011-01-19,0.007781138470250793,0.007781138470250793,0.05578929469236416,0.05578929469236416
2011-01-20,0.007781138470250793,0.007781138470250793,0.05578929469236416,0.05578929469236416
2011-01-21,0.007781138470250793,0.007781138470250793,0.061368224161600586,0.061368224161600586
2011-01-22,0.007781138470250793,0.007781138470250793,0.05578929469236416,0.05578929469236416
2011-01-23,0.007781138470250793,0.007781138470250793,0.05578929469236416,0.05578929469236416
2011-01-24,0.007781138470250793,0.007781138470250793,0.05578929469236416,0.05578929469236416
2011-01-25,0.007781138470250793,0.007781138470250793,0.05299982995774596,0.05299982995774596
2011-01-26,0.007781138470250793,0.007781138470250793,0.05578929469236416,0.05578929469236416
2011-01-27,0.007781138470250793,0.007781138470250793,0.05578929469236416,0.05578929469236416
2011-01-28,0.007781138470250793,0.007781138470250793,0.05299982995774596,0.05299982995774596
2011-01-29,0.007781138470250793,0.007781138470250793,0.05578929469236416,0.05578929469236416
2011-01-30,0.007781138470250793,0.007781138470250793,0.05578929469236416,0.05578929469236416
2011-01-31,0.007781138470250793,0.007781138470250793,0.05578929469236416,0.05578929469236416
2011-02-01,0.007781138470250793,0.007781138470250793,0.05578929469236416,0.05578929469236416
2011-02-02,0.010374851293667725,0.010374851293667725,0.05578929469236416,0.05578929469236416
2011-02-03,0.010374851293667725,0.010374851293667725,0.061368224161600586,0.061368224161600586
2011-02-04,0.010374851293667725,0.010374851293667725,0.061368224161600586,0.061368224161600586
2011-02-05,0.010374851293667725,0.010374851293667725,0.05578929469236416,0.05578929469236416
2011-02-06,0.010374851293667725,0.010374851293667725,0.05578929469236416,0.05578929469236416
2011-02-07,0.010374851293667725,0.010374851293667725,0.05578929469236416,0.05578929469236416
2011-02-08,0.007781138470250793,0.007781138470250793,0.05578929469236416,0.05578929469236416
2011-02-09,0.007781138470250793,0.007781138470250793,0.05578929469236416,0.05578929469236416
2011-02-10,0.007781138470250793,0.007781138470250793,0.05578929469236416,0.05578929469236416
2011-02-11,0.010374851293667725,0.010374851293667725,0.05578929469236416,0.05578929469236416
2011-02-12,0.010374851293667725,0.010374851293667725,0.05578929469236416,0.05578929469236416
2011-02-13,0.007781138470250793,0.007781138470250793,0.05578929469236416,0.05578929469236416
2011-02-14,0.007781138470250793,0.007781138470250793,0.05578929469236416,0.05578929469236416
2011-02-15,0.007781138470250793,0.007781138470250793,0.05578929469236416,0.05578929469236416
2011-02-16,0.007781138470250793,0.007781138470250793,0.05578929469236416,0.05578929469236416
2011-02-17,0.0,0.0,0.05578929469236416,0.05578929469236416
2011-02-18,0.0,0.0,0.05578929469236416,0.05578929469236416
2011-02-19,0.0,0.0,0.05578929469236416,0.05578929469236416
2011-02-20,0.0,0.0,0.061368224161600586,0.061368224161600586
2011-02-21,0.0,0.0,0.05578929469236416,0.05578929469236416
2011-02-22,0.0,0.0,0.061368224161600586,0.061368224161600586
2011-02-23,0.0,0.0,0.05578929469236416,0.05578929469236416
2011-02-24,0.0,0.0,0.05578929469236416,0.05578929469236416
2011-02-25,0.0,0.0,0.05578929469236416,0.05578929469236416
2011-02-26,0.0,0.0,0.061368224161600586,0.061368224161600586
2011-02-27,0.0,0.0,0.061368224161600586,0.061368224161600586
2011-02-28,0.0,0.0,0.061368224161600586,0.061368224161600586
2011-03-01,0.0,0.0,0.061368224161600586,0.061368224161600586
2011-03-02,0.0,0.0,0.061368224161600586,0.061368224161600586
2011-03-03,0.0,0.0,0.061368224161600586,0.061368224161600586
2011-03-04,0.0,0.0,0.061368224161600586,0.061368224161600586
2011-03-05,0.0,0.0,0.061368224161600586,0.061368224161600586
2011-03-06,0.0,0.0,0.061368224161600586,0.061368224161600586
2011-03-07,0.0038905692351253966,0.0038905692351253966,0.6499452831660426,0.6499452831660426
2011-03-08,0.005187425646833862,0.005187425646833862,0.6527347479006609,0.6527347479006609
2011-03-09,0.005187425646833862,0.005187425646833862,0.6527347479006609,0.6527347479006609
2011-03-10,0.01426542052879312,0.01426542052879312,0.6527347479006609,0.6527347479006609
2011-03-11,0.012968564117084656,0.012968564117084656,0.655524212635279,0.655524212635279
2011-03-12,0.012968564117084656,0.012968564117084656,0.6611031421045154,0.6611031421045154
2011-03-13,0.012968564117084656,0.012968564117084656,0.5258141024755323,0.5258141024755323
2011-03-14,0.01426542052879312,0.01426542052879312,0.454682751742768,0.454682751742768
2011-03-15,0.005187425646833862,0.005187425646833862,0.454682751742768,0.454682751742768
2011-03-16,0.006484282058542328,0.006484282058542328,0.454682751742768,0.454682751742768
2011-03-17,0.006484282058542328,0.006484282058542328,0.454682751742768,0.454682751742768
2011-03-18,0.012968564117084656,0.012968564117084656,0.454682751742768,0.454682751742768
2011-03-19,0.012968564117084656,0.012968564117084656,0.6053138474121512,0.6053138474121512
2011-03-20,0.012968564117084656,0.012968564117084656,1.3054694958013218,1.3054694958013218
2011-03-21,0.012968564117084656,0.012968564117084656,1.3863639731052495,1.3863639731052495
2011-03-22,0.012968564117084656,0.012968564117084656,1.4379690706956867,1.4379690706956867
2011-03-23,0.012968564117084656,0.012968564117084656,1.6276526726497247,1.6276526726497247
2011-03-24,0.04668683082150476,0.04668683082150476,1.6890208968113254,1.6890208968113254
2011-03-25,0.06484282058542327,0.06484282058542327,1.7559680504421622,1.7559680504421622
2011-03-26,0.062249107762006345,0.062249107762006345,1.7559680504421622,1.7559680504421622
2011-03-27,0.06354596417371482,0.06354596417371482,1.7559680504421622,1.7559680504421622
2011-03-28,0.06873338982054866,0.06873338982054866,1.7559680504421622,1.7559680504421622
2011-03-29,0.07003024623225713,0.07003024623225713,1.7559680504421622,1.7559680504421622
2011-03-30,0.07651452829079947,0.07651452829079947,1.6151000813439425,1.6151000813439425
2011-03-31,0.08170195393763333,0.08170195393763333,1.6234684755477973,1.6234684755477973
2011-04-01,0.08688937958446719,0.08688937958446719,1.5816265045285243,1.5816265045285243
2011-04-02,0.06873338982054866,0.06873338982054866,1.54117926587656,1.54117926587656
2011-04-03,0.06873338982054866,0.06873338982054866,1.3738113817994677,1.3738113817994677
2011-04-04,0.07392081546738254,0.07392081546738254,1.3556798610244494,1.3556798610244494
2011-04-05,0.07521767187909101,0.07521767187909101,1.376600846534086,1.376600846534086
2011-04-06,0.07262395905567408,0.07262395905567408,1.376600846534086,1.376600846534086
2011-04-07,0.07262395905567408,0.07262395905567408,1.4658637180418685,1.4658637180418685
2011-04-08,0.07262395905567408,0.07262395905567408,1.4895741682861232,1.4895741682861232
2011-04-09,0.06484282058542327,0.06484282058542327,1.2580485953128122,1.2580485953128122
2011-04-10,0.07781138470250792,0.07781138470250792,1.1687857238050294,1.1687857238050294
2011-04-11,0.08040509752592487,0.08040509752592487,1.2022593006204478,1.2022593006204478
2011-04-12,0.09207680523130105,0.09207680523130105,1.1966803711512115,1.1966803711512115
2011-04-13,0.07651452829079947,0.07651452829079947,1.2608380600474303,1.2608380600474303
2011-04-14,0.07651452829079947,0.07651452829079947,1.0809175846645558,1.0809175846645558
2011-04-15,0.06484282058542327,0.06484282058542327,0.9777073894836822,0.9777073894836822
2011-04-16,0.06484282058542327,0.06484282058542327,1.0530229373183737,1.0530229373183737
2011-04-17,0.06484282058542327,0.06484282058542327,1.0864965141337921,1.0864965141337921
2011-04-18,0.06484282058542327,0.06484282058542327,1.108812232010738,1.108812232010738
2011-04-19,0.0829988103493418,0.0829988103493418,1.1604173296011746,1.1604173296011746
2011-04-20,0.0829988103493418,0.0829988103493418,1.350100931555213,1.350100931555213
2011-04-21,0.08429566676105026,0.08429566676105026,1.4561005914707046,1.4561005914707046
2011-04-22,0.0907799488195926,0.0907799488195926,1.5899948987323789,1.5899948987323789
2011-04-23,0.09207680523130105,0.09207680523130105,1.630442137384343,1.630442137384343
2011-04-24,0.10374851293667725,0.10374851293667725,1.7699153741152531,1.7699153741152531
2011-04-25,0.10374851293667725,0.10374851293667725,1.846625654317254,1.846625654317254
2011-04-26,0.10115480011326032,0.10115480011326032,1.896836019540382,1.896836019540382
2011-04-27,0.10374851293667725,0.10374851293667725,2.376623953894714,2.376623953894714
2011-04-28,0.10245165652496876,0.10245165652496876,2.376623953894714,2.376623953894714
2011-04-29,0.0972642308781349,0.0972642308781349,2.2678348292446033,2.2678348292446033
2011-04-30,0.07651452829079947,0.07651452829079947,2.1562562398598755,2.1562562398598755
2011-05-01,0.07781138470250792,0.07781138470250792,2.1562562398598755,2.1562562398598755
2011-05-02,0.06484282058542327,0.06484282058542327,2.016783003128965,2.016783003128965
2011-05-03,0.06484282058542327,0.06484282058542327,1.6680999113016888,1.6680999113016888
2011-05-04,0.06354596417371482,0.06354596417371482,1.577442307426597,1.577442307426597
2011-05-05,0.06354596417371482,0.06354596417371482,1.3821797760033223,1.3821797760033223
2011-05-06,0.06354596417371482,0.06354596417371482,1.4337848735937593,1.4337848735937593
2011-05-07,0.06484282058542327,0.06484282058542327,1.4658637180418685,1.4658637180418685
2011-05-08,0.07003024623225713,0.07003024623225713,1.8257046688076173,1.8257046688076173
2011-05-09,0.06873338982054866,0.06873338982054866,2.3710450244254773,2.3710450244254773
2011-05-10,0.07003024623225713,0.07003024623225713,2.527255049564097,2.527255049564097
2011-05-11,0.07132710264396559,0.07132710264396559,2.596991667929552,2.596991667929552
2011-05-12,0.0907799488195926,0.0907799488195926,2.590018006093007,2.590018006093007
2011-05-13,0.10374851293667725,0.10374851293667725,2.384992348098568,2.384992348098568
2011-05-14,0.1089359385835111,0.1089359385835111,2.5188866553602423,2.5188866553602423
2011-05-15,0.11152965140692804,0.11152965140692804,2.8633855500855905,2.8633855500855905
2011-05-16,0.12320135911230422,0.12320135911230422,3.140937291180103,3.140937291180103
2011-05-17,0.12320135911230422,0.12320135911230422,3.2790157955437045,3.2790157955437045
2011-05-18,0.11282650781863648,0.11282650781863648,3.542620212965125,3.542620212965125
2011-05-19,0.11282650781863648,0.11282650781863648,3.542620212965125,3.542620212965125
2011-05-20,0.11152965140692804,0.11152965140692804,3.6904618438998895,3.6904618438998895
2011-05-21,0.11282650781863648,0.11282650781863648,4.044723865196402,4.044723865196402
2011-05-22,0.14006049246451427,0.14006049246451427,3.9331452758116736,3.9331452758116736
2011-05-23,0.14006049246451427,0.14006049246451427,3.6263041550036705,3.6263041550036705
2011-05-24,0.14135734887622275,0.14135734887622275,3.6263041550036705,3.6263041550036705
2011-05-25,0.14135734887622275,0.14135734887622275,3.5119361008843244,3.5119361008843244
2011-05-26,0.14913848734647353,0.14913848734647353,3.6249094226363616,3.6249094226363616
2011-05-27,0.14654477452305661,0.14654477452305661,3.6514093376152346,3.6514093376152346
2011-05-28,0.14913848734647353,0.14913848734647353,3.6514093376152346,3.6514093376152346
2011-05-29,0.15173220016989047,0.15173220016989047,3.6918565762671993,3.6918565762671993
2011-05-30,0.14913848734647353,0.14913848734647353,3.7183564912460723,3.7183564912460723
2011-05-31,0.15173220016989047,0.15173220016989047,3.828540348263491,3.828540348263491
2011-06-01,0.15173220016989047,0.15173220016989047,3.894092769527019,3.894092769527019
2011-06-02,0.13357621040597195,0.13357621040597195,3.9708030497290205,3.9708030497290205
2011-06-03,0.14913848734647353,0.14913848734647353,3.894092769527019,3.894092769527019
2011-06-04,0.14524791811134816,0.14524791811134816,3.793672039080764,3.793672039080764
2011-06-05,0.14524791811134816,0.14524791811134816,3.83132981299811,3.83132981299811
2011-06-06,0.1582164822284328,0.1582164822284328,3.5788832545151616,3.5788832545151616
2011-06-07,0.15173220016989047,0.15173220016989047,3.3445682168072324,3.3445682168072324
2011-06-08,0.15173220016989047,0.15173220016989047,3.3445682168072324,3.3445682168072324
2011-06-09,0.15173220016989047,0.15173220016989047,3.2162528390147944,3.2162528390147944
2011-06-10,0.15173220016989047,0.15173220016989047,3.177200332730139,3.177200332730139
2011-06-11,0.15173220016989047,0.15173220016989047,3.3543313433783957,3.3543313433783957
2011-06-12,0.14913848734647353,0.14913848734647353,3.5788832545151616,3.5788832545151616
2011-06-13,0.1659976206986836,0.1659976206986836,3.7657773917345816,3.7657773917345816
2011-06-14,0.1647007642869751,0.1647007642869751,3.7657773917345816,3.7657773917345816
2011-06-15,0.16340390787526665,0.16340390787526665,3.7657773917345816,3.7657773917345816
2011-06-16,0.15562276940501585,0.15562276940501585,3.6541988023498533,3.6541988023498533
2011-06-17,0.15562276940501585,0.15562276940501585,3.54959387480167,3.54959387480167
2011-06-18,0.15691962581672436,0.15691962581672436,3.7281196178172356,3.7281196178172356
2011-06-19,0.15562276940501585,0.15562276940501585,3.7197512236133807,3.7197512236133807
2011-06-20,0.15562276940501585,0.15562276940501585,3.8006457009173085,3.8006457009173085
2011-06-21,0.1543259129933074,0.1543259129933074,4.007066091279056,4.007066091279056
2011-06-22,0.16340390787526665,0.16340390787526665,4.044723865196402,4.044723865196402
2011-06-23,0.1647007642869751,0.1647007642869751,4.044723865196402,4.044723865196402
2011-06-24,0.16210705146355817,0.16210705146355817,3.895487501894328,3.895487501894328
2011-06-25,0.16210705146355817,0.16210705146355817,3.9708030497290205,3.9708030497290205
2011-06-26,0.17118504634551746,0.17118504634551746,4.01682921785022,4.01682921785022
2011-06-27,0.17118504634551746,0.17118504634551746,4.11027628645993,4.11027628645993
2011-06-28,0.15951333864014125,0.15951333864014125,4.156302454581131,4.156302454581131
2011-06-29,0.15302905658159893,0.15302905658159893,4.082381639113748,4.082381639113748
2011-06-30,0.16340390787526665,0.16340390787526665,4.193960228498476,4.193960228498476
2011-07-01,0.16340390787526665,0.16340390787526665,4.146539328009967,4.146539328009967
2011-07-02,0.16340390787526665,0.16340390787526665,4.184197101927313,4.184197101927313
2011-07-03,0.16340390787526665,0.16340390787526665,4.166065581152294,4.166065581152294
2011-07-04,0.16340390787526665,0.16340390787526665,4.023802879686765,4.023802879686765
2011-07-05,0.16340390787526665,0.16340390787526665,4.034960738625238,4.034960738625238
2011-07-06,0.16340390787526665,0.16340390787526665,4.034960738625238,4.034960738625238
2011-07-07,0.15951333864014125,0.15951333864014125,3.894092769527019,3.894092769527019
2011-07-08,0.15691962581672436,0.15691962581672436,4.03356600625793,4.03356600625793
2011-07-09,0.16729447711039205,0.16729447711039205,4.117249948296475,4.117249948296475
2011-07-10,0.17248190275722594,0.17248190275722594,4.03356600625793,4.03356600625793
2011-07-11,0.1685913335221005,0.1685913335221005,3.894092769527019,3.894092769527019
2011-07-12,0.16340390787526665,0.16340390787526665,3.894092769527019,3.894092769527019
2011-07-13,0.16340390787526665,0.16340390787526665,3.9708030497290205,3.9708030497290205
2011-07-14,0.1543259129933074,0.1543259129933074,3.942908402382838,3.942908402382838
2011-07-15,0.15951333864014125,0.15951333864014125,3.942908402382838,3.942908402382838
2011-07-16,0.16340390787526665,0.16340390787526665,4.0363554709925475,4.0363554709925475
2011-07-17,0.16081019505184974,0.16081019505184974,4.082381639113748,4.082381639113748
2011-07-18,0.16340390787526665,0.16340390787526665,4.11027628645993,4.11027628645993
2011-07-19,0.1647007642869751,0.1647007642869751,4.184197101927313,4.184197101927313
2011-07-20,0.16081019505184974,0.16081019505184974,4.184197101927313,4.184197101927313
2011-07-21,0.169888189933809,0.169888189933809,4.092144765684911,4.092144765684911
2011-07-22,0.16729447711039205,0.16729447711039205,4.20511808743695,4.20511808743695
2011-07-23,0.16729447711039205,0.16729447711039205,4.202328622702331,4.202328622702331
2011-07-24,0.16729447711039205,0.16729447711039205,4.192565496131167,4.192565496131167
2011-07-25,0.1659976206986836,0.1659976206986836,4.266486311598549,4.266486311598549
2011-07-26,0.16729447711039205,0.16729447711039205,4.304144085515896,4.304144085515896
2011-07-27,0.16729447711039205,0.16729447711039205,4.122828877765713,4.122828877765713
2011-07-28,0.16340390787526665,0.16340390787526665,4.021013414952148,4.021013414952148
2011-07-29,0.1659976206986836,0.1659976206986836,3.8843296429558554,3.8843296429558554
2011-07-30,0.1647007642869751,0.1647007642869751,3.8341192777327278,3.8341192777327278
2011-07-31,0.1647007642869751,0.1647007642869751,4.0112502883809835,4.0112502883809835
2011-08-01,0.16729447711039205,0.16729447711039205,4.057276456502184,4.057276456502184
2011-08-02,0.15302905658159893,0.15302905658159893,3.940118937648219,3.940118937648219
2011-08-03,0.1543259129933074,0.1543259129933074,3.8815401782212375,3.8815401782212375
2011-08-04,0.15562276940501585,0.15562276940501585,3.6290936197382893,3.6290936197382893
2011-08-05,0.15302905658159893,0.15302905658159893,3.5551728042709065,3.5551728042709065
2011-08-06,0.1543259129933074,0.1543259129933074,3.4156995675399964,3.4156995675399964
2011-08-07,0.16081019505184974,0.16081019505184974,3.4156995675399964,3.4156995675399964
2011-08-08,0.1543259129933074,0.1543259129933074,3.4059364409688326,3.4059364409688326
2011-08-09,0.14654477452305661,0.14654477452305661,3.312489372359122,3.312489372359122
2011-08-10,0.14654477452305661,0.14654477452305661,3.276226330809086,3.276226330809086
2011-08-11,0.14654477452305661,0.14654477452305661,3.20788444481094,3.20788444481094
2011-08-12,0.1543259129933074,0.1543259129933074,3.184173994566685,3.184173994566685
2011-08-13,0.14524791811134816,0.14524791811134816,3.2859894573802495,3.2859894573802495
2011-08-14,0.15302905658159893,0.15302905658159893,3.304120978155268,3.304120978155268
2011-08-15,0.14524791811134816,0.14524791811134816,3.304120978155268,3.304120978155268
2011-08-16,0.14524791811134816,0.14524791811134816,3.2957525839514132,3.2957525839514132
2011-08-17,0.14006049246451427,0.14006049246451427,3.426857426478469,3.426857426478469
2011-08-18,0.13487306681768044,0.13487306681768044,3.2999367810533404,3.2999367810533404
2011-08-19,0.12190450270059575,0.12190450270059575,3.1995160506070857,3.1995160506070857
2011-08-20,0.12320135911230422,0.12320135911230422,3.1660424737916664,3.1660424737916664
2011-08-21,0.1089359385835111,0.1089359385835111,3.1214110380377758,3.1214110380377758
2011-08-22,0.1089359385835111,0.1089359385835111,3.12977943224163,3.12977943224163
2011-08-23,0.10504536934838571,0.10504536934838571,3.12977943224163,3.12977943224163
2011-08-24,0.10504536934838571,0.10504536934838571,3.026569237060756,3.026569237060756
2011-08-25,0.11931078987717883,0.11931078987717883,2.909411718206792,2.909411718206792
2011-08-26,0.11801393346547037,0.11801393346547037,2.7378596370277717,2.7378596370277717
2011-08-27,0.12968564117084655,0.12968564117084655,2.675096680498862,2.675096680498862
2011-08-28,0.12190450270059575,0.12190450270059575,2.537018176135261,2.537018176135261
2011-08-29,0.1089359385835111,0.1089359385835111,2.5425971056044974,2.5425971056044974
2011-08-30,0.10374851293667725,0.10374851293667725,2.6053600621334065,2.6053600621334065
2011-08-31,0.10245165652496876,0.10245165652496876,2.668123018662316,2.668123018662316
2011-09-01,0.10245165652496876,0.10245165652496876,2.5774654147872247,2.5774654147872247
2011-09-02,0.10374851293667725,0.10374851293667725,2.6792808776007893,2.6792808776007893
2011-09-03,0.10374851293667725,0.10374851293667725,2.55375496454297,2.55375496454297
2011-09-04,0.10374851293667725,0.10374851293667725,2.534228711400642,2.534228711400642
2011-09-05,0.10374851293667725,0.10374851293667725,2.389176545200496,2.389176545200496
2011-09-06,0.10374851293667725,0.10374851293667725,2.389176545200496,2.389176545200496
2011-09-07,0.11801393346547037,0.11801393346547037,2.3194399268350407,2.3194399268350407
2011-09-08,0.11801393346547037,0.11801393346547037,2.3598871654870046,2.3598871654870046
2011-09-09,0.1167170770537619,0.1167170770537619,2.2678348292446033,2.2678348292446033
2011-09-10,0.11542022064205343,0.11542022064205343,2.2748084910811492,2.2748084910811492
2011-09-11,0.1167170770537619,0.1167170770537619,2.122782663044457,2.122782663044457
2011-09-12,0.1089359385835111,0.1089359385835111,2.122782663044457,2.122782663044457
2011-09-13,0.08818623599617564,0.08818623599617564,2.122782663044457,2.122782663044457
2011-09-14,0.08818623599617564,0.08818623599617564,2.1353352543502386,2.1353352543502386
2011-09-15,0.07392081546738254,0.07392081546738254,1.9177570050500183,1.9177570050500183
2011-09-16,0.07392081546738254,0.07392081546738254,1.6918103615459434,1.6918103615459434
2011-09-17,0.07392081546738254,0.07392081546738254,1.5091004214284507,1.5091004214284507
2011-09-18,0.07392081546738254,0.07392081546738254,1.5593107866515787,1.5593107866515787
2011-09-19,0.07392081546738254,0.07392081546738254,1.7071524175863435,1.7071524175863435
2011-09-20,0.07392081546738254,0.07392081546738254,1.808967880399908,1.808967880399908
2011-09-21,0.0907799488195926,0.0907799488195926,1.72807340309598,1.72807340309598
2011-09-22,0.09467051805471799,0.09467051805471799,1.72807340309598,1.72807340309598
2011-09-23,0.10115480011326032,0.10115480011326032,1.8117573451345266,1.8117573451345266
2011-09-24,0.08818623599617564,0.08818623599617564,1.9833094263135462,1.9833094263135462
2011-09-25,0.08170195393763333,0.08170195393763333,2.051651312311692,2.051651312311692
2011-09-26,0.08170195393763333,0.08170195393763333,2.0112040736597283,2.0112040736597283
2011-09-27,0.07392081546738254,0.07392081546738254,1.9372832581923458,1.9372832581923458
2011-09-28,0.06743653340884022,0.06743653340884022,2.6485967655199887,2.6485967655199887
2011-09-29,0.06873338982054866,0.06873338982054866,1.9303095963558001,1.9303095963558001
2011-09-30,0.07003024623225713,0.07003024623225713,0.6359979594929516,0.6359979594929516
2011-10-01,0.042796261586379364,0.042796261586379364,1.9303095963558001,1.9303095963558001
2011-10-02,0.042796261586379364,0.042796261586379364,0.6053138474121512,0.6053138474121512
2011-10-03,0.042796261586379364,0.042796261586379364,0.5718402705967327,0.5718402705967327
2011-10-04,0.042796261586379364,0.042796261586379364,0.5704455382294236,0.5704455382294236
2011-10-05,0.042796261586379364,0.042796261586379364,0.5676560734948055,0.5676560734948055
2011-10-06,0.042796261586379364,0.042796261586379364,0.6471558184314243,0.6471558184314243
2011-10-07,0.0414994051746709,0.0414994051746709,0.6471558184314243,0.6471558184314243
2011-10-08,0.05576482570346402,0.05576482570346402,0.6471558184314243,0.6471558184314243
2011-10-09,0.05706168211517248,0.05706168211517248,0.6471558184314243,0.6471558184314243
2011-10-10,0.04668683082150476,0.04668683082150476,0.6443663536968062,0.6443663536968062
2011-10-11,0.0453899744097963,0.0453899744097963,0.6443663536968062,0.6443663536968062
2011-10-12,0.0453899744097963,0.0453899744097963,0.5648666087601872,0.5648666087601872
2011-10-13,0.0453899744097963,0.0453899744097963,0.5369719614140052,0.5369719614140052
2011-10-14,0.0453899744097963,0.0453899744097963,0.5369719614140052,0.5369719614140052
2011-10-15,0.03631197952783704,0.03631197952783704,0.5411561585159324,0.5411561585159324
2011-10-16,0.042796261586379364,0.042796261586379364,0.5369719614140052,0.5369719614140052
2011-10-17,0.04409311799808782,0.04409311799808782,0.5369719614140052,0.5369719614140052
2011-10-18,0.042796261586379364,0.042796261586379364,0.5369719614140052,0.5369719614140052
2011-10-19,0.042796261586379364,0.042796261586379364,0.5369719614140052,0.5369719614140052
2011-10-20,0.042796261586379364,0.042796261586379364,0.49234052566011377,0.49234052566011377
2011-10-21,0.042796261586379364,0.042796261586379364,0.49234052566011377,0.49234052566011377
2011-10-22,0.042796261586379364,0.042796261586379364,0.46026168121200445,0.46026168121200445
2011-10-23,0.042796261586379364,0.042796261586379364,0.4560774841100771,0.4560774841100771
2011-10-24,0.04928054364492169,0.04928054364492169,0.4644458783139317,0.4644458783139317
2011-10-25,0.04928054364492169,0.04928054364492169,0.4560774841100771,0.4560774841100771
2011-10-26,0.03371826670442011,0.03371826670442011,0.25523602321756605,0.25523602321756605
2011-10-27,0.03242141029271164,0.03242141029271164,0.3291568386849486,0.3291568386849486
2011-10-28,0.03371826670442011,0.03371826670442011,0.3291568386849486,0.3291568386849486
2011-10-29,0.03371826670442011,0.03371826670442011,0.3249726415830213,0.3249726415830213
2011-10-30,0.03371826670442011,0.03371826670442011,0.08368394203854625,0.08368394203854625
2011-10-31,0.012968564117084656,0.012968564117084656,0.08089447730392804,0.08089447730392804
2011-11-01,0.012968564117084656,0.012968564117084656,0.08089447730392804,0.08089447730392804
2011-11-02,0.012968564117084656,0.012968564117084656,0.08089447730392804,0.08089447730392804
2011-11-03,0.012968564117084656,0.012968564117084656,0.07252608310007341,0.07252608310007341
2011-11-04,0.012968564117084656,0.012968564117084656,0.05578929469236416,0.05578929469236416
2011-11-05,0.012968564117084656,0.012968564117084656,0.04463143575389134,0.04463143575389134
2011-11-06,0.010374851293667725,0.010374851293667725,0.061368224161600586,0.061368224161600586
2011-11-07,0.00907799488195926,0.00907799488195926,0.061368224161600586,0.061368224161600586
2011-11-08,0.00907799488195926,0.00907799488195926,0.061368224161600586,0.061368224161600586
2011-11-09,0.00907799488195926,0.00907799488195926,0.061368224161600586,0.061368224161600586
2011-11-10,0.00907799488195926,0.00907799488195926,0.061368224161600586,0.061368224161600586
2011-11-11,0.00907799488195926,0.00907799488195926,0.061368224161600586,0.061368224161600586
2011-11-12,0.012968564117084656,0.012968564117084656,0.061368224161600586,0.061368224161600586
2011-11-13,0.01815598976391852,0.01815598976391852,0.06973661836545522,0.06973661836545522
2011-11-14,0.01815598976391852,0.01815598976391852,0.06973661836545522,0.06973661836545522
2011-11-15,0.01815598976391852,0.01815598976391852,0.06973661836545522,0.06973661836545522
2011-11-16,0.01815598976391852,0.01815598976391852,0.06973661836545522,0.06973661836545522
2011-11-17,0.01815598976391852,0.01815598976391852,0.06973661836545522,0.06973661836545522
2011-11-18,0.01815598976391852,0.01815598976391852,0.06973661836545522,0.06973661836545522
2011-11-19,0.01815598976391852,0.01815598976391852,0.06973661836545522,0.06973661836545522
2011-11-20,0.01815598976391852,0.01815598976391852,0.061368224161600586,0.061368224161600586
2011-11-21,0.01815598976391852,0.01815598976391852,0.061368224161600586,0.061368224161600586
2011-11-22,0.01815598976391852,0.01815598976391852,0.061368224161600586,0.061368224161600586
2011-11-23,0.01815598976391852,0.01815598976391852,0.061368224161600586,0.061368224161600586
2011-11-24,0.01815598976391852,0.01815598976391852,0.061368224161600586,0.061368224161600586
2011-11-25,0.01815598976391852,0.01815598976391852,0.061368224161600586,0.061368224161600586
2011-11-26,0.01815598976391852,0.01815598976391852,0.061368224161600586,0.061368224161600586
2011-11-27,0.01815598976391852,0.01815598976391852,0.061368224161600586,0.061368224161600586
2011-11-28,0.01815598976391852,0.01815598976391852,0.061368224161600586,0.061368224161600586
2011-11-29,0.01815598976391852,0.01815598976391852,0.061368224161600586,0.061368224161600586
2011-11-30,0.01815598976391852,0.01815598976391852,0.061368224161600586,0.061368224161600586
2011-12-01,0.01815598976391852,0.01815598976391852,0.061368224161600586,0.061368224161600586
2011-12-02,0.01815598976391852,0.01815598976391852,0.05857875942698238,0.05857875942698238
2011-12-03,0.01815598976391852,0.01815598976391852,0.05857875942698238,0.05857875942698238
2011-12-04,0.015562276940501586,0.015562276940501586,0.061368224161600586,0.061368224161600586
2011-12-05,0.015562276940501586,0.015562276940501586,0.061368224161600586,0.061368224161600586
2011-12-06,0.01815598976391852,0.01815598976391852,0.061368224161600586,0.061368224161600586
2011-12-07,0.01815598976391852,0.01815598976391852,0.061368224161600586,0.061368224161600586
2011-12-08,0.01815598976391852,0.01815598976391852,0.061368224161600586,0.061368224161600586
2011-12-09,0.01815598976391852,0.01815598976391852,0.061368224161600586,0.061368224161600586
2011-12-10,0.01815598976391852,0.01815598976391852,0.061368224161600586,0.061368224161600586
2011-12-11,0.01426542052879312,0.01426542052879312,0.061368224161600586,0.061368224161600586
2011-12-12,0.01167170770537619,0.01167170770537619,0.06973661836545522,0.06973661836545522
2011-12-13,0.010374851293667725,0.010374851293667725,0.06973661836545522,0.06973661836545522
2011-12-14,0.00907799488195926,0.00907799488195926,0.05857875942698238,0.05857875942698238
2011-12-15,0.00907799488195926,0.00907799488195926,0.05857875942698238,0.05857875942698238
2011-12-16,0.00907799488195926,0.00907799488195926,0.061368224161600586,0.061368224161600586
2011-12-17,0.00907799488195926,0.00907799488195926,0.061368224161600586,0.061368224161600586
2011-12-18,0.007781138470250793,0.007781138470250793,0.05857875942698238,0.05857875942698238
2011-12-19,0.00907799488195926,0.00907799488195926,0.061368224161600586,0.061368224161600586
2011-12-20,0.00907799488195926,0.00907799488195926,0.061368224161600586,0.061368224161600586
2011-12-21,0.00907799488195926,0.00907799488195926,0.05857875942698238,0.05857875942698238
2011-12-22,0.007781138470250793,0.007781138470250793,0.05857875942698238,0.05857875942698238
2011-12-23,0.006484282058542328,0.006484282058542328,0.05299982995774596,0.05299982995774596
2011-12-24,0.006484282058542328,0.006484282058542328,0.05299982995774596,0.05299982995774596
2011-12-25,0.006484282058542328,0.006484282058542328,0.05299982995774596,0.05299982995774596
2011-12-26,0.006484282058542328,0.006484282058542328,0.05299982995774596,0.05299982995774596
2011-12-27,0.007781138470250793,0.007781138470250793,0.05299982995774596,0.05299982995774596
2011-12-28,0.007781138470250793,0.007781138470250793,0.04742090048850955,0.04742090048850955
2011-12-29,0.007781138470250793,0.007781138470250793,0.04742090048850955,0.04742090048850955
2011-12-30,0.007781138470250793,0.007781138470250793,0.05299982995774596,0.05299982995774596
2011-12-31,0.007781138470250793,0.007781138470250793,0.05299982995774596,0.05299982995774596
2012-01-01,0.007781138470250793,0.007781138470250793,0.04742090048850955,0.04742090048850955
2012-01-02,0.007781138470250793,0.007781138470250793,0.04742090048850955,0.04742090048850955
2012-01-03,0.007781138470250793,0.007781138470250793,0.04742090048850955,0.04742090048850955
2012-01-04,0.007781138470250793,0.007781138470250793,0.05299982995774596,0.05299982995774596
2012-01-05,0.007781138470250793,0.007781138470250793,0.05299982995774596,0.05299982995774596
2012-01-06,0.007781138470250793,0.007781138470250793,0.05299982995774596,0.05299982995774596
2012-01-07,0.007781138470250793,0.007781138470250793,0.05299982995774596,0.05299982995774596
2012-01-08,0.007781138470250793,0.007781138470250793,0.05299982995774596,0.05299982995774596
2012-01-09,0.007781138470250793,0.007781138470250793,0.05299982995774596,0.05299982995774596
2012-01-10,0.007781138470250793,0.007781138470250793,0.05299982995774596,0.05299982995774596
2012-01-11,0.007781138470250793,0.007781138470250793,0.05299982995774596,0.05299982995774596
2012-01-12,0.007781138470250793,0.007781138470250793,0.05578929469236416,0.05578929469236416
2012-01-13,0.007781138470250793,0.007781138470250793,0.05578929469236416,0.05578929469236416
2012-01-14,0.007781138470250793,0.007781138470250793,0.05578929469236416,0.05578929469236416
2012-01-15,0.007781138470250793,0.007781138470250793,0.05578929469236416,0.05578929469236416
2012-01-16,0.007781138470250793,0.007781138470250793,0.05578929469236416,0.05578929469236416
2012-01-17,0.007781138470250793,0.007781138470250793,0.05578929469236416,0.05578929469236416
2012-01-18,0.007781138470250793,0.007781138470250793,0.05578929469236416,0.05578929469236416
2012-01-19,0.007781138470250793,0.007781138470250793,0.05578929469236416,0.05578929469236416
2012-01-20,0.007781138470250793,0.007781138470250793,0.05578929469236416,0.05578929469236416
2012-01-21,0.007781138470250793,0.007781138470250793,0.061368224161600586,0.061368224161600586
2012-01-22,0.007781138470250793,0.007781138470250793,0.05578929469236416,0.05578929469236416
2012-01-23,0.007781138470250793,0.007781138470250793,0.05578929469236416,0.05578929469236416
2012-01-24,0.007781138470250793,0.007781138470250793,0.05578929469236416,0.05578929469236416
2012-01-25,0.007781138470250793,0.007781138470250793,0.05299982995774596,0.05299982995774596
2012-01-26,0.007781138470250793,0.007781138470250793,0.05578929469236416,0.05578929469236416
2012-01-27,0.007781138470250793,0.007781138470250793,0.05578929469236416,0.05578929469236416
2012-01-28,0.007781138470250793,0.007781138470250793,0.05299982995774596,0.05299982995774596
2012-01-29,0.007781138470250793,0.007781138470250793,0.05578929469236416,0.05578929469236416
2012-01-30,0.007781138470250793,0.007781138470250793,0.05578929469236416,0.05578929469236416
2012-01-31,0.007781138470250793,0.007781138470250793,0.05578929469236416,0.05578929469236416
2012-02-01,0.007781138470250793,0.007781138470250793,0.05578929469236416,0.05578929469236416
2012-02-02,0.010374851293667725,0.010374851293667725,0.05578929469236416,0.05578929469236416
2012-02-03,0.010374851293667725,0.010374851293667725,0.061368224161600586,0.061368224161600586
2012-02-04,0.010374851293667725,0.010374851293667725,0.061368224161600586,0.061368224161600586
2012-02-05,0.010374851293667725,0.010374851293667725,0.05578929469236416,0.05578929469236416
2012-02-06,0.010374851293667725,0.010374851293667725,0.05578929469236416,0.05578929469236416
2012-02-07,0.010374851293667725,0.010374851293667725,0.05578929469236416,0.05578929469236416
2012-02-08,0.007781138470250793,0.007781138470250793,0.05578929469236416,0.05578929469236416
2012-02-09,0.007781138470250793,0.007781138470250793,0.05578929469236416,0.05578929469236416
2012-02-10,0.007781138470250793,0.007781138470250793,0.05578929469236416,0.05578929469236416
2012-02-11,0.010374851293667725,0.010374851293667725,0.05578929469236416,0.05578929469236416
2012-02-12,0.010374851293667725,0.010374851293667725,0.05578929469236416,0.05578929469236416
2012-02-13,0.007781138470250793,0.007781138470250793,0.05578929469236416,0.05578929469236416
2012-02-14,0.007781138470250793,0.007781138470250793,0.05578929469236416,0.05578929469236416
2012-02-15,0.007781138470250793,0.007781138470250793,0.05578929469236416,0.05578929469236416
2012-02-16,0.007781138470250793,0.007781138470250793,0.05578929469236416,0.05578929469236416
2012-02-17,0.0,0.0,0.05578929469236416,0.05578929469236416
2012-02-18,0.0,0.0,0.05578929469236416,0.05578929469236416
2012-02-19,0.0,0.0,0.05578929469236416,0.05578929469236416
2012-02-20,0.0,0.0,0.061368224161600586,0.061368224161600586
2012-02-21,0.0,0.0,0.05578929469236416,0.05578929469236416
2012-02-22,0.0,0.0,0.061368224161600586,0.061368224161600586
2012-02-23,0.0,0.0,0.05578929469236416,0.05578929469236416
2012-02-24,0.0,0.0,0.05578929469236416,0.05578929469236416
2012-02-25,0.0,0.0,0.05578929469236416,0.05578929469236416
2012-02-26,0.0,0.0,0.061368224161600586,0.061368224161600586
2012-02-27,0.0,0.0,0.061368224161600586,0.061368224161600586
2012-02-28,0.0,0.0,0.061368224161600586,0.061368224161600586
2012-02-29,0.0,0.0,0.061368224161600586,0.061368224161600586
2012-03-01,0.0,0.0,0.061368224161600586,0.061368224161600586
2012-03-02,0.0,0.0,0.061368224161600586,0.061368224161600586
2012-03-03,0.0,0.0,0.061368224161600586,0.061368224161600586
2012-03-04,0.0,0.0,0.061368224161600586,0.061368224161600586
2012-03-05,0.0,0.0,0.061368224161600586,0.061368224161600586
2012-03-06,0.0,0.0,0.061368224161600586,0.061368224161600586
2012-03-07,0.0038905692351253966,0.0038905692351253966,0.6499452831660426,0.6499452831660426
2012-03-08,0.005187425646833862,0.005187425646833862,0.6527347479006609,0.6527347479006609
2012-03-09,0.005187425646833862,0.005187425646833862,0.6527347479006609,0.6527347479006609
2012-03-10,0.01426542052879312,0.01426542052879312,0.6527347479006609,0.6527347479006609
2012-03-11,0.012968564117084656,0.012968564117084656,0.655524212635279,0.655524212635279
2012-03-12,0.012968564117084656,0.012968564117084656,0.6611031421045154,0.6611031421045154
2012-03-13,0.012968564117084656,0.012968564117084656,0.5258141024755323,0.5258141024755323
2012-03-14,0.01426542052879312,0.01426542052879312,0.454682751742768,0.454682751742768
2012-03-15,0.005187425646833862,0.005187425646833862,0.454682751742768,0.454682751742768
2012-03-16,0.006484282058542328,0.006484282058542328,0.454682751742768,0.454682751742768
2012-03-17,0.006484282058542328,0.006484282058542328,0.454682751742768,0.454682751742768
2012-03-18,0.012968564117084656,0.012968564117084656,0.454682751742768,0.454682751742768
2012-03-19,0.012968564117084656,0.012968564117084656,0.6053138474121512,0.6053138474121512
2012-03-20,0.012968564117084656,0.012968564117084656,1.3054694958013218,1.3054694958013218
2012-03-21,0.012968564117084656,0.012968564117084656,1.3863639731052495,1.3863639731052495
2012-03-22,0.012968564117084656,0.012968564117084656,1.4379690706956867,1.4379690706956867
2012-03-23,0.012968564117084656,0.012968564117084656,1.6276526726497247,1.6276526726497247
2012-03-24,0.04668683082150476,0.04668683082150476,1.6890208968113254,1.6890208968113254
2012-03-25,0.06484282058542327,0.06484282058542327,1.7559680504421622,1.7559680504421622
2012-03-26,0.062249107762006345,0.062249107762006345,1.7559680504421622,1.7559680504421622
2012-03-27,0.06354596417371482,0.06354596417371482,1.7559680504421622,1.7559680504421622
2012-03-28,0.06873338982054866,0.06873338982054866,1.7559680504421622,1.7559680504421622
2012-03-29,0.07003024623225713,0.07003024623225713,1.7559680504421622,1.7559680504421622
2012-03-30,0.07651452829079947,0.07651452829079947,1.6151000813439425,1.6151000813439425
2012-03-31,0.08170195393763333,0.08170195393763333,1.6234684755477973,1.6234684755477973
2012-04-01,0.04853948282711522,0.04853948282711522,1.260041070083404,1.260041070083404
2012-04-02,0.053726908473949085,0.053726908473949085,1.3875594579118158,1.3875594579118158
2012-04-03,0.06113751654826521,0.06113751654826521,1.484792228780913,1.484792228780913
2012-04-04,0.06484282058542327,0.06484282058542327,1.6322353645941918,1.6322353645941918
2012-04-05,0.07521767187909101,0.07521767187909101,1.722693721187487,1.722693721187487
2012-04-06,0.07744085430657327,0.07744085430657327,1.7079494075503696,1.7079494075503696
2012-04-07,0.08003456712999019,0.08003456712999019,1.7936258243595082,1.7936258243595082
2012-04-08,0.07707032388470147,0.07707032388470147,1.8836856858313167,1.8836856858313167
2012-04-09,0.07003024623225713,0.07003024623225713,1.7390320144737097,1.7390320144737097
2012-04-10,0.08262827995340713,0.08262827995340713,1.7350470649325256,1.7350470649325256
2012-04-11,0.07114183744599828,0.07114183744599828,1.6402052639555067,1.6402052639555067
2012-04-12,0.07484714148315633,0.07484714148315633,1.5541303520248821,1.5541303520248821
2012-04-13,0.06780706380477489,0.06780706380477489,1.6513631228939796,1.6513631228939796
2012-04-14,0.07299448945160873,0.07299448945160873,1.7884453897328116,1.7884453897328116
2012-04-15,0.08818623599617564,0.08818623599617564,2.0275423672248976,2.0275423672248976
2012-04-16,0.09596737446642645,0.09596737446642645,2.178173462894281,2.178173462894281
2012-04-17,0.10004320889951919,0.10004320889951919,2.3236241239369675,2.3236241239369675
2012-04-18,0.10004320889951919,0.10004320889951919,2.4619018758613125,2.4619018758613125
2012-04-19,0.10597169536415953,0.10597169536415953,2.3475338217419655,2.3475338217419655
2012-04-20,0.10374851293667725,0.10374851293667725,2.2240003834547384,2.2240003834547384
2012-04-21,0.09559684407049181,0.09559684407049181,2.289752052279009,2.289752052279009
2012-04-22,0.09300313124707485,0.09300313124707485,2.4308192686590253,2.4308192686590253
2012-04-23,0.09744949607610225,0.09744949607610225,2.4738567247638112,2.4738567247638112
2012-04-24,0.10560116494228772,0.10560116494228772,2.4937814727486787,2.4937814727486787
2012-04-25,0.10819487776570463,0.10819487776570463,2.6308637395875105,2.6308637395875105
2012-04-26,0.11227071222473452,0.11227071222473452,2.6073525369039987,2.6073525369039987
2012-04-27,0.11264124262066916,0.11264124262066916,2.69900637830386,2.69900637830386
2012-04-28,0.11264124262066916,0.11264124262066916,2.342353387115269,2.342353387115269
2012-04-29,0.11301177301660384,0.11301177301660384,2.9225620527526956,2.9225620527526956
2012-04-30,0.11412336423034496,0.11412336423034496,3.0150128835586902,3.0150128835586902
2012-05-01,0.1167170770537619,0.1167170770537619,3.0070429839184283,3.0070429839184283
2012-05-02,0.10367070155197473,0.10367070155197473,3.08714047209517,3.08714047209517
2012-05-03,0.1274624587433643,0.1274624587433643,3.1349598671472734,3.1349598671472734
2012-05-04,0.12598033713368853,0.12598033713368853,3.1489071908203643,3.1489071908203643
2012-05-05,0.12523927634181917,0.12523927634181917,3.194335615701442,3.194335615701442
2012-05-06,0.12486874591994737,0.12486874591994737,3.3864101878265047,3.3864101878265047
2012-05-07,0.12709192834742963,0.12709192834742963,3.4449889472534876,3.4449889472534876
2012-05-08,0.12635086752962316,0.12635086752962316,3.5286728892920336,3.5286728892920336
2012-05-09,0.12635086752962316,0.12635086752962316,3.615943285192386,3.615943285192386
2012-05-10,0.1289445803530401,0.1289445803530401,3.676116025663205,3.676116025663205
2012-05-11,0.13116776278052233,0.13116776278052233,3.70241669196555,3.70241669196555
2012-05-12,0.13709624924516267,0.13709624924516267,3.7458526440286604,3.7458526440286604
2012-05-13,0.13968996206857962,0.13968996206857962,3.8056268871464236,3.8056268871464236
2012-05-14,0.14191314447012474,0.14191314447012474,3.86540113305365,3.86540113305365
2012-05-15,0.14524791811134816,0.14524791811134816,3.757408997530727,3.757408997530727
2012-05-16,0.14673003972102394,0.14673003972102394,3.8020404332846183,3.8020404332846183
2012-05-17,0.14561844850728278,0.14561844850728278,3.8247546457251573,3.8247546457251573
2012-05-18,0.14376579650167234,0.14376579650167234,3.7972584929425683,3.7972584929425683
2012-05-19,0.14710057011695862,0.14710057011695862,3.8418899286964603,3.8418899286964603
2012-05-20,0.14747110053883042,0.14747110053883042,3.802837422411805,3.802837422411805
2012-05-21,0.14821216133069975,0.14821216133069975,3.8359789218189615,3.8359789218189615
2012-05-22,0.15043534375818202,0.15043534375818202,3.774610697657361,3.774610697657361
2012-05-23,0.15043534375818202,0.15043534375818202,3.755084444515033,3.755084444515033
2012-05-24,0.14969428294037554,0.14969428294037554,3.7466496331558474,3.7466496331558474
2012-05-25,0.1537701173994054,0.1537701173994054,3.7665743808617687,3.7665743808617687
2012-05-26,0.1537701173994054,0.1537701173994054,3.794867522771543,3.794867522771543
2012-05-27,0.1537701173994054,0.1537701173994054,3.7621909378727763,3.7621909378727763
2012-05-28,0.15525223900908122,0.15525223900908122,3.836709493790817,3.836709493790817
2012-05-29,0.15636383022282235,0.15636383022282235,3.8331230399290117,3.8331230399290117
2012-05-30,0.16340390787526665,0.16340390787526665,3.787694615047934,3.787694615047934
2012-05-31,0.16451549908900778,0.16451549908900778,3.7984539794228134,3.7984539794228134
2012-06-01,0.16822080312616586,0.16822080312616586,3.8745665163846916,3.8745665163846916
2012-06-02,0.16673868151649007,0.16673868151649007,3.934739256855512,3.934739256855512
2012-06-03,0.1685913335221005,0.1685913335221005,3.9443031347501463,3.9443031347501463
2012-06-04,0.1489532221485062,0.1489532221485062,4.022408147319457,4.022408147319457
2012-06-05,0.16488602948494246,0.16488602948494246,4.05946817799668,4.05946817799668
2012-06-06,0.17414928956486905,0.17414928956486905,3.9658218634999054,3.9658218634999054
2012-06-07,0.17489035038267553,0.17489035038267553,3.974987246830947,3.974987246830947
2012-06-08,0.17414928956486905,0.17414928956486905,3.9203934358293635,3.9203934358293635
2012-06-09,0.17340822877299972,0.17340822877299972,3.902461163730874,3.902461163730874
2012-06-10,0.17377875916893437,0.17377875916893437,3.973393265787109,3.973393265787109
2012-06-11,0.17007345513177632,0.17007345513177632,4.078994431139008,4.078994431139008
2012-06-12,0.1763724719923513,0.1763724719923513,4.192963990694761,4.192963990694761
2012-06-13,0.17377875916893437,0.17377875916893437,4.232016496979416,4.232016496979416
2012-06-14,0.17414928956486905,0.17414928956486905,4.246362315216101,4.246362315216101
2012-06-15,0.17785459360202713,0.17785459360202713,4.271467497827664,4.271467497827664
2012-06-16,0.18081883682137867,0.18081883682137867,4.304542580079489,4.304542580079489
2012-06-17,0.17785459360202713,0.17785459360202713,4.261505125369436,4.261505125369436
2012-06-18,0.17489035038267553,0.17489035038267553,4.364316825986716,4.364316825986716
2012-06-19,0.17340822877299972,0.17340822877299972,4.376271674052376,4.376271674052376
2012-06-20,0.17711353281015776,0.17711353281015776,4.292986226577423,4.292986226577423
2012-06-21,0.18044830642544402,0.18044830642544402,4.244369842398133,4.244369842398133
2012-06-22,0.18007777602950936,0.18007777602950936,4.197347436473217,4.197347436473217
2012-06-23,0.17563141117454487,0.17563141117454487,4.213685730317334,4.213685730317334
2012-06-24,0.1811893672432505,0.1811893672432505,4.245565326088914,4.245565326088914
2012-06-25,0.18081883682137867,0.18081883682137867,4.268279538529453,4.268279538529453
2012-06-26,0.18044830642544402,0.18044830642544402,4.25114425555815,4.25114425555815
2012-06-27,0.1811893672432505,0.1811893672432505,4.222851113648375,4.222851113648375
2012-06-28,0.18526520167634325,0.18526520167634325,4.3196853902328245,4.3196853902328245
2012-06-29,0.1845241408585368,0.1845241408585368,4.3491740158333805,4.3491740158333805
2012-06-30,0.18600626246821259,0.18600626246821259,4.514150929739448,4.514150929739448
2012-07-01,0.1878589144997602,0.1878589144997602,4.536865142179987,4.536865142179987
2012-07-02,0.1834125496447956,0.1834125496447956,4.420504615242674,4.420504615242674
2012-07-03,0.1841536104626021,0.1841536104626021,4.4440158168104,4.4440158168104
2012-07-04,0.18044830642544402,0.18044830642544402,4.455572170312466,4.455572170312466
2012-07-05,0.18193042803511986,0.18193042803511986,4.562767316708203,4.562767316708203
2012-07-06,0.18674732328601903,0.18674732328601903,4.60978972263312,4.60978972263312
2012-07-07,0.18711785368195374,0.18711785368195374,4.5683462461774385,4.5683462461774385
2012-07-08,0.18600626246821259,0.18600626246821259,4.488248758000697,4.488248758000697
2012-07-09,0.1841536104626021,0.1841536104626021,4.487451768873511,4.487451768873511
2012-07-10,0.18526520167634325,0.18526520167634325,4.410143745431387,4.410143745431387
2012-07-11,0.18600626246821259,0.18600626246821259,4.400579867536753,4.400579867536753
2012-07-12,0.18526520167634325,0.18526520167634325,4.419309128762429,4.419309128762429
2012-07-13,0.18378308006666744,0.18378308006666744,4.52092534568893,4.52092534568893
2012-07-14,0.18193042803511986,0.18193042803511986,4.51016598131405,4.51016598131405
2012-07-15,0.17896618481576823,0.17896618481576823,4.530489223583564,4.530489223583564
2012-07-16,0.17748406320609247,0.17748406320609247,4.59544390160697,4.59544390160697
2012-07-17,0.17711353281015776,0.17711353281015776,4.596240893523621,4.596240893523621
2012-07-18,0.17822512399796178,0.17822512399796178,4.584684540021556,4.584684540021556
2012-07-19,0.1811893672432505,0.1811893672432505,4.481474344840681,4.481474344840681
2012-07-20,0.17859565441983352,0.17859565441983352,4.431263979617554,4.431263979617554
2012-07-21,0.18081883682137867,0.18081883682137867,4.363519834070065,4.363519834070065
2012-07-22,0.17896618481576823,0.17896618481576823,4.291392245533585,4.291392245533585
2012-07-23,0.1834125496447956,0.1834125496447956,4.365047397958572,4.365047397958572
2012-07-24,0.1815598976391852,0.1815598976391852,4.3021516099084645,4.3021516099084645
2012-07-25,0.1848946712804086,0.1848946712804086,4.288602780798966,4.288602780798966
2012-07-26,0.1848946712804086,0.1848946712804086,4.420106120679081,4.420106120679081
2012-07-27,0.1845241408585368,0.1845241408585368,4.43206096874474,4.43206096874474
2012-07-28,0.18267148885292633,0.18267148885292633,4.400978362100346,4.400978362100346
2012-07-29,0.18081883682137867,0.18081883682137867,4.397790402802135,4.397790402802135
2012-07-30,0.17711353281015776,0.17711353281015776,4.310918498675913,4.310918498675913
2012-07-31,0.17748406320609247,0.17748406320609247,4.248354790823531,4.248354790823531
2012-08-01,0.16970292473584167,0.16970292473584167,4.149926535984707,4.149926535984707
2012-08-02,0.17118504634551746,0.17118504634551746,4.0957312195467175,4.0957312195467175
2012-08-03,0.16933239433990702,0.16933239433990702,4.095332724983123,4.095332724983123
2012-08-04,0.16785027270429403,0.16785027270429403,4.083776371481057,4.083776371481057
2012-08-05,0.16488602948494246,0.16488602948494246,4.112866502518019,4.112866502518019
2012-08-06,0.16562709030274894,0.16562709030274894,4.115257472689045,4.115257472689045
2012-08-07,0.15747542141062632,0.15747542141062632,4.050701289229233,4.050701289229233
2012-08-08,0.15858701262436747,0.15858701262436747,3.9984984483986725,3.9984984483986725
2012-08-09,0.15858701262436747,0.15858701262436747,3.7996494631135933,3.7996494631135933
2012-08-10,0.1519174653678578,0.1519174653678578,3.803634414328457,3.803634414328457
2012-08-11,0.15117640457598847,0.15117640457598847,3.7127775617768353,3.7127775617768353
2012-08-12,0.1533995869775336,0.1533995869775336,3.660176226382683,3.660176226382683
2012-08-13,0.14969428294037554,0.14969428294037554,3.680897966005255,3.680897966005255
2012-08-14,0.15228799576379246,0.15228799576379246,3.641048467803949,3.641048467803949
2012-08-15,0.1489532221485062,0.1489532221485062,3.661637375905323,3.661637375905323
2012-08-16,0.1463595093250893,0.1463595093250893,3.5872516487190165,3.5872516487190165
2012-08-17,0.13857837085483848,0.13857837085483848,3.5581615176820547,3.5581615176820547
2012-08-18,0.13931943164670782,0.13931943164670782,3.5816727192497795,3.5816727192497795
2012-08-19,0.13894890125077314,0.13894890125077314,3.555372052947436,3.555372052947436
2012-08-20,0.13635518842735622,0.13635518842735622,3.4852369372289216,3.4852369372289216
2012-08-21,0.14154261407419008,0.14154261407419008,3.3744553397608454,3.3744553397608454
2012-08-22,0.13450253642174576,0.13450253642174576,3.329425409443361,3.329425409443361
2012-08-23,0.11819919866343771,0.11819919866343771,3.1732153843047413,3.1732153843047413
2012-08-24,0.11745813787156836,0.11745813787156836,3.1361553508380533,3.1361553508380533
2012-08-25,0.1167170770537619,0.1167170770537619,2.97954683113584,2.97954683113584
2012-08-26,0.11449389462627964,0.11449389462627964,2.936509376425787,2.936509376425787
2012-08-27,0.11708760744969654,0.11708760744969654,2.8978553647047254,2.8978553647047254
2012-08-28,0.11708760744969654,0.11708760744969654,2.882314059987796,2.882314059987796
2012-08-29,0.11375283383441032,0.11375283383441032,2.8855020192860077,2.8855020192860077
2012-08-30,0.11560548584002077,0.11560548584002077,2.8269232598590253,2.8269232598590253
2012-08-31,0.11560548584002077,0.11560548584002077,2.811381957931561,2.811381957931561
2012-09-01,0.11560548584002077,0.11560548584002077,2.728893500420634,2.728893500420634
2012-09-02,0.1167170770537619,0.1167170770537619,2.700600357952966,2.700600357952966
2012-09-03,0.11894025948124416,0.11894025948124416,2.6388336389488245,2.6388336389488245
2012-09-04,0.11894025948124416,0.11894025948124416,2.642021598525983,2.642021598525983
2012-09-05,0.11486442504815143,0.11486442504815143,2.60017962750671,2.60017962750671
2012-09-06,0.1089359385835111,0.1089359385835111,2.5858338089910795,2.5858338089910795
2012-09-07,0.10634222576009418,0.10634222576009418,2.5324354841907937,2.5324354841907937
2012-09-08,0.1026369217229361,0.1026369217229361,1.8358662902213212,1.8358662902213212
2012-09-09,0.10041373929545386,0.10041373929545386,2.44396960236809,2.44396960236809
2012-09-10,0.10078426971732564,0.10078426971732564,2.45592445127059,2.45592445127059
2012-09-11,0.10152533050919497,0.10152533050919497,2.435999703285722,2.435999703285722
2012-09-12,0.1041190433326119,0.1041190433326119,2.396548701879581,2.396548701879581
2012-09-13,0.10560116494228772,0.10560116494228772,2.3694510444974246,2.3694510444974246
2012-09-14,0.10560116494228772,0.10560116494228772,2.33000004337023,2.33000004337023
2012-09-15,0.10671275615602883,0.10671275615602883,2.230774797730541,2.230774797730541
2012-09-16,0.10671275615602883,0.10671275615602883,2.181759917313979,2.181759917313979
2012-09-17,0.10597169536415953,0.10597169536415953,2.219218443949528,2.219218443949528
2012-09-18,0.10337798254074258,0.10337798254074258,2.2196169387920675,2.2196169387920675
2012-09-19,0.1041190433326119,0.1041190433326119,2.1590457045944933,2.1590457045944933
2012-09-20,0.10300745211887077,0.10300745211887077,2.0841286516023416,2.0841286516023416
2012-09-21,0.10189586093106678,0.10189586093106678,2.0793467120971316,2.0793467120971316
2012-09-22,0.10226639132700142,0.10226639132700142,2.0701813279292507,2.0701813279292507
2012-09-23,0.10078426971732564,0.10078426971732564,2.072572297821329,2.072572297821329
2012-09-24,0.10041373929545386,0.10041373929545386,2.0713768130147625,2.0713768130147625
2012-09-25,0.09115047921552726,0.09115047921552726,2.0992714603609453,2.0992714603609453
2012-09-26,0.09930214810764984,0.09930214810764984,2.0769557424839995,2.0769557424839995
2012-09-27,0.10041373929545386,0.10041373929545386,2.0458731352817128,2.0458731352817128
2012-09-28,0.1026369217229361,0.1026369217229361,2.0247529024902797,2.0247529024902797
2012-09-29,0.1026369217229361,0.1026369217229361,1.8820917059032647,1.8820917059032647
2012-09-30,0.06928918541445069,0.06928918541445069,1.807573148032599,1.807573148032599
