node,Lake McSwain,Lake McSwain,Lake McClure,Lake McClure
IFRs,Baseline,natural_flow,Baseline,natural_flow
Date,,,,
1990-10-01,116.51014722286004,116.51014722286004,0.0,0.0
1990-10-02,106.51708969960536,106.51708969960536,0.0,0.0
1990-10-03,96.53133506878498,96.53133506878498,0.0,0.0
1990-10-04,86.5432538751,86.5432538751,0.0,0.0
1990-10-05,76.55766398207625,76.55766398207625,0.0,0.0
1990-10-06,66.57643217110339,66.57643217110339,0.0,0.0
1990-10-07,56.59476720056613,56.59476720056613,0.0,0.0
1990-10-08,46.606764001849335,46.606764001849335,0.0,0.0
1990-10-09,36.62206011814603,36.62206011814603,0.0,0.0
1990-10-10,26.638051429395624,26.638051429395624,0.0,0.0
1990-10-11,16.656579449839334,16.656579449839334,0.0,0.0
1990-10-12,9.8,9.8,0.0,0.0
1990-10-13,9.8,9.8,0.0,0.0
1990-10-14,9.8,9.8,0.0,0.0
1990-10-15,9.8,9.8,0.0,0.0
1990-10-16,9.8,9.8,0.0,0.0
1990-10-17,9.8,9.8,0.0,0.0
1990-10-18,9.8,9.8,0.0,0.0
1990-10-19,9.8,9.8,0.0,0.0
1990-10-20,9.8,9.8,0.0,0.0
1990-10-21,9.8,9.8,0.0,0.0
1990-10-22,9.8,9.8,0.0,0.0
1990-10-23,9.8,9.8,0.0,0.0
1990-10-24,9.8,9.8,0.0,0.0
1990-10-25,9.8,9.8,0.0,0.0
1990-10-26,9.8,9.8,0.0,0.0
1990-10-27,9.8,9.8,0.0,0.0
1990-10-28,9.8,9.8,0.0,0.0
1990-10-29,9.8,9.8,0.0,0.0
1990-10-30,9.8,9.8,0.0,0.0
1990-10-31,9.8,9.8,0.0,0.0
1990-11-01,9.8,9.8,0.0,0.0
1990-11-02,9.8,9.8,0.0,0.0
1990-11-03,9.8,9.8,0.0,0.0
1990-11-04,9.8,9.8,0.0,0.0
1990-11-05,9.8,9.8,0.0,0.0
1990-11-06,9.8,9.8,0.0,0.0
1990-11-07,9.8,9.8,0.0,0.0
1990-11-08,9.8,9.8,0.0,0.0
1990-11-09,9.8,9.8,0.0,0.0
1990-11-10,9.8,9.8,0.0,0.0
1990-11-11,9.8,9.8,0.0,0.0
1990-11-12,9.8,9.8,0.0,0.0
1990-11-13,9.8,9.8,0.0,0.0
1990-11-14,9.8,9.8,0.0,0.0
1990-11-15,9.8,9.8,0.0,0.0
1990-11-16,9.8,9.8,0.0,0.0
1990-11-17,9.8,9.8,0.0,0.0
1990-11-18,9.8,9.8,0.0,0.0
1990-11-19,9.8,9.8,0.0,0.0
1990-11-20,9.8,9.8,0.0,0.0
1990-11-21,9.8,9.8,0.0,0.0
1990-11-22,9.8,9.8,0.0,0.0
1990-11-23,9.8,9.8,0.0,0.0
1990-11-24,9.8,9.8,0.0,0.0
1990-11-25,9.8,9.8,0.0,0.0
1990-11-26,9.8,9.8,0.0,0.0
1990-11-27,9.8,9.8,0.0,0.0
1990-11-28,9.8,9.8,0.0,0.0
1990-11-29,9.8,9.8,0.0,0.0
1990-11-30,9.8,9.8,0.0,0.0
1990-12-01,9.8,9.8,0.0,0.0
1990-12-02,9.8,9.8,0.0,0.0
1990-12-03,9.8,9.8,0.0,0.0
1990-12-04,9.8,9.8,0.0,0.0
1990-12-05,9.8,9.8,0.0,0.0
1990-12-06,9.8,9.8,0.0,0.0
1990-12-07,9.8,9.8,0.0,0.0
1990-12-08,9.8,9.8,0.0,0.0
1990-12-09,9.8,9.8,0.0,0.0
1990-12-10,9.8,9.8,0.0,0.0
1990-12-11,9.8,9.8,0.0,0.0
1990-12-12,9.8,9.8,0.0,0.0
1990-12-13,9.8,9.8,0.0,0.0
1990-12-14,9.8,9.8,0.0,0.0
1990-12-15,9.8,9.8,0.0,0.0
1990-12-16,9.8,9.8,0.0,0.0
1990-12-17,9.8,9.8,0.0,0.0
1990-12-18,9.8,9.8,0.0,0.0
1990-12-19,9.8,9.8,0.0,0.0
1990-12-20,9.8,9.8,0.0,0.0
1990-12-21,9.8,9.8,0.0,0.0
1990-12-22,9.8,9.8,0.0,0.0
1990-12-23,9.8,9.8,0.0,0.0
1990-12-24,9.8,9.8,0.0,0.0
1990-12-25,9.8,9.8,0.0,0.0
1990-12-26,9.8,9.8,0.0,0.0
1990-12-27,9.8,9.8,0.0,0.0
1990-12-28,9.8,9.8,0.0,0.0
1990-12-29,9.8,9.8,0.0,0.0
1990-12-30,9.8,9.8,0.0,0.0
1990-12-31,9.8,9.8,0.0,0.0
1991-01-01,9.8,9.8,0.0,0.0
1991-01-02,9.8,9.8,0.0,0.0
1991-01-03,9.8,9.8,0.0,0.0
1991-01-04,9.8,9.8,0.0,0.0
1991-01-05,9.8,9.8,0.0,0.0
1991-01-06,9.8,9.8,0.0,0.0
1991-01-07,9.8,9.8,0.0,0.0
1991-01-08,9.8,9.8,0.0,0.0
1991-01-09,9.8,9.8,0.0,0.0
1991-01-10,9.8,9.8,0.0,0.0
1991-01-11,9.8,9.8,0.0,0.0
1991-01-12,9.8,9.8,0.0,0.0
1991-01-13,9.8,9.8,0.0,0.0
1991-01-14,9.8,9.8,0.0,0.0
1991-01-15,9.8,9.8,0.0,0.0
1991-01-16,9.8,9.8,0.0,0.0
1991-01-17,9.8,9.8,0.0,0.0
1991-01-18,9.8,9.8,0.0,0.0
1991-01-19,9.8,9.8,0.0,0.0
1991-01-20,9.8,9.8,0.0,0.0
1991-01-21,9.8,9.8,0.0,0.0
1991-01-22,9.8,9.8,0.0,0.0
1991-01-23,9.8,9.8,0.0,0.0
1991-01-24,9.8,9.8,0.0,0.0
1991-01-25,9.8,9.8,0.0,0.0
1991-01-26,9.8,9.8,0.0,0.0
1991-01-27,9.8,9.8,0.0,0.0
1991-01-28,9.8,9.8,0.0,0.0
1991-01-29,9.8,9.8,0.0,0.0
1991-01-30,9.8,9.8,0.0,0.0
1991-01-31,9.8,9.8,0.0,0.0
1991-02-01,9.8,9.8,0.0,0.0
1991-02-02,9.8,9.8,0.0,0.0
1991-02-03,9.8,9.8,0.0,0.0
1991-02-04,9.8,9.8,0.0,0.0
1991-02-05,9.8,9.8,0.0,0.0
1991-02-06,9.8,9.8,0.0,0.0
1991-02-07,9.8,9.8,0.0,0.0
1991-02-08,9.8,9.8,0.0,0.0
1991-02-09,9.8,9.8,0.0,0.0
1991-02-10,9.8,9.8,0.0,0.0
1991-02-11,9.8,9.8,0.0,0.0
1991-02-12,9.8,9.8,0.0,0.0
1991-02-13,9.8,9.8,0.0,0.0
1991-02-14,9.8,9.8,0.0,0.0
1991-02-15,9.8,9.8,0.0,0.0
1991-02-16,9.8,9.8,0.0,0.0
1991-02-17,9.8,9.8,0.0,0.0
1991-02-18,9.8,9.8,0.0,0.0
1991-02-19,9.8,9.8,0.0,0.0
1991-02-20,9.8,9.8,0.0,0.0
1991-02-21,9.8,9.8,0.0,0.0
1991-02-22,9.8,9.8,0.0,0.0
1991-02-23,9.8,9.8,0.0,0.0
1991-02-24,9.8,9.8,0.0,0.0
1991-02-25,9.8,9.8,0.0,0.0
1991-02-26,9.8,9.8,0.0,0.0
1991-02-27,9.8,9.8,0.0,0.0
1991-02-28,9.8,9.8,0.0,0.0
1991-03-01,9.8,9.8,0.0,0.0
1991-03-02,9.8,9.8,0.0,0.0
1991-03-03,11.5,11.5,5.538754742306084,5.538754742306084
1991-03-04,9.8,9.8,5.538754742306084,5.538754742306084
1991-03-05,9.8,9.8,5.538754742306084,5.538754742306084
1991-03-06,9.8,9.8,5.538754742306084,5.538754742306084
1991-03-07,9.8,9.8,5.538754742306084,5.538754742306084
1991-03-08,9.8,9.8,5.538754742306084,5.538754742306084
1991-03-09,9.8,9.8,5.538754742306084,5.538754742306084
1991-03-10,9.8,9.8,5.538754742306084,5.538754742306084
1991-03-11,9.8,9.8,5.538754742306084,5.538754742306084
1991-03-12,9.8,9.8,5.538754742306084,5.538754742306084
1991-03-13,9.8,9.8,5.538754742306084,5.538754742306084
1991-03-14,9.8,9.8,5.538754742306084,5.538754742306084
1991-03-15,9.8,9.8,5.538754742306084,5.538754742306084
1991-03-16,9.8,9.8,5.538754742306084,5.538754742306084
1991-03-17,9.8,9.8,5.538754742306084,5.538754742306084
1991-03-18,9.8,9.8,5.538754742306084,5.538754742306084
1991-03-19,9.8,9.8,5.538754742306084,5.538754742306084
1991-03-20,9.8,9.8,5.538754742306084,5.538754742306084
1991-03-21,9.8,9.8,5.538754742306084,5.538754742306084
1991-03-22,9.8,9.8,5.538754742306084,5.538754742306084
1991-03-23,9.8,9.8,5.538754742306084,5.538754742306084
1991-03-24,9.8,9.8,5.538754742306084,5.538754742306084
1991-03-25,9.8,9.8,5.538754742306084,5.538754742306084
1991-03-26,9.8,9.8,5.538754742306084,5.538754742306084
1991-03-27,9.8,9.8,5.538754742306084,5.538754742306084
1991-03-28,9.8,9.8,5.538754742306084,5.538754742306084
1991-03-29,9.8,9.8,5.538754742306084,5.538754742306084
1991-03-30,9.8,9.8,5.538754742306084,5.538754742306084
1991-03-31,9.8,9.8,5.538754742306084,5.538754742306084
1991-04-01,9.8,9.8,5.538754742306084,5.538754742306084
1991-04-02,9.8,9.8,5.538754742306084,5.538754742306084
1991-04-03,9.8,9.8,5.538754742306083,5.538754742306083
1991-04-04,9.8,9.8,5.538754742306083,5.538754742306083
1991-04-05,9.8,9.8,5.538754742306083,5.538754742306083
1991-04-06,9.8,9.8,5.538754742306083,5.538754742306083
1991-04-07,9.8,9.8,5.538754742306083,5.538754742306083
1991-04-08,9.8,9.8,5.538754742306083,5.538754742306083
1991-04-09,9.8,9.8,5.538754742306083,5.538754742306083
1991-04-10,9.8,9.8,5.538754742306083,5.538754742306083
1991-04-11,9.8,9.8,5.538754742306083,5.538754742306083
1991-04-12,9.8,9.8,5.538754742306083,5.538754742306083
1991-04-13,9.8,9.8,5.538754742306083,5.538754742306083
1991-04-14,9.8,9.8,5.538754742306083,5.538754742306083
1991-04-15,9.8,9.8,5.538754742306083,5.538754742306083
1991-04-16,9.8,9.8,5.538754742306083,5.538754742306083
1991-04-17,9.8,9.8,5.538754742306083,5.538754742306083
1991-04-18,9.8,9.8,5.538754742306083,5.538754742306083
1991-04-19,9.8,9.8,5.538754742306083,5.538754742306083
1991-04-20,9.8,9.8,5.538754742306083,5.538754742306083
1991-04-21,9.8,9.8,5.538754742306083,5.538754742306083
1991-04-22,9.8,9.8,5.538754742306083,5.538754742306083
1991-04-23,9.8,9.8,5.538754742306083,5.538754742306083
1991-04-24,9.8,9.8,5.538754742306083,5.538754742306083
1991-04-25,9.8,9.8,5.538754742306083,5.538754742306083
1991-04-26,9.8,9.8,5.538754742306083,5.538754742306083
1991-04-27,9.8,9.8,5.538754742306083,5.538754742306083
1991-04-28,9.8,9.8,5.538754742306083,5.538754742306083
1991-04-29,9.8,9.8,5.538754742306083,5.538754742306083
1991-04-30,9.8,9.8,5.538754742306083,5.538754742306083
1991-05-01,9.8,9.8,5.538754742306084,5.538754742306084
1991-05-02,9.8,9.8,5.538754742306084,5.538754742306084
1991-05-03,9.8,9.8,5.538754742306084,5.538754742306084
1991-05-04,9.8,9.8,5.538754742306084,5.538754742306084
1991-05-05,9.8,9.8,5.538754742306084,5.538754742306084
1991-05-06,9.8,9.8,5.538754742306084,5.538754742306084
1991-05-07,9.8,9.8,5.538754742306084,5.538754742306084
1991-05-08,9.8,9.8,5.538754742306084,5.538754742306084
1991-05-09,9.8,9.8,5.538754742306084,5.538754742306084
1991-05-10,9.8,9.8,5.538754742306084,5.538754742306084
1991-05-11,9.8,9.8,5.538754742306084,5.538754742306084
1991-05-12,9.8,9.8,5.538754742306084,5.538754742306084
1991-05-13,9.8,9.8,5.538754742306084,5.538754742306084
1991-05-14,9.8,9.8,5.538754742306084,5.538754742306084
1991-05-15,9.8,9.8,5.538754742306084,5.538754742306084
1991-05-16,9.8,9.8,5.538754742306084,5.538754742306084
1991-05-17,9.8,9.8,5.538754742306084,5.538754742306084
1991-05-18,9.8,9.8,5.538754742306084,5.538754742306084
1991-05-19,9.8,9.8,5.538754742306084,5.538754742306084
1991-05-20,9.8,9.8,5.538754742306084,5.538754742306084
1991-05-21,9.8,9.8,5.538754742306084,5.538754742306084
1991-05-22,9.8,9.8,5.538754742306084,5.538754742306084
1991-05-23,9.8,9.8,5.538754742306084,5.538754742306084
1991-05-24,9.8,9.8,5.538754742306084,5.538754742306084
1991-05-25,9.8,9.8,5.538754742306084,5.538754742306084
1991-05-26,9.8,9.8,5.538754742306084,5.538754742306084
1991-05-27,9.8,9.8,5.538754742306084,5.538754742306084
1991-05-28,9.8,9.8,5.538754742306084,5.538754742306084
1991-05-29,9.8,9.8,5.538754742306084,5.538754742306084
1991-05-30,9.8,9.8,5.538754742306084,5.538754742306084
1991-05-31,9.8,9.8,5.538754742306084,5.538754742306084
1991-06-01,9.8,9.8,5.538754742306084,5.538754742306084
1991-06-02,9.8,9.8,5.538754742306084,5.538754742306084
1991-06-03,10.638111777729875,10.638111777729875,5.538754742306084,5.538754742306084
1991-06-04,11.5,11.5,5.713040121610739,5.713040121610739
1991-06-05,11.5,11.5,6.471213554810651,6.471213554810651
1991-06-06,11.5,11.5,6.825056182951027,6.825056182951027
1991-06-07,11.5,11.5,8.526144159082289,8.526144159082289
1991-06-08,11.5,11.5,12.773008496053526,12.773008496053526
1991-06-09,11.5,11.5,18.81047609237798,18.81047609237798
1991-06-10,11.5,11.5,24.284228567557037,24.284228567557037
1991-06-11,11.5,11.5,30.227146815870597,30.227146815870597
1991-06-12,11.5,11.5,34.1292992700773,34.1292992700773
1991-06-13,11.5,11.5,37.34115924617895,37.34115924617895
1991-06-14,11.5,11.5,39.230899324899596,39.230899324899596
1991-06-15,11.5,11.5,41.01233889094482,41.01233889094482
1991-06-16,11.5,11.5,42.3078730041501,42.3078730041501
1991-06-17,11.5,11.5,43.661364841305286,43.661364841305286
1991-06-18,11.5,11.5,44.79932903959424,44.79932903959424
1991-06-19,9.8,9.8,44.79932903959424,44.79932903959424
1991-06-20,9.8,9.8,44.79932903959424,44.79932903959424
1991-06-21,9.8,9.8,44.79932903959424,44.79932903959424
1991-06-22,9.8,9.8,44.79932903959424,44.79932903959424
1991-06-23,9.8,9.8,44.79932903959424,44.79932903959424
1991-06-24,9.8,9.8,44.79932903959424,44.79932903959424
1991-06-25,9.8,9.8,44.79932903959424,44.79932903959424
1991-06-26,9.8,9.8,44.79932903959424,44.79932903959424
1991-06-27,9.8,9.8,44.79932903959424,44.79932903959424
1991-06-28,9.8,9.8,44.79932903959424,44.79932903959424
1991-06-29,9.8,9.8,44.79932903959424,44.79932903959424
1991-06-30,9.8,9.8,44.79932903959424,44.79932903959424
1991-07-01,9.8,9.8,44.79932903959424,44.79932903959424
1991-07-02,9.8,9.8,44.79932903959424,44.79932903959424
1991-07-03,9.8,9.8,44.79932903959424,44.79932903959424
1991-07-04,9.8,9.8,44.79932903959424,44.79932903959424
1991-07-05,9.8,9.8,44.79932903959424,44.79932903959424
1991-07-06,9.8,9.8,44.79932903959424,44.79932903959424
1991-07-07,9.8,9.8,44.79932903959424,44.79932903959424
1991-07-08,9.8,9.8,44.79932903959424,44.79932903959424
1991-07-09,9.8,9.8,44.79932903959424,44.79932903959424
1991-07-10,9.8,9.8,44.79932903959424,44.79932903959424
1991-07-11,9.8,9.8,44.79932903959424,44.79932903959424
1991-07-12,9.8,9.8,44.79932903959424,44.79932903959424
1991-07-13,9.8,9.8,44.79932903959424,44.79932903959424
1991-07-14,9.8,9.8,44.79932903959424,44.79932903959424
1991-07-15,9.8,9.8,44.79932903959424,44.79932903959424
1991-07-16,9.8,9.8,44.79932903959424,44.79932903959424
1991-07-17,9.8,9.8,44.79932903959424,44.79932903959424
1991-07-18,9.8,9.8,44.79932903959424,44.79932903959424
1991-07-19,9.8,9.8,44.79932903959424,44.79932903959424
1991-07-20,9.8,9.8,44.79932903959424,44.79932903959424
1991-07-21,9.8,9.8,44.79932903959424,44.79932903959424
1991-07-22,9.8,9.8,44.79932903959424,44.79932903959424
1991-07-23,9.8,9.8,44.79932903959424,44.79932903959424
1991-07-24,9.8,9.8,44.79932903959424,44.79932903959424
1991-07-25,9.8,9.8,44.79932903959424,44.79932903959424
1991-07-26,9.8,9.8,44.79932903959424,44.79932903959424
1991-07-27,9.8,9.8,44.79932903959424,44.79932903959424
1991-07-28,9.8,9.8,44.79932903959424,44.79932903959424
1991-07-29,9.8,9.8,44.79932903959424,44.79932903959424
1991-07-30,9.8,9.8,44.79932903959424,44.79932903959424
1991-07-31,9.8,9.8,44.79932903959424,44.79932903959424
1991-08-01,9.8,9.8,44.79932903959424,44.79932903959424
1991-08-02,9.8,9.8,44.79932903959424,44.79932903959424
1991-08-03,9.8,9.8,44.79932903959424,44.79932903959424
1991-08-04,9.8,9.8,44.79932903959424,44.79932903959424
1991-08-05,9.8,9.8,44.79932903959424,44.79932903959424
1991-08-06,9.8,9.8,44.79932903959424,44.79932903959424
1991-08-07,9.8,9.8,44.79932903959424,44.79932903959424
1991-08-08,9.8,9.8,44.79932903959424,44.79932903959424
1991-08-09,9.8,9.8,44.79932903959424,44.79932903959424
1991-08-10,9.8,9.8,44.79932903959424,44.79932903959424
1991-08-11,9.8,9.8,44.79932903959424,44.79932903959424
1991-08-12,9.8,9.8,44.79932903959424,44.79932903959424
1991-08-13,9.8,9.8,44.79932903959424,44.79932903959424
1991-08-14,9.8,9.8,44.79932903959424,44.79932903959424
1991-08-15,9.8,9.8,44.79932903959424,44.79932903959424
1991-08-16,9.8,9.8,44.79932903959424,44.79932903959424
1991-08-17,9.8,9.8,44.79932903959424,44.79932903959424
1991-08-18,9.8,9.8,44.79932903959424,44.79932903959424
1991-08-19,9.8,9.8,44.79932903959424,44.79932903959424
1991-08-20,9.8,9.8,44.79932903959424,44.79932903959424
1991-08-21,9.8,9.8,44.79932903959424,44.79932903959424
1991-08-22,9.8,9.8,44.79932903959424,44.79932903959424
1991-08-23,9.8,9.8,44.79932903959424,44.79932903959424
1991-08-24,9.8,9.8,44.79932903959424,44.79932903959424
1991-08-25,9.8,9.8,44.79932903959424,44.79932903959424
1991-08-26,9.8,9.8,44.79932903959424,44.79932903959424
1991-08-27,9.8,9.8,44.79932903959424,44.79932903959424
1991-08-28,9.8,9.8,44.79932903959424,44.79932903959424
1991-08-29,9.8,9.8,44.79932903959424,44.79932903959424
1991-08-30,9.8,9.8,44.79932903959424,44.79932903959424
1991-08-31,9.8,9.8,44.79932903959424,44.79932903959424
1991-09-01,9.8,9.8,44.79932903959424,44.79932903959424
1991-09-02,9.8,9.8,44.79932903959424,44.79932903959424
1991-09-03,9.8,9.8,44.79932903959424,44.79932903959424
1991-09-04,9.8,9.8,44.79932903959424,44.79932903959424
1991-09-05,9.8,9.8,44.79932903959424,44.79932903959424
1991-09-06,9.8,9.8,44.79932903959424,44.79932903959424
1991-09-07,9.8,9.8,44.79932903959424,44.79932903959424
1991-09-08,9.8,9.8,44.79932903959424,44.79932903959424
1991-09-09,9.8,9.8,44.79932903959424,44.79932903959424
1991-09-10,9.8,9.8,44.79932903959424,44.79932903959424
1991-09-11,9.8,9.8,44.79932903959424,44.79932903959424
1991-09-12,9.8,9.8,44.79932903959424,44.79932903959424
1991-09-13,9.8,9.8,44.79932903959424,44.79932903959424
1991-09-14,9.8,9.8,44.79932903959424,44.79932903959424
1991-09-15,9.8,9.8,44.79932903959424,44.79932903959424
1991-09-16,9.8,9.8,44.79932903959424,44.79932903959424
1991-09-17,9.8,9.8,44.79932903959424,44.79932903959424
1991-09-18,9.8,9.8,44.79932903959424,44.79932903959424
1991-09-19,9.8,9.8,44.79932903959424,44.79932903959424
1991-09-20,9.8,9.8,44.79932903959424,44.79932903959424
1991-09-21,9.8,9.8,44.79932903959424,44.79932903959424
1991-09-22,9.8,9.8,44.79932903959424,44.79932903959424
1991-09-23,9.8,9.8,44.79932903959424,44.79932903959424
1991-09-24,9.8,9.8,44.79932903959424,44.79932903959424
1991-09-25,9.8,9.8,44.79932903959424,44.79932903959424
1991-09-26,9.8,9.8,44.79932903959424,44.79932903959424
1991-09-27,9.8,9.8,44.79932903959424,44.79932903959424
1991-09-28,9.8,9.8,44.79932903959424,44.79932903959424
1991-09-29,9.8,9.8,44.79932903959424,44.79932903959424
1991-09-30,9.8,9.8,44.79932903959424,44.79932903959424
1991-10-01,9.8,9.8,44.79932903959424,44.79932903959424
1991-10-02,9.8,9.8,44.79932903959424,44.79932903959424
1991-10-03,9.8,9.8,44.79932903959424,44.79932903959424
1991-10-04,9.8,9.8,44.79932903959424,44.79932903959424
1991-10-05,9.8,9.8,44.79932903959424,44.79932903959424
1991-10-06,9.8,9.8,44.79932903959424,44.79932903959424
1991-10-07,9.8,9.8,44.79932903959424,44.79932903959424
1991-10-08,9.8,9.8,44.79932903959424,44.79932903959424
1991-10-09,9.8,9.8,44.79932903959424,44.79932903959424
1991-10-10,9.8,9.8,44.79932903959424,44.79932903959424
1991-10-11,9.8,9.8,44.79932903959424,44.79932903959424
1991-10-12,9.8,9.8,44.79932903959424,44.79932903959424
1991-10-13,9.8,9.8,44.79932903959424,44.79932903959424
1991-10-14,9.8,9.8,44.79932903959424,44.79932903959424
1991-10-15,9.8,9.8,44.79932903959424,44.79932903959424
1991-10-16,9.8,9.8,44.79932903959424,44.79932903959424
1991-10-17,9.8,9.8,44.79932903959424,44.79932903959424
1991-10-18,9.8,9.8,44.79932903959424,44.79932903959424
1991-10-19,9.8,9.8,44.79932903959424,44.79932903959424
1991-10-20,9.8,9.8,44.79932903959424,44.79932903959424
1991-10-21,9.8,9.8,44.79932903959424,44.79932903959424
1991-10-22,9.8,9.8,44.79932903959424,44.79932903959424
1991-10-23,9.8,9.8,44.79932903959424,44.79932903959424
1991-10-24,9.8,9.8,44.79932903959424,44.79932903959424
1991-10-25,9.8,9.8,44.79932903959424,44.79932903959424
1991-10-26,9.8,9.8,44.79932903959424,44.79932903959424
1991-10-27,9.8,9.8,44.79932903959424,44.79932903959424
1991-10-28,9.8,9.8,44.79932903959424,44.79932903959424
1991-10-29,9.8,9.8,44.79932903959424,44.79932903959424
1991-10-30,9.8,9.8,44.79932903959424,44.79932903959424
1991-10-31,9.8,9.8,44.79932903959424,44.79932903959424
1991-11-01,9.8,9.8,44.79932903959424,44.79932903959424
1991-11-02,9.8,9.8,44.79932903959424,44.79932903959424
1991-11-03,9.8,9.8,44.79932903959424,44.79932903959424
1991-11-04,9.8,9.8,44.79932903959424,44.79932903959424
1991-11-05,9.8,9.8,44.79932903959424,44.79932903959424
1991-11-06,9.8,9.8,44.79932903959424,44.79932903959424
1991-11-07,9.8,9.8,44.79932903959424,44.79932903959424
1991-11-08,9.8,9.8,44.79932903959424,44.79932903959424
1991-11-09,9.8,9.8,44.79932903959424,44.79932903959424
1991-11-10,9.8,9.8,44.79932903959424,44.79932903959424
1991-11-11,9.8,9.8,44.79932903959424,44.79932903959424
1991-11-12,9.8,9.8,44.79932903959424,44.79932903959424
1991-11-13,9.8,9.8,44.79932903959424,44.79932903959424
1991-11-14,9.8,9.8,44.79932903959424,44.79932903959424
1991-11-15,9.8,9.8,44.79932903959424,44.79932903959424
1991-11-16,9.8,9.8,44.79932903959424,44.79932903959424
1991-11-17,9.8,9.8,44.79932903959424,44.79932903959424
1991-11-18,9.8,9.8,44.79932903959424,44.79932903959424
1991-11-19,9.8,9.8,44.79932903959424,44.79932903959424
1991-11-20,9.8,9.8,44.79932903959424,44.79932903959424
1991-11-21,9.8,9.8,44.79932903959424,44.79932903959424
1991-11-22,9.8,9.8,44.79932903959424,44.79932903959424
1991-11-23,9.8,9.8,44.79932903959424,44.79932903959424
1991-11-24,9.8,9.8,44.79932903959424,44.79932903959424
1991-11-25,9.8,9.8,44.79932903959424,44.79932903959424
1991-11-26,9.8,9.8,44.79932903959424,44.79932903959424
1991-11-27,9.8,9.8,44.79932903959424,44.79932903959424
1991-11-28,9.8,9.8,44.79932903959424,44.79932903959424
1991-11-29,9.8,9.8,44.79932903959424,44.79932903959424
1991-11-30,9.8,9.8,44.79932903959424,44.79932903959424
1991-12-01,9.8,9.8,44.79932903959424,44.79932903959424
1991-12-02,9.8,9.8,44.79932903959424,44.79932903959424
1991-12-03,9.8,9.8,44.79932903959424,44.79932903959424
1991-12-04,9.8,9.8,44.79932903959424,44.79932903959424
1991-12-05,9.8,9.8,44.79932903959424,44.79932903959424
1991-12-06,9.8,9.8,44.79932903959424,44.79932903959424
1991-12-07,9.8,9.8,44.79932903959424,44.79932903959424
1991-12-08,9.8,9.8,44.79932903959424,44.79932903959424
1991-12-09,9.8,9.8,44.79932903959424,44.79932903959424
1991-12-10,9.8,9.8,44.79932903959424,44.79932903959424
1991-12-11,9.8,9.8,44.79932903959424,44.79932903959424
1991-12-12,9.8,9.8,44.79932903959424,44.79932903959424
1991-12-13,9.8,9.8,44.79932903959424,44.79932903959424
1991-12-14,9.8,9.8,44.79932903959424,44.79932903959424
1991-12-15,9.8,9.8,44.79932903959424,44.79932903959424
1991-12-16,9.8,9.8,44.79932903959424,44.79932903959424
1991-12-17,9.8,9.8,44.79932903959424,44.79932903959424
1991-12-18,9.8,9.8,44.79932903959424,44.79932903959424
1991-12-19,9.8,9.8,44.79932903959424,44.79932903959424
1991-12-20,9.8,9.8,44.79932903959424,44.79932903959424
1991-12-21,9.8,9.8,44.79932903959424,44.79932903959424
1991-12-22,9.8,9.8,44.79932903959424,44.79932903959424
1991-12-23,9.8,9.8,44.79932903959424,44.79932903959424
1991-12-24,9.8,9.8,44.79932903959424,44.79932903959424
1991-12-25,9.8,9.8,44.79932903959424,44.79932903959424
1991-12-26,9.8,9.8,44.79932903959424,44.79932903959424
1991-12-27,9.8,9.8,44.79932903959424,44.79932903959424
1991-12-28,9.8,9.8,44.79932903959424,44.79932903959424
1991-12-29,9.8,9.8,44.79932903959424,44.79932903959424
1991-12-30,9.8,9.8,44.79932903959424,44.79932903959424
1991-12-31,9.8,9.8,44.79932903959424,44.79932903959424
1992-01-01,9.8,9.8,44.79932903959424,44.79932903959424
1992-01-02,9.8,9.8,44.79932903959424,44.79932903959424
1992-01-03,9.8,9.8,44.79932903959424,44.79932903959424
1992-01-04,9.8,9.8,44.79932903959424,44.79932903959424
1992-01-05,9.8,9.8,44.79932903959424,44.79932903959424
1992-01-06,9.8,9.8,44.79932903959424,44.79932903959424
1992-01-07,9.8,9.8,44.79932903959424,44.79932903959424
1992-01-08,9.8,9.8,44.79932903959424,44.79932903959424
1992-01-09,9.8,9.8,44.79932903959424,44.79932903959424
1992-01-10,9.8,9.8,44.79932903959424,44.79932903959424
1992-01-11,9.8,9.8,44.79932903959424,44.79932903959424
1992-01-12,9.8,9.8,44.79932903959424,44.79932903959424
1992-01-13,9.8,9.8,44.79932903959424,44.79932903959424
1992-01-14,9.8,9.8,44.79932903959424,44.79932903959424
1992-01-15,9.8,9.8,44.79932903959424,44.79932903959424
1992-01-16,9.8,9.8,44.79932903959424,44.79932903959424
1992-01-17,9.8,9.8,44.79932903959424,44.79932903959424
1992-01-18,9.8,9.8,44.79932903959424,44.79932903959424
1992-01-19,9.8,9.8,44.79932903959424,44.79932903959424
1992-01-20,9.8,9.8,44.79932903959424,44.79932903959424
1992-01-21,9.8,9.8,44.79932903959424,44.79932903959424
1992-01-22,9.8,9.8,44.79932903959424,44.79932903959424
1992-01-23,9.8,9.8,44.79932903959424,44.79932903959424
1992-01-24,9.8,9.8,44.79932903959424,44.79932903959424
1992-01-25,9.8,9.8,44.79932903959424,44.79932903959424
1992-01-26,9.8,9.8,44.79932903959424,44.79932903959424
1992-01-27,9.8,9.8,44.79932903959424,44.79932903959424
1992-01-28,9.8,9.8,44.79932903959424,44.79932903959424
1992-01-29,9.8,9.8,44.79932903959424,44.79932903959424
1992-01-30,9.8,9.8,44.79932903959424,44.79932903959424
1992-01-31,9.8,9.8,44.79932903959424,44.79932903959424
1992-02-01,9.8,9.8,44.79932903959424,44.79932903959424
1992-02-02,9.8,9.8,44.79932903959424,44.79932903959424
1992-02-03,9.8,9.8,44.79932903959424,44.79932903959424
1992-02-04,9.8,9.8,44.79932903959424,44.79932903959424
1992-02-05,9.8,9.8,44.79932903959424,44.79932903959424
1992-02-06,9.8,9.8,44.79932903959424,44.79932903959424
1992-02-07,9.8,9.8,44.79932903959424,44.79932903959424
1992-02-08,9.8,9.8,44.79932903959424,44.79932903959424
1992-02-09,9.8,9.8,44.79932903959424,44.79932903959424
1992-02-10,9.8,9.8,44.79932903959424,44.79932903959424
1992-02-11,9.8,9.8,44.79932903959424,44.79932903959424
1992-02-12,9.8,9.8,44.79932903959424,44.79932903959424
1992-02-13,9.8,9.8,44.79932903959424,44.79932903959424
1992-02-14,9.8,9.8,44.79932903959424,44.79932903959424
1992-02-15,9.8,9.8,44.79932903959424,44.79932903959424
1992-02-16,9.8,9.8,44.79932903959424,44.79932903959424
1992-02-17,9.8,9.8,44.79932903959424,44.79932903959424
1992-02-18,9.8,9.8,44.79932903959424,44.79932903959424
1992-02-19,9.8,9.8,44.79932903959424,44.79932903959424
1992-02-20,9.8,9.8,44.79932903959424,44.79932903959424
1992-02-21,9.8,9.8,44.79932903959424,44.79932903959424
1992-02-22,9.8,9.8,44.79932903959424,44.79932903959424
1992-02-23,9.8,9.8,44.79932903959424,44.79932903959424
1992-02-24,9.8,9.8,44.79932903959424,44.79932903959424
1992-02-25,9.8,9.8,44.79932903959424,44.79932903959424
1992-02-26,9.8,9.8,44.79932903959424,44.79932903959424
1992-02-27,9.8,9.8,44.79932903959424,44.79932903959424
1992-02-28,9.8,9.8,44.79932903959424,44.79932903959424
1992-02-29,9.8,9.8,44.79932903959424,44.79932903959424
1992-03-01,9.8,9.8,44.79932903959424,44.79932903959424
1992-03-02,9.8,9.8,44.79932903959424,44.79932903959424
1992-03-03,9.8,9.8,44.79932903959424,44.79932903959424
1992-03-04,9.8,9.8,44.79932903959424,44.79932903959424
1992-03-05,9.8,9.8,44.79932903959424,44.79932903959424
1992-03-06,9.8,9.8,44.79932903959424,44.79932903959424
1992-03-07,9.8,9.8,44.79932903959424,44.79932903959424
1992-03-08,9.8,9.8,44.79932903959424,44.79932903959424
1992-03-09,9.8,9.8,44.79932903959424,44.79932903959424
1992-03-10,9.8,9.8,44.79932903959424,44.79932903959424
1992-03-11,9.8,9.8,44.79932903959424,44.79932903959424
1992-03-12,9.8,9.8,44.79932903959424,44.79932903959424
1992-03-13,9.8,9.8,44.79932903959424,44.79932903959424
1992-03-14,9.8,9.8,44.79932903959424,44.79932903959424
1992-03-15,9.8,9.8,44.79932903959424,44.79932903959424
1992-03-16,9.8,9.8,44.79932903959424,44.79932903959424
1992-03-17,9.8,9.8,44.79932903959424,44.79932903959424
1992-03-18,9.8,9.8,44.79932903959424,44.79932903959424
1992-03-19,9.8,9.8,44.79932903959424,44.79932903959424
1992-03-20,9.8,9.8,44.79932903959424,44.79932903959424
1992-03-21,9.8,9.8,44.79932903959424,44.79932903959424
1992-03-22,9.8,9.8,44.79932903959424,44.79932903959424
1992-03-23,9.8,9.8,44.79932903959424,44.79932903959424
1992-03-24,9.8,9.8,44.79932903959424,44.79932903959424
1992-03-25,9.8,9.8,44.79932903959424,44.79932903959424
1992-03-26,9.8,9.8,44.79932903959424,44.79932903959424
1992-03-27,9.8,9.8,44.79932903959424,44.79932903959424
1992-03-28,9.8,9.8,44.79932903959424,44.79932903959424
1992-03-29,9.8,9.8,44.79932903959424,44.79932903959424
1992-03-30,9.8,9.8,44.79932903959424,44.79932903959424
1992-03-31,9.8,9.8,44.79932903959424,44.79932903959424
1992-04-01,9.8,9.8,44.79932903959424,44.79932903959424
1992-04-02,9.8,9.8,44.79932903959424,44.79932903959424
1992-04-03,9.8,9.8,44.79932903959424,44.79932903959424
1992-04-04,9.8,9.8,44.79932903959424,44.79932903959424
1992-04-05,9.8,9.8,44.79932903959424,44.79932903959424
1992-04-06,9.8,9.8,44.79932903959424,44.79932903959424
1992-04-07,9.8,9.8,44.79932903959424,44.79932903959424
1992-04-08,9.8,9.8,44.79932903959424,44.79932903959424
1992-04-09,9.8,9.8,44.79932903959424,44.79932903959424
1992-04-10,9.8,9.8,44.79932903959424,44.79932903959424
1992-04-11,9.8,9.8,44.79932903959424,44.79932903959424
1992-04-12,9.8,9.8,44.79932903959424,44.79932903959424
1992-04-13,9.8,9.8,44.79932903959424,44.79932903959424
1992-04-14,9.8,9.8,44.79932903959424,44.79932903959424
1992-04-15,9.8,9.8,44.79932903959424,44.79932903959424
1992-04-16,9.8,9.8,44.79932903959424,44.79932903959424
1992-04-17,9.8,9.8,44.79932903959424,44.79932903959424
1992-04-18,9.8,9.8,44.79932903959424,44.79932903959424
1992-04-19,9.8,9.8,44.79932903959424,44.79932903959424
1992-04-20,9.8,9.8,44.79932903959424,44.79932903959424
1992-04-21,9.8,9.8,44.79932903959424,44.79932903959424
1992-04-22,9.8,9.8,44.79932903959424,44.79932903959424
1992-04-23,9.8,9.8,44.79932903959424,44.79932903959424
1992-04-24,9.8,9.8,44.79932903959424,44.79932903959424
1992-04-25,9.8,9.8,44.79932903959424,44.79932903959424
1992-04-26,9.8,9.8,44.79932903959424,44.79932903959424
1992-04-27,9.915851985913989,9.915851985913989,44.79932903959424,44.79932903959424
1992-04-28,10.849229949352946,10.849229949352946,44.79932903959424,44.79932903959424
1992-04-29,11.5,11.5,45.75782725951139,45.75782725951139
1992-04-30,11.5,11.5,47.88764152450675,47.88764152450675
1992-05-01,10.519113465170118,10.519113465170118,47.88764152450675,47.88764152450675
1992-05-02,10.119331930251137,10.119331930251137,47.88764152450675,47.88764152450675
1992-05-03,10.205205801828084,10.205205801828084,47.88764152450675,47.88764152450675
1992-05-04,10.277901470393765,10.277901470393765,47.88764152450675,47.88764152450675
1992-05-05,10.110972774960018,10.110972774960018,47.88764152450675,47.88764152450675
1992-05-06,9.8,9.8,47.88764152450675,47.88764152450675
1992-05-07,9.8,9.8,47.88764152450675,47.88764152450675
1992-05-08,9.8,9.8,47.88764152450675,47.88764152450675
1992-05-09,9.8,9.8,47.88764152450675,47.88764152450675
1992-05-10,9.8,9.8,47.88764152450675,47.88764152450675
1992-05-11,9.8,9.8,47.88764152450675,47.88764152450675
1992-05-12,9.8,9.8,47.88764152450675,47.88764152450675
1992-05-13,9.8,9.8,47.88764152450675,47.88764152450675
1992-05-14,9.8,9.8,47.88764152450675,47.88764152450675
1992-05-15,9.8,9.8,47.88764152450675,47.88764152450675
1992-05-16,9.8,9.8,47.88764152450675,47.88764152450675
1992-05-17,9.8,9.8,47.88764152450675,47.88764152450675
1992-05-18,9.8,9.8,47.88764152450675,47.88764152450675
1992-05-19,9.8,9.8,47.88764152450675,47.88764152450675
1992-05-20,9.8,9.8,47.88764152450675,47.88764152450675
1992-05-21,9.8,9.8,47.88764152450675,47.88764152450675
1992-05-22,9.8,9.8,47.88764152450675,47.88764152450675
1992-05-23,9.8,9.8,47.88764152450675,47.88764152450675
1992-05-24,9.8,9.8,47.88764152450675,47.88764152450675
1992-05-25,9.8,9.8,47.88764152450675,47.88764152450675
1992-05-26,9.8,9.8,47.88764152450675,47.88764152450675
1992-05-27,9.8,9.8,47.88764152450675,47.88764152450675
1992-05-28,9.8,9.8,47.88764152450675,47.88764152450675
1992-05-29,9.8,9.8,47.88764152450675,47.88764152450675
1992-05-30,9.8,9.8,47.88764152450675,47.88764152450675
1992-05-31,9.8,9.8,47.88764152450675,47.88764152450675
1992-06-01,9.8,9.8,47.88764152450675,47.88764152450675
1992-06-02,9.8,9.8,47.88764152450675,47.88764152450675
1992-06-03,9.8,9.8,47.88764152450675,47.88764152450675
1992-06-04,9.8,9.8,47.88764152450675,47.88764152450675
1992-06-05,9.8,9.8,47.88764152450675,47.88764152450675
1992-06-06,9.8,9.8,47.88764152450675,47.88764152450675
1992-06-07,9.8,9.8,47.88764152450675,47.88764152450675
1992-06-08,9.8,9.8,47.88764152450675,47.88764152450675
1992-06-09,9.8,9.8,47.88764152450675,47.88764152450675
1992-06-10,9.8,9.8,47.88764152450675,47.88764152450675
1992-06-11,9.8,9.8,47.88764152450675,47.88764152450675
1992-06-12,9.8,9.8,47.88764152450675,47.88764152450675
1992-06-13,9.8,9.8,47.88764152450675,47.88764152450675
1992-06-14,9.8,9.8,47.88764152450675,47.88764152450675
1992-06-15,9.8,9.8,47.88764152450675,47.88764152450675
1992-06-16,9.8,9.8,47.88764152450675,47.88764152450675
1992-06-17,9.8,9.8,47.88764152450675,47.88764152450675
1992-06-18,9.8,9.8,47.88764152450675,47.88764152450675
1992-06-19,9.8,9.8,47.88764152450675,47.88764152450675
1992-06-20,9.8,9.8,47.88764152450675,47.88764152450675
1992-06-21,9.8,9.8,47.88764152450675,47.88764152450675
1992-06-22,9.8,9.8,47.88764152450675,47.88764152450675
1992-06-23,9.8,9.8,47.88764152450675,47.88764152450675
1992-06-24,9.8,9.8,47.88764152450675,47.88764152450675
1992-06-25,9.8,9.8,47.88764152450675,47.88764152450675
1992-06-26,9.8,9.8,47.88764152450675,47.88764152450675
1992-06-27,9.8,9.8,47.88764152450675,47.88764152450675
1992-06-28,9.8,9.8,47.88764152450675,47.88764152450675
1992-06-29,9.8,9.8,47.88764152450675,47.88764152450675
1992-06-30,9.8,9.8,47.88764152450675,47.88764152450675
1992-07-01,9.8,9.8,47.88764152450675,47.88764152450675
1992-07-02,9.8,9.8,47.88764152450675,47.88764152450675
1992-07-03,9.8,9.8,47.88764152450675,47.88764152450675
1992-07-04,9.8,9.8,47.88764152450675,47.88764152450675
1992-07-05,9.8,9.8,47.88764152450675,47.88764152450675
1992-07-06,9.8,9.8,47.88764152450675,47.88764152450675
1992-07-07,9.8,9.8,47.88764152450675,47.88764152450675
1992-07-08,9.8,9.8,47.88764152450675,47.88764152450675
1992-07-09,9.8,9.8,47.88764152450675,47.88764152450675
1992-07-10,9.8,9.8,47.88764152450675,47.88764152450675
1992-07-11,9.8,9.8,47.88764152450675,47.88764152450675
1992-07-12,9.8,9.8,47.88764152450675,47.88764152450675
1992-07-13,9.8,9.8,47.88764152450675,47.88764152450675
1992-07-14,9.8,9.8,47.88764152450675,47.88764152450675
1992-07-15,9.8,9.8,47.88764152450675,47.88764152450675
1992-07-16,9.8,9.8,47.88764152450675,47.88764152450675
1992-07-17,9.8,9.8,47.88764152450675,47.88764152450675
1992-07-18,9.8,9.8,47.88764152450675,47.88764152450675
1992-07-19,9.8,9.8,47.88764152450675,47.88764152450675
1992-07-20,9.8,9.8,47.88764152450675,47.88764152450675
1992-07-21,9.8,9.8,47.88764152450675,47.88764152450675
1992-07-22,9.8,9.8,47.88764152450675,47.88764152450675
1992-07-23,9.8,9.8,47.88764152450675,47.88764152450675
1992-07-24,9.8,9.8,47.88764152450675,47.88764152450675
1992-07-25,9.8,9.8,47.88764152450675,47.88764152450675
1992-07-26,9.8,9.8,47.88764152450675,47.88764152450675
1992-07-27,9.8,9.8,47.88764152450675,47.88764152450675
1992-07-28,9.8,9.8,47.88764152450675,47.88764152450675
1992-07-29,9.8,9.8,47.88764152450675,47.88764152450675
1992-07-30,9.8,9.8,47.88764152450675,47.88764152450675
1992-07-31,9.8,9.8,47.88764152450675,47.88764152450675
1992-08-01,9.8,9.8,47.88764152450675,47.88764152450675
1992-08-02,9.8,9.8,47.88764152450675,47.88764152450675
1992-08-03,9.8,9.8,47.88764152450675,47.88764152450675
1992-08-04,9.8,9.8,47.88764152450675,47.88764152450675
1992-08-05,9.8,9.8,47.88764152450675,47.88764152450675
1992-08-06,9.8,9.8,47.88764152450675,47.88764152450675
1992-08-07,9.8,9.8,47.88764152450675,47.88764152450675
1992-08-08,9.8,9.8,47.88764152450675,47.88764152450675
1992-08-09,9.8,9.8,47.88764152450675,47.88764152450675
1992-08-10,9.8,9.8,47.88764152450675,47.88764152450675
1992-08-11,9.8,9.8,47.88764152450675,47.88764152450675
1992-08-12,9.8,9.8,47.88764152450675,47.88764152450675
1992-08-13,9.8,9.8,47.88764152450675,47.88764152450675
1992-08-14,9.8,9.8,47.88764152450675,47.88764152450675
1992-08-15,9.8,9.8,47.88764152450675,47.88764152450675
1992-08-16,9.8,9.8,47.88764152450675,47.88764152450675
1992-08-17,9.8,9.8,47.88764152450675,47.88764152450675
1992-08-18,9.8,9.8,47.88764152450675,47.88764152450675
1992-08-19,9.8,9.8,47.88764152450675,47.88764152450675
1992-08-20,9.8,9.8,47.88764152450675,47.88764152450675
1992-08-21,9.8,9.8,47.88764152450675,47.88764152450675
1992-08-22,9.8,9.8,47.88764152450675,47.88764152450675
1992-08-23,9.8,9.8,47.88764152450675,47.88764152450675
1992-08-24,9.8,9.8,47.88764152450675,47.88764152450675
1992-08-25,9.8,9.8,47.88764152450675,47.88764152450675
1992-08-26,9.8,9.8,47.88764152450675,47.88764152450675
1992-08-27,9.8,9.8,47.88764152450675,47.88764152450675
1992-08-28,9.8,9.8,47.88764152450675,47.88764152450675
1992-08-29,9.8,9.8,47.88764152450675,47.88764152450675
1992-08-30,9.8,9.8,47.88764152450675,47.88764152450675
1992-08-31,9.8,9.8,47.88764152450675,47.88764152450675
1992-09-01,9.8,9.8,47.88764152450675,47.88764152450675
1992-09-02,9.8,9.8,47.88764152450675,47.88764152450675
1992-09-03,9.8,9.8,47.88764152450675,47.88764152450675
1992-09-04,9.8,9.8,47.88764152450675,47.88764152450675
1992-09-05,9.8,9.8,47.88764152450675,47.88764152450675
1992-09-06,9.8,9.8,47.88764152450675,47.88764152450675
1992-09-07,9.8,9.8,47.88764152450675,47.88764152450675
1992-09-08,9.8,9.8,47.88764152450675,47.88764152450675
1992-09-09,9.8,9.8,47.88764152450675,47.88764152450675
1992-09-10,9.8,9.8,47.88764152450675,47.88764152450675
1992-09-11,9.8,9.8,47.88764152450675,47.88764152450675
1992-09-12,9.8,9.8,47.88764152450675,47.88764152450675
1992-09-13,9.8,9.8,47.88764152450675,47.88764152450675
1992-09-14,9.8,9.8,47.88764152450675,47.88764152450675
1992-09-15,9.8,9.8,47.88764152450675,47.88764152450675
1992-09-16,9.8,9.8,47.88764152450675,47.88764152450675
1992-09-17,9.8,9.8,47.88764152450675,47.88764152450675
1992-09-18,9.8,9.8,47.88764152450675,47.88764152450675
1992-09-19,9.8,9.8,47.88764152450675,47.88764152450675
1992-09-20,9.8,9.8,47.88764152450675,47.88764152450675
1992-09-21,9.8,9.8,47.88764152450675,47.88764152450675
1992-09-22,9.8,9.8,47.88764152450675,47.88764152450675
1992-09-23,9.8,9.8,47.88764152450675,47.88764152450675
1992-09-24,9.8,9.8,47.88764152450675,47.88764152450675
1992-09-25,9.8,9.8,47.88764152450675,47.88764152450675
1992-09-26,9.8,9.8,47.88764152450675,47.88764152450675
1992-09-27,9.8,9.8,47.88764152450675,47.88764152450675
1992-09-28,9.8,9.8,47.88764152450675,47.88764152450675
1992-09-29,9.8,9.8,47.88764152450675,47.88764152450675
1992-09-30,9.8,9.8,47.88764152450675,47.88764152450675
1992-10-01,9.8,9.8,47.88764152450675,47.88764152450675
1992-10-02,9.8,9.8,47.88764152450675,47.88764152450675
1992-10-03,9.8,9.8,47.88764152450675,47.88764152450675
1992-10-04,9.8,9.8,47.88764152450675,47.88764152450675
1992-10-05,9.8,9.8,47.88764152450675,47.88764152450675
1992-10-06,9.8,9.8,47.88764152450675,47.88764152450675
1992-10-07,9.8,9.8,47.88764152450675,47.88764152450675
1992-10-08,9.8,9.8,47.88764152450675,47.88764152450675
1992-10-09,9.8,9.8,47.88764152450675,47.88764152450675
1992-10-10,9.8,9.8,47.88764152450675,47.88764152450675
1992-10-11,9.8,9.8,47.88764152450675,47.88764152450675
1992-10-12,9.8,9.8,47.88764152450675,47.88764152450675
1992-10-13,9.8,9.8,47.88764152450675,47.88764152450675
1992-10-14,9.8,9.8,47.88764152450675,47.88764152450675
1992-10-15,9.8,9.8,47.88764152450675,47.88764152450675
1992-10-16,9.8,9.8,47.88764152450675,47.88764152450675
1992-10-17,9.8,9.8,47.88764152450675,47.88764152450675
1992-10-18,9.8,9.8,47.88764152450675,47.88764152450675
1992-10-19,9.8,9.8,47.88764152450675,47.88764152450675
1992-10-20,9.8,9.8,47.88764152450675,47.88764152450675
1992-10-21,9.8,9.8,47.88764152450675,47.88764152450675
1992-10-22,9.8,9.8,47.88764152450675,47.88764152450675
1992-10-23,9.8,9.8,47.88764152450675,47.88764152450675
1992-10-24,9.8,9.8,47.88764152450675,47.88764152450675
1992-10-25,9.8,9.8,47.88764152450675,47.88764152450675
1992-10-26,9.8,9.8,47.88764152450675,47.88764152450675
1992-10-27,9.8,9.8,47.88764152450675,47.88764152450675
1992-10-28,9.8,9.8,47.88764152450675,47.88764152450675
1992-10-29,9.8,9.8,47.88764152450675,47.88764152450675
1992-10-30,9.8,9.8,47.88764152450675,47.88764152450675
1992-10-31,9.8,9.8,47.88764152450675,47.88764152450675
1992-11-01,9.8,9.8,47.88764152450675,47.88764152450675
1992-11-02,9.8,9.8,47.88764152450675,47.88764152450675
1992-11-03,9.8,9.8,47.88764152450675,47.88764152450675
1992-11-04,9.8,9.8,47.88764152450675,47.88764152450675
1992-11-05,9.8,9.8,47.88764152450675,47.88764152450675
1992-11-06,9.8,9.8,47.88764152450675,47.88764152450675
1992-11-07,9.8,9.8,47.88764152450675,47.88764152450675
1992-11-08,9.8,9.8,47.88764152450675,47.88764152450675
1992-11-09,9.8,9.8,47.88764152450675,47.88764152450675
1992-11-10,9.8,9.8,47.88764152450675,47.88764152450675
1992-11-11,9.8,9.8,47.88764152450675,47.88764152450675
1992-11-12,9.8,9.8,47.88764152450675,47.88764152450675
1992-11-13,9.8,9.8,47.88764152450675,47.88764152450675
1992-11-14,9.8,9.8,47.88764152450675,47.88764152450675
1992-11-15,9.8,9.8,47.88764152450675,47.88764152450675
1992-11-16,9.8,9.8,47.88764152450675,47.88764152450675
1992-11-17,9.8,9.8,47.88764152450675,47.88764152450675
1992-11-18,9.8,9.8,47.88764152450675,47.88764152450675
1992-11-19,9.8,9.8,47.88764152450675,47.88764152450675
1992-11-20,9.8,9.8,47.88764152450675,47.88764152450675
1992-11-21,9.8,9.8,47.88764152450675,47.88764152450675
1992-11-22,9.8,9.8,47.88764152450675,47.88764152450675
1992-11-23,9.8,9.8,47.88764152450675,47.88764152450675
1992-11-24,9.8,9.8,47.88764152450675,47.88764152450675
1992-11-25,9.8,9.8,47.88764152450675,47.88764152450675
1992-11-26,9.8,9.8,47.88764152450675,47.88764152450675
1992-11-27,9.8,9.8,47.88764152450675,47.88764152450675
1992-11-28,9.8,9.8,47.88764152450675,47.88764152450675
1992-11-29,9.8,9.8,47.88764152450675,47.88764152450675
1992-11-30,9.8,9.8,47.88764152450675,47.88764152450675
1992-12-01,9.8,9.8,47.88764152450675,47.88764152450675
1992-12-02,9.8,9.8,47.88764152450675,47.88764152450675
1992-12-03,9.8,9.8,47.88764152450675,47.88764152450675
1992-12-04,9.8,9.8,47.88764152450675,47.88764152450675
1992-12-05,9.8,9.8,47.88764152450675,47.88764152450675
1992-12-06,9.8,9.8,47.88764152450675,47.88764152450675
1992-12-07,9.8,9.8,47.88764152450675,47.88764152450675
1992-12-08,9.8,9.8,47.88764152450675,47.88764152450675
1992-12-09,9.8,9.8,47.88764152450675,47.88764152450675
1992-12-10,9.8,9.8,47.88764152450675,47.88764152450675
1992-12-11,9.8,9.8,47.88764152450675,47.88764152450675
1992-12-12,9.8,9.8,47.88764152450675,47.88764152450675
1992-12-13,9.8,9.8,47.88764152450675,47.88764152450675
1992-12-14,9.8,9.8,47.88764152450675,47.88764152450675
1992-12-15,9.8,9.8,47.88764152450675,47.88764152450675
1992-12-16,9.8,9.8,47.88764152450675,47.88764152450675
1992-12-17,9.8,9.8,47.88764152450675,47.88764152450675
1992-12-18,9.8,9.8,47.88764152450675,47.88764152450675
1992-12-19,9.8,9.8,47.88764152450675,47.88764152450675
1992-12-20,9.8,9.8,47.88764152450675,47.88764152450675
1992-12-21,9.8,9.8,47.88764152450675,47.88764152450675
1992-12-22,9.8,9.8,47.88764152450675,47.88764152450675
1992-12-23,9.8,9.8,47.88764152450675,47.88764152450675
1992-12-24,9.8,9.8,47.88764152450675,47.88764152450675
1992-12-25,9.8,9.8,47.88764152450675,47.88764152450675
1992-12-26,9.8,9.8,47.88764152450675,47.88764152450675
1992-12-27,9.8,9.8,47.88764152450675,47.88764152450675
1992-12-28,9.8,9.8,47.88764152450675,47.88764152450675
1992-12-29,9.8,9.8,47.88764152450675,47.88764152450675
1992-12-30,9.8,9.8,47.88764152450675,47.88764152450675
1992-12-31,9.8,9.8,47.88764152450675,47.88764152450675
1993-01-01,9.8,9.8,47.88764152450675,47.88764152450675
1993-01-02,9.8,9.8,47.88764152450675,47.88764152450675
1993-01-03,9.8,9.8,47.88764152450675,47.88764152450675
1993-01-04,9.8,9.8,47.88764152450675,47.88764152450675
1993-01-05,9.8,9.8,47.88764152450675,47.88764152450675
1993-01-06,9.8,9.8,47.88764152450675,47.88764152450675
1993-01-07,11.5,11.5,49.738301362109134,49.738301362109134
1993-01-08,9.907393892467034,9.907393892467034,49.738301362109134,49.738301362109134
1993-01-09,9.8,9.8,49.738301362109134,49.738301362109134
1993-01-10,9.8,9.8,49.738301362109134,49.738301362109134
1993-01-11,9.8,9.8,49.738301362109134,49.738301362109134
1993-01-12,9.8,9.8,49.738301362109134,49.738301362109134
1993-01-13,11.5,11.5,49.74529408324877,49.74529408324877
1993-01-14,11.5,11.5,54.84928119745719,54.84928119745719
1993-01-15,11.5,11.5,57.075459212770475,57.075459212770475
1993-01-16,11.5,11.5,62.22649027739773,62.22649027739773
1993-01-17,11.5,11.5,67.61279418110952,67.61279418110952
1993-01-18,11.313344715979873,11.313344715979873,67.61279418110952,67.61279418110952
1993-01-19,9.8,9.8,67.61279418110952,67.61279418110952
1993-01-20,9.8,9.8,67.61279418110952,67.61279418110952
1993-01-21,11.5,11.5,71.57477911064781,71.57477911064781
1993-01-22,11.5,11.5,75.47108927752632,75.47108927752632
1993-01-23,9.940751744329836,9.940751744329836,75.47108927752632,75.47108927752632
1993-01-24,9.8,9.8,75.47108927752632,75.47108927752632
1993-01-25,9.8,9.8,75.47108927752632,75.47108927752632
1993-01-26,9.8,9.8,75.47108927752632,75.47108927752632
1993-01-27,9.8,9.8,75.47108927752632,75.47108927752632
1993-01-28,9.8,9.8,75.47108927752632,75.47108927752632
1993-01-29,9.8,9.8,75.47108927752632,75.47108927752632
1993-01-30,9.8,9.8,75.47108927752632,75.47108927752632
1993-01-31,9.8,9.8,75.47108927752632,75.47108927752632
1993-02-01,9.8,9.8,75.47108927752632,75.47108927752632
1993-02-02,9.8,9.8,75.47108927752632,75.47108927752632
1993-02-03,9.8,9.8,75.47108927752632,75.47108927752632
1993-02-04,9.8,9.8,75.47108927752632,75.47108927752632
1993-02-05,9.8,9.8,75.47108927752632,75.47108927752632
1993-02-06,9.8,9.8,75.47108927752632,75.47108927752632
1993-02-07,9.8,9.8,75.47108927752632,75.47108927752632
1993-02-08,9.8,9.8,75.47108927752632,75.47108927752632
1993-02-09,9.8,9.8,75.47108927752632,75.47108927752632
1993-02-10,9.8,9.8,75.47108927752632,75.47108927752632
1993-02-11,9.8,9.8,75.47108927752632,75.47108927752632
1993-02-12,9.8,9.8,75.47108927752632,75.47108927752632
1993-02-13,9.8,9.8,75.47108927752632,75.47108927752632
1993-02-14,9.8,9.8,75.47108927752632,75.47108927752632
1993-02-15,9.8,9.8,75.47108927752632,75.47108927752632
1993-02-16,9.8,9.8,75.47108927752632,75.47108927752632
1993-02-17,9.8,9.8,75.47108927752632,75.47108927752632
1993-02-18,9.8,9.8,75.47108927752632,75.47108927752632
1993-02-19,11.5,11.5,75.91191602712979,75.91191602712979
1993-02-20,10.857603120821231,10.857603120821231,75.91191602712979,75.91191602712979
1993-02-21,9.8,9.8,75.91191602712979,75.91191602712979
1993-02-22,9.8,9.8,75.91191602712979,75.91191602712979
1993-02-23,9.8,9.8,75.91191602712979,75.91191602712979
1993-02-24,9.8,9.8,75.91191602712979,75.91191602712979
1993-02-25,9.8,9.8,75.91191602712979,75.91191602712979
1993-02-26,9.8,9.8,75.91191602712979,75.91191602712979
1993-02-27,9.8,9.8,75.91191602712979,75.91191602712979
1993-02-28,9.8,9.8,75.91191602712979,75.91191602712979
1993-03-01,9.8,9.8,75.91191602712979,75.91191602712979
1993-03-02,9.8,9.8,75.91191602712979,75.91191602712979
1993-03-03,9.8,9.8,75.91191602712979,75.91191602712979
1993-03-04,9.8,9.8,75.91191602712979,75.91191602712979
1993-03-05,9.8,9.8,75.91191602712979,75.91191602712979
1993-03-06,9.8,9.8,75.91191602712979,75.91191602712979
1993-03-07,9.8,9.8,75.91191602712979,75.91191602712979
1993-03-08,9.8,9.8,75.91191602712979,75.91191602712979
1993-03-09,9.8,9.8,75.91191602712979,75.91191602712979
1993-03-10,9.8,9.8,75.91191602712979,75.91191602712979
1993-03-11,9.8,9.8,75.91191602712979,75.91191602712979
1993-03-12,9.8,9.8,75.91191602712979,75.91191602712979
1993-03-13,9.8,9.8,75.91191602712979,75.91191602712979
1993-03-14,9.8,9.8,75.91191602712979,75.91191602712979
1993-03-15,9.8,9.8,75.91191602712979,75.91191602712979
1993-03-16,9.8,9.8,75.91191602712979,75.91191602712979
1993-03-17,9.8,9.8,75.91191602712979,75.91191602712979
1993-03-18,9.8,9.8,75.91191602712979,75.91191602712979
1993-03-19,9.8,9.8,75.91191602712979,75.91191602712979
1993-03-20,9.8,9.8,75.91191602712979,75.91191602712979
1993-03-21,9.8,9.8,75.91191602712979,75.91191602712979
1993-03-22,9.8,9.8,75.91191602712979,75.91191602712979
1993-03-23,10.78427941899729,10.78427941899729,75.91191602712979,75.91191602712979
1993-03-24,11.5,11.5,81.05296070401054,81.05296070401054
1993-03-25,11.5,11.5,88.7931760562126,88.7931760562126
1993-03-26,11.5,11.5,90.69332833441584,90.69332833441584
1993-03-27,9.8,9.8,90.69332833441584,90.69332833441584
1993-03-28,9.8,9.8,90.69332833441584,90.69332833441584
1993-03-29,9.8,9.8,90.69332833441584,90.69332833441584
1993-03-30,9.8,9.8,90.69332833441584,90.69332833441584
1993-03-31,9.8,9.8,90.69332833441584,90.69332833441584
1993-04-01,9.8391258018749,9.8391258018749,90.69332833441584,90.69332833441584
1993-04-02,9.8,9.8,90.69332833441584,90.69332833441584
1993-04-03,9.8,9.8,90.69332833441584,90.69332833441584
1993-04-04,9.8,9.8,90.69332833441584,90.69332833441584
1993-04-05,9.8,9.8,90.69332833441584,90.69332833441584
1993-04-06,9.8,9.8,90.69332833441584,90.69332833441584
1993-04-07,9.8,9.8,90.69332833441584,90.69332833441584
1993-04-08,9.8,9.8,90.69332833441584,90.69332833441584
1993-04-09,9.8,9.8,90.69332833441584,90.69332833441584
1993-04-10,9.8,9.8,90.69332833441584,90.69332833441584
1993-04-11,9.8,9.8,90.69332833441584,90.69332833441584
1993-04-12,9.8,9.8,90.69332833441584,90.69332833441584
1993-04-13,9.8,9.8,90.69332833441584,90.69332833441584
1993-04-14,9.8,9.8,90.69332833441584,90.69332833441584
1993-04-15,9.8,9.8,90.69332833441584,90.69332833441584
1993-04-16,9.8,9.8,90.69332833441584,90.69332833441584
1993-04-17,9.8,9.8,90.69332833441584,90.69332833441584
1993-04-18,9.8,9.8,90.69332833441584,90.69332833441584
1993-04-19,9.8,9.8,90.69332833441584,90.69332833441584
1993-04-20,9.8,9.8,90.69332833441584,90.69332833441584
1993-04-21,9.8,9.8,90.69332833441584,90.69332833441584
1993-04-22,9.8,9.8,90.69332833441584,90.69332833441584
1993-04-23,9.8,9.8,90.69332833441584,90.69332833441584
1993-04-24,9.8,9.8,90.69332833441584,90.69332833441584
1993-04-25,9.8,9.8,90.69332833441584,90.69332833441584
1993-04-26,9.8,9.8,90.69332833441584,90.69332833441584
1993-04-27,9.8,9.8,90.69332833441584,90.69332833441584
1993-04-28,9.8,9.8,90.69332833441584,90.69332833441584
1993-04-29,10.560015456049431,10.560015456049431,90.69332833441584,90.69332833441584
1993-04-30,11.5,11.5,91.08069194239609,91.08069194239609
1993-05-01,11.5,11.5,91.80859301530303,91.80859301530303
1993-05-02,11.5,11.5,93.2040572144205,93.2040572144205
1993-05-03,11.03914980112258,11.03914980112258,93.2040572144205,93.2040572144205
1993-05-04,9.8,9.8,93.2040572144205,93.2040572144205
1993-05-05,9.8,9.8,93.2040572144205,93.2040572144205
1993-05-06,9.8,9.8,93.2040572144205,93.2040572144205
1993-05-07,9.8,9.8,93.2040572144205,93.2040572144205
1993-05-08,9.8,9.8,93.2040572144205,93.2040572144205
1993-05-09,9.8,9.8,93.2040572144205,93.2040572144205
1993-05-10,11.5,11.5,93.7597490514816,93.7597490514816
1993-05-11,11.5,11.5,96.20427787829352,96.20427787829352
1993-05-12,9.99676631856362,9.99676631856362,96.20427787829352,96.20427787829352
1993-05-13,9.8,9.8,96.20427787829352,96.20427787829352
1993-05-14,9.8,9.8,96.20427787829352,96.20427787829352
1993-05-15,11.5,11.5,96.25431378194055,96.25431378194055
1993-05-16,11.5,11.5,100.2164886261948,100.2164886261948
1993-05-17,11.5,11.5,105.51520330388632,105.51520330388632
1993-05-18,11.5,11.5,110.63873539285294,110.63873539285294
1993-05-19,11.5,11.5,116.55785155260911,116.55785155260911
1993-05-20,11.5,11.5,122.52354417169066,122.52354417169066
1993-05-21,11.5,11.5,128.04794606362873,128.04794606362873
1993-05-22,11.5,11.5,134.22452509844976,134.22452509844976
1993-05-23,11.5,11.5,143.29515371331922,143.29515371331922
1993-05-24,11.5,11.5,161.40914554495558,161.40914554495558
1993-05-25,11.5,11.5,167.58445103919567,167.58445103919567
1993-05-26,11.5,11.5,168.84504911533986,168.84504911533986
1993-05-27,11.5,11.5,169.98548632777803,169.98548632777803
1993-05-28,11.5,11.5,170.2653961858744,170.2653961858744
1993-05-29,11.5,11.5,171.45314874680753,171.45314874680753
1993-05-30,11.5,11.5,176.44272700625532,176.44272700625532
1993-05-31,11.5,11.5,198.7177851234125,198.7177851234125
1993-06-01,11.5,11.5,195.38567804280405,195.38567804280405
1993-06-02,11.5,11.5,192.5972249095667,192.5972249095667
1993-06-03,11.5,11.5,189.46455343262636,189.46455343262636
1993-06-04,11.5,11.5,188.46836080071665,188.46836080071665
1993-06-05,11.5,11.5,185.85148836859634,185.85148836859634
1993-06-06,11.5,11.5,182.46359286025373,182.46359286025373
1993-06-07,11.5,11.5,178.36066358279555,178.36066358279555
1993-06-08,11.5,11.5,174.41370645418164,174.41370645418164
1993-06-09,11.5,11.5,171.61310005614845,171.61310005614845
1993-06-10,11.5,11.5,170.42902794693097,170.42902794693097
1993-06-11,11.5,11.5,171.83375848505918,171.83375848505918
1993-06-12,11.5,11.5,175.138591279344,175.138591279344
1993-06-13,11.5,11.5,181.51788681078807,181.51788681078807
1993-06-14,11.5,11.5,190.00914793792455,190.00914793792455
1993-06-15,11.5,11.5,199.88931723911116,199.88931723911116
1993-06-16,11.5,11.5,210.4946919209188,210.4946919209188
1993-06-17,11.5,11.5,219.517907298231,219.517907298231
1993-06-18,11.5,11.5,230.26173309423834,230.26173309423834
1993-06-19,11.5,11.5,242.1073929965085,242.1073929965085
1993-06-20,11.5,11.5,248.60247311446074,248.60247311446074
1993-06-21,11.5,11.5,253.11846364505226,253.11846364505226
1993-06-22,11.5,11.5,257.07353145626337,257.07353145626337
1993-06-23,11.5,11.5,260.92981270920023,260.92981270920023
1993-06-24,11.5,11.5,267.83879834614834,267.83879834614834
1993-06-25,11.5,11.5,276.1434772190816,276.1434772190816
1993-06-26,11.5,11.5,285.1273168012619,285.1273168012619
1993-06-27,11.5,11.5,292.70878856182446,292.70878856182446
1993-06-28,11.5,11.5,297.92479138461374,297.92479138461374
1993-06-29,11.5,11.5,300.89928882789735,300.89928882789735
1993-06-30,11.5,11.5,305.6667661218978,305.6667661218978
1993-07-01,11.5,11.5,306.6733696003683,306.6733696003683
1993-07-02,11.5,11.5,307.803193769454,307.803193769454
1993-07-03,11.5,11.5,307.54980255892565,307.54980255892565
1993-07-04,11.5,11.5,306.6040831481448,306.6040831481448
1993-07-05,11.5,11.5,305.4988116258987,305.4988116258987
1993-07-06,11.5,11.5,304.6501137118172,304.6501137118172
1993-07-07,11.5,11.5,303.72773544818534,303.72773544818534
1993-07-08,11.5,11.5,302.23208657593966,302.23208657593966
1993-07-09,11.5,11.5,299.98387870298654,299.98387870298654
1993-07-10,11.5,11.5,297.19215681138513,297.19215681138513
1993-07-11,11.5,11.5,294.0662703479609,294.0662703479609
1993-07-12,11.5,11.5,290.548871265053,290.548871265053
1993-07-13,11.5,11.5,286.432751235031,286.432751235031
1993-07-14,11.5,11.5,281.51611567559274,281.51611567559274
1993-07-15,11.5,11.5,275.7786976233479,275.7786976233479
1993-07-16,11.5,11.5,269.5744211517012,269.5744211517012
1993-07-17,11.5,11.5,263.8113403719274,263.8113403719274
1993-07-18,11.5,11.5,257.45754915394684,257.45754915394684
1993-07-19,11.5,11.5,251.00116469531255,251.00116469531255
1993-07-20,11.5,11.5,244.24532820920285,244.24532820920285
1993-07-21,11.5,11.5,237.31461965076608,237.31461965076608
1993-07-22,11.5,11.5,230.45853465319163,230.45853465319163
1993-07-23,11.5,11.5,223.43153743936062,223.43153743936062
1993-07-24,11.5,11.5,216.40193651907987,216.40193651907987
1993-07-25,11.5,11.5,209.4318361134962,209.4318361134962
1993-07-26,11.5,11.5,202.34142698810462,202.34142698810462
1993-07-27,11.5,11.5,195.14214888570316,195.14214888570316
1993-07-28,11.5,11.5,187.86495436594456,187.86495436594456
1993-07-29,11.5,11.5,180.41135179424612,180.41135179424612
1993-07-30,11.5,11.5,172.93145164453574,172.93145164453574
1993-07-31,11.5,11.5,165.08583855391808,165.08583855391808
1993-08-01,11.5,11.5,157.58109022649535,157.58109022649535
1993-08-02,11.5,11.5,149.92137702820816,149.92137702820816
1993-08-03,11.5,11.5,142.21542892058892,142.21542892058892
1993-08-04,9.8,9.8,142.0,142.0
1993-08-05,9.8,9.8,142.0,142.0
1993-08-06,9.8,9.8,142.0,142.0
1993-08-07,9.8,9.8,142.0,142.0
1993-08-08,9.8,9.8,142.0,142.0
1993-08-09,9.8,9.8,142.0,142.0
1993-08-10,9.8,9.8,142.0,142.0
1993-08-11,9.8,9.8,142.0,142.0
1993-08-12,9.8,9.8,142.0,142.0
1993-08-13,9.8,9.8,142.0,142.0
1993-08-14,9.8,9.8,142.0,142.0
1993-08-15,9.8,9.8,142.0,142.0
1993-08-16,9.8,9.8,142.0,142.0
1993-08-17,9.8,9.8,142.0,142.0
1993-08-18,9.8,9.8,142.0,142.0
1993-08-19,9.8,9.8,142.0,142.0
1993-08-20,9.8,9.8,142.0,142.0
1993-08-21,9.8,9.8,142.0,142.0
1993-08-22,9.8,9.8,142.0,142.0
1993-08-23,9.8,9.8,142.0,142.0
1993-08-24,9.8,9.8,142.0,142.0
1993-08-25,9.8,9.8,142.0,142.0
1993-08-26,9.8,9.8,142.0,142.0
1993-08-27,9.8,9.8,142.0,142.0
1993-08-28,9.8,9.8,142.0,142.0
1993-08-29,9.8,9.8,142.0,142.0
1993-08-30,9.8,9.8,142.0,142.0
1993-08-31,9.8,9.8,142.0,142.0
1993-09-01,9.8,9.8,142.0,142.0
1993-09-02,9.8,9.8,142.0,142.0
1993-09-03,9.8,9.8,142.0,142.0
1993-09-04,9.8,9.8,142.0,142.0
1993-09-05,9.8,9.8,142.0,142.0
1993-09-06,9.8,9.8,142.0,142.0
1993-09-07,9.8,9.8,142.0,142.0
1993-09-08,9.8,9.8,142.0,142.0
1993-09-09,9.8,9.8,142.0,142.0
1993-09-10,9.8,9.8,142.0,142.0
1993-09-11,9.8,9.8,142.0,142.0
1993-09-12,9.8,9.8,142.0,142.0
1993-09-13,9.8,9.8,142.0,142.0
1993-09-14,9.8,9.8,142.0,142.0
1993-09-15,9.8,9.8,142.0,142.0
1993-09-16,9.8,9.8,142.0,142.0
1993-09-17,9.8,9.8,142.0,142.0
1993-09-18,9.8,9.8,142.0,142.0
1993-09-19,9.8,9.8,142.0,142.0
1993-09-20,9.8,9.8,142.0,142.0
1993-09-21,9.8,9.8,142.0,142.0
1993-09-22,9.8,9.8,142.0,142.0
1993-09-23,9.8,9.8,142.0,142.0
1993-09-24,9.8,9.8,142.0,142.0
1993-09-25,9.8,9.8,142.0,142.0
1993-09-26,9.8,9.8,142.0,142.0
1993-09-27,9.8,9.8,142.0,142.0
1993-09-28,9.8,9.8,142.0,142.0
1993-09-29,9.8,9.8,142.0,142.0
1993-09-30,9.8,9.8,142.0,142.0
1993-10-01,9.8,9.8,142.0,142.0
1993-10-02,9.8,9.8,142.0,142.0
1993-10-03,9.8,9.8,142.0,142.0
1993-10-04,9.8,9.8,142.0,142.0
1993-10-05,9.8,9.8,142.0,142.0
1993-10-06,9.8,9.8,142.0,142.0
1993-10-07,9.8,9.8,142.0,142.0
1993-10-08,9.8,9.8,142.0,142.0
1993-10-09,9.8,9.8,142.0,142.0
1993-10-10,9.8,9.8,142.0,142.0
1993-10-11,9.8,9.8,142.0,142.0
1993-10-12,9.8,9.8,142.0,142.0
1993-10-13,9.8,9.8,142.0,142.0
1993-10-14,9.8,9.8,142.0,142.0
1993-10-15,9.8,9.8,142.0,142.0
1993-10-16,9.8,9.8,142.0,142.0
1993-10-17,9.8,9.8,142.0,142.0
1993-10-18,9.8,9.8,142.0,142.0
1993-10-19,9.8,9.8,142.0,142.0
1993-10-20,9.8,9.8,142.0,142.0
1993-10-21,9.8,9.8,142.0,142.0
1993-10-22,9.8,9.8,142.0,142.0
1993-10-23,9.8,9.8,142.0,142.0
1993-10-24,9.8,9.8,142.0,142.0
1993-10-25,9.8,9.8,142.0,142.0
1993-10-26,9.8,9.8,142.0,142.0
1993-10-27,9.8,9.8,142.0,142.0
1993-10-28,9.8,9.8,142.0,142.0
1993-10-29,9.8,9.8,142.0,142.0
1993-10-30,9.8,9.8,142.0,142.0
1993-10-31,9.8,9.8,142.0,142.0
1993-11-01,9.8,9.8,142.0,142.0
1993-11-02,9.8,9.8,142.0,142.0
1993-11-03,9.8,9.8,142.0,142.0
1993-11-04,9.8,9.8,142.0,142.0
1993-11-05,9.8,9.8,142.0,142.0
1993-11-06,9.8,9.8,142.0,142.0
1993-11-07,9.8,9.8,142.0,142.0
1993-11-08,9.8,9.8,142.0,142.0
1993-11-09,9.8,9.8,142.0,142.0
1993-11-10,9.8,9.8,142.0,142.0
1993-11-11,9.8,9.8,142.0,142.0
1993-11-12,9.8,9.8,142.0,142.0
1993-11-13,9.8,9.8,142.0,142.0
1993-11-14,9.8,9.8,142.0,142.0
1993-11-15,9.8,9.8,142.0,142.0
1993-11-16,9.8,9.8,142.0,142.0
1993-11-17,9.8,9.8,142.0,142.0
1993-11-18,9.8,9.8,142.0,142.0
1993-11-19,9.8,9.8,142.0,142.0
1993-11-20,9.8,9.8,142.0,142.0
1993-11-21,9.8,9.8,142.0,142.0
1993-11-22,9.8,9.8,142.0,142.0
1993-11-23,9.8,9.8,142.0,142.0
1993-11-24,9.8,9.8,142.0,142.0
1993-11-25,9.8,9.8,142.0,142.0
1993-11-26,9.8,9.8,142.0,142.0
1993-11-27,9.8,9.8,142.0,142.0
1993-11-28,9.8,9.8,142.0,142.0
1993-11-29,9.8,9.8,142.0,142.0
1993-11-30,9.8,9.8,142.0,142.0
1993-12-01,9.8,9.8,142.0,142.0
1993-12-02,9.8,9.8,142.0,142.0
1993-12-03,9.8,9.8,142.0,142.0
1993-12-04,9.8,9.8,142.0,142.0
1993-12-05,9.8,9.8,142.0,142.0
1993-12-06,9.8,9.8,142.0,142.0
1993-12-07,9.8,9.8,142.0,142.0
1993-12-08,9.8,9.8,142.0,142.0
1993-12-09,9.8,9.8,142.0,142.0
1993-12-10,9.8,9.8,142.0,142.0
1993-12-11,9.8,9.8,142.0,142.0
1993-12-12,9.8,9.8,142.0,142.0
1993-12-13,9.8,9.8,142.0,142.0
1993-12-14,9.8,9.8,142.0,142.0
1993-12-15,9.8,9.8,142.0,142.0
1993-12-16,9.8,9.8,142.0,142.0
1993-12-17,9.8,9.8,142.0,142.0
1993-12-18,9.8,9.8,142.0,142.0
1993-12-19,9.8,9.8,142.0,142.0
1993-12-20,9.8,9.8,142.0,142.0
1993-12-21,9.8,9.8,142.0,142.0
1993-12-22,9.8,9.8,142.0,142.0
1993-12-23,9.8,9.8,142.0,142.0
1993-12-24,9.8,9.8,142.0,142.0
1993-12-25,9.8,9.8,142.0,142.0
1993-12-26,9.8,9.8,142.0,142.0
1993-12-27,9.8,9.8,142.0,142.0
1993-12-28,9.8,9.8,142.0,142.0
1993-12-29,9.8,9.8,142.0,142.0
1993-12-30,9.8,9.8,142.0,142.0
1993-12-31,9.8,9.8,142.0,142.0
1994-01-01,9.8,9.8,142.0,142.0
1994-01-02,9.8,9.8,142.0,142.0
1994-01-03,9.8,9.8,142.0,142.0
1994-01-04,9.8,9.8,142.0,142.0
1994-01-05,9.8,9.8,142.0,142.0
1994-01-06,9.8,9.8,142.0,142.0
1994-01-07,9.8,9.8,142.0,142.0
1994-01-08,9.8,9.8,142.0,142.0
1994-01-09,9.8,9.8,142.0,142.0
1994-01-10,9.8,9.8,142.0,142.0
1994-01-11,9.8,9.8,142.0,142.0
1994-01-12,9.8,9.8,142.0,142.0
1994-01-13,9.8,9.8,142.0,142.0
1994-01-14,9.8,9.8,142.0,142.0
1994-01-15,9.8,9.8,142.0,142.0
1994-01-16,9.8,9.8,142.0,142.0
1994-01-17,9.8,9.8,142.0,142.0
1994-01-18,9.8,9.8,142.0,142.0
1994-01-19,9.8,9.8,142.0,142.0
1994-01-20,9.8,9.8,142.0,142.0
1994-01-21,9.8,9.8,142.0,142.0
1994-01-22,9.8,9.8,142.0,142.0
1994-01-23,9.8,9.8,142.0,142.0
1994-01-24,9.8,9.8,142.0,142.0
1994-01-25,9.8,9.8,142.0,142.0
1994-01-26,9.8,9.8,142.0,142.0
1994-01-27,9.8,9.8,142.0,142.0
1994-01-28,9.8,9.8,142.0,142.0
1994-01-29,9.8,9.8,142.0,142.0
1994-01-30,9.8,9.8,142.0,142.0
1994-01-31,9.8,9.8,142.0,142.0
1994-02-01,9.8,9.8,142.0,142.0
1994-02-02,9.8,9.8,142.0,142.0
1994-02-03,9.8,9.8,142.0,142.0
1994-02-04,9.8,9.8,142.0,142.0
1994-02-05,9.8,9.8,142.0,142.0
1994-02-06,9.8,9.8,142.0,142.0
1994-02-07,9.8,9.8,142.0,142.0
1994-02-08,9.8,9.8,142.0,142.0
1994-02-09,9.8,9.8,142.0,142.0
1994-02-10,9.8,9.8,142.0,142.0
1994-02-11,9.8,9.8,142.0,142.0
1994-02-12,9.8,9.8,142.0,142.0
1994-02-13,9.8,9.8,142.0,142.0
1994-02-14,9.8,9.8,142.0,142.0
1994-02-15,9.8,9.8,142.0,142.0
1994-02-16,9.8,9.8,142.0,142.0
1994-02-17,9.8,9.8,142.0,142.0
1994-02-18,9.8,9.8,142.0,142.0
1994-02-19,9.8,9.8,142.0,142.0
1994-02-20,9.8,9.8,142.0,142.0
1994-02-21,9.8,9.8,142.0,142.0
1994-02-22,9.8,9.8,142.0,142.0
1994-02-23,9.8,9.8,142.0,142.0
1994-02-24,9.8,9.8,142.0,142.0
1994-02-25,9.8,9.8,142.0,142.0
1994-02-26,9.8,9.8,142.0,142.0
1994-02-27,9.8,9.8,142.0,142.0
1994-02-28,9.8,9.8,142.0,142.0
1994-03-01,9.8,9.8,142.0,142.0
1994-03-02,9.8,9.8,142.0,142.0
1994-03-03,9.8,9.8,142.0,142.0
1994-03-04,9.8,9.8,142.0,142.0
1994-03-05,9.8,9.8,142.0,142.0
1994-03-06,9.8,9.8,142.0,142.0
1994-03-07,9.8,9.8,142.0,142.0
1994-03-08,9.8,9.8,142.0,142.0
1994-03-09,9.8,9.8,142.0,142.0
1994-03-10,9.8,9.8,142.0,142.0
1994-03-11,9.8,9.8,142.0,142.0
1994-03-12,9.8,9.8,142.0,142.0
1994-03-13,9.8,9.8,142.0,142.0
1994-03-14,9.8,9.8,142.0,142.0
1994-03-15,9.8,9.8,142.0,142.0
1994-03-16,9.8,9.8,142.0,142.0
1994-03-17,9.8,9.8,142.0,142.0
1994-03-18,9.8,9.8,142.0,142.0
1994-03-19,9.8,9.8,142.0,142.0
1994-03-20,9.8,9.8,142.0,142.0
1994-03-21,9.8,9.8,142.0,142.0
1994-03-22,9.8,9.8,142.0,142.0
1994-03-23,9.8,9.8,142.0,142.0
1994-03-24,9.8,9.8,142.0,142.0
1994-03-25,9.8,9.8,142.0,142.0
1994-03-26,9.8,9.8,142.0,142.0
1994-03-27,9.8,9.8,142.0,142.0
1994-03-28,9.8,9.8,142.0,142.0
1994-03-29,9.8,9.8,142.0,142.0
1994-03-30,9.8,9.8,142.0,142.0
1994-03-31,9.8,9.8,142.0,142.0
1994-04-01,9.8,9.8,142.0,142.0
1994-04-02,9.8,9.8,142.0,142.0
1994-04-03,9.8,9.8,142.0,142.0
1994-04-04,9.8,9.8,142.0,142.0
1994-04-05,9.8,9.8,142.0,142.0
1994-04-06,9.8,9.8,142.0,142.0
1994-04-07,9.8,9.8,142.0,142.0
1994-04-08,9.8,9.8,142.0,142.0
1994-04-09,9.8,9.8,142.0,142.0
1994-04-10,9.8,9.8,142.0,142.0
1994-04-11,9.8,9.8,142.0,142.0
1994-04-12,9.8,9.8,142.0,142.0
1994-04-13,9.8,9.8,142.0,142.0
1994-04-14,9.8,9.8,142.0,142.0
1994-04-15,9.8,9.8,142.0,142.0
1994-04-16,9.8,9.8,142.0,142.0
1994-04-17,9.8,9.8,142.0,142.0
1994-04-18,9.8,9.8,142.0,142.0
1994-04-19,9.8,9.8,142.0,142.0
1994-04-20,9.8,9.8,142.0,142.0
1994-04-21,9.8,9.8,142.0,142.0
1994-04-22,9.8,9.8,142.0,142.0
1994-04-23,9.8,9.8,142.0,142.0
1994-04-24,9.8,9.8,142.0,142.0
1994-04-25,9.8,9.8,142.0,142.0
1994-04-26,9.8,9.8,142.0,142.0
1994-04-27,9.8,9.8,142.0,142.0
1994-04-28,9.8,9.8,142.0,142.0
1994-04-29,9.8,9.8,142.0,142.0
1994-04-30,9.8,9.8,142.0,142.0
1994-05-01,9.8,9.8,142.0,142.0
1994-05-02,9.8,9.8,142.0,142.0
1994-05-03,9.8,9.8,142.0,142.0
1994-05-04,9.8,9.8,142.0,142.0
1994-05-05,9.8,9.8,142.0,142.0
1994-05-06,9.8,9.8,142.0,142.0
1994-05-07,9.8,9.8,142.0,142.0
1994-05-08,9.8,9.8,142.0,142.0
1994-05-09,9.8,9.8,142.0,142.0
1994-05-10,9.8,9.8,142.0,142.0
1994-05-11,9.8,9.8,142.0,142.0
1994-05-12,9.8,9.8,142.0,142.0
1994-05-13,9.8,9.8,142.0,142.0
1994-05-14,9.8,9.8,142.0,142.0
1994-05-15,9.8,9.8,142.0,142.0
1994-05-16,9.8,9.8,142.0,142.0
1994-05-17,9.8,9.8,142.0,142.0
1994-05-18,9.8,9.8,142.0,142.0
1994-05-19,9.8,9.8,142.0,142.0
1994-05-20,9.8,9.8,142.0,142.0
1994-05-21,9.8,9.8,142.0,142.0
1994-05-22,9.8,9.8,142.0,142.0
1994-05-23,9.8,9.8,142.0,142.0
1994-05-24,9.8,9.8,142.0,142.0
1994-05-25,9.8,9.8,142.0,142.0
1994-05-26,9.8,9.8,142.0,142.0
1994-05-27,9.8,9.8,142.0,142.0
1994-05-28,9.8,9.8,142.0,142.0
1994-05-29,9.8,9.8,142.0,142.0
1994-05-30,9.8,9.8,142.0,142.0
1994-05-31,9.8,9.8,142.0,142.0
1994-06-01,9.8,9.8,142.0,142.0
1994-06-02,9.8,9.8,142.0,142.0
1994-06-03,9.8,9.8,142.0,142.0
1994-06-04,9.8,9.8,142.0,142.0
1994-06-05,9.8,9.8,142.0,142.0
1994-06-06,9.8,9.8,142.0,142.0
1994-06-07,9.8,9.8,142.0,142.0
1994-06-08,9.8,9.8,142.0,142.0
1994-06-09,9.8,9.8,142.0,142.0
1994-06-10,9.8,9.8,142.0,142.0
1994-06-11,9.8,9.8,142.0,142.0
1994-06-12,9.8,9.8,142.0,142.0
1994-06-13,9.8,9.8,142.0,142.0
1994-06-14,9.8,9.8,142.0,142.0
1994-06-15,9.8,9.8,142.0,142.0
1994-06-16,9.8,9.8,142.0,142.0
1994-06-17,9.8,9.8,142.0,142.0
1994-06-18,9.8,9.8,142.0,142.0
1994-06-19,9.8,9.8,142.0,142.0
1994-06-20,9.8,9.8,142.0,142.0
1994-06-21,9.8,9.8,142.0,142.0
1994-06-22,9.8,9.8,142.0,142.0
1994-06-23,9.8,9.8,142.0,142.0
1994-06-24,9.8,9.8,142.0,142.0
1994-06-25,9.8,9.8,142.0,142.0
1994-06-26,9.8,9.8,142.0,142.0
1994-06-27,9.8,9.8,142.0,142.0
1994-06-28,9.8,9.8,142.0,142.0
1994-06-29,9.8,9.8,142.0,142.0
1994-06-30,9.8,9.8,142.0,142.0
1994-07-01,9.8,9.8,142.0,142.0
1994-07-02,9.8,9.8,142.0,142.0
1994-07-03,9.8,9.8,142.0,142.0
1994-07-04,9.8,9.8,142.0,142.0
1994-07-05,9.8,9.8,142.0,142.0
1994-07-06,9.8,9.8,142.0,142.0
1994-07-07,9.8,9.8,142.0,142.0
1994-07-08,9.8,9.8,142.0,142.0
1994-07-09,9.8,9.8,142.0,142.0
1994-07-10,9.8,9.8,142.0,142.0
1994-07-11,9.8,9.8,142.0,142.0
1994-07-12,9.8,9.8,142.0,142.0
1994-07-13,9.8,9.8,142.0,142.0
1994-07-14,9.8,9.8,142.0,142.0
1994-07-15,9.8,9.8,142.0,142.0
1994-07-16,9.8,9.8,142.0,142.0
1994-07-17,9.8,9.8,142.0,142.0
1994-07-18,9.8,9.8,142.0,142.0
1994-07-19,9.8,9.8,142.0,142.0
1994-07-20,9.8,9.8,142.0,142.0
1994-07-21,9.8,9.8,142.0,142.0
1994-07-22,9.8,9.8,142.0,142.0
1994-07-23,9.8,9.8,142.0,142.0
1994-07-24,9.8,9.8,142.0,142.0
1994-07-25,9.8,9.8,142.0,142.0
1994-07-26,9.8,9.8,142.0,142.0
1994-07-27,9.8,9.8,142.0,142.0
1994-07-28,9.8,9.8,142.0,142.0
1994-07-29,9.8,9.8,142.0,142.0
1994-07-30,9.8,9.8,142.0,142.0
1994-07-31,9.8,9.8,142.0,142.0
1994-08-01,9.8,9.8,142.0,142.0
1994-08-02,9.8,9.8,142.0,142.0
1994-08-03,9.8,9.8,142.0,142.0
1994-08-04,9.8,9.8,142.0,142.0
1994-08-05,9.8,9.8,142.0,142.0
1994-08-06,9.8,9.8,142.0,142.0
1994-08-07,9.8,9.8,142.0,142.0
1994-08-08,9.8,9.8,142.0,142.0
1994-08-09,9.8,9.8,142.0,142.0
1994-08-10,9.8,9.8,142.0,142.0
1994-08-11,9.8,9.8,142.0,142.0
1994-08-12,9.8,9.8,142.0,142.0
1994-08-13,9.8,9.8,142.0,142.0
1994-08-14,9.8,9.8,142.0,142.0
1994-08-15,9.8,9.8,142.0,142.0
1994-08-16,9.8,9.8,142.0,142.0
1994-08-17,9.8,9.8,142.0,142.0
1994-08-18,9.8,9.8,142.0,142.0
1994-08-19,9.8,9.8,142.0,142.0
1994-08-20,9.8,9.8,142.0,142.0
1994-08-21,9.8,9.8,142.0,142.0
1994-08-22,9.8,9.8,142.0,142.0
1994-08-23,9.8,9.8,142.0,142.0
1994-08-24,9.8,9.8,142.0,142.0
1994-08-25,9.8,9.8,142.0,142.0
1994-08-26,9.8,9.8,142.0,142.0
1994-08-27,9.8,9.8,142.0,142.0
1994-08-28,9.8,9.8,142.0,142.0
1994-08-29,9.8,9.8,142.0,142.0
1994-08-30,9.8,9.8,142.0,142.0
1994-08-31,9.8,9.8,142.0,142.0
1994-09-01,9.8,9.8,142.0,142.0
1994-09-02,9.8,9.8,142.0,142.0
1994-09-03,9.8,9.8,142.0,142.0
1994-09-04,9.8,9.8,142.0,142.0
1994-09-05,9.8,9.8,142.0,142.0
1994-09-06,9.8,9.8,142.0,142.0
1994-09-07,9.8,9.8,142.0,142.0
1994-09-08,9.8,9.8,142.0,142.0
1994-09-09,9.8,9.8,142.0,142.0
1994-09-10,9.8,9.8,142.0,142.0
1994-09-11,9.8,9.8,142.0,142.0
1994-09-12,9.8,9.8,142.0,142.0
1994-09-13,9.8,9.8,142.0,142.0
1994-09-14,9.8,9.8,142.0,142.0
1994-09-15,9.8,9.8,142.0,142.0
1994-09-16,9.8,9.8,142.0,142.0
1994-09-17,9.8,9.8,142.0,142.0
1994-09-18,9.8,9.8,142.0,142.0
1994-09-19,9.8,9.8,142.0,142.0
1994-09-20,9.8,9.8,142.0,142.0
1994-09-21,9.8,9.8,142.0,142.0
1994-09-22,9.8,9.8,142.0,142.0
1994-09-23,9.8,9.8,142.0,142.0
1994-09-24,9.8,9.8,142.0,142.0
1994-09-25,9.8,9.8,142.0,142.0
1994-09-26,9.8,9.8,142.0,142.0
1994-09-27,9.8,9.8,142.0,142.0
1994-09-28,9.8,9.8,142.0,142.0
1994-09-29,9.8,9.8,142.0,142.0
1994-09-30,9.8,9.8,142.0,142.0
1994-10-01,9.8,9.8,142.0,142.0
1994-10-02,9.8,9.8,142.0,142.0
1994-10-03,9.8,9.8,142.0,142.0
1994-10-04,9.8,9.8,142.0,142.0
1994-10-05,9.8,9.8,142.0,142.0
1994-10-06,9.8,9.8,142.0,142.0
1994-10-07,9.8,9.8,142.0,142.0
1994-10-08,9.8,9.8,142.0,142.0
1994-10-09,9.8,9.8,142.0,142.0
1994-10-10,9.8,9.8,142.0,142.0
1994-10-11,9.8,9.8,142.0,142.0
1994-10-12,9.8,9.8,142.0,142.0
1994-10-13,9.8,9.8,142.0,142.0
1994-10-14,9.8,9.8,142.0,142.0
1994-10-15,9.8,9.8,142.0,142.0
1994-10-16,9.8,9.8,142.0,142.0
1994-10-17,9.8,9.8,142.0,142.0
1994-10-18,9.8,9.8,142.0,142.0
1994-10-19,9.8,9.8,142.0,142.0
1994-10-20,9.8,9.8,142.0,142.0
1994-10-21,9.8,9.8,142.0,142.0
1994-10-22,9.8,9.8,142.0,142.0
1994-10-23,9.8,9.8,142.0,142.0
1994-10-24,9.8,9.8,142.0,142.0
1994-10-25,9.8,9.8,142.0,142.0
1994-10-26,9.8,9.8,142.0,142.0
1994-10-27,9.8,9.8,142.0,142.0
1994-10-28,9.8,9.8,142.0,142.0
1994-10-29,9.8,9.8,142.0,142.0
1994-10-30,9.8,9.8,142.0,142.0
1994-10-31,9.8,9.8,142.0,142.0
1994-11-01,9.8,9.8,142.0,142.0
1994-11-02,9.8,9.8,142.0,142.0
1994-11-03,9.8,9.8,142.0,142.0
1994-11-04,9.8,9.8,142.0,142.0
1994-11-05,9.8,9.8,142.0,142.0
1994-11-06,9.8,9.8,142.0,142.0
1994-11-07,9.8,9.8,142.0,142.0
1994-11-08,9.8,9.8,142.0,142.0
1994-11-09,9.8,9.8,142.0,142.0
1994-11-10,9.8,9.8,142.0,142.0
1994-11-11,9.8,9.8,142.0,142.0
1994-11-12,9.8,9.8,142.0,142.0
1994-11-13,9.8,9.8,142.0,142.0
1994-11-14,9.8,9.8,142.0,142.0
1994-11-15,9.8,9.8,142.0,142.0
1994-11-16,9.8,9.8,142.0,142.0
1994-11-17,9.8,9.8,142.0,142.0
1994-11-18,9.8,9.8,142.0,142.0
1994-11-19,9.8,9.8,142.0,142.0
1994-11-20,9.8,9.8,142.0,142.0
1994-11-21,9.8,9.8,142.0,142.0
1994-11-22,9.8,9.8,142.0,142.0
1994-11-23,9.8,9.8,142.0,142.0
1994-11-24,9.8,9.8,142.0,142.0
1994-11-25,9.8,9.8,142.0,142.0
1994-11-26,9.8,9.8,142.0,142.0
1994-11-27,9.8,9.8,142.0,142.0
1994-11-28,9.8,9.8,142.0,142.0
1994-11-29,9.8,9.8,142.0,142.0
1994-11-30,9.8,9.8,142.0,142.0
1994-12-01,9.8,9.8,142.0,142.0
1994-12-02,9.8,9.8,142.0,142.0
1994-12-03,9.8,9.8,142.0,142.0
1994-12-04,9.8,9.8,142.0,142.0
1994-12-05,9.8,9.8,142.0,142.0
1994-12-06,9.8,9.8,142.0,142.0
1994-12-07,9.8,9.8,142.0,142.0
1994-12-08,9.8,9.8,142.0,142.0
1994-12-09,9.8,9.8,142.0,142.0
1994-12-10,9.8,9.8,142.0,142.0
1994-12-11,9.8,9.8,142.0,142.0
1994-12-12,9.8,9.8,142.0,142.0
1994-12-13,9.8,9.8,142.0,142.0
1994-12-14,9.8,9.8,142.0,142.0
1994-12-15,9.8,9.8,142.0,142.0
1994-12-16,9.8,9.8,142.0,142.0
1994-12-17,9.8,9.8,142.0,142.0
1994-12-18,9.8,9.8,142.0,142.0
1994-12-19,9.8,9.8,142.0,142.0
1994-12-20,9.8,9.8,142.0,142.0
1994-12-21,9.8,9.8,142.0,142.0
1994-12-22,9.8,9.8,142.0,142.0
1994-12-23,9.8,9.8,142.0,142.0
1994-12-24,9.8,9.8,142.0,142.0
1994-12-25,9.8,9.8,142.0,142.0
1994-12-26,9.8,9.8,142.0,142.0
1994-12-27,9.8,9.8,142.0,142.0
1994-12-28,9.8,9.8,142.0,142.0
1994-12-29,9.8,9.8,142.0,142.0
1994-12-30,9.8,9.8,142.0,142.0
1994-12-31,9.8,9.8,142.0,142.0
1995-01-01,9.8,9.8,142.0,142.0
1995-01-02,9.8,9.8,142.0,142.0
1995-01-03,9.8,9.8,142.0,142.0
1995-01-04,9.8,9.8,142.0,142.0
1995-01-05,9.8,9.8,142.0,142.0
1995-01-06,9.8,9.8,142.0,142.0
1995-01-07,9.8,9.8,142.0,142.0
1995-01-08,9.8,9.8,142.0,142.0
1995-01-09,9.858519908473392,9.858519908473392,142.0,142.0
1995-01-10,11.5,11.5,147.31014798662105,147.31014798662105
1995-01-11,11.5,11.5,145.9680373093968,145.9680373093968
1995-01-12,11.5,11.5,144.51774682509352,144.51774682509352
1995-01-13,11.5,11.5,143.68110776434446,143.68110776434446
1995-01-14,11.5,11.5,152.4998314825091,152.4998314825091
1995-01-15,11.5,11.5,158.2191564586916,158.2191564586916
1995-01-16,11.5,11.5,157.90357965184484,157.90357965184484
1995-01-17,11.5,11.5,155.76693249774894,155.76693249774894
1995-01-18,11.5,11.5,153.64128326274928,153.64128326274928
1995-01-19,11.5,11.5,151.4019497623247,151.4019497623247
1995-01-20,11.5,11.5,148.93135981692484,148.93135981692484
1995-01-21,11.5,11.5,146.12667114808528,146.12667114808528
1995-01-22,11.5,11.5,144.82825468340104,144.82825468340104
1995-01-23,11.5,11.5,145.26854107465115,145.26854107465115
1995-01-24,11.5,11.5,150.6154320284597,150.6154320284597
1995-01-25,11.5,11.5,156.43597758432804,156.43597758432804
1995-01-26,11.5,11.5,162.65880659662935,162.65880659662935
1995-01-27,11.5,11.5,167.52756336530106,167.52756336530106
1995-01-28,11.5,11.5,167.82937477357808,167.82937477357808
1995-01-29,11.5,11.5,167.592849335743,167.592849335743
1995-01-30,11.5,11.5,167.3034649097823,167.3034649097823
1995-01-31,11.5,11.5,166.91965671673978,166.91965671673978
1995-02-01,11.5,11.5,165.51028648885966,165.51028648885966
1995-02-02,11.5,11.5,163.91095213553578,163.91095213553578
1995-02-03,11.5,11.5,162.1212501587713,162.1212501587713
1995-02-04,11.5,11.5,160.0925993693215,160.0925993693215
1995-02-05,11.5,11.5,157.61020210434472,157.61020210434472
1995-02-06,11.5,11.5,154.75827231109218,154.75827231109218
1995-02-07,11.5,11.5,151.1553015257358,151.1553015257358
1995-02-08,11.5,11.5,146.9610389275166,146.9610389275166
1995-02-09,11.5,11.5,142.16986878297726,142.16986878297726
1995-02-10,9.8,9.8,142.0,142.0
1995-02-11,9.8,9.8,142.0,142.0
1995-02-12,9.8,9.8,142.0,142.0
1995-02-13,9.8,9.8,142.0,142.0
1995-02-14,9.8,9.8,142.0,142.0
1995-02-15,9.8,9.8,142.0,142.0
1995-02-16,9.8,9.8,142.0,142.0
1995-02-17,9.8,9.8,142.0,142.0
1995-02-18,9.8,9.8,142.0,142.0
1995-02-19,9.8,9.8,142.0,142.0
1995-02-20,9.8,9.8,142.0,142.0
1995-02-21,9.8,9.8,142.0,142.0
1995-02-22,9.8,9.8,142.0,142.0
1995-02-23,9.8,9.8,142.0,142.0
1995-02-24,9.8,9.8,142.0,142.0
1995-02-25,9.8,9.8,142.0,142.0
1995-02-26,9.8,9.8,142.0,142.0
1995-02-27,9.8,9.8,142.0,142.0
1995-02-28,9.8,9.8,142.0,142.0
1995-03-01,9.8,9.8,142.0,142.0
1995-03-02,9.8,9.8,142.0,142.0
1995-03-03,9.8,9.8,142.0,142.0
1995-03-04,9.8,9.8,142.0,142.0
1995-03-05,9.8,9.8,142.0,142.0
1995-03-06,9.8,9.8,142.0,142.0
1995-03-07,9.8,9.8,142.0,142.0
1995-03-08,9.8,9.8,142.0,142.0
1995-03-09,11.5,11.5,167.69464517699546,167.69464517699546
1995-03-10,11.5,11.5,245.61269505421257,245.61269505421257
1995-03-11,11.5,11.5,279.6930916233333,279.6930916233333
1995-03-12,11.5,11.5,285.6255744577406,285.6255744577406
1995-03-13,11.5,11.5,287.6820621337752,287.6820621337752
1995-03-14,11.5,11.5,289.04279674568323,289.04279674568323
1995-03-15,11.5,11.5,290.3558749666893,290.3558749666893
1995-03-16,11.5,11.5,291.8357361901699,291.8357361901699
1995-03-17,11.5,11.5,292.9456651765594,292.9456651765594
1995-03-18,11.5,11.5,294.29883062856345,294.29883062856345
1995-03-19,11.5,11.5,296.87400294203144,296.87400294203144
1995-03-20,11.5,11.5,303.33189074533465,303.33189074533465
1995-03-21,11.5,11.5,309.4795292967747,309.4795292967747
1995-03-22,11.5,11.5,317.45261634488025,317.45261634488025
1995-03-23,11.5,11.5,332.3289019863033,332.3289019863033
1995-03-24,11.5,11.5,334.5144795341159,334.5144795341159
1995-03-25,11.5,11.5,336.0734604459247,336.0734604459247
1995-03-26,11.5,11.5,337.61254975473895,337.61254975473895
1995-03-27,11.5,11.5,338.9814844870673,338.9814844870673
1995-03-28,11.5,11.5,340.2307911603289,340.2307911603289
1995-03-29,11.5,11.5,341.0659311375383,341.0659311375383
1995-03-30,11.5,11.5,341.4153016564604,341.4153016564604
1995-03-31,11.5,11.5,341.2639512174413,341.2639512174413
1995-04-01,11.5,11.5,342.67181487323325,342.67181487323325
1995-04-02,11.5,11.5,343.94964299392086,343.94964299392086
1995-04-03,11.5,11.5,345.33590342744225,345.33590342744225
1995-04-04,11.5,11.5,346.6504570764123,346.6504570764123
1995-04-05,11.5,11.5,348.2406466095272,348.2406466095272
1995-04-06,11.5,11.5,348.1206846260286,348.1206846260286
1995-04-07,11.5,11.5,348.7987617613505,348.7987617613505
1995-04-08,11.5,11.5,347.3886723896446,347.3886723896446
1995-04-09,11.5,11.5,344.86781617739337,344.86781617739337
1995-04-10,11.5,11.5,342.1676074835019,342.1676074835019
1995-04-11,11.5,11.5,339.6747926572175,339.6747926572175
1995-04-12,11.5,11.5,337.97833575184086,337.97833575184086
1995-04-13,11.5,11.5,335.4388530104964,335.4388530104964
1995-04-14,11.5,11.5,332.2862096351864,332.2862096351864
1995-04-15,11.5,11.5,328.5055198380138,328.5055198380138
1995-04-16,11.5,11.5,324.615823768369,324.615823768369
1995-04-17,11.5,11.5,320.64794499768414,320.64794499768414
1995-04-18,11.5,11.5,316.5048059027773,316.5048059027773
1995-04-19,11.5,11.5,312.24348107991705,312.24348107991705
1995-04-20,11.5,11.5,307.69970840341955,307.69970840341955
1995-04-21,11.5,11.5,302.74988422810856,302.74988422810856
1995-04-22,11.5,11.5,297.46310538933574,297.46310538933574
1995-04-23,11.5,11.5,292.4315765538264,292.4315765538264
1995-04-24,11.5,11.5,288.1624378462184,288.1624378462184
1995-04-25,11.5,11.5,284.712308163827,284.712308163827
1995-04-26,11.5,11.5,282.4307680128484,282.4307680128484
1995-04-27,11.5,11.5,281.5514537225366,281.5514537225366
1995-04-28,11.5,11.5,281.4224639630193,281.4224639630193
1995-04-29,11.5,11.5,291.41534834526504,291.41534834526504
1995-04-30,11.5,11.5,313.80239511242496,313.80239511242496
1995-05-01,11.5,11.5,334.52714063552344,334.52714063552344
1995-05-02,11.5,11.5,339.55795440768753,339.55795440768753
1995-05-03,11.5,11.5,341.4507691446583,341.4507691446583
1995-05-04,11.5,11.5,343.9065938376151,343.9065938376151
1995-05-05,11.5,11.5,345.7517216040388,345.7517216040388
1995-05-06,11.5,11.5,346.43563718734583,346.43563718734583
1995-05-07,11.5,11.5,346.7820864848929,346.7820864848929
1995-05-08,11.5,11.5,346.9532485766606,346.9532485766606
1995-05-09,11.5,11.5,347.30622086925183,347.30622086925183
1995-05-10,11.5,11.5,347.6447237692682,347.6447237692682
1995-05-11,11.5,11.5,347.93774637294814,347.93774637294814
1995-05-12,11.5,11.5,348.1266826252173,348.1266826252173
1995-05-13,11.5,11.5,348.0377779062416,348.0377779062416
1995-05-14,11.5,11.5,346.67444064115614,346.67444064115614
1995-05-15,11.5,11.5,345.3801370158091,345.3801370158091
1995-05-16,11.5,11.5,343.45677459099664,343.45677459099664
1995-05-17,11.5,11.5,342.0698187182078,342.0698187182078
1995-05-18,11.5,11.5,341.1919509976294,341.1919509976294
1995-05-19,11.5,11.5,342.31912295022846,342.31912295022846
1995-05-20,11.5,11.5,346.2741458839719,346.2741458839719
1995-05-21,11.5,11.5,349.9216028304589,349.9216028304589
1995-05-22,11.5,11.5,353.91498439348396,353.91498439348396
1995-05-23,11.5,11.5,355.1374906136629,355.1374906136629
1995-05-24,11.5,11.5,355.35891673615316,355.35891673615316
1995-05-25,11.5,11.5,356.8860768380533,356.8860768380533
1995-05-26,11.5,11.5,357.4806451738791,357.4806451738791
1995-05-27,11.5,11.5,359.2422515586217,359.2422515586217
1995-05-28,11.5,11.5,362.03821475378726,362.03821475378726
1995-05-29,11.5,11.5,367.57816404699196,367.57816404699196
1995-05-30,11.5,11.5,376.1850235572544,376.1850235572544
1995-05-31,11.5,11.5,389.18777226129924,389.18777226129924
1995-06-01,11.5,11.5,398.7202111341265,398.7202111341265
1995-06-02,11.5,11.5,402.16046302633157,402.16046302633157
1995-06-03,11.5,11.5,407.85630615687523,407.85630615687523
1995-06-04,11.5,11.5,414.36203756410384,414.36203756410384
1995-06-05,11.5,11.5,419.295550622471,419.295550622471
1995-06-06,11.5,11.5,417.9252683685767,417.9252683685767
1995-06-07,11.5,11.5,414.5386447043091,414.5386447043091
1995-06-08,11.5,11.5,411.03168318200295,411.03168318200295
1995-06-09,11.5,11.5,408.4452457626162,408.4452457626162
1995-06-10,11.5,11.5,407.808570281144,407.808570281144
1995-06-11,11.5,11.5,410.21421627773896,410.21421627773896
1995-06-12,11.5,11.5,416.3452554013181,416.3452554013181
1995-06-13,11.5,11.5,425.1906088850467,425.1906088850467
1995-06-14,11.5,11.5,429.540159044193,429.540159044193
1995-06-15,11.5,11.5,430.80818391825653,430.80818391825653
1995-06-16,11.5,11.5,429.1907630152684,429.1907630152684
1995-06-17,11.5,11.5,425.572394230213,425.572394230213
1995-06-18,11.5,11.5,423.2346569576691,423.2346569576691
1995-06-19,11.5,11.5,421.98975727983805,421.98975727983805
1995-06-20,11.5,11.5,421.7039264549018,421.7039264549018
1995-06-21,11.5,11.5,424.85468608770395,424.85468608770395
1995-06-22,11.5,11.5,432.60494437163123,432.60494437163123
1995-06-23,11.5,11.5,443.814468298706,443.814468298706
1995-06-24,11.5,11.5,461.71273764614523,461.71273764614523
1995-06-25,11.5,11.5,479.7884903631368,479.7884903631368
1995-06-26,11.5,11.5,501.97832103833315,501.97832103833315
1995-06-27,11.5,11.5,526.4393076344068,526.4393076344068
1995-06-28,11.5,11.5,545.03762232543,545.03762232543
1995-06-29,11.5,11.5,561.0645253492228,561.0645253492228
1995-06-30,11.5,11.5,574.4045544569477,574.4045544569477
1995-07-01,11.5,11.5,580.9185324649643,580.9185324649643
1995-07-02,11.5,11.5,587.424078617278,587.424078617278
1995-07-03,11.5,11.5,593.6287578151047,593.6287578151047
1995-07-04,11.5,11.5,600.4622808566777,600.4622808566777
1995-07-05,11.5,11.5,608.969519427732,608.969519427732
1995-07-06,11.5,11.5,615.4510535939789,615.4510535939789
1995-07-07,11.5,11.5,621.1612049284167,621.1612049284167
1995-07-08,11.5,11.5,625.904117431867,625.904117431867
1995-07-09,11.5,11.5,629.9762618642244,629.9762618642244
1995-07-10,11.5,11.5,633.0304468786431,633.0304468786431
1995-07-11,11.5,11.5,634.6214303904353,634.6214303904353
1995-07-12,11.5,11.5,634.668056209876,634.668056209876
1995-07-13,11.5,11.5,634.7553870027226,634.7553870027226
1995-07-14,11.5,11.5,635.4744890101282,635.4744890101282
1995-07-15,11.5,11.5,638.7846624111365,638.7846624111365
1995-07-16,11.5,11.5,642.8774557542949,642.8774557542949
1995-07-17,11.5,11.5,644.6020901887027,644.6020901887027
1995-07-18,11.5,11.5,643.5217675105946,643.5217675105946
1995-07-19,11.5,11.5,643.1650622746357,643.1650622746357
1995-07-20,11.5,11.5,642.5678383263255,642.5678383263255
1995-07-21,11.5,11.5,641.8294186762705,641.8294186762705
1995-07-22,11.5,11.5,640.4470371459237,640.4470371459237
1995-07-23,11.5,11.5,638.8257296207315,638.8257296207315
1995-07-24,11.5,11.5,637.1289426867639,637.1289426867639
1995-07-25,11.5,11.5,634.7887648565253,634.7887648565253
1995-07-26,11.5,11.5,632.6263331452153,632.6263331452153
1995-07-27,11.5,11.5,631.1454798879242,631.1454798879242
1995-07-28,11.5,11.5,629.6075218683176,629.6075218683176
1995-07-29,11.5,11.5,627.4347297249358,627.4347297249358
1995-07-30,11.5,11.5,624.1437757521746,624.1437757521746
1995-07-31,11.5,11.5,620.7952247109788,620.7952247109788
1995-08-01,11.5,11.5,618.1542272903105,618.1542272903105
1995-08-02,11.5,11.5,615.2698850501156,615.2698850501156
1995-08-03,11.5,11.5,611.857468849254,611.857468849254
1995-08-04,11.5,11.5,607.680261020494,607.680261020494
1995-08-05,11.5,11.5,603.2854769975738,603.2854769975738
1995-08-06,11.5,11.5,598.4441527015016,598.4441527015016
1995-08-07,11.5,11.5,592.9995527187914,592.9995527187914
1995-08-08,11.5,11.5,587.1774041373466,587.1774041373466
1995-08-09,11.5,11.5,581.0487208223739,581.0487208223739
1995-08-10,11.5,11.5,574.6739770370125,574.6739770370125
1995-08-11,11.5,11.5,567.9794358436317,567.9794358436317
1995-08-12,11.5,11.5,561.1282313190239,561.1282313190239
1995-08-13,11.5,11.5,554.2553119069015,554.2553119069015
1995-08-14,11.5,11.5,547.2143012660973,547.2143012660973
1995-08-15,11.5,11.5,540.1198690105214,540.1198690105214
1995-08-16,11.5,11.5,532.514865688715,532.514865688715
1995-08-17,11.5,11.5,524.5171662011452,524.5171662011452
1995-08-18,11.5,11.5,516.0147776242706,516.0147776242706
1995-08-19,11.5,11.5,507.8416165952186,507.8416165952186
1995-08-20,11.5,11.5,499.6923903648618,499.6923903648618
1995-08-21,11.5,11.5,491.7899141454748,491.7899141454748
1995-08-22,11.5,11.5,483.70998588428483,483.70998588428483
1995-08-23,11.5,11.5,475.51282052658576,475.51282052658576
1995-08-24,11.5,11.5,467.0886847779541,467.0886847779541
1995-08-25,11.5,11.5,458.36306043114837,458.36306043114837
1995-08-26,11.5,11.5,449.34037431543555,449.34037431543555
1995-08-27,11.5,11.5,440.2619272188638,440.2619272188638
1995-08-28,11.5,11.5,431.2645168554441,431.2645168554441
1995-08-29,11.5,11.5,422.1082465327661,422.1082465327661
1995-08-30,11.5,11.5,412.97388790809197,412.97388790809197
1995-08-31,11.5,11.5,403.90559980467515,403.90559980467515
1995-09-01,11.5,11.5,395.5631491179794,395.5631491179794
1995-09-02,11.5,11.5,387.39672356173946,387.39672356173946
1995-09-03,11.5,11.5,379.196881855665,379.196881855665
1995-09-04,11.5,11.5,370.77369935193923,370.77369935193923
1995-09-05,11.5,11.5,362.1043313833987,362.1043313833987
1995-09-06,11.5,11.5,353.6020594787193,353.6020594787193
1995-09-07,11.5,11.5,345.11698592671996,345.11698592671996
1995-09-08,11.5,11.5,336.4353718282751,336.4353718282751
1995-09-09,11.5,11.5,327.6182380634183,327.6182380634183
1995-09-10,11.5,11.5,318.5692982971892,318.5692982971892
1995-09-11,11.5,11.5,309.572703860693,309.572703860693
1995-09-12,11.5,11.5,300.65729953421703,300.65729953421703
1995-09-13,11.5,11.5,291.6808386818611,291.6808386818611
1995-09-14,11.5,11.5,282.73867430459796,282.73867430459796
1995-09-15,11.5,11.5,273.78684244392844,273.78684244392844
1995-09-16,11.5,11.5,264.6758365228186,264.6758365228186
1995-09-17,11.5,11.5,255.3920821057897,255.3920821057897
1995-09-18,11.5,11.5,246.14020889092916,246.14020889092916
1995-09-19,11.5,11.5,237.03720388062584,237.03720388062584
1995-09-20,11.5,11.5,227.9274662021744,227.9274662021744
1995-09-21,11.5,11.5,218.7173505999327,218.7173505999327
1995-09-22,11.5,11.5,209.35573095270507,209.35573095270507
1995-09-23,11.5,11.5,199.81177572073528,199.81177572073528
1995-09-24,11.5,11.5,190.22024683060704,190.22024683060704
1995-09-25,11.5,11.5,180.61502624499047,180.61502624499047
1995-09-26,11.5,11.5,170.98587717245397,170.98587717245397
1995-09-27,11.5,11.5,161.3499628881849,161.3499628881849
1995-09-28,11.5,11.5,151.7023632013385,151.7023632013385
1995-09-29,11.5,11.5,142.0362763607565,142.0362763607565
1995-09-30,9.8,9.8,142.0,142.0
1995-10-01,9.8,9.8,142.0,142.0
1995-10-02,9.8,9.8,142.0,142.0
1995-10-03,9.8,9.8,142.0,142.0
1995-10-04,9.8,9.8,142.0,142.0
1995-10-05,9.8,9.8,142.0,142.0
1995-10-06,9.8,9.8,142.0,142.0
1995-10-07,9.8,9.8,142.0,142.0
1995-10-08,9.8,9.8,142.0,142.0
1995-10-09,9.8,9.8,142.0,142.0
1995-10-10,9.8,9.8,142.0,142.0
1995-10-11,9.8,9.8,142.0,142.0
1995-10-12,9.8,9.8,142.0,142.0
1995-10-13,9.8,9.8,142.0,142.0
1995-10-14,9.8,9.8,142.0,142.0
1995-10-15,9.8,9.8,142.0,142.0
1995-10-16,9.8,9.8,142.0,142.0
1995-10-17,9.8,9.8,142.0,142.0
1995-10-18,9.8,9.8,142.0,142.0
1995-10-19,9.8,9.8,142.0,142.0
1995-10-20,9.8,9.8,142.0,142.0
1995-10-21,9.8,9.8,142.0,142.0
1995-10-22,9.8,9.8,142.0,142.0
1995-10-23,9.8,9.8,142.0,142.0
1995-10-24,9.8,9.8,142.0,142.0
1995-10-25,9.8,9.8,142.0,142.0
1995-10-26,9.8,9.8,142.0,142.0
1995-10-27,9.8,9.8,142.0,142.0
1995-10-28,9.8,9.8,142.0,142.0
1995-10-29,9.8,9.8,142.0,142.0
1995-10-30,9.8,9.8,142.0,142.0
1995-10-31,9.8,9.8,142.0,142.0
1995-11-01,9.8,9.8,142.0,142.0
1995-11-02,9.8,9.8,142.0,142.0
1995-11-03,9.8,9.8,142.0,142.0
1995-11-04,9.8,9.8,142.0,142.0
1995-11-05,9.8,9.8,142.0,142.0
1995-11-06,9.8,9.8,142.0,142.0
1995-11-07,9.8,9.8,142.0,142.0
1995-11-08,9.8,9.8,142.0,142.0
1995-11-09,9.8,9.8,142.0,142.0
1995-11-10,9.8,9.8,142.0,142.0
1995-11-11,9.8,9.8,142.0,142.0
1995-11-12,9.8,9.8,142.0,142.0
1995-11-13,9.8,9.8,142.0,142.0
1995-11-14,9.8,9.8,142.0,142.0
1995-11-15,9.8,9.8,142.0,142.0
1995-11-16,9.8,9.8,142.0,142.0
1995-11-17,9.8,9.8,142.0,142.0
1995-11-18,9.8,9.8,142.0,142.0
1995-11-19,9.8,9.8,142.0,142.0
1995-11-20,9.8,9.8,142.0,142.0
1995-11-21,9.8,9.8,142.0,142.0
1995-11-22,9.8,9.8,142.0,142.0
1995-11-23,9.8,9.8,142.0,142.0
1995-11-24,9.8,9.8,142.0,142.0
1995-11-25,9.8,9.8,142.0,142.0
1995-11-26,9.8,9.8,142.0,142.0
1995-11-27,9.8,9.8,142.0,142.0
1995-11-28,9.8,9.8,142.0,142.0
1995-11-29,9.8,9.8,142.0,142.0
1995-11-30,9.8,9.8,142.0,142.0
1995-12-01,9.8,9.8,142.0,142.0
1995-12-02,9.8,9.8,142.0,142.0
1995-12-03,9.8,9.8,142.0,142.0
1995-12-04,9.8,9.8,142.0,142.0
1995-12-05,9.8,9.8,142.0,142.0
1995-12-06,9.8,9.8,142.0,142.0
1995-12-07,9.8,9.8,142.0,142.0
1995-12-08,9.8,9.8,142.0,142.0
1995-12-09,9.8,9.8,142.0,142.0
1995-12-10,9.8,9.8,142.0,142.0
1995-12-11,9.8,9.8,142.0,142.0
1995-12-12,11.5,11.5,160.16616741370603,160.16616741370603
1995-12-13,11.5,11.5,161.56799078893167,161.56799078893167
1995-12-14,11.5,11.5,154.0134782418752,154.0134782418752
1995-12-15,11.5,11.5,145.42460033088219,145.42460033088219
1995-12-16,9.8,9.8,142.0,142.0
1995-12-17,9.8,9.8,142.0,142.0
1995-12-18,9.8,9.8,142.0,142.0
1995-12-19,9.8,9.8,142.0,142.0
1995-12-20,9.8,9.8,142.0,142.0
1995-12-21,9.8,9.8,142.0,142.0
1995-12-22,9.8,9.8,142.0,142.0
1995-12-23,9.8,9.8,142.0,142.0
1995-12-24,9.8,9.8,142.0,142.0
1995-12-25,9.8,9.8,142.0,142.0
1995-12-26,9.8,9.8,142.0,142.0
1995-12-27,9.8,9.8,142.0,142.0
1995-12-28,9.8,9.8,142.0,142.0
1995-12-29,9.8,9.8,142.0,142.0
1995-12-30,9.8,9.8,142.0,142.0
1995-12-31,9.8,9.8,142.0,142.0
1996-01-01,9.8,9.8,142.0,142.0
1996-01-02,9.8,9.8,142.0,142.0
1996-01-03,9.8,9.8,142.0,142.0
1996-01-04,9.8,9.8,142.0,142.0
1996-01-05,9.8,9.8,142.0,142.0
1996-01-06,9.8,9.8,142.0,142.0
1996-01-07,9.8,9.8,142.0,142.0
1996-01-08,9.8,9.8,142.0,142.0
1996-01-09,9.8,9.8,142.0,142.0
1996-01-10,9.8,9.8,142.0,142.0
1996-01-11,9.8,9.8,142.0,142.0
1996-01-12,9.8,9.8,142.0,142.0
1996-01-13,9.8,9.8,142.0,142.0
1996-01-14,9.8,9.8,142.0,142.0
1996-01-15,9.8,9.8,142.0,142.0
1996-01-16,9.8,9.8,142.0,142.0
1996-01-17,9.8,9.8,142.0,142.0
1996-01-18,9.8,9.8,142.0,142.0
1996-01-19,9.8,9.8,142.0,142.0
1996-01-20,9.8,9.8,142.0,142.0
1996-01-21,9.8,9.8,142.0,142.0
1996-01-22,9.8,9.8,142.0,142.0
1996-01-23,9.8,9.8,142.0,142.0
1996-01-24,9.8,9.8,142.0,142.0
1996-01-25,9.8,9.8,142.0,142.0
1996-01-26,9.8,9.8,142.0,142.0
1996-01-27,9.8,9.8,142.0,142.0
1996-01-28,9.8,9.8,142.0,142.0
1996-01-29,9.8,9.8,142.0,142.0
1996-01-30,9.8,9.8,142.0,142.0
1996-01-31,9.8,9.8,142.0,142.0
1996-02-01,9.8,9.8,142.0,142.0
1996-02-02,9.8,9.8,142.0,142.0
1996-02-03,9.8,9.8,142.0,142.0
1996-02-04,9.8,9.8,142.0,142.0
1996-02-05,11.234419799232857,11.234419799232857,142.0,142.0
1996-02-06,9.8,9.8,142.0,142.0
1996-02-07,9.8,9.8,142.0,142.0
1996-02-08,9.8,9.8,142.0,142.0
1996-02-09,9.8,9.8,142.0,142.0
1996-02-10,9.8,9.8,142.0,142.0
1996-02-11,9.8,9.8,142.0,142.0
1996-02-12,9.8,9.8,142.0,142.0
1996-02-13,9.8,9.8,142.0,142.0
1996-02-14,9.8,9.8,142.0,142.0
1996-02-15,9.8,9.8,142.0,142.0
1996-02-16,9.8,9.8,142.0,142.0
1996-02-17,9.8,9.8,142.0,142.0
1996-02-18,9.8,9.8,142.0,142.0
1996-02-19,11.5,11.5,146.52913438509736,146.52913438509736
1996-02-20,11.5,11.5,152.72153238837205,152.72153238837205
1996-02-21,11.5,11.5,159.20988657202662,159.20988657202662
1996-02-22,11.5,11.5,160.88679433517493,160.88679433517493
1996-02-23,11.5,11.5,159.9970682265686,159.9970682265686
1996-02-24,11.5,11.5,159.29917486026795,159.29917486026795
1996-02-25,11.5,11.5,158.51420478118814,158.51420478118814
1996-02-26,11.5,11.5,157.31100688610715,157.31100688610715
1996-02-27,11.5,11.5,155.6879589747423,155.6879589747423
1996-02-28,11.5,11.5,153.6132905790769,153.6132905790769
1996-02-29,11.5,11.5,151.02074060555213,151.02074060555213
1996-03-01,11.5,11.5,147.39179792406983,147.39179792406983
1996-03-02,11.5,11.5,143.65040271161584,143.65040271161584
1996-03-03,10.285671170786285,10.285671170786285,142.0,142.0
1996-03-04,11.5,11.5,142.1287029553787,142.1287029553787
1996-03-05,11.5,11.5,143.87236540448794,143.87236540448794
1996-03-06,11.257900291583152,11.257900291583152,142.0,142.0
1996-03-07,9.8,9.8,142.0,142.0
1996-03-08,9.8,9.8,142.0,142.0
1996-03-09,9.8,9.8,142.0,142.0
1996-03-10,9.8,9.8,142.0,142.0
1996-03-11,9.8,9.8,142.0,142.0
1996-03-12,9.8,9.8,142.0,142.0
1996-03-13,9.8,9.8,142.0,142.0
1996-03-14,9.8,9.8,142.0,142.0
1996-03-15,9.8,9.8,142.0,142.0
1996-03-16,9.8,9.8,142.0,142.0
1996-03-17,9.8,9.8,142.0,142.0
1996-03-18,9.8,9.8,142.0,142.0
1996-03-19,9.8,9.8,142.0,142.0
1996-03-20,9.8,9.8,142.0,142.0
1996-03-21,9.8,9.8,142.0,142.0
1996-03-22,9.8,9.8,142.0,142.0
1996-03-23,9.8,9.8,142.0,142.0
1996-03-24,9.8,9.8,142.0,142.0
1996-03-25,9.8,9.8,142.0,142.0
1996-03-26,9.8,9.8,142.0,142.0
1996-03-27,9.8,9.8,142.0,142.0
1996-03-28,9.8,9.8,142.0,142.0
1996-03-29,9.8,9.8,142.0,142.0
1996-03-30,9.8,9.8,142.0,142.0
1996-03-31,9.8,9.8,142.0,142.0
1996-04-01,9.8,9.8,142.0,142.0
1996-04-02,9.8,9.8,142.0,142.0
1996-04-03,9.8,9.8,142.0,142.0
1996-04-04,9.8,9.8,142.0,142.0
1996-04-05,9.8,9.8,142.0,142.0
1996-04-06,9.8,9.8,142.0,142.0
1996-04-07,9.8,9.8,142.0,142.0
1996-04-08,9.8,9.8,142.0,142.0
1996-04-09,9.8,9.8,142.0,142.0
1996-04-10,9.8,9.8,142.0,142.0
1996-04-11,9.8,9.8,142.0,142.0
1996-04-12,9.8,9.8,142.0,142.0
1996-04-13,9.8,9.8,142.0,142.0
1996-04-14,9.8,9.8,142.0,142.0
1996-04-15,9.8,9.8,142.0,142.0
1996-04-16,9.8,9.8,142.0,142.0
1996-04-17,9.8,9.8,142.0,142.0
1996-04-18,9.8,9.8,142.0,142.0
1996-04-19,9.8,9.8,142.0,142.0
1996-04-20,9.8,9.8,142.0,142.0
1996-04-21,9.8,9.8,142.0,142.0
1996-04-22,9.8,9.8,142.0,142.0
1996-04-23,9.8,9.8,142.0,142.0
1996-04-24,9.8,9.8,142.0,142.0
1996-04-25,9.8,9.8,142.0,142.0
1996-04-26,10.528384230597645,10.528384230597645,142.0,142.0
1996-04-27,11.5,11.5,142.19433018739292,142.19433018739292
1996-04-28,11.5,11.5,144.13193470440913,144.13193470440913
1996-04-29,11.5,11.5,147.2514690993092,147.2514690993092
1996-04-30,11.5,11.5,152.36182967441297,152.36182967441297
1996-05-01,11.5,11.5,158.70106467143034,158.70106467143034
1996-05-02,11.5,11.5,165.49930303969725,165.49930303969725
1996-05-03,11.5,11.5,171.8335842528626,171.8335842528626
1996-05-04,11.5,11.5,176.71440862242264,176.71440862242264
1996-05-05,11.5,11.5,182.51514498024056,182.51514498024056
1996-05-06,11.5,11.5,188.9780832544032,188.9780832544032
1996-05-07,11.5,11.5,196.90293669535976,196.90293669535976
1996-05-08,11.5,11.5,204.7345210603059,204.7345210603059
1996-05-09,11.5,11.5,210.6489019859543,210.6489019859543
1996-05-10,11.5,11.5,223.4071795387482,223.4071795387482
1996-05-11,11.5,11.5,244.51094128301654,244.51094128301654
1996-05-12,11.5,11.5,269.94336399037286,269.94336399037286
1996-05-13,11.5,11.5,295.2424158396551,295.2424158396551
1996-05-14,11.5,11.5,312.4079966030925,312.4079966030925
1996-05-15,11.5,11.5,354.8634584828711,354.8634584828711
1996-05-16,11.5,11.5,412.9198806776751,412.9198806776751
1996-05-17,11.5,11.5,425.4834737357457,425.4834737357457
1996-05-18,11.5,11.5,428.35166992831904,428.35166992831904
1996-05-19,11.5,11.5,432.55294633809655,432.55294633809655
1996-05-20,11.5,11.5,434.8933124109826,434.8933124109826
1996-05-21,11.5,11.5,436.84448657725886,436.84448657725886
1996-05-22,11.5,11.5,438.1975001291834,438.1975001291834
1996-05-23,11.5,11.5,439.2011492380894,439.2011492380894
1996-05-24,11.5,11.5,439.9146766435252,439.9146766435252
1996-05-25,11.5,11.5,440.7790743409695,440.7790743409695
1996-05-26,11.5,11.5,442.34610355348093,442.34610355348093
1996-05-27,11.5,11.5,443.10674620042124,443.10674620042124
1996-05-28,11.5,11.5,443.79136101647697,443.79136101647697
1996-05-29,11.5,11.5,445.28713891030134,445.28713891030134
1996-05-30,11.5,11.5,446.9410687949117,446.9410687949117
1996-05-31,11.5,11.5,449.7793410317555,449.7793410317555
1996-06-01,11.5,11.5,451.36436628758764,451.36436628758764
1996-06-02,11.5,11.5,457.09578141152735,457.09578141152735
1996-06-03,11.5,11.5,466.50797249586026,466.50797249586026
1996-06-04,11.5,11.5,477.20647895803455,477.20647895803455
1996-06-05,11.5,11.5,486.91759022957797,486.91759022957797
1996-06-06,11.5,11.5,496.34484212911184,496.34484212911184
1996-06-07,11.5,11.5,505.7475569291773,505.7475569291773
1996-06-08,11.5,11.5,514.4428824855199,514.4428824855199
1996-06-09,11.5,11.5,520.7456805423503,520.7456805423503
1996-06-10,11.5,11.5,524.3781770900372,524.3781770900372
1996-06-11,11.5,11.5,525.6864368976701,525.6864368976701
1996-06-12,11.5,11.5,526.4354818440881,526.4354818440881
1996-06-13,11.5,11.5,527.2903985603549,527.2903985603549
1996-06-14,11.5,11.5,527.3737053994955,527.3737053994955
1996-06-15,11.5,11.5,526.7119160956661,526.7119160956661
1996-06-16,11.5,11.5,525.2859588579051,525.2859588579051
1996-06-17,11.5,11.5,522.4940858313435,522.4940858313435
1996-06-18,11.5,11.5,518.4022584868057,518.4022584868057
1996-06-19,11.5,11.5,514.9871621415646,514.9871621415646
1996-06-20,11.5,11.5,510.5954508056987,510.5954508056987
1996-06-21,11.5,11.5,505.36135569694784,505.36135569694784
1996-06-22,11.5,11.5,499.6344667758681,499.6344667758681
1996-06-23,11.5,11.5,494.46518193336465,494.46518193336465
1996-06-24,11.5,11.5,488.50556705081334,488.50556705081334
1996-06-25,11.5,11.5,481.2563039328252,481.2563039328252
1996-06-26,11.5,11.5,474.4084157937864,474.4084157937864
1996-06-27,11.5,11.5,466.7994969934292,466.7994969934292
1996-06-28,11.5,11.5,459.1049984627894,459.1049984627894
1996-06-29,11.5,11.5,451.46125614870334,451.46125614870334
1996-06-30,11.5,11.5,444.22779687055527,444.22779687055527
1996-07-01,11.5,11.5,436.55238931892046,436.55238931892046
1996-07-02,11.5,11.5,429.59408157142,429.59408157142
1996-07-03,11.5,11.5,422.61479853208164,422.61479853208164
1996-07-04,11.5,11.5,415.1730747849541,415.1730747849541
1996-07-05,11.5,11.5,407.72727639607996,407.72727639607996
1996-07-06,11.5,11.5,400.1927722216178,400.1927722216178
1996-07-07,11.5,11.5,392.39279245713703,392.39279245713703
1996-07-08,11.5,11.5,384.6012990148298,384.6012990148298
1996-07-09,11.5,11.5,376.85426627996475,376.85426627996475
1996-07-10,11.5,11.5,368.93662912020653,368.93662912020653
1996-07-11,11.5,11.5,360.66758647670946,360.66758647670946
1996-07-12,11.5,11.5,352.38866500506936,352.38866500506936
1996-07-13,11.5,11.5,344.0546308779159,344.0546308779159
1996-07-14,11.5,11.5,335.85539034795596,335.85539034795596
1996-07-15,11.5,11.5,327.4173753904616,327.4173753904616
1996-07-16,11.5,11.5,318.687886910969,318.687886910969
1996-07-17,11.5,11.5,309.72967641961196,309.72967641961196
1996-07-18,11.5,11.5,300.73242530229265,300.73242530229265
1996-07-19,11.5,11.5,291.75421298616476,291.75421298616476
1996-07-20,11.5,11.5,282.8453986485078,282.8453986485078
1996-07-21,11.5,11.5,273.92031794209294,273.92031794209294
1996-07-22,11.5,11.5,265.00849494538903,265.00849494538903
1996-07-23,11.5,11.5,255.9590713240682,255.9590713240682
1996-07-24,11.5,11.5,246.97958475578818,246.97958475578818
1996-07-25,11.5,11.5,237.7960925864821,237.7960925864821
1996-07-26,11.5,11.5,228.5422291226973,228.5422291226973
1996-07-27,11.5,11.5,219.22900574241913,219.22900574241913
1996-07-28,11.5,11.5,209.87084597898397,209.87084597898397
1996-07-29,11.5,11.5,200.35489707749144,200.35489707749144
1996-07-30,11.5,11.5,190.79932035973744,190.79932035973744
1996-07-31,11.5,11.5,181.21406683851205,181.21406683851205
1996-08-01,11.5,11.5,171.63470085608486,171.63470085608486
1996-08-02,11.5,11.5,162.0184245135103,162.0184245135103
1996-08-03,11.5,11.5,152.31469133052482,152.31469133052482
1996-08-04,11.5,11.5,142.55352131377347,142.55352131377347
1996-08-05,9.8,9.8,142.0,142.0
1996-08-06,9.8,9.8,142.0,142.0
1996-08-07,9.8,9.8,142.0,142.0
1996-08-08,9.8,9.8,142.0,142.0
1996-08-09,9.8,9.8,142.0,142.0
1996-08-10,9.8,9.8,142.0,142.0
1996-08-11,9.8,9.8,142.0,142.0
1996-08-12,9.8,9.8,142.0,142.0
1996-08-13,9.8,9.8,142.0,142.0
1996-08-14,9.8,9.8,142.0,142.0
1996-08-15,9.8,9.8,142.0,142.0
1996-08-16,9.8,9.8,142.0,142.0
1996-08-17,9.8,9.8,142.0,142.0
1996-08-18,9.8,9.8,142.0,142.0
1996-08-19,9.8,9.8,142.0,142.0
1996-08-20,9.8,9.8,142.0,142.0
1996-08-21,9.8,9.8,142.0,142.0
1996-08-22,9.8,9.8,142.0,142.0
1996-08-23,9.8,9.8,142.0,142.0
1996-08-24,9.8,9.8,142.0,142.0
1996-08-25,9.8,9.8,142.0,142.0
1996-08-26,9.8,9.8,142.0,142.0
1996-08-27,9.8,9.8,142.0,142.0
1996-08-28,9.8,9.8,142.0,142.0
1996-08-29,9.8,9.8,142.0,142.0
1996-08-30,9.8,9.8,142.0,142.0
1996-08-31,9.8,9.8,142.0,142.0
1996-09-01,9.8,9.8,142.0,142.0
1996-09-02,9.8,9.8,142.0,142.0
1996-09-03,9.8,9.8,142.0,142.0
1996-09-04,9.8,9.8,142.0,142.0
1996-09-05,9.8,9.8,142.0,142.0
1996-09-06,9.8,9.8,142.0,142.0
1996-09-07,9.8,9.8,142.0,142.0
1996-09-08,9.8,9.8,142.0,142.0
1996-09-09,9.8,9.8,142.0,142.0
1996-09-10,9.8,9.8,142.0,142.0
1996-09-11,9.8,9.8,142.0,142.0
1996-09-12,9.8,9.8,142.0,142.0
1996-09-13,9.8,9.8,142.0,142.0
1996-09-14,9.8,9.8,142.0,142.0
1996-09-15,9.8,9.8,142.0,142.0
1996-09-16,9.8,9.8,142.0,142.0
1996-09-17,9.8,9.8,142.0,142.0
1996-09-18,9.8,9.8,142.0,142.0
1996-09-19,9.8,9.8,142.0,142.0
1996-09-20,9.8,9.8,142.0,142.0
1996-09-21,9.8,9.8,142.0,142.0
1996-09-22,9.8,9.8,142.0,142.0
1996-09-23,9.8,9.8,142.0,142.0
1996-09-24,9.8,9.8,142.0,142.0
1996-09-25,9.8,9.8,142.0,142.0
1996-09-26,9.8,9.8,142.0,142.0
1996-09-27,9.8,9.8,142.0,142.0
1996-09-28,9.8,9.8,142.0,142.0
1996-09-29,9.8,9.8,142.0,142.0
1996-09-30,9.8,9.8,142.0,142.0
1996-10-01,9.8,9.8,142.0,142.0
1996-10-02,9.8,9.8,142.0,142.0
1996-10-03,9.8,9.8,142.0,142.0
1996-10-04,9.8,9.8,142.0,142.0
1996-10-05,9.8,9.8,142.0,142.0
1996-10-06,9.8,9.8,142.0,142.0
1996-10-07,9.8,9.8,142.0,142.0
1996-10-08,9.8,9.8,142.0,142.0
1996-10-09,9.8,9.8,142.0,142.0
1996-10-10,9.8,9.8,142.0,142.0
1996-10-11,9.8,9.8,142.0,142.0
1996-10-12,9.8,9.8,142.0,142.0
1996-10-13,9.8,9.8,142.0,142.0
1996-10-14,9.8,9.8,142.0,142.0
1996-10-15,9.8,9.8,142.0,142.0
1996-10-16,9.8,9.8,142.0,142.0
1996-10-17,9.8,9.8,142.0,142.0
1996-10-18,9.8,9.8,142.0,142.0
1996-10-19,9.8,9.8,142.0,142.0
1996-10-20,9.8,9.8,142.0,142.0
1996-10-21,9.8,9.8,142.0,142.0
1996-10-22,9.8,9.8,142.0,142.0
1996-10-23,9.8,9.8,142.0,142.0
1996-10-24,9.8,9.8,142.0,142.0
1996-10-25,9.8,9.8,142.0,142.0
1996-10-26,9.8,9.8,142.0,142.0
1996-10-27,9.8,9.8,142.0,142.0
1996-10-28,9.8,9.8,142.0,142.0
1996-10-29,9.8,9.8,142.0,142.0
1996-10-30,9.8,9.8,142.0,142.0
1996-10-31,9.8,9.8,142.0,142.0
1996-11-01,9.8,9.8,142.0,142.0
1996-11-02,9.8,9.8,142.0,142.0
1996-11-03,9.8,9.8,142.0,142.0
1996-11-04,9.8,9.8,142.0,142.0
1996-11-05,9.8,9.8,142.0,142.0
1996-11-06,9.8,9.8,142.0,142.0
1996-11-07,9.8,9.8,142.0,142.0
1996-11-08,9.8,9.8,142.0,142.0
1996-11-09,9.8,9.8,142.0,142.0
1996-11-10,9.8,9.8,142.0,142.0
1996-11-11,9.8,9.8,142.0,142.0
1996-11-12,9.8,9.8,142.0,142.0
1996-11-13,9.8,9.8,142.0,142.0
1996-11-14,9.8,9.8,142.0,142.0
1996-11-15,9.8,9.8,142.0,142.0
1996-11-16,9.8,9.8,142.0,142.0
1996-11-17,10.27266376214449,10.27266376214449,142.0,142.0
1996-11-18,10.272648654623376,10.272648654623376,142.0,142.0
1996-11-19,9.8,9.8,142.0,142.0
1996-11-20,9.8,9.8,142.0,142.0
1996-11-21,9.8,9.8,142.0,142.0
1996-11-22,11.450272186047641,11.450272186047641,142.0,142.0
1996-11-23,9.8,9.8,142.0,142.0
1996-11-24,9.8,9.8,142.0,142.0
1996-11-25,9.8,9.8,142.0,142.0
1996-11-26,9.8,9.8,142.0,142.0
1996-11-27,9.8,9.8,142.0,142.0
1996-11-28,9.8,9.8,142.0,142.0
1996-11-29,9.8,9.8,142.0,142.0
1996-11-30,9.8,9.8,142.0,142.0
1996-12-01,9.8,9.8,142.0,142.0
1996-12-02,9.8,9.8,142.0,142.0
1996-12-03,9.8,9.8,142.0,142.0
1996-12-04,9.8,9.8,142.0,142.0
1996-12-05,9.8,9.8,142.0,142.0
1996-12-06,9.8,9.8,142.0,142.0
1996-12-07,9.8,9.8,142.0,142.0
1996-12-08,9.8,9.8,142.0,142.0
1996-12-09,11.5,11.5,147.89118214291125,147.89118214291125
1996-12-10,11.5,11.5,165.7060746198403,165.7060746198403
1996-12-11,11.5,11.5,169.62870829470006,169.62870829470006
1996-12-12,11.5,11.5,164.8364069989793,164.8364069989793
1996-12-13,11.5,11.5,158.52655200513473,158.52655200513473
1996-12-14,11.5,11.5,152.221650554023,152.221650554023
1996-12-15,11.5,11.5,145.85869050507807,145.85869050507807
1996-12-16,9.8,9.8,142.0,142.0
1996-12-17,9.8,9.8,142.0,142.0
1996-12-18,9.8,9.8,142.0,142.0
1996-12-19,9.8,9.8,142.0,142.0
1996-12-20,9.8,9.8,142.0,142.0
1996-12-21,9.8,9.8,142.0,142.0
1996-12-22,11.5,11.5,143.854764094371,143.854764094371
1996-12-23,11.5,11.5,143.22691892108995,143.22691892108995
1996-12-24,9.8,9.8,142.0,142.0
1996-12-25,9.8,9.8,142.0,142.0
1996-12-26,9.8118962173988,9.8118962173988,142.0,142.0
1996-12-27,9.8,9.8,142.0,142.0
1996-12-28,9.8,9.8,142.0,142.0
1996-12-29,11.5,11.5,142.32000925936106,142.32000925936106
1996-12-30,11.5,11.5,148.10066359041335,148.10066359041335
1996-12-31,11.5,11.5,156.765966632242,156.765966632242
1997-01-01,11.5,11.5,193.10386369593294,193.10386369593294
1997-01-02,11.5,11.5,276.69339030409185,276.69339030409185
1997-01-03,11.5,11.5,287.78278072001154,287.78278072001154
1997-01-04,11.5,11.5,290.021869233491,290.021869233491
1997-01-05,11.5,11.5,292.71737785510686,292.71737785510686
1997-01-06,11.5,11.5,294.8525188309419,294.8525188309419
1997-01-07,11.5,11.5,296.7968115235445,296.7968115235445
1997-01-08,11.5,11.5,298.5544200293301,298.5544200293301
1997-01-09,11.5,11.5,299.9335756528556,299.9335756528556
1997-01-10,11.5,11.5,300.6112866090572,300.6112866090572
1997-01-11,11.5,11.5,300.60015825614823,300.60015825614823
1997-01-12,11.5,11.5,300.47746796637716,300.47746796637716
1997-01-13,11.5,11.5,299.2865332372096,299.2865332372096
1997-01-14,11.5,11.5,297.41585128002,297.41585128002
1997-01-15,11.5,11.5,295.4294349213482,295.4294349213482
1997-01-16,11.5,11.5,292.8441449888709,292.8441449888709
1997-01-17,11.5,11.5,289.6928883258665,289.6928883258665
1997-01-18,11.5,11.5,286.2098923268852,286.2098923268852
1997-01-19,11.5,11.5,284.19210616503085,284.19210616503085
1997-01-20,11.5,11.5,285.8470018395194,285.8470018395194
1997-01-21,11.5,11.5,289.4676256233441,289.4676256233441
1997-01-22,11.5,11.5,302.67038496451727,302.67038496451727
1997-01-23,11.5,11.5,313.59968361569884,313.59968361569884
1997-01-24,11.5,11.5,323.82530747116886,323.82530747116886
1997-01-25,11.5,11.5,357.26993460625835,357.26993460625835
1997-01-26,11.5,11.5,377.35639881782834,377.35639881782834
1997-01-27,11.5,11.5,381.3026518968674,381.3026518968674
1997-01-28,11.5,11.5,383.61748846756234,383.61748846756234
1997-01-29,11.5,11.5,385.9287464595152,385.9287464595152
1997-01-30,11.5,11.5,388.16727152131006,388.16727152131006
1997-01-31,11.5,11.5,390.24313744217915,390.24313744217915
1997-02-01,11.5,11.5,390.81808442755676,390.81808442755676
1997-02-02,11.5,11.5,390.73160981164995,390.73160981164995
1997-02-03,11.5,11.5,389.955060873962,389.955060873962
1997-02-04,11.5,11.5,388.42062039388304,388.42062039388304
1997-02-05,11.5,11.5,386.25120471846606,386.25120471846606
1997-02-06,11.5,11.5,383.4908100646561,383.4908100646561
1997-02-07,11.5,11.5,380.38510841426086,380.38510841426086
1997-02-08,11.5,11.5,376.5928435631448,376.5928435631448
1997-02-09,11.5,11.5,372.3705627307918,372.3705627307918
1997-02-10,11.5,11.5,367.7744875885118,367.7744875885118
1997-02-11,11.5,11.5,362.7871036216713,362.7871036216713
1997-02-12,11.5,11.5,357.47607526352385,357.47607526352385
1997-02-13,11.5,11.5,351.9146373344894,351.9146373344894
1997-02-14,11.5,11.5,346.1603554484974,346.1603554484974
1997-02-15,11.5,11.5,340.3949005204423,340.3949005204423
1997-02-16,11.5,11.5,334.5285773551476,334.5285773551476
1997-02-17,11.5,11.5,328.5863873716563,328.5863873716563
1997-02-18,11.5,11.5,322.33004920352505,322.33004920352505
1997-02-19,11.5,11.5,315.9406786727922,315.9406786727922
1997-02-20,11.5,11.5,309.30791278757243,309.30791278757243
1997-02-21,11.5,11.5,302.5262676178206,302.5262676178206
1997-02-22,11.5,11.5,295.5942962513898,295.5942962513898
1997-02-23,11.5,11.5,288.50642700119096,288.50642700119096
1997-02-24,11.5,11.5,281.27162601595217,281.27162601595217
1997-02-25,11.5,11.5,273.97892378074295,273.97892378074295
1997-02-26,11.5,11.5,266.51825003884386,266.51825003884386
1997-02-27,11.5,11.5,258.9054079529574,258.9054079529574
1997-02-28,11.5,11.5,251.17109469622932,251.17109469622932
1997-03-01,11.5,11.5,243.14000208614314,243.14000208614314
1997-03-02,11.5,11.5,235.00309365287677,235.00309365287677
1997-03-03,11.5,11.5,226.7559031013922,226.7559031013922
1997-03-04,11.5,11.5,218.43370670198945,218.43370670198945
1997-03-05,11.5,11.5,210.10071387635193,210.10071387635193
1997-03-06,11.5,11.5,201.7576164698751,201.7576164698751
1997-03-07,11.5,11.5,193.40938596166072,193.40938596166072
1997-03-08,11.5,11.5,185.15295831288907,185.15295831288907
1997-03-09,11.5,11.5,177.19406608762682,177.19406608762682
1997-03-10,11.5,11.5,169.63334584867383,169.63334584867383
1997-03-11,11.5,11.5,162.69715044971903,162.69715044971903
1997-03-12,11.5,11.5,155.7582450654542,155.7582450654542
1997-03-13,11.5,11.5,149.00554431249026,149.00554431249026
1997-03-14,11.5,11.5,142.80917699016547,142.80917699016547
1997-03-15,9.8,9.8,142.0,142.0
1997-03-16,9.8,9.8,142.0,142.0
1997-03-17,9.8,9.8,142.0,142.0
1997-03-18,9.8,9.8,142.0,142.0
1997-03-19,9.8,9.8,142.0,142.0
1997-03-20,9.8,9.8,142.0,142.0
1997-03-21,9.8,9.8,142.0,142.0
1997-03-22,9.8,9.8,142.0,142.0
1997-03-23,9.8,9.8,142.0,142.0
1997-03-24,9.8,9.8,142.0,142.0
1997-03-25,9.8,9.8,142.0,142.0
1997-03-26,9.8,9.8,142.0,142.0
1997-03-27,9.8,9.8,142.0,142.0
1997-03-28,9.8,9.8,142.0,142.0
1997-03-29,9.8,9.8,142.0,142.0
1997-03-30,9.8,9.8,142.0,142.0
1997-03-31,9.8,9.8,142.0,142.0
1997-04-01,9.8,9.8,142.0,142.0
1997-04-02,9.8,9.8,142.0,142.0
1997-04-03,9.8,9.8,142.0,142.0
1997-04-04,9.8,9.8,142.0,142.0
1997-04-05,9.8,9.8,142.0,142.0
1997-04-06,9.8,9.8,142.0,142.0
1997-04-07,9.8,9.8,142.0,142.0
1997-04-08,9.8,9.8,142.0,142.0
1997-04-09,9.8,9.8,142.0,142.0
1997-04-10,9.8,9.8,142.0,142.0
1997-04-11,9.8,9.8,142.0,142.0
1997-04-12,9.8,9.8,142.0,142.0
1997-04-13,9.8,9.8,142.0,142.0
1997-04-14,9.8,9.8,142.0,142.0
1997-04-15,9.8,9.8,142.0,142.0
1997-04-16,9.8,9.8,142.0,142.0
1997-04-17,9.8,9.8,142.0,142.0
1997-04-18,9.8,9.8,142.0,142.0
1997-04-19,11.342008893887803,11.342008893887803,142.0,142.0
1997-04-20,11.5,11.5,142.44471531012928,142.44471531012928
1997-04-21,11.5,11.5,143.98271332559375,143.98271332559375
1997-04-22,11.5,11.5,143.57348880736782,143.57348880736782
1997-04-23,10.376680397310356,10.376680397310356,142.0,142.0
1997-04-24,9.8,9.8,142.0,142.0
1997-04-25,9.8,9.8,142.0,142.0
1997-04-26,9.8,9.8,142.0,142.0
1997-04-27,10.642264455576255,10.642264455576255,142.0,142.0
1997-04-28,10.652433839901938,10.652433839901938,142.0,142.0
1997-04-29,9.8,9.8,142.0,142.0
1997-04-30,9.8,9.8,142.0,142.0
1997-05-01,9.8,9.8,142.0,142.0
1997-05-02,9.8,9.8,142.0,142.0
1997-05-03,9.8,9.8,142.0,142.0
1997-05-04,11.045002793829944,11.045002793829944,142.0,142.0
1997-05-05,11.5,11.5,144.7127079469875,144.7127079469875
1997-05-06,11.5,11.5,149.25924474967445,149.25924474967445
1997-05-07,11.5,11.5,154.9947630874888,154.9947630874888
1997-05-08,11.5,11.5,162.5055843343124,162.5055843343124
1997-05-09,11.5,11.5,172.20120586093125,172.20120586093125
1997-05-10,11.5,11.5,183.97918919497423,183.97918919497423
1997-05-11,11.5,11.5,196.54614228106192,196.54614228106192
1997-05-12,11.5,11.5,208.0952729040267,208.0952729040267
1997-05-13,11.5,11.5,220.83103116592028,220.83103116592028
1997-05-14,11.5,11.5,232.30079207768839,232.30079207768839
1997-05-15,11.5,11.5,243.66171770701405,243.66171770701405
1997-05-16,11.5,11.5,256.27308987353456,256.27308987353456
1997-05-17,11.5,11.5,266.8060702978878,266.8060702978878
1997-05-18,11.5,11.5,278.13999839364817,278.13999839364817
1997-05-19,11.5,11.5,286.95314251927624,286.95314251927624
1997-05-20,11.5,11.5,293.52429637076574,293.52429637076574
1997-05-21,11.5,11.5,298.4736835479389,298.4736835479389
1997-05-22,11.5,11.5,302.1911696757355,302.1911696757355
1997-05-23,11.5,11.5,301.9087931567058,301.9087931567058
1997-05-24,11.5,11.5,300.5772899287376,300.5772899287376
1997-05-25,11.5,11.5,299.2199155608829,299.2199155608829
1997-05-26,11.5,11.5,298.2935079725407,298.2935079725407
1997-05-27,11.5,11.5,297.83899724054646,297.83899724054646
1997-05-28,11.5,11.5,298.7694084256559,298.7694084256559
1997-05-29,11.5,11.5,302.043666014261,302.043666014261
1997-05-30,11.5,11.5,307.934568170462,307.934568170462
1997-05-31,11.5,11.5,314.2514407929761,314.2514407929761
1997-06-01,11.5,11.5,315.56483555390946,315.56483555390946
1997-06-02,11.5,11.5,316.3065938561666,316.3065938561666
1997-06-03,11.5,11.5,316.0360704062257,316.0360704062257
1997-06-04,11.5,11.5,313.5208384892585,313.5208384892585
1997-06-05,11.5,11.5,309.5718140280334,309.5718140280334
1997-06-06,11.5,11.5,305.58665952541514,305.58665952541514
1997-06-07,11.5,11.5,302.65122534803777,302.65122534803777
1997-06-08,11.5,11.5,300.04693846953194,300.04693846953194
1997-06-09,11.5,11.5,297.52555305589146,297.52555305589146
1997-06-10,11.5,11.5,295.21902911826464,295.21902911826464
1997-06-11,11.5,11.5,293.22184513579015,293.22184513579015
1997-06-12,11.5,11.5,289.7803288400061,289.7803288400061
1997-06-13,11.5,11.5,284.53179700345333,284.53179700345333
1997-06-14,11.5,11.5,279.1085938860862,279.1085938860862
1997-06-15,11.5,11.5,273.87195707849486,273.87195707849486
1997-06-16,11.5,11.5,268.8794924361837,268.8794924361837
1997-06-17,11.5,11.5,264.21818855190935,264.21818855190935
1997-06-18,11.5,11.5,260.4850060601351,260.4850060601351
1997-06-19,11.5,11.5,258.0021190882679,258.0021190882679
1997-06-20,11.5,11.5,255.6221747183514,255.6221747183514
1997-06-21,11.5,11.5,252.91714828610353,252.91714828610353
1997-06-22,11.5,11.5,247.83705776468528,247.83705776468528
1997-06-23,11.5,11.5,243.2574019135047,243.2574019135047
1997-06-24,11.5,11.5,239.7220358103332,239.7220358103332
1997-06-25,11.5,11.5,236.78512799043784,236.78512799043784
1997-06-26,11.5,11.5,234.23461869131046,234.23461869131046
1997-06-27,11.5,11.5,231.38369944000692,231.38369944000692
1997-06-28,11.5,11.5,227.33294197521275,227.33294197521275
1997-06-29,11.5,11.5,222.67045660410574,222.67045660410574
1997-06-30,11.5,11.5,216.7577467526967,216.7577467526967
1997-07-01,11.5,11.5,209.64781527055112,209.64781527055112
1997-07-02,11.5,11.5,202.77432923251672,202.77432923251672
1997-07-03,11.5,11.5,196.30419091587015,196.30419091587015
1997-07-04,11.5,11.5,190.7766962032475,190.7766962032475
1997-07-05,11.5,11.5,185.23222346211855,185.23222346211855
1997-07-06,11.5,11.5,179.6737172931421,179.6737172931421
1997-07-07,11.5,11.5,174.06562528558578,174.06562528558578
1997-07-08,11.5,11.5,167.95574438853444,167.95574438853444
1997-07-09,11.5,11.5,161.66503268860043,161.66503268860043
1997-07-10,11.5,11.5,155.12424059214015,155.12424059214015
1997-07-11,11.5,11.5,148.10240637804083,148.10240637804083
1997-07-12,10.527879204635763,10.527879204635763,142.0,142.0
1997-07-13,9.8,9.8,142.0,142.0
1997-07-14,9.8,9.8,142.0,142.0
1997-07-15,9.8,9.8,142.0,142.0
1997-07-16,9.8,9.8,142.0,142.0
1997-07-17,9.8,9.8,142.0,142.0
1997-07-18,9.8,9.8,142.0,142.0
1997-07-19,9.8,9.8,142.0,142.0
1997-07-20,9.8,9.8,142.0,142.0
1997-07-21,9.8,9.8,142.0,142.0
1997-07-22,9.8,9.8,142.0,142.0
1997-07-23,9.8,9.8,142.0,142.0
1997-07-24,9.8,9.8,142.0,142.0
1997-07-25,9.8,9.8,142.0,142.0
1997-07-26,9.8,9.8,142.0,142.0
1997-07-27,9.8,9.8,142.0,142.0
1997-07-28,9.8,9.8,142.0,142.0
1997-07-29,9.8,9.8,142.0,142.0
1997-07-30,9.8,9.8,142.0,142.0
1997-07-31,9.8,9.8,142.0,142.0
1997-08-01,9.8,9.8,142.0,142.0
1997-08-02,9.8,9.8,142.0,142.0
1997-08-03,9.8,9.8,142.0,142.0
1997-08-04,9.8,9.8,142.0,142.0
1997-08-05,9.8,9.8,142.0,142.0
1997-08-06,9.8,9.8,142.0,142.0
1997-08-07,9.8,9.8,142.0,142.0
1997-08-08,9.8,9.8,142.0,142.0
1997-08-09,9.8,9.8,142.0,142.0
1997-08-10,9.8,9.8,142.0,142.0
1997-08-11,9.8,9.8,142.0,142.0
1997-08-12,9.8,9.8,142.0,142.0
1997-08-13,9.8,9.8,142.0,142.0
1997-08-14,9.8,9.8,142.0,142.0
1997-08-15,9.8,9.8,142.0,142.0
1997-08-16,9.8,9.8,142.0,142.0
1997-08-17,9.8,9.8,142.0,142.0
1997-08-18,9.8,9.8,142.0,142.0
1997-08-19,9.8,9.8,142.0,142.0
1997-08-20,9.8,9.8,142.0,142.0
1997-08-21,9.8,9.8,142.0,142.0
1997-08-22,9.8,9.8,142.0,142.0
1997-08-23,9.8,9.8,142.0,142.0
1997-08-24,9.8,9.8,142.0,142.0
1997-08-25,9.8,9.8,142.0,142.0
1997-08-26,9.8,9.8,142.0,142.0
1997-08-27,9.8,9.8,142.0,142.0
1997-08-28,9.8,9.8,142.0,142.0
1997-08-29,9.8,9.8,142.0,142.0
1997-08-30,9.8,9.8,142.0,142.0
1997-08-31,9.8,9.8,142.0,142.0
1997-09-01,9.8,9.8,142.0,142.0
1997-09-02,9.8,9.8,142.0,142.0
1997-09-03,9.8,9.8,142.0,142.0
1997-09-04,9.8,9.8,142.0,142.0
1997-09-05,9.8,9.8,142.0,142.0
1997-09-06,9.8,9.8,142.0,142.0
1997-09-07,9.8,9.8,142.0,142.0
1997-09-08,9.8,9.8,142.0,142.0
1997-09-09,9.8,9.8,142.0,142.0
1997-09-10,9.8,9.8,142.0,142.0
1997-09-11,9.8,9.8,142.0,142.0
1997-09-12,9.8,9.8,142.0,142.0
1997-09-13,9.8,9.8,142.0,142.0
1997-09-14,9.8,9.8,142.0,142.0
1997-09-15,9.8,9.8,142.0,142.0
1997-09-16,9.8,9.8,142.0,142.0
1997-09-17,9.8,9.8,142.0,142.0
1997-09-18,9.8,9.8,142.0,142.0
1997-09-19,9.8,9.8,142.0,142.0
1997-09-20,9.8,9.8,142.0,142.0
1997-09-21,9.8,9.8,142.0,142.0
1997-09-22,9.8,9.8,142.0,142.0
1997-09-23,9.8,9.8,142.0,142.0
1997-09-24,9.8,9.8,142.0,142.0
1997-09-25,9.8,9.8,142.0,142.0
1997-09-26,9.8,9.8,142.0,142.0
1997-09-27,9.8,9.8,142.0,142.0
1997-09-28,9.8,9.8,142.0,142.0
1997-09-29,9.8,9.8,142.0,142.0
1997-09-30,9.8,9.8,142.0,142.0
1997-10-01,9.8,9.8,142.0,142.0
1997-10-02,9.8,9.8,142.0,142.0
1997-10-03,9.8,9.8,142.0,142.0
1997-10-04,9.8,9.8,142.0,142.0
1997-10-05,9.8,9.8,142.0,142.0
1997-10-06,9.8,9.8,142.0,142.0
1997-10-07,9.8,9.8,142.0,142.0
1997-10-08,9.8,9.8,142.0,142.0
1997-10-09,9.8,9.8,142.0,142.0
1997-10-10,9.8,9.8,142.0,142.0
1997-10-11,9.8,9.8,142.0,142.0
1997-10-12,9.8,9.8,142.0,142.0
1997-10-13,9.8,9.8,142.0,142.0
1997-10-14,9.8,9.8,142.0,142.0
1997-10-15,9.8,9.8,142.0,142.0
1997-10-16,9.8,9.8,142.0,142.0
1997-10-17,9.8,9.8,142.0,142.0
1997-10-18,9.8,9.8,142.0,142.0
1997-10-19,9.8,9.8,142.0,142.0
1997-10-20,9.8,9.8,142.0,142.0
1997-10-21,9.8,9.8,142.0,142.0
1997-10-22,9.8,9.8,142.0,142.0
1997-10-23,9.8,9.8,142.0,142.0
1997-10-24,9.8,9.8,142.0,142.0
1997-10-25,9.8,9.8,142.0,142.0
1997-10-26,9.8,9.8,142.0,142.0
1997-10-27,9.8,9.8,142.0,142.0
1997-10-28,9.8,9.8,142.0,142.0
1997-10-29,9.8,9.8,142.0,142.0
1997-10-30,9.8,9.8,142.0,142.0
1997-10-31,9.8,9.8,142.0,142.0
1997-11-01,9.8,9.8,142.0,142.0
1997-11-02,9.8,9.8,142.0,142.0
1997-11-03,9.8,9.8,142.0,142.0
1997-11-04,9.8,9.8,142.0,142.0
1997-11-05,9.8,9.8,142.0,142.0
1997-11-06,9.8,9.8,142.0,142.0
1997-11-07,9.8,9.8,142.0,142.0
1997-11-08,9.8,9.8,142.0,142.0
1997-11-09,9.8,9.8,142.0,142.0
1997-11-10,9.8,9.8,142.0,142.0
1997-11-11,9.8,9.8,142.0,142.0
1997-11-12,9.8,9.8,142.0,142.0
1997-11-13,9.8,9.8,142.0,142.0
1997-11-14,9.8,9.8,142.0,142.0
1997-11-15,9.8,9.8,142.0,142.0
1997-11-16,9.8,9.8,142.0,142.0
1997-11-17,9.8,9.8,142.0,142.0
1997-11-18,9.8,9.8,142.0,142.0
1997-11-19,9.8,9.8,142.0,142.0
1997-11-20,9.8,9.8,142.0,142.0
1997-11-21,9.8,9.8,142.0,142.0
1997-11-22,9.8,9.8,142.0,142.0
1997-11-23,9.8,9.8,142.0,142.0
1997-11-24,9.8,9.8,142.0,142.0
1997-11-25,9.8,9.8,142.0,142.0
1997-11-26,9.8,9.8,142.0,142.0
1997-11-27,9.8,9.8,142.0,142.0
1997-11-28,9.8,9.8,142.0,142.0
1997-11-29,9.8,9.8,142.0,142.0
1997-11-30,9.8,9.8,142.0,142.0
1997-12-01,9.8,9.8,142.0,142.0
1997-12-02,9.8,9.8,142.0,142.0
1997-12-03,9.8,9.8,142.0,142.0
1997-12-04,9.8,9.8,142.0,142.0
1997-12-05,9.8,9.8,142.0,142.0
1997-12-06,9.8,9.8,142.0,142.0
1997-12-07,9.8,9.8,142.0,142.0
1997-12-08,9.8,9.8,142.0,142.0
1997-12-09,9.8,9.8,142.0,142.0
1997-12-10,9.8,9.8,142.0,142.0
1997-12-11,9.8,9.8,142.0,142.0
1997-12-12,9.8,9.8,142.0,142.0
1997-12-13,9.8,9.8,142.0,142.0
1997-12-14,9.8,9.8,142.0,142.0
1997-12-15,9.8,9.8,142.0,142.0
1997-12-16,9.8,9.8,142.0,142.0
1997-12-17,9.8,9.8,142.0,142.0
1997-12-18,9.8,9.8,142.0,142.0
1997-12-19,9.8,9.8,142.0,142.0
1997-12-20,9.8,9.8,142.0,142.0
1997-12-21,9.8,9.8,142.0,142.0
1997-12-22,9.8,9.8,142.0,142.0
1997-12-23,9.8,9.8,142.0,142.0
1997-12-24,9.8,9.8,142.0,142.0
1997-12-25,9.8,9.8,142.0,142.0
1997-12-26,9.8,9.8,142.0,142.0
1997-12-27,9.8,9.8,142.0,142.0
1997-12-28,9.8,9.8,142.0,142.0
1997-12-29,9.8,9.8,142.0,142.0
1997-12-30,9.8,9.8,142.0,142.0
1997-12-31,9.8,9.8,142.0,142.0
1998-01-01,9.8,9.8,142.0,142.0
1998-01-02,9.8,9.8,142.0,142.0
1998-01-03,9.8,9.8,142.0,142.0
1998-01-04,9.8,9.8,142.0,142.0
1998-01-05,9.8,9.8,142.0,142.0
1998-01-06,9.8,9.8,142.0,142.0
1998-01-07,9.8,9.8,142.0,142.0
1998-01-08,9.8,9.8,142.0,142.0
1998-01-09,9.8,9.8,142.0,142.0
1998-01-10,9.8,9.8,142.0,142.0
1998-01-11,9.8,9.8,142.0,142.0
1998-01-12,9.8,9.8,142.0,142.0
1998-01-13,9.8,9.8,142.0,142.0
1998-01-14,9.8,9.8,142.0,142.0
1998-01-15,9.8,9.8,142.0,142.0
1998-01-16,9.8,9.8,142.0,142.0
1998-01-17,9.8,9.8,142.0,142.0
1998-01-18,9.8,9.8,142.0,142.0
1998-01-19,9.8,9.8,142.0,142.0
1998-01-20,9.8,9.8,142.0,142.0
1998-01-21,9.8,9.8,142.0,142.0
1998-01-22,9.8,9.8,142.0,142.0
1998-01-23,9.8,9.8,142.0,142.0
1998-01-24,9.8,9.8,142.0,142.0
1998-01-25,9.8,9.8,142.0,142.0
1998-01-26,9.8,9.8,142.0,142.0
1998-01-27,9.8,9.8,142.0,142.0
1998-01-28,9.8,9.8,142.0,142.0
1998-01-29,9.8,9.8,142.0,142.0
1998-01-30,9.8,9.8,142.0,142.0
1998-01-31,9.8,9.8,142.0,142.0
1998-02-01,9.8,9.8,142.0,142.0
1998-02-02,11.5,11.5,148.07094146757436,148.0709414675744
1998-02-03,11.5,11.5,152.20439499530528,152.2043949953053
1998-02-04,11.5,11.5,150.3728277076527,150.37282770765273
1998-02-05,11.5,11.5,150.61739509511273,150.61739509511276
1998-02-06,11.5,11.5,160.7259791015185,160.72597910151853
1998-02-07,11.5,11.5,171.20874887389317,171.20874887389317
1998-02-08,11.5,11.5,174.88633734766324,174.88633734766324
1998-02-09,11.5,11.5,175.0089210986947,175.0089210986947
1998-02-10,11.5,11.5,174.85357535850866,174.85357535850866
1998-02-11,11.5,11.5,174.47447821524622,174.47447821524622
1998-02-12,11.5,11.5,174.3028142735355,174.3028142735355
1998-02-13,11.5,11.5,176.81448435444574,176.81448435444574
1998-02-14,11.5,11.5,179.11748633382814,179.11748633382814
1998-02-15,11.5,11.5,179.12735141928533,179.12735141928533
1998-02-16,11.5,11.5,178.84027799937468,178.84027799937468
1998-02-17,11.5,11.5,178.08113152462138,178.08113152462138
1998-02-18,11.5,11.5,177.61363287495146,177.61363287495146
1998-02-19,11.5,11.5,178.20475819569458,178.20475819569458
1998-02-20,11.5,11.5,178.36111732600494,178.36111732600494
1998-02-21,11.5,11.5,180.08811624677983,180.08811624677983
1998-02-22,11.5,11.5,180.87093122491297,180.87093122491297
1998-02-23,11.5,11.5,181.09302147299172,181.09302147299172
1998-02-24,11.5,11.5,180.4054130025658,180.4054130025658
1998-02-25,11.5,11.5,179.0220950200443,179.0220950200443
1998-02-26,11.5,11.5,177.44687394333423,177.44687394333423
1998-02-27,11.5,11.5,175.59279567017722,175.59279567017722
1998-02-28,11.5,11.5,173.3628934736154,173.3628934736154
1998-03-01,11.5,11.5,170.13235807876214,170.13235807876214
1998-03-02,11.5,11.5,166.55277138310134,166.55277138310134
1998-03-03,11.5,11.5,162.54407401374323,162.54407401374323
1998-03-04,11.5,11.5,158.29460468028927,158.29460468028927
1998-03-05,11.5,11.5,154.4101526095308,154.4101526095308
1998-03-06,11.5,11.5,149.8394214034331,149.8394214034331
1998-03-07,11.5,11.5,144.5671473846342,144.5671473846342
1998-03-08,9.8,9.8,142.0,142.0
1998-03-09,9.8,9.8,142.0,142.0
1998-03-10,9.8,9.8,142.0,142.0
1998-03-11,9.8,9.8,142.0,142.0
1998-03-12,9.8,9.8,142.0,142.0
1998-03-13,9.8,9.8,142.0,142.0
1998-03-14,9.8,9.8,142.0,142.0
1998-03-15,9.8,9.8,142.0,142.0
1998-03-16,9.8,9.8,142.0,142.0
1998-03-17,9.8,9.8,142.0,142.0
1998-03-18,9.8,9.8,142.0,142.0
1998-03-19,9.8,9.8,142.0,142.0
1998-03-20,9.8,9.8,142.0,142.0
1998-03-21,9.8,9.8,142.0,142.0
1998-03-22,9.8,9.8,142.0,142.0
1998-03-23,11.5,11.5,156.91382830007228,156.91382830007228
1998-03-24,11.5,11.5,168.82229666542818,168.82229666542818
1998-03-25,11.5,11.5,169.39104547009453,169.39104547009453
1998-03-26,11.5,11.5,167.85800092242073,167.85800092242073
1998-03-27,11.5,11.5,167.06867864338707,167.06867864338707
1998-03-28,11.5,11.5,165.31585964417718,165.31585964417718
1998-03-29,11.5,11.5,163.18116443601696,163.18116443601696
1998-03-30,11.5,11.5,161.12882078891082,161.12882078891082
1998-03-31,11.5,11.5,159.12070210283304,159.12070210283304
1998-04-01,11.5,11.5,158.26629227008476,158.26629227008476
1998-04-02,11.5,11.5,158.20177346360202,158.20177346360202
1998-04-03,11.5,11.5,157.9256014813668,157.9256014813668
1998-04-04,11.5,11.5,157.1221393308012,157.1221393308012
1998-04-05,11.5,11.5,156.34117739265025,156.34117739265025
1998-04-06,11.5,11.5,155.7006889368108,155.7006889368108
1998-04-07,11.5,11.5,154.35198235959638,154.35198235959638
1998-04-08,11.5,11.5,152.38298138541725,152.38298138541725
1998-04-09,11.5,11.5,150.12182717871616,150.12182717871616
1998-04-10,11.5,11.5,147.94608582583453,147.94608582583453
1998-04-11,11.5,11.5,145.60091132093012,145.60091132093012
1998-04-12,11.5,11.5,143.22242943699734,143.22242943699734
1998-04-13,10.108968524517095,10.108968524517095,142.0,142.0
1998-04-14,9.8,9.8,142.0,142.0
1998-04-15,9.8,9.8,142.0,142.0
1998-04-16,9.8,9.8,142.0,142.0
1998-04-17,9.8,9.8,142.0,142.0
1998-04-18,9.8,9.8,142.0,142.0
1998-04-19,9.8,9.8,142.0,142.0
1998-04-20,9.8,9.8,142.0,142.0
1998-04-21,9.8,9.8,142.0,142.0
1998-04-22,9.8,9.8,142.0,142.0
1998-04-23,9.8,9.8,142.0,142.0
1998-04-24,9.8,9.8,142.0,142.0
1998-04-25,9.8,9.8,142.0,142.0
1998-04-26,9.8,9.8,142.0,142.0
1998-04-27,9.8,9.8,142.0,142.0
1998-04-28,9.8,9.8,142.0,142.0
1998-04-29,9.8,9.8,142.0,142.0
1998-04-30,9.8,9.8,142.0,142.0
1998-05-01,9.8,9.8,142.0,142.0
1998-05-02,9.8,9.8,142.0,142.0
1998-05-03,9.8,9.8,142.0,142.0
1998-05-04,9.8,9.8,142.0,142.0
1998-05-05,9.8,9.8,142.0,142.0
1998-05-06,9.8,9.8,142.0,142.0
1998-05-07,9.8,9.8,142.0,142.0
1998-05-08,9.8,9.8,142.0,142.0
1998-05-09,9.8,9.8,142.0,142.0
1998-05-10,9.8,9.8,142.0,142.0
1998-05-11,9.8,9.8,142.0,142.0
1998-05-12,9.8,9.8,142.0,142.0
1998-05-13,9.8,9.8,142.0,142.0
1998-05-14,9.8,9.8,142.0,142.0
1998-05-15,9.8,9.8,142.0,142.0
1998-05-16,9.8,9.8,142.0,142.0
1998-05-17,9.8,9.8,142.0,142.0
1998-05-18,9.8,9.8,142.0,142.0
1998-05-19,9.8,9.8,142.0,142.0
1998-05-20,9.8,9.8,142.0,142.0
1998-05-21,9.8,9.8,142.0,142.0
1998-05-22,9.8,9.8,142.0,142.0
1998-05-23,9.8,9.8,142.0,142.0
1998-05-24,9.8,9.8,142.0,142.0
1998-05-25,9.8,9.8,142.0,142.0
1998-05-26,9.8,9.8,142.0,142.0
1998-05-27,9.8,9.8,142.0,142.0
1998-05-28,9.8,9.8,142.0,142.0
1998-05-29,9.8,9.8,142.0,142.0
1998-05-30,9.8,9.8,142.0,142.0
1998-05-31,9.8,9.8,142.0,142.0
1998-06-01,9.8,9.8,142.0,142.0
1998-06-02,9.8,9.8,142.0,142.0
1998-06-03,9.8,9.8,142.0,142.0
1998-06-04,9.8,9.8,142.0,142.0
1998-06-05,9.8,9.8,142.0,142.0
1998-06-06,9.8,9.8,142.0,142.0
1998-06-07,9.8,9.8,142.0,142.0
1998-06-08,9.8,9.8,142.0,142.0
1998-06-09,9.907904378149833,9.907904378149833,142.0,142.0
1998-06-10,10.685987397146787,10.685987397146787,142.0,142.0
1998-06-11,9.8,9.8,142.0,142.0
1998-06-12,9.8,9.8,142.0,142.0
1998-06-13,9.8,9.8,142.0,142.0
1998-06-14,9.8,9.8,142.0,142.0
1998-06-15,10.519002641053957,10.519002641053957,142.0,142.0
1998-06-16,11.5,11.5,143.95391061632694,143.95391061632694
1998-06-17,11.5,11.5,147.84270045829183,147.84270045829183
1998-06-18,11.5,11.5,152.18975080419278,152.18975080419278
1998-06-19,11.5,11.5,158.9671437166621,158.9671437166621
1998-06-20,11.5,11.5,165.93630546120997,165.93630546120997
1998-06-21,11.5,11.5,173.0924079572908,173.0924079572908
1998-06-22,11.5,11.5,180.7264907057746,180.7264907057746
1998-06-23,11.5,11.5,189.58570325657303,189.58570325657303
1998-06-24,11.5,11.5,199.12062800737064,199.12062800737064
1998-06-25,11.5,11.5,208.3005806485911,208.3005806485911
1998-06-26,11.5,11.5,218.31801477712676,218.31801477712676
1998-06-27,11.5,11.5,231.07567687609043,231.07567687609043
1998-06-28,11.5,11.5,245.1618557523838,245.1618557523838
1998-06-29,11.5,11.5,260.14623205429154,260.14623205429154
1998-06-30,11.5,11.5,275.39840824887784,275.39840824887784
1998-07-01,11.5,11.5,284.0543920274124,284.0543920274124
1998-07-02,11.5,11.5,292.31917558020433,292.31917558020433
1998-07-03,11.5,11.5,300.0353492939526,300.0353492939526
1998-07-04,11.5,11.5,306.34633147769244,306.34633147769244
1998-07-05,11.5,11.5,315.07546996539395,315.07546996539395
1998-07-06,11.5,11.5,323.7873463007956,323.7873463007956
1998-07-07,11.5,11.5,333.1028652737147,333.1028652737147
1998-07-08,11.5,11.5,342.33058058582066,342.33058058582066
1998-07-09,11.5,11.5,349.82766366634166,349.82766366634166
1998-07-10,11.5,11.5,356.1027107679661,356.1027107679661
1998-07-11,11.5,11.5,361.35841757408286,361.35841757408286
1998-07-12,11.5,11.5,365.70550475315775,365.70550475315775
1998-07-13,11.5,11.5,369.65967058866977,369.65967058866977
1998-07-14,11.5,11.5,373.5363170119104,373.5363170119104
1998-07-15,11.5,11.5,377.3508279715713,377.3508279715713
1998-07-16,11.5,11.5,381.2772168787899,381.2772168787899
1998-07-17,11.5,11.5,384.732969728361,384.732969728361
1998-07-18,11.5,11.5,387.20514361705034,387.20514361705034
1998-07-19,11.5,11.5,389.3889098070213,389.3889098070213
1998-07-20,11.5,11.5,390.4290692693592,390.4290692693592
1998-07-21,11.5,11.5,390.53625349357065,390.53625349357065
1998-07-22,11.5,11.5,388.7830029667849,388.7830029667849
1998-07-23,11.5,11.5,385.114269608427,385.114269608427
1998-07-24,11.5,11.5,381.08652291760677,381.08652291760677
1998-07-25,11.5,11.5,377.200081031769,377.200081031769
1998-07-26,11.5,11.5,373.85405140043343,373.85405140043343
1998-07-27,11.5,11.5,370.02296829715254,370.02296829715254
1998-07-28,11.5,11.5,365.70781654309246,365.70781654309246
1998-07-29,11.5,11.5,360.7737175792221,360.7737175792221
1998-07-30,11.5,11.5,355.0754762977699,355.0754762977699
1998-07-31,11.5,11.5,348.9965309465333,348.9965309465333
1998-08-01,11.5,11.5,343.22328745440376,343.22328745440376
1998-08-02,11.5,11.5,338.3684693244686,338.3684693244686
1998-08-03,11.5,11.5,334.0004090769243,334.0004090769243
1998-08-04,11.5,11.5,329.4944204180289,329.4944204180289
1998-08-05,11.5,11.5,324.64714821401293,324.64714821401293
1998-08-06,11.5,11.5,318.99665623595337,318.99665623595337
1998-08-07,11.5,11.5,312.9841523031559,312.9841523031559
1998-08-08,11.5,11.5,306.65723099407006,306.65723099407006
1998-08-09,11.5,11.5,299.674091313047,299.674091313047
1998-08-10,11.5,11.5,292.3555364965117,292.3555364965117
1998-08-11,11.5,11.5,285.0454258003452,285.0454258003452
1998-08-12,11.5,11.5,277.7373920384409,277.7373920384409
1998-08-13,11.5,11.5,270.0013150435687,270.0013150435687
1998-08-14,11.5,11.5,262.18349337572204,262.18349337572204
1998-08-15,11.5,11.5,254.24763284902042,254.24763284902042
1998-08-16,11.5,11.5,246.08831402630483,246.08831402630483
1998-08-17,11.5,11.5,237.66607642022066,237.66607642022066
1998-08-18,11.5,11.5,228.80948618442147,228.80948618442147
1998-08-19,11.5,11.5,219.82115641160505,219.82115641160505
1998-08-20,11.5,11.5,210.77305692640078,210.77305692640078
1998-08-21,11.5,11.5,201.76312599806627,201.76312599806627
1998-08-22,11.5,11.5,192.8889384255712,192.8889384255712
1998-08-23,11.5,11.5,183.99135112298956,183.99135112298956
1998-08-24,11.5,11.5,174.96678772016188,174.96678772016188
1998-08-25,11.5,11.5,165.89703309890638,165.89703309890638
1998-08-26,11.5,11.5,156.79442357987685,156.79442357987685
1998-08-27,11.5,11.5,147.73855882232738,147.73855882232738
1998-08-28,9.8,9.8,142.0,142.0
1998-08-29,9.8,9.8,142.0,142.0
1998-08-30,9.8,9.8,142.0,142.0
1998-08-31,9.8,9.8,142.0,142.0
1998-09-01,9.8,9.8,142.0,142.0
1998-09-02,9.8,9.8,142.0,142.0
1998-09-03,9.8,9.8,142.0,142.0
1998-09-04,9.8,9.8,142.0,142.0
1998-09-05,9.8,9.8,142.0,142.0
1998-09-06,9.8,9.8,142.0,142.0
1998-09-07,9.8,9.8,142.0,142.0
1998-09-08,9.8,9.8,142.0,142.0
1998-09-09,9.8,9.8,142.0,142.0
1998-09-10,9.8,9.8,142.0,142.0
1998-09-11,9.8,9.8,142.0,142.0
1998-09-12,9.8,9.8,142.0,142.0
1998-09-13,9.8,9.8,142.0,142.0
1998-09-14,9.8,9.8,142.0,142.0
1998-09-15,9.8,9.8,142.0,142.0
1998-09-16,9.8,9.8,142.0,142.0
1998-09-17,9.8,9.8,142.0,142.0
1998-09-18,9.8,9.8,142.0,142.0
1998-09-19,9.8,9.8,142.0,142.0
1998-09-20,9.8,9.8,142.0,142.0
1998-09-21,9.8,9.8,142.0,142.0
1998-09-22,9.8,9.8,142.0,142.0
1998-09-23,9.8,9.8,142.0,142.0
1998-09-24,9.8,9.8,142.0,142.0
1998-09-25,9.8,9.8,142.0,142.0
1998-09-26,9.8,9.8,142.0,142.0
1998-09-27,9.8,9.8,142.0,142.0
1998-09-28,9.8,9.8,142.0,142.0
1998-09-29,9.8,9.8,142.0,142.0
1998-09-30,9.8,9.8,142.0,142.0
1998-10-01,9.8,9.8,142.0,142.0
1998-10-02,9.8,9.8,142.0,142.0
1998-10-03,9.8,9.8,142.0,142.0
1998-10-04,9.8,9.8,142.0,142.0
1998-10-05,9.8,9.8,142.0,142.0
1998-10-06,9.8,9.8,142.0,142.0
1998-10-07,9.8,9.8,142.0,142.0
1998-10-08,9.8,9.8,142.0,142.0
1998-10-09,9.8,9.8,142.0,142.0
1998-10-10,9.8,9.8,142.0,142.0
1998-10-11,9.8,9.8,142.0,142.0
1998-10-12,9.8,9.8,142.0,142.0
1998-10-13,9.8,9.8,142.0,142.0
1998-10-14,9.8,9.8,142.0,142.0
1998-10-15,9.8,9.8,142.0,142.0
1998-10-16,9.8,9.8,142.0,142.0
1998-10-17,9.8,9.8,142.0,142.0
1998-10-18,9.8,9.8,142.0,142.0
1998-10-19,9.8,9.8,142.0,142.0
1998-10-20,9.8,9.8,142.0,142.0
1998-10-21,9.8,9.8,142.0,142.0
1998-10-22,9.8,9.8,142.0,142.0
1998-10-23,9.8,9.8,142.0,142.0
1998-10-24,9.8,9.8,142.0,142.0
1998-10-25,9.8,9.8,142.0,142.0
1998-10-26,9.8,9.8,142.0,142.0
1998-10-27,9.8,9.8,142.0,142.0
1998-10-28,9.8,9.8,142.0,142.0
1998-10-29,9.8,9.8,142.0,142.0
1998-10-30,9.8,9.8,142.0,142.0
1998-10-31,9.8,9.8,142.0,142.0
1998-11-01,9.8,9.8,142.0,142.0
1998-11-02,9.8,9.8,142.0,142.0
1998-11-03,9.8,9.8,142.0,142.0
1998-11-04,9.8,9.8,142.0,142.0
1998-11-05,9.8,9.8,142.0,142.0
1998-11-06,9.8,9.8,142.0,142.0
1998-11-07,9.8,9.8,142.0,142.0
1998-11-08,9.8,9.8,142.0,142.0
1998-11-09,9.8,9.8,142.0,142.0
1998-11-10,9.8,9.8,142.0,142.0
1998-11-11,9.8,9.8,142.0,142.0
1998-11-12,9.8,9.8,142.0,142.0
1998-11-13,9.8,9.8,142.0,142.0
1998-11-14,9.8,9.8,142.0,142.0
1998-11-15,9.8,9.8,142.0,142.0
1998-11-16,9.8,9.8,142.0,142.0
1998-11-17,9.8,9.8,142.0,142.0
1998-11-18,9.8,9.8,142.0,142.0
1998-11-19,9.8,9.8,142.0,142.0
1998-11-20,9.8,9.8,142.0,142.0
1998-11-21,9.8,9.8,142.0,142.0
1998-11-22,9.8,9.8,142.0,142.0
1998-11-23,9.8,9.8,142.0,142.0
1998-11-24,9.8,9.8,142.0,142.0
1998-11-25,9.8,9.8,142.0,142.0
1998-11-26,9.8,9.8,142.0,142.0
1998-11-27,9.8,9.8,142.0,142.0
1998-11-28,9.8,9.8,142.0,142.0
1998-11-29,9.8,9.8,142.0,142.0
1998-11-30,9.8,9.8,142.0,142.0
1998-12-01,9.8,9.8,142.0,142.0
1998-12-02,9.8,9.8,142.0,142.0
1998-12-03,9.8,9.8,142.0,142.0
1998-12-04,9.8,9.8,142.0,142.0
1998-12-05,9.8,9.8,142.0,142.0
1998-12-06,9.8,9.8,142.0,142.0
1998-12-07,9.8,9.8,142.0,142.0
1998-12-08,9.8,9.8,142.0,142.0
1998-12-09,9.8,9.8,142.0,142.0
1998-12-10,9.8,9.8,142.0,142.0
1998-12-11,9.8,9.8,142.0,142.0
1998-12-12,9.8,9.8,142.0,142.0
1998-12-13,9.8,9.8,142.0,142.0
1998-12-14,9.8,9.8,142.0,142.0
1998-12-15,9.8,9.8,142.0,142.0
1998-12-16,9.8,9.8,142.0,142.0
1998-12-17,9.8,9.8,142.0,142.0
1998-12-18,9.8,9.8,142.0,142.0
1998-12-19,9.8,9.8,142.0,142.0
1998-12-20,9.8,9.8,142.0,142.0
1998-12-21,9.8,9.8,142.0,142.0
1998-12-22,9.8,9.8,142.0,142.0
1998-12-23,9.8,9.8,142.0,142.0
1998-12-24,9.8,9.8,142.0,142.0
1998-12-25,9.8,9.8,142.0,142.0
1998-12-26,9.8,9.8,142.0,142.0
1998-12-27,9.8,9.8,142.0,142.0
1998-12-28,9.8,9.8,142.0,142.0
1998-12-29,9.8,9.8,142.0,142.0
1998-12-30,9.8,9.8,142.0,142.0
1998-12-31,9.8,9.8,142.0,142.0
1999-01-01,9.8,9.8,142.0,142.0
1999-01-02,9.8,9.8,142.0,142.0
1999-01-03,9.8,9.8,142.0,142.0
1999-01-04,9.8,9.8,142.0,142.0
1999-01-05,9.8,9.8,142.0,142.0
1999-01-06,9.8,9.8,142.0,142.0
1999-01-07,9.8,9.8,142.0,142.0
1999-01-08,9.8,9.8,142.0,142.0
1999-01-09,9.8,9.8,142.0,142.0
1999-01-10,9.8,9.8,142.0,142.0
1999-01-11,9.8,9.8,142.0,142.0
1999-01-12,9.8,9.8,142.0,142.0
1999-01-13,9.8,9.8,142.0,142.0
1999-01-14,9.8,9.8,142.0,142.0
1999-01-15,9.8,9.8,142.0,142.0
1999-01-16,9.8,9.8,142.0,142.0
1999-01-17,9.8,9.8,142.0,142.0
1999-01-18,9.8,9.8,142.0,142.0
1999-01-19,11.5,11.5,146.68729428304323,146.68729428304323
1999-01-20,11.5,11.5,142.7709965352992,142.7709965352992
1999-01-21,9.8,9.8,142.0,142.0
1999-01-22,9.8,9.8,142.0,142.0
1999-01-23,9.8,9.8,142.0,142.0
1999-01-24,9.8,9.8,142.0,142.0
1999-01-25,9.8,9.8,142.0,142.0
1999-01-26,9.8,9.8,142.0,142.0
1999-01-27,9.8,9.8,142.0,142.0
1999-01-28,9.8,9.8,142.0,142.0
1999-01-29,9.8,9.8,142.0,142.0
1999-01-30,9.8,9.8,142.0,142.0
1999-01-31,9.8,9.8,142.0,142.0
1999-02-01,9.8,9.8,142.0,142.0
1999-02-02,9.8,9.8,142.0,142.0
1999-02-03,9.8,9.8,142.0,142.0
1999-02-04,9.8,9.8,142.0,142.0
1999-02-05,9.8,9.8,142.0,142.0
1999-02-06,9.8,9.8,142.0,142.0
1999-02-07,9.8,9.8,142.0,142.0
1999-02-08,11.5,11.5,142.48228156899359,142.48228156899359
1999-02-09,10.115347132618014,10.115347132618014,142.0,142.0
1999-02-10,9.8,9.8,142.0,142.0
1999-02-11,9.8,9.8,142.0,142.0
1999-02-12,9.8,9.8,142.0,142.0
1999-02-13,9.8,9.8,142.0,142.0
1999-02-14,9.8,9.8,142.0,142.0
1999-02-15,9.8,9.8,142.0,142.0
1999-02-16,9.8,9.8,142.0,142.0
1999-02-17,9.8,9.8,142.0,142.0
1999-02-18,9.8,9.8,142.0,142.0
1999-02-19,9.8,9.8,142.0,142.0
1999-02-20,9.8,9.8,142.0,142.0
1999-02-21,9.8,9.8,142.0,142.0
1999-02-22,9.8,9.8,142.0,142.0
1999-02-23,9.8,9.8,142.0,142.0
1999-02-24,9.8,9.8,142.0,142.0
1999-02-25,9.8,9.8,142.0,142.0
1999-02-26,9.8,9.8,142.0,142.0
1999-02-27,9.8,9.8,142.0,142.0
1999-02-28,9.8,9.8,142.0,142.0
1999-03-01,9.8,9.8,142.0,142.0
1999-03-02,9.8,9.8,142.0,142.0
1999-03-03,9.8,9.8,142.0,142.0
1999-03-04,9.8,9.8,142.0,142.0
1999-03-05,9.8,9.8,142.0,142.0
1999-03-06,9.8,9.8,142.0,142.0
1999-03-07,9.8,9.8,142.0,142.0
1999-03-08,9.8,9.8,142.0,142.0
1999-03-09,9.8,9.8,142.0,142.0
1999-03-10,9.8,9.8,142.0,142.0
1999-03-11,9.8,9.8,142.0,142.0
1999-03-12,9.8,9.8,142.0,142.0
1999-03-13,9.8,9.8,142.0,142.0
1999-03-14,9.8,9.8,142.0,142.0
1999-03-15,9.8,9.8,142.0,142.0
1999-03-16,9.8,9.8,142.0,142.0
1999-03-17,9.8,9.8,142.0,142.0
1999-03-18,9.8,9.8,142.0,142.0
1999-03-19,9.8,9.8,142.0,142.0
1999-03-20,9.8,9.8,142.0,142.0
1999-03-21,9.8,9.8,142.0,142.0
1999-03-22,9.8,9.8,142.0,142.0
1999-03-23,9.8,9.8,142.0,142.0
1999-03-24,9.8,9.8,142.0,142.0
1999-03-25,9.8,9.8,142.0,142.0
1999-03-26,9.8,9.8,142.0,142.0
1999-03-27,9.8,9.8,142.0,142.0
1999-03-28,9.8,9.8,142.0,142.0
1999-03-29,9.8,9.8,142.0,142.0
1999-03-30,9.8,9.8,142.0,142.0
1999-03-31,9.8,9.8,142.0,142.0
1999-04-01,9.8,9.8,142.0,142.0
1999-04-02,9.8,9.8,142.0,142.0
1999-04-03,9.8,9.8,142.0,142.0
1999-04-04,9.8,9.8,142.0,142.0
1999-04-05,9.8,9.8,142.0,142.0
1999-04-06,9.8,9.8,142.0,142.0
1999-04-07,9.8,9.8,142.0,142.0
1999-04-08,9.8,9.8,142.0,142.0
1999-04-09,9.8,9.8,142.0,142.0
1999-04-10,9.8,9.8,142.0,142.0
1999-04-11,9.8,9.8,142.0,142.0
1999-04-12,9.8,9.8,142.0,142.0
1999-04-13,9.8,9.8,142.0,142.0
1999-04-14,9.8,9.8,142.0,142.0
1999-04-15,9.8,9.8,142.0,142.0
1999-04-16,9.8,9.8,142.0,142.0
1999-04-17,9.8,9.8,142.0,142.0
1999-04-18,9.8,9.8,142.0,142.0
1999-04-19,9.8,9.8,142.0,142.0
1999-04-20,9.8,9.8,142.0,142.0
1999-04-21,9.8,9.8,142.0,142.0
1999-04-22,9.8,9.8,142.0,142.0
1999-04-23,9.8,9.8,142.0,142.0
1999-04-24,9.8,9.8,142.0,142.0
1999-04-25,9.8,9.8,142.0,142.0
1999-04-26,9.8,9.8,142.0,142.0
1999-04-27,9.8,9.8,142.0,142.0
1999-04-28,9.8,9.8,142.0,142.0
1999-04-29,9.8,9.8,142.0,142.0
1999-04-30,9.8,9.8,142.0,142.0
1999-05-01,9.8,9.8,142.0,142.0
1999-05-02,9.8,9.8,142.0,142.0
1999-05-03,9.8,9.8,142.0,142.0
1999-05-04,9.8,9.8,142.0,142.0
1999-05-05,9.8,9.8,142.0,142.0
1999-05-06,9.8,9.8,142.0,142.0
1999-05-07,9.8,9.8,142.0,142.0
1999-05-08,9.8,9.8,142.0,142.0
1999-05-09,9.8,9.8,142.0,142.0
1999-05-10,9.8,9.8,142.0,142.0
1999-05-11,9.8,9.8,142.0,142.0
1999-05-12,9.8,9.8,142.0,142.0
1999-05-13,9.8,9.8,142.0,142.0
1999-05-14,9.8,9.8,142.0,142.0
1999-05-15,9.8,9.8,142.0,142.0
1999-05-16,9.8,9.8,142.0,142.0
1999-05-17,11.355663791649633,11.355663791649633,142.0,142.0
1999-05-18,11.5,11.5,145.80092991945708,145.80092991945708
1999-05-19,11.5,11.5,153.00092587599065,153.00092587599065
1999-05-20,11.5,11.5,162.2603218447626,162.2603218447626
1999-05-21,11.5,11.5,172.4119284698228,172.4119284698228
1999-05-22,11.5,11.5,186.5573322345191,186.5573322345191
1999-05-23,11.5,11.5,196.7115663683293,196.7115663683293
1999-05-24,11.5,11.5,204.8701738295172,204.8701738295172
1999-05-25,11.5,11.5,213.27619531401072,213.27619531401072
1999-05-26,11.5,11.5,224.06973046844016,224.06973046844016
1999-05-27,11.5,11.5,238.19274652200124,238.19274652200124
1999-05-28,11.5,11.5,252.65318850055485,252.65318850055485
1999-05-29,11.5,11.5,264.79783918683944,264.79783918683944
1999-05-30,11.5,11.5,273.06430744369374,273.06430744369374
1999-05-31,11.5,11.5,280.6273330787675,280.6273330787675
1999-06-01,11.5,11.5,281.46724051213926,281.46724051213926
1999-06-02,11.5,11.5,283.0196743878238,283.0196743878238
1999-06-03,11.5,11.5,279.6847278868326,279.6847278868326
1999-06-04,11.5,11.5,276.1787320096998,276.1787320096998
1999-06-05,11.5,11.5,272.7430155642873,272.7430155642873
1999-06-06,11.5,11.5,269.74228277516346,269.74228277516346
1999-06-07,11.5,11.5,266.7139110396989,266.7139110396989
1999-06-08,11.5,11.5,263.3180169350989,263.3180169350989
1999-06-09,11.5,11.5,259.84772140384047,259.84772140384047
1999-06-10,11.5,11.5,256.7114663828576,256.7114663828576
1999-06-11,11.5,11.5,254.35096938741407,254.35096938741407
1999-06-12,11.5,11.5,252.99047568437337,252.99047568437337
1999-06-13,11.5,11.5,252.37943201224812,252.37943201224812
1999-06-14,11.5,11.5,252.93156861660407,252.93156861660407
1999-06-15,11.5,11.5,254.29426596102365,254.29426596102365
1999-06-16,11.5,11.5,254.65265843169217,254.65265843169217
1999-06-17,11.5,11.5,254.507235659987,254.507235659987
1999-06-18,11.5,11.5,253.88259915290197,253.88259915290197
1999-06-19,11.5,11.5,253.02118832086282,253.02118832086282
1999-06-20,11.5,11.5,250.83095834606817,250.83095834606817
1999-06-21,11.5,11.5,248.38298856396133,248.38298856396133
1999-06-22,11.5,11.5,245.52171042700442,245.52171042700442
1999-06-23,11.5,11.5,242.8697482641943,242.8697482641943
1999-06-24,11.5,11.5,239.81104990966838,239.81104990966838
1999-06-25,11.5,11.5,235.64723213725858,235.64723213725858
1999-06-26,11.5,11.5,230.7942340550493,230.7942340550493
1999-06-27,11.5,11.5,225.8105910042619,225.8105910042619
1999-06-28,11.5,11.5,221.00228667966124,221.00228667966124
1999-06-29,11.5,11.5,216.40436115618974,216.40436115618974
1999-06-30,11.5,11.5,211.47792065555754,211.47792065555754
1999-07-01,11.5,11.5,204.80643885718638,204.80643885718638
1999-07-02,11.5,11.5,197.57907741155117,197.57907741155117
1999-07-03,11.5,11.5,189.8464452371195,189.8464452371195
1999-07-04,11.5,11.5,181.75647328291353,181.75647328291353
1999-07-05,11.5,11.5,173.36375378543613,173.36375378543613
1999-07-06,11.5,11.5,165.09683756736248,165.09683756736248
1999-07-07,11.5,11.5,156.98654958445522,156.98654958445522
1999-07-08,11.5,11.5,148.63618577528212,148.63618577528212
1999-07-09,9.8,9.8,142.0,142.0
1999-07-10,9.8,9.8,142.0,142.0
1999-07-11,9.8,9.8,142.0,142.0
1999-07-12,9.8,9.8,142.0,142.0
1999-07-13,9.8,9.8,142.0,142.0
1999-07-14,9.8,9.8,142.0,142.0
1999-07-15,9.8,9.8,142.0,142.0
1999-07-16,9.8,9.8,142.0,142.0
1999-07-17,9.8,9.8,142.0,142.0
1999-07-18,9.8,9.8,142.0,142.0
1999-07-19,9.8,9.8,142.0,142.0
1999-07-20,9.8,9.8,142.0,142.0
1999-07-21,9.8,9.8,142.0,142.0
1999-07-22,9.8,9.8,142.0,142.0
1999-07-23,9.8,9.8,142.0,142.0
1999-07-24,9.8,9.8,142.0,142.0
1999-07-25,9.8,9.8,142.0,142.0
1999-07-26,9.8,9.8,142.0,142.0
1999-07-27,9.8,9.8,142.0,142.0
1999-07-28,9.8,9.8,142.0,142.0
1999-07-29,9.8,9.8,142.0,142.0
1999-07-30,9.8,9.8,142.0,142.0
1999-07-31,9.8,9.8,142.0,142.0
1999-08-01,9.8,9.8,142.0,142.0
1999-08-02,9.8,9.8,142.0,142.0
1999-08-03,9.8,9.8,142.0,142.0
1999-08-04,9.8,9.8,142.0,142.0
1999-08-05,9.8,9.8,142.0,142.0
1999-08-06,9.8,9.8,142.0,142.0
1999-08-07,9.8,9.8,142.0,142.0
1999-08-08,9.8,9.8,142.0,142.0
1999-08-09,9.8,9.8,142.0,142.0
1999-08-10,9.8,9.8,142.0,142.0
1999-08-11,9.8,9.8,142.0,142.0
1999-08-12,9.8,9.8,142.0,142.0
1999-08-13,9.8,9.8,142.0,142.0
1999-08-14,9.8,9.8,142.0,142.0
1999-08-15,9.8,9.8,142.0,142.0
1999-08-16,9.8,9.8,142.0,142.0
1999-08-17,9.8,9.8,142.0,142.0
1999-08-18,9.8,9.8,142.0,142.0
1999-08-19,9.8,9.8,142.0,142.0
1999-08-20,9.8,9.8,142.0,142.0
1999-08-21,9.8,9.8,142.0,142.0
1999-08-22,9.8,9.8,142.0,142.0
1999-08-23,9.8,9.8,142.0,142.0
1999-08-24,9.8,9.8,142.0,142.0
1999-08-25,9.8,9.8,142.0,142.0
1999-08-26,9.8,9.8,142.0,142.0
1999-08-27,9.8,9.8,142.0,142.0
1999-08-28,9.8,9.8,142.0,142.0
1999-08-29,9.8,9.8,142.0,142.0
1999-08-30,9.8,9.8,142.0,142.0
1999-08-31,9.8,9.8,142.0,142.0
1999-09-01,9.8,9.8,142.0,142.0
1999-09-02,9.8,9.8,142.0,142.0
1999-09-03,9.8,9.8,142.0,142.0
1999-09-04,9.8,9.8,142.0,142.0
1999-09-05,9.8,9.8,142.0,142.0
1999-09-06,9.8,9.8,142.0,142.0
1999-09-07,9.8,9.8,142.0,142.0
1999-09-08,9.8,9.8,142.0,142.0
1999-09-09,9.8,9.8,142.0,142.0
1999-09-10,9.8,9.8,142.0,142.0
1999-09-11,9.8,9.8,142.0,142.0
1999-09-12,9.8,9.8,142.0,142.0
1999-09-13,9.8,9.8,142.0,142.0
1999-09-14,9.8,9.8,142.0,142.0
1999-09-15,9.8,9.8,142.0,142.0
1999-09-16,9.8,9.8,142.0,142.0
1999-09-17,9.8,9.8,142.0,142.0
1999-09-18,9.8,9.8,142.0,142.0
1999-09-19,9.8,9.8,142.0,142.0
1999-09-20,9.8,9.8,142.0,142.0
1999-09-21,9.8,9.8,142.0,142.0
1999-09-22,9.8,9.8,142.0,142.0
1999-09-23,9.8,9.8,142.0,142.0
1999-09-24,9.8,9.8,142.0,142.0
1999-09-25,9.8,9.8,142.0,142.0
1999-09-26,9.8,9.8,142.0,142.0
1999-09-27,9.8,9.8,142.0,142.0
1999-09-28,9.8,9.8,142.0,142.0
1999-09-29,9.8,9.8,142.0,142.0
1999-09-30,9.8,9.8,142.0,142.0
1999-10-01,9.8,9.8,142.0,142.0
1999-10-02,9.8,9.8,142.0,142.0
1999-10-03,9.8,9.8,142.0,142.0
1999-10-04,9.8,9.8,142.0,142.0
1999-10-05,9.8,9.8,142.0,142.0
1999-10-06,9.8,9.8,142.0,142.0
1999-10-07,9.8,9.8,142.0,142.0
1999-10-08,9.8,9.8,142.0,142.0
1999-10-09,9.8,9.8,142.0,142.0
1999-10-10,9.8,9.8,142.0,142.0
1999-10-11,9.8,9.8,142.0,142.0
1999-10-12,9.8,9.8,142.0,142.0
1999-10-13,9.8,9.8,142.0,142.0
1999-10-14,9.8,9.8,142.0,142.0
1999-10-15,9.8,9.8,142.0,142.0
1999-10-16,9.8,9.8,142.0,142.0
1999-10-17,9.8,9.8,142.0,142.0
1999-10-18,9.8,9.8,142.0,142.0
1999-10-19,9.8,9.8,142.0,142.0
1999-10-20,9.8,9.8,142.0,142.0
1999-10-21,9.8,9.8,142.0,142.0
1999-10-22,9.8,9.8,142.0,142.0
1999-10-23,9.8,9.8,142.0,142.0
1999-10-24,9.8,9.8,142.0,142.0
1999-10-25,9.8,9.8,142.0,142.0
1999-10-26,9.8,9.8,142.0,142.0
1999-10-27,9.8,9.8,142.0,142.0
1999-10-28,9.8,9.8,142.0,142.0
1999-10-29,9.8,9.8,142.0,142.0
1999-10-30,9.8,9.8,142.0,142.0
1999-10-31,9.8,9.8,142.0,142.0
1999-11-01,9.8,9.8,142.0,142.0
1999-11-02,9.8,9.8,142.0,142.0
1999-11-03,9.8,9.8,142.0,142.0
1999-11-04,9.8,9.8,142.0,142.0
1999-11-05,9.8,9.8,142.0,142.0
1999-11-06,9.8,9.8,142.0,142.0
1999-11-07,9.8,9.8,142.0,142.0
1999-11-08,9.8,9.8,142.0,142.0
1999-11-09,9.8,9.8,142.0,142.0
1999-11-10,9.8,9.8,142.0,142.0
1999-11-11,9.8,9.8,142.0,142.0
1999-11-12,9.8,9.8,142.0,142.0
1999-11-13,9.8,9.8,142.0,142.0
1999-11-14,9.8,9.8,142.0,142.0
1999-11-15,9.8,9.8,142.0,142.0
1999-11-16,9.8,9.8,142.0,142.0
1999-11-17,9.8,9.8,142.0,142.0
1999-11-18,9.8,9.8,142.0,142.0
1999-11-19,9.8,9.8,142.0,142.0
1999-11-20,9.8,9.8,142.0,142.0
1999-11-21,9.8,9.8,142.0,142.0
1999-11-22,9.8,9.8,142.0,142.0
1999-11-23,9.8,9.8,142.0,142.0
1999-11-24,9.8,9.8,142.0,142.0
1999-11-25,9.8,9.8,142.0,142.0
1999-11-26,9.8,9.8,142.0,142.0
1999-11-27,9.8,9.8,142.0,142.0
1999-11-28,9.8,9.8,142.0,142.0
1999-11-29,9.8,9.8,142.0,142.0
1999-11-30,9.8,9.8,142.0,142.0
1999-12-01,9.8,9.8,142.0,142.0
1999-12-02,9.8,9.8,142.0,142.0
1999-12-03,9.8,9.8,142.0,142.0
1999-12-04,9.8,9.8,142.0,142.0
1999-12-05,9.8,9.8,142.0,142.0
1999-12-06,9.8,9.8,142.0,142.0
1999-12-07,9.8,9.8,142.0,142.0
1999-12-08,9.8,9.8,142.0,142.0
1999-12-09,9.8,9.8,142.0,142.0
1999-12-10,9.8,9.8,142.0,142.0
1999-12-11,9.8,9.8,142.0,142.0
1999-12-12,9.8,9.8,142.0,142.0
1999-12-13,9.8,9.8,142.0,142.0
1999-12-14,9.8,9.8,142.0,142.0
1999-12-15,9.8,9.8,142.0,142.0
1999-12-16,9.8,9.8,142.0,142.0
1999-12-17,9.8,9.8,142.0,142.0
1999-12-18,9.8,9.8,142.0,142.0
1999-12-19,9.8,9.8,142.0,142.0
1999-12-20,9.8,9.8,142.0,142.0
1999-12-21,9.8,9.8,142.0,142.0
1999-12-22,9.8,9.8,142.0,142.0
1999-12-23,9.8,9.8,142.0,142.0
1999-12-24,9.8,9.8,142.0,142.0
1999-12-25,9.8,9.8,142.0,142.0
1999-12-26,9.8,9.8,142.0,142.0
1999-12-27,9.8,9.8,142.0,142.0
1999-12-28,9.8,9.8,142.0,142.0
1999-12-29,9.8,9.8,142.0,142.0
1999-12-30,9.8,9.8,142.0,142.0
1999-12-31,9.8,9.8,142.0,142.0
2000-01-01,9.8,9.8,142.0,142.0
2000-01-02,9.8,9.8,142.0,142.0
2000-01-03,9.8,9.8,142.0,142.0
2000-01-04,9.8,9.8,142.0,142.0
2000-01-05,9.8,9.8,142.0,142.0
2000-01-06,9.8,9.8,142.0,142.0
2000-01-07,9.8,9.8,142.0,142.0
2000-01-08,9.8,9.8,142.0,142.0
2000-01-09,9.8,9.8,142.0,142.0
2000-01-10,9.8,9.8,142.0,142.0
2000-01-11,9.8,9.8,142.0,142.0
2000-01-12,9.8,9.8,142.0,142.0
2000-01-13,9.8,9.8,142.0,142.0
2000-01-14,9.8,9.8,142.0,142.0
2000-01-15,9.8,9.8,142.0,142.0
2000-01-16,9.8,9.8,142.0,142.0
2000-01-17,11.04703903385662,11.04703903385662,142.0,142.0
2000-01-18,9.8,9.8,142.0,142.0
2000-01-19,9.8,9.8,142.0,142.0
2000-01-20,9.8,9.8,142.0,142.0
2000-01-21,9.8,9.8,142.0,142.0
2000-01-22,9.8,9.8,142.0,142.0
2000-01-23,11.5,11.5,156.7765474100469,156.7765474100469
2000-01-24,11.5,11.5,197.12150469425364,197.12150469425364
2000-01-25,11.5,11.5,195.29728033255532,195.29728033255532
2000-01-26,11.5,11.5,185.7893814381319,185.7893814381319
2000-01-27,11.5,11.5,176.00922364879935,176.00922364879935
2000-01-28,11.5,11.5,166.23143145534257,166.23143145534257
2000-01-29,11.5,11.5,156.92525975027706,156.92525975027706
2000-01-30,11.5,11.5,149.0271578252061,149.0271578252061
2000-01-31,9.8,9.8,142.0,142.0
2000-02-01,9.8,9.8,142.0,142.0
2000-02-02,9.8,9.8,142.0,142.0
2000-02-03,9.8,9.8,142.0,142.0
2000-02-04,9.8,9.8,142.0,142.0
2000-02-05,9.8,9.8,142.0,142.0
2000-02-06,9.8,9.8,142.0,142.0
2000-02-07,9.8,9.8,142.0,142.0
2000-02-08,9.8,9.8,142.0,142.0
2000-02-09,9.8,9.8,142.0,142.0
2000-02-10,9.8,9.8,142.0,142.0
2000-02-11,9.8,9.8,142.0,142.0
2000-02-12,9.8,9.8,142.0,142.0
2000-02-13,11.5,11.5,147.76773750242535,147.76773750242535
2000-02-14,11.5,11.5,147.28758272603082,147.28758272603082
2000-02-15,11.5,11.5,142.68945159043918,142.68945159043918
2000-02-16,9.8,9.8,142.0,142.0
2000-02-17,9.8,9.8,142.0,142.0
2000-02-18,9.8,9.8,142.0,142.0
2000-02-19,9.8,9.8,142.0,142.0
2000-02-20,9.8,9.8,142.0,142.0
2000-02-21,9.8,9.8,142.0,142.0
2000-02-22,9.920748933574492,9.920748933574492,142.0,142.0
2000-02-23,9.8,9.8,142.0,142.0
2000-02-24,9.8,9.8,142.0,142.0
2000-02-25,9.8,9.8,142.0,142.0
2000-02-26,9.8,9.8,142.0,142.0
2000-02-27,11.5,11.5,144.78297582017092,144.78297582017092
2000-02-28,11.5,11.5,146.36571962550178,146.36571962550178
2000-02-29,11.5,11.5,146.03356083616382,146.03356083616382
2000-03-01,11.5,11.5,144.4541617422311,144.4541617422311
2000-03-02,11.5,11.5,142.66357090984715,142.66357090984715
2000-03-03,10.0963462065015,10.0963462065015,142.0,142.0
2000-03-04,9.8,9.8,142.0,142.0
2000-03-05,9.8,9.8,142.0,142.0
2000-03-06,9.8,9.8,142.0,142.0
2000-03-07,9.8,9.8,142.0,142.0
2000-03-08,9.8,9.8,142.0,142.0
2000-03-09,9.8,9.8,142.0,142.0
2000-03-10,9.8,9.8,142.0,142.0
2000-03-11,9.8,9.8,142.0,142.0
2000-03-12,9.8,9.8,142.0,142.0
2000-03-13,9.8,9.8,142.0,142.0
2000-03-14,9.8,9.8,142.0,142.0
2000-03-15,9.8,9.8,142.0,142.0
2000-03-16,9.8,9.8,142.0,142.0
2000-03-17,9.8,9.8,142.0,142.0
2000-03-18,9.8,9.8,142.0,142.0
2000-03-19,9.8,9.8,142.0,142.0
2000-03-20,9.8,9.8,142.0,142.0
2000-03-21,9.8,9.8,142.0,142.0
2000-03-22,9.8,9.8,142.0,142.0
2000-03-23,9.8,9.8,142.0,142.0
2000-03-24,9.8,9.8,142.0,142.0
2000-03-25,9.8,9.8,142.0,142.0
2000-03-26,9.8,9.8,142.0,142.0
2000-03-27,9.8,9.8,142.0,142.0
2000-03-28,9.8,9.8,142.0,142.0
2000-03-29,9.8,9.8,142.0,142.0
2000-03-30,9.8,9.8,142.0,142.0
2000-03-31,9.8,9.8,142.0,142.0
2000-04-01,9.8,9.8,142.0,142.0
2000-04-02,9.909594065603546,9.909594065603546,142.0,142.0
2000-04-03,11.400804555591542,11.400804555591542,142.0,142.0
2000-04-04,11.5,11.5,145.0559231038413,145.0559231038413
2000-04-05,11.5,11.5,149.68500972456954,149.68500972456954
2000-04-06,11.5,11.5,155.56565979612412,155.56565979612412
2000-04-07,11.5,11.5,161.7332918438342,161.7332918438342
2000-04-08,11.5,11.5,168.9657205316664,168.9657205316664
2000-04-09,11.5,11.5,174.34424435767903,174.34424435767903
2000-04-10,11.5,11.5,180.48059136195644,180.48059136195644
2000-04-11,11.5,11.5,188.22482809888598,188.22482809888598
2000-04-12,11.5,11.5,200.35337752288694,200.35337752288694
2000-04-13,11.5,11.5,222.01970371939603,222.01970371939603
2000-04-14,11.5,11.5,222.57152699818695,222.57152699818695
2000-04-15,11.5,11.5,221.9880033981683,221.9880033981683
2000-04-16,11.5,11.5,224.1869685995109,224.1869685995109
2000-04-17,11.5,11.5,229.25927906756274,229.25927906756274
2000-04-18,11.5,11.5,229.9913242331344,229.9913242331344
2000-04-19,11.5,11.5,229.33016666533828,229.33016666533828
2000-04-20,11.5,11.5,228.88983640386812,228.88983640386812
2000-04-21,11.5,11.5,228.35657662375638,228.35657662375638
2000-04-22,11.5,11.5,227.786264451842,227.786264451842
2000-04-23,11.5,11.5,226.76589742825723,226.76589742825723
2000-04-24,11.5,11.5,225.5303340892895,225.5303340892895
2000-04-25,11.5,11.5,224.5141103432766,224.5141103432766
2000-04-26,11.5,11.5,224.20195134599317,224.20195134599317
2000-04-27,11.5,11.5,224.7133652598584,224.7133652598584
2000-04-28,11.5,11.5,225.24796715693486,225.24796715693486
2000-04-29,11.5,11.5,224.0988771052938,224.0988771052938
2000-04-30,11.5,11.5,223.49363484409253,223.49363484409253
2000-05-01,11.5,11.5,224.50119967925832,224.50119967925832
2000-05-02,11.5,11.5,226.19233753561267,226.19233753561267
2000-05-03,11.5,11.5,227.95727243409416,227.95727243409416
2000-05-04,11.5,11.5,230.31559268038134,230.31559268038134
2000-05-05,11.5,11.5,230.4940563536371,230.4940563536371
2000-05-06,11.5,11.5,230.76786318081992,230.76786318081992
2000-05-07,11.5,11.5,236.10684215070913,236.10684215070913
2000-05-08,11.5,11.5,236.8889770984326,236.8889770984326
2000-05-09,11.5,11.5,235.28671649930394,235.28671649930394
2000-05-10,11.5,11.5,233.42207715532066,233.42207715532066
2000-05-11,11.5,11.5,230.67560255003767,230.67560255003767
2000-05-12,11.5,11.5,227.8046813404995,227.8046813404995
2000-05-13,11.5,11.5,224.99830216096808,224.99830216096808
2000-05-14,11.5,11.5,222.28334336486904,222.28334336486904
2000-05-15,11.5,11.5,219.81502585899074,219.81502585899074
2000-05-16,11.5,11.5,216.55553994507383,216.55553994507383
2000-05-17,11.5,11.5,212.37531303573246,212.37531303573246
2000-05-18,11.5,11.5,207.98521491353392,207.98521491353392
2000-05-19,11.5,11.5,203.93505498973627,203.93505498973627
2000-05-20,11.5,11.5,200.27371483418366,200.27371483418366
2000-05-21,11.5,11.5,197.33708822142668,197.33708822142668
2000-05-22,11.5,11.5,195.62379570594905,195.62379570594905
2000-05-23,11.5,11.5,194.72212380799792,194.72212380799792
2000-05-24,11.5,11.5,193.43237866529378,193.43237866529378
2000-05-25,11.5,11.5,190.92631438004122,190.92631438004122
2000-05-26,11.5,11.5,188.03353060778488,188.03353060778488
2000-05-27,11.5,11.5,185.32905722193655,185.32905722193655
2000-05-28,11.5,11.5,182.85843028785598,182.85843028785598
2000-05-29,11.5,11.5,179.23524873214933,179.23524873214933
2000-05-30,11.5,11.5,174.7463519391374,174.7463519391374
2000-05-31,11.5,11.5,169.3058110682832,169.3058110682832
2000-06-01,11.5,11.5,162.64087909092032,162.64087909092032
2000-06-02,11.5,11.5,155.85871224889055,155.85871224889055
2000-06-03,11.5,11.5,149.21194879846917,149.21194879846917
2000-06-04,11.5,11.5,142.87268624440725,142.87268624440725
2000-06-05,9.8,9.8,142.0,142.0
2000-06-06,9.8,9.8,142.0,142.0
2000-06-07,9.8,9.8,142.0,142.0
2000-06-08,9.8,9.8,142.0,142.0
2000-06-09,9.8,9.8,142.0,142.0
2000-06-10,9.8,9.8,142.0,142.0
2000-06-11,9.8,9.8,142.0,142.0
2000-06-12,9.8,9.8,142.0,142.0
2000-06-13,9.8,9.8,142.0,142.0
2000-06-14,9.8,9.8,142.0,142.0
2000-06-15,9.8,9.8,142.0,142.0
2000-06-16,9.8,9.8,142.0,142.0
2000-06-17,9.8,9.8,142.0,142.0
2000-06-18,9.8,9.8,142.0,142.0
2000-06-19,9.8,9.8,142.0,142.0
2000-06-20,9.8,9.8,142.0,142.0
2000-06-21,9.8,9.8,142.0,142.0
2000-06-22,9.8,9.8,142.0,142.0
2000-06-23,9.8,9.8,142.0,142.0
2000-06-24,9.8,9.8,142.0,142.0
2000-06-25,9.8,9.8,142.0,142.0
2000-06-26,9.8,9.8,142.0,142.0
2000-06-27,9.8,9.8,142.0,142.0
2000-06-28,9.8,9.8,142.0,142.0
2000-06-29,9.8,9.8,142.0,142.0
2000-06-30,9.8,9.8,142.0,142.0
2000-07-01,9.8,9.8,142.0,142.0
2000-07-02,9.8,9.8,142.0,142.0
2000-07-03,9.8,9.8,142.0,142.0
2000-07-04,9.8,9.8,142.0,142.0
2000-07-05,9.8,9.8,142.0,142.0
2000-07-06,9.8,9.8,142.0,142.0
2000-07-07,9.8,9.8,142.0,142.0
2000-07-08,9.8,9.8,142.0,142.0
2000-07-09,9.8,9.8,142.0,142.0
2000-07-10,9.8,9.8,142.0,142.0
2000-07-11,9.8,9.8,142.0,142.0
2000-07-12,9.8,9.8,142.0,142.0
2000-07-13,9.8,9.8,142.0,142.0
2000-07-14,9.8,9.8,142.0,142.0
2000-07-15,9.8,9.8,142.0,142.0
2000-07-16,9.8,9.8,142.0,142.0
2000-07-17,9.8,9.8,142.0,142.0
2000-07-18,9.8,9.8,142.0,142.0
2000-07-19,9.8,9.8,142.0,142.0
2000-07-20,9.8,9.8,142.0,142.0
2000-07-21,9.8,9.8,142.0,142.0
2000-07-22,9.8,9.8,142.0,142.0
2000-07-23,9.8,9.8,142.0,142.0
2000-07-24,9.8,9.8,142.0,142.0
2000-07-25,9.8,9.8,142.0,142.0
2000-07-26,9.8,9.8,142.0,142.0
2000-07-27,9.8,9.8,142.0,142.0
2000-07-28,9.8,9.8,142.0,142.0
2000-07-29,9.8,9.8,142.0,142.0
2000-07-30,9.8,9.8,142.0,142.0
2000-07-31,9.8,9.8,142.0,142.0
2000-08-01,9.8,9.8,142.0,142.0
2000-08-02,9.8,9.8,142.0,142.0
2000-08-03,9.8,9.8,142.0,142.0
2000-08-04,9.8,9.8,142.0,142.0
2000-08-05,9.8,9.8,142.0,142.0
2000-08-06,9.8,9.8,142.0,142.0
2000-08-07,9.8,9.8,142.0,142.0
2000-08-08,9.8,9.8,142.0,142.0
2000-08-09,9.8,9.8,142.0,142.0
2000-08-10,9.8,9.8,142.0,142.0
2000-08-11,9.8,9.8,142.0,142.0
2000-08-12,9.8,9.8,142.0,142.0
2000-08-13,9.8,9.8,142.0,142.0
2000-08-14,9.8,9.8,142.0,142.0
2000-08-15,9.8,9.8,142.0,142.0
2000-08-16,9.8,9.8,142.0,142.0
2000-08-17,9.8,9.8,142.0,142.0
2000-08-18,9.8,9.8,142.0,142.0
2000-08-19,9.8,9.8,142.0,142.0
2000-08-20,9.8,9.8,142.0,142.0
2000-08-21,9.8,9.8,142.0,142.0
2000-08-22,9.8,9.8,142.0,142.0
2000-08-23,9.8,9.8,142.0,142.0
2000-08-24,9.8,9.8,142.0,142.0
2000-08-25,9.8,9.8,142.0,142.0
2000-08-26,9.8,9.8,142.0,142.0
2000-08-27,9.8,9.8,142.0,142.0
2000-08-28,9.8,9.8,142.0,142.0
2000-08-29,9.8,9.8,142.0,142.0
2000-08-30,9.8,9.8,142.0,142.0
2000-08-31,9.8,9.8,142.0,142.0
2000-09-01,9.8,9.8,142.0,142.0
2000-09-02,9.8,9.8,142.0,142.0
2000-09-03,9.8,9.8,142.0,142.0
2000-09-04,9.8,9.8,142.0,142.0
2000-09-05,9.8,9.8,142.0,142.0
2000-09-06,9.8,9.8,142.0,142.0
2000-09-07,9.8,9.8,142.0,142.0
2000-09-08,9.8,9.8,142.0,142.0
2000-09-09,9.8,9.8,142.0,142.0
2000-09-10,9.8,9.8,142.0,142.0
2000-09-11,9.8,9.8,142.0,142.0
2000-09-12,9.8,9.8,142.0,142.0
2000-09-13,9.8,9.8,142.0,142.0
2000-09-14,9.8,9.8,142.0,142.0
2000-09-15,9.8,9.8,142.0,142.0
2000-09-16,9.8,9.8,142.0,142.0
2000-09-17,9.8,9.8,142.0,142.0
2000-09-18,9.8,9.8,142.0,142.0
2000-09-19,9.8,9.8,142.0,142.0
2000-09-20,9.8,9.8,142.0,142.0
2000-09-21,9.8,9.8,142.0,142.0
2000-09-22,9.8,9.8,142.0,142.0
2000-09-23,9.8,9.8,142.0,142.0
2000-09-24,9.8,9.8,142.0,142.0
2000-09-25,9.8,9.8,142.0,142.0
2000-09-26,9.8,9.8,142.0,142.0
2000-09-27,9.8,9.8,142.0,142.0
2000-09-28,9.8,9.8,142.0,142.0
2000-09-29,9.8,9.8,142.0,142.0
2000-09-30,9.8,9.8,142.0,142.0
2000-10-01,9.8,9.8,142.0,142.0
2000-10-02,9.8,9.8,142.0,142.0
2000-10-03,9.8,9.8,142.0,142.0
2000-10-04,9.8,9.8,142.0,142.0
2000-10-05,9.8,9.8,142.0,142.0
2000-10-06,9.8,9.8,142.0,142.0
2000-10-07,9.8,9.8,142.0,142.0
2000-10-08,9.8,9.8,142.0,142.0
2000-10-09,9.8,9.8,142.0,142.0
2000-10-10,9.8,9.8,142.0,142.0
2000-10-11,9.8,9.8,142.0,142.0
2000-10-12,9.8,9.8,142.0,142.0
2000-10-13,9.8,9.8,142.0,142.0
2000-10-14,9.8,9.8,142.0,142.0
2000-10-15,9.8,9.8,142.0,142.0
2000-10-16,9.8,9.8,142.0,142.0
2000-10-17,9.8,9.8,142.0,142.0
2000-10-18,9.8,9.8,142.0,142.0
2000-10-19,9.8,9.8,142.0,142.0
2000-10-20,9.8,9.8,142.0,142.0
2000-10-21,9.8,9.8,142.0,142.0
2000-10-22,9.8,9.8,142.0,142.0
2000-10-23,9.8,9.8,142.0,142.0
2000-10-24,9.8,9.8,142.0,142.0
2000-10-25,9.8,9.8,142.0,142.0
2000-10-26,9.8,9.8,142.0,142.0
2000-10-27,9.8,9.8,142.0,142.0
2000-10-28,9.8,9.8,142.0,142.0
2000-10-29,9.8,9.8,142.0,142.0
2000-10-30,9.8,9.8,142.0,142.0
2000-10-31,9.8,9.8,142.0,142.0
2000-11-01,9.8,9.8,142.0,142.0
2000-11-02,9.8,9.8,142.0,142.0
2000-11-03,9.8,9.8,142.0,142.0
2000-11-04,9.8,9.8,142.0,142.0
2000-11-05,9.8,9.8,142.0,142.0
2000-11-06,9.8,9.8,142.0,142.0
2000-11-07,9.8,9.8,142.0,142.0
2000-11-08,9.8,9.8,142.0,142.0
2000-11-09,9.8,9.8,142.0,142.0
2000-11-10,9.8,9.8,142.0,142.0
2000-11-11,9.8,9.8,142.0,142.0
2000-11-12,9.8,9.8,142.0,142.0
2000-11-13,9.8,9.8,142.0,142.0
2000-11-14,9.8,9.8,142.0,142.0
2000-11-15,9.8,9.8,142.0,142.0
2000-11-16,9.8,9.8,142.0,142.0
2000-11-17,9.8,9.8,142.0,142.0
2000-11-18,9.8,9.8,142.0,142.0
2000-11-19,9.8,9.8,142.0,142.0
2000-11-20,9.8,9.8,142.0,142.0
2000-11-21,9.8,9.8,142.0,142.0
2000-11-22,9.8,9.8,142.0,142.0
2000-11-23,9.8,9.8,142.0,142.0
2000-11-24,9.8,9.8,142.0,142.0
2000-11-25,9.8,9.8,142.0,142.0
2000-11-26,9.8,9.8,142.0,142.0
2000-11-27,9.8,9.8,142.0,142.0
2000-11-28,9.8,9.8,142.0,142.0
2000-11-29,9.8,9.8,142.0,142.0
2000-11-30,9.8,9.8,142.0,142.0
2000-12-01,9.8,9.8,142.0,142.0
2000-12-02,9.8,9.8,142.0,142.0
2000-12-03,9.8,9.8,142.0,142.0
2000-12-04,9.8,9.8,142.0,142.0
2000-12-05,9.8,9.8,142.0,142.0
2000-12-06,9.8,9.8,142.0,142.0
2000-12-07,9.8,9.8,142.0,142.0
2000-12-08,9.8,9.8,142.0,142.0
2000-12-09,9.8,9.8,142.0,142.0
2000-12-10,9.8,9.8,142.0,142.0
2000-12-11,9.8,9.8,142.0,142.0
2000-12-12,9.8,9.8,142.0,142.0
2000-12-13,9.8,9.8,142.0,142.0
2000-12-14,9.8,9.8,142.0,142.0
2000-12-15,9.8,9.8,142.0,142.0
2000-12-16,9.8,9.8,142.0,142.0
2000-12-17,9.8,9.8,142.0,142.0
2000-12-18,9.8,9.8,142.0,142.0
2000-12-19,9.8,9.8,142.0,142.0
2000-12-20,9.8,9.8,142.0,142.0
2000-12-21,9.8,9.8,142.0,142.0
2000-12-22,9.8,9.8,142.0,142.0
2000-12-23,9.8,9.8,142.0,142.0
2000-12-24,9.8,9.8,142.0,142.0
2000-12-25,9.8,9.8,142.0,142.0
2000-12-26,9.8,9.8,142.0,142.0
2000-12-27,9.8,9.8,142.0,142.0
2000-12-28,9.8,9.8,142.0,142.0
2000-12-29,9.8,9.8,142.0,142.0
2000-12-30,9.8,9.8,142.0,142.0
2000-12-31,9.8,9.8,142.0,142.0
2001-01-01,9.8,9.8,142.0,142.0
2001-01-02,9.8,9.8,142.0,142.0
2001-01-03,9.8,9.8,142.0,142.0
2001-01-04,9.8,9.8,142.0,142.0
2001-01-05,9.8,9.8,142.0,142.0
2001-01-06,9.8,9.8,142.0,142.0
2001-01-07,9.8,9.8,142.0,142.0
2001-01-08,9.8,9.8,142.0,142.0
2001-01-09,9.8,9.8,142.0,142.0
2001-01-10,9.8,9.8,142.0,142.0
2001-01-11,9.8,9.8,142.0,142.0
2001-01-12,9.8,9.8,142.0,142.0
2001-01-13,9.8,9.8,142.0,142.0
2001-01-14,9.8,9.8,142.0,142.0
2001-01-15,9.8,9.8,142.0,142.0
2001-01-16,9.8,9.8,142.0,142.0
2001-01-17,9.8,9.8,142.0,142.0
2001-01-18,9.8,9.8,142.0,142.0
2001-01-19,9.8,9.8,142.0,142.0
2001-01-20,9.8,9.8,142.0,142.0
2001-01-21,9.8,9.8,142.0,142.0
2001-01-22,9.8,9.8,142.0,142.0
2001-01-23,9.8,9.8,142.0,142.0
2001-01-24,9.8,9.8,142.0,142.0
2001-01-25,9.8,9.8,142.0,142.0
2001-01-26,9.8,9.8,142.0,142.0
2001-01-27,9.8,9.8,142.0,142.0
2001-01-28,9.8,9.8,142.0,142.0
2001-01-29,9.8,9.8,142.0,142.0
2001-01-30,9.8,9.8,142.0,142.0
2001-01-31,9.8,9.8,142.0,142.0
2001-02-01,9.8,9.8,142.0,142.0
2001-02-02,9.8,9.8,142.0,142.0
2001-02-03,9.8,9.8,142.0,142.0
2001-02-04,9.8,9.8,142.0,142.0
2001-02-05,9.8,9.8,142.0,142.0
2001-02-06,9.8,9.8,142.0,142.0
2001-02-07,9.8,9.8,142.0,142.0
2001-02-08,9.8,9.8,142.0,142.0
2001-02-09,9.8,9.8,142.0,142.0
2001-02-10,9.8,9.8,142.0,142.0
2001-02-11,9.8,9.8,142.0,142.0
2001-02-12,9.8,9.8,142.0,142.0
2001-02-13,9.8,9.8,142.0,142.0
2001-02-14,9.8,9.8,142.0,142.0
2001-02-15,9.8,9.8,142.0,142.0
2001-02-16,9.8,9.8,142.0,142.0
2001-02-17,9.8,9.8,142.0,142.0
2001-02-18,9.8,9.8,142.0,142.0
2001-02-19,9.8,9.8,142.0,142.0
2001-02-20,9.8,9.8,142.0,142.0
2001-02-21,9.8,9.8,142.0,142.0
2001-02-22,9.8,9.8,142.0,142.0
2001-02-23,9.8,9.8,142.0,142.0
2001-02-24,9.8,9.8,142.0,142.0
2001-02-25,9.8,9.8,142.0,142.0
2001-02-26,9.8,9.8,142.0,142.0
2001-02-27,9.8,9.8,142.0,142.0
2001-02-28,9.8,9.8,142.0,142.0
2001-03-01,9.8,9.8,142.0,142.0
2001-03-02,9.8,9.8,142.0,142.0
2001-03-03,9.8,9.8,142.0,142.0
2001-03-04,9.8,9.8,142.0,142.0
2001-03-05,9.8,9.8,142.0,142.0
2001-03-06,9.8,9.8,142.0,142.0
2001-03-07,9.8,9.8,142.0,142.0
2001-03-08,9.8,9.8,142.0,142.0
2001-03-09,9.8,9.8,142.0,142.0
2001-03-10,9.8,9.8,142.0,142.0
2001-03-11,9.8,9.8,142.0,142.0
2001-03-12,9.8,9.8,142.0,142.0
2001-03-13,9.8,9.8,142.0,142.0
2001-03-14,9.8,9.8,142.0,142.0
2001-03-15,9.8,9.8,142.0,142.0
2001-03-16,9.8,9.8,142.0,142.0
2001-03-17,9.8,9.8,142.0,142.0
2001-03-18,9.8,9.8,142.0,142.0
2001-03-19,9.8,9.8,142.0,142.0
2001-03-20,9.8,9.8,142.0,142.0
2001-03-21,9.8,9.8,142.0,142.0
2001-03-22,9.8,9.8,142.0,142.0
2001-03-23,9.8,9.8,142.0,142.0
2001-03-24,9.8,9.8,142.0,142.0
2001-03-25,9.8,9.8,142.0,142.0
2001-03-26,9.8,9.8,142.0,142.0
2001-03-27,9.8,9.8,142.0,142.0
2001-03-28,9.8,9.8,142.0,142.0
2001-03-29,9.8,9.8,142.0,142.0
2001-03-30,9.8,9.8,142.0,142.0
2001-03-31,9.8,9.8,142.0,142.0
2001-04-01,9.8,9.8,142.0,142.0
2001-04-02,9.8,9.8,142.0,142.0
2001-04-03,9.8,9.8,142.0,142.0
2001-04-04,9.8,9.8,142.0,142.0
2001-04-05,9.8,9.8,142.0,142.0
2001-04-06,9.8,9.8,142.0,142.0
2001-04-07,9.8,9.8,142.0,142.0
2001-04-08,9.8,9.8,142.0,142.0
2001-04-09,9.8,9.8,142.0,142.0
2001-04-10,9.8,9.8,142.0,142.0
2001-04-11,9.8,9.8,142.0,142.0
2001-04-12,9.8,9.8,142.0,142.0
2001-04-13,9.8,9.8,142.0,142.0
2001-04-14,9.8,9.8,142.0,142.0
2001-04-15,9.8,9.8,142.0,142.0
2001-04-16,9.8,9.8,142.0,142.0
2001-04-17,9.8,9.8,142.0,142.0
2001-04-18,9.8,9.8,142.0,142.0
2001-04-19,9.8,9.8,142.0,142.0
2001-04-20,9.8,9.8,142.0,142.0
2001-04-21,9.8,9.8,142.0,142.0
2001-04-22,9.8,9.8,142.0,142.0
2001-04-23,9.8,9.8,142.0,142.0
2001-04-24,9.8,9.8,142.0,142.0
2001-04-25,9.8,9.8,142.0,142.0
2001-04-26,9.8,9.8,142.0,142.0
2001-04-27,9.8,9.8,142.0,142.0
2001-04-28,9.8,9.8,142.0,142.0
2001-04-29,9.8,9.8,142.0,142.0
2001-04-30,9.8,9.8,142.0,142.0
2001-05-01,9.8,9.8,142.0,142.0
2001-05-02,9.8,9.8,142.0,142.0
2001-05-03,9.8,9.8,142.0,142.0
2001-05-04,9.8,9.8,142.0,142.0
2001-05-05,9.8,9.8,142.0,142.0
2001-05-06,9.8,9.8,142.0,142.0
2001-05-07,10.213774206185487,10.213774206185487,142.0,142.0
2001-05-08,11.5,11.5,142.9672225551384,142.9672225551384
2001-05-09,11.5,11.5,146.93379024287754,146.93379024287754
2001-05-10,11.5,11.5,151.80567142068344,151.80567142068344
2001-05-11,11.5,11.5,157.71663229407034,157.71663229407034
2001-05-12,11.5,11.5,160.9355876519171,160.9355876519171
2001-05-13,11.5,11.5,162.24952445580925,162.24952445580925
2001-05-14,11.5,11.5,163.05044444460253,163.05044444460253
2001-05-15,11.5,11.5,163.47644204049297,163.47644204049297
2001-05-16,11.5,11.5,166.0789327506546,166.0789327506546
2001-05-17,11.5,11.5,168.936831681331,168.936831681331
2001-05-18,11.5,11.5,170.10699734773758,170.10699734773758
2001-05-19,11.5,11.5,171.71025743917727,171.71025743917727
2001-05-20,11.5,11.5,175.35906525264377,175.35906525264377
2001-05-21,11.5,11.5,178.71519248349804,178.71519248349804
2001-05-22,11.5,11.5,181.67872789192418,181.67872789192418
2001-05-23,11.5,11.5,183.1599821982858,183.1599821982858
2001-05-24,11.5,11.5,184.15490221564866,184.15490221564866
2001-05-25,11.5,11.5,185.45083748661398,185.45083748661398
2001-05-26,11.5,11.5,186.0421969975833,186.0421969975833
2001-05-27,11.5,11.5,186.7556637356545,186.7556637356545
2001-05-28,11.5,11.5,186.16524861747868,186.16524861747868
2001-05-29,11.5,11.5,186.04703384225002,186.04703384225002
2001-05-30,11.5,11.5,188.22994714854667,188.22994714854667
2001-05-31,11.5,11.5,190.2659624568172,190.2659624568172
2001-06-01,11.5,11.5,189.30385086970685,189.30385086970685
2001-06-02,11.5,11.5,185.30797561160654,185.30797561160654
2001-06-03,11.5,11.5,179.9024517803582,179.9024517803582
2001-06-04,11.5,11.5,173.84812163071186,173.84812163071186
2001-06-05,11.5,11.5,167.8839069232479,167.8839069232479
2001-06-06,11.5,11.5,162.13348135540903,162.13348135540903
2001-06-07,11.5,11.5,156.60863293270236,156.60863293270236
2001-06-08,11.5,11.5,151.29923598973008,151.29923598973008
2001-06-09,11.5,11.5,145.51382617403965,145.51382617403965
2001-06-10,9.8,9.8,142.0,142.0
2001-06-11,9.8,9.8,142.0,142.0
2001-06-12,9.8,9.8,142.0,142.0
2001-06-13,9.8,9.8,142.0,142.0
2001-06-14,9.8,9.8,142.0,142.0
2001-06-15,9.8,9.8,142.0,142.0
2001-06-16,9.8,9.8,142.0,142.0
2001-06-17,9.8,9.8,142.0,142.0
2001-06-18,9.8,9.8,142.0,142.0
2001-06-19,9.8,9.8,142.0,142.0
2001-06-20,9.8,9.8,142.0,142.0
2001-06-21,9.8,9.8,142.0,142.0
2001-06-22,9.8,9.8,142.0,142.0
2001-06-23,9.8,9.8,142.0,142.0
2001-06-24,9.8,9.8,142.0,142.0
2001-06-25,9.8,9.8,142.0,142.0
2001-06-26,9.8,9.8,142.0,142.0
2001-06-27,9.8,9.8,142.0,142.0
2001-06-28,9.8,9.8,142.0,142.0
2001-06-29,9.8,9.8,142.0,142.0
2001-06-30,9.8,9.8,142.0,142.0
2001-07-01,9.8,9.8,142.0,142.0
2001-07-02,9.8,9.8,142.0,142.0
2001-07-03,9.8,9.8,142.0,142.0
2001-07-04,9.8,9.8,142.0,142.0
2001-07-05,9.8,9.8,142.0,142.0
2001-07-06,9.8,9.8,142.0,142.0
2001-07-07,9.8,9.8,142.0,142.0
2001-07-08,9.8,9.8,142.0,142.0
2001-07-09,9.8,9.8,142.0,142.0
2001-07-10,9.8,9.8,142.0,142.0
2001-07-11,9.8,9.8,142.0,142.0
2001-07-12,9.8,9.8,142.0,142.0
2001-07-13,9.8,9.8,142.0,142.0
2001-07-14,9.8,9.8,142.0,142.0
2001-07-15,9.8,9.8,142.0,142.0
2001-07-16,9.8,9.8,142.0,142.0
2001-07-17,9.8,9.8,142.0,142.0
2001-07-18,9.8,9.8,142.0,142.0
2001-07-19,9.8,9.8,142.0,142.0
2001-07-20,9.8,9.8,142.0,142.0
2001-07-21,9.8,9.8,142.0,142.0
2001-07-22,9.8,9.8,142.0,142.0
2001-07-23,9.8,9.8,142.0,142.0
2001-07-24,9.8,9.8,142.0,142.0
2001-07-25,9.8,9.8,142.0,142.0
2001-07-26,9.8,9.8,142.0,142.0
2001-07-27,9.8,9.8,142.0,142.0
2001-07-28,9.8,9.8,142.0,142.0
2001-07-29,9.8,9.8,142.0,142.0
2001-07-30,9.8,9.8,142.0,142.0
2001-07-31,9.8,9.8,142.0,142.0
2001-08-01,9.8,9.8,142.0,142.0
2001-08-02,9.8,9.8,142.0,142.0
2001-08-03,9.8,9.8,142.0,142.0
2001-08-04,9.8,9.8,142.0,142.0
2001-08-05,9.8,9.8,142.0,142.0
2001-08-06,9.8,9.8,142.0,142.0
2001-08-07,9.8,9.8,142.0,142.0
2001-08-08,9.8,9.8,142.0,142.0
2001-08-09,9.8,9.8,142.0,142.0
2001-08-10,9.8,9.8,142.0,142.0
2001-08-11,9.8,9.8,142.0,142.0
2001-08-12,9.8,9.8,142.0,142.0
2001-08-13,9.8,9.8,142.0,142.0
2001-08-14,9.8,9.8,142.0,142.0
2001-08-15,9.8,9.8,142.0,142.0
2001-08-16,9.8,9.8,142.0,142.0
2001-08-17,9.8,9.8,142.0,142.0
2001-08-18,9.8,9.8,142.0,142.0
2001-08-19,9.8,9.8,142.0,142.0
2001-08-20,9.8,9.8,142.0,142.0
2001-08-21,9.8,9.8,142.0,142.0
2001-08-22,9.8,9.8,142.0,142.0
2001-08-23,9.8,9.8,142.0,142.0
2001-08-24,9.8,9.8,142.0,142.0
2001-08-25,9.8,9.8,142.0,142.0
2001-08-26,9.8,9.8,142.0,142.0
2001-08-27,9.8,9.8,142.0,142.0
2001-08-28,9.8,9.8,142.0,142.0
2001-08-29,9.8,9.8,142.0,142.0
2001-08-30,9.8,9.8,142.0,142.0
2001-08-31,9.8,9.8,142.0,142.0
2001-09-01,9.8,9.8,142.0,142.0
2001-09-02,9.8,9.8,142.0,142.0
2001-09-03,9.8,9.8,142.0,142.0
2001-09-04,9.8,9.8,142.0,142.0
2001-09-05,9.8,9.8,142.0,142.0
2001-09-06,9.8,9.8,142.0,142.0
2001-09-07,9.8,9.8,142.0,142.0
2001-09-08,9.8,9.8,142.0,142.0
2001-09-09,9.8,9.8,142.0,142.0
2001-09-10,9.8,9.8,142.0,142.0
2001-09-11,9.8,9.8,142.0,142.0
2001-09-12,9.8,9.8,142.0,142.0
2001-09-13,9.8,9.8,142.0,142.0
2001-09-14,9.8,9.8,142.0,142.0
2001-09-15,9.8,9.8,142.0,142.0
2001-09-16,9.8,9.8,142.0,142.0
2001-09-17,9.8,9.8,142.0,142.0
2001-09-18,9.8,9.8,142.0,142.0
2001-09-19,9.8,9.8,142.0,142.0
2001-09-20,9.8,9.8,142.0,142.0
2001-09-21,9.8,9.8,142.0,142.0
2001-09-22,9.8,9.8,142.0,142.0
2001-09-23,9.8,9.8,142.0,142.0
2001-09-24,9.8,9.8,142.0,142.0
2001-09-25,9.8,9.8,142.0,142.0
2001-09-26,9.8,9.8,142.0,142.0
2001-09-27,9.8,9.8,142.0,142.0
2001-09-28,9.8,9.8,142.0,142.0
2001-09-29,9.8,9.8,142.0,142.0
2001-09-30,9.8,9.8,142.0,142.0
2001-10-01,9.8,9.8,142.0,142.0
2001-10-02,9.8,9.8,142.0,142.0
2001-10-03,9.8,9.8,142.0,142.0
2001-10-04,9.8,9.8,142.0,142.0
2001-10-05,9.8,9.8,142.0,142.0
2001-10-06,9.8,9.8,142.0,142.0
2001-10-07,9.8,9.8,142.0,142.0
2001-10-08,9.8,9.8,142.0,142.0
2001-10-09,9.8,9.8,142.0,142.0
2001-10-10,9.8,9.8,142.0,142.0
2001-10-11,9.8,9.8,142.0,142.0
2001-10-12,9.8,9.8,142.0,142.0
2001-10-13,9.8,9.8,142.0,142.0
2001-10-14,9.8,9.8,142.0,142.0
2001-10-15,9.8,9.8,142.0,142.0
2001-10-16,9.8,9.8,142.0,142.0
2001-10-17,9.8,9.8,142.0,142.0
2001-10-18,9.8,9.8,142.0,142.0
2001-10-19,9.8,9.8,142.0,142.0
2001-10-20,9.8,9.8,142.0,142.0
2001-10-21,9.8,9.8,142.0,142.0
2001-10-22,9.8,9.8,142.0,142.0
2001-10-23,9.8,9.8,142.0,142.0
2001-10-24,9.8,9.8,142.0,142.0
2001-10-25,9.8,9.8,142.0,142.0
2001-10-26,9.8,9.8,142.0,142.0
2001-10-27,9.8,9.8,142.0,142.0
2001-10-28,9.8,9.8,142.0,142.0
2001-10-29,9.8,9.8,142.0,142.0
2001-10-30,9.8,9.8,142.0,142.0
2001-10-31,9.8,9.8,142.0,142.0
2001-11-01,9.8,9.8,142.0,142.0
2001-11-02,9.8,9.8,142.0,142.0
2001-11-03,9.8,9.8,142.0,142.0
2001-11-04,9.8,9.8,142.0,142.0
2001-11-05,9.8,9.8,142.0,142.0
2001-11-06,9.8,9.8,142.0,142.0
2001-11-07,9.8,9.8,142.0,142.0
2001-11-08,9.8,9.8,142.0,142.0
2001-11-09,9.8,9.8,142.0,142.0
2001-11-10,9.8,9.8,142.0,142.0
2001-11-11,9.8,9.8,142.0,142.0
2001-11-12,9.8,9.8,142.0,142.0
2001-11-13,9.8,9.8,142.0,142.0
2001-11-14,9.8,9.8,142.0,142.0
2001-11-15,9.8,9.8,142.0,142.0
2001-11-16,9.8,9.8,142.0,142.0
2001-11-17,9.8,9.8,142.0,142.0
2001-11-18,9.8,9.8,142.0,142.0
2001-11-19,9.8,9.8,142.0,142.0
2001-11-20,9.8,9.8,142.0,142.0
2001-11-21,9.8,9.8,142.0,142.0
2001-11-22,9.8,9.8,142.0,142.0
2001-11-23,9.8,9.8,142.0,142.0
2001-11-24,9.8,9.8,142.0,142.0
2001-11-25,9.8,9.8,142.0,142.0
2001-11-26,9.8,9.8,142.0,142.0
2001-11-27,9.8,9.8,142.0,142.0
2001-11-28,9.8,9.8,142.0,142.0
2001-11-29,9.8,9.8,142.0,142.0
2001-11-30,9.8,9.8,142.0,142.0
2001-12-01,9.8,9.8,142.0,142.0
2001-12-02,9.8,9.8,142.0,142.0
2001-12-03,9.8,9.8,142.0,142.0
2001-12-04,9.8,9.8,142.0,142.0
2001-12-05,9.8,9.8,142.0,142.0
2001-12-06,9.8,9.8,142.0,142.0
2001-12-07,9.8,9.8,142.0,142.0
2001-12-08,9.8,9.8,142.0,142.0
2001-12-09,9.8,9.8,142.0,142.0
2001-12-10,9.8,9.8,142.0,142.0
2001-12-11,9.8,9.8,142.0,142.0
2001-12-12,9.8,9.8,142.0,142.0
2001-12-13,9.8,9.8,142.0,142.0
2001-12-14,9.8,9.8,142.0,142.0
2001-12-15,9.8,9.8,142.0,142.0
2001-12-16,9.8,9.8,142.0,142.0
2001-12-17,9.8,9.8,142.0,142.0
2001-12-18,9.8,9.8,142.0,142.0
2001-12-19,9.8,9.8,142.0,142.0
2001-12-20,9.8,9.8,142.0,142.0
2001-12-21,9.8,9.8,142.0,142.0
2001-12-22,9.8,9.8,142.0,142.0
2001-12-23,9.8,9.8,142.0,142.0
2001-12-24,9.8,9.8,142.0,142.0
2001-12-25,9.8,9.8,142.0,142.0
2001-12-26,9.8,9.8,142.0,142.0
2001-12-27,9.8,9.8,142.0,142.0
2001-12-28,9.8,9.8,142.0,142.0
2001-12-29,9.8,9.8,142.0,142.0
2001-12-30,9.8,9.8,142.0,142.0
2001-12-31,9.8,9.8,142.0,142.0
2002-01-01,9.8,9.8,142.0,142.0
2002-01-02,9.8,9.8,142.0,142.0
2002-01-03,9.8,9.8,142.0,142.0
2002-01-04,9.8,9.8,142.0,142.0
2002-01-05,9.8,9.8,142.0,142.0
2002-01-06,9.8,9.8,142.0,142.0
2002-01-07,9.8,9.8,142.0,142.0
2002-01-08,9.8,9.8,142.0,142.0
2002-01-09,9.8,9.8,142.0,142.0
2002-01-10,9.8,9.8,142.0,142.0
2002-01-11,9.8,9.8,142.0,142.0
2002-01-12,9.8,9.8,142.0,142.0
2002-01-13,9.8,9.8,142.0,142.0
2002-01-14,9.8,9.8,142.0,142.0
2002-01-15,9.8,9.8,142.0,142.0
2002-01-16,9.8,9.8,142.0,142.0
2002-01-17,9.8,9.8,142.0,142.0
2002-01-18,9.8,9.8,142.0,142.0
2002-01-19,9.8,9.8,142.0,142.0
2002-01-20,9.8,9.8,142.0,142.0
2002-01-21,9.8,9.8,142.0,142.0
2002-01-22,9.8,9.8,142.0,142.0
2002-01-23,9.8,9.8,142.0,142.0
2002-01-24,9.8,9.8,142.0,142.0
2002-01-25,9.8,9.8,142.0,142.0
2002-01-26,9.8,9.8,142.0,142.0
2002-01-27,9.8,9.8,142.0,142.0
2002-01-28,9.8,9.8,142.0,142.0
2002-01-29,9.8,9.8,142.0,142.0
2002-01-30,9.8,9.8,142.0,142.0
2002-01-31,9.8,9.8,142.0,142.0
2002-02-01,9.8,9.8,142.0,142.0
2002-02-02,9.8,9.8,142.0,142.0
2002-02-03,9.8,9.8,142.0,142.0
2002-02-04,9.8,9.8,142.0,142.0
2002-02-05,9.8,9.8,142.0,142.0
2002-02-06,9.8,9.8,142.0,142.0
2002-02-07,9.8,9.8,142.0,142.0
2002-02-08,9.8,9.8,142.0,142.0
2002-02-09,9.8,9.8,142.0,142.0
2002-02-10,9.8,9.8,142.0,142.0
2002-02-11,9.8,9.8,142.0,142.0
2002-02-12,9.8,9.8,142.0,142.0
2002-02-13,9.8,9.8,142.0,142.0
2002-02-14,9.8,9.8,142.0,142.0
2002-02-15,9.8,9.8,142.0,142.0
2002-02-16,9.8,9.8,142.0,142.0
2002-02-17,9.8,9.8,142.0,142.0
2002-02-18,9.8,9.8,142.0,142.0
2002-02-19,9.8,9.8,142.0,142.0
2002-02-20,9.8,9.8,142.0,142.0
2002-02-21,9.8,9.8,142.0,142.0
2002-02-22,9.8,9.8,142.0,142.0
2002-02-23,9.8,9.8,142.0,142.0
2002-02-24,9.8,9.8,142.0,142.0
2002-02-25,9.8,9.8,142.0,142.0
2002-02-26,9.8,9.8,142.0,142.0
2002-02-27,9.8,9.8,142.0,142.0
2002-02-28,9.8,9.8,142.0,142.0
2002-03-01,9.8,9.8,142.0,142.0
2002-03-02,9.8,9.8,142.0,142.0
2002-03-03,9.8,9.8,142.0,142.0
2002-03-04,9.8,9.8,142.0,142.0
2002-03-05,9.8,9.8,142.0,142.0
2002-03-06,9.8,9.8,142.0,142.0
2002-03-07,9.8,9.8,142.0,142.0
2002-03-08,9.8,9.8,142.0,142.0
2002-03-09,9.8,9.8,142.0,142.0
2002-03-10,9.8,9.8,142.0,142.0
2002-03-11,9.8,9.8,142.0,142.0
2002-03-12,9.8,9.8,142.0,142.0
2002-03-13,9.8,9.8,142.0,142.0
2002-03-14,9.8,9.8,142.0,142.0
2002-03-15,9.8,9.8,142.0,142.0
2002-03-16,9.8,9.8,142.0,142.0
2002-03-17,9.8,9.8,142.0,142.0
2002-03-18,9.8,9.8,142.0,142.0
2002-03-19,9.8,9.8,142.0,142.0
2002-03-20,9.8,9.8,142.0,142.0
2002-03-21,9.8,9.8,142.0,142.0
2002-03-22,9.8,9.8,142.0,142.0
2002-03-23,9.8,9.8,142.0,142.0
2002-03-24,9.8,9.8,142.0,142.0
2002-03-25,9.8,9.8,142.0,142.0
2002-03-26,9.8,9.8,142.0,142.0
2002-03-27,9.8,9.8,142.0,142.0
2002-03-28,9.8,9.8,142.0,142.0
2002-03-29,9.8,9.8,142.0,142.0
2002-03-30,9.8,9.8,142.0,142.0
2002-03-31,9.8,9.8,142.0,142.0
2002-04-01,9.8,9.8,142.0,142.0
2002-04-02,9.8,9.8,142.0,142.0
2002-04-03,9.8,9.8,142.0,142.0
2002-04-04,9.8,9.8,142.0,142.0
2002-04-05,9.8,9.8,142.0,142.0
2002-04-06,9.8,9.8,142.0,142.0
2002-04-07,9.8,9.8,142.0,142.0
2002-04-08,9.8,9.8,142.0,142.0
2002-04-09,9.8,9.8,142.0,142.0
2002-04-10,9.8,9.8,142.0,142.0
2002-04-11,9.8,9.8,142.0,142.0
2002-04-12,9.8,9.8,142.0,142.0
2002-04-13,9.8,9.8,142.0,142.0
2002-04-14,9.8,9.8,142.0,142.0
2002-04-15,9.8,9.8,142.0,142.0
2002-04-16,9.8,9.8,142.0,142.0
2002-04-17,9.8,9.8,142.0,142.0
2002-04-18,9.8,9.8,142.0,142.0
2002-04-19,9.8,9.8,142.0,142.0
2002-04-20,9.8,9.8,142.0,142.0
2002-04-21,9.8,9.8,142.0,142.0
2002-04-22,9.8,9.8,142.0,142.0
2002-04-23,9.8,9.8,142.0,142.0
2002-04-24,9.8,9.8,142.0,142.0
2002-04-25,9.8,9.8,142.0,142.0
2002-04-26,9.8,9.8,142.0,142.0
2002-04-27,9.8,9.8,142.0,142.0
2002-04-28,9.8,9.8,142.0,142.0
2002-04-29,9.8,9.8,142.0,142.0
2002-04-30,9.8,9.8,142.0,142.0
2002-05-01,9.8,9.8,142.0,142.0
2002-05-02,9.8,9.8,142.0,142.0
2002-05-03,9.8,9.8,142.0,142.0
2002-05-04,9.8,9.8,142.0,142.0
2002-05-05,9.8,9.8,142.0,142.0
2002-05-06,9.8,9.8,142.0,142.0
2002-05-07,9.8,9.8,142.0,142.0
2002-05-08,9.8,9.8,142.0,142.0
2002-05-09,9.8,9.8,142.0,142.0
2002-05-10,9.8,9.8,142.0,142.0
2002-05-11,9.8,9.8,142.0,142.0
2002-05-12,9.8,9.8,142.0,142.0
2002-05-13,9.8,9.8,142.0,142.0
2002-05-14,9.8,9.8,142.0,142.0
2002-05-15,9.8,9.8,142.0,142.0
2002-05-16,10.636746984884702,10.636746984884702,142.0,142.0
2002-05-17,11.5,11.5,142.50241783205115,142.50241783205115
2002-05-18,11.5,11.5,143.77005739921745,143.77005739921745
2002-05-19,11.5,11.5,145.9777085473622,145.9777085473622
2002-05-20,11.5,11.5,148.33644768539963,148.33644768539963
2002-05-21,11.5,11.5,144.89444484311804,144.89444484311804
2002-05-22,10.651284705058028,10.651284705058028,142.0,142.0
2002-05-23,9.8,9.8,142.0,142.0
2002-05-24,9.8,9.8,142.0,142.0
2002-05-25,9.8,9.8,142.0,142.0
2002-05-26,9.8,9.8,142.0,142.0
2002-05-27,9.8,9.8,142.0,142.0
2002-05-28,9.8,9.8,142.0,142.0
2002-05-29,10.131676976153443,10.131676976153443,142.0,142.0
2002-05-30,11.5,11.5,142.023321114533,142.023321114533
2002-05-31,11.5,11.5,144.03564290511898,144.03564290511898
2002-06-01,11.302789253052797,11.302789253052797,142.0,142.0
2002-06-02,9.8,9.8,142.0,142.0
2002-06-03,9.8,9.8,142.0,142.0
2002-06-04,9.8,9.8,142.0,142.0
2002-06-05,9.8,9.8,142.0,142.0
2002-06-06,9.8,9.8,142.0,142.0
2002-06-07,9.8,9.8,142.0,142.0
2002-06-08,9.8,9.8,142.0,142.0
2002-06-09,9.8,9.8,142.0,142.0
2002-06-10,9.8,9.8,142.0,142.0
2002-06-11,9.8,9.8,142.0,142.0
2002-06-12,9.8,9.8,142.0,142.0
2002-06-13,9.8,9.8,142.0,142.0
2002-06-14,9.8,9.8,142.0,142.0
2002-06-15,9.8,9.8,142.0,142.0
2002-06-16,9.8,9.8,142.0,142.0
2002-06-17,9.8,9.8,142.0,142.0
2002-06-18,9.8,9.8,142.0,142.0
2002-06-19,9.8,9.8,142.0,142.0
2002-06-20,9.8,9.8,142.0,142.0
2002-06-21,9.8,9.8,142.0,142.0
2002-06-22,9.8,9.8,142.0,142.0
2002-06-23,9.8,9.8,142.0,142.0
2002-06-24,9.8,9.8,142.0,142.0
2002-06-25,9.8,9.8,142.0,142.0
2002-06-26,9.8,9.8,142.0,142.0
2002-06-27,9.8,9.8,142.0,142.0
2002-06-28,9.8,9.8,142.0,142.0
2002-06-29,9.8,9.8,142.0,142.0
2002-06-30,9.8,9.8,142.0,142.0
2002-07-01,9.8,9.8,142.0,142.0
2002-07-02,9.8,9.8,142.0,142.0
2002-07-03,9.8,9.8,142.0,142.0
2002-07-04,9.8,9.8,142.0,142.0
2002-07-05,9.8,9.8,142.0,142.0
2002-07-06,9.8,9.8,142.0,142.0
2002-07-07,9.8,9.8,142.0,142.0
2002-07-08,9.8,9.8,142.0,142.0
2002-07-09,9.8,9.8,142.0,142.0
2002-07-10,9.8,9.8,142.0,142.0
2002-07-11,9.8,9.8,142.0,142.0
2002-07-12,9.8,9.8,142.0,142.0
2002-07-13,9.8,9.8,142.0,142.0
2002-07-14,9.8,9.8,142.0,142.0
2002-07-15,9.8,9.8,142.0,142.0
2002-07-16,9.8,9.8,142.0,142.0
2002-07-17,9.8,9.8,142.0,142.0
2002-07-18,9.8,9.8,142.0,142.0
2002-07-19,9.8,9.8,142.0,142.0
2002-07-20,9.8,9.8,142.0,142.0
2002-07-21,9.8,9.8,142.0,142.0
2002-07-22,9.8,9.8,142.0,142.0
2002-07-23,9.8,9.8,142.0,142.0
2002-07-24,9.8,9.8,142.0,142.0
2002-07-25,9.8,9.8,142.0,142.0
2002-07-26,9.8,9.8,142.0,142.0
2002-07-27,9.8,9.8,142.0,142.0
2002-07-28,9.8,9.8,142.0,142.0
2002-07-29,9.8,9.8,142.0,142.0
2002-07-30,9.8,9.8,142.0,142.0
2002-07-31,9.8,9.8,142.0,142.0
2002-08-01,9.8,9.8,142.0,142.0
2002-08-02,9.8,9.8,142.0,142.0
2002-08-03,9.8,9.8,142.0,142.0
2002-08-04,9.8,9.8,142.0,142.0
2002-08-05,9.8,9.8,142.0,142.0
2002-08-06,9.8,9.8,142.0,142.0
2002-08-07,9.8,9.8,142.0,142.0
2002-08-08,9.8,9.8,142.0,142.0
2002-08-09,9.8,9.8,142.0,142.0
2002-08-10,9.8,9.8,142.0,142.0
2002-08-11,9.8,9.8,142.0,142.0
2002-08-12,9.8,9.8,142.0,142.0
2002-08-13,9.8,9.8,142.0,142.0
2002-08-14,9.8,9.8,142.0,142.0
2002-08-15,9.8,9.8,142.0,142.0
2002-08-16,9.8,9.8,142.0,142.0
2002-08-17,9.8,9.8,142.0,142.0
2002-08-18,9.8,9.8,142.0,142.0
2002-08-19,9.8,9.8,142.0,142.0
2002-08-20,9.8,9.8,142.0,142.0
2002-08-21,9.8,9.8,142.0,142.0
2002-08-22,9.8,9.8,142.0,142.0
2002-08-23,9.8,9.8,142.0,142.0
2002-08-24,9.8,9.8,142.0,142.0
2002-08-25,9.8,9.8,142.0,142.0
2002-08-26,9.8,9.8,142.0,142.0
2002-08-27,9.8,9.8,142.0,142.0
2002-08-28,9.8,9.8,142.0,142.0
2002-08-29,9.8,9.8,142.0,142.0
2002-08-30,9.8,9.8,142.0,142.0
2002-08-31,9.8,9.8,142.0,142.0
2002-09-01,9.8,9.8,142.0,142.0
2002-09-02,9.8,9.8,142.0,142.0
2002-09-03,9.8,9.8,142.0,142.0
2002-09-04,9.8,9.8,142.0,142.0
2002-09-05,9.8,9.8,142.0,142.0
2002-09-06,9.8,9.8,142.0,142.0
2002-09-07,9.8,9.8,142.0,142.0
2002-09-08,9.8,9.8,142.0,142.0
2002-09-09,9.8,9.8,142.0,142.0
2002-09-10,9.8,9.8,142.0,142.0
2002-09-11,9.8,9.8,142.0,142.0
2002-09-12,9.8,9.8,142.0,142.0
2002-09-13,9.8,9.8,142.0,142.0
2002-09-14,9.8,9.8,142.0,142.0
2002-09-15,9.8,9.8,142.0,142.0
2002-09-16,9.8,9.8,142.0,142.0
2002-09-17,9.8,9.8,142.0,142.0
2002-09-18,9.8,9.8,142.0,142.0
2002-09-19,9.8,9.8,142.0,142.0
2002-09-20,9.8,9.8,142.0,142.0
2002-09-21,9.8,9.8,142.0,142.0
2002-09-22,9.8,9.8,142.0,142.0
2002-09-23,9.8,9.8,142.0,142.0
2002-09-24,9.8,9.8,142.0,142.0
2002-09-25,9.8,9.8,142.0,142.0
2002-09-26,9.8,9.8,142.0,142.0
2002-09-27,9.8,9.8,142.0,142.0
2002-09-28,9.8,9.8,142.0,142.0
2002-09-29,9.8,9.8,142.0,142.0
2002-09-30,9.8,9.8,142.0,142.0
2002-10-01,9.8,9.8,142.0,142.0
2002-10-02,9.8,9.8,142.0,142.0
2002-10-03,9.8,9.8,142.0,142.0
2002-10-04,9.8,9.8,142.0,142.0
2002-10-05,9.8,9.8,142.0,142.0
2002-10-06,9.8,9.8,142.0,142.0
2002-10-07,9.8,9.8,142.0,142.0
2002-10-08,9.8,9.8,142.0,142.0
2002-10-09,9.8,9.8,142.0,142.0
2002-10-10,9.8,9.8,142.0,142.0
2002-10-11,9.8,9.8,142.0,142.0
2002-10-12,9.8,9.8,142.0,142.0
2002-10-13,9.8,9.8,142.0,142.0
2002-10-14,9.8,9.8,142.0,142.0
2002-10-15,9.8,9.8,142.0,142.0
2002-10-16,9.8,9.8,142.0,142.0
2002-10-17,9.8,9.8,142.0,142.0
2002-10-18,9.8,9.8,142.0,142.0
2002-10-19,9.8,9.8,142.0,142.0
2002-10-20,9.8,9.8,142.0,142.0
2002-10-21,9.8,9.8,142.0,142.0
2002-10-22,9.8,9.8,142.0,142.0
2002-10-23,9.8,9.8,142.0,142.0
2002-10-24,9.8,9.8,142.0,142.0
2002-10-25,9.8,9.8,142.0,142.0
2002-10-26,9.8,9.8,142.0,142.0
2002-10-27,9.8,9.8,142.0,142.0
2002-10-28,9.8,9.8,142.0,142.0
2002-10-29,9.8,9.8,142.0,142.0
2002-10-30,9.8,9.8,142.0,142.0
2002-10-31,9.8,9.8,142.0,142.0
2002-11-01,9.8,9.8,142.0,142.0
2002-11-02,9.8,9.8,142.0,142.0
2002-11-03,9.8,9.8,142.0,142.0
2002-11-04,9.8,9.8,142.0,142.0
2002-11-05,9.8,9.8,142.0,142.0
2002-11-06,9.8,9.8,142.0,142.0
2002-11-07,9.8,9.8,142.0,142.0
2002-11-08,11.5,11.5,181.64718749872853,181.64718749872853
2002-11-09,11.5,11.5,186.11239798318118,186.11239798318118
2002-11-10,11.5,11.5,176.28602186973464,176.28602186973464
2002-11-11,11.5,11.5,166.4134030540135,166.4134030540135
2002-11-12,11.5,11.5,156.5304236216727,156.5304236216727
2002-11-13,11.5,11.5,146.72633450609845,146.72633450609845
2002-11-14,9.8,9.8,142.0,142.0
2002-11-15,9.8,9.8,142.0,142.0
2002-11-16,9.8,9.8,142.0,142.0
2002-11-17,9.8,9.8,142.0,142.0
2002-11-18,9.8,9.8,142.0,142.0
2002-11-19,9.8,9.8,142.0,142.0
2002-11-20,9.8,9.8,142.0,142.0
2002-11-21,9.8,9.8,142.0,142.0
2002-11-22,9.8,9.8,142.0,142.0
2002-11-23,9.8,9.8,142.0,142.0
2002-11-24,9.8,9.8,142.0,142.0
2002-11-25,9.8,9.8,142.0,142.0
2002-11-26,9.8,9.8,142.0,142.0
2002-11-27,9.8,9.8,142.0,142.0
2002-11-28,9.8,9.8,142.0,142.0
2002-11-29,9.8,9.8,142.0,142.0
2002-11-30,9.8,9.8,142.0,142.0
2002-12-01,9.8,9.8,142.0,142.0
2002-12-02,9.8,9.8,142.0,142.0
2002-12-03,9.8,9.8,142.0,142.0
2002-12-04,9.8,9.8,142.0,142.0
2002-12-05,9.8,9.8,142.0,142.0
2002-12-06,9.8,9.8,142.0,142.0
2002-12-07,9.8,9.8,142.0,142.0
2002-12-08,9.8,9.8,142.0,142.0
2002-12-09,9.8,9.8,142.0,142.0
2002-12-10,9.8,9.8,142.0,142.0
2002-12-11,9.8,9.8,142.0,142.0
2002-12-12,9.8,9.8,142.0,142.0
2002-12-13,9.8,9.8,142.0,142.0
2002-12-14,9.8,9.8,142.0,142.0
2002-12-15,9.8,9.8,142.0,142.0
2002-12-16,11.5,11.5,144.29498195115002,144.29498195115002
2002-12-17,9.8,9.8,142.0,142.0
2002-12-18,9.8,9.8,142.0,142.0
2002-12-19,9.8,9.8,142.0,142.0
2002-12-20,9.8,9.8,142.0,142.0
2002-12-21,9.8,9.8,142.0,142.0
2002-12-22,9.8,9.8,142.0,142.0
2002-12-23,9.8,9.8,142.0,142.0
2002-12-24,9.8,9.8,142.0,142.0
2002-12-25,9.8,9.8,142.0,142.0
2002-12-26,9.8,9.8,142.0,142.0
2002-12-27,9.8,9.8,142.0,142.0
2002-12-28,9.8,9.8,142.0,142.0
2002-12-29,9.8,9.8,142.0,142.0
2002-12-30,9.8,9.8,142.0,142.0
2002-12-31,9.8,9.8,142.0,142.0
2003-01-01,9.8,9.8,142.0,142.0
2003-01-02,9.8,9.8,142.0,142.0
2003-01-03,9.8,9.8,142.0,142.0
2003-01-04,9.8,9.8,142.0,142.0
2003-01-05,9.8,9.8,142.0,142.0
2003-01-06,9.8,9.8,142.0,142.0
2003-01-07,9.8,9.8,142.0,142.0
2003-01-08,9.8,9.8,142.0,142.0
2003-01-09,9.8,9.8,142.0,142.0
2003-01-10,9.8,9.8,142.0,142.0
2003-01-11,9.8,9.8,142.0,142.0
2003-01-12,9.8,9.8,142.0,142.0
2003-01-13,9.8,9.8,142.0,142.0
2003-01-14,9.8,9.8,142.0,142.0
2003-01-15,9.8,9.8,142.0,142.0
2003-01-16,9.8,9.8,142.0,142.0
2003-01-17,9.8,9.8,142.0,142.0
2003-01-18,9.8,9.8,142.0,142.0
2003-01-19,9.8,9.8,142.0,142.0
2003-01-20,9.8,9.8,142.0,142.0
2003-01-21,9.8,9.8,142.0,142.0
2003-01-22,9.8,9.8,142.0,142.0
2003-01-23,9.8,9.8,142.0,142.0
2003-01-24,9.8,9.8,142.0,142.0
2003-01-25,9.8,9.8,142.0,142.0
2003-01-26,9.8,9.8,142.0,142.0
2003-01-27,9.8,9.8,142.0,142.0
2003-01-28,9.8,9.8,142.0,142.0
2003-01-29,9.8,9.8,142.0,142.0
2003-01-30,9.8,9.8,142.0,142.0
2003-01-31,9.8,9.8,142.0,142.0
2003-02-01,9.8,9.8,142.0,142.0
2003-02-02,9.8,9.8,142.0,142.0
2003-02-03,9.8,9.8,142.0,142.0
2003-02-04,9.8,9.8,142.0,142.0
2003-02-05,9.8,9.8,142.0,142.0
2003-02-06,9.8,9.8,142.0,142.0
2003-02-07,9.8,9.8,142.0,142.0
2003-02-08,9.8,9.8,142.0,142.0
2003-02-09,9.8,9.8,142.0,142.0
2003-02-10,9.8,9.8,142.0,142.0
2003-02-11,9.8,9.8,142.0,142.0
2003-02-12,9.8,9.8,142.0,142.0
2003-02-13,9.8,9.8,142.0,142.0
2003-02-14,9.8,9.8,142.0,142.0
2003-02-15,9.8,9.8,142.0,142.0
2003-02-16,9.8,9.8,142.0,142.0
2003-02-17,9.8,9.8,142.0,142.0
2003-02-18,9.8,9.8,142.0,142.0
2003-02-19,9.8,9.8,142.0,142.0
2003-02-20,9.8,9.8,142.0,142.0
2003-02-21,9.8,9.8,142.0,142.0
2003-02-22,9.8,9.8,142.0,142.0
2003-02-23,9.8,9.8,142.0,142.0
2003-02-24,9.8,9.8,142.0,142.0
2003-02-25,9.8,9.8,142.0,142.0
2003-02-26,9.8,9.8,142.0,142.0
2003-02-27,9.8,9.8,142.0,142.0
2003-02-28,9.8,9.8,142.0,142.0
2003-03-01,9.8,9.8,142.0,142.0
2003-03-02,9.8,9.8,142.0,142.0
2003-03-03,9.8,9.8,142.0,142.0
2003-03-04,9.8,9.8,142.0,142.0
2003-03-05,9.8,9.8,142.0,142.0
2003-03-06,9.8,9.8,142.0,142.0
2003-03-07,9.8,9.8,142.0,142.0
2003-03-08,9.8,9.8,142.0,142.0
2003-03-09,9.8,9.8,142.0,142.0
2003-03-10,9.8,9.8,142.0,142.0
2003-03-11,9.8,9.8,142.0,142.0
2003-03-12,9.8,9.8,142.0,142.0
2003-03-13,9.8,9.8,142.0,142.0
2003-03-14,9.8,9.8,142.0,142.0
2003-03-15,9.8,9.8,142.0,142.0
2003-03-16,9.8,9.8,142.0,142.0
2003-03-17,9.8,9.8,142.0,142.0
2003-03-18,9.8,9.8,142.0,142.0
2003-03-19,9.8,9.8,142.0,142.0
2003-03-20,9.8,9.8,142.0,142.0
2003-03-21,9.8,9.8,142.0,142.0
2003-03-22,9.8,9.8,142.0,142.0
2003-03-23,9.8,9.8,142.0,142.0
2003-03-24,9.8,9.8,142.0,142.0
2003-03-25,9.8,9.8,142.0,142.0
2003-03-26,9.8,9.8,142.0,142.0
2003-03-27,9.8,9.8,142.0,142.0
2003-03-28,9.8,9.8,142.0,142.0
2003-03-29,9.8,9.8,142.0,142.0
2003-03-30,9.8,9.8,142.0,142.0
2003-03-31,9.8,9.8,142.0,142.0
2003-04-01,9.8,9.8,142.0,142.0
2003-04-02,9.8,9.8,142.0,142.0
2003-04-03,9.8,9.8,142.0,142.0
2003-04-04,9.8,9.8,142.0,142.0
2003-04-05,9.8,9.8,142.0,142.0
2003-04-06,9.8,9.8,142.0,142.0
2003-04-07,9.8,9.8,142.0,142.0
2003-04-08,9.8,9.8,142.0,142.0
2003-04-09,9.8,9.8,142.0,142.0
2003-04-10,9.8,9.8,142.0,142.0
2003-04-11,9.8,9.8,142.0,142.0
2003-04-12,11.5,11.5,142.8922450552953,142.8922450552953
2003-04-13,11.5,11.5,152.71512362644478,152.71512362644478
2003-04-14,11.5,11.5,152.87992251229838,152.87992251229838
2003-04-15,11.5,11.5,150.81523182428936,150.81523182428936
2003-04-16,11.5,11.5,149.20714663165776,149.20714663165776
2003-04-17,11.5,11.5,147.55532849161125,147.55532849161125
2003-04-18,11.5,11.5,145.22104554622754,145.22104554622754
2003-04-19,11.5,11.5,142.34697701622682,142.34697701622682
2003-04-20,9.8,9.8,142.0,142.0
2003-04-21,9.8,9.8,142.0,142.0
2003-04-22,9.8,9.8,142.0,142.0
2003-04-23,9.8,9.8,142.0,142.0
2003-04-24,9.8,9.8,142.0,142.0
2003-04-25,9.8,9.8,142.0,142.0
2003-04-26,9.8,9.8,142.0,142.0
2003-04-27,9.8,9.8,142.0,142.0
2003-04-28,9.8,9.8,142.0,142.0
2003-04-29,9.8,9.8,142.0,142.0
2003-04-30,9.8,9.8,142.0,142.0
2003-05-01,9.8,9.8,142.0,142.0
2003-05-02,9.8,9.8,142.0,142.0
2003-05-03,9.8,9.8,142.0,142.0
2003-05-04,9.8,9.8,142.0,142.0
2003-05-05,9.8,9.8,142.0,142.0
2003-05-06,9.8,9.8,142.0,142.0
2003-05-07,9.8,9.8,142.0,142.0
2003-05-08,9.8,9.8,142.0,142.0
2003-05-09,9.8,9.8,142.0,142.0
2003-05-10,9.8,9.8,142.0,142.0
2003-05-11,9.8,9.8,142.0,142.0
2003-05-12,9.8,9.8,142.0,142.0
2003-05-13,9.8,9.8,142.0,142.0
2003-05-14,9.8,9.8,142.0,142.0
2003-05-15,9.8,9.8,142.0,142.0
2003-05-16,9.8,9.8,142.0,142.0
2003-05-17,9.8,9.8,142.0,142.0
2003-05-18,9.8,9.8,142.0,142.0
2003-05-19,9.8,9.8,142.0,142.0
2003-05-20,10.982605954548616,10.982605954548616,142.0,142.0
2003-05-21,11.5,11.5,145.0075103094767,145.0075103094767
2003-05-22,11.5,11.5,153.81666023379123,153.81666023379123
2003-05-23,11.5,11.5,164.7989258543173,164.7989258543173
2003-05-24,11.5,11.5,173.45817475989796,173.45817475989796
2003-05-25,11.5,11.5,184.49028668174856,184.49028668174856
2003-05-26,11.5,11.5,193.63234316040854,193.63234316040854
2003-05-27,11.5,11.5,207.18556561242656,207.18556561242656
2003-05-28,11.5,11.5,229.64209627749574,229.64209627749574
2003-05-29,11.5,11.5,253.15663308465264,253.15663308465264
2003-05-30,11.5,11.5,270.8003162240823,270.8003162240823
2003-05-31,11.5,11.5,283.8169711287547,283.8169711287547
2003-06-01,11.5,11.5,290.4253457052091,290.4253457052091
2003-06-02,11.5,11.5,297.15407302225583,297.15407302225583
2003-06-03,11.5,11.5,306.13679987947296,306.13679987947296
2003-06-04,11.5,11.5,313.4868618608209,313.4868618608209
2003-06-05,11.5,11.5,321.6546029219659,321.6546029219659
2003-06-06,11.5,11.5,328.31288369429296,328.31288369429296
2003-06-07,11.5,11.5,332.38751072276045,332.38751072276045
2003-06-08,11.5,11.5,334.90749341916205,334.90749341916205
2003-06-09,11.5,11.5,337.9783812430931,337.9783812430931
2003-06-10,11.5,11.5,338.31948649475936,338.31948649475936
2003-06-11,11.5,11.5,337.3180886902532,337.3180886902532
2003-06-12,11.5,11.5,335.2255549493383,335.2255549493383
2003-06-13,11.5,11.5,331.778590675086,331.778590675086
2003-06-14,11.5,11.5,328.4890834163081,328.4890834163081
2003-06-15,11.5,11.5,325.74411836163625,325.74411836163625
2003-06-16,11.5,11.5,323.21271712966376,323.21271712966376
2003-06-17,11.5,11.5,320.7755445469736,320.7755445469736
2003-06-18,11.5,11.5,318.13659074903046,318.13659074903046
2003-06-19,11.5,11.5,314.06929918850005,314.06929918850005
2003-06-20,11.5,11.5,309.2589055857589,309.2589055857589
2003-06-21,11.5,11.5,303.8685873723024,303.8685873723024
2003-06-22,11.5,11.5,297.7113061297809,297.7113061297809
2003-06-23,11.5,11.5,291.0310685585028,291.0310685585028
2003-06-24,11.5,11.5,284.0740017527701,284.0740017527701
2003-06-25,11.5,11.5,277.46384755519784,277.46384755519784
2003-06-26,11.5,11.5,271.2913047169633,271.2913047169633
2003-06-27,11.5,11.5,265.14936051270865,265.14936051270865
2003-06-28,11.5,11.5,258.89618052389363,258.89618052389363
2003-06-29,11.5,11.5,252.32636894290775,252.32636894290775
2003-06-30,11.5,11.5,245.38063557065206,245.38063557065206
2003-07-01,11.5,11.5,237.20864719991226,237.20864719991226
2003-07-02,11.5,11.5,228.7518124418127,228.7518124418127
2003-07-03,11.5,11.5,220.33140382060685,220.33140382060685
2003-07-04,11.5,11.5,211.88185293930587,211.88185293930587
2003-07-05,11.5,11.5,203.4456028309164,203.4456028309164
2003-07-06,11.5,11.5,194.9078012476886,194.9078012476886
2003-07-07,11.5,11.5,186.28639671291825,186.28639671291825
2003-07-08,11.5,11.5,177.52786680037175,177.52786680037175
2003-07-09,11.5,11.5,168.76102084087023,168.76102084087023
2003-07-10,11.5,11.5,159.93841348501903,159.93841348501903
2003-07-11,11.5,11.5,150.9519136508724,150.9519136508724
2003-07-12,11.355165551882957,11.355165551882957,142.0,142.0
2003-07-13,9.8,9.8,142.0,142.0
2003-07-14,9.8,9.8,142.0,142.0
2003-07-15,9.8,9.8,142.0,142.0
2003-07-16,9.8,9.8,142.0,142.0
2003-07-17,9.8,9.8,142.0,142.0
2003-07-18,9.8,9.8,142.0,142.0
2003-07-19,9.8,9.8,142.0,142.0
2003-07-20,9.8,9.8,142.0,142.0
2003-07-21,9.8,9.8,142.0,142.0
2003-07-22,9.8,9.8,142.0,142.0
2003-07-23,9.8,9.8,142.0,142.0
2003-07-24,9.8,9.8,142.0,142.0
2003-07-25,9.8,9.8,142.0,142.0
2003-07-26,9.8,9.8,142.0,142.0
2003-07-27,9.8,9.8,142.0,142.0
2003-07-28,9.8,9.8,142.0,142.0
2003-07-29,9.8,9.8,142.0,142.0
2003-07-30,9.8,9.8,142.0,142.0
2003-07-31,9.8,9.8,142.0,142.0
2003-08-01,9.8,9.8,142.0,142.0
2003-08-02,9.8,9.8,142.0,142.0
2003-08-03,9.8,9.8,142.0,142.0
2003-08-04,9.8,9.8,142.0,142.0
2003-08-05,9.8,9.8,142.0,142.0
2003-08-06,9.8,9.8,142.0,142.0
2003-08-07,9.8,9.8,142.0,142.0
2003-08-08,9.8,9.8,142.0,142.0
2003-08-09,9.8,9.8,142.0,142.0
2003-08-10,9.8,9.8,142.0,142.0
2003-08-11,9.8,9.8,142.0,142.0
2003-08-12,9.8,9.8,142.0,142.0
2003-08-13,9.8,9.8,142.0,142.0
2003-08-14,9.8,9.8,142.0,142.0
2003-08-15,9.8,9.8,142.0,142.0
2003-08-16,9.8,9.8,142.0,142.0
2003-08-17,9.8,9.8,142.0,142.0
2003-08-18,9.8,9.8,142.0,142.0
2003-08-19,9.8,9.8,142.0,142.0
2003-08-20,9.8,9.8,142.0,142.0
2003-08-21,9.8,9.8,142.0,142.0
2003-08-22,9.8,9.8,142.0,142.0
2003-08-23,9.8,9.8,142.0,142.0
2003-08-24,9.8,9.8,142.0,142.0
2003-08-25,9.8,9.8,142.0,142.0
2003-08-26,9.8,9.8,142.0,142.0
2003-08-27,9.8,9.8,142.0,142.0
2003-08-28,9.8,9.8,142.0,142.0
2003-08-29,9.8,9.8,142.0,142.0
2003-08-30,9.8,9.8,142.0,142.0
2003-08-31,9.8,9.8,142.0,142.0
2003-09-01,9.8,9.8,142.0,142.0
2003-09-02,9.8,9.8,142.0,142.0
2003-09-03,9.8,9.8,142.0,142.0
2003-09-04,9.8,9.8,142.0,142.0
2003-09-05,9.8,9.8,142.0,142.0
2003-09-06,9.8,9.8,142.0,142.0
2003-09-07,9.8,9.8,142.0,142.0
2003-09-08,9.8,9.8,142.0,142.0
2003-09-09,9.8,9.8,142.0,142.0
2003-09-10,9.8,9.8,142.0,142.0
2003-09-11,9.8,9.8,142.0,142.0
2003-09-12,9.8,9.8,142.0,142.0
2003-09-13,9.8,9.8,142.0,142.0
2003-09-14,9.8,9.8,142.0,142.0
2003-09-15,9.8,9.8,142.0,142.0
2003-09-16,9.8,9.8,142.0,142.0
2003-09-17,9.8,9.8,142.0,142.0
2003-09-18,9.8,9.8,142.0,142.0
2003-09-19,9.8,9.8,142.0,142.0
2003-09-20,9.8,9.8,142.0,142.0
2003-09-21,9.8,9.8,142.0,142.0
2003-09-22,9.8,9.8,142.0,142.0
2003-09-23,9.8,9.8,142.0,142.0
2003-09-24,9.8,9.8,142.0,142.0
2003-09-25,9.8,9.8,142.0,142.0
2003-09-26,9.8,9.8,142.0,142.0
2003-09-27,9.8,9.8,142.0,142.0
2003-09-28,9.8,9.8,142.0,142.0
2003-09-29,9.8,9.8,142.0,142.0
2003-09-30,9.8,9.8,142.0,142.0
2003-10-01,9.8,9.8,142.0,142.0
2003-10-02,9.8,9.8,142.0,142.0
2003-10-03,9.8,9.8,142.0,142.0
2003-10-04,9.8,9.8,142.0,142.0
2003-10-05,9.8,9.8,142.0,142.0
2003-10-06,9.8,9.8,142.0,142.0
2003-10-07,9.8,9.8,142.0,142.0
2003-10-08,9.8,9.8,142.0,142.0
2003-10-09,9.8,9.8,142.0,142.0
2003-10-10,9.8,9.8,142.0,142.0
2003-10-11,9.8,9.8,142.0,142.0
2003-10-12,9.8,9.8,142.0,142.0
2003-10-13,9.8,9.8,142.0,142.0
2003-10-14,9.8,9.8,142.0,142.0
2003-10-15,9.8,9.8,142.0,142.0
2003-10-16,9.8,9.8,142.0,142.0
2003-10-17,9.8,9.8,142.0,142.0
2003-10-18,9.8,9.8,142.0,142.0
2003-10-19,9.8,9.8,142.0,142.0
2003-10-20,9.8,9.8,142.0,142.0
2003-10-21,9.8,9.8,142.0,142.0
2003-10-22,9.8,9.8,142.0,142.0
2003-10-23,9.8,9.8,142.0,142.0
2003-10-24,9.8,9.8,142.0,142.0
2003-10-25,9.8,9.8,142.0,142.0
2003-10-26,9.8,9.8,142.0,142.0
2003-10-27,9.8,9.8,142.0,142.0
2003-10-28,9.8,9.8,142.0,142.0
2003-10-29,9.8,9.8,142.0,142.0
2003-10-30,9.8,9.8,142.0,142.0
2003-10-31,9.8,9.8,142.0,142.0
2003-11-01,9.8,9.8,142.0,142.0
2003-11-02,9.8,9.8,142.0,142.0
2003-11-03,9.8,9.8,142.0,142.0
2003-11-04,9.8,9.8,142.0,142.0
2003-11-05,9.8,9.8,142.0,142.0
2003-11-06,9.8,9.8,142.0,142.0
2003-11-07,9.8,9.8,142.0,142.0
2003-11-08,9.8,9.8,142.0,142.0
2003-11-09,9.8,9.8,142.0,142.0
2003-11-10,9.8,9.8,142.0,142.0
2003-11-11,9.8,9.8,142.0,142.0
2003-11-12,9.8,9.8,142.0,142.0
2003-11-13,9.8,9.8,142.0,142.0
2003-11-14,9.8,9.8,142.0,142.0
2003-11-15,9.8,9.8,142.0,142.0
2003-11-16,9.8,9.8,142.0,142.0
2003-11-17,9.8,9.8,142.0,142.0
2003-11-18,9.8,9.8,142.0,142.0
2003-11-19,9.8,9.8,142.0,142.0
2003-11-20,9.8,9.8,142.0,142.0
2003-11-21,9.8,9.8,142.0,142.0
2003-11-22,9.8,9.8,142.0,142.0
2003-11-23,9.8,9.8,142.0,142.0
2003-11-24,9.8,9.8,142.0,142.0
2003-11-25,9.8,9.8,142.0,142.0
2003-11-26,9.8,9.8,142.0,142.0
2003-11-27,9.8,9.8,142.0,142.0
2003-11-28,9.8,9.8,142.0,142.0
2003-11-29,9.8,9.8,142.0,142.0
2003-11-30,9.8,9.8,142.0,142.0
2003-12-01,9.8,9.8,142.0,142.0
2003-12-02,9.8,9.8,142.0,142.0
2003-12-03,9.8,9.8,142.0,142.0
2003-12-04,9.8,9.8,142.0,142.0
2003-12-05,9.8,9.8,142.0,142.0
2003-12-06,9.8,9.8,142.0,142.0
2003-12-07,9.8,9.8,142.0,142.0
2003-12-08,9.8,9.8,142.0,142.0
2003-12-09,9.8,9.8,142.0,142.0
2003-12-10,9.8,9.8,142.0,142.0
2003-12-11,9.8,9.8,142.0,142.0
2003-12-12,9.8,9.8,142.0,142.0
2003-12-13,9.8,9.8,142.0,142.0
2003-12-14,9.8,9.8,142.0,142.0
2003-12-15,9.8,9.8,142.0,142.0
2003-12-16,9.8,9.8,142.0,142.0
2003-12-17,9.8,9.8,142.0,142.0
2003-12-18,9.8,9.8,142.0,142.0
2003-12-19,9.8,9.8,142.0,142.0
2003-12-20,9.8,9.8,142.0,142.0
2003-12-21,9.8,9.8,142.0,142.0
2003-12-22,9.8,9.8,142.0,142.0
2003-12-23,9.8,9.8,142.0,142.0
2003-12-24,9.8,9.8,142.0,142.0
2003-12-25,9.8,9.8,142.0,142.0
2003-12-26,9.8,9.8,142.0,142.0
2003-12-27,9.8,9.8,142.0,142.0
2003-12-28,9.8,9.8,142.0,142.0
2003-12-29,9.8,9.8,142.0,142.0
2003-12-30,9.8,9.8,142.0,142.0
2003-12-31,9.8,9.8,142.0,142.0
2004-01-01,9.8,9.8,142.0,142.0
2004-01-02,9.8,9.8,142.0,142.0
2004-01-03,9.8,9.8,142.0,142.0
2004-01-04,9.8,9.8,142.0,142.0
2004-01-05,9.8,9.8,142.0,142.0
2004-01-06,9.8,9.8,142.0,142.0
2004-01-07,9.8,9.8,142.0,142.0
2004-01-08,9.8,9.8,142.0,142.0
2004-01-09,9.8,9.8,142.0,142.0
2004-01-10,9.8,9.8,142.0,142.0
2004-01-11,9.8,9.8,142.0,142.0
2004-01-12,9.8,9.8,142.0,142.0
2004-01-13,9.8,9.8,142.0,142.0
2004-01-14,9.8,9.8,142.0,142.0
2004-01-15,9.8,9.8,142.0,142.0
2004-01-16,9.8,9.8,142.0,142.0
2004-01-17,9.8,9.8,142.0,142.0
2004-01-18,9.8,9.8,142.0,142.0
2004-01-19,9.8,9.8,142.0,142.0
2004-01-20,9.8,9.8,142.0,142.0
2004-01-21,9.8,9.8,142.0,142.0
2004-01-22,9.8,9.8,142.0,142.0
2004-01-23,9.8,9.8,142.0,142.0
2004-01-24,9.8,9.8,142.0,142.0
2004-01-25,9.8,9.8,142.0,142.0
2004-01-26,9.8,9.8,142.0,142.0
2004-01-27,9.8,9.8,142.0,142.0
2004-01-28,9.8,9.8,142.0,142.0
2004-01-29,9.8,9.8,142.0,142.0
2004-01-30,9.8,9.8,142.0,142.0
2004-01-31,9.8,9.8,142.0,142.0
2004-02-01,9.8,9.8,142.0,142.0
2004-02-02,9.8,9.8,142.0,142.0
2004-02-03,9.8,9.8,142.0,142.0
2004-02-04,9.8,9.8,142.0,142.0
2004-02-05,9.8,9.8,142.0,142.0
2004-02-06,9.8,9.8,142.0,142.0
2004-02-07,9.8,9.8,142.0,142.0
2004-02-08,9.8,9.8,142.0,142.0
2004-02-09,9.8,9.8,142.0,142.0
2004-02-10,9.8,9.8,142.0,142.0
2004-02-11,9.8,9.8,142.0,142.0
2004-02-12,9.8,9.8,142.0,142.0
2004-02-13,9.8,9.8,142.0,142.0
2004-02-14,9.8,9.8,142.0,142.0
2004-02-15,9.8,9.8,142.0,142.0
2004-02-16,9.8,9.8,142.0,142.0
2004-02-17,9.8,9.8,142.0,142.0
2004-02-18,9.8,9.8,142.0,142.0
2004-02-19,9.8,9.8,142.0,142.0
2004-02-20,9.8,9.8,142.0,142.0
2004-02-21,9.8,9.8,142.0,142.0
2004-02-22,9.8,9.8,142.0,142.0
2004-02-23,9.8,9.8,142.0,142.0
2004-02-24,9.8,9.8,142.0,142.0
2004-02-25,9.8,9.8,142.0,142.0
2004-02-26,10.306428804210507,10.306428804210507,142.0,142.0
2004-02-27,9.8,9.8,142.0,142.0
2004-02-28,9.8,9.8,142.0,142.0
2004-02-29,9.8,9.8,142.0,142.0
2004-03-01,9.8,9.8,142.0,142.0
2004-03-02,9.8,9.8,142.0,142.0
2004-03-03,9.8,9.8,142.0,142.0
2004-03-04,9.8,9.8,142.0,142.0
2004-03-05,9.8,9.8,142.0,142.0
2004-03-06,9.8,9.8,142.0,142.0
2004-03-07,9.8,9.8,142.0,142.0
2004-03-08,9.8,9.8,142.0,142.0
2004-03-09,9.8,9.8,142.0,142.0
2004-03-10,9.8,9.8,142.0,142.0
2004-03-11,9.8,9.8,142.0,142.0
2004-03-12,9.8,9.8,142.0,142.0
2004-03-13,9.8,9.8,142.0,142.0
2004-03-14,9.8,9.8,142.0,142.0
2004-03-15,9.8,9.8,142.0,142.0
2004-03-16,9.8,9.8,142.0,142.0
2004-03-17,9.8,9.8,142.0,142.0
2004-03-18,9.8,9.8,142.0,142.0
2004-03-19,9.8,9.8,142.0,142.0
2004-03-20,9.8,9.8,142.0,142.0
2004-03-21,9.8,9.8,142.0,142.0
2004-03-22,9.8,9.8,142.0,142.0
2004-03-23,9.8,9.8,142.0,142.0
2004-03-24,9.8,9.8,142.0,142.0
2004-03-25,9.8,9.8,142.0,142.0
2004-03-26,9.8,9.8,142.0,142.0
2004-03-27,9.8,9.8,142.0,142.0
2004-03-28,9.8,9.8,142.0,142.0
2004-03-29,9.8,9.8,142.0,142.0
2004-03-30,9.8,9.8,142.0,142.0
2004-03-31,9.8,9.8,142.0,142.0
2004-04-01,9.8,9.8,142.0,142.0
2004-04-02,9.8,9.8,142.0,142.0
2004-04-03,9.8,9.8,142.0,142.0
2004-04-04,9.8,9.8,142.0,142.0
2004-04-05,9.8,9.8,142.0,142.0
2004-04-06,9.8,9.8,142.0,142.0
2004-04-07,9.8,9.8,142.0,142.0
2004-04-08,9.8,9.8,142.0,142.0
2004-04-09,9.8,9.8,142.0,142.0
2004-04-10,9.8,9.8,142.0,142.0
2004-04-11,9.8,9.8,142.0,142.0
2004-04-12,9.8,9.8,142.0,142.0
2004-04-13,9.8,9.8,142.0,142.0
2004-04-14,9.8,9.8,142.0,142.0
2004-04-15,9.8,9.8,142.0,142.0
2004-04-16,9.8,9.8,142.0,142.0
2004-04-17,9.8,9.8,142.0,142.0
2004-04-18,9.8,9.8,142.0,142.0
2004-04-19,9.8,9.8,142.0,142.0
2004-04-20,9.8,9.8,142.0,142.0
2004-04-21,9.8,9.8,142.0,142.0
2004-04-22,9.8,9.8,142.0,142.0
2004-04-23,9.8,9.8,142.0,142.0
2004-04-24,9.8,9.8,142.0,142.0
2004-04-25,9.8,9.8,142.0,142.0
2004-04-26,9.8,9.8,142.0,142.0
2004-04-27,9.8,9.8,142.0,142.0
2004-04-28,9.8,9.8,142.0,142.0
2004-04-29,9.8,9.8,142.0,142.0
2004-04-30,9.8,9.8,142.0,142.0
2004-05-01,9.8,9.8,142.0,142.0
2004-05-02,10.067873586783154,10.067873586783154,142.0,142.0
2004-05-03,10.992751351846046,10.992751351846046,142.0,142.0
2004-05-04,11.5,11.5,142.4718429045023,142.4718429045023
2004-05-05,11.5,11.5,143.60484595752865,143.60484595752865
2004-05-06,11.5,11.5,143.3168993348661,143.3168993348661
2004-05-07,11.5,11.5,142.61356454730287,142.61356454730287
2004-05-08,9.8,9.8,142.0,142.0
2004-05-09,9.8,9.8,142.0,142.0
2004-05-10,9.8,9.8,142.0,142.0
2004-05-11,9.8,9.8,142.0,142.0
2004-05-12,9.8,9.8,142.0,142.0
2004-05-13,9.8,9.8,142.0,142.0
2004-05-14,9.8,9.8,142.0,142.0
2004-05-15,9.8,9.8,142.0,142.0
2004-05-16,9.8,9.8,142.0,142.0
2004-05-17,9.8,9.8,142.0,142.0
2004-05-18,9.8,9.8,142.0,142.0
2004-05-19,9.8,9.8,142.0,142.0
2004-05-20,9.8,9.8,142.0,142.0
2004-05-21,9.8,9.8,142.0,142.0
2004-05-22,9.8,9.8,142.0,142.0
2004-05-23,9.8,9.8,142.0,142.0
2004-05-24,9.8,9.8,142.0,142.0
2004-05-25,9.8,9.8,142.0,142.0
2004-05-26,9.8,9.8,142.0,142.0
2004-05-27,9.8,9.8,142.0,142.0
2004-05-28,9.8,9.8,142.0,142.0
2004-05-29,9.8,9.8,142.0,142.0
2004-05-30,9.8,9.8,142.0,142.0
2004-05-31,9.8,9.8,142.0,142.0
2004-06-01,9.8,9.8,142.0,142.0
2004-06-02,9.8,9.8,142.0,142.0
2004-06-03,9.8,9.8,142.0,142.0
2004-06-04,9.8,9.8,142.0,142.0
2004-06-05,9.8,9.8,142.0,142.0
2004-06-06,9.8,9.8,142.0,142.0
2004-06-07,9.8,9.8,142.0,142.0
2004-06-08,9.8,9.8,142.0,142.0
2004-06-09,9.8,9.8,142.0,142.0
2004-06-10,9.8,9.8,142.0,142.0
2004-06-11,9.8,9.8,142.0,142.0
2004-06-12,9.8,9.8,142.0,142.0
2004-06-13,9.8,9.8,142.0,142.0
2004-06-14,9.8,9.8,142.0,142.0
2004-06-15,9.8,9.8,142.0,142.0
2004-06-16,9.8,9.8,142.0,142.0
2004-06-17,9.8,9.8,142.0,142.0
2004-06-18,9.8,9.8,142.0,142.0
2004-06-19,9.8,9.8,142.0,142.0
2004-06-20,9.8,9.8,142.0,142.0
2004-06-21,9.8,9.8,142.0,142.0
2004-06-22,9.8,9.8,142.0,142.0
2004-06-23,9.8,9.8,142.0,142.0
2004-06-24,9.8,9.8,142.0,142.0
2004-06-25,9.8,9.8,142.0,142.0
2004-06-26,9.8,9.8,142.0,142.0
2004-06-27,9.8,9.8,142.0,142.0
2004-06-28,9.8,9.8,142.0,142.0
2004-06-29,9.8,9.8,142.0,142.0
2004-06-30,9.8,9.8,142.0,142.0
2004-07-01,9.8,9.8,142.0,142.0
2004-07-02,9.8,9.8,142.0,142.0
2004-07-03,9.8,9.8,142.0,142.0
2004-07-04,9.8,9.8,142.0,142.0
2004-07-05,9.8,9.8,142.0,142.0
2004-07-06,9.8,9.8,142.0,142.0
2004-07-07,9.8,9.8,142.0,142.0
2004-07-08,9.8,9.8,142.0,142.0
2004-07-09,9.8,9.8,142.0,142.0
2004-07-10,9.8,9.8,142.0,142.0
2004-07-11,9.8,9.8,142.0,142.0
2004-07-12,9.8,9.8,142.0,142.0
2004-07-13,9.8,9.8,142.0,142.0
2004-07-14,9.8,9.8,142.0,142.0
2004-07-15,9.8,9.8,142.0,142.0
2004-07-16,9.8,9.8,142.0,142.0
2004-07-17,9.8,9.8,142.0,142.0
2004-07-18,9.8,9.8,142.0,142.0
2004-07-19,9.8,9.8,142.0,142.0
2004-07-20,9.8,9.8,142.0,142.0
2004-07-21,9.8,9.8,142.0,142.0
2004-07-22,9.8,9.8,142.0,142.0
2004-07-23,9.8,9.8,142.0,142.0
2004-07-24,9.8,9.8,142.0,142.0
2004-07-25,9.8,9.8,142.0,142.0
2004-07-26,9.8,9.8,142.0,142.0
2004-07-27,9.8,9.8,142.0,142.0
2004-07-28,9.8,9.8,142.0,142.0
2004-07-29,9.8,9.8,142.0,142.0
2004-07-30,9.8,9.8,142.0,142.0
2004-07-31,9.8,9.8,142.0,142.0
2004-08-01,9.8,9.8,142.0,142.0
2004-08-02,9.8,9.8,142.0,142.0
2004-08-03,9.8,9.8,142.0,142.0
2004-08-04,9.8,9.8,142.0,142.0
2004-08-05,9.8,9.8,142.0,142.0
2004-08-06,9.8,9.8,142.0,142.0
2004-08-07,9.8,9.8,142.0,142.0
2004-08-08,9.8,9.8,142.0,142.0
2004-08-09,9.8,9.8,142.0,142.0
2004-08-10,9.8,9.8,142.0,142.0
2004-08-11,9.8,9.8,142.0,142.0
2004-08-12,9.8,9.8,142.0,142.0
2004-08-13,9.8,9.8,142.0,142.0
2004-08-14,9.8,9.8,142.0,142.0
2004-08-15,9.8,9.8,142.0,142.0
2004-08-16,9.8,9.8,142.0,142.0
2004-08-17,9.8,9.8,142.0,142.0
2004-08-18,9.8,9.8,142.0,142.0
2004-08-19,9.8,9.8,142.0,142.0
2004-08-20,9.8,9.8,142.0,142.0
2004-08-21,9.8,9.8,142.0,142.0
2004-08-22,9.8,9.8,142.0,142.0
2004-08-23,9.8,9.8,142.0,142.0
2004-08-24,9.8,9.8,142.0,142.0
2004-08-25,9.8,9.8,142.0,142.0
2004-08-26,9.8,9.8,142.0,142.0
2004-08-27,9.8,9.8,142.0,142.0
2004-08-28,9.8,9.8,142.0,142.0
2004-08-29,9.8,9.8,142.0,142.0
2004-08-30,9.8,9.8,142.0,142.0
2004-08-31,9.8,9.8,142.0,142.0
2004-09-01,9.8,9.8,142.0,142.0
2004-09-02,9.8,9.8,142.0,142.0
2004-09-03,9.8,9.8,142.0,142.0
2004-09-04,9.8,9.8,142.0,142.0
2004-09-05,9.8,9.8,142.0,142.0
2004-09-06,9.8,9.8,142.0,142.0
2004-09-07,9.8,9.8,142.0,142.0
2004-09-08,9.8,9.8,142.0,142.0
2004-09-09,9.8,9.8,142.0,142.0
2004-09-10,9.8,9.8,142.0,142.0
2004-09-11,9.8,9.8,142.0,142.0
2004-09-12,9.8,9.8,142.0,142.0
2004-09-13,9.8,9.8,142.0,142.0
2004-09-14,9.8,9.8,142.0,142.0
2004-09-15,9.8,9.8,142.0,142.0
2004-09-16,9.8,9.8,142.0,142.0
2004-09-17,9.8,9.8,142.0,142.0
2004-09-18,9.8,9.8,142.0,142.0
2004-09-19,9.8,9.8,142.0,142.0
2004-09-20,9.8,9.8,142.0,142.0
2004-09-21,9.8,9.8,142.0,142.0
2004-09-22,9.8,9.8,142.0,142.0
2004-09-23,9.8,9.8,142.0,142.0
2004-09-24,9.8,9.8,142.0,142.0
2004-09-25,9.8,9.8,142.0,142.0
2004-09-26,9.8,9.8,142.0,142.0
2004-09-27,9.8,9.8,142.0,142.0
2004-09-28,9.8,9.8,142.0,142.0
2004-09-29,9.8,9.8,142.0,142.0
2004-09-30,9.8,9.8,142.0,142.0
2004-10-01,9.8,9.8,142.0,142.0
2004-10-02,9.8,9.8,142.0,142.0
2004-10-03,9.8,9.8,142.0,142.0
2004-10-04,9.8,9.8,142.0,142.0
2004-10-05,9.8,9.8,142.0,142.0
2004-10-06,9.8,9.8,142.0,142.0
2004-10-07,9.8,9.8,142.0,142.0
2004-10-08,9.8,9.8,142.0,142.0
2004-10-09,9.8,9.8,142.0,142.0
2004-10-10,9.8,9.8,142.0,142.0
2004-10-11,9.8,9.8,142.0,142.0
2004-10-12,9.8,9.8,142.0,142.0
2004-10-13,9.8,9.8,142.0,142.0
2004-10-14,9.8,9.8,142.0,142.0
2004-10-15,9.8,9.8,142.0,142.0
2004-10-16,9.8,9.8,142.0,142.0
2004-10-17,9.8,9.8,142.0,142.0
2004-10-18,11.5,11.5,142.0510628751365,142.0510628751365
2004-10-19,11.5,11.5,148.83061246251003,148.83061246251003
2004-10-20,11.5,11.5,146.85980278383354,146.85980278383354
2004-10-21,9.8,9.8,142.0,142.0
2004-10-22,9.8,9.8,142.0,142.0
2004-10-23,9.8,9.8,142.0,142.0
2004-10-24,9.8,9.8,142.0,142.0
2004-10-25,9.8,9.8,142.0,142.0
2004-10-26,9.8,9.8,142.0,142.0
2004-10-27,9.8,9.8,142.0,142.0
2004-10-28,9.8,9.8,142.0,142.0
2004-10-29,9.8,9.8,142.0,142.0
2004-10-30,9.8,9.8,142.0,142.0
2004-10-31,9.8,9.8,142.0,142.0
2004-11-01,9.8,9.8,142.0,142.0
2004-11-02,9.8,9.8,142.0,142.0
2004-11-03,9.8,9.8,142.0,142.0
2004-11-04,9.8,9.8,142.0,142.0
2004-11-05,9.8,9.8,142.0,142.0
2004-11-06,9.8,9.8,142.0,142.0
2004-11-07,9.8,9.8,142.0,142.0
2004-11-08,9.8,9.8,142.0,142.0
2004-11-09,9.8,9.8,142.0,142.0
2004-11-10,9.8,9.8,142.0,142.0
2004-11-11,9.8,9.8,142.0,142.0
2004-11-12,9.8,9.8,142.0,142.0
2004-11-13,9.8,9.8,142.0,142.0
2004-11-14,9.8,9.8,142.0,142.0
2004-11-15,9.8,9.8,142.0,142.0
2004-11-16,9.8,9.8,142.0,142.0
2004-11-17,9.8,9.8,142.0,142.0
2004-11-18,9.8,9.8,142.0,142.0
2004-11-19,9.8,9.8,142.0,142.0
2004-11-20,9.8,9.8,142.0,142.0
2004-11-21,9.8,9.8,142.0,142.0
2004-11-22,9.8,9.8,142.0,142.0
2004-11-23,9.8,9.8,142.0,142.0
2004-11-24,9.8,9.8,142.0,142.0
2004-11-25,9.8,9.8,142.0,142.0
2004-11-26,9.8,9.8,142.0,142.0
2004-11-27,9.8,9.8,142.0,142.0
2004-11-28,9.8,9.8,142.0,142.0
2004-11-29,9.8,9.8,142.0,142.0
2004-11-30,9.8,9.8,142.0,142.0
2004-12-01,9.8,9.8,142.0,142.0
2004-12-02,9.8,9.8,142.0,142.0
2004-12-03,9.8,9.8,142.0,142.0
2004-12-04,9.8,9.8,142.0,142.0
2004-12-05,9.8,9.8,142.0,142.0
2004-12-06,9.8,9.8,142.0,142.0
2004-12-07,9.8,9.8,142.0,142.0
2004-12-08,9.8,9.8,142.0,142.0
2004-12-09,9.8,9.8,142.0,142.0
2004-12-10,9.8,9.8,142.0,142.0
2004-12-11,9.8,9.8,142.0,142.0
2004-12-12,9.8,9.8,142.0,142.0
2004-12-13,9.8,9.8,142.0,142.0
2004-12-14,9.8,9.8,142.0,142.0
2004-12-15,9.8,9.8,142.0,142.0
2004-12-16,9.8,9.8,142.0,142.0
2004-12-17,9.8,9.8,142.0,142.0
2004-12-18,9.8,9.8,142.0,142.0
2004-12-19,9.8,9.8,142.0,142.0
2004-12-20,9.8,9.8,142.0,142.0
2004-12-21,9.8,9.8,142.0,142.0
2004-12-22,9.8,9.8,142.0,142.0
2004-12-23,9.8,9.8,142.0,142.0
2004-12-24,9.8,9.8,142.0,142.0
2004-12-25,9.8,9.8,142.0,142.0
2004-12-26,9.8,9.8,142.0,142.0
2004-12-27,9.8,9.8,142.0,142.0
2004-12-28,9.8,9.8,142.0,142.0
2004-12-29,9.8,9.8,142.0,142.0
2004-12-30,9.8,9.8,142.0,142.0
2004-12-31,9.8,9.8,142.0,142.0
2005-01-01,9.8,9.8,142.0,142.0
2005-01-02,9.8,9.8,142.0,142.0
2005-01-03,9.8,9.8,142.0,142.0
2005-01-04,9.8,9.8,142.0,142.0
2005-01-05,9.8,9.8,142.0,142.0
2005-01-06,9.8,9.8,142.0,142.0
2005-01-07,9.8,9.8,142.0,142.0
2005-01-08,11.5,11.5,151.35708573936952,151.35708573936952
2005-01-09,11.5,11.5,157.31183384828978,157.31183384828978
2005-01-10,11.5,11.5,166.38453063581306,166.38453063581306
2005-01-11,11.5,11.5,167.96471952249834,167.96471952249834
2005-01-12,11.5,11.5,166.05744583073886,166.05744583073886
2005-01-13,11.5,11.5,163.94742627052995,163.94742627052995
2005-01-14,11.5,11.5,161.6427256384253,161.6427256384253
2005-01-15,11.5,11.5,159.16283115028116,159.16283115028116
2005-01-16,11.5,11.5,156.43814343847632,156.43814343847632
2005-01-17,11.5,11.5,153.37782282869125,153.37782282869125
2005-01-18,11.5,11.5,149.95199001629703,149.95199001629703
2005-01-19,11.5,11.5,146.27677703304676,146.27677703304676
2005-01-20,11.5,11.5,142.2229604317082,142.2229604317082
2005-01-21,9.8,9.8,142.0,142.0
2005-01-22,9.8,9.8,142.0,142.0
2005-01-23,9.8,9.8,142.0,142.0
2005-01-24,9.8,9.8,142.0,142.0
2005-01-25,9.8,9.8,142.0,142.0
2005-01-26,9.8,9.8,142.0,142.0
2005-01-27,9.8,9.8,142.0,142.0
2005-01-28,9.8,9.8,142.0,142.0
2005-01-29,9.8,9.8,142.0,142.0
2005-01-30,9.8,9.8,142.0,142.0
2005-01-31,9.8,9.8,142.0,142.0
2005-02-01,9.8,9.8,142.0,142.0
2005-02-02,9.8,9.8,142.0,142.0
2005-02-03,9.8,9.8,142.0,142.0
2005-02-04,9.8,9.8,142.0,142.0
2005-02-05,9.8,9.8,142.0,142.0
2005-02-06,9.8,9.8,142.0,142.0
2005-02-07,9.8,9.8,142.0,142.0
2005-02-08,9.8,9.8,142.0,142.0
2005-02-09,9.8,9.8,142.0,142.0
2005-02-10,9.8,9.8,142.0,142.0
2005-02-11,9.8,9.8,142.0,142.0
2005-02-12,9.8,9.8,142.0,142.0
2005-02-13,9.8,9.8,142.0,142.0
2005-02-14,9.8,9.8,142.0,142.0
2005-02-15,9.8,9.8,142.0,142.0
2005-02-16,9.8,9.8,142.0,142.0
2005-02-17,9.8,9.8,142.0,142.0
2005-02-18,9.8,9.8,142.0,142.0
2005-02-19,9.8,9.8,142.0,142.0
2005-02-20,9.8,9.8,142.0,142.0
2005-02-21,9.8,9.8,142.0,142.0
2005-02-22,9.8,9.8,142.0,142.0
2005-02-23,9.8,9.8,142.0,142.0
2005-02-24,9.8,9.8,142.0,142.0
2005-02-25,9.8,9.8,142.0,142.0
2005-02-26,9.8,9.8,142.0,142.0
2005-02-27,9.8,9.8,142.0,142.0
2005-02-28,9.8,9.8,142.0,142.0
2005-03-01,9.8,9.8,142.0,142.0
2005-03-02,9.8,9.8,142.0,142.0
2005-03-03,9.8,9.8,142.0,142.0
2005-03-04,9.8,9.8,142.0,142.0
2005-03-05,9.8,9.8,142.0,142.0
2005-03-06,9.8,9.8,142.0,142.0
2005-03-07,9.8,9.8,142.0,142.0
2005-03-08,9.8,9.8,142.0,142.0
2005-03-09,9.8,9.8,142.0,142.0
2005-03-10,9.8,9.8,142.0,142.0
2005-03-11,9.8,9.8,142.0,142.0
2005-03-12,9.8,9.8,142.0,142.0
2005-03-13,9.8,9.8,142.0,142.0
2005-03-14,9.8,9.8,142.0,142.0
2005-03-15,9.8,9.8,142.0,142.0
2005-03-16,9.8,9.8,142.0,142.0
2005-03-17,9.8,9.8,142.0,142.0
2005-03-18,9.8,9.8,142.0,142.0
2005-03-19,9.8,9.8,142.0,142.0
2005-03-20,9.8,9.8,142.0,142.0
2005-03-21,9.8,9.8,142.0,142.0
2005-03-22,11.5,11.5,148.7998585451854,148.7998585451854
2005-03-23,11.5,11.5,153.86487124541782,153.86487124541782
2005-03-24,11.5,11.5,153.96904757777216,153.96904757777216
2005-03-25,11.5,11.5,153.5441150496738,153.5441150496738
2005-03-26,11.5,11.5,152.98247766496468,152.98247766496468
2005-03-27,11.5,11.5,153.65641570316845,153.65641570316845
2005-03-28,11.5,11.5,153.3516480758378,153.3516480758378
2005-03-29,11.5,11.5,151.85152997201908,151.85152997201908
2005-03-30,11.5,11.5,150.2498628468016,150.2498628468016
2005-03-31,11.5,11.5,148.11980163271795,148.11980163271795
2005-04-01,11.5,11.5,147.2944866375021,147.2944866375021
2005-04-02,11.5,11.5,146.0077065288827,146.0077065288827
2005-04-03,11.5,11.5,145.15001490250333,145.15001490250333
2005-04-04,11.5,11.5,142.7058452799762,142.7058452799762
2005-04-05,9.8,9.8,142.0,142.0
2005-04-06,9.8,9.8,142.0,142.0
2005-04-07,9.8,9.8,142.0,142.0
2005-04-08,9.8,9.8,142.0,142.0
2005-04-09,9.8,9.8,142.0,142.0
2005-04-10,9.8,9.8,142.0,142.0
2005-04-11,9.8,9.8,142.0,142.0
2005-04-12,9.8,9.8,142.0,142.0
2005-04-13,9.8,9.8,142.0,142.0
2005-04-14,9.8,9.8,142.0,142.0
2005-04-15,9.8,9.8,142.0,142.0
2005-04-16,9.8,9.8,142.0,142.0
2005-04-17,9.8,9.8,142.0,142.0
2005-04-18,9.8,9.8,142.0,142.0
2005-04-19,9.8,9.8,142.0,142.0
2005-04-20,9.8,9.8,142.0,142.0
2005-04-21,9.8,9.8,142.0,142.0
2005-04-22,9.8,9.8,142.0,142.0
2005-04-23,9.8,9.8,142.0,142.0
2005-04-24,9.8,9.8,142.0,142.0
2005-04-25,9.8,9.8,142.0,142.0
2005-04-26,9.8,9.8,142.0,142.0
2005-04-27,9.8,9.8,142.0,142.0
2005-04-28,9.8,9.8,142.0,142.0
2005-04-29,9.8,9.8,142.0,142.0
2005-04-30,9.8,9.8,142.0,142.0
2005-05-01,9.8,9.8,142.0,142.0
2005-05-02,9.8,9.8,142.0,142.0
2005-05-03,9.8,9.8,142.0,142.0
2005-05-04,9.8,9.8,142.0,142.0
2005-05-05,10.399629543877198,10.399629543877198,142.0,142.0
2005-05-06,9.8,9.8,142.0,142.0
2005-05-07,9.8,9.8,142.0,142.0
2005-05-08,11.5,11.5,142.24718001972582,142.24718001972582
2005-05-09,10.978563440821338,10.978563440821338,142.0,142.0
2005-05-10,9.8,9.8,142.0,142.0
2005-05-11,9.8,9.8,142.0,142.0
2005-05-12,9.8,9.8,142.0,142.0
2005-05-13,9.8,9.8,142.0,142.0
2005-05-14,9.8,9.8,142.0,142.0
2005-05-15,11.5,11.5,156.57081099889007,156.57081099889007
2005-05-16,11.5,11.5,170.2607753726482,170.2607753726482
2005-05-17,11.5,11.5,167.32811717397246,167.32811717397246
2005-05-18,11.5,11.5,166.42124562225803,166.42124562225803
2005-05-19,11.5,11.5,166.98305604547664,166.98305604547664
2005-05-20,11.5,11.5,170.58611799523618,170.58611799523618
2005-05-21,11.5,11.5,173.40658198062494,173.40658198062494
2005-05-22,11.5,11.5,178.35950209333978,178.35950209333978
2005-05-23,11.5,11.5,186.8447107515119,186.8447107515119
2005-05-24,11.5,11.5,198.23547683086286,198.23547683086286
2005-05-25,11.5,11.5,212.01125516439572,212.01125516439572
2005-05-26,11.5,11.5,226.90170803955328,226.90170803955328
2005-05-27,11.5,11.5,242.51615254107904,242.51615254107904
2005-05-28,11.5,11.5,259.16644655807636,259.16644655807636
2005-05-29,11.5,11.5,270.0268457624355,270.0268457624355
2005-05-30,11.5,11.5,278.1547894358239,278.1547894358239
2005-05-31,11.5,11.5,291.8160360567753,291.8160360567753
2005-06-01,11.5,11.5,303.43507325953937,303.43507325953937
2005-06-02,11.5,11.5,313.27509756666814,313.27509756666814
2005-06-03,11.5,11.5,322.1158809960145,322.1158809960145
2005-06-04,11.5,11.5,332.0320646942405,332.0320646942405
2005-06-05,11.5,11.5,340.3847700806762,340.3847700806762
2005-06-06,11.5,11.5,343.7997011275955,343.7997011275955
2005-06-07,11.5,11.5,344.55787345780743,344.55787345780743
2005-06-08,11.5,11.5,343.4247579597983,343.4247579597983
2005-06-09,11.5,11.5,341.82914930631256,341.82914930631256
2005-06-10,11.5,11.5,341.8463828746822,341.8463828746822
2005-06-11,11.5,11.5,345.33366661605646,345.33366661605646
2005-06-12,11.5,11.5,350.72562876972466,350.72562876972466
2005-06-13,11.5,11.5,360.819793158872,360.819793158872
2005-06-14,11.5,11.5,372.24981564928186,372.24981564928186
2005-06-15,11.5,11.5,382.3391506567571,382.3391506567571
2005-06-16,11.5,11.5,388.1337044889049,388.1337044889049
2005-06-17,11.5,11.5,388.1829733758067,388.1829733758067
2005-06-18,11.5,11.5,385.60802327820466,385.60802327820466
2005-06-19,11.5,11.5,383.7669080200091,383.7669080200091
2005-06-20,11.5,11.5,383.8561513794062,383.8561513794062
2005-06-21,11.5,11.5,387.63489605167257,387.63489605167257
2005-06-22,11.5,11.5,395.1041757188384,395.1041757188384
2005-06-23,11.5,11.5,403.49796770489246,403.49796770489246
2005-06-24,11.5,11.5,412.6787098598049,412.6787098598049
2005-06-25,11.5,11.5,417.8861421027537,417.8861421027537
2005-06-26,11.5,11.5,420.68675814644047,420.68675814644047
2005-06-27,11.5,11.5,424.1048039268865,424.1048039268865
2005-06-28,11.5,11.5,428.95280336677905,428.95280336677905
2005-06-29,11.5,11.5,434.6572754497499,434.6572754497499
2005-06-30,11.5,11.5,441.5367854019888,441.5367854019888
2005-07-01,11.5,11.5,445.4046584703501,445.4046584703501
2005-07-02,11.5,11.5,449.74243599651123,449.74243599651123
2005-07-03,11.5,11.5,453.41004364891955,453.41004364891955
2005-07-04,11.5,11.5,455.7609764443566,455.7609764443566
2005-07-05,11.5,11.5,458.01830014042287,458.01830014042287
2005-07-06,11.5,11.5,460.5583801769992,460.5583801769992
2005-07-07,11.5,11.5,462.8450970846701,462.8450970846701
2005-07-08,11.5,11.5,464.5773855208569,464.5773855208569
2005-07-09,11.5,11.5,464.9976492831461,464.9976492831461
2005-07-10,11.5,11.5,463.47978777339085,463.47978777339085
2005-07-11,11.5,11.5,461.9211489490239,461.9211489490239
2005-07-12,11.5,11.5,461.2208650630428,461.2208650630428
2005-07-13,11.5,11.5,461.0301584369935,461.0301584369935
2005-07-14,11.5,11.5,460.10438817039415,460.10438817039415
2005-07-15,11.5,11.5,458.78119919988063,458.78119919988063
2005-07-16,11.5,11.5,456.64112132680145,456.64112132680145
2005-07-17,11.5,11.5,454.1275923784131,454.1275923784131
2005-07-18,11.5,11.5,451.12446889442134,451.12446889442134
2005-07-19,11.5,11.5,447.4776683568761,447.4776683568761
2005-07-20,11.5,11.5,443.65164587619597,443.65164587619597
2005-07-21,11.5,11.5,439.2654563139532,439.2654563139532
2005-07-22,11.5,11.5,434.323050173268,434.323050173268
2005-07-23,11.5,11.5,428.3044315887436,428.3044315887436
2005-07-24,11.5,11.5,422.210812943424,422.210812943424
2005-07-25,11.5,11.5,415.7615258729981,415.7615258729981
2005-07-26,11.5,11.5,408.6339501793949,408.6339501793949
2005-07-27,11.5,11.5,401.19715413104177,401.19715413104177
2005-07-28,11.5,11.5,393.6847320928451,393.6847320928451
2005-07-29,11.5,11.5,385.95423357165333,385.95423357165333
2005-07-30,11.5,11.5,378.1702663815209,378.1702663815209
2005-07-31,11.5,11.5,370.24102294642535,370.24102294642535
2005-08-01,11.5,11.5,362.35153147297774,362.35153147297774
2005-08-02,11.5,11.5,354.31391461116715,354.31391461116715
2005-08-03,11.5,11.5,346.10806207913384,346.10806207913384
2005-08-04,11.5,11.5,337.8377434214949,337.8377434214949
2005-08-05,11.5,11.5,329.5913109544372,329.5913109544372
2005-08-06,11.5,11.5,321.38982622917445,321.38982622917445
2005-08-07,11.5,11.5,312.95248564119834,312.95248564119834
2005-08-08,11.5,11.5,304.2338476902314,304.2338476902314
2005-08-09,11.5,11.5,295.529173515011,295.529173515011
2005-08-10,11.5,11.5,286.5535229667465,286.5535229667465
2005-08-11,11.5,11.5,277.4872990750506,277.4872990750506
2005-08-12,11.5,11.5,268.39007070741445,268.39007070741445
2005-08-13,11.5,11.5,259.18297394535927,259.18297394535927
2005-08-14,11.5,11.5,249.80401067754278,249.80401067754278
2005-08-15,11.5,11.5,240.87912815806374,240.87912815806374
2005-08-16,11.5,11.5,231.398779234621,231.398779234621
2005-08-17,11.5,11.5,221.86307669694733,221.86307669694733
2005-08-18,11.5,11.5,212.37321133340632,212.37321133340632
2005-08-19,11.5,11.5,202.8682498324736,202.8682498324736
2005-08-20,11.5,11.5,193.35146373834664,193.35146373834664
2005-08-21,11.5,11.5,183.743521186121,183.743521186121
2005-08-22,11.5,11.5,174.07462882729115,174.07462882729115
2005-08-23,11.5,11.5,164.3963982712602,164.3963982712602
2005-08-24,11.5,11.5,154.71822848583466,154.71822848583466
2005-08-25,11.5,11.5,144.98942192877834,144.98942192877834
2005-08-26,9.8,9.8,142.0,142.0
2005-08-27,9.8,9.8,142.0,142.0
2005-08-28,9.8,9.8,142.0,142.0
2005-08-29,9.8,9.8,142.0,142.0
2005-08-30,9.8,9.8,142.0,142.0
2005-08-31,9.8,9.8,142.0,142.0
2005-09-01,9.8,9.8,142.0,142.0
2005-09-02,9.8,9.8,142.0,142.0
2005-09-03,9.8,9.8,142.0,142.0
2005-09-04,9.8,9.8,142.0,142.0
2005-09-05,9.8,9.8,142.0,142.0
2005-09-06,9.8,9.8,142.0,142.0
2005-09-07,9.8,9.8,142.0,142.0
2005-09-08,9.8,9.8,142.0,142.0
2005-09-09,9.8,9.8,142.0,142.0
2005-09-10,9.8,9.8,142.0,142.0
2005-09-11,9.8,9.8,142.0,142.0
2005-09-12,9.8,9.8,142.0,142.0
2005-09-13,9.8,9.8,142.0,142.0
2005-09-14,9.8,9.8,142.0,142.0
2005-09-15,9.8,9.8,142.0,142.0
2005-09-16,9.8,9.8,142.0,142.0
2005-09-17,9.8,9.8,142.0,142.0
2005-09-18,9.8,9.8,142.0,142.0
2005-09-19,9.8,9.8,142.0,142.0
2005-09-20,9.8,9.8,142.0,142.0
2005-09-21,9.8,9.8,142.0,142.0
2005-09-22,9.8,9.8,142.0,142.0
2005-09-23,9.8,9.8,142.0,142.0
2005-09-24,9.8,9.8,142.0,142.0
2005-09-25,9.8,9.8,142.0,142.0
2005-09-26,9.8,9.8,142.0,142.0
2005-09-27,9.8,9.8,142.0,142.0
2005-09-28,9.8,9.8,142.0,142.0
2005-09-29,9.8,9.8,142.0,142.0
2005-09-30,9.8,9.8,142.0,142.0
2005-10-01,9.8,9.8,142.0,142.0
2005-10-02,9.8,9.8,142.0,142.0
2005-10-03,9.8,9.8,142.0,142.0
2005-10-04,9.8,9.8,142.0,142.0
2005-10-05,9.8,9.8,142.0,142.0
2005-10-06,9.8,9.8,142.0,142.0
2005-10-07,9.8,9.8,142.0,142.0
2005-10-08,9.8,9.8,142.0,142.0
2005-10-09,9.8,9.8,142.0,142.0
2005-10-10,9.8,9.8,142.0,142.0
2005-10-11,9.8,9.8,142.0,142.0
2005-10-12,9.8,9.8,142.0,142.0
2005-10-13,9.8,9.8,142.0,142.0
2005-10-14,9.8,9.8,142.0,142.0
2005-10-15,9.8,9.8,142.0,142.0
2005-10-16,9.8,9.8,142.0,142.0
2005-10-17,9.8,9.8,142.0,142.0
2005-10-18,9.8,9.8,142.0,142.0
2005-10-19,9.8,9.8,142.0,142.0
2005-10-20,9.8,9.8,142.0,142.0
2005-10-21,9.8,9.8,142.0,142.0
2005-10-22,9.8,9.8,142.0,142.0
2005-10-23,9.8,9.8,142.0,142.0
2005-10-24,9.8,9.8,142.0,142.0
2005-10-25,9.8,9.8,142.0,142.0
2005-10-26,9.8,9.8,142.0,142.0
2005-10-27,9.8,9.8,142.0,142.0
2005-10-28,9.8,9.8,142.0,142.0
2005-10-29,9.8,9.8,142.0,142.0
2005-10-30,9.8,9.8,142.0,142.0
2005-10-31,9.8,9.8,142.0,142.0
2005-11-01,9.8,9.8,142.0,142.0
2005-11-02,9.8,9.8,142.0,142.0
2005-11-03,9.8,9.8,142.0,142.0
2005-11-04,9.8,9.8,142.0,142.0
2005-11-05,9.8,9.8,142.0,142.0
2005-11-06,9.8,9.8,142.0,142.0
2005-11-07,9.8,9.8,142.0,142.0
2005-11-08,9.8,9.8,142.0,142.0
2005-11-09,9.8,9.8,142.0,142.0
2005-11-10,9.8,9.8,142.0,142.0
2005-11-11,9.8,9.8,142.0,142.0
2005-11-12,9.8,9.8,142.0,142.0
2005-11-13,9.8,9.8,142.0,142.0
2005-11-14,9.8,9.8,142.0,142.0
2005-11-15,9.8,9.8,142.0,142.0
2005-11-16,9.8,9.8,142.0,142.0
2005-11-17,9.8,9.8,142.0,142.0
2005-11-18,9.8,9.8,142.0,142.0
2005-11-19,9.8,9.8,142.0,142.0
2005-11-20,9.8,9.8,142.0,142.0
2005-11-21,9.8,9.8,142.0,142.0
2005-11-22,9.8,9.8,142.0,142.0
2005-11-23,9.8,9.8,142.0,142.0
2005-11-24,9.8,9.8,142.0,142.0
2005-11-25,9.8,9.8,142.0,142.0
2005-11-26,9.8,9.8,142.0,142.0
2005-11-27,9.8,9.8,142.0,142.0
2005-11-28,9.8,9.8,142.0,142.0
2005-11-29,9.8,9.8,142.0,142.0
2005-11-30,9.8,9.8,142.0,142.0
2005-12-01,9.8,9.8,142.0,142.0
2005-12-02,9.8,9.8,142.0,142.0
2005-12-03,9.8,9.8,142.0,142.0
2005-12-04,9.8,9.8,142.0,142.0
2005-12-05,9.8,9.8,142.0,142.0
2005-12-06,9.8,9.8,142.0,142.0
2005-12-07,9.8,9.8,142.0,142.0
2005-12-08,9.8,9.8,142.0,142.0
2005-12-09,9.8,9.8,142.0,142.0
2005-12-10,9.8,9.8,142.0,142.0
2005-12-11,9.8,9.8,142.0,142.0
2005-12-12,9.8,9.8,142.0,142.0
2005-12-13,9.8,9.8,142.0,142.0
2005-12-14,9.8,9.8,142.0,142.0
2005-12-15,9.8,9.8,142.0,142.0
2005-12-16,9.8,9.8,142.0,142.0
2005-12-17,9.8,9.8,142.0,142.0
2005-12-18,9.8,9.8,142.0,142.0
2005-12-19,9.8,9.8,142.0,142.0
2005-12-20,9.8,9.8,142.0,142.0
2005-12-21,9.8,9.8,142.0,142.0
2005-12-22,9.8,9.8,142.0,142.0
2005-12-23,9.8,9.8,142.0,142.0
2005-12-24,9.8,9.8,142.0,142.0
2005-12-25,9.8,9.8,142.0,142.0
2005-12-26,9.8,9.8,142.0,142.0
2005-12-27,9.8,9.8,142.0,142.0
2005-12-28,9.8,9.8,142.0,142.0
2005-12-29,9.8,9.8,142.0,142.0
2005-12-30,9.8,9.8,142.0,142.0
2005-12-31,11.5,11.5,142.26829858849158,142.26829858849158
2006-01-01,11.5,11.5,150.75194340229305,150.75194340229305
2006-01-02,11.5,11.5,159.81217622247308,159.81217622247308
2006-01-03,11.5,11.5,154.95210052447374,154.95210052447374
2006-01-04,11.5,11.5,147.5385153062726,147.5385153062726
2006-01-05,9.992644490584468,9.992644490584468,142.0,142.0
2006-01-06,9.8,9.8,142.0,142.0
2006-01-07,9.8,9.8,142.0,142.0
2006-01-08,9.8,9.8,142.0,142.0
2006-01-09,9.8,9.8,142.0,142.0
2006-01-10,9.8,9.8,142.0,142.0
2006-01-11,9.8,9.8,142.0,142.0
2006-01-12,9.8,9.8,142.0,142.0
2006-01-13,9.8,9.8,142.0,142.0
2006-01-14,9.8,9.8,142.0,142.0
2006-01-15,9.8,9.8,142.0,142.0
2006-01-16,9.8,9.8,142.0,142.0
2006-01-17,9.8,9.8,142.0,142.0
2006-01-18,9.8,9.8,142.0,142.0
2006-01-19,9.8,9.8,142.0,142.0
2006-01-20,9.8,9.8,142.0,142.0
2006-01-21,9.8,9.8,142.0,142.0
2006-01-22,9.8,9.8,142.0,142.0
2006-01-23,9.8,9.8,142.0,142.0
2006-01-24,9.8,9.8,142.0,142.0
2006-01-25,9.8,9.8,142.0,142.0
2006-01-26,9.8,9.8,142.0,142.0
2006-01-27,9.8,9.8,142.0,142.0
2006-01-28,9.8,9.8,142.0,142.0
2006-01-29,9.8,9.8,142.0,142.0
2006-01-30,9.8,9.8,142.0,142.0
2006-01-31,9.8,9.8,142.0,142.0
2006-02-01,9.8,9.8,142.0,142.0
2006-02-02,9.8,9.8,142.0,142.0
2006-02-03,9.8,9.8,142.0,142.0
2006-02-04,9.8,9.8,142.0,142.0
2006-02-05,9.8,9.8,142.0,142.0
2006-02-06,9.8,9.8,142.0,142.0
2006-02-07,9.8,9.8,142.0,142.0
2006-02-08,9.8,9.8,142.0,142.0
2006-02-09,9.8,9.8,142.0,142.0
2006-02-10,9.8,9.8,142.0,142.0
2006-02-11,9.8,9.8,142.0,142.0
2006-02-12,9.8,9.8,142.0,142.0
2006-02-13,9.8,9.8,142.0,142.0
2006-02-14,9.8,9.8,142.0,142.0
2006-02-15,9.8,9.8,142.0,142.0
2006-02-16,9.8,9.8,142.0,142.0
2006-02-17,9.8,9.8,142.0,142.0
2006-02-18,9.8,9.8,142.0,142.0
2006-02-19,9.8,9.8,142.0,142.0
2006-02-20,9.8,9.8,142.0,142.0
2006-02-21,9.8,9.8,142.0,142.0
2006-02-22,9.8,9.8,142.0,142.0
2006-02-23,9.8,9.8,142.0,142.0
2006-02-24,9.8,9.8,142.0,142.0
2006-02-25,9.8,9.8,142.0,142.0
2006-02-26,9.8,9.8,142.0,142.0
2006-02-27,11.444591192398438,11.444591192398438,142.0,142.0
2006-02-28,9.8,9.8,142.0,142.0
2006-03-01,9.8,9.8,142.0,142.0
2006-03-02,9.8,9.8,142.0,142.0
2006-03-03,9.8,9.8,142.0,142.0
2006-03-04,9.8,9.8,142.0,142.0
2006-03-05,9.8,9.8,142.0,142.0
2006-03-06,9.8,9.8,142.0,142.0
2006-03-07,9.8,9.8,142.0,142.0
2006-03-08,9.8,9.8,142.0,142.0
2006-03-09,9.8,9.8,142.0,142.0
2006-03-10,9.8,9.8,142.0,142.0
2006-03-11,9.8,9.8,142.0,142.0
2006-03-12,9.8,9.8,142.0,142.0
2006-03-13,9.8,9.8,142.0,142.0
2006-03-14,9.8,9.8,142.0,142.0
2006-03-15,9.8,9.8,142.0,142.0
2006-03-16,9.8,9.8,142.0,142.0
2006-03-17,9.8,9.8,142.0,142.0
2006-03-18,9.8,9.8,142.0,142.0
2006-03-19,9.8,9.8,142.0,142.0
2006-03-20,9.8,9.8,142.0,142.0
2006-03-21,9.8,9.8,142.0,142.0
2006-03-22,9.8,9.8,142.0,142.0
2006-03-23,9.8,9.8,142.0,142.0
2006-03-24,9.8,9.8,142.0,142.0
2006-03-25,9.8,9.8,142.0,142.0
2006-03-26,9.8,9.8,142.0,142.0
2006-03-27,9.8,9.8,142.0,142.0
2006-03-28,9.8,9.8,142.0,142.0
2006-03-29,9.8,9.8,142.0,142.0
2006-03-30,9.8,9.8,142.0,142.0
2006-03-31,9.8,9.8,142.0,142.0
2006-04-01,9.8,9.8,142.0,142.0
2006-04-02,11.5,11.5,144.0454344463359,144.0454344463359
2006-04-03,11.5,11.5,157.96696539620933,157.96696539620933
2006-04-04,11.5,11.5,188.41526002257805,188.41526002257805
2006-04-05,11.5,11.5,199.8147759056791,199.8147759056791
2006-04-06,11.5,11.5,202.6254599072479,202.6254599072479
2006-04-07,11.5,11.5,205.83714447014287,205.83714447014287
2006-04-08,11.5,11.5,209.1333673216762,209.1333673216762
2006-04-09,11.5,11.5,212.83243665975112,212.83243665975112
2006-04-10,11.5,11.5,217.29763589923846,217.29763589923846
2006-04-11,11.5,11.5,221.4587624349434,221.4587624349434
2006-04-12,11.5,11.5,223.74948075807305,223.74948075807305
2006-04-13,11.5,11.5,226.0324661530575,226.0324661530575
2006-04-14,11.5,11.5,229.97590318749354,229.97590318749354
2006-04-15,11.5,11.5,232.28020219448615,232.28020219448615
2006-04-16,11.5,11.5,238.0697558768436,238.0697558768436
2006-04-17,11.5,11.5,240.42155625194496,240.42155625194496
2006-04-18,11.5,11.5,240.92877506614593,240.92877506614593
2006-04-19,11.5,11.5,241.29880123027849,241.29880123027849
2006-04-20,11.5,11.5,241.97696693489206,241.97696693489206
2006-04-21,11.5,11.5,242.89274922677737,242.89274922677737
2006-04-22,11.5,11.5,243.18272077913647,243.18272077913647
2006-04-23,11.5,11.5,241.93765374372344,241.93765374372344
2006-04-24,11.5,11.5,239.7444540319187,239.7444540319187
2006-04-25,11.5,11.5,237.82366564073018,237.82366564073018
2006-04-26,11.5,11.5,235.3379312312026,235.3379312312026
2006-04-27,11.5,11.5,232.95319313819982,232.95319313819982
2006-04-28,11.5,11.5,232.23843557410686,232.23843557410686
2006-04-29,11.5,11.5,232.3681765574237,232.3681765574237
2006-04-30,11.5,11.5,233.41975788985755,233.41975788985755
2006-05-01,11.5,11.5,235.27829155681616,235.27829155681616
2006-05-02,11.5,11.5,237.49937739970937,237.49937739970937
2006-05-03,11.5,11.5,239.73303776770152,239.73303776770152
2006-05-04,11.5,11.5,240.9676080899701,240.9676080899701
2006-05-05,11.5,11.5,241.2870498836442,241.2870498836442
2006-05-06,11.5,11.5,242.6525377695083,242.6525377695083
2006-05-07,11.5,11.5,245.61314075388992,245.61314075388992
2006-05-08,11.5,11.5,250.80022764407275,250.80022764407275
2006-05-09,11.5,11.5,256.54486428310753,256.54486428310753
2006-05-10,11.5,11.5,262.5574453699812,262.5574453699812
2006-05-11,11.5,11.5,272.48511166014737,272.48511166014737
2006-05-12,11.5,11.5,283.50913379066685,283.50913379066685
2006-05-13,11.5,11.5,297.3922459753323,297.3922459753323
2006-05-14,11.5,11.5,314.0340984947588,314.0340984947588
2006-05-15,11.5,11.5,339.62390983064597,339.62390983064597
2006-05-16,11.5,11.5,367.155493429123,367.155493429123
2006-05-17,11.5,11.5,395.9970930634577,395.9970930634577
2006-05-18,11.5,11.5,425.8607647258929,425.8607647258929
2006-05-19,11.5,11.5,447.0348097489345,447.0348097489345
2006-05-20,11.5,11.5,458.40827315969966,458.40827315969966
2006-05-21,11.5,11.5,490.25408997055405,490.25408997055405
2006-05-22,11.5,11.5,497.4086970021852,497.4086970021852
2006-05-23,11.5,11.5,498.6684369379797,498.6684369379797
2006-05-24,11.5,11.5,503.2422585323174,503.2422585323174
2006-05-25,11.5,11.5,511.816637622101,511.816637622101
2006-05-26,11.5,11.5,519.103503446696,519.103503446696
2006-05-27,11.5,11.5,520.9803287279216,520.9803287279216
2006-05-28,11.5,11.5,521.2112737906486,521.2112737906486
2006-05-29,11.5,11.5,522.838973253425,522.838973253425
2006-05-30,11.5,11.5,526.9184088788625,526.9184088788625
2006-05-31,11.5,11.5,535.7466531748944,535.7466531748944
2006-06-01,11.5,11.5,545.9082774930313,545.9082774930313
2006-06-02,11.5,11.5,559.276954147179,559.276954147179
2006-06-03,11.5,11.5,573.5187553483279,573.5187553483279
2006-06-04,11.5,11.5,588.5541203533045,588.5541203533045
2006-06-05,11.5,11.5,603.7938153503459,603.7938153503459
2006-06-06,11.5,11.5,620.9705843293619,620.9705843293619
2006-06-07,11.5,11.5,636.4074041655484,636.4074041655484
2006-06-08,11.5,11.5,648.6076449785502,648.6076449785502
2006-06-09,11.5,11.5,658.7969980813152,658.7969980813152
2006-06-10,11.5,11.5,667.1891479020485,667.1891479020485
2006-06-11,11.5,11.5,673.8741675264329,673.8741675264329
2006-06-12,11.5,11.5,681.3909881936585,681.3909881936585
2006-06-13,11.5,11.5,684.4003892631664,684.4003892631664
2006-06-14,11.5,11.5,683.5561275721016,683.5561275721016
2006-06-15,11.5,11.5,683.8988686901333,683.8988686901333
2006-06-16,11.5,11.5,687.5320298913264,687.5320298913264
2006-06-17,11.5,11.5,694.1864201972708,694.1864201972708
2006-06-18,11.5,11.5,702.2838979764576,702.2838979764576
2006-06-19,11.5,11.5,710.1632713918066,710.1632713918066
2006-06-20,11.5,11.5,714.8451143913367,714.8451143913367
2006-06-21,11.5,11.5,719.7057473781787,719.7057473781787
2006-06-22,11.5,11.5,726.065160483757,726.065160483757
2006-06-23,11.5,11.5,732.0767612178278,732.0767612178278
2006-06-24,11.5,11.5,737.7859793434901,737.7859793434901
2006-06-25,11.5,11.5,742.3767489704691,742.3767489704691
2006-06-26,11.5,11.5,744.7910424268566,744.7910424268566
2006-06-27,11.5,11.5,745.6210636927641,745.6210636927641
2006-06-28,11.5,11.5,746.1511370865884,746.1511370865884
2006-06-29,11.5,11.5,744.758679191175,744.758679191175
2006-06-30,11.5,11.5,743.1672185132013,743.1672185132013
2006-07-01,11.5,11.5,738.977062393054,738.977062393054
2006-07-02,11.5,11.5,734.9341088481747,734.9341088481747
2006-07-03,11.5,11.5,729.8248532439594,729.8248532439594
2006-07-04,11.5,11.5,724.5735368877292,724.5735368877292
2006-07-05,11.5,11.5,719.0895071667385,719.0895071667385
2006-07-06,11.5,11.5,712.996400691835,712.996400691835
2006-07-07,11.5,11.5,706.6858990995061,706.6858990995061
2006-07-08,11.5,11.5,700.1650862966507,700.1650862966507
2006-07-09,11.5,11.5,693.6184321603964,693.6184321603964
2006-07-10,11.5,11.5,687.0561587314749,687.0561587314749
2006-07-11,11.5,11.5,680.1339893157863,680.1339893157863
2006-07-12,11.5,11.5,672.7507369195081,672.7507369195081
2006-07-13,11.5,11.5,665.0860012652004,665.0860012652004
2006-07-14,11.5,11.5,657.4420008247345,657.4420008247345
2006-07-15,11.5,11.5,649.6590633946282,649.6590633946282
2006-07-16,11.5,11.5,641.7102871566047,641.7102871566047
2006-07-17,11.5,11.5,633.7399991649457,633.7399991649457
2006-07-18,11.5,11.5,625.5061149732938,625.5061149732938
2006-07-19,11.5,11.5,617.096749595495,617.096749595495
2006-07-20,11.5,11.5,608.7003941934813,608.7003941934813
2006-07-21,11.5,11.5,600.2122218082445,600.2122218082445
2006-07-22,11.5,11.5,591.5410341110182,591.5410341110182
2006-07-23,11.5,11.5,582.8434483609611,582.8434483609611
2006-07-24,11.5,11.5,574.0558201452453,574.0558201452453
2006-07-25,11.5,11.5,565.1950045266865,565.1950045266865
2006-07-26,11.5,11.5,556.3349510964539,556.3349510964539
2006-07-27,11.5,11.5,547.4230839898155,547.4230839898155
2006-07-28,11.5,11.5,538.4359123776571,538.4359123776571
2006-07-29,11.5,11.5,529.3510980781981,529.3510980781981
2006-07-30,11.5,11.5,520.126924524078,520.126924524078
2006-07-31,11.5,11.5,510.67835303705056,510.67835303705056
2006-08-01,11.5,11.5,501.1927661083095,501.1927661083095
2006-08-02,11.5,11.5,491.5419338182043,491.5419338182043
2006-08-03,11.5,11.5,481.8708462914035,481.8708462914035
2006-08-04,11.5,11.5,472.2499164268506,472.2499164268506
2006-08-05,11.5,11.5,462.6240139943852,462.6240139943852
2006-08-06,11.5,11.5,452.9184362481044,452.9184362481044
2006-08-07,11.5,11.5,443.1722336305241,443.1722336305241
2006-08-08,11.5,11.5,433.3831702480565,433.3831702480565
2006-08-09,11.5,11.5,423.6094254083972,423.6094254083972
2006-08-10,11.5,11.5,413.84149196978393,413.84149196978393
2006-08-11,11.5,11.5,404.0564499112202,404.0564499112202
2006-08-12,11.5,11.5,394.27704010366807,394.27704010366807
2006-08-13,11.5,11.5,384.4670409541645,384.4670409541645
2006-08-14,11.5,11.5,374.6168388976432,374.6168388976432
2006-08-15,11.5,11.5,364.735110383641,364.735110383641
2006-08-16,11.5,11.5,354.8420272029924,354.8420272029924
2006-08-17,11.5,11.5,344.95656650343864,344.95656650343864
2006-08-18,11.5,11.5,335.081337273874,335.081337273874
2006-08-19,11.5,11.5,325.2558121306102,325.2558121306102
2006-08-20,11.5,11.5,315.382954166491,315.382954166491
2006-08-21,11.5,11.5,305.5154410092522,305.5154410092522
2006-08-22,11.5,11.5,295.65930002535043,295.65930002535043
2006-08-23,11.5,11.5,285.8454232611443,285.8454232611443
2006-08-24,11.5,11.5,276.01205595639635,276.01205595639635
2006-08-25,11.5,11.5,266.15846352119667,266.15846352119667
2006-08-26,11.5,11.5,256.2778685349516,256.2778685349516
2006-08-27,11.5,11.5,246.3787082140265,246.3787082140265
2006-08-28,11.5,11.5,236.40814032567914,236.40814032567914
2006-08-29,11.5,11.5,226.4499087937712,226.4499087937712
2006-08-30,11.5,11.5,216.49635125947327,216.49635125947327
2006-08-31,11.5,11.5,206.54327606350424,206.54327606350424
2006-09-01,11.5,11.5,196.64150614597187,196.64150614597187
2006-09-02,11.5,11.5,186.72330425719286,186.72330425719286
2006-09-03,11.5,11.5,176.7902109404452,176.7902109404452
2006-09-04,11.5,11.5,166.84391369910014,166.84391369910014
2006-09-05,11.5,11.5,156.88596601280642,156.88596601280642
2006-09-06,11.5,11.5,146.91765592792052,146.91765592792052
2006-09-07,9.8,9.8,142.0,142.0
2006-09-08,9.8,9.8,142.0,142.0
2006-09-09,9.8,9.8,142.0,142.0
2006-09-10,9.8,9.8,142.0,142.0
2006-09-11,9.8,9.8,142.0,142.0
2006-09-12,9.8,9.8,142.0,142.0
2006-09-13,9.8,9.8,142.0,142.0
2006-09-14,9.8,9.8,142.0,142.0
2006-09-15,9.8,9.8,142.0,142.0
2006-09-16,9.8,9.8,142.0,142.0
2006-09-17,9.8,9.8,142.0,142.0
2006-09-18,9.8,9.8,142.0,142.0
2006-09-19,9.8,9.8,142.0,142.0
2006-09-20,9.8,9.8,142.0,142.0
2006-09-21,9.8,9.8,142.0,142.0
2006-09-22,9.8,9.8,142.0,142.0
2006-09-23,9.8,9.8,142.0,142.0
2006-09-24,9.8,9.8,142.0,142.0
2006-09-25,9.8,9.8,142.0,142.0
2006-09-26,9.8,9.8,142.0,142.0
2006-09-27,9.8,9.8,142.0,142.0
2006-09-28,9.8,9.8,142.0,142.0
2006-09-29,9.8,9.8,142.0,142.0
2006-09-30,9.8,9.8,142.0,142.0
2006-10-01,9.8,9.8,142.0,142.0
2006-10-02,9.8,9.8,142.0,142.0
2006-10-03,9.8,9.8,142.0,142.0
2006-10-04,9.8,9.8,142.0,142.0
2006-10-05,9.8,9.8,142.0,142.0
2006-10-06,9.8,9.8,142.0,142.0
2006-10-07,9.8,9.8,142.0,142.0
2006-10-08,9.8,9.8,142.0,142.0
2006-10-09,9.8,9.8,142.0,142.0
2006-10-10,9.8,9.8,142.0,142.0
2006-10-11,9.8,9.8,142.0,142.0
2006-10-12,9.8,9.8,142.0,142.0
2006-10-13,9.8,9.8,142.0,142.0
2006-10-14,9.8,9.8,142.0,142.0
2006-10-15,9.8,9.8,142.0,142.0
2006-10-16,9.8,9.8,142.0,142.0
2006-10-17,9.8,9.8,142.0,142.0
2006-10-18,9.8,9.8,142.0,142.0
2006-10-19,9.8,9.8,142.0,142.0
2006-10-20,9.8,9.8,142.0,142.0
2006-10-21,9.8,9.8,142.0,142.0
2006-10-22,9.8,9.8,142.0,142.0
2006-10-23,9.8,9.8,142.0,142.0
2006-10-24,9.8,9.8,142.0,142.0
2006-10-25,9.8,9.8,142.0,142.0
2006-10-26,9.8,9.8,142.0,142.0
2006-10-27,9.8,9.8,142.0,142.0
2006-10-28,9.8,9.8,142.0,142.0
2006-10-29,9.8,9.8,142.0,142.0
2006-10-30,9.8,9.8,142.0,142.0
2006-10-31,9.8,9.8,142.0,142.0
2006-11-01,9.8,9.8,142.0,142.0
2006-11-02,9.8,9.8,142.0,142.0
2006-11-03,9.8,9.8,142.0,142.0
2006-11-04,9.8,9.8,142.0,142.0
2006-11-05,9.8,9.8,142.0,142.0
2006-11-06,9.8,9.8,142.0,142.0
2006-11-07,9.8,9.8,142.0,142.0
2006-11-08,9.8,9.8,142.0,142.0
2006-11-09,9.8,9.8,142.0,142.0
2006-11-10,9.8,9.8,142.0,142.0
2006-11-11,9.8,9.8,142.0,142.0
2006-11-12,9.8,9.8,142.0,142.0
2006-11-13,9.8,9.8,142.0,142.0
2006-11-14,9.8,9.8,142.0,142.0
2006-11-15,9.8,9.8,142.0,142.0
2006-11-16,9.8,9.8,142.0,142.0
2006-11-17,9.8,9.8,142.0,142.0
2006-11-18,9.8,9.8,142.0,142.0
2006-11-19,9.8,9.8,142.0,142.0
2006-11-20,9.8,9.8,142.0,142.0
2006-11-21,9.8,9.8,142.0,142.0
2006-11-22,9.8,9.8,142.0,142.0
2006-11-23,9.8,9.8,142.0,142.0
2006-11-24,9.8,9.8,142.0,142.0
2006-11-25,9.8,9.8,142.0,142.0
2006-11-26,9.8,9.8,142.0,142.0
2006-11-27,9.8,9.8,142.0,142.0
2006-11-28,9.8,9.8,142.0,142.0
2006-11-29,9.8,9.8,142.0,142.0
2006-11-30,9.8,9.8,142.0,142.0
2006-12-01,9.8,9.8,142.0,142.0
2006-12-02,9.8,9.8,142.0,142.0
2006-12-03,9.8,9.8,142.0,142.0
2006-12-04,9.8,9.8,142.0,142.0
2006-12-05,9.8,9.8,142.0,142.0
2006-12-06,9.8,9.8,142.0,142.0
2006-12-07,9.8,9.8,142.0,142.0
2006-12-08,9.8,9.8,142.0,142.0
2006-12-09,9.8,9.8,142.0,142.0
2006-12-10,9.8,9.8,142.0,142.0
2006-12-11,9.8,9.8,142.0,142.0
2006-12-12,9.8,9.8,142.0,142.0
2006-12-13,9.8,9.8,142.0,142.0
2006-12-14,9.8,9.8,142.0,142.0
2006-12-15,9.8,9.8,142.0,142.0
2006-12-16,9.8,9.8,142.0,142.0
2006-12-17,9.8,9.8,142.0,142.0
2006-12-18,9.8,9.8,142.0,142.0
2006-12-19,9.8,9.8,142.0,142.0
2006-12-20,9.8,9.8,142.0,142.0
2006-12-21,9.8,9.8,142.0,142.0
2006-12-22,9.8,9.8,142.0,142.0
2006-12-23,9.8,9.8,142.0,142.0
2006-12-24,9.8,9.8,142.0,142.0
2006-12-25,9.8,9.8,142.0,142.0
2006-12-26,9.8,9.8,142.0,142.0
2006-12-27,9.8,9.8,142.0,142.0
2006-12-28,9.8,9.8,142.0,142.0
2006-12-29,9.8,9.8,142.0,142.0
2006-12-30,9.8,9.8,142.0,142.0
2006-12-31,9.8,9.8,142.0,142.0
2007-01-01,9.8,9.8,142.0,142.0
2007-01-02,9.8,9.8,142.0,142.0
2007-01-03,9.8,9.8,142.0,142.0
2007-01-04,9.8,9.8,142.0,142.0
2007-01-05,9.8,9.8,142.0,142.0
2007-01-06,9.8,9.8,142.0,142.0
2007-01-07,9.8,9.8,142.0,142.0
2007-01-08,9.8,9.8,142.0,142.0
2007-01-09,9.8,9.8,142.0,142.0
2007-01-10,9.8,9.8,142.0,142.0
2007-01-11,9.8,9.8,142.0,142.0
2007-01-12,9.8,9.8,142.0,142.0
2007-01-13,9.8,9.8,142.0,142.0
2007-01-14,9.8,9.8,142.0,142.0
2007-01-15,9.8,9.8,142.0,142.0
2007-01-16,9.8,9.8,142.0,142.0
2007-01-17,9.8,9.8,142.0,142.0
2007-01-18,9.8,9.8,142.0,142.0
2007-01-19,9.8,9.8,142.0,142.0
2007-01-20,9.8,9.8,142.0,142.0
2007-01-21,9.8,9.8,142.0,142.0
2007-01-22,9.8,9.8,142.0,142.0
2007-01-23,9.8,9.8,142.0,142.0
2007-01-24,9.8,9.8,142.0,142.0
2007-01-25,9.8,9.8,142.0,142.0
2007-01-26,9.8,9.8,142.0,142.0
2007-01-27,9.8,9.8,142.0,142.0
2007-01-28,9.8,9.8,142.0,142.0
2007-01-29,9.8,9.8,142.0,142.0
2007-01-30,9.8,9.8,142.0,142.0
2007-01-31,9.8,9.8,142.0,142.0
2007-02-01,9.8,9.8,142.0,142.0
2007-02-02,9.8,9.8,142.0,142.0
2007-02-03,9.8,9.8,142.0,142.0
2007-02-04,9.8,9.8,142.0,142.0
2007-02-05,9.8,9.8,142.0,142.0
2007-02-06,9.8,9.8,142.0,142.0
2007-02-07,9.8,9.8,142.0,142.0
2007-02-08,9.8,9.8,142.0,142.0
2007-02-09,9.8,9.8,142.0,142.0
2007-02-10,9.8,9.8,142.0,142.0
2007-02-11,9.8,9.8,142.0,142.0
2007-02-12,9.8,9.8,142.0,142.0
2007-02-13,9.8,9.8,142.0,142.0
2007-02-14,9.8,9.8,142.0,142.0
2007-02-15,9.8,9.8,142.0,142.0
2007-02-16,9.8,9.8,142.0,142.0
2007-02-17,9.8,9.8,142.0,142.0
2007-02-18,9.8,9.8,142.0,142.0
2007-02-19,9.8,9.8,142.0,142.0
2007-02-20,9.8,9.8,142.0,142.0
2007-02-21,9.8,9.8,142.0,142.0
2007-02-22,9.8,9.8,142.0,142.0
2007-02-23,9.8,9.8,142.0,142.0
2007-02-24,9.8,9.8,142.0,142.0
2007-02-25,9.8,9.8,142.0,142.0
2007-02-26,9.8,9.8,142.0,142.0
2007-02-27,9.8,9.8,142.0,142.0
2007-02-28,9.8,9.8,142.0,142.0
2007-03-01,9.8,9.8,142.0,142.0
2007-03-02,9.8,9.8,142.0,142.0
2007-03-03,9.8,9.8,142.0,142.0
2007-03-04,9.8,9.8,142.0,142.0
2007-03-05,9.8,9.8,142.0,142.0
2007-03-06,9.8,9.8,142.0,142.0
2007-03-07,9.8,9.8,142.0,142.0
2007-03-08,9.8,9.8,142.0,142.0
2007-03-09,9.8,9.8,142.0,142.0
2007-03-10,9.8,9.8,142.0,142.0
2007-03-11,9.8,9.8,142.0,142.0
2007-03-12,9.8,9.8,142.0,142.0
2007-03-13,9.8,9.8,142.0,142.0
2007-03-14,9.8,9.8,142.0,142.0
2007-03-15,9.8,9.8,142.0,142.0
2007-03-16,9.8,9.8,142.0,142.0
2007-03-17,9.8,9.8,142.0,142.0
2007-03-18,9.8,9.8,142.0,142.0
2007-03-19,9.8,9.8,142.0,142.0
2007-03-20,9.8,9.8,142.0,142.0
2007-03-21,9.8,9.8,142.0,142.0
2007-03-22,9.8,9.8,142.0,142.0
2007-03-23,9.8,9.8,142.0,142.0
2007-03-24,9.8,9.8,142.0,142.0
2007-03-25,9.8,9.8,142.0,142.0
2007-03-26,9.8,9.8,142.0,142.0
2007-03-27,9.8,9.8,142.0,142.0
2007-03-28,9.8,9.8,142.0,142.0
2007-03-29,9.8,9.8,142.0,142.0
2007-03-30,9.8,9.8,142.0,142.0
2007-03-31,9.8,9.8,142.0,142.0
2007-04-01,9.8,9.8,142.0,142.0
2007-04-02,9.8,9.8,142.0,142.0
2007-04-03,9.8,9.8,142.0,142.0
2007-04-04,9.8,9.8,142.0,142.0
2007-04-05,9.8,9.8,142.0,142.0
2007-04-06,9.8,9.8,142.0,142.0
2007-04-07,9.8,9.8,142.0,142.0
2007-04-08,9.8,9.8,142.0,142.0
2007-04-09,9.8,9.8,142.0,142.0
2007-04-10,9.8,9.8,142.0,142.0
2007-04-11,9.8,9.8,142.0,142.0
2007-04-12,9.8,9.8,142.0,142.0
2007-04-13,9.8,9.8,142.0,142.0
2007-04-14,9.8,9.8,142.0,142.0
2007-04-15,9.8,9.8,142.0,142.0
2007-04-16,9.8,9.8,142.0,142.0
2007-04-17,9.8,9.8,142.0,142.0
2007-04-18,9.8,9.8,142.0,142.0
2007-04-19,9.8,9.8,142.0,142.0
2007-04-20,9.8,9.8,142.0,142.0
2007-04-21,9.8,9.8,142.0,142.0
2007-04-22,9.8,9.8,142.0,142.0
2007-04-23,9.8,9.8,142.0,142.0
2007-04-24,9.8,9.8,142.0,142.0
2007-04-25,9.8,9.8,142.0,142.0
2007-04-26,9.8,9.8,142.0,142.0
2007-04-27,9.8,9.8,142.0,142.0
2007-04-28,9.8,9.8,142.0,142.0
2007-04-29,9.8,9.8,142.0,142.0
2007-04-30,9.8,9.8,142.0,142.0
2007-05-01,9.8,9.8,142.0,142.0
2007-05-02,9.8,9.8,142.0,142.0
2007-05-03,9.8,9.8,142.0,142.0
2007-05-04,9.8,9.8,142.0,142.0
2007-05-05,9.8,9.8,142.0,142.0
2007-05-06,9.8,9.8,142.0,142.0
2007-05-07,9.8,9.8,142.0,142.0
2007-05-08,9.8,9.8,142.0,142.0
2007-05-09,9.8,9.8,142.0,142.0
2007-05-10,9.8,9.8,142.0,142.0
2007-05-11,9.8,9.8,142.0,142.0
2007-05-12,9.8,9.8,142.0,142.0
2007-05-13,9.8,9.8,142.0,142.0
2007-05-14,9.8,9.8,142.0,142.0
2007-05-15,9.8,9.8,142.0,142.0
2007-05-16,9.8,9.8,142.0,142.0
2007-05-17,9.8,9.8,142.0,142.0
2007-05-18,9.8,9.8,142.0,142.0
2007-05-19,9.8,9.8,142.0,142.0
2007-05-20,9.8,9.8,142.0,142.0
2007-05-21,9.8,9.8,142.0,142.0
2007-05-22,9.8,9.8,142.0,142.0
2007-05-23,9.8,9.8,142.0,142.0
2007-05-24,9.8,9.8,142.0,142.0
2007-05-25,9.8,9.8,142.0,142.0
2007-05-26,9.8,9.8,142.0,142.0
2007-05-27,9.8,9.8,142.0,142.0
2007-05-28,9.8,9.8,142.0,142.0
2007-05-29,9.8,9.8,142.0,142.0
2007-05-30,9.8,9.8,142.0,142.0
2007-05-31,9.8,9.8,142.0,142.0
2007-06-01,9.8,9.8,142.0,142.0
2007-06-02,9.8,9.8,142.0,142.0
2007-06-03,9.8,9.8,142.0,142.0
2007-06-04,9.8,9.8,142.0,142.0
2007-06-05,9.8,9.8,142.0,142.0
2007-06-06,9.8,9.8,142.0,142.0
2007-06-07,9.8,9.8,142.0,142.0
2007-06-08,9.8,9.8,142.0,142.0
2007-06-09,9.8,9.8,142.0,142.0
2007-06-10,9.8,9.8,142.0,142.0
2007-06-11,9.8,9.8,142.0,142.0
2007-06-12,9.8,9.8,142.0,142.0
2007-06-13,9.8,9.8,142.0,142.0
2007-06-14,9.8,9.8,142.0,142.0
2007-06-15,9.8,9.8,142.0,142.0
2007-06-16,9.8,9.8,142.0,142.0
2007-06-17,9.8,9.8,142.0,142.0
2007-06-18,9.8,9.8,142.0,142.0
2007-06-19,9.8,9.8,142.0,142.0
2007-06-20,9.8,9.8,142.0,142.0
2007-06-21,9.8,9.8,142.0,142.0
2007-06-22,9.8,9.8,142.0,142.0
2007-06-23,9.8,9.8,142.0,142.0
2007-06-24,9.8,9.8,142.0,142.0
2007-06-25,9.8,9.8,142.0,142.0
2007-06-26,9.8,9.8,142.0,142.0
2007-06-27,9.8,9.8,142.0,142.0
2007-06-28,9.8,9.8,142.0,142.0
2007-06-29,9.8,9.8,142.0,142.0
2007-06-30,9.8,9.8,142.0,142.0
2007-07-01,9.8,9.8,142.0,142.0
2007-07-02,9.8,9.8,142.0,142.0
2007-07-03,9.8,9.8,142.0,142.0
2007-07-04,9.8,9.8,142.0,142.0
2007-07-05,9.8,9.8,142.0,142.0
2007-07-06,9.8,9.8,142.0,142.0
2007-07-07,9.8,9.8,142.0,142.0
2007-07-08,9.8,9.8,142.0,142.0
2007-07-09,9.8,9.8,142.0,142.0
2007-07-10,9.8,9.8,142.0,142.0
2007-07-11,9.8,9.8,142.0,142.0
2007-07-12,9.8,9.8,142.0,142.0
2007-07-13,9.8,9.8,142.0,142.0
2007-07-14,9.8,9.8,142.0,142.0
2007-07-15,9.8,9.8,142.0,142.0
2007-07-16,9.8,9.8,142.0,142.0
2007-07-17,9.8,9.8,142.0,142.0
2007-07-18,9.8,9.8,142.0,142.0
2007-07-19,9.8,9.8,142.0,142.0
2007-07-20,9.8,9.8,142.0,142.0
2007-07-21,9.8,9.8,142.0,142.0
2007-07-22,9.8,9.8,142.0,142.0
2007-07-23,9.8,9.8,142.0,142.0
2007-07-24,9.8,9.8,142.0,142.0
2007-07-25,9.8,9.8,142.0,142.0
2007-07-26,9.8,9.8,142.0,142.0
2007-07-27,9.8,9.8,142.0,142.0
2007-07-28,9.8,9.8,142.0,142.0
2007-07-29,9.8,9.8,142.0,142.0
2007-07-30,9.8,9.8,142.0,142.0
2007-07-31,9.8,9.8,142.0,142.0
2007-08-01,9.8,9.8,142.0,142.0
2007-08-02,9.8,9.8,142.0,142.0
2007-08-03,9.8,9.8,142.0,142.0
2007-08-04,9.8,9.8,142.0,142.0
2007-08-05,9.8,9.8,142.0,142.0
2007-08-06,9.8,9.8,142.0,142.0
2007-08-07,9.8,9.8,142.0,142.0
2007-08-08,9.8,9.8,142.0,142.0
2007-08-09,9.8,9.8,142.0,142.0
2007-08-10,9.8,9.8,142.0,142.0
2007-08-11,9.8,9.8,142.0,142.0
2007-08-12,9.8,9.8,142.0,142.0
2007-08-13,9.8,9.8,142.0,142.0
2007-08-14,9.8,9.8,142.0,142.0
2007-08-15,9.8,9.8,142.0,142.0
2007-08-16,9.8,9.8,142.0,142.0
2007-08-17,9.8,9.8,142.0,142.0
2007-08-18,9.8,9.8,142.0,142.0
2007-08-19,9.8,9.8,142.0,142.0
2007-08-20,9.8,9.8,142.0,142.0
2007-08-21,9.8,9.8,142.0,142.0
2007-08-22,9.8,9.8,142.0,142.0
2007-08-23,9.8,9.8,142.0,142.0
2007-08-24,9.8,9.8,142.0,142.0
2007-08-25,9.8,9.8,142.0,142.0
2007-08-26,9.8,9.8,142.0,142.0
2007-08-27,9.8,9.8,142.0,142.0
2007-08-28,9.8,9.8,142.0,142.0
2007-08-29,9.8,9.8,142.0,142.0
2007-08-30,9.8,9.8,142.0,142.0
2007-08-31,9.8,9.8,142.0,142.0
2007-09-01,9.8,9.8,142.0,142.0
2007-09-02,9.8,9.8,142.0,142.0
2007-09-03,9.8,9.8,142.0,142.0
2007-09-04,9.8,9.8,142.0,142.0
2007-09-05,9.8,9.8,142.0,142.0
2007-09-06,9.8,9.8,142.0,142.0
2007-09-07,9.8,9.8,142.0,142.0
2007-09-08,9.8,9.8,142.0,142.0
2007-09-09,9.8,9.8,142.0,142.0
2007-09-10,9.8,9.8,142.0,142.0
2007-09-11,9.8,9.8,142.0,142.0
2007-09-12,9.8,9.8,142.0,142.0
2007-09-13,9.8,9.8,142.0,142.0
2007-09-14,9.8,9.8,142.0,142.0
2007-09-15,9.8,9.8,142.0,142.0
2007-09-16,9.8,9.8,142.0,142.0
2007-09-17,9.8,9.8,142.0,142.0
2007-09-18,9.8,9.8,142.0,142.0
2007-09-19,9.8,9.8,142.0,142.0
2007-09-20,9.8,9.8,142.0,142.0
2007-09-21,9.8,9.8,142.0,142.0
2007-09-22,9.8,9.8,142.0,142.0
2007-09-23,9.8,9.8,142.0,142.0
2007-09-24,9.8,9.8,142.0,142.0
2007-09-25,9.8,9.8,142.0,142.0
2007-09-26,9.8,9.8,142.0,142.0
2007-09-27,9.8,9.8,142.0,142.0
2007-09-28,9.8,9.8,142.0,142.0
2007-09-29,9.8,9.8,142.0,142.0
2007-09-30,9.8,9.8,142.0,142.0
2007-10-01,9.8,9.8,142.0,142.0
2007-10-02,9.8,9.8,142.0,142.0
2007-10-03,9.8,9.8,142.0,142.0
2007-10-04,9.8,9.8,142.0,142.0
2007-10-05,9.8,9.8,142.0,142.0
2007-10-06,9.8,9.8,142.0,142.0
2007-10-07,9.8,9.8,142.0,142.0
2007-10-08,9.8,9.8,142.0,142.0
2007-10-09,9.8,9.8,142.0,142.0
2007-10-10,9.8,9.8,142.0,142.0
2007-10-11,9.8,9.8,142.0,142.0
2007-10-12,9.8,9.8,142.0,142.0
2007-10-13,9.8,9.8,142.0,142.0
2007-10-14,9.8,9.8,142.0,142.0
2007-10-15,9.8,9.8,142.0,142.0
2007-10-16,9.8,9.8,142.0,142.0
2007-10-17,9.8,9.8,142.0,142.0
2007-10-18,9.8,9.8,142.0,142.0
2007-10-19,9.8,9.8,142.0,142.0
2007-10-20,9.8,9.8,142.0,142.0
2007-10-21,9.8,9.8,142.0,142.0
2007-10-22,9.8,9.8,142.0,142.0
2007-10-23,9.8,9.8,142.0,142.0
2007-10-24,9.8,9.8,142.0,142.0
2007-10-25,9.8,9.8,142.0,142.0
2007-10-26,9.8,9.8,142.0,142.0
2007-10-27,9.8,9.8,142.0,142.0
2007-10-28,9.8,9.8,142.0,142.0
2007-10-29,9.8,9.8,142.0,142.0
2007-10-30,9.8,9.8,142.0,142.0
2007-10-31,9.8,9.8,142.0,142.0
2007-11-01,9.8,9.8,142.0,142.0
2007-11-02,9.8,9.8,142.0,142.0
2007-11-03,9.8,9.8,142.0,142.0
2007-11-04,9.8,9.8,142.0,142.0
2007-11-05,9.8,9.8,142.0,142.0
2007-11-06,9.8,9.8,142.0,142.0
2007-11-07,9.8,9.8,142.0,142.0
2007-11-08,9.8,9.8,142.0,142.0
2007-11-09,9.8,9.8,142.0,142.0
2007-11-10,9.8,9.8,142.0,142.0
2007-11-11,9.8,9.8,142.0,142.0
2007-11-12,9.8,9.8,142.0,142.0
2007-11-13,9.8,9.8,142.0,142.0
2007-11-14,9.8,9.8,142.0,142.0
2007-11-15,9.8,9.8,142.0,142.0
2007-11-16,9.8,9.8,142.0,142.0
2007-11-17,9.8,9.8,142.0,142.0
2007-11-18,9.8,9.8,142.0,142.0
2007-11-19,9.8,9.8,142.0,142.0
2007-11-20,9.8,9.8,142.0,142.0
2007-11-21,9.8,9.8,142.0,142.0
2007-11-22,9.8,9.8,142.0,142.0
2007-11-23,9.8,9.8,142.0,142.0
2007-11-24,9.8,9.8,142.0,142.0
2007-11-25,9.8,9.8,142.0,142.0
2007-11-26,9.8,9.8,142.0,142.0
2007-11-27,9.8,9.8,142.0,142.0
2007-11-28,9.8,9.8,142.0,142.0
2007-11-29,9.8,9.8,142.0,142.0
2007-11-30,9.8,9.8,142.0,142.0
2007-12-01,9.8,9.8,142.0,142.0
2007-12-02,9.8,9.8,142.0,142.0
2007-12-03,9.8,9.8,142.0,142.0
2007-12-04,9.8,9.8,142.0,142.0
2007-12-05,9.8,9.8,142.0,142.0
2007-12-06,9.8,9.8,142.0,142.0
2007-12-07,9.8,9.8,142.0,142.0
2007-12-08,9.8,9.8,142.0,142.0
2007-12-09,9.8,9.8,142.0,142.0
2007-12-10,9.8,9.8,142.0,142.0
2007-12-11,9.8,9.8,142.0,142.0
2007-12-12,9.8,9.8,142.0,142.0
2007-12-13,9.8,9.8,142.0,142.0
2007-12-14,9.8,9.8,142.0,142.0
2007-12-15,9.8,9.8,142.0,142.0
2007-12-16,9.8,9.8,142.0,142.0
2007-12-17,9.8,9.8,142.0,142.0
2007-12-18,9.8,9.8,142.0,142.0
2007-12-19,9.8,9.8,142.0,142.0
2007-12-20,9.8,9.8,142.0,142.0
2007-12-21,9.8,9.8,142.0,142.0
2007-12-22,9.8,9.8,142.0,142.0
2007-12-23,9.8,9.8,142.0,142.0
2007-12-24,9.8,9.8,142.0,142.0
2007-12-25,9.8,9.8,142.0,142.0
2007-12-26,9.8,9.8,142.0,142.0
2007-12-27,9.8,9.8,142.0,142.0
2007-12-28,9.8,9.8,142.0,142.0
2007-12-29,9.8,9.8,142.0,142.0
2007-12-30,9.8,9.8,142.0,142.0
2007-12-31,9.8,9.8,142.0,142.0
2008-01-01,9.8,9.8,142.0,142.0
2008-01-02,9.8,9.8,142.0,142.0
2008-01-03,9.8,9.8,142.0,142.0
2008-01-04,9.8,9.8,142.0,142.0
2008-01-05,11.5,11.5,148.54194915713293,148.54194915713293
2008-01-06,10.784605297059308,10.784605297059308,142.0,142.0
2008-01-07,9.8,9.8,142.0,142.0
2008-01-08,9.8,9.8,142.0,142.0
2008-01-09,9.8,9.8,142.0,142.0
2008-01-10,9.8,9.8,142.0,142.0
2008-01-11,9.8,9.8,142.0,142.0
2008-01-12,9.8,9.8,142.0,142.0
2008-01-13,9.8,9.8,142.0,142.0
2008-01-14,9.8,9.8,142.0,142.0
2008-01-15,9.8,9.8,142.0,142.0
2008-01-16,9.8,9.8,142.0,142.0
2008-01-17,9.8,9.8,142.0,142.0
2008-01-18,9.8,9.8,142.0,142.0
2008-01-19,9.8,9.8,142.0,142.0
2008-01-20,9.8,9.8,142.0,142.0
2008-01-21,9.8,9.8,142.0,142.0
2008-01-22,9.8,9.8,142.0,142.0
2008-01-23,9.8,9.8,142.0,142.0
2008-01-24,9.8,9.8,142.0,142.0
2008-01-25,9.8,9.8,142.0,142.0
2008-01-26,9.8,9.8,142.0,142.0
2008-01-27,9.8,9.8,142.0,142.0
2008-01-28,9.8,9.8,142.0,142.0
2008-01-29,9.8,9.8,142.0,142.0
2008-01-30,9.8,9.8,142.0,142.0
2008-01-31,9.8,9.8,142.0,142.0
2008-02-01,9.8,9.8,142.0,142.0
2008-02-02,9.8,9.8,142.0,142.0
2008-02-03,9.8,9.8,142.0,142.0
2008-02-04,9.8,9.8,142.0,142.0
2008-02-05,9.8,9.8,142.0,142.0
2008-02-06,9.8,9.8,142.0,142.0
2008-02-07,9.8,9.8,142.0,142.0
2008-02-08,9.8,9.8,142.0,142.0
2008-02-09,9.8,9.8,142.0,142.0
2008-02-10,9.8,9.8,142.0,142.0
2008-02-11,9.8,9.8,142.0,142.0
2008-02-12,9.8,9.8,142.0,142.0
2008-02-13,9.8,9.8,142.0,142.0
2008-02-14,9.8,9.8,142.0,142.0
2008-02-15,9.8,9.8,142.0,142.0
2008-02-16,9.8,9.8,142.0,142.0
2008-02-17,9.8,9.8,142.0,142.0
2008-02-18,9.8,9.8,142.0,142.0
2008-02-19,9.8,9.8,142.0,142.0
2008-02-20,9.8,9.8,142.0,142.0
2008-02-21,9.8,9.8,142.0,142.0
2008-02-22,9.8,9.8,142.0,142.0
2008-02-23,9.8,9.8,142.0,142.0
2008-02-24,9.8,9.8,142.0,142.0
2008-02-25,9.8,9.8,142.0,142.0
2008-02-26,9.8,9.8,142.0,142.0
2008-02-27,9.8,9.8,142.0,142.0
2008-02-28,9.8,9.8,142.0,142.0
2008-02-29,9.8,9.8,142.0,142.0
2008-03-01,9.8,9.8,142.0,142.0
2008-03-02,9.8,9.8,142.0,142.0
2008-03-03,9.8,9.8,142.0,142.0
2008-03-04,9.8,9.8,142.0,142.0
2008-03-05,9.8,9.8,142.0,142.0
2008-03-06,9.8,9.8,142.0,142.0
2008-03-07,9.8,9.8,142.0,142.0
2008-03-08,9.8,9.8,142.0,142.0
2008-03-09,9.8,9.8,142.0,142.0
2008-03-10,9.8,9.8,142.0,142.0
2008-03-11,9.8,9.8,142.0,142.0
2008-03-12,9.8,9.8,142.0,142.0
2008-03-13,9.8,9.8,142.0,142.0
2008-03-14,9.8,9.8,142.0,142.0
2008-03-15,9.8,9.8,142.0,142.0
2008-03-16,9.8,9.8,142.0,142.0
2008-03-17,9.8,9.8,142.0,142.0
2008-03-18,9.8,9.8,142.0,142.0
2008-03-19,9.8,9.8,142.0,142.0
2008-03-20,9.8,9.8,142.0,142.0
2008-03-21,9.8,9.8,142.0,142.0
2008-03-22,9.8,9.8,142.0,142.0
2008-03-23,9.8,9.8,142.0,142.0
2008-03-24,9.8,9.8,142.0,142.0
2008-03-25,9.8,9.8,142.0,142.0
2008-03-26,9.8,9.8,142.0,142.0
2008-03-27,9.8,9.8,142.0,142.0
2008-03-28,9.8,9.8,142.0,142.0
2008-03-29,9.8,9.8,142.0,142.0
2008-03-30,9.8,9.8,142.0,142.0
2008-03-31,9.8,9.8,142.0,142.0
2008-04-01,9.8,9.8,142.0,142.0
2008-04-02,9.8,9.8,142.0,142.0
2008-04-03,9.8,9.8,142.0,142.0
2008-04-04,9.8,9.8,142.0,142.0
2008-04-05,9.8,9.8,142.0,142.0
2008-04-06,9.8,9.8,142.0,142.0
2008-04-07,9.8,9.8,142.0,142.0
2008-04-08,9.8,9.8,142.0,142.0
2008-04-09,9.8,9.8,142.0,142.0
2008-04-10,9.8,9.8,142.0,142.0
2008-04-11,9.8,9.8,142.0,142.0
2008-04-12,9.8,9.8,142.0,142.0
2008-04-13,9.8,9.8,142.0,142.0
2008-04-14,9.8,9.8,142.0,142.0
2008-04-15,9.8,9.8,142.0,142.0
2008-04-16,9.8,9.8,142.0,142.0
2008-04-17,9.8,9.8,142.0,142.0
2008-04-18,9.8,9.8,142.0,142.0
2008-04-19,9.8,9.8,142.0,142.0
2008-04-20,9.8,9.8,142.0,142.0
2008-04-21,9.8,9.8,142.0,142.0
2008-04-22,9.8,9.8,142.0,142.0
2008-04-23,9.8,9.8,142.0,142.0
2008-04-24,9.8,9.8,142.0,142.0
2008-04-25,9.8,9.8,142.0,142.0
2008-04-26,9.8,9.8,142.0,142.0
2008-04-27,9.8,9.8,142.0,142.0
2008-04-28,9.8,9.8,142.0,142.0
2008-04-29,9.8,9.8,142.0,142.0
2008-04-30,9.8,9.8,142.0,142.0
2008-05-01,9.8,9.8,142.0,142.0
2008-05-02,9.8,9.8,142.0,142.0
2008-05-03,9.8,9.8,142.0,142.0
2008-05-04,9.8,9.8,142.0,142.0
2008-05-05,9.8,9.8,142.0,142.0
2008-05-06,9.8,9.8,142.0,142.0
2008-05-07,9.8,9.8,142.0,142.0
2008-05-08,9.8,9.8,142.0,142.0
2008-05-09,9.8,9.8,142.0,142.0
2008-05-10,9.8,9.8,142.0,142.0
2008-05-11,9.8,9.8,142.0,142.0
2008-05-12,9.8,9.8,142.0,142.0
2008-05-13,9.8,9.8,142.0,142.0
2008-05-14,9.8,9.8,142.0,142.0
2008-05-15,9.8,9.8,142.0,142.0
2008-05-16,9.8,9.8,142.0,142.0
2008-05-17,9.8,9.8,142.0,142.0
2008-05-18,9.8,9.8,142.0,142.0
2008-05-19,9.8,9.8,142.0,142.0
2008-05-20,9.8,9.8,142.0,142.0
2008-05-21,9.8,9.8,142.0,142.0
2008-05-22,9.8,9.8,142.0,142.0
2008-05-23,9.8,9.8,142.0,142.0
2008-05-24,9.8,9.8,142.0,142.0
2008-05-25,9.8,9.8,142.0,142.0
2008-05-26,9.8,9.8,142.0,142.0
2008-05-27,9.8,9.8,142.0,142.0
2008-05-28,9.8,9.8,142.0,142.0
2008-05-29,9.8,9.8,142.0,142.0
2008-05-30,9.8,9.8,142.0,142.0
2008-05-31,9.8,9.8,142.0,142.0
2008-06-01,9.8,9.8,142.0,142.0
2008-06-02,9.8,9.8,142.0,142.0
2008-06-03,9.8,9.8,142.0,142.0
2008-06-04,9.8,9.8,142.0,142.0
2008-06-05,9.8,9.8,142.0,142.0
2008-06-06,9.8,9.8,142.0,142.0
2008-06-07,9.8,9.8,142.0,142.0
2008-06-08,9.8,9.8,142.0,142.0
2008-06-09,9.8,9.8,142.0,142.0
2008-06-10,9.8,9.8,142.0,142.0
2008-06-11,9.8,9.8,142.0,142.0
2008-06-12,9.8,9.8,142.0,142.0
2008-06-13,9.8,9.8,142.0,142.0
2008-06-14,9.8,9.8,142.0,142.0
2008-06-15,9.8,9.8,142.0,142.0
2008-06-16,9.8,9.8,142.0,142.0
2008-06-17,9.8,9.8,142.0,142.0
2008-06-18,9.8,9.8,142.0,142.0
2008-06-19,9.8,9.8,142.0,142.0
2008-06-20,9.8,9.8,142.0,142.0
2008-06-21,9.8,9.8,142.0,142.0
2008-06-22,9.8,9.8,142.0,142.0
2008-06-23,9.8,9.8,142.0,142.0
2008-06-24,9.8,9.8,142.0,142.0
2008-06-25,9.8,9.8,142.0,142.0
2008-06-26,9.8,9.8,142.0,142.0
2008-06-27,9.8,9.8,142.0,142.0
2008-06-28,9.8,9.8,142.0,142.0
2008-06-29,9.8,9.8,142.0,142.0
2008-06-30,9.8,9.8,142.0,142.0
2008-07-01,9.8,9.8,142.0,142.0
2008-07-02,9.8,9.8,142.0,142.0
2008-07-03,9.8,9.8,142.0,142.0
2008-07-04,9.8,9.8,142.0,142.0
2008-07-05,9.8,9.8,142.0,142.0
2008-07-06,9.8,9.8,142.0,142.0
2008-07-07,9.8,9.8,142.0,142.0
2008-07-08,9.8,9.8,142.0,142.0
2008-07-09,9.8,9.8,142.0,142.0
2008-07-10,9.8,9.8,142.0,142.0
2008-07-11,9.8,9.8,142.0,142.0
2008-07-12,9.8,9.8,142.0,142.0
2008-07-13,9.8,9.8,142.0,142.0
2008-07-14,9.8,9.8,142.0,142.0
2008-07-15,9.8,9.8,142.0,142.0
2008-07-16,9.8,9.8,142.0,142.0
2008-07-17,9.8,9.8,142.0,142.0
2008-07-18,9.8,9.8,142.0,142.0
2008-07-19,9.8,9.8,142.0,142.0
2008-07-20,9.8,9.8,142.0,142.0
2008-07-21,9.8,9.8,142.0,142.0
2008-07-22,9.8,9.8,142.0,142.0
2008-07-23,9.8,9.8,142.0,142.0
2008-07-24,9.8,9.8,142.0,142.0
2008-07-25,9.8,9.8,142.0,142.0
2008-07-26,9.8,9.8,142.0,142.0
2008-07-27,9.8,9.8,142.0,142.0
2008-07-28,9.8,9.8,142.0,142.0
2008-07-29,9.8,9.8,142.0,142.0
2008-07-30,9.8,9.8,142.0,142.0
2008-07-31,9.8,9.8,142.0,142.0
2008-08-01,9.8,9.8,142.0,142.0
2008-08-02,9.8,9.8,142.0,142.0
2008-08-03,9.8,9.8,142.0,142.0
2008-08-04,9.8,9.8,142.0,142.0
2008-08-05,9.8,9.8,142.0,142.0
2008-08-06,9.8,9.8,142.0,142.0
2008-08-07,9.8,9.8,142.0,142.0
2008-08-08,9.8,9.8,142.0,142.0
2008-08-09,9.8,9.8,142.0,142.0
2008-08-10,9.8,9.8,142.0,142.0
2008-08-11,9.8,9.8,142.0,142.0
2008-08-12,9.8,9.8,142.0,142.0
2008-08-13,9.8,9.8,142.0,142.0
2008-08-14,9.8,9.8,142.0,142.0
2008-08-15,9.8,9.8,142.0,142.0
2008-08-16,9.8,9.8,142.0,142.0
2008-08-17,9.8,9.8,142.0,142.0
2008-08-18,9.8,9.8,142.0,142.0
2008-08-19,9.8,9.8,142.0,142.0
2008-08-20,9.8,9.8,142.0,142.0
2008-08-21,9.8,9.8,142.0,142.0
2008-08-22,9.8,9.8,142.0,142.0
2008-08-23,9.8,9.8,142.0,142.0
2008-08-24,9.8,9.8,142.0,142.0
2008-08-25,9.8,9.8,142.0,142.0
2008-08-26,9.8,9.8,142.0,142.0
2008-08-27,9.8,9.8,142.0,142.0
2008-08-28,9.8,9.8,142.0,142.0
2008-08-29,9.8,9.8,142.0,142.0
2008-08-30,9.8,9.8,142.0,142.0
2008-08-31,9.8,9.8,142.0,142.0
2008-09-01,9.8,9.8,142.0,142.0
2008-09-02,9.8,9.8,142.0,142.0
2008-09-03,9.8,9.8,142.0,142.0
2008-09-04,9.8,9.8,142.0,142.0
2008-09-05,9.8,9.8,142.0,142.0
2008-09-06,9.8,9.8,142.0,142.0
2008-09-07,9.8,9.8,142.0,142.0
2008-09-08,9.8,9.8,142.0,142.0
2008-09-09,9.8,9.8,142.0,142.0
2008-09-10,9.8,9.8,142.0,142.0
2008-09-11,9.8,9.8,142.0,142.0
2008-09-12,9.8,9.8,142.0,142.0
2008-09-13,9.8,9.8,142.0,142.0
2008-09-14,9.8,9.8,142.0,142.0
2008-09-15,9.8,9.8,142.0,142.0
2008-09-16,9.8,9.8,142.0,142.0
2008-09-17,9.8,9.8,142.0,142.0
2008-09-18,9.8,9.8,142.0,142.0
2008-09-19,9.8,9.8,142.0,142.0
2008-09-20,9.8,9.8,142.0,142.0
2008-09-21,9.8,9.8,142.0,142.0
2008-09-22,9.8,9.8,142.0,142.0
2008-09-23,9.8,9.8,142.0,142.0
2008-09-24,9.8,9.8,142.0,142.0
2008-09-25,9.8,9.8,142.0,142.0
2008-09-26,9.8,9.8,142.0,142.0
2008-09-27,9.8,9.8,142.0,142.0
2008-09-28,9.8,9.8,142.0,142.0
2008-09-29,9.8,9.8,142.0,142.0
2008-09-30,9.8,9.8,142.0,142.0
2008-10-01,9.8,9.8,142.0,142.0
2008-10-02,9.8,9.8,142.0,142.0
2008-10-03,9.8,9.8,142.0,142.0
2008-10-04,9.8,9.8,142.0,142.0
2008-10-05,9.8,9.8,142.0,142.0
2008-10-06,9.8,9.8,142.0,142.0
2008-10-07,9.8,9.8,142.0,142.0
2008-10-08,9.8,9.8,142.0,142.0
2008-10-09,9.8,9.8,142.0,142.0
2008-10-10,9.8,9.8,142.0,142.0
2008-10-11,9.8,9.8,142.0,142.0
2008-10-12,9.8,9.8,142.0,142.0
2008-10-13,9.8,9.8,142.0,142.0
2008-10-14,9.8,9.8,142.0,142.0
2008-10-15,9.8,9.8,142.0,142.0
2008-10-16,9.8,9.8,142.0,142.0
2008-10-17,9.8,9.8,142.0,142.0
2008-10-18,9.8,9.8,142.0,142.0
2008-10-19,9.8,9.8,142.0,142.0
2008-10-20,9.8,9.8,142.0,142.0
2008-10-21,9.8,9.8,142.0,142.0
2008-10-22,9.8,9.8,142.0,142.0
2008-10-23,9.8,9.8,142.0,142.0
2008-10-24,9.8,9.8,142.0,142.0
2008-10-25,9.8,9.8,142.0,142.0
2008-10-26,9.8,9.8,142.0,142.0
2008-10-27,9.8,9.8,142.0,142.0
2008-10-28,9.8,9.8,142.0,142.0
2008-10-29,9.8,9.8,142.0,142.0
2008-10-30,9.8,9.8,142.0,142.0
2008-10-31,9.8,9.8,142.0,142.0
2008-11-01,9.8,9.8,142.0,142.0
2008-11-02,9.8,9.8,142.0,142.0
2008-11-03,9.8,9.8,142.0,142.0
2008-11-04,9.8,9.8,142.0,142.0
2008-11-05,9.8,9.8,142.0,142.0
2008-11-06,9.8,9.8,142.0,142.0
2008-11-07,9.8,9.8,142.0,142.0
2008-11-08,9.8,9.8,142.0,142.0
2008-11-09,9.8,9.8,142.0,142.0
2008-11-10,9.8,9.8,142.0,142.0
2008-11-11,9.8,9.8,142.0,142.0
2008-11-12,9.8,9.8,142.0,142.0
2008-11-13,9.8,9.8,142.0,142.0
2008-11-14,9.8,9.8,142.0,142.0
2008-11-15,9.8,9.8,142.0,142.0
2008-11-16,9.8,9.8,142.0,142.0
2008-11-17,9.8,9.8,142.0,142.0
2008-11-18,9.8,9.8,142.0,142.0
2008-11-19,9.8,9.8,142.0,142.0
2008-11-20,9.8,9.8,142.0,142.0
2008-11-21,9.8,9.8,142.0,142.0
2008-11-22,9.8,9.8,142.0,142.0
2008-11-23,9.8,9.8,142.0,142.0
2008-11-24,9.8,9.8,142.0,142.0
2008-11-25,9.8,9.8,142.0,142.0
2008-11-26,9.8,9.8,142.0,142.0
2008-11-27,9.8,9.8,142.0,142.0
2008-11-28,9.8,9.8,142.0,142.0
2008-11-29,9.8,9.8,142.0,142.0
2008-11-30,9.8,9.8,142.0,142.0
2008-12-01,9.8,9.8,142.0,142.0
2008-12-02,9.8,9.8,142.0,142.0
2008-12-03,9.8,9.8,142.0,142.0
2008-12-04,9.8,9.8,142.0,142.0
2008-12-05,9.8,9.8,142.0,142.0
2008-12-06,9.8,9.8,142.0,142.0
2008-12-07,9.8,9.8,142.0,142.0
2008-12-08,9.8,9.8,142.0,142.0
2008-12-09,9.8,9.8,142.0,142.0
2008-12-10,9.8,9.8,142.0,142.0
2008-12-11,9.8,9.8,142.0,142.0
2008-12-12,9.8,9.8,142.0,142.0
2008-12-13,9.8,9.8,142.0,142.0
2008-12-14,9.8,9.8,142.0,142.0
2008-12-15,9.8,9.8,142.0,142.0
2008-12-16,9.8,9.8,142.0,142.0
2008-12-17,9.8,9.8,142.0,142.0
2008-12-18,9.8,9.8,142.0,142.0
2008-12-19,9.8,9.8,142.0,142.0
2008-12-20,9.8,9.8,142.0,142.0
2008-12-21,9.8,9.8,142.0,142.0
2008-12-22,9.8,9.8,142.0,142.0
2008-12-23,9.8,9.8,142.0,142.0
2008-12-24,9.8,9.8,142.0,142.0
2008-12-25,9.8,9.8,142.0,142.0
2008-12-26,9.8,9.8,142.0,142.0
2008-12-27,9.8,9.8,142.0,142.0
2008-12-28,9.8,9.8,142.0,142.0
2008-12-29,9.8,9.8,142.0,142.0
2008-12-30,9.8,9.8,142.0,142.0
2008-12-31,9.8,9.8,142.0,142.0
2009-01-01,9.8,9.8,142.0,142.0
2009-01-02,9.8,9.8,142.0,142.0
2009-01-03,9.8,9.8,142.0,142.0
2009-01-04,9.8,9.8,142.0,142.0
2009-01-05,9.8,9.8,142.0,142.0
2009-01-06,9.8,9.8,142.0,142.0
2009-01-07,9.8,9.8,142.0,142.0
2009-01-08,9.8,9.8,142.0,142.0
2009-01-09,9.8,9.8,142.0,142.0
2009-01-10,9.8,9.8,142.0,142.0
2009-01-11,9.8,9.8,142.0,142.0
2009-01-12,9.8,9.8,142.0,142.0
2009-01-13,9.8,9.8,142.0,142.0
2009-01-14,9.8,9.8,142.0,142.0
2009-01-15,9.8,9.8,142.0,142.0
2009-01-16,9.8,9.8,142.0,142.0
2009-01-17,9.8,9.8,142.0,142.0
2009-01-18,9.8,9.8,142.0,142.0
2009-01-19,9.8,9.8,142.0,142.0
2009-01-20,9.8,9.8,142.0,142.0
2009-01-21,9.8,9.8,142.0,142.0
2009-01-22,9.8,9.8,142.0,142.0
2009-01-23,10.882771293508052,10.882771293508052,142.0,142.0
2009-01-24,11.5,11.5,144.49685575089904,144.49685575089904
2009-01-25,9.8,9.8,142.0,142.0
2009-01-26,9.8,9.8,142.0,142.0
2009-01-27,9.8,9.8,142.0,142.0
2009-01-28,9.8,9.8,142.0,142.0
2009-01-29,9.8,9.8,142.0,142.0
2009-01-30,9.8,9.8,142.0,142.0
2009-01-31,9.8,9.8,142.0,142.0
2009-02-01,9.8,9.8,142.0,142.0
2009-02-02,9.8,9.8,142.0,142.0
2009-02-03,9.8,9.8,142.0,142.0
2009-02-04,9.8,9.8,142.0,142.0
2009-02-05,9.8,9.8,142.0,142.0
2009-02-06,9.8,9.8,142.0,142.0
2009-02-07,9.8,9.8,142.0,142.0
2009-02-08,9.8,9.8,142.0,142.0
2009-02-09,9.8,9.8,142.0,142.0
2009-02-10,9.8,9.8,142.0,142.0
2009-02-11,9.8,9.8,142.0,142.0
2009-02-12,9.8,9.8,142.0,142.0
2009-02-13,9.8,9.8,142.0,142.0
2009-02-14,9.8,9.8,142.0,142.0
2009-02-15,9.8,9.8,142.0,142.0
2009-02-16,9.8,9.8,142.0,142.0
2009-02-17,9.8,9.8,142.0,142.0
2009-02-18,9.8,9.8,142.0,142.0
2009-02-19,9.8,9.8,142.0,142.0
2009-02-20,9.8,9.8,142.0,142.0
2009-02-21,9.8,9.8,142.0,142.0
2009-02-22,9.8,9.8,142.0,142.0
2009-02-23,9.8,9.8,142.0,142.0
2009-02-24,9.8,9.8,142.0,142.0
2009-02-25,9.8,9.8,142.0,142.0
2009-02-26,9.8,9.8,142.0,142.0
2009-02-27,9.8,9.8,142.0,142.0
2009-02-28,9.8,9.8,142.0,142.0
2009-03-01,9.8,9.8,142.0,142.0
2009-03-02,9.8,9.8,142.0,142.0
2009-03-03,9.8,9.8,142.0,142.0
2009-03-04,9.8,9.8,142.0,142.0
2009-03-05,9.8,9.8,142.0,142.0
2009-03-06,9.8,9.8,142.0,142.0
2009-03-07,9.8,9.8,142.0,142.0
2009-03-08,9.8,9.8,142.0,142.0
2009-03-09,9.8,9.8,142.0,142.0
2009-03-10,9.8,9.8,142.0,142.0
2009-03-11,9.8,9.8,142.0,142.0
2009-03-12,9.8,9.8,142.0,142.0
2009-03-13,9.8,9.8,142.0,142.0
2009-03-14,9.8,9.8,142.0,142.0
2009-03-15,9.8,9.8,142.0,142.0
2009-03-16,9.8,9.8,142.0,142.0
2009-03-17,9.8,9.8,142.0,142.0
2009-03-18,9.8,9.8,142.0,142.0
2009-03-19,9.8,9.8,142.0,142.0
2009-03-20,9.8,9.8,142.0,142.0
2009-03-21,9.8,9.8,142.0,142.0
2009-03-22,9.8,9.8,142.0,142.0
2009-03-23,9.8,9.8,142.0,142.0
2009-03-24,9.8,9.8,142.0,142.0
2009-03-25,9.8,9.8,142.0,142.0
2009-03-26,9.8,9.8,142.0,142.0
2009-03-27,9.8,9.8,142.0,142.0
2009-03-28,9.8,9.8,142.0,142.0
2009-03-29,9.8,9.8,142.0,142.0
2009-03-30,9.8,9.8,142.0,142.0
2009-03-31,9.8,9.8,142.0,142.0
2009-04-01,9.8,9.8,142.0,142.0
2009-04-02,9.8,9.8,142.0,142.0
2009-04-03,9.8,9.8,142.0,142.0
2009-04-04,9.8,9.8,142.0,142.0
2009-04-05,9.8,9.8,142.0,142.0
2009-04-06,9.8,9.8,142.0,142.0
2009-04-07,9.8,9.8,142.0,142.0
2009-04-08,9.8,9.8,142.0,142.0
2009-04-09,9.8,9.8,142.0,142.0
2009-04-10,9.8,9.8,142.0,142.0
2009-04-11,9.8,9.8,142.0,142.0
2009-04-12,9.8,9.8,142.0,142.0
2009-04-13,9.8,9.8,142.0,142.0
2009-04-14,9.8,9.8,142.0,142.0
2009-04-15,9.8,9.8,142.0,142.0
2009-04-16,9.8,9.8,142.0,142.0
2009-04-17,9.8,9.8,142.0,142.0
2009-04-18,9.8,9.8,142.0,142.0
2009-04-19,9.8,9.8,142.0,142.0
2009-04-20,9.8,9.8,142.0,142.0
2009-04-21,9.8,9.8,142.0,142.0
2009-04-22,10.479407673075332,10.479407673075332,142.0,142.0
2009-04-23,11.048137317507464,11.048137317507464,142.0,142.0
2009-04-24,9.8,9.8,142.0,142.0
2009-04-25,9.8,9.8,142.0,142.0
2009-04-26,9.8,9.8,142.0,142.0
2009-04-27,9.8,9.8,142.0,142.0
2009-04-28,9.8,9.8,142.0,142.0
2009-04-29,9.8,9.8,142.0,142.0
2009-04-30,9.8,9.8,142.0,142.0
2009-05-01,11.5,11.5,158.12701647050528,158.12701647050528
2009-05-02,11.5,11.5,176.06573044757715,176.06573044757715
2009-05-03,11.5,11.5,176.71506923368403,176.71506923368403
2009-05-04,11.5,11.5,176.3602462008574,176.3602462008574
2009-05-05,11.5,11.5,177.1665490071667,177.1665490071667
2009-05-06,11.5,11.5,178.81297364381382,178.81297364381382
2009-05-07,11.5,11.5,182.2167939421283,182.2167939421283
2009-05-08,11.5,11.5,186.48041270114604,186.48041270114604
2009-05-09,11.5,11.5,191.11977686101247,191.11977686101247
2009-05-10,11.5,11.5,197.2066583262444,197.2066583262444
2009-05-11,11.5,11.5,203.8110697848595,203.8110697848595
2009-05-12,11.5,11.5,208.65322496123306,208.65322496123306
2009-05-13,11.5,11.5,213.23761746645508,213.23761746645508
2009-05-14,11.5,11.5,217.48652521968148,217.48652521968148
2009-05-15,11.5,11.5,222.63346369961624,222.63346369961624
2009-05-16,11.5,11.5,231.03543816835065,231.03543816835065
2009-05-17,11.5,11.5,240.59324071794248,240.59324071794248
2009-05-18,11.5,11.5,249.45010996795847,249.45010996795847
2009-05-19,11.5,11.5,257.1252318971367,257.1252318971367
2009-05-20,11.5,11.5,261.724388429986,261.724388429986
2009-05-21,11.5,11.5,264.71341934330576,264.71341934330576
2009-05-22,11.5,11.5,265.55038261830435,265.55038261830435
2009-05-23,11.5,11.5,265.43631971095044,265.43631971095044
2009-05-24,11.5,11.5,264.94939657131596,264.94939657131596
2009-05-25,11.5,11.5,263.12204047265203,263.12204047265203
2009-05-26,11.5,11.5,261.27228393494903,261.27228393494903
2009-05-27,11.5,11.5,260.11554982936326,260.11554982936326
2009-05-28,11.5,11.5,258.02966277533994,258.02966277533994
2009-05-29,11.5,11.5,255.1309656024731,255.1309656024731
2009-05-30,11.5,11.5,252.00656685467777,252.00656685467777
2009-05-31,11.5,11.5,248.05296946248347,248.05296946248347
2009-06-01,11.5,11.5,241.92818050517346,241.92818050517346
2009-06-02,11.5,11.5,235.45607739999303,235.45607739999303
2009-06-03,11.5,11.5,228.60380206783836,228.60380206783836
2009-06-04,11.5,11.5,222.0477782370779,222.0477782370779
2009-06-05,11.5,11.5,215.30953951505674,215.30953951505674
2009-06-06,11.5,11.5,207.9620686497207,207.9620686497207
2009-06-07,11.5,11.5,200.4330689927469,200.4330689927469
2009-06-08,11.5,11.5,192.76939984577578,192.76939984577578
2009-06-09,11.5,11.5,184.98248743168307,184.98248743168307
2009-06-10,11.5,11.5,177.08030298673057,177.08030298673057
2009-06-11,11.5,11.5,169.02390898641227,169.02390898641227
2009-06-12,11.5,11.5,160.88484315677616,160.88484315677616
2009-06-13,11.5,11.5,152.54357333377638,152.54357333377638
2009-06-14,11.5,11.5,144.07063706314412,144.07063706314412
2009-06-15,9.8,9.8,142.0,142.0
2009-06-16,9.8,9.8,142.0,142.0
2009-06-17,9.8,9.8,142.0,142.0
2009-06-18,9.8,9.8,142.0,142.0
2009-06-19,9.8,9.8,142.0,142.0
2009-06-20,9.8,9.8,142.0,142.0
2009-06-21,9.8,9.8,142.0,142.0
2009-06-22,9.8,9.8,142.0,142.0
2009-06-23,9.8,9.8,142.0,142.0
2009-06-24,9.8,9.8,142.0,142.0
2009-06-25,9.8,9.8,142.0,142.0
2009-06-26,9.8,9.8,142.0,142.0
2009-06-27,9.8,9.8,142.0,142.0
2009-06-28,9.8,9.8,142.0,142.0
2009-06-29,9.8,9.8,142.0,142.0
2009-06-30,9.8,9.8,142.0,142.0
2009-07-01,9.8,9.8,142.0,142.0
2009-07-02,9.8,9.8,142.0,142.0
2009-07-03,9.8,9.8,142.0,142.0
2009-07-04,9.8,9.8,142.0,142.0
2009-07-05,9.8,9.8,142.0,142.0
2009-07-06,9.8,9.8,142.0,142.0
2009-07-07,9.8,9.8,142.0,142.0
2009-07-08,9.8,9.8,142.0,142.0
2009-07-09,9.8,9.8,142.0,142.0
2009-07-10,9.8,9.8,142.0,142.0
2009-07-11,9.8,9.8,142.0,142.0
2009-07-12,9.8,9.8,142.0,142.0
2009-07-13,9.8,9.8,142.0,142.0
2009-07-14,9.8,9.8,142.0,142.0
2009-07-15,9.8,9.8,142.0,142.0
2009-07-16,9.8,9.8,142.0,142.0
2009-07-17,9.8,9.8,142.0,142.0
2009-07-18,9.8,9.8,142.0,142.0
2009-07-19,9.8,9.8,142.0,142.0
2009-07-20,9.8,9.8,142.0,142.0
2009-07-21,9.8,9.8,142.0,142.0
2009-07-22,9.8,9.8,142.0,142.0
2009-07-23,9.8,9.8,142.0,142.0
2009-07-24,9.8,9.8,142.0,142.0
2009-07-25,9.8,9.8,142.0,142.0
2009-07-26,9.8,9.8,142.0,142.0
2009-07-27,9.8,9.8,142.0,142.0
2009-07-28,9.8,9.8,142.0,142.0
2009-07-29,9.8,9.8,142.0,142.0
2009-07-30,9.8,9.8,142.0,142.0
2009-07-31,9.8,9.8,142.0,142.0
2009-08-01,9.8,9.8,142.0,142.0
2009-08-02,9.8,9.8,142.0,142.0
2009-08-03,9.8,9.8,142.0,142.0
2009-08-04,9.8,9.8,142.0,142.0
2009-08-05,9.8,9.8,142.0,142.0
2009-08-06,9.8,9.8,142.0,142.0
2009-08-07,9.8,9.8,142.0,142.0
2009-08-08,9.8,9.8,142.0,142.0
2009-08-09,9.8,9.8,142.0,142.0
2009-08-10,9.8,9.8,142.0,142.0
2009-08-11,9.8,9.8,142.0,142.0
2009-08-12,9.8,9.8,142.0,142.0
2009-08-13,9.8,9.8,142.0,142.0
2009-08-14,9.8,9.8,142.0,142.0
2009-08-15,9.8,9.8,142.0,142.0
2009-08-16,9.8,9.8,142.0,142.0
2009-08-17,9.8,9.8,142.0,142.0
2009-08-18,9.8,9.8,142.0,142.0
2009-08-19,9.8,9.8,142.0,142.0
2009-08-20,9.8,9.8,142.0,142.0
2009-08-21,9.8,9.8,142.0,142.0
2009-08-22,9.8,9.8,142.0,142.0
2009-08-23,9.8,9.8,142.0,142.0
2009-08-24,9.8,9.8,142.0,142.0
2009-08-25,9.8,9.8,142.0,142.0
2009-08-26,9.8,9.8,142.0,142.0
2009-08-27,9.8,9.8,142.0,142.0
2009-08-28,9.8,9.8,142.0,142.0
2009-08-29,9.8,9.8,142.0,142.0
2009-08-30,9.8,9.8,142.0,142.0
2009-08-31,9.8,9.8,142.0,142.0
2009-09-01,9.8,9.8,142.0,142.0
2009-09-02,9.8,9.8,142.0,142.0
2009-09-03,9.8,9.8,142.0,142.0
2009-09-04,9.8,9.8,142.0,142.0
2009-09-05,9.8,9.8,142.0,142.0
2009-09-06,9.8,9.8,142.0,142.0
2009-09-07,9.8,9.8,142.0,142.0
2009-09-08,9.8,9.8,142.0,142.0
2009-09-09,9.8,9.8,142.0,142.0
2009-09-10,9.8,9.8,142.0,142.0
2009-09-11,9.8,9.8,142.0,142.0
2009-09-12,9.8,9.8,142.0,142.0
2009-09-13,9.8,9.8,142.0,142.0
2009-09-14,9.8,9.8,142.0,142.0
2009-09-15,9.8,9.8,142.0,142.0
2009-09-16,9.8,9.8,142.0,142.0
2009-09-17,9.8,9.8,142.0,142.0
2009-09-18,9.8,9.8,142.0,142.0
2009-09-19,9.8,9.8,142.0,142.0
2009-09-20,9.8,9.8,142.0,142.0
2009-09-21,9.8,9.8,142.0,142.0
2009-09-22,9.8,9.8,142.0,142.0
2009-09-23,9.8,9.8,142.0,142.0
2009-09-24,9.8,9.8,142.0,142.0
2009-09-25,9.8,9.8,142.0,142.0
2009-09-26,9.8,9.8,142.0,142.0
2009-09-27,9.8,9.8,142.0,142.0
2009-09-28,9.8,9.8,142.0,142.0
2009-09-29,9.8,9.8,142.0,142.0
2009-09-30,9.8,9.8,142.0,142.0
2009-10-01,9.8,9.8,142.0,142.0
2009-10-02,9.8,9.8,142.0,142.0
2009-10-03,9.8,9.8,142.0,142.0
2009-10-04,9.8,9.8,142.0,142.0
2009-10-05,9.8,9.8,142.0,142.0
2009-10-06,9.8,9.8,142.0,142.0
2009-10-07,9.8,9.8,142.0,142.0
2009-10-08,9.8,9.8,142.0,142.0
2009-10-09,9.8,9.8,142.0,142.0
2009-10-10,9.8,9.8,142.0,142.0
2009-10-11,9.8,9.8,142.0,142.0
2009-10-12,9.8,9.8,142.0,142.0
2009-10-13,9.8,9.8,142.0,142.0
2009-10-14,9.8,9.8,142.0,142.0
2009-10-15,9.8,9.8,142.0,142.0
2009-10-16,9.8,9.8,142.0,142.0
2009-10-17,9.8,9.8,142.0,142.0
2009-10-18,9.8,9.8,142.0,142.0
2009-10-19,9.8,9.8,142.0,142.0
2009-10-20,9.8,9.8,142.0,142.0
2009-10-21,9.8,9.8,142.0,142.0
2009-10-22,9.8,9.8,142.0,142.0
2009-10-23,9.8,9.8,142.0,142.0
2009-10-24,9.8,9.8,142.0,142.0
2009-10-25,9.8,9.8,142.0,142.0
2009-10-26,9.8,9.8,142.0,142.0
2009-10-27,9.8,9.8,142.0,142.0
2009-10-28,9.8,9.8,142.0,142.0
2009-10-29,9.8,9.8,142.0,142.0
2009-10-30,9.8,9.8,142.0,142.0
2009-10-31,9.8,9.8,142.0,142.0
2009-11-01,9.8,9.8,142.0,142.0
2009-11-02,9.8,9.8,142.0,142.0
2009-11-03,9.8,9.8,142.0,142.0
2009-11-04,9.8,9.8,142.0,142.0
2009-11-05,9.8,9.8,142.0,142.0
2009-11-06,9.8,9.8,142.0,142.0
2009-11-07,9.8,9.8,142.0,142.0
2009-11-08,9.8,9.8,142.0,142.0
2009-11-09,9.8,9.8,142.0,142.0
2009-11-10,9.8,9.8,142.0,142.0
2009-11-11,9.8,9.8,142.0,142.0
2009-11-12,9.8,9.8,142.0,142.0
2009-11-13,9.8,9.8,142.0,142.0
2009-11-14,9.8,9.8,142.0,142.0
2009-11-15,9.8,9.8,142.0,142.0
2009-11-16,9.8,9.8,142.0,142.0
2009-11-17,9.8,9.8,142.0,142.0
2009-11-18,9.8,9.8,142.0,142.0
2009-11-19,9.8,9.8,142.0,142.0
2009-11-20,9.8,9.8,142.0,142.0
2009-11-21,9.8,9.8,142.0,142.0
2009-11-22,9.8,9.8,142.0,142.0
2009-11-23,9.8,9.8,142.0,142.0
2009-11-24,9.8,9.8,142.0,142.0
2009-11-25,9.8,9.8,142.0,142.0
2009-11-26,9.8,9.8,142.0,142.0
2009-11-27,9.8,9.8,142.0,142.0
2009-11-28,9.8,9.8,142.0,142.0
2009-11-29,9.8,9.8,142.0,142.0
2009-11-30,9.8,9.8,142.0,142.0
2009-12-01,9.8,9.8,142.0,142.0
2009-12-02,9.8,9.8,142.0,142.0
2009-12-03,9.8,9.8,142.0,142.0
2009-12-04,9.8,9.8,142.0,142.0
2009-12-05,9.8,9.8,142.0,142.0
2009-12-06,9.8,9.8,142.0,142.0
2009-12-07,9.8,9.8,142.0,142.0
2009-12-08,9.8,9.8,142.0,142.0
2009-12-09,9.8,9.8,142.0,142.0
2009-12-10,9.8,9.8,142.0,142.0
2009-12-11,9.8,9.8,142.0,142.0
2009-12-12,11.034859404523926,11.034859404523926,142.0,142.0
2009-12-13,9.8,9.8,142.0,142.0
2009-12-14,9.8,9.8,142.0,142.0
2009-12-15,9.8,9.8,142.0,142.0
2009-12-16,9.8,9.8,142.0,142.0
2009-12-17,9.8,9.8,142.0,142.0
2009-12-18,9.8,9.8,142.0,142.0
2009-12-19,9.8,9.8,142.0,142.0
2009-12-20,9.8,9.8,142.0,142.0
2009-12-21,9.8,9.8,142.0,142.0
2009-12-22,9.8,9.8,142.0,142.0
2009-12-23,9.8,9.8,142.0,142.0
2009-12-24,9.8,9.8,142.0,142.0
2009-12-25,9.8,9.8,142.0,142.0
2009-12-26,9.8,9.8,142.0,142.0
2009-12-27,9.8,9.8,142.0,142.0
2009-12-28,9.8,9.8,142.0,142.0
2009-12-29,9.8,9.8,142.0,142.0
2009-12-30,9.8,9.8,142.0,142.0
2009-12-31,9.8,9.8,142.0,142.0
2010-01-01,9.8,9.8,142.0,142.0
2010-01-02,9.8,9.8,142.0,142.0
2010-01-03,9.8,9.8,142.0,142.0
2010-01-04,9.8,9.8,142.0,142.0
2010-01-05,9.8,9.8,142.0,142.0
2010-01-06,9.8,9.8,142.0,142.0
2010-01-07,9.8,9.8,142.0,142.0
2010-01-08,9.8,9.8,142.0,142.0
2010-01-09,9.8,9.8,142.0,142.0
2010-01-10,9.8,9.8,142.0,142.0
2010-01-11,9.8,9.8,142.0,142.0
2010-01-12,9.8,9.8,142.0,142.0
2010-01-13,9.8,9.8,142.0,142.0
2010-01-14,9.8,9.8,142.0,142.0
2010-01-15,9.8,9.8,142.0,142.0
2010-01-16,9.8,9.8,142.0,142.0
2010-01-17,9.8,9.8,142.0,142.0
2010-01-18,9.8,9.8,142.0,142.0
2010-01-19,9.8,9.8,142.0,142.0
2010-01-20,9.8,9.8,142.0,142.0
2010-01-21,9.8,9.8,142.0,142.0
2010-01-22,9.8,9.8,142.0,142.0
2010-01-23,9.8,9.8,142.0,142.0
2010-01-24,9.8,9.8,142.0,142.0
2010-01-25,9.8,9.8,142.0,142.0
2010-01-26,9.8,9.8,142.0,142.0
2010-01-27,9.8,9.8,142.0,142.0
2010-01-28,9.8,9.8,142.0,142.0
2010-01-29,9.8,9.8,142.0,142.0
2010-01-30,9.8,9.8,142.0,142.0
2010-01-31,9.8,9.8,142.0,142.0
2010-02-01,9.8,9.8,142.0,142.0
2010-02-02,9.8,9.8,142.0,142.0
2010-02-03,9.8,9.8,142.0,142.0
2010-02-04,9.8,9.8,142.0,142.0
2010-02-05,9.8,9.8,142.0,142.0
2010-02-06,9.8,9.8,142.0,142.0
2010-02-07,9.8,9.8,142.0,142.0
2010-02-08,9.8,9.8,142.0,142.0
2010-02-09,9.8,9.8,142.0,142.0
2010-02-10,9.8,9.8,142.0,142.0
2010-02-11,9.8,9.8,142.0,142.0
2010-02-12,9.8,9.8,142.0,142.0
2010-02-13,9.8,9.8,142.0,142.0
2010-02-14,9.8,9.8,142.0,142.0
2010-02-15,9.8,9.8,142.0,142.0
2010-02-16,9.8,9.8,142.0,142.0
2010-02-17,9.8,9.8,142.0,142.0
2010-02-18,9.8,9.8,142.0,142.0
2010-02-19,9.8,9.8,142.0,142.0
2010-02-20,9.8,9.8,142.0,142.0
2010-02-21,9.8,9.8,142.0,142.0
2010-02-22,9.8,9.8,142.0,142.0
2010-02-23,9.8,9.8,142.0,142.0
2010-02-24,9.8,9.8,142.0,142.0
2010-02-25,9.8,9.8,142.0,142.0
2010-02-26,9.8,9.8,142.0,142.0
2010-02-27,9.8,9.8,142.0,142.0
2010-02-28,9.8,9.8,142.0,142.0
2010-03-01,9.8,9.8,142.0,142.0
2010-03-02,9.8,9.8,142.0,142.0
2010-03-03,9.8,9.8,142.0,142.0
2010-03-04,9.8,9.8,142.0,142.0
2010-03-05,9.8,9.8,142.0,142.0
2010-03-06,9.8,9.8,142.0,142.0
2010-03-07,9.8,9.8,142.0,142.0
2010-03-08,9.8,9.8,142.0,142.0
2010-03-09,9.8,9.8,142.0,142.0
2010-03-10,9.8,9.8,142.0,142.0
2010-03-11,9.8,9.8,142.0,142.0
2010-03-12,9.8,9.8,142.0,142.0
2010-03-13,9.8,9.8,142.0,142.0
2010-03-14,9.8,9.8,142.0,142.0
2010-03-15,9.8,9.8,142.0,142.0
2010-03-16,9.8,9.8,142.0,142.0
2010-03-17,9.8,9.8,142.0,142.0
2010-03-18,9.8,9.8,142.0,142.0
2010-03-19,9.8,9.8,142.0,142.0
2010-03-20,9.8,9.8,142.0,142.0
2010-03-21,9.8,9.8,142.0,142.0
2010-03-22,9.8,9.8,142.0,142.0
2010-03-23,9.8,9.8,142.0,142.0
2010-03-24,9.8,9.8,142.0,142.0
2010-03-25,9.8,9.8,142.0,142.0
2010-03-26,9.8,9.8,142.0,142.0
2010-03-27,9.8,9.8,142.0,142.0
2010-03-28,9.8,9.8,142.0,142.0
2010-03-29,9.8,9.8,142.0,142.0
2010-03-30,9.8,9.8,142.0,142.0
2010-03-31,9.8,9.8,142.0,142.0
2010-04-01,9.8,9.8,142.0,142.0
2010-04-02,9.8,9.8,142.0,142.0
2010-04-03,9.8,9.8,142.0,142.0
2010-04-04,9.8,9.8,142.0,142.0
2010-04-05,9.8,9.8,142.0,142.0
2010-04-06,9.8,9.8,142.0,142.0
2010-04-07,9.8,9.8,142.0,142.0
2010-04-08,9.8,9.8,142.0,142.0
2010-04-09,9.8,9.8,142.0,142.0
2010-04-10,9.8,9.8,142.0,142.0
2010-04-11,9.8,9.8,142.0,142.0
2010-04-12,9.8,9.8,142.0,142.0
2010-04-13,9.8,9.8,142.0,142.0
2010-04-14,9.8,9.8,142.0,142.0
2010-04-15,9.8,9.8,142.0,142.0
2010-04-16,9.8,9.8,142.0,142.0
2010-04-17,9.8,9.8,142.0,142.0
2010-04-18,9.8,9.8,142.0,142.0
2010-04-19,9.8,9.8,142.0,142.0
2010-04-20,9.8,9.8,142.0,142.0
2010-04-21,9.8,9.8,142.0,142.0
2010-04-22,9.8,9.8,142.0,142.0
2010-04-23,9.8,9.8,142.0,142.0
2010-04-24,9.8,9.8,142.0,142.0
2010-04-25,9.8,9.8,142.0,142.0
2010-04-26,9.8,9.8,142.0,142.0
2010-04-27,9.8,9.8,142.0,142.0
2010-04-28,9.8,9.8,142.0,142.0
2010-04-29,9.8,9.8,142.0,142.0
2010-04-30,9.8,9.8,142.0,142.0
2010-05-01,9.8,9.8,142.0,142.0
2010-05-02,9.8,9.8,142.0,142.0
2010-05-03,9.8,9.8,142.0,142.0
2010-05-04,9.8,9.8,142.0,142.0
2010-05-05,9.8,9.8,142.0,142.0
2010-05-06,9.8,9.8,142.0,142.0
2010-05-07,9.8,9.8,142.0,142.0
2010-05-08,9.8,9.8,142.0,142.0
2010-05-09,9.8,9.8,142.0,142.0
2010-05-10,9.8,9.8,142.0,142.0
2010-05-11,9.8,9.8,142.0,142.0
2010-05-12,9.8,9.8,142.0,142.0
2010-05-13,9.8,9.8,142.0,142.0
2010-05-14,9.8,9.8,142.0,142.0
2010-05-15,9.8,9.8,142.0,142.0
2010-05-16,9.8,9.8,142.0,142.0
2010-05-17,9.8,9.8,142.0,142.0
2010-05-18,9.8,9.8,142.0,142.0
2010-05-19,9.8,9.8,142.0,142.0
2010-05-20,9.8,9.8,142.0,142.0
2010-05-21,9.8,9.8,142.0,142.0
2010-05-22,9.8,9.8,142.0,142.0
2010-05-23,9.8,9.8,142.0,142.0
2010-05-24,9.8,9.8,142.0,142.0
2010-05-25,9.8,9.8,142.0,142.0
2010-05-26,9.8,9.8,142.0,142.0
2010-05-27,9.8,9.8,142.0,142.0
2010-05-28,9.8,9.8,142.0,142.0
2010-05-29,9.8,9.8,142.0,142.0
2010-05-30,9.8,9.8,142.0,142.0
2010-05-31,9.8,9.8,142.0,142.0
2010-06-01,9.8,9.8,142.0,142.0
2010-06-02,9.8,9.8,142.0,142.0
2010-06-03,9.8,9.8,142.0,142.0
2010-06-04,11.295311969986152,11.295311969986152,142.0,142.0
2010-06-05,11.5,11.5,145.8315586862744,145.8315586862744
2010-06-06,11.5,11.5,152.17830813299,152.17830813299
2010-06-07,11.5,11.5,159.3463709943746,159.3463709943746
2010-06-08,11.5,11.5,166.70433144959543,166.70433144959543
2010-06-09,11.5,11.5,173.09204554486382,173.09204554486382
2010-06-10,11.5,11.5,176.82825144200012,176.82825144200012
2010-06-11,11.5,11.5,178.02771528854927,178.02771528854927
2010-06-12,11.5,11.5,178.09641116514683,178.09641116514683
2010-06-13,11.5,11.5,181.27971194820122,181.27971194820122
2010-06-14,11.5,11.5,185.3605894261678,185.3605894261678
2010-06-15,11.5,11.5,190.25440572703866,190.25440572703866
2010-06-16,11.5,11.5,192.4506722994628,192.4506722994628
2010-06-17,11.5,11.5,192.81489010917363,192.81489010917363
2010-06-18,11.5,11.5,194.83308397903372,194.83308397903372
2010-06-19,11.5,11.5,195.5087966839564,195.5087966839564
2010-06-20,11.5,11.5,194.9022303134981,194.9022303134981
2010-06-21,11.5,11.5,195.0706598174132,195.0706598174132
2010-06-22,11.5,11.5,194.78237658773736,194.78237658773736
2010-06-23,11.5,11.5,195.25244202738006,195.25244202738006
2010-06-24,11.5,11.5,194.48464995913068,194.48464995913068
2010-06-25,11.5,11.5,192.57971018305466,192.57971018305466
2010-06-26,11.5,11.5,190.67676838699964,190.67676838699964
2010-06-27,11.5,11.5,189.3490691583747,189.3490691583747
2010-06-28,11.5,11.5,188.2861028317046,188.2861028317046
2010-06-29,11.5,11.5,186.29500331923003,186.29500331923003
2010-06-30,11.5,11.5,183.43564309906273,183.43564309906273
2010-07-01,11.5,11.5,177.75222636512805,177.75222636512805
2010-07-02,11.5,11.5,171.42847075846365,171.42847075846365
2010-07-03,11.5,11.5,164.9672336816053,164.9672336816053
2010-07-04,11.5,11.5,158.23551384049696,158.23551384049696
2010-07-05,11.5,11.5,151.6548550866317,151.6548550866317
2010-07-06,11.5,11.5,144.44389010507675,144.44389010507675
2010-07-07,9.8,9.8,142.0,142.0
2010-07-08,9.8,9.8,142.0,142.0
2010-07-09,9.8,9.8,142.0,142.0
2010-07-10,9.8,9.8,142.0,142.0
2010-07-11,9.8,9.8,142.0,142.0
2010-07-12,9.8,9.8,142.0,142.0
2010-07-13,9.8,9.8,142.0,142.0
2010-07-14,9.8,9.8,142.0,142.0
2010-07-15,9.8,9.8,142.0,142.0
2010-07-16,9.8,9.8,142.0,142.0
2010-07-17,9.8,9.8,142.0,142.0
2010-07-18,9.8,9.8,142.0,142.0
2010-07-19,9.8,9.8,142.0,142.0
2010-07-20,9.8,9.8,142.0,142.0
2010-07-21,9.8,9.8,142.0,142.0
2010-07-22,9.8,9.8,142.0,142.0
2010-07-23,9.8,9.8,142.0,142.0
2010-07-24,9.8,9.8,142.0,142.0
2010-07-25,9.8,9.8,142.0,142.0
2010-07-26,9.8,9.8,142.0,142.0
2010-07-27,9.8,9.8,142.0,142.0
2010-07-28,9.8,9.8,142.0,142.0
2010-07-29,9.8,9.8,142.0,142.0
2010-07-30,9.8,9.8,142.0,142.0
2010-07-31,9.8,9.8,142.0,142.0
2010-08-01,9.8,9.8,142.0,142.0
2010-08-02,9.8,9.8,142.0,142.0
2010-08-03,9.8,9.8,142.0,142.0
2010-08-04,9.8,9.8,142.0,142.0
2010-08-05,9.8,9.8,142.0,142.0
2010-08-06,9.8,9.8,142.0,142.0
2010-08-07,9.8,9.8,142.0,142.0
2010-08-08,9.8,9.8,142.0,142.0
2010-08-09,9.8,9.8,142.0,142.0
2010-08-10,9.8,9.8,142.0,142.0
2010-08-11,9.8,9.8,142.0,142.0
2010-08-12,9.8,9.8,142.0,142.0
2010-08-13,9.8,9.8,142.0,142.0
2010-08-14,9.8,9.8,142.0,142.0
2010-08-15,9.8,9.8,142.0,142.0
2010-08-16,9.8,9.8,142.0,142.0
2010-08-17,9.8,9.8,142.0,142.0
2010-08-18,9.8,9.8,142.0,142.0
2010-08-19,9.8,9.8,142.0,142.0
2010-08-20,9.8,9.8,142.0,142.0
2010-08-21,9.8,9.8,142.0,142.0
2010-08-22,9.8,9.8,142.0,142.0
2010-08-23,9.8,9.8,142.0,142.0
2010-08-24,9.8,9.8,142.0,142.0
2010-08-25,9.8,9.8,142.0,142.0
2010-08-26,9.8,9.8,142.0,142.0
2010-08-27,9.8,9.8,142.0,142.0
2010-08-28,9.8,9.8,142.0,142.0
2010-08-29,9.8,9.8,142.0,142.0
2010-08-30,9.8,9.8,142.0,142.0
2010-08-31,9.8,9.8,142.0,142.0
2010-09-01,9.8,9.8,142.0,142.0
2010-09-02,9.8,9.8,142.0,142.0
2010-09-03,9.8,9.8,142.0,142.0
2010-09-04,9.8,9.8,142.0,142.0
2010-09-05,9.8,9.8,142.0,142.0
2010-09-06,9.8,9.8,142.0,142.0
2010-09-07,9.8,9.8,142.0,142.0
2010-09-08,9.8,9.8,142.0,142.0
2010-09-09,9.8,9.8,142.0,142.0
2010-09-10,9.8,9.8,142.0,142.0
2010-09-11,9.8,9.8,142.0,142.0
2010-09-12,9.8,9.8,142.0,142.0
2010-09-13,9.8,9.8,142.0,142.0
2010-09-14,9.8,9.8,142.0,142.0
2010-09-15,9.8,9.8,142.0,142.0
2010-09-16,9.8,9.8,142.0,142.0
2010-09-17,9.8,9.8,142.0,142.0
2010-09-18,9.8,9.8,142.0,142.0
2010-09-19,9.8,9.8,142.0,142.0
2010-09-20,9.8,9.8,142.0,142.0
2010-09-21,9.8,9.8,142.0,142.0
2010-09-22,9.8,9.8,142.0,142.0
2010-09-23,9.8,9.8,142.0,142.0
2010-09-24,9.8,9.8,142.0,142.0
2010-09-25,9.8,9.8,142.0,142.0
2010-09-26,9.8,9.8,142.0,142.0
2010-09-27,9.8,9.8,142.0,142.0
2010-09-28,9.8,9.8,142.0,142.0
2010-09-29,9.8,9.8,142.0,142.0
2010-09-30,9.8,9.8,142.0,142.0
2010-10-01,9.8,9.8,142.0,142.0
2010-10-02,9.8,9.8,142.0,142.0
2010-10-03,9.8,9.8,142.0,142.0
2010-10-04,9.8,9.8,142.0,142.0
2010-10-05,9.8,9.8,142.0,142.0
2010-10-06,9.8,9.8,142.0,142.0
2010-10-07,9.8,9.8,142.0,142.0
2010-10-08,9.8,9.8,142.0,142.0
2010-10-09,9.8,9.8,142.0,142.0
2010-10-10,9.8,9.8,142.0,142.0
2010-10-11,9.8,9.8,142.0,142.0
2010-10-12,9.8,9.8,142.0,142.0
2010-10-13,9.8,9.8,142.0,142.0
2010-10-14,9.8,9.8,142.0,142.0
2010-10-15,9.8,9.8,142.0,142.0
2010-10-16,9.8,9.8,142.0,142.0
2010-10-17,9.8,9.8,142.0,142.0
2010-10-18,9.8,9.8,142.0,142.0
2010-10-19,9.8,9.8,142.0,142.0
2010-10-20,9.8,9.8,142.0,142.0
2010-10-21,9.8,9.8,142.0,142.0
2010-10-22,9.8,9.8,142.0,142.0
2010-10-23,9.8,9.8,142.0,142.0
2010-10-24,9.8,9.8,142.0,142.0
2010-10-25,9.8,9.8,142.0,142.0
2010-10-26,9.8,9.8,142.0,142.0
2010-10-27,9.8,9.8,142.0,142.0
2010-10-28,9.8,9.8,142.0,142.0
2010-10-29,9.8,9.8,142.0,142.0
2010-10-30,9.8,9.8,142.0,142.0
2010-10-31,9.8,9.8,142.0,142.0
2010-11-01,9.8,9.8,142.0,142.0
2010-11-02,9.8,9.8,142.0,142.0
2010-11-03,9.8,9.8,142.0,142.0
2010-11-04,9.8,9.8,142.0,142.0
2010-11-05,9.8,9.8,142.0,142.0
2010-11-06,9.8,9.8,142.0,142.0
2010-11-07,9.8,9.8,142.0,142.0
2010-11-08,9.8,9.8,142.0,142.0
2010-11-09,9.8,9.8,142.0,142.0
2010-11-10,9.8,9.8,142.0,142.0
2010-11-11,9.8,9.8,142.0,142.0
2010-11-12,9.8,9.8,142.0,142.0
2010-11-13,9.8,9.8,142.0,142.0
2010-11-14,9.8,9.8,142.0,142.0
2010-11-15,9.8,9.8,142.0,142.0
2010-11-16,9.8,9.8,142.0,142.0
2010-11-17,9.8,9.8,142.0,142.0
2010-11-18,9.8,9.8,142.0,142.0
2010-11-19,9.8,9.8,142.0,142.0
2010-11-20,9.8,9.8,142.0,142.0
2010-11-21,9.8,9.8,142.0,142.0
2010-11-22,9.8,9.8,142.0,142.0
2010-11-23,9.8,9.8,142.0,142.0
2010-11-24,9.8,9.8,142.0,142.0
2010-11-25,9.8,9.8,142.0,142.0
2010-11-26,9.8,9.8,142.0,142.0
2010-11-27,9.8,9.8,142.0,142.0
2010-11-28,9.8,9.8,142.0,142.0
2010-11-29,9.8,9.8,142.0,142.0
2010-11-30,9.8,9.8,142.0,142.0
2010-12-01,9.8,9.8,142.0,142.0
2010-12-02,9.8,9.8,142.0,142.0
2010-12-03,9.8,9.8,142.0,142.0
2010-12-04,9.8,9.8,142.0,142.0
2010-12-05,9.8,9.8,142.0,142.0
2010-12-06,9.8,9.8,142.0,142.0
2010-12-07,9.8,9.8,142.0,142.0
2010-12-08,9.8,9.8,142.0,142.0
2010-12-09,9.8,9.8,142.0,142.0
2010-12-10,9.8,9.8,142.0,142.0
2010-12-11,9.8,9.8,142.0,142.0
2010-12-12,9.8,9.8,142.0,142.0
2010-12-13,9.8,9.8,142.0,142.0
2010-12-14,9.8,9.8,142.0,142.0
2010-12-15,9.8,9.8,142.0,142.0
2010-12-16,9.8,9.8,142.0,142.0
2010-12-17,9.8,9.8,142.0,142.0
2010-12-18,11.5,11.5,168.65883036747204,168.65883036747204
2010-12-19,11.5,11.5,181.37281303100042,181.37281303100042
2010-12-20,11.5,11.5,176.7010757769018,176.7010757769018
2010-12-21,11.5,11.5,169.7414081530475,169.7414081530475
2010-12-22,11.5,11.5,162.99436711768493,162.99436711768493
2010-12-23,11.5,11.5,155.70091367347317,155.70091367347317
2010-12-24,11.5,11.5,148.15250262218257,148.15250262218257
2010-12-25,11.5,11.5,143.43596512771816,143.43596512771816
2010-12-26,9.8,9.8,142.0,142.0
2010-12-27,9.8,9.8,142.0,142.0
2010-12-28,9.8,9.8,142.0,142.0
2010-12-29,9.8,9.8,142.0,142.0
2010-12-30,9.8,9.8,142.0,142.0
2010-12-31,9.8,9.8,142.0,142.0
2011-01-01,9.8,9.8,142.0,142.0
2011-01-02,9.8,9.8,142.0,142.0
2011-01-03,9.8,9.8,142.0,142.0
2011-01-04,9.8,9.8,142.0,142.0
2011-01-05,9.8,9.8,142.0,142.0
2011-01-06,9.8,9.8,142.0,142.0
2011-01-07,9.8,9.8,142.0,142.0
2011-01-08,9.8,9.8,142.0,142.0
2011-01-09,9.8,9.8,142.0,142.0
2011-01-10,9.8,9.8,142.0,142.0
2011-01-11,9.8,9.8,142.0,142.0
2011-01-12,9.8,9.8,142.0,142.0
2011-01-13,9.8,9.8,142.0,142.0
2011-01-14,9.8,9.8,142.0,142.0
2011-01-15,9.8,9.8,142.0,142.0
2011-01-16,9.8,9.8,142.0,142.0
2011-01-17,9.8,9.8,142.0,142.0
2011-01-18,9.8,9.8,142.0,142.0
2011-01-19,9.8,9.8,142.0,142.0
2011-01-20,9.8,9.8,142.0,142.0
2011-01-21,9.8,9.8,142.0,142.0
2011-01-22,9.8,9.8,142.0,142.0
2011-01-23,9.8,9.8,142.0,142.0
2011-01-24,9.8,9.8,142.0,142.0
2011-01-25,9.8,9.8,142.0,142.0
2011-01-26,9.8,9.8,142.0,142.0
2011-01-27,9.8,9.8,142.0,142.0
2011-01-28,9.8,9.8,142.0,142.0
2011-01-29,9.8,9.8,142.0,142.0
2011-01-30,9.8,9.8,142.0,142.0
2011-01-31,9.8,9.8,142.0,142.0
2011-02-01,9.8,9.8,142.0,142.0
2011-02-02,9.8,9.8,142.0,142.0
2011-02-03,9.8,9.8,142.0,142.0
2011-02-04,9.8,9.8,142.0,142.0
2011-02-05,9.8,9.8,142.0,142.0
2011-02-06,9.8,9.8,142.0,142.0
2011-02-07,9.8,9.8,142.0,142.0
2011-02-08,9.8,9.8,142.0,142.0
2011-02-09,9.8,9.8,142.0,142.0
2011-02-10,9.8,9.8,142.0,142.0
2011-02-11,9.8,9.8,142.0,142.0
2011-02-12,9.8,9.8,142.0,142.0
2011-02-13,9.8,9.8,142.0,142.0
2011-02-14,9.8,9.8,142.0,142.0
2011-02-15,9.8,9.8,142.0,142.0
2011-02-16,9.8,9.8,142.0,142.0
2011-02-17,9.8,9.8,142.0,142.0
2011-02-18,9.8,9.8,142.0,142.0
2011-02-19,9.8,9.8,142.0,142.0
2011-02-20,9.8,9.8,142.0,142.0
2011-02-21,9.8,9.8,142.0,142.0
2011-02-22,9.8,9.8,142.0,142.0
2011-02-23,9.8,9.8,142.0,142.0
2011-02-24,9.8,9.8,142.0,142.0
2011-02-25,9.8,9.8,142.0,142.0
2011-02-26,9.8,9.8,142.0,142.0
2011-02-27,9.8,9.8,142.0,142.0
2011-02-28,9.8,9.8,142.0,142.0
2011-03-01,9.8,9.8,142.0,142.0
2011-03-02,9.8,9.8,142.0,142.0
2011-03-03,9.8,9.8,142.0,142.0
2011-03-04,9.8,9.8,142.0,142.0
2011-03-05,9.8,9.8,142.0,142.0
2011-03-06,9.8,9.8,142.0,142.0
2011-03-07,9.8,9.8,142.0,142.0
2011-03-08,9.8,9.8,142.0,142.0
2011-03-09,9.8,9.8,142.0,142.0
2011-03-10,9.8,9.8,142.0,142.0
2011-03-11,9.8,9.8,142.0,142.0
2011-03-12,9.8,9.8,142.0,142.0
2011-03-13,9.8,9.8,142.0,142.0
2011-03-14,9.8,9.8,142.0,142.0
2011-03-15,9.8,9.8,142.0,142.0
2011-03-16,9.8,9.8,142.0,142.0
2011-03-17,9.8,9.8,142.0,142.0
2011-03-18,9.8,9.8,142.0,142.0
2011-03-19,11.5,11.5,142.34742015709813,142.34742015709813
2011-03-20,11.5,11.5,157.13209893467183,157.13209893467183
2011-03-21,11.5,11.5,161.28932562153085,161.28932562153085
2011-03-22,11.5,11.5,162.20549304961412,162.20549304961412
2011-03-23,11.5,11.5,164.90059930541068,164.90059930541068
2011-03-24,11.5,11.5,175.5547190076485,175.5547190076485
2011-03-25,11.5,11.5,183.85606350563486,183.85606350563486
2011-03-26,11.5,11.5,188.86561285809145,188.86561285809145
2011-03-27,11.5,11.5,190.45129053158882,190.45129053158882
2011-03-28,11.5,11.5,190.63518205509587,190.63518205509587
2011-03-29,11.5,11.5,191.37272778117907,191.37272778117907
2011-03-30,11.5,11.5,192.4534377178518,192.4534377178518
2011-03-31,11.5,11.5,193.9330364640112,193.9330364640112
2011-04-01,11.5,11.5,197.67703156356703,197.67703156356703
2011-04-02,11.5,11.5,201.74906477439424,201.74906477439424
2011-04-03,11.5,11.5,204.65675455277352,204.65675455277352
2011-04-04,11.5,11.5,205.50362132516975,205.50362132516975
2011-04-05,11.5,11.5,206.41996901771705,206.41996901771705
2011-04-06,11.5,11.5,206.51554926835314,206.51554926835314
2011-04-07,11.5,11.5,206.0619661886783,206.0619661886783
2011-04-08,11.5,11.5,204.1312393773298,204.1312393773298
2011-04-09,11.5,11.5,201.49013607656363,201.49013607656363
2011-04-10,11.5,11.5,198.51823047566288,198.51823047566288
2011-04-11,11.5,11.5,195.25876013877323,195.25876013877323
2011-04-12,11.5,11.5,191.65374555538924,191.65374555538924
2011-04-13,11.5,11.5,187.51028847666862,187.51028847666862
2011-04-14,11.5,11.5,182.81919769891653,182.81919769891653
2011-04-15,11.5,11.5,178.0498243736026,178.0498243736026
2011-04-16,11.5,11.5,173.72052921864,173.72052921864
2011-04-17,11.5,11.5,169.32107768229503,169.32107768229503
2011-04-18,11.5,11.5,165.00939332734032,165.00939332734032
2011-04-19,11.5,11.5,160.71575165438534,160.71575165438534
2011-04-20,11.5,11.5,155.68036066840912,155.68036066840912
2011-04-21,11.5,11.5,151.93230536535833,151.93230536535833
2011-04-22,11.5,11.5,146.1455705368981,146.1455705368981
2011-04-23,9.8,9.8,142.0,142.0
2011-04-24,9.8,9.8,142.0,142.0
2011-04-25,9.8,9.8,142.0,142.0
2011-04-26,9.8,9.8,142.0,142.0
2011-04-27,9.8,9.8,142.0,142.0
2011-04-28,9.8,9.8,142.0,142.0
2011-04-29,9.8,9.8,142.0,142.0
2011-04-30,9.8,9.8,142.0,142.0
2011-05-01,9.8,9.8,142.0,142.0
2011-05-02,9.8,9.8,142.0,142.0
2011-05-03,9.8,9.8,142.0,142.0
2011-05-04,9.8,9.8,142.0,142.0
2011-05-05,10.584226275615412,10.584226275615412,142.0,142.0
2011-05-06,11.5,11.5,144.40314471946385,144.40314471946385
2011-05-07,11.5,11.5,148.09757747567747,148.09757747567747
2011-05-08,11.5,11.5,147.6791667891189,147.6791667891189
2011-05-09,11.5,11.5,142.64679465395972,142.64679465395972
2011-05-10,9.8,9.8,142.0,142.0
2011-05-11,9.8,9.8,142.0,142.0
2011-05-12,9.8,9.8,142.0,142.0
2011-05-13,9.8,9.8,142.0,142.0
2011-05-14,11.337940666236722,11.337940666236722,142.0,142.0
2011-05-15,9.8,9.8,142.0,142.0
2011-05-16,9.8,9.8,142.0,142.0
2011-05-17,9.8,9.8,142.0,142.0
2011-05-18,9.8,9.8,142.0,142.0
2011-05-19,9.8,9.8,142.0,142.0
2011-05-20,9.8,9.8,142.0,142.0
2011-05-21,9.8,9.8,142.0,142.0
2011-05-22,9.8,9.8,142.0,142.0
2011-05-23,9.8,9.8,142.0,142.0
2011-05-24,9.8,9.8,142.0,142.0
2011-05-25,9.8,9.8,142.0,142.0
2011-05-26,9.8,9.8,142.0,142.0
2011-05-27,9.8,9.8,142.0,142.0
2011-05-28,9.8,9.8,142.0,142.0
2011-05-29,9.8,9.8,142.0,142.0
2011-05-30,9.8,9.8,142.0,142.0
2011-05-31,9.8,9.8,142.0,142.0
2011-06-01,9.8,9.8,142.0,142.0
2011-06-02,9.8,9.8,142.0,142.0
2011-06-03,9.8,9.8,142.0,142.0
2011-06-04,9.8,9.8,142.0,142.0
2011-06-05,9.8,9.8,142.0,142.0
2011-06-06,9.8,9.8,142.0,142.0
2011-06-07,9.8,9.8,142.0,142.0
2011-06-08,9.8,9.8,142.0,142.0
2011-06-09,9.8,9.8,142.0,142.0
2011-06-10,9.8,9.8,142.0,142.0
2011-06-11,9.8,9.8,142.0,142.0
2011-06-12,9.955352584527036,9.955352584527036,142.0,142.0
2011-06-13,11.5,11.5,143.80889532732,143.80889532732
2011-06-14,11.5,11.5,150.2928905700086,150.2928905700086
2011-06-15,11.5,11.5,160.71013951481743,160.71013951481743
2011-06-16,11.5,11.5,172.99968583973575,172.99968583973575
2011-06-17,11.5,11.5,182.69763641068334,182.69763641068334
2011-06-18,11.5,11.5,193.42552557361293,193.42552557361293
2011-06-19,11.5,11.5,206.22073909576486,206.22073909576486
2011-06-20,11.5,11.5,220.08703723441704,220.08703723441704
2011-06-21,11.5,11.5,235.60425745648664,235.60425745648664
2011-06-22,11.5,11.5,254.96360869601136,254.96360869601136
2011-06-23,11.5,11.5,272.00203420029044,272.00203420029044
2011-06-24,11.5,11.5,285.62372045747014,285.62372045747014
2011-06-25,11.5,11.5,298.6455886898738,298.6455886898738
2011-06-26,11.5,11.5,310.01857479169314,310.01857479169314
2011-06-27,11.5,11.5,323.2203058580354,323.2203058580354
2011-06-28,11.5,11.5,339.27383648299406,339.27383648299406
2011-06-29,11.5,11.5,355.3989633413068,355.3989633413068
2011-06-30,11.5,11.5,356.0200039329673,356.0200039329673
2011-07-01,11.5,11.5,354.8568378721145,354.8568378721145
2011-07-02,11.5,11.5,356.26554794282896,356.26554794282896
2011-07-03,11.5,11.5,360.1433113522814,360.1433113522814
2011-07-04,11.5,11.5,364.6564353540383,364.6564353540383
2011-07-05,11.5,11.5,369.7605548059927,369.7605548059927
2011-07-06,11.5,11.5,374.1304148288147,374.1304148288147
2011-07-07,11.5,11.5,378.3300828342942,378.3300828342942
2011-07-08,11.5,11.5,381.9155520843668,381.9155520843668
2011-07-09,11.5,11.5,384.7692408917837,384.7692408917837
2011-07-10,11.5,11.5,386.7617281636321,386.7617281636321
2011-07-11,11.5,11.5,387.6534925659242,387.6534925659242
2011-07-12,11.5,11.5,386.896875978263,386.896875978263
2011-07-13,11.5,11.5,385.4517572555161,385.4517572555161
2011-07-14,11.5,11.5,383.1724485318987,383.1724485318987
2011-07-15,11.5,11.5,379.9702532872914,379.9702532872914
2011-07-16,11.5,11.5,376.4112258446262,376.4112258446262
2011-07-17,11.5,11.5,372.9619083137691,372.9619083137691
2011-07-18,11.5,11.5,369.79938914298697,369.79938914298697
2011-07-19,11.5,11.5,366.97134441199535,366.97134441199535
2011-07-20,11.5,11.5,364.0979175431751,364.0979175431751
2011-07-21,11.5,11.5,361.3438544090664,361.3438544090664
2011-07-22,11.5,11.5,358.61600890461233,358.61600890461233
2011-07-23,11.5,11.5,355.6922054861618,355.6922054861618
2011-07-24,11.5,11.5,352.38288541949174,352.38288541949174
2011-07-25,11.5,11.5,348.7494906823809,348.7494906823809
2011-07-26,11.5,11.5,344.1646578888274,344.1646578888274
2011-07-27,11.5,11.5,339.06106434660035,339.06106434660035
2011-07-28,11.5,11.5,334.0635048750877,334.0635048750877
2011-07-29,11.5,11.5,329.46271709140524,329.46271709140524
2011-07-30,11.5,11.5,324.540997691048,324.540997691048
2011-07-31,11.5,11.5,319.21543668315843,319.21543668315843
2011-08-01,11.5,11.5,312.66497089107105,312.66497089107105
2011-08-02,11.5,11.5,306.00460677178796,306.00460677178796
2011-08-03,11.5,11.5,299.3014464100392,299.3014464100392
2011-08-04,11.5,11.5,292.01826806392074,292.01826806392074
2011-08-05,11.5,11.5,284.49311780710025,284.49311780710025
2011-08-06,11.5,11.5,277.03492520800734,277.03492520800734
2011-08-07,11.5,11.5,269.46298963302866,269.46298963302866
2011-08-08,11.5,11.5,261.4822064053027,261.4822064053027
2011-08-09,11.5,11.5,253.45370092585208,253.45370092585208
2011-08-10,11.5,11.5,245.34815058954945,245.34815058954945
2011-08-11,11.5,11.5,237.11401427060514,237.11401427060514
2011-08-12,11.5,11.5,228.81482385983884,228.81482385983884
2011-08-13,11.5,11.5,220.52363472150046,220.52363472150046
2011-08-14,11.5,11.5,212.13876942095084,212.13876942095084
2011-08-15,11.5,11.5,203.49774289191467,203.49774289191467
2011-08-16,11.5,11.5,194.70588235340617,194.70588235340617
2011-08-17,11.5,11.5,185.86044490942325,185.86044490942325
2011-08-18,11.5,11.5,176.98471379334046,176.98471379334046
2011-08-19,11.5,11.5,168.1510814153822,168.1510814153822
2011-08-20,11.5,11.5,159.187887961732,159.187887961732
2011-08-21,11.5,11.5,150.12726318668444,150.12726318668444
2011-08-22,10.311242343423343,10.311242343423343,142.0,142.0
2011-08-23,9.8,9.8,142.0,142.0
2011-08-24,9.8,9.8,142.0,142.0
2011-08-25,9.8,9.8,142.0,142.0
2011-08-26,9.8,9.8,142.0,142.0
2011-08-27,9.8,9.8,142.0,142.0
2011-08-28,9.8,9.8,142.0,142.0
2011-08-29,9.8,9.8,142.0,142.0
2011-08-30,9.8,9.8,142.0,142.0
2011-08-31,9.8,9.8,142.0,142.0
2011-09-01,9.8,9.8,142.0,142.0
2011-09-02,9.8,9.8,142.0,142.0
2011-09-03,9.8,9.8,142.0,142.0
2011-09-04,9.8,9.8,142.0,142.0
2011-09-05,9.8,9.8,142.0,142.0
2011-09-06,9.8,9.8,142.0,142.0
2011-09-07,9.8,9.8,142.0,142.0
2011-09-08,9.8,9.8,142.0,142.0
2011-09-09,9.8,9.8,142.0,142.0
2011-09-10,9.8,9.8,142.0,142.0
2011-09-11,9.8,9.8,142.0,142.0
2011-09-12,9.8,9.8,142.0,142.0
2011-09-13,9.8,9.8,142.0,142.0
2011-09-14,9.8,9.8,142.0,142.0
2011-09-15,9.8,9.8,142.0,142.0
2011-09-16,9.8,9.8,142.0,142.0
2011-09-17,9.8,9.8,142.0,142.0
2011-09-18,9.8,9.8,142.0,142.0
2011-09-19,9.8,9.8,142.0,142.0
2011-09-20,9.8,9.8,142.0,142.0
2011-09-21,9.8,9.8,142.0,142.0
2011-09-22,9.8,9.8,142.0,142.0
2011-09-23,9.8,9.8,142.0,142.0
2011-09-24,9.8,9.8,142.0,142.0
2011-09-25,9.8,9.8,142.0,142.0
2011-09-26,9.8,9.8,142.0,142.0
2011-09-27,9.8,9.8,142.0,142.0
2011-09-28,9.8,9.8,142.0,142.0
2011-09-29,9.8,9.8,142.0,142.0
2011-09-30,9.8,9.8,142.0,142.0
2011-10-01,9.8,9.8,142.0,142.0
2011-10-02,9.8,9.8,142.0,142.0
2011-10-03,9.8,9.8,142.0,142.0
2011-10-04,9.8,9.8,142.0,142.0
2011-10-05,9.8,9.8,142.0,142.0
2011-10-06,9.8,9.8,142.0,142.0
2011-10-07,9.8,9.8,142.0,142.0
2011-10-08,9.8,9.8,142.0,142.0
2011-10-09,9.8,9.8,142.0,142.0
2011-10-10,9.8,9.8,142.0,142.0
2011-10-11,9.8,9.8,142.0,142.0
2011-10-12,9.8,9.8,142.0,142.0
2011-10-13,9.8,9.8,142.0,142.0
2011-10-14,9.8,9.8,142.0,142.0
2011-10-15,9.8,9.8,142.0,142.0
2011-10-16,9.8,9.8,142.0,142.0
2011-10-17,9.8,9.8,142.0,142.0
2011-10-18,9.8,9.8,142.0,142.0
2011-10-19,9.8,9.8,142.0,142.0
2011-10-20,9.8,9.8,142.0,142.0
2011-10-21,9.8,9.8,142.0,142.0
2011-10-22,9.8,9.8,142.0,142.0
2011-10-23,9.8,9.8,142.0,142.0
2011-10-24,9.8,9.8,142.0,142.0
2011-10-25,9.8,9.8,142.0,142.0
2011-10-26,9.8,9.8,142.0,142.0
2011-10-27,9.8,9.8,142.0,142.0
2011-10-28,9.8,9.8,142.0,142.0
2011-10-29,9.8,9.8,142.0,142.0
2011-10-30,9.8,9.8,142.0,142.0
2011-10-31,9.8,9.8,142.0,142.0
2011-11-01,9.8,9.8,142.0,142.0
2011-11-02,9.8,9.8,142.0,142.0
2011-11-03,9.8,9.8,142.0,142.0
2011-11-04,9.8,9.8,142.0,142.0
2011-11-05,9.8,9.8,142.0,142.0
2011-11-06,9.8,9.8,142.0,142.0
2011-11-07,9.8,9.8,142.0,142.0
2011-11-08,9.8,9.8,142.0,142.0
2011-11-09,9.8,9.8,142.0,142.0
2011-11-10,9.8,9.8,142.0,142.0
2011-11-11,9.8,9.8,142.0,142.0
2011-11-12,9.8,9.8,142.0,142.0
2011-11-13,9.8,9.8,142.0,142.0
2011-11-14,9.8,9.8,142.0,142.0
2011-11-15,9.8,9.8,142.0,142.0
2011-11-16,9.8,9.8,142.0,142.0
2011-11-17,9.8,9.8,142.0,142.0
2011-11-18,9.8,9.8,142.0,142.0
2011-11-19,9.8,9.8,142.0,142.0
2011-11-20,9.8,9.8,142.0,142.0
2011-11-21,9.8,9.8,142.0,142.0
2011-11-22,9.8,9.8,142.0,142.0
2011-11-23,9.8,9.8,142.0,142.0
2011-11-24,9.8,9.8,142.0,142.0
2011-11-25,9.8,9.8,142.0,142.0
2011-11-26,9.8,9.8,142.0,142.0
2011-11-27,9.8,9.8,142.0,142.0
2011-11-28,9.8,9.8,142.0,142.0
2011-11-29,9.8,9.8,142.0,142.0
2011-11-30,9.8,9.8,142.0,142.0
2011-12-01,9.8,9.8,142.0,142.0
2011-12-02,9.8,9.8,142.0,142.0
2011-12-03,9.8,9.8,142.0,142.0
2011-12-04,9.8,9.8,142.0,142.0
2011-12-05,9.8,9.8,142.0,142.0
2011-12-06,9.8,9.8,142.0,142.0
2011-12-07,9.8,9.8,142.0,142.0
2011-12-08,9.8,9.8,142.0,142.0
2011-12-09,9.8,9.8,142.0,142.0
2011-12-10,9.8,9.8,142.0,142.0
2011-12-11,9.8,9.8,142.0,142.0
2011-12-12,9.8,9.8,142.0,142.0
2011-12-13,9.8,9.8,142.0,142.0
2011-12-14,9.8,9.8,142.0,142.0
2011-12-15,9.8,9.8,142.0,142.0
2011-12-16,9.8,9.8,142.0,142.0
2011-12-17,9.8,9.8,142.0,142.0
2011-12-18,9.8,9.8,142.0,142.0
2011-12-19,9.8,9.8,142.0,142.0
2011-12-20,9.8,9.8,142.0,142.0
2011-12-21,9.8,9.8,142.0,142.0
2011-12-22,9.8,9.8,142.0,142.0
2011-12-23,9.8,9.8,142.0,142.0
2011-12-24,9.8,9.8,142.0,142.0
2011-12-25,9.8,9.8,142.0,142.0
2011-12-26,9.8,9.8,142.0,142.0
2011-12-27,9.8,9.8,142.0,142.0
2011-12-28,9.8,9.8,142.0,142.0
2011-12-29,9.8,9.8,142.0,142.0
2011-12-30,9.8,9.8,142.0,142.0
2011-12-31,9.8,9.8,142.0,142.0
2012-01-01,9.8,9.8,142.0,142.0
2012-01-02,9.8,9.8,142.0,142.0
2012-01-03,9.8,9.8,142.0,142.0
2012-01-04,9.8,9.8,142.0,142.0
2012-01-05,9.8,9.8,142.0,142.0
2012-01-06,9.8,9.8,142.0,142.0
2012-01-07,9.8,9.8,142.0,142.0
2012-01-08,9.8,9.8,142.0,142.0
2012-01-09,9.8,9.8,142.0,142.0
2012-01-10,9.8,9.8,142.0,142.0
2012-01-11,9.8,9.8,142.0,142.0
2012-01-12,9.8,9.8,142.0,142.0
2012-01-13,9.8,9.8,142.0,142.0
2012-01-14,9.8,9.8,142.0,142.0
2012-01-15,9.8,9.8,142.0,142.0
2012-01-16,9.8,9.8,142.0,142.0
2012-01-17,9.8,9.8,142.0,142.0
2012-01-18,9.8,9.8,142.0,142.0
2012-01-19,9.8,9.8,142.0,142.0
2012-01-20,9.8,9.8,142.0,142.0
2012-01-21,9.8,9.8,142.0,142.0
2012-01-22,9.8,9.8,142.0,142.0
2012-01-23,9.8,9.8,142.0,142.0
2012-01-24,9.8,9.8,142.0,142.0
2012-01-25,9.8,9.8,142.0,142.0
2012-01-26,9.8,9.8,142.0,142.0
2012-01-27,9.8,9.8,142.0,142.0
2012-01-28,9.8,9.8,142.0,142.0
2012-01-29,9.8,9.8,142.0,142.0
2012-01-30,9.8,9.8,142.0,142.0
2012-01-31,9.8,9.8,142.0,142.0
2012-02-01,9.8,9.8,142.0,142.0
2012-02-02,9.8,9.8,142.0,142.0
2012-02-03,9.8,9.8,142.0,142.0
2012-02-04,9.8,9.8,142.0,142.0
2012-02-05,9.8,9.8,142.0,142.0
2012-02-06,9.8,9.8,142.0,142.0
2012-02-07,9.8,9.8,142.0,142.0
2012-02-08,9.8,9.8,142.0,142.0
2012-02-09,9.8,9.8,142.0,142.0
2012-02-10,9.8,9.8,142.0,142.0
2012-02-11,9.8,9.8,142.0,142.0
2012-02-12,9.8,9.8,142.0,142.0
2012-02-13,9.8,9.8,142.0,142.0
2012-02-14,9.8,9.8,142.0,142.0
2012-02-15,9.8,9.8,142.0,142.0
2012-02-16,9.8,9.8,142.0,142.0
2012-02-17,9.8,9.8,142.0,142.0
2012-02-18,9.8,9.8,142.0,142.0
2012-02-19,9.8,9.8,142.0,142.0
2012-02-20,9.8,9.8,142.0,142.0
2012-02-21,9.8,9.8,142.0,142.0
2012-02-22,9.8,9.8,142.0,142.0
2012-02-23,9.8,9.8,142.0,142.0
2012-02-24,9.8,9.8,142.0,142.0
2012-02-25,9.8,9.8,142.0,142.0
2012-02-26,9.8,9.8,142.0,142.0
2012-02-27,9.8,9.8,142.0,142.0
2012-02-28,9.8,9.8,142.0,142.0
2012-02-29,9.8,9.8,142.0,142.0
2012-03-01,9.8,9.8,142.0,142.0
2012-03-02,9.8,9.8,142.0,142.0
2012-03-03,9.8,9.8,142.0,142.0
2012-03-04,9.8,9.8,142.0,142.0
2012-03-05,9.8,9.8,142.0,142.0
2012-03-06,9.8,9.8,142.0,142.0
2012-03-07,9.8,9.8,142.0,142.0
2012-03-08,9.8,9.8,142.0,142.0
2012-03-09,9.8,9.8,142.0,142.0
2012-03-10,9.8,9.8,142.0,142.0
2012-03-11,9.8,9.8,142.0,142.0
2012-03-12,9.8,9.8,142.0,142.0
2012-03-13,9.8,9.8,142.0,142.0
2012-03-14,9.8,9.8,142.0,142.0
2012-03-15,9.8,9.8,142.0,142.0
2012-03-16,9.8,9.8,142.0,142.0
2012-03-17,9.8,9.8,142.0,142.0
2012-03-18,9.8,9.8,142.0,142.0
2012-03-19,9.8,9.8,142.0,142.0
2012-03-20,9.8,9.8,142.0,142.0
2012-03-21,9.8,9.8,142.0,142.0
2012-03-22,9.8,9.8,142.0,142.0
2012-03-23,9.8,9.8,142.0,142.0
2012-03-24,9.8,9.8,142.0,142.0
2012-03-25,9.8,9.8,142.0,142.0
2012-03-26,9.8,9.8,142.0,142.0
2012-03-27,9.8,9.8,142.0,142.0
2012-03-28,9.8,9.8,142.0,142.0
2012-03-29,9.8,9.8,142.0,142.0
2012-03-30,9.8,9.8,142.0,142.0
2012-03-31,9.8,9.8,142.0,142.0
2012-04-01,9.8,9.8,142.0,142.0
2012-04-02,9.8,9.8,142.0,142.0
2012-04-03,9.8,9.8,142.0,142.0
2012-04-04,9.8,9.8,142.0,142.0
2012-04-05,9.8,9.8,142.0,142.0
2012-04-06,9.8,9.8,142.0,142.0
2012-04-07,9.8,9.8,142.0,142.0
2012-04-08,9.8,9.8,142.0,142.0
2012-04-09,9.8,9.8,142.0,142.0
2012-04-10,9.8,9.8,142.0,142.0
2012-04-11,9.8,9.8,142.0,142.0
2012-04-12,9.8,9.8,142.0,142.0
2012-04-13,9.8,9.8,142.0,142.0
2012-04-14,9.8,9.8,142.0,142.0
2012-04-15,9.8,9.8,142.0,142.0
2012-04-16,9.8,9.8,142.0,142.0
2012-04-17,9.8,9.8,142.0,142.0
2012-04-18,9.8,9.8,142.0,142.0
2012-04-19,9.8,9.8,142.0,142.0
2012-04-20,9.8,9.8,142.0,142.0
2012-04-21,9.8,9.8,142.0,142.0
2012-04-22,9.8,9.8,142.0,142.0
2012-04-23,9.8,9.8,142.0,142.0
2012-04-24,9.8,9.8,142.0,142.0
2012-04-25,11.5,11.5,144.0378844998798,144.0378844998798
2012-04-26,11.5,11.5,144.96007740284642,144.96007740284642
2012-04-27,10.29573629505998,10.29573629505998,142.0,142.0
2012-04-28,9.8,9.8,142.0,142.0
2012-04-29,9.8,9.8,142.0,142.0
2012-04-30,9.8,9.8,142.0,142.0
2012-05-01,9.8,9.8,142.0,142.0
2012-05-02,9.8,9.8,142.0,142.0
2012-05-03,9.8,9.8,142.0,142.0
2012-05-04,9.8,9.8,142.0,142.0
2012-05-05,9.8,9.8,142.0,142.0
2012-05-06,9.8,9.8,142.0,142.0
2012-05-07,9.8,9.8,142.0,142.0
2012-05-08,9.8,9.8,142.0,142.0
2012-05-09,9.8,9.8,142.0,142.0
2012-05-10,9.8,9.8,142.0,142.0
2012-05-11,9.8,9.8,142.0,142.0
2012-05-12,9.824548182388869,9.824548182388869,142.0,142.0
2012-05-13,10.805270279588083,10.805270279588083,142.0,142.0
2012-05-14,11.5,11.5,142.18622884578014,142.18622884578014
2012-05-15,10.23828189746055,10.23828189746055,142.0,142.0
2012-05-16,9.8,9.8,142.0,142.0
2012-05-17,9.8,9.8,142.0,142.0
2012-05-18,9.8,9.8,142.0,142.0
2012-05-19,9.8,9.8,142.0,142.0
2012-05-20,9.8,9.8,142.0,142.0
2012-05-21,9.8,9.8,142.0,142.0
2012-05-22,9.8,9.8,142.0,142.0
2012-05-23,9.8,9.8,142.0,142.0
2012-05-24,9.8,9.8,142.0,142.0
2012-05-25,9.8,9.8,142.0,142.0
2012-05-26,9.8,9.8,142.0,142.0
2012-05-27,9.8,9.8,142.0,142.0
2012-05-28,9.8,9.8,142.0,142.0
2012-05-29,9.8,9.8,142.0,142.0
2012-05-30,9.8,9.8,142.0,142.0
2012-05-31,9.8,9.8,142.0,142.0
2012-06-01,9.8,9.8,142.0,142.0
2012-06-02,9.8,9.8,142.0,142.0
2012-06-03,9.8,9.8,142.0,142.0
2012-06-04,9.8,9.8,142.0,142.0
2012-06-05,9.8,9.8,142.0,142.0
2012-06-06,9.8,9.8,142.0,142.0
2012-06-07,9.8,9.8,142.0,142.0
2012-06-08,9.8,9.8,142.0,142.0
2012-06-09,9.8,9.8,142.0,142.0
2012-06-10,9.8,9.8,142.0,142.0
2012-06-11,9.8,9.8,142.0,142.0
2012-06-12,9.8,9.8,142.0,142.0
2012-06-13,9.8,9.8,142.0,142.0
2012-06-14,9.8,9.8,142.0,142.0
2012-06-15,9.8,9.8,142.0,142.0
2012-06-16,9.8,9.8,142.0,142.0
2012-06-17,9.8,9.8,142.0,142.0
2012-06-18,9.8,9.8,142.0,142.0
2012-06-19,9.8,9.8,142.0,142.0
2012-06-20,9.8,9.8,142.0,142.0
2012-06-21,9.8,9.8,142.0,142.0
2012-06-22,9.8,9.8,142.0,142.0
2012-06-23,9.8,9.8,142.0,142.0
2012-06-24,9.8,9.8,142.0,142.0
2012-06-25,9.8,9.8,142.0,142.0
2012-06-26,9.8,9.8,142.0,142.0
2012-06-27,9.8,9.8,142.0,142.0
2012-06-28,9.8,9.8,142.0,142.0
2012-06-29,9.8,9.8,142.0,142.0
2012-06-30,9.8,9.8,142.0,142.0
2012-07-01,9.8,9.8,142.0,142.0
2012-07-02,9.8,9.8,142.0,142.0
2012-07-03,9.8,9.8,142.0,142.0
2012-07-04,9.8,9.8,142.0,142.0
2012-07-05,9.8,9.8,142.0,142.0
2012-07-06,9.8,9.8,142.0,142.0
2012-07-07,9.8,9.8,142.0,142.0
2012-07-08,9.8,9.8,142.0,142.0
2012-07-09,9.8,9.8,142.0,142.0
2012-07-10,9.8,9.8,142.0,142.0
2012-07-11,9.8,9.8,142.0,142.0
2012-07-12,9.8,9.8,142.0,142.0
2012-07-13,9.8,9.8,142.0,142.0
2012-07-14,9.8,9.8,142.0,142.0
2012-07-15,9.8,9.8,142.0,142.0
2012-07-16,9.8,9.8,142.0,142.0
2012-07-17,9.8,9.8,142.0,142.0
2012-07-18,9.8,9.8,142.0,142.0
2012-07-19,9.8,9.8,142.0,142.0
2012-07-20,9.8,9.8,142.0,142.0
2012-07-21,9.8,9.8,142.0,142.0
2012-07-22,9.8,9.8,142.0,142.0
2012-07-23,9.8,9.8,142.0,142.0
2012-07-24,9.8,9.8,142.0,142.0
2012-07-25,9.8,9.8,142.0,142.0
2012-07-26,9.8,9.8,142.0,142.0
2012-07-27,9.8,9.8,142.0,142.0
2012-07-28,9.8,9.8,142.0,142.0
2012-07-29,9.8,9.8,142.0,142.0
2012-07-30,9.8,9.8,142.0,142.0
2012-07-31,9.8,9.8,142.0,142.0
2012-08-01,9.8,9.8,142.0,142.0
2012-08-02,9.8,9.8,142.0,142.0
2012-08-03,9.8,9.8,142.0,142.0
2012-08-04,9.8,9.8,142.0,142.0
2012-08-05,9.8,9.8,142.0,142.0
2012-08-06,9.8,9.8,142.0,142.0
2012-08-07,9.8,9.8,142.0,142.0
2012-08-08,9.8,9.8,142.0,142.0
2012-08-09,9.8,9.8,142.0,142.0
2012-08-10,9.8,9.8,142.0,142.0
2012-08-11,9.8,9.8,142.0,142.0
2012-08-12,9.8,9.8,142.0,142.0
2012-08-13,9.8,9.8,142.0,142.0
2012-08-14,9.8,9.8,142.0,142.0
2012-08-15,9.8,9.8,142.0,142.0
2012-08-16,9.8,9.8,142.0,142.0
2012-08-17,9.8,9.8,142.0,142.0
2012-08-18,9.8,9.8,142.0,142.0
2012-08-19,9.8,9.8,142.0,142.0
2012-08-20,9.8,9.8,142.0,142.0
2012-08-21,9.8,9.8,142.0,142.0
2012-08-22,9.8,9.8,142.0,142.0
2012-08-23,9.8,9.8,142.0,142.0
2012-08-24,9.8,9.8,142.0,142.0
2012-08-25,9.8,9.8,142.0,142.0
2012-08-26,9.8,9.8,142.0,142.0
2012-08-27,9.8,9.8,142.0,142.0
2012-08-28,9.8,9.8,142.0,142.0
2012-08-29,9.8,9.8,142.0,142.0
2012-08-30,9.8,9.8,142.0,142.0
2012-08-31,9.8,9.8,142.0,142.0
2012-09-01,9.8,9.8,142.0,142.0
2012-09-02,9.8,9.8,142.0,142.0
2012-09-03,9.8,9.8,142.0,142.0
2012-09-04,9.8,9.8,142.0,142.0
2012-09-05,9.8,9.8,142.0,142.0
2012-09-06,9.8,9.8,142.0,142.0
2012-09-07,9.8,9.8,142.0,142.0
2012-09-08,9.8,9.8,142.0,142.0
2012-09-09,9.8,9.8,142.0,142.0
2012-09-10,9.8,9.8,142.0,142.0
2012-09-11,9.8,9.8,142.0,142.0
2012-09-12,9.8,9.8,142.0,142.0
2012-09-13,9.8,9.8,142.0,142.0
2012-09-14,9.8,9.8,142.0,142.0
2012-09-15,9.8,9.8,142.0,142.0
2012-09-16,9.8,9.8,142.0,142.0
2012-09-17,9.8,9.8,142.0,142.0
2012-09-18,9.8,9.8,142.0,142.0
2012-09-19,9.8,9.8,142.0,142.0
2012-09-20,9.8,9.8,142.0,142.0
2012-09-21,9.8,9.8,142.0,142.0
2012-09-22,9.8,9.8,142.0,142.0
2012-09-23,9.8,9.8,142.0,142.0
2012-09-24,9.8,9.8,142.0,142.0
2012-09-25,9.8,9.8,142.0,142.0
2012-09-26,9.8,9.8,142.0,142.0
2012-09-27,9.8,9.8,142.0,142.0
2012-09-28,9.8,9.8,142.0,142.0
2012-09-29,9.8,9.8,142.0,142.0
2012-09-30,9.8,9.8,142.0,142.0
